Date,Close,High,Low,Open,Volume
1992-11-23,1455.0,1455.0,1455.0,1455.0,0
1992-11-24,1458.4000244140625,1458.4000244140625,1458.4000244140625,1458.4000244140625,0
1992-11-25,1467.9000244140625,1467.9000244140625,1467.9000244140625,1467.9000244140625,0
1992-11-26,1459.0,1459.0,1459.0,1459.0,0
1992-11-27,1458.9000244140625,1458.9000244140625,1458.9000244140625,1458.9000244140625,0
1992-11-30,1456.4000244140625,1456.4000244140625,1456.4000244140625,1456.4000244140625,0
1992-12-01,1452.300048828125,1452.300048828125,1452.300048828125,1452.300048828125,0
1992-12-02,1446.800048828125,1446.800048828125,1446.800048828125,1446.800048828125,0
1992-12-03,1442.0999755859375,1442.0999755859375,1442.0999755859375,1442.0999755859375,0
1992-12-04,1443.199951171875,1443.199951171875,1443.199951171875,1443.199951171875,0
1992-12-07,1454.300048828125,1454.300048828125,1454.300048828125,1454.300048828125,0
1992-12-08,1480.300048828125,1480.300048828125,1480.300048828125,1480.300048828125,0
1992-12-09,1494.9000244140625,1494.9000244140625,1494.9000244140625,1494.9000244140625,0
1992-12-10,1515.0999755859375,1515.0999755859375,1515.0999755859375,1515.0999755859375,0
1992-12-11,1513.300048828125,1513.300048828125,1513.300048828125,1513.300048828125,0
1992-12-14,1525.9000244140625,1525.9000244140625,1525.9000244140625,1525.9000244140625,0
1992-12-15,1522.300048828125,1522.300048828125,1522.300048828125,1522.300048828125,0
1992-12-16,1508.5,1508.5,1508.5,1508.5,0
1992-12-17,1512.0,1512.0,1512.0,1512.0,0
1992-12-18,1529.4000244140625,1529.4000244140625,1529.4000244140625,1529.4000244140625,0
1992-12-21,1551.699951171875,1551.699951171875,1551.699951171875,1551.699951171875,0
1992-12-22,1543.5,1543.5,1543.5,1543.5,0
1992-12-23,1536.4000244140625,1536.4000244140625,1536.4000244140625,1536.4000244140625,0
1992-12-24,1547.5999755859375,1547.5999755859375,1547.5999755859375,1547.5999755859375,0
1992-12-29,1553.5,1553.5,1553.5,1553.5,0
1992-12-30,1552.300048828125,1552.300048828125,1552.300048828125,1552.300048828125,0
1992-12-31,1564.699951171875,1564.699951171875,1564.699951171875,1564.699951171875,0
1993-01-04,1576.0999755859375,1576.0999755859375,1576.0999755859375,1576.0999755859375,0
1993-01-05,1579.9000244140625,1579.9000244140625,1579.9000244140625,1579.9000244140625,0
1993-01-06,1554.800048828125,1554.800048828125,1554.800048828125,1554.800048828125,0
1993-01-07,1542.0999755859375,1542.0999755859375,1542.0999755859375,1542.0999755859375,0
1993-01-08,1510.4000244140625,1510.4000244140625,1510.4000244140625,1510.4000244140625,0
1993-01-11,1523.5999755859375,1523.5999755859375,1523.5999755859375,1523.5999755859375,0
1993-01-12,1517.9000244140625,1517.9000244140625,1517.9000244140625,1517.9000244140625,0
1993-01-13,1502.199951171875,1502.199951171875,1502.199951171875,1502.199951171875,0
1993-01-14,1515.4000244140625,1515.4000244140625,1515.4000244140625,1515.4000244140625,0
1993-01-15,1534.0999755859375,1534.0999755859375,1534.0999755859375,1534.0999755859375,0
1993-01-18,1538.300048828125,1538.300048828125,1538.300048828125,1538.300048828125,0
1993-01-19,1527.5999755859375,1527.5999755859375,1527.5999755859375,1527.5999755859375,0
1993-01-20,1530.9000244140625,1530.9000244140625,1530.9000244140625,1530.9000244140625,0
1993-01-21,1528.4000244140625,1528.4000244140625,1528.4000244140625,1528.4000244140625,0
1993-01-22,1533.0,1533.0,1533.0,1533.0,0
1993-01-25,1532.800048828125,1532.800048828125,1532.800048828125,1532.800048828125,0
1993-01-26,1539.0999755859375,1539.0999755859375,1539.0999755859375,1539.0999755859375,0
1993-01-27,1544.4000244140625,1544.4000244140625,1544.4000244140625,1544.4000244140625,0
1993-01-28,1536.0999755859375,1536.0999755859375,1536.0999755859375,1536.0999755859375,0
1993-01-29,1536.5,1536.5,1536.5,1536.5,0
1993-02-01,1538.300048828125,1538.300048828125,1538.300048828125,1538.300048828125,0
1993-02-02,1538.300048828125,1538.300048828125,1538.300048828125,1538.300048828125,0
1993-02-03,1538.5,1538.5,1538.5,1538.5,0
1993-02-04,1540.0,1540.0,1540.0,1540.0,0
1993-02-05,1552.5,1552.5,1552.5,1552.5,0
1993-02-08,1568.5,1568.5,1568.5,1568.5,0
1993-02-09,1595.0999755859375,1595.0999755859375,1595.0999755859375,1595.0999755859375,0
1993-02-10,1602.0,1602.0,1602.0,1602.0,0
1993-02-11,1610.0999755859375,1610.0999755859375,1610.0999755859375,1610.0999755859375,0
1993-02-12,1614.300048828125,1614.300048828125,1614.300048828125,1614.300048828125,0
1993-02-15,1607.199951171875,1607.199951171875,1607.199951171875,1607.199951171875,0
1993-02-16,1623.9000244140625,1623.9000244140625,1623.9000244140625,1623.9000244140625,0
1993-02-17,1612.800048828125,1612.800048828125,1612.800048828125,1612.800048828125,0
1993-02-18,1618.4000244140625,1618.4000244140625,1618.4000244140625,1618.4000244140625,0
1993-02-19,1604.300048828125,1604.300048828125,1604.300048828125,1604.300048828125,0
1993-02-22,1615.699951171875,1615.699951171875,1615.699951171875,1615.699951171875,0
1993-02-23,1619.5,1619.5,1619.5,1619.5,0
1993-02-24,1615.199951171875,1615.199951171875,1615.199951171875,1615.199951171875,0
1993-02-25,1617.0,1617.0,1617.0,1617.0,0
1993-02-26,1620.199951171875,1620.199951171875,1620.199951171875,1620.199951171875,0
1993-03-01,1652.800048828125,1652.800048828125,1652.800048828125,1652.800048828125,0
1993-03-02,1658.0,1658.0,1658.0,1658.0,0
1993-03-03,1637.300048828125,1637.300048828125,1637.300048828125,1637.300048828125,0
1993-03-04,1633.9000244140625,1633.9000244140625,1633.9000244140625,1633.9000244140625,0
1993-03-05,1623.5999755859375,1623.5999755859375,1623.5999755859375,1623.5999755859375,0
1993-03-08,1626.5,1626.5,1626.5,1626.5,0
1993-03-09,1644.0999755859375,1644.0999755859375,1644.0999755859375,1644.0999755859375,0
1993-03-10,1658.5999755859375,1658.5999755859375,1658.5999755859375,1658.5999755859375,0
1993-03-11,1672.800048828125,1672.800048828125,1672.800048828125,1672.800048828125,0
1993-03-12,1671.9000244140625,1671.9000244140625,1671.9000244140625,1671.9000244140625,0
1993-03-15,1635.300048828125,1635.300048828125,1635.300048828125,1635.300048828125,0
1993-03-16,1669.199951171875,1669.199951171875,1669.199951171875,1669.199951171875,0
1993-03-17,1687.0999755859375,1687.0999755859375,1687.0999755859375,1687.0999755859375,0
1993-03-18,1681.5999755859375,1681.5999755859375,1681.5999755859375,1681.5999755859375,0
1993-03-19,1689.699951171875,1689.699951171875,1689.699951171875,1689.699951171875,0
1993-03-22,1674.9000244140625,1674.9000244140625,1674.9000244140625,1674.9000244140625,0
1993-03-23,1670.0,1670.0,1670.0,1670.0,0
1993-03-24,1673.699951171875,1673.699951171875,1673.699951171875,1673.699951171875,0
1993-03-25,1670.699951171875,1670.699951171875,1670.699951171875,1670.699951171875,0
1993-03-26,1685.5999755859375,1685.5999755859375,1685.5999755859375,1685.5999755859375,0
1993-03-29,1686.300048828125,1686.300048828125,1686.300048828125,1686.300048828125,0
1993-03-30,1687.199951171875,1687.199951171875,1687.199951171875,1687.199951171875,0
1993-03-31,1674.5,1674.5,1674.5,1674.5,0
1993-04-01,1676.4000244140625,1676.4000244140625,1676.4000244140625,1676.4000244140625,0
1993-04-02,1692.300048828125,1692.300048828125,1692.300048828125,1692.300048828125,0
1993-04-05,1678.699951171875,1678.699951171875,1678.699951171875,1678.699951171875,0
1993-04-06,1665.9000244140625,1665.9000244140625,1665.9000244140625,1665.9000244140625,0
1993-04-07,1662.0,1662.0,1662.0,1662.0,0
1993-04-08,1674.300048828125,1674.300048828125,1674.300048828125,1674.300048828125,0
1993-04-13,1699.199951171875,1699.199951171875,1699.199951171875,1699.199951171875,0
1993-04-14,1714.699951171875,1714.699951171875,1714.699951171875,1714.699951171875,0
1993-04-15,1713.4000244140625,1713.4000244140625,1713.4000244140625,1713.4000244140625,0
1993-04-16,1713.4000244140625,1713.4000244140625,1713.4000244140625,1713.4000244140625,0
1993-04-19,1705.5,1705.5,1705.5,1705.5,0
1993-04-20,1712.699951171875,1712.699951171875,1712.699951171875,1712.699951171875,0
1993-04-21,1702.4000244140625,1702.4000244140625,1702.4000244140625,1702.4000244140625,0
1993-04-22,1714.4000244140625,1714.4000244140625,1714.4000244140625,1714.4000244140625,0
1993-04-23,1710.9000244140625,1710.9000244140625,1710.9000244140625,1710.9000244140625,0
1993-04-26,1716.0,1716.0,1716.0,1716.0,0
1993-04-27,1709.0999755859375,1709.0999755859375,1709.0999755859375,1709.0999755859375,0
1993-04-28,1709.199951171875,1709.199951171875,1709.199951171875,1709.199951171875,0
1993-04-29,1684.0,1684.0,1684.0,1684.0,0
1993-04-30,1685.199951171875,1685.199951171875,1685.199951171875,1685.199951171875,0
1993-05-03,1668.699951171875,1668.699951171875,1668.699951171875,1668.699951171875,0
1993-05-04,1668.0999755859375,1668.0999755859375,1668.0999755859375,1668.0999755859375,0
1993-05-05,1678.5,1678.5,1678.5,1678.5,0
1993-05-06,1696.0,1696.0,1696.0,1696.0,0
1993-05-07,1688.5,1688.5,1688.5,1688.5,0
1993-05-10,1673.9000244140625,1673.9000244140625,1673.9000244140625,1673.9000244140625,0
1993-05-11,1689.5,1689.5,1689.5,1689.5,0
1993-05-12,1698.300048828125,1698.300048828125,1698.300048828125,1698.300048828125,0
1993-05-13,1696.199951171875,1696.199951171875,1696.199951171875,1696.199951171875,0
1993-05-14,1698.9000244140625,1698.9000244140625,1698.9000244140625,1698.9000244140625,0
1993-05-17,1686.199951171875,1686.199951171875,1686.199951171875,1686.199951171875,0
1993-05-18,1676.4000244140625,1676.4000244140625,1676.4000244140625,1676.4000244140625,0
1993-05-19,1680.199951171875,1680.199951171875,1680.199951171875,1680.199951171875,0
1993-05-20,1682.0999755859375,1682.0999755859375,1682.0999755859375,1682.0999755859375,0
1993-05-21,1695.0999755859375,1695.0999755859375,1695.0999755859375,1695.0999755859375,0
1993-05-24,1683.699951171875,1683.699951171875,1683.699951171875,1683.699951171875,0
1993-05-25,1698.199951171875,1698.199951171875,1698.199951171875,1698.199951171875,0
1993-05-26,1719.5,1719.5,1719.5,1719.5,0
1993-05-27,1753.4000244140625,1753.4000244140625,1753.4000244140625,1753.4000244140625,0
1993-05-28,1762.5,1762.5,1762.5,1762.5,0
1993-05-31,1737.4000244140625,1737.4000244140625,1737.4000244140625,1737.4000244140625,0
1993-06-01,1732.800048828125,1732.800048828125,1732.800048828125,1732.800048828125,0
1993-06-02,1742.5999755859375,1742.5999755859375,1742.5999755859375,1742.5999755859375,0
1993-06-03,1741.199951171875,1741.199951171875,1741.199951171875,1741.199951171875,0
1993-06-04,1739.800048828125,1739.800048828125,1739.800048828125,1739.800048828125,0
1993-06-07,1736.9000244140625,1736.9000244140625,1736.9000244140625,1736.9000244140625,0
1993-06-08,1721.9000244140625,1721.9000244140625,1721.9000244140625,1721.9000244140625,0
1993-06-09,1708.699951171875,1708.699951171875,1708.699951171875,1708.699951171875,0
1993-06-10,1713.5999755859375,1713.5999755859375,1713.5999755859375,1713.5999755859375,0
1993-06-11,1715.0999755859375,1715.0999755859375,1715.0999755859375,1715.0999755859375,0
1993-06-15,1726.5,1726.5,1726.5,1726.5,0
1993-06-16,1726.0,1726.0,1726.0,1726.0,0
1993-06-17,1728.0,1728.0,1728.0,1728.0,0
1993-06-18,1730.5,1730.5,1730.5,1730.5,0
1993-06-21,1726.800048828125,1726.800048828125,1726.800048828125,1726.800048828125,0
1993-06-22,1715.9000244140625,1715.9000244140625,1715.9000244140625,1715.9000244140625,0
1993-06-23,1697.699951171875,1697.699951171875,1697.699951171875,1697.699951171875,0
1993-06-24,1698.4000244140625,1698.4000244140625,1698.4000244140625,1698.4000244140625,0
1993-06-25,1699.0999755859375,1699.0999755859375,1699.0999755859375,1699.0999755859375,0
1993-06-28,1714.5999755859375,1714.5999755859375,1714.5999755859375,1714.5999755859375,0
1993-06-29,1716.800048828125,1716.800048828125,1716.800048828125,1716.800048828125,0
1993-06-30,1734.5999755859375,1734.5999755859375,1734.5999755859375,1734.5999755859375,0
1993-07-01,1752.300048828125,1752.300048828125,1752.300048828125,1752.300048828125,0
1993-07-02,1764.0,1764.0,1764.0,1764.0,0
1993-07-05,1759.5999755859375,1759.5999755859375,1759.5999755859375,1759.5999755859375,0
1993-07-06,1757.300048828125,1757.300048828125,1757.300048828125,1757.300048828125,0
1993-07-07,1765.699951171875,1765.699951171875,1765.699951171875,1765.699951171875,0
1993-07-08,1775.800048828125,1775.800048828125,1775.800048828125,1775.800048828125,0
1993-07-09,1776.9000244140625,1776.9000244140625,1776.9000244140625,1776.9000244140625,0
1993-07-12,1797.5,1797.5,1797.5,1797.5,0
1993-07-13,1799.9000244140625,1799.9000244140625,1799.9000244140625,1799.9000244140625,0
1993-07-14,1801.300048828125,1801.300048828125,1801.300048828125,1801.300048828125,0
1993-07-15,1802.699951171875,1802.699951171875,1802.699951171875,1802.699951171875,0
1993-07-16,1796.800048828125,1796.800048828125,1796.800048828125,1796.800048828125,0
1993-07-19,1794.300048828125,1794.300048828125,1794.300048828125,1794.300048828125,0
1993-07-20,1803.800048828125,1803.800048828125,1803.800048828125,1803.800048828125,0
1993-07-21,1815.4000244140625,1815.4000244140625,1815.4000244140625,1815.4000244140625,0
1993-07-22,1799.5,1799.5,1799.5,1799.5,0
1993-07-23,1804.4000244140625,1804.4000244140625,1804.4000244140625,1804.4000244140625,0
1993-07-26,1792.5,1792.5,1792.5,1792.5,0
1993-07-27,1810.300048828125,1810.300048828125,1810.300048828125,1810.300048828125,0
1993-07-28,1814.300048828125,1814.300048828125,1814.300048828125,1814.300048828125,0
1993-07-29,1824.0999755859375,1824.0999755859375,1824.0999755859375,1824.0999755859375,0
1993-07-30,1837.0999755859375,1837.0999755859375,1837.0999755859375,1837.0999755859375,0
1993-08-02,1846.699951171875,1846.699951171875,1846.699951171875,1846.699951171875,0
1993-08-03,1847.0999755859375,1847.0999755859375,1847.0999755859375,1847.0999755859375,0
1993-08-04,1853.199951171875,1853.199951171875,1853.199951171875,1853.199951171875,0
1993-08-05,1857.0,1857.0,1857.0,1857.0,0
1993-08-06,1836.0,1836.0,1836.0,1836.0,0
1993-08-09,1837.199951171875,1837.199951171875,1837.199951171875,1837.199951171875,0
1993-08-10,1852.0999755859375,1852.0999755859375,1852.0999755859375,1852.0999755859375,0
1993-08-11,1853.800048828125,1853.800048828125,1853.800048828125,1853.800048828125,0
1993-08-12,1868.199951171875,1868.199951171875,1868.199951171875,1868.199951171875,0
1993-08-13,1852.5999755859375,1852.5999755859375,1852.5999755859375,1852.5999755859375,0
1993-08-16,1867.199951171875,1867.199951171875,1867.199951171875,1867.199951171875,0
1993-08-17,1881.0999755859375,1881.0999755859375,1881.0999755859375,1881.0999755859375,0
1993-08-18,1891.300048828125,1891.300048828125,1891.300048828125,1891.300048828125,0
1993-08-19,1924.0,1924.0,1924.0,1924.0,0
1993-08-20,1923.9000244140625,1923.9000244140625,1923.9000244140625,1923.9000244140625,0
1993-08-23,1929.5,1929.5,1929.5,1929.5,0
1993-08-24,1919.5,1919.5,1919.5,1919.5,0
1993-08-25,1916.9000244140625,1916.9000244140625,1916.9000244140625,1916.9000244140625,0
1993-08-26,1937.4000244140625,1937.4000244140625,1937.4000244140625,1937.4000244140625,0
1993-08-27,1946.800048828125,1946.800048828125,1946.800048828125,1946.800048828125,0
1993-08-30,1955.0,1955.0,1955.0,1955.0,0
1993-08-31,1961.5999755859375,1961.5999755859375,1961.5999755859375,1961.5999755859375,0
1993-09-01,1977.300048828125,1977.300048828125,1977.300048828125,1977.300048828125,0
1993-09-02,1968.5,1968.5,1968.5,1968.5,0
1993-09-03,1953.0,1953.0,1953.0,1953.0,0
1993-09-06,1919.5,1919.5,1919.5,1919.5,0
1993-09-07,1923.5999755859375,1923.5999755859375,1923.5999755859375,1923.5999755859375,0
1993-09-08,1895.699951171875,1895.699951171875,1895.699951171875,1895.699951171875,0
1993-09-09,1888.300048828125,1888.300048828125,1888.300048828125,1888.300048828125,0
1993-09-10,1896.5999755859375,1896.5999755859375,1896.5999755859375,1896.5999755859375,0
1993-09-13,1893.800048828125,1893.800048828125,1893.800048828125,1893.800048828125,0
1993-09-14,1870.0999755859375,1870.0999755859375,1870.0999755859375,1870.0999755859375,0
1993-09-15,1859.0999755859375,1859.0999755859375,1859.0999755859375,1859.0999755859375,0
1993-09-16,1856.5,1856.5,1856.5,1856.5,0
1993-09-17,1879.699951171875,1879.699951171875,1879.699951171875,1879.699951171875,0
1993-09-20,1878.4000244140625,1878.4000244140625,1878.4000244140625,1878.4000244140625,0
1993-09-21,1880.699951171875,1880.699951171875,1880.699951171875,1880.699951171875,0
1993-09-22,1874.699951171875,1874.699951171875,1874.699951171875,1874.699951171875,0
1993-09-23,1884.5,1884.5,1884.5,1884.5,0
1993-09-24,1902.300048828125,1902.300048828125,1902.300048828125,1902.300048828125,0
1993-09-27,1897.699951171875,1897.699951171875,1897.699951171875,1897.699951171875,0
1993-09-28,1896.9000244140625,1896.9000244140625,1896.9000244140625,1896.9000244140625,0
1993-09-29,1906.800048828125,1906.800048828125,1906.800048828125,1906.800048828125,0
1993-09-30,1919.800048828125,1919.800048828125,1919.800048828125,1919.800048828125,0
1993-10-01,1928.800048828125,1928.800048828125,1928.800048828125,1928.800048828125,0
1993-10-04,1932.5,1932.5,1932.5,1932.5,0
1993-10-05,1955.5999755859375,1955.5999755859375,1955.5999755859375,1955.5999755859375,0
1993-10-06,1975.199951171875,1975.199951171875,1975.199951171875,1975.199951171875,0
1993-10-07,1976.5,1976.5,1976.5,1976.5,0
1993-10-08,1981.4000244140625,1981.4000244140625,1981.4000244140625,1981.4000244140625,0
1993-10-11,1994.0999755859375,1994.0999755859375,1994.0999755859375,1994.0999755859375,0
1993-10-12,1982.0,1982.0,1982.0,1982.0,0
1993-10-13,1993.0,1993.0,1993.0,1993.0,0
1993-10-14,2017.300048828125,2017.300048828125,2017.300048828125,2017.300048828125,0
1993-10-15,2029.9000244140625,2029.9000244140625,2029.9000244140625,2029.9000244140625,0
1993-10-18,2041.300048828125,2041.300048828125,2041.300048828125,2041.300048828125,0
1993-10-19,2030.800048828125,2030.800048828125,2030.800048828125,2030.800048828125,0
1993-10-20,2006.199951171875,2006.199951171875,2006.199951171875,2006.199951171875,0
1993-10-21,2014.0999755859375,2014.0999755859375,2014.0999755859375,2014.0999755859375,0
1993-10-22,2015.4000244140625,2015.4000244140625,2015.4000244140625,2015.4000244140625,0
1993-10-25,2001.300048828125,2001.300048828125,2001.300048828125,2001.300048828125,0
1993-10-26,2011.699951171875,2011.699951171875,2011.699951171875,2011.699951171875,0
1993-10-27,2025.5999755859375,2025.5999755859375,2025.5999755859375,2025.5999755859375,0
1993-10-28,2033.9000244140625,2033.9000244140625,2033.9000244140625,2033.9000244140625,0
1993-10-29,2070.60009765625,2070.60009765625,2070.60009765625,2070.60009765625,0
1993-11-01,2091.699951171875,2091.699951171875,2091.699951171875,2091.699951171875,0
1993-11-02,2084.10009765625,2084.10009765625,2084.10009765625,2084.10009765625,0
1993-11-03,2065.699951171875,2065.699951171875,2065.699951171875,2065.699951171875,0
1993-11-04,2058.800048828125,2058.800048828125,2058.800048828125,2058.800048828125,0
1993-11-05,2037.0999755859375,2037.0999755859375,2037.0999755859375,2037.0999755859375,0
1993-11-08,2009.699951171875,2009.699951171875,2009.699951171875,2009.699951171875,0
1993-11-09,2005.5,2005.5,2005.5,2005.5,0
1993-11-10,1997.5,1997.5,1997.5,1997.5,0
1993-11-11,2007.4000244140625,2007.4000244140625,2007.4000244140625,2007.4000244140625,0
1993-11-12,2029.5,2029.5,2029.5,2029.5,0
1993-11-15,2022.199951171875,2022.199951171875,2022.199951171875,2022.199951171875,0
1993-11-16,2023.0,2023.0,2023.0,2023.0,0
1993-11-17,2044.300048828125,2044.300048828125,2044.300048828125,2044.300048828125,0
1993-11-18,2048.60009765625,2048.60009765625,2048.60009765625,2048.60009765625,0
1993-11-19,2022.9000244140625,2022.9000244140625,2022.9000244140625,2022.9000244140625,0
1993-11-22,1988.9000244140625,1988.9000244140625,1988.9000244140625,1988.9000244140625,0
1993-11-23,1950.199951171875,1950.199951171875,1950.199951171875,1950.199951171875,0
1993-11-24,1972.5999755859375,1972.5999755859375,1972.5999755859375,1972.5999755859375,0
1993-11-25,1982.5999755859375,1982.5999755859375,1982.5999755859375,1982.5999755859375,0
1993-11-26,1986.0999755859375,1986.0999755859375,1986.0999755859375,1986.0999755859375,0
1993-11-29,1952.800048828125,1952.800048828125,1952.800048828125,1952.800048828125,0
1993-11-30,1953.699951171875,1953.699951171875,1953.699951171875,1953.699951171875,0
1993-12-01,1949.0,1949.0,1949.0,1949.0,0
1993-12-02,1993.5,1993.5,1993.5,1993.5,0
1993-12-03,1991.9000244140625,1991.9000244140625,1991.9000244140625,1991.9000244140625,0
1993-12-06,1998.9000244140625,1998.9000244140625,1998.9000244140625,1998.9000244140625,0
1993-12-07,2019.0999755859375,2019.0999755859375,2019.0999755859375,2019.0999755859375,0
1993-12-08,2044.5999755859375,2044.5999755859375,2044.5999755859375,2044.5999755859375,0
1993-12-09,2041.300048828125,2041.300048828125,2041.300048828125,2041.300048828125,0
1993-12-10,2030.9000244140625,2030.9000244140625,2030.9000244140625,2030.9000244140625,0
1993-12-13,2039.5999755859375,2039.5999755859375,2039.5999755859375,2039.5999755859375,0
1993-12-14,2028.9000244140625,2028.9000244140625,2028.9000244140625,2028.9000244140625,0
1993-12-15,2011.300048828125,2011.300048828125,2011.300048828125,2011.300048828125,0
1993-12-16,2016.9000244140625,2016.9000244140625,2016.9000244140625,2016.9000244140625,0
1993-12-17,2023.699951171875,2023.699951171875,2023.699951171875,2023.699951171875,0
1993-12-20,2018.699951171875,2018.699951171875,2018.699951171875,2018.699951171875,0
1993-12-21,2007.5,2007.5,2007.5,2007.5,0
1993-12-22,1992.0999755859375,1992.0999755859375,1992.0999755859375,1992.0999755859375,0
1993-12-23,2009.199951171875,2009.199951171875,2009.199951171875,2009.199951171875,0
1993-12-24,2031.4000244140625,2031.4000244140625,2031.4000244140625,2031.4000244140625,0
1993-12-29,2069.800048828125,2069.800048828125,2069.800048828125,2069.800048828125,0
1993-12-30,2095.800048828125,2095.800048828125,2095.800048828125,2095.800048828125,0
1993-12-31,2113.60009765625,2113.60009765625,2113.60009765625,2113.60009765625,0
1994-01-04,2115.39990234375,2115.39990234375,2115.39990234375,2115.39990234375,0
1994-01-05,2132.0,2132.0,2132.0,2132.0,0
1994-01-06,2138.699951171875,2138.699951171875,2138.699951171875,2138.699951171875,0
1994-01-07,2124.0,2124.0,2124.0,2124.0,0
1994-01-10,2135.800048828125,2135.800048828125,2135.800048828125,2135.800048828125,0
1994-01-11,2143.199951171875,2143.199951171875,2143.199951171875,2143.199951171875,0
1994-01-12,2131.10009765625,2131.10009765625,2131.10009765625,2131.10009765625,0
1994-01-13,2112.800048828125,2112.800048828125,2112.800048828125,2112.800048828125,0
1994-01-14,2141.800048828125,2141.800048828125,2141.800048828125,2141.800048828125,0
1994-01-17,2175.300048828125,2175.300048828125,2175.300048828125,2175.300048828125,0
1994-01-18,2167.5,2167.5,2167.5,2167.5,0
1994-01-19,2183.39990234375,2183.39990234375,2183.39990234375,2183.39990234375,0
1994-01-20,2199.60009765625,2199.60009765625,2199.60009765625,2199.60009765625,0
1994-01-21,2182.699951171875,2182.699951171875,2182.699951171875,2182.699951171875,0
1994-01-24,2156.699951171875,2156.699951171875,2156.699951171875,2156.699951171875,0
1994-01-25,2154.10009765625,2154.10009765625,2154.10009765625,2154.10009765625,0
1994-01-27,2181.39990234375,2181.39990234375,2181.39990234375,2181.39990234375,0
1994-01-28,2191.699951171875,2191.699951171875,2191.699951171875,2191.699951171875,0
1994-01-31,2244.39990234375,2244.39990234375,2244.39990234375,2244.39990234375,0
1994-02-01,2244.199951171875,2244.199951171875,2244.199951171875,2244.199951171875,0
1994-02-02,2245.199951171875,2245.199951171875,2245.199951171875,2245.199951171875,0
1994-02-03,2275.60009765625,2275.60009765625,2275.60009765625,2275.60009765625,0
1994-02-04,2266.300048828125,2266.300048828125,2266.300048828125,2266.300048828125,0
1994-02-07,2215.199951171875,2215.199951171875,2215.199951171875,2215.199951171875,0
1994-02-08,2239.0,2239.0,2239.0,2239.0,0
1994-02-09,2203.0,2203.0,2203.0,2203.0,0
1994-02-10,2166.10009765625,2166.10009765625,2166.10009765625,2166.10009765625,0
1994-02-11,2173.199951171875,2173.199951171875,2173.199951171875,2173.199951171875,0
1994-02-14,2170.89990234375,2170.89990234375,2170.89990234375,2170.89990234375,0
1994-02-15,2165.699951171875,2165.699951171875,2165.699951171875,2165.699951171875,0
1994-02-16,2179.10009765625,2179.10009765625,2179.10009765625,2179.10009765625,0
1994-02-17,2170.10009765625,2170.10009765625,2170.10009765625,2170.10009765625,0
1994-02-18,2152.60009765625,2152.60009765625,2152.60009765625,2152.60009765625,0
1994-02-21,2108.699951171875,2108.699951171875,2108.699951171875,2108.699951171875,0
1994-02-22,2134.10009765625,2134.10009765625,2134.10009765625,2134.10009765625,0
1994-02-23,2150.300048828125,2150.300048828125,2150.300048828125,2150.300048828125,0
1994-02-24,2127.699951171875,2127.699951171875,2127.699951171875,2127.699951171875,0
1994-02-25,2079.0,2079.0,2079.0,2079.0,0
1994-02-28,2112.0,2112.0,2112.0,2112.0,0
1994-03-01,2112.0,2112.0,2112.0,2112.0,0
1994-03-02,2084.199951171875,2084.199951171875,2084.199951171875,2084.199951171875,0
1994-03-03,2082.39990234375,2082.39990234375,2082.39990234375,2082.39990234375,0
1994-03-04,2048.10009765625,2048.10009765625,2048.10009765625,2048.10009765625,0
1994-03-07,2077.0,2077.0,2077.0,2077.0,0
1994-03-08,2103.60009765625,2103.60009765625,2103.60009765625,2103.60009765625,0
1994-03-09,2081.300048828125,2081.300048828125,2081.300048828125,2081.300048828125,0
1994-03-10,2088.10009765625,2088.10009765625,2088.10009765625,2088.10009765625,0
1994-03-11,2084.0,2084.0,2084.0,2084.0,0
1994-03-14,2110.800048828125,2110.800048828125,2110.800048828125,2110.800048828125,0
1994-03-15,2102.699951171875,2102.699951171875,2102.699951171875,2102.699951171875,0
1994-03-16,2104.300048828125,2104.300048828125,2104.300048828125,2104.300048828125,0
1994-03-17,2095.5,2095.5,2095.5,2095.5,0
1994-03-18,2093.699951171875,2093.699951171875,2093.699951171875,2093.699951171875,0
1994-03-21,2069.300048828125,2069.300048828125,2069.300048828125,2069.300048828125,0
1994-03-22,2070.300048828125,2070.300048828125,2070.300048828125,2070.300048828125,0
1994-03-23,2110.5,2110.5,2110.5,2110.5,0
1994-03-24,2098.89990234375,2098.89990234375,2098.89990234375,2098.89990234375,0
1994-03-25,2078.5,2078.5,2078.5,2078.5,0
1994-03-28,2035.699951171875,2035.699951171875,2035.699951171875,2035.699951171875,0
1994-03-29,2027.800048828125,2027.800048828125,2027.800048828125,2027.800048828125,0
1994-03-30,2021.5,2021.5,2021.5,2021.5,0
1994-03-31,1980.0999755859375,1980.0999755859375,1980.0999755859375,1980.0999755859375,0
1994-04-05,1980.5999755859375,1980.5999755859375,1980.5999755859375,1980.5999755859375,0
1994-04-06,2014.4000244140625,2014.4000244140625,2014.4000244140625,2014.4000244140625,0
1994-04-07,2016.5,2016.5,2016.5,2016.5,0
1994-04-08,2011.199951171875,2011.199951171875,2011.199951171875,2011.199951171875,0
1994-04-11,2005.699951171875,2005.699951171875,2005.699951171875,2005.699951171875,0
1994-04-12,2026.800048828125,2026.800048828125,2026.800048828125,2026.800048828125,0
1994-04-13,2048.10009765625,2048.10009765625,2048.10009765625,2048.10009765625,0
1994-04-14,2027.9000244140625,2027.9000244140625,2027.9000244140625,2027.9000244140625,0
1994-04-15,2013.9000244140625,2013.9000244140625,2013.9000244140625,2013.9000244140625,0
1994-04-18,2030.800048828125,2030.800048828125,2030.800048828125,2030.800048828125,0
1994-04-19,1997.0,1997.0,1997.0,1997.0,0
1994-04-20,1982.0999755859375,1982.0999755859375,1982.0999755859375,1982.0999755859375,0
1994-04-21,1966.800048828125,1966.800048828125,1966.800048828125,1966.800048828125,0
1994-04-22,1979.300048828125,1979.300048828125,1979.300048828125,1979.300048828125,0
1994-04-26,2006.800048828125,2006.800048828125,2006.800048828125,2006.800048828125,0
1994-04-27,1997.800048828125,1997.800048828125,1997.800048828125,1997.800048828125,0
1994-04-28,2007.9000244140625,2007.9000244140625,2007.9000244140625,2007.9000244140625,0
1994-04-29,2004.199951171875,2004.199951171875,2004.199951171875,2004.199951171875,0
1994-05-02,1986.300048828125,1986.300048828125,1986.300048828125,1986.300048828125,0
1994-05-03,1983.5999755859375,1983.5999755859375,1983.5999755859375,1983.5999755859375,0
1994-05-04,1958.199951171875,1958.199951171875,1958.199951171875,1958.199951171875,0
1994-05-05,1928.699951171875,1928.699951171875,1928.699951171875,1928.699951171875,0
1994-05-06,1944.800048828125,1944.800048828125,1944.800048828125,1944.800048828125,0
1994-05-09,1948.300048828125,1948.300048828125,1948.300048828125,1948.300048828125,0
1994-05-10,1946.5999755859375,1946.5999755859375,1946.5999755859375,1946.5999755859375,0
1994-05-11,1974.0999755859375,1974.0999755859375,1974.0999755859375,1974.0999755859375,0
1994-05-12,1981.800048828125,1981.800048828125,1981.800048828125,1981.800048828125,0
1994-05-13,2010.800048828125,2010.800048828125,2010.800048828125,2010.800048828125,0
1994-05-16,2051.800048828125,2051.800048828125,2051.800048828125,2051.800048828125,0
1994-05-17,2036.199951171875,2036.199951171875,2036.199951171875,2036.199951171875,0
1994-05-18,2047.4000244140625,2047.4000244140625,2047.4000244140625,2047.4000244140625,0
1994-05-19,2032.0,2032.0,2032.0,2032.0,0
1994-05-20,2043.800048828125,2043.800048828125,2043.800048828125,2043.800048828125,0
1994-05-23,2060.699951171875,2060.699951171875,2060.699951171875,2060.699951171875,0
1994-05-24,2072.10009765625,2072.10009765625,2072.10009765625,2072.10009765625,0
1994-05-25,2045.4000244140625,2045.4000244140625,2045.4000244140625,2045.4000244140625,0
1994-05-26,2035.4000244140625,2035.4000244140625,2035.4000244140625,2035.4000244140625,0
1994-05-27,2041.9000244140625,2041.9000244140625,2041.9000244140625,2041.9000244140625,0
1994-05-30,2032.5,2032.5,2032.5,2032.5,0
1994-05-31,2021.199951171875,2021.199951171875,2021.199951171875,2021.199951171875,0
1994-06-01,2036.5,2036.5,2036.5,2036.5,0
1994-06-02,2015.699951171875,2015.699951171875,2015.699951171875,2015.699951171875,0
1994-06-03,2017.199951171875,2017.199951171875,2017.199951171875,2017.199951171875,0
1994-06-06,2011.199951171875,2011.199951171875,2011.199951171875,2011.199951171875,0
1994-06-07,2008.800048828125,2008.800048828125,2008.800048828125,2008.800048828125,0
1994-06-08,2018.4000244140625,2018.4000244140625,2018.4000244140625,2018.4000244140625,0
1994-06-09,2015.5999755859375,2015.5999755859375,2015.5999755859375,2015.5999755859375,0
1994-06-10,2009.9000244140625,2009.9000244140625,2009.9000244140625,2009.9000244140625,0
1994-06-14,2017.800048828125,2017.800048828125,2017.800048828125,2017.800048828125,0
1994-06-15,2015.4000244140625,2015.4000244140625,2015.4000244140625,2015.4000244140625,0
1994-06-16,1996.5,1996.5,1996.5,1996.5,0
1994-06-17,1991.9000244140625,1991.9000244140625,1991.9000244140625,1991.9000244140625,0
1994-06-20,1964.4000244140625,1964.4000244140625,1964.4000244140625,1964.4000244140625,0
1994-06-21,1934.9000244140625,1934.9000244140625,1934.9000244140625,1934.9000244140625,0
1994-06-22,1953.300048828125,1953.300048828125,1953.300048828125,1953.300048828125,0
1994-06-23,1966.5999755859375,1966.5999755859375,1966.5999755859375,1966.5999755859375,0
1994-06-24,1962.0,1962.0,1962.0,1962.0,0
1994-06-27,1901.300048828125,1901.300048828125,1901.300048828125,1901.300048828125,0
1994-06-28,1916.800048828125,1916.800048828125,1916.800048828125,1916.800048828125,0
1994-06-29,1917.300048828125,1917.300048828125,1917.300048828125,1917.300048828125,0
1994-06-30,1931.0999755859375,1931.0999755859375,1931.0999755859375,1931.0999755859375,0
1994-07-01,1907.800048828125,1907.800048828125,1907.800048828125,1907.800048828125,0
1994-07-04,1929.9000244140625,1929.9000244140625,1929.9000244140625,1929.9000244140625,0
1994-07-05,1945.300048828125,1945.300048828125,1945.300048828125,1945.300048828125,0
1994-07-06,1931.699951171875,1931.699951171875,1931.699951171875,1931.699951171875,0
1994-07-07,1902.300048828125,1902.300048828125,1902.300048828125,1902.300048828125,0
1994-07-08,1905.5,1905.5,1905.5,1905.5,0
1994-07-11,1902.199951171875,1902.199951171875,1902.199951171875,1902.199951171875,0
1994-07-12,1915.0,1915.0,1915.0,1915.0,0
1994-07-13,1921.0999755859375,1921.0999755859375,1921.0999755859375,1921.0999755859375,0
1994-07-14,1951.800048828125,1951.800048828125,1951.800048828125,1951.800048828125,0
1994-07-15,2002.0,2002.0,2002.0,2002.0,0
1994-07-18,2015.5999755859375,2015.5999755859375,2015.5999755859375,2015.5999755859375,0
1994-07-19,2020.9000244140625,2020.9000244140625,2020.9000244140625,2020.9000244140625,0
1994-07-20,2021.5999755859375,2021.5999755859375,2021.5999755859375,2021.5999755859375,0
1994-07-21,1991.199951171875,1991.199951171875,1991.199951171875,1991.199951171875,0
1994-07-22,1994.0999755859375,1994.0999755859375,1994.0999755859375,1994.0999755859375,0
1994-07-25,1990.699951171875,1990.699951171875,1990.699951171875,1990.699951171875,0
1994-07-26,1983.199951171875,1983.199951171875,1983.199951171875,1983.199951171875,0
1994-07-27,1982.199951171875,1982.199951171875,1982.199951171875,1982.199951171875,0
1994-07-28,1982.300048828125,1982.300048828125,1982.300048828125,1982.300048828125,0
1994-07-29,2003.5,2003.5,2003.5,2003.5,0
1994-08-01,2025.4000244140625,2025.4000244140625,2025.4000244140625,2025.4000244140625,0
1994-08-02,2030.300048828125,2030.300048828125,2030.300048828125,2030.300048828125,0
1994-08-03,2016.199951171875,2016.199951171875,2016.199951171875,2016.199951171875,0
1994-08-04,2028.800048828125,2028.800048828125,2028.800048828125,2028.800048828125,0
1994-08-05,2037.0,2037.0,2037.0,2037.0,0
1994-08-08,2025.4000244140625,2025.4000244140625,2025.4000244140625,2025.4000244140625,0
1994-08-09,2031.9000244140625,2031.9000244140625,2031.9000244140625,2031.9000244140625,0
1994-08-10,2021.699951171875,2021.699951171875,2021.699951171875,2021.699951171875,0
1994-08-11,2006.9000244140625,2006.9000244140625,2006.9000244140625,2006.9000244140625,0
1994-08-12,1996.0999755859375,1996.0999755859375,1996.0999755859375,1996.0999755859375,0
1994-08-15,2000.199951171875,2000.199951171875,2000.199951171875,2000.199951171875,0
1994-08-16,1983.5,1983.5,1983.5,1983.5,0
1994-08-17,2003.5,2003.5,2003.5,2003.5,0
1994-08-18,2011.0999755859375,2011.0999755859375,2011.0999755859375,2011.0999755859375,0
1994-08-19,2004.5999755859375,2004.5999755859375,2004.5999755859375,2004.5999755859375,0
1994-08-22,2007.4000244140625,2007.4000244140625,2007.4000244140625,2007.4000244140625,0
1994-08-23,1995.0,1995.0,1995.0,1995.0,0
1994-08-24,2005.5,2005.5,2005.5,2005.5,0
1994-08-25,2022.5,2022.5,2022.5,2022.5,0
1994-08-26,2021.5999755859375,2021.5999755859375,2021.5999755859375,2021.5999755859375,0
1994-08-29,2057.5,2057.5,2057.5,2057.5,0
1994-08-30,2059.800048828125,2059.800048828125,2059.800048828125,2059.800048828125,0
1994-08-31,2063.89990234375,2063.89990234375,2063.89990234375,2063.89990234375,0
1994-09-01,2047.5999755859375,2047.5999755859375,2047.5999755859375,2047.5999755859375,0
1994-09-02,2049.199951171875,2049.199951171875,2049.199951171875,2049.199951171875,0
1994-09-05,2036.5,2036.5,2036.5,2036.5,0
1994-09-06,2044.699951171875,2044.699951171875,2044.699951171875,2044.699951171875,0
1994-09-07,2043.300048828125,2043.300048828125,2043.300048828125,2043.300048828125,0
1994-09-08,2027.199951171875,2027.199951171875,2027.199951171875,2027.199951171875,0
1994-09-09,2007.800048828125,2007.800048828125,2007.800048828125,2007.800048828125,0
1994-09-12,1970.300048828125,1970.300048828125,1970.300048828125,1970.300048828125,0
1994-09-13,1983.5,1983.5,1983.5,1983.5,0
1994-09-14,1990.800048828125,1990.800048828125,1990.800048828125,1990.800048828125,0
1994-09-15,1992.699951171875,1992.699951171875,1992.699951171875,1992.699951171875,0
1994-09-16,2001.9000244140625,2001.9000244140625,2001.9000244140625,2001.9000244140625,0
1994-09-19,1991.4000244140625,1991.4000244140625,1991.4000244140625,1991.4000244140625,0
1994-09-20,1986.4000244140625,1986.4000244140625,1986.4000244140625,1986.4000244140625,0
1994-09-21,1966.699951171875,1966.699951171875,1966.699951171875,1966.699951171875,0
1994-09-22,1967.800048828125,1967.800048828125,1967.800048828125,1967.800048828125,0
1994-09-23,1966.0999755859375,1966.0999755859375,1966.0999755859375,1966.0999755859375,0
1994-09-26,1968.199951171875,1968.199951171875,1968.199951171875,1968.199951171875,0
1994-09-27,1952.300048828125,1952.300048828125,1952.300048828125,1952.300048828125,0
1994-09-28,1953.0999755859375,1953.0999755859375,1953.0999755859375,1953.0999755859375,0
1994-09-29,1970.5999755859375,1970.5999755859375,1970.5999755859375,1970.5999755859375,0
1994-09-30,1967.699951171875,1967.699951171875,1967.699951171875,1967.699951171875,0
1994-10-03,1970.699951171875,1970.699951171875,1970.699951171875,1970.699951171875,0
1994-10-04,1937.199951171875,1937.199951171875,1937.199951171875,1937.199951171875,0
1994-10-05,1919.9000244140625,1919.9000244140625,1919.9000244140625,1919.9000244140625,0
1994-10-06,1916.5,1916.5,1916.5,1916.5,0
1994-10-07,1906.5,1906.5,1906.5,1906.5,0
1994-10-10,1928.800048828125,1928.800048828125,1928.800048828125,1928.800048828125,0
1994-10-11,1936.199951171875,1936.199951171875,1936.199951171875,1936.199951171875,0
1994-10-12,1935.699951171875,1935.699951171875,1935.699951171875,1935.699951171875,0
1994-10-13,1931.199951171875,1931.199951171875,1931.199951171875,1931.199951171875,0
1994-10-14,1938.4000244140625,1938.4000244140625,1938.4000244140625,1938.4000244140625,0
1994-10-17,1947.699951171875,1947.699951171875,1947.699951171875,1947.699951171875,0
1994-10-18,1937.4000244140625,1937.4000244140625,1937.4000244140625,1937.4000244140625,0
1994-10-19,1948.699951171875,1948.699951171875,1948.699951171875,1948.699951171875,0
1994-10-20,1951.0,1951.0,1951.0,1951.0,0
1994-10-21,1969.699951171875,1969.699951171875,1969.699951171875,1969.699951171875,0
1994-10-24,1972.0999755859375,1972.0999755859375,1972.0999755859375,1972.0999755859375,0
1994-10-25,1956.5999755859375,1956.5999755859375,1956.5999755859375,1956.5999755859375,0
1994-10-26,1952.0,1952.0,1952.0,1952.0,0
1994-10-27,1967.199951171875,1967.199951171875,1967.199951171875,1967.199951171875,0
1994-10-28,1957.4000244140625,1957.4000244140625,1957.4000244140625,1957.4000244140625,0
1994-10-31,1980.9000244140625,1980.9000244140625,1980.9000244140625,1980.9000244140625,0
1994-11-01,1965.199951171875,1965.199951171875,1965.199951171875,1965.199951171875,0
1994-11-02,1949.5999755859375,1949.5999755859375,1949.5999755859375,1949.5999755859375,0
1994-11-03,1947.699951171875,1947.699951171875,1947.699951171875,1947.699951171875,0
1994-11-04,1938.300048828125,1938.300048828125,1938.300048828125,1938.300048828125,0
1994-11-07,1916.9000244140625,1916.9000244140625,1916.9000244140625,1916.9000244140625,0
1994-11-08,1905.0999755859375,1905.0999755859375,1905.0999755859375,1905.0999755859375,0
1994-11-09,1921.0999755859375,1921.0999755859375,1921.0999755859375,1921.0999755859375,0
1994-11-10,1909.800048828125,1909.800048828125,1909.800048828125,1909.800048828125,0
1994-11-11,1890.5,1890.5,1890.5,1890.5,0
1994-11-14,1864.800048828125,1864.800048828125,1864.800048828125,1864.800048828125,0
1994-11-15,1879.300048828125,1879.300048828125,1879.300048828125,1879.300048828125,0
1994-11-16,1877.9000244140625,1877.9000244140625,1877.9000244140625,1877.9000244140625,0
1994-11-17,1860.4000244140625,1860.4000244140625,1860.4000244140625,1860.4000244140625,0
1994-11-18,1862.5999755859375,1862.5999755859375,1862.5999755859375,1862.5999755859375,0
1994-11-21,1849.800048828125,1849.800048828125,1849.800048828125,1849.800048828125,0
1994-11-22,1818.800048828125,1818.800048828125,1818.800048828125,1818.800048828125,0
1994-11-23,1800.699951171875,1800.699951171875,1800.699951171875,1800.699951171875,0
1994-11-24,1829.0999755859375,1829.0999755859375,1829.0999755859375,1829.0999755859375,0
1994-11-25,1854.199951171875,1854.199951171875,1854.199951171875,1854.199951171875,0
1994-11-28,1854.800048828125,1854.800048828125,1854.800048828125,1854.800048828125,0
1994-11-29,1834.199951171875,1834.199951171875,1834.199951171875,1834.199951171875,0
1994-11-30,1833.800048828125,1833.800048828125,1833.800048828125,1833.800048828125,0
1994-12-01,1845.300048828125,1845.300048828125,1845.300048828125,1845.300048828125,0
1994-12-02,1824.4000244140625,1824.4000244140625,1824.4000244140625,1824.4000244140625,0
1994-12-05,1844.199951171875,1844.199951171875,1844.199951171875,1844.199951171875,0
1994-12-06,1839.4000244140625,1839.4000244140625,1839.4000244140625,1839.4000244140625,0
1994-12-07,1817.300048828125,1817.300048828125,1817.300048828125,1817.300048828125,0
1994-12-08,1823.9000244140625,1823.9000244140625,1823.9000244140625,1823.9000244140625,0
1994-12-09,1800.300048828125,1800.300048828125,1800.300048828125,1800.300048828125,0
1994-12-12,1790.4000244140625,1790.4000244140625,1790.4000244140625,1790.4000244140625,0
1994-12-13,1801.4000244140625,1801.4000244140625,1801.4000244140625,1801.4000244140625,0
1994-12-14,1811.0,1811.0,1811.0,1811.0,0
1994-12-15,1841.300048828125,1841.300048828125,1841.300048828125,1841.300048828125,0
1994-12-16,1844.800048828125,1844.800048828125,1844.800048828125,1844.800048828125,0
1994-12-19,1847.5,1847.5,1847.5,1847.5,0
1994-12-20,1846.199951171875,1846.199951171875,1846.199951171875,1846.199951171875,0
1994-12-21,1852.9000244140625,1852.9000244140625,1852.9000244140625,1852.9000244140625,0
1994-12-22,1854.800048828125,1854.800048828125,1854.800048828125,1854.800048828125,0
1994-12-23,1856.699951171875,1856.699951171875,1856.699951171875,1856.699951171875,0
1994-12-28,1884.0,1884.0,1884.0,1884.0,0
1994-12-29,1879.5999755859375,1879.5999755859375,1879.5999755859375,1879.5999755859375,0
1994-12-30,1857.4000244140625,1857.4000244140625,1857.4000244140625,1857.4000244140625,0
1995-01-03,1849.0999755859375,1849.0999755859375,1849.0999755859375,1849.0999755859375,0
1995-01-04,1830.0,1830.0,1830.0,1830.0,0
1995-01-05,1814.800048828125,1814.800048828125,1814.800048828125,1814.800048828125,0
1995-01-06,1813.300048828125,1813.300048828125,1813.300048828125,1813.300048828125,0
1995-01-09,1805.4000244140625,1805.4000244140625,1805.4000244140625,1805.4000244140625,0
1995-01-10,1804.0999755859375,1804.0999755859375,1804.0999755859375,1804.0999755859375,0
1995-01-11,1808.300048828125,1808.300048828125,1808.300048828125,1808.300048828125,0
1995-01-12,1810.9000244140625,1810.9000244140625,1810.9000244140625,1810.9000244140625,0
1995-01-13,1806.5,1806.5,1806.5,1806.5,0
1995-01-16,1827.800048828125,1827.800048828125,1827.800048828125,1827.800048828125,0
1995-01-17,1829.5,1829.5,1829.5,1829.5,0
1995-01-18,1838.199951171875,1838.199951171875,1838.199951171875,1838.199951171875,0
1995-01-19,1844.0999755859375,1844.0999755859375,1844.0999755859375,1844.0999755859375,0
1995-01-20,1827.0,1827.0,1827.0,1827.0,0
1995-01-23,1810.699951171875,1810.699951171875,1810.699951171875,1810.699951171875,0
1995-01-24,1813.4000244140625,1813.4000244140625,1813.4000244140625,1813.4000244140625,0
1995-01-25,1802.199951171875,1802.199951171875,1802.199951171875,1802.199951171875,0
1995-01-27,1814.800048828125,1814.800048828125,1814.800048828125,1814.800048828125,0
1995-01-30,1810.699951171875,1810.699951171875,1810.699951171875,1810.699951171875,0
1995-01-31,1784.699951171875,1784.699951171875,1784.699951171875,1784.699951171875,0
1995-02-01,1789.699951171875,1789.699951171875,1789.699951171875,1789.699951171875,0
1995-02-02,1814.4000244140625,1814.4000244140625,1814.4000244140625,1814.4000244140625,0
1995-02-03,1805.4000244140625,1805.4000244140625,1805.4000244140625,1805.4000244140625,0
1995-02-06,1821.4000244140625,1821.4000244140625,1821.4000244140625,1821.4000244140625,0
1995-02-07,1803.699951171875,1803.699951171875,1803.699951171875,1803.699951171875,0
1995-02-08,1782.300048828125,1782.300048828125,1782.300048828125,1782.300048828125,0
1995-02-09,1792.5999755859375,1792.5999755859375,1792.5999755859375,1792.5999755859375,0
1995-02-10,1805.0999755859375,1805.0999755859375,1805.0999755859375,1805.0999755859375,0
1995-02-13,1805.5999755859375,1805.5999755859375,1805.5999755859375,1805.5999755859375,0
1995-02-14,1793.5999755859375,1793.5999755859375,1793.5999755859375,1793.5999755859375,0
1995-02-15,1802.4000244140625,1802.4000244140625,1802.4000244140625,1802.4000244140625,0
1995-02-16,1821.300048828125,1821.300048828125,1821.300048828125,1821.300048828125,0
1995-02-17,1817.0999755859375,1817.0999755859375,1817.0999755859375,1817.0999755859375,0
1995-02-20,1813.5999755859375,1813.5999755859375,1813.5999755859375,1813.5999755859375,0
1995-02-21,1817.4000244140625,1817.4000244140625,1817.4000244140625,1817.4000244140625,0
1995-02-22,1841.199951171875,1841.199951171875,1841.199951171875,1841.199951171875,0
1995-02-23,1855.4000244140625,1855.4000244140625,1855.4000244140625,1855.4000244140625,0
1995-02-24,1872.199951171875,1872.199951171875,1872.199951171875,1872.199951171875,0
1995-02-27,1853.800048828125,1853.800048828125,1853.800048828125,1853.800048828125,0
1995-02-28,1881.0999755859375,1881.0999755859375,1881.0999755859375,1881.0999755859375,0
1995-03-01,1878.0999755859375,1878.0999755859375,1878.0999755859375,1878.0999755859375,0
1995-03-02,1876.9000244140625,1876.9000244140625,1876.9000244140625,1876.9000244140625,0
1995-03-03,1862.5,1862.5,1862.5,1862.5,0
1995-03-06,1851.0999755859375,1851.0999755859375,1851.0999755859375,1851.0999755859375,0
1995-03-07,1850.4000244140625,1850.4000244140625,1850.4000244140625,1850.4000244140625,0
1995-03-08,1840.800048828125,1840.800048828125,1840.800048828125,1840.800048828125,0
1995-03-09,1835.199951171875,1835.199951171875,1835.199951171875,1835.199951171875,0
1995-03-10,1827.0999755859375,1827.0999755859375,1827.0999755859375,1827.0999755859375,0
1995-03-13,1843.300048828125,1843.300048828125,1843.300048828125,1843.300048828125,0
1995-03-14,1843.5999755859375,1843.5999755859375,1843.5999755859375,1843.5999755859375,0
1995-03-15,1863.4000244140625,1863.4000244140625,1863.4000244140625,1863.4000244140625,0
1995-03-16,1868.199951171875,1868.199951171875,1868.199951171875,1868.199951171875,0
1995-03-17,1880.0,1880.0,1880.0,1880.0,0
1995-03-20,1864.0,1864.0,1864.0,1864.0,0
1995-03-21,1874.5,1874.5,1874.5,1874.5,0
1995-03-22,1852.0999755859375,1852.0999755859375,1852.0999755859375,1852.0999755859375,0
1995-03-23,1851.300048828125,1851.300048828125,1851.300048828125,1851.300048828125,0
1995-03-24,1857.5,1857.5,1857.5,1857.5,0
1995-03-27,1869.699951171875,1869.699951171875,1869.699951171875,1869.699951171875,0
1995-03-28,1861.300048828125,1861.300048828125,1861.300048828125,1861.300048828125,0
1995-03-29,1855.4000244140625,1855.4000244140625,1855.4000244140625,1855.4000244140625,0
1995-03-30,1847.199951171875,1847.199951171875,1847.199951171875,1847.199951171875,0
1995-03-31,1867.0999755859375,1867.0999755859375,1867.0999755859375,1867.0999755859375,0
1995-04-03,1859.0999755859375,1859.0999755859375,1859.0999755859375,1859.0999755859375,0
1995-04-04,1896.300048828125,1896.300048828125,1896.300048828125,1896.300048828125,0
1995-04-05,1940.9000244140625,1940.9000244140625,1940.9000244140625,1940.9000244140625,0
1995-04-06,1939.0999755859375,1939.0999755859375,1939.0999755859375,1939.0999755859375,0
1995-04-07,1943.5999755859375,1943.5999755859375,1943.5999755859375,1943.5999755859375,0
1995-04-10,1943.4000244140625,1943.4000244140625,1943.4000244140625,1943.4000244140625,0
1995-04-11,1953.699951171875,1953.699951171875,1953.699951171875,1953.699951171875,0
1995-04-12,1971.5999755859375,1971.5999755859375,1971.5999755859375,1971.5999755859375,0
1995-04-13,1980.5999755859375,1980.5999755859375,1980.5999755859375,1980.5999755859375,0
1995-04-18,2000.199951171875,2000.199951171875,2000.199951171875,2000.199951171875,0
1995-04-19,1999.5,1999.5,1999.5,1999.5,0
1995-04-20,1984.0,1984.0,1984.0,1984.0,0
1995-04-21,1957.9000244140625,1957.9000244140625,1957.9000244140625,1957.9000244140625,0
1995-04-24,1955.0999755859375,1955.0999755859375,1955.0999755859375,1955.0999755859375,0
1995-04-26,1965.199951171875,1965.199951171875,1965.199951171875,1965.199951171875,0
1995-04-27,1989.0,1989.0,1989.0,1989.0,0
1995-04-28,2006.5,2006.5,2006.5,2006.5,0
1995-05-01,1997.4000244140625,1997.4000244140625,1997.4000244140625,1997.4000244140625,0
1995-05-02,1983.300048828125,1983.300048828125,1983.300048828125,1983.300048828125,0
1995-05-03,1995.800048828125,1995.800048828125,1995.800048828125,1995.800048828125,0
1995-05-04,2024.5,2024.5,2024.5,2024.5,0
1995-05-05,2024.4000244140625,2024.4000244140625,2024.4000244140625,2024.4000244140625,0
1995-05-08,2025.300048828125,2025.300048828125,2025.300048828125,2025.300048828125,0
1995-05-09,2037.5999755859375,2037.5999755859375,2037.5999755859375,2037.5999755859375,0
1995-05-10,2016.199951171875,2016.199951171875,2016.199951171875,2016.199951171875,0
1995-05-11,1997.0999755859375,1997.0999755859375,1997.0999755859375,1997.0999755859375,0
1995-05-12,1999.0,1999.0,1999.0,1999.0,0
1995-05-15,2009.5,2009.5,2009.5,2009.5,0
1995-05-16,2004.699951171875,2004.699951171875,2004.699951171875,2004.699951171875,0
1995-05-17,2002.9000244140625,2002.9000244140625,2002.9000244140625,2002.9000244140625,0
1995-05-18,1981.0999755859375,1981.0999755859375,1981.0999755859375,1981.0999755859375,0
1995-05-19,1957.0999755859375,1957.0999755859375,1957.0999755859375,1957.0999755859375,0
1995-05-22,1971.0999755859375,1971.0999755859375,1971.0999755859375,1971.0999755859375,0
1995-05-23,1997.300048828125,1997.300048828125,1997.300048828125,1997.300048828125,0
1995-05-24,2001.0999755859375,2001.0999755859375,2001.0999755859375,2001.0999755859375,0
1995-05-25,2008.9000244140625,2008.9000244140625,2008.9000244140625,2008.9000244140625,0
1995-05-26,1985.699951171875,1985.699951171875,1985.699951171875,1985.699951171875,0
1995-05-29,1976.0999755859375,1976.0999755859375,1976.0999755859375,1976.0999755859375,0
1995-05-30,1983.300048828125,1983.300048828125,1983.300048828125,1983.300048828125,0
1995-05-31,1981.4000244140625,1981.4000244140625,1981.4000244140625,1981.4000244140625,0
1995-06-01,1983.199951171875,1983.199951171875,1983.199951171875,1983.199951171875,0
1995-06-02,1968.9000244140625,1968.9000244140625,1968.9000244140625,1968.9000244140625,0
1995-06-05,1976.4000244140625,1976.4000244140625,1976.4000244140625,1976.4000244140625,0
1995-06-06,1986.199951171875,1986.199951171875,1986.199951171875,1986.199951171875,0
1995-06-07,1982.0999755859375,1982.0999755859375,1982.0999755859375,1982.0999755859375,0
1995-06-08,1964.199951171875,1964.199951171875,1964.199951171875,1964.199951171875,0
1995-06-09,1951.0,1951.0,1951.0,1951.0,0
1995-06-13,1945.699951171875,1945.699951171875,1945.699951171875,1945.699951171875,0
1995-06-14,1933.699951171875,1933.699951171875,1933.699951171875,1933.699951171875,0
1995-06-15,1928.300048828125,1928.300048828125,1928.300048828125,1928.300048828125,0
1995-06-16,1940.199951171875,1940.199951171875,1940.199951171875,1940.199951171875,0
1995-06-19,1938.699951171875,1938.699951171875,1938.699951171875,1938.699951171875,0
1995-06-20,1934.0,1934.0,1934.0,1934.0,0
1995-06-21,1939.5999755859375,1939.5999755859375,1939.5999755859375,1939.5999755859375,0
1995-06-22,1954.300048828125,1954.300048828125,1954.300048828125,1954.300048828125,0
1995-06-23,1992.4000244140625,1992.4000244140625,1992.4000244140625,1992.4000244140625,0
1995-06-26,1999.300048828125,1999.300048828125,1999.300048828125,1999.300048828125,0
1995-06-27,1991.9000244140625,1991.9000244140625,1991.9000244140625,1991.9000244140625,0
1995-06-28,2000.5,2000.5,2000.5,2000.5,0
1995-06-29,1999.199951171875,1999.199951171875,1999.199951171875,1999.199951171875,0
1995-06-30,1981.0,1981.0,1981.0,1981.0,0
1995-07-03,1970.0999755859375,1970.0999755859375,1970.0999755859375,1970.0999755859375,0
1995-07-04,1980.0,1980.0,1980.0,1980.0,0
1995-07-05,1990.5,1990.5,1990.5,1990.5,0
1995-07-06,1989.0999755859375,1989.0999755859375,1989.0999755859375,1989.0999755859375,0
1995-07-07,2014.4000244140625,2014.4000244140625,2014.4000244140625,2014.4000244140625,0
1995-07-10,2048.699951171875,2048.699951171875,2048.699951171875,2048.699951171875,0
1995-07-11,2059.89990234375,2059.89990234375,2059.89990234375,2059.89990234375,0
1995-07-12,2063.10009765625,2063.10009765625,2063.10009765625,2063.10009765625,0
1995-07-13,2089.0,2089.0,2089.0,2089.0,0
1995-07-14,2081.10009765625,2081.10009765625,2081.10009765625,2081.10009765625,0
1995-07-17,2070.699951171875,2070.699951171875,2070.699951171875,2070.699951171875,0
1995-07-18,2078.0,2078.0,2078.0,2078.0,0
1995-07-19,2058.0,2058.0,2058.0,2058.0,0
1995-07-20,2045.300048828125,2045.300048828125,2045.300048828125,2045.300048828125,0
1995-07-21,2092.5,2092.5,2092.5,2092.5,0
1995-07-24,2090.800048828125,2090.800048828125,2090.800048828125,2090.800048828125,0
1995-07-25,2087.5,2087.5,2087.5,2087.5,0
1995-07-26,2104.0,2104.0,2104.0,2104.0,0
1995-07-27,2088.0,2088.0,2088.0,2088.0,0
1995-07-28,2087.800048828125,2087.800048828125,2087.800048828125,2087.800048828125,0
1995-07-31,2083.300048828125,2083.300048828125,2083.300048828125,2083.300048828125,0
1995-08-01,2087.60009765625,2087.60009765625,2087.60009765625,2087.60009765625,0
1995-08-02,2107.0,2107.0,2107.0,2107.0,0
1995-08-03,2108.199951171875,2108.199951171875,2108.199951171875,2108.199951171875,0
1995-08-04,2119.89990234375,2119.89990234375,2119.89990234375,2119.89990234375,0
1995-08-07,2118.699951171875,2118.699951171875,2118.699951171875,2118.699951171875,0
1995-08-08,2112.89990234375,2112.89990234375,2112.89990234375,2112.89990234375,0
1995-08-09,2116.5,2116.5,2116.5,2116.5,0
1995-08-10,2105.60009765625,2105.60009765625,2105.60009765625,2105.60009765625,0
1995-08-11,2094.699951171875,2094.699951171875,2094.699951171875,2094.699951171875,0
1995-08-14,2083.60009765625,2083.60009765625,2083.60009765625,2083.60009765625,0
1995-08-15,2098.89990234375,2098.89990234375,2098.89990234375,2098.89990234375,0
1995-08-16,2089.800048828125,2089.800048828125,2089.800048828125,2089.800048828125,0
1995-08-17,2075.199951171875,2075.199951171875,2075.199951171875,2075.199951171875,0
1995-08-18,2064.199951171875,2064.199951171875,2064.199951171875,2064.199951171875,0
1995-08-21,2071.199951171875,2071.199951171875,2071.199951171875,2071.199951171875,0
1995-08-22,2067.5,2067.5,2067.5,2067.5,0
1995-08-23,2063.60009765625,2063.60009765625,2063.60009765625,2063.60009765625,0
1995-08-24,2074.199951171875,2074.199951171875,2074.199951171875,2074.199951171875,0
1995-08-25,2078.699951171875,2078.699951171875,2078.699951171875,2078.699951171875,0
1995-08-28,2090.0,2090.0,2090.0,2090.0,0
1995-08-29,2087.10009765625,2087.10009765625,2087.10009765625,2087.10009765625,0
1995-08-30,2094.89990234375,2094.89990234375,2094.89990234375,2094.89990234375,0
1995-08-31,2094.300048828125,2094.300048828125,2094.300048828125,2094.300048828125,0
1995-09-01,2094.39990234375,2094.39990234375,2094.39990234375,2094.39990234375,0
1995-09-04,2084.0,2084.0,2084.0,2084.0,0
1995-09-05,2083.89990234375,2083.89990234375,2083.89990234375,2083.89990234375,0
1995-09-06,2107.800048828125,2107.800048828125,2107.800048828125,2107.800048828125,0
1995-09-07,2101.89990234375,2101.89990234375,2101.89990234375,2101.89990234375,0
1995-09-08,2098.5,2098.5,2098.5,2098.5,0
1995-09-11,2103.0,2103.0,2103.0,2103.0,0
1995-09-12,2104.39990234375,2104.39990234375,2104.39990234375,2104.39990234375,0
1995-09-13,2121.699951171875,2121.699951171875,2121.699951171875,2121.699951171875,0
1995-09-14,2109.699951171875,2109.699951171875,2109.699951171875,2109.699951171875,0
1995-09-15,2124.10009765625,2124.10009765625,2124.10009765625,2124.10009765625,0
1995-09-18,2123.60009765625,2123.60009765625,2123.60009765625,2123.60009765625,0
1995-09-19,2121.39990234375,2121.39990234375,2121.39990234375,2121.39990234375,0
1995-09-20,2120.0,2120.0,2120.0,2120.0,0
1995-09-21,2105.800048828125,2105.800048828125,2105.800048828125,2105.800048828125,0
1995-09-22,2096.300048828125,2096.300048828125,2096.300048828125,2096.300048828125,0
1995-09-25,2088.10009765625,2088.10009765625,2088.10009765625,2088.10009765625,0
1995-09-26,2085.60009765625,2085.60009765625,2085.60009765625,2085.60009765625,0
1995-09-27,2083.699951171875,2083.699951171875,2083.699951171875,2083.699951171875,0
1995-09-28,2075.10009765625,2075.10009765625,2075.10009765625,2075.10009765625,0
1995-09-29,2091.300048828125,2091.300048828125,2091.300048828125,2091.300048828125,0
1995-10-02,2094.300048828125,2094.300048828125,2094.300048828125,2094.300048828125,0
1995-10-03,2088.39990234375,2088.39990234375,2088.39990234375,2088.39990234375,0
1995-10-04,2059.89990234375,2059.89990234375,2059.89990234375,2059.89990234375,0
1995-10-05,2059.300048828125,2059.300048828125,2059.300048828125,2059.300048828125,0
1995-10-06,2054.10009765625,2054.10009765625,2054.10009765625,2054.10009765625,0
1995-10-09,2047.199951171875,2047.199951171875,2047.199951171875,2047.199951171875,0
1995-10-10,2018.199951171875,2018.199951171875,2018.199951171875,2018.199951171875,0
1995-10-11,2024.199951171875,2024.199951171875,2024.199951171875,2024.199951171875,0
1995-10-12,2033.699951171875,2033.699951171875,2033.699951171875,2033.699951171875,0
1995-10-13,2055.5,2055.5,2055.5,2055.5,0
1995-10-16,2067.0,2067.0,2067.0,2067.0,0
1995-10-17,2064.89990234375,2064.89990234375,2064.89990234375,2064.89990234375,0
1995-10-18,2067.10009765625,2067.10009765625,2067.10009765625,2067.10009765625,0
1995-10-19,2068.39990234375,2068.39990234375,2068.39990234375,2068.39990234375,0
1995-10-20,2062.39990234375,2062.39990234375,2062.39990234375,2062.39990234375,0
1995-10-23,2044.9000244140625,2044.9000244140625,2044.9000244140625,2044.9000244140625,0
1995-10-24,2037.699951171875,2037.699951171875,2037.699951171875,2037.699951171875,0
1995-10-25,2048.39990234375,2048.39990234375,2048.39990234375,2048.39990234375,0
1995-10-26,2043.300048828125,2043.300048828125,2043.300048828125,2043.300048828125,0
1995-10-27,2024.4000244140625,2024.4000244140625,2024.4000244140625,2024.4000244140625,0
1995-10-30,2024.0,2024.0,2024.0,2024.0,0
1995-10-31,2029.699951171875,2029.699951171875,2029.699951171875,2029.699951171875,0
1995-11-01,2010.5999755859375,2010.5999755859375,2010.5999755859375,2010.5999755859375,0
1995-11-02,2013.4000244140625,2013.4000244140625,2013.4000244140625,2013.4000244140625,0
1995-11-03,2046.5,2046.5,2046.5,2046.5,0
1995-11-06,2062.199951171875,2062.199951171875,2062.199951171875,2062.199951171875,0
1995-11-07,2065.39990234375,2065.39990234375,2065.39990234375,2065.39990234375,0
1995-11-08,2065.39990234375,2065.39990234375,2065.39990234375,2065.39990234375,0
1995-11-09,2085.5,2085.5,2085.5,2085.5,0
1995-11-10,2078.699951171875,2078.699951171875,2078.699951171875,2078.699951171875,0
1995-11-13,2074.199951171875,2074.199951171875,2074.199951171875,2074.199951171875,0
1995-11-14,2077.5,2077.5,2077.5,2077.5,0
1995-11-15,2062.89990234375,2062.89990234375,2062.89990234375,2062.89990234375,0
1995-11-16,2059.5,2059.5,2059.5,2059.5,0
1995-11-17,2072.0,2072.0,2072.0,2072.0,0
1995-11-20,2078.300048828125,2078.300048828125,2078.300048828125,2078.300048828125,0
1995-11-21,2092.89990234375,2092.89990234375,2092.89990234375,2092.89990234375,0
1995-11-22,2101.300048828125,2101.300048828125,2101.300048828125,2101.300048828125,0
1995-11-23,2105.10009765625,2105.10009765625,2105.10009765625,2105.10009765625,0
1995-11-24,2106.0,2106.0,2106.0,2106.0,0
1995-11-27,2112.800048828125,2112.800048828125,2112.800048828125,2112.800048828125,0
1995-11-28,2110.10009765625,2110.10009765625,2110.10009765625,2110.10009765625,0
1995-11-29,2115.0,2115.0,2115.0,2115.0,0
1995-11-30,2113.199951171875,2113.199951171875,2113.199951171875,2113.199951171875,0
1995-12-01,2119.10009765625,2119.10009765625,2119.10009765625,2119.10009765625,0
1995-12-04,2160.800048828125,2160.800048828125,2160.800048828125,2160.800048828125,0
1995-12-05,2160.89990234375,2160.89990234375,2160.89990234375,2160.89990234375,0
1995-12-06,2155.39990234375,2155.39990234375,2155.39990234375,2155.39990234375,0
1995-12-07,2155.5,2155.5,2155.5,2155.5,0
1995-12-08,2142.699951171875,2142.699951171875,2142.699951171875,2142.699951171875,0
1995-12-11,2161.5,2161.5,2161.5,2161.5,0
1995-12-12,2171.199951171875,2171.199951171875,2171.199951171875,2171.199951171875,0
1995-12-13,2182.10009765625,2182.10009765625,2182.10009765625,2182.10009765625,0
1995-12-14,2179.699951171875,2179.699951171875,2179.699951171875,2179.699951171875,0
1995-12-15,2176.5,2176.5,2176.5,2176.5,0
1995-12-18,2162.60009765625,2162.60009765625,2162.60009765625,2162.60009765625,0
1995-12-19,2137.300048828125,2137.300048828125,2137.300048828125,2137.300048828125,0
1995-12-20,2154.5,2154.5,2154.5,2154.5,0
1995-12-21,2157.199951171875,2157.199951171875,2157.199951171875,2157.199951171875,0
1995-12-22,2160.199951171875,2160.199951171875,2160.199951171875,2160.199951171875,0
1995-12-27,2154.5,2154.5,2154.5,2154.5,0
1995-12-28,2153.199951171875,2153.199951171875,2153.199951171875,2153.199951171875,0
1995-12-29,2154.89990234375,2154.89990234375,2154.89990234375,2154.89990234375,0
1996-01-02,2178.60009765625,2178.60009765625,2178.60009765625,2178.60009765625,0
1996-01-03,2210.10009765625,2210.10009765625,2210.10009765625,2210.10009765625,0
1996-01-04,2208.60009765625,2208.60009765625,2208.60009765625,2208.60009765625,0
1996-01-05,2209.800048828125,2209.800048828125,2209.800048828125,2209.800048828125,0
1996-01-08,2221.60009765625,2221.60009765625,2221.60009765625,2221.60009765625,0
1996-01-09,2209.300048828125,2209.300048828125,2209.300048828125,2209.300048828125,0
1996-01-10,2184.39990234375,2184.39990234375,2184.39990234375,2184.39990234375,0
1996-01-11,2194.10009765625,2194.10009765625,2194.10009765625,2194.10009765625,0
1996-01-12,2183.5,2183.5,2183.5,2183.5,0
1996-01-15,2177.39990234375,2177.39990234375,2177.39990234375,2177.39990234375,0
1996-01-16,2189.0,2189.0,2189.0,2189.0,0
1996-01-17,2193.800048828125,2193.800048828125,2193.800048828125,2193.800048828125,0
1996-01-18,2193.10009765625,2193.10009765625,2193.10009765625,2193.10009765625,0
1996-01-19,2189.199951171875,2189.199951171875,2189.199951171875,2189.199951171875,0
1996-01-22,2202.10009765625,2202.10009765625,2202.10009765625,2202.10009765625,0
1996-01-23,2185.800048828125,2185.800048828125,2185.800048828125,2185.800048828125,0
1996-01-24,2174.300048828125,2174.300048828125,2174.300048828125,2174.300048828125,0
1996-01-25,2193.199951171875,2193.199951171875,2193.199951171875,2193.199951171875,0
1996-01-29,2217.800048828125,2217.800048828125,2217.800048828125,2217.800048828125,0
1996-01-30,2205.39990234375,2205.39990234375,2205.39990234375,2205.39990234375,0
1996-01-31,2227.800048828125,2227.800048828125,2227.800048828125,2227.800048828125,0
1996-02-01,2224.39990234375,2224.39990234375,2224.39990234375,2224.39990234375,0
1996-02-02,2231.39990234375,2231.39990234375,2231.39990234375,2231.39990234375,0
1996-02-05,2210.5,2210.5,2210.5,2210.5,0
1996-02-06,2208.800048828125,2208.800048828125,2208.800048828125,2208.800048828125,0
1996-02-07,2212.199951171875,2212.199951171875,2212.199951171875,2212.199951171875,0
1996-02-08,2215.699951171875,2215.699951171875,2215.699951171875,2215.699951171875,0
1996-02-09,2210.5,2210.5,2210.5,2210.5,0
1996-02-12,2202.0,2202.0,2202.0,2202.0,0
1996-02-13,2229.800048828125,2229.800048828125,2229.800048828125,2229.800048828125,0
1996-02-14,2240.39990234375,2240.39990234375,2240.39990234375,2240.39990234375,0
1996-02-15,2238.199951171875,2238.199951171875,2238.199951171875,2238.199951171875,0
1996-02-16,2236.89990234375,2236.89990234375,2236.89990234375,2236.89990234375,0
1996-02-19,2204.699951171875,2204.699951171875,2204.699951171875,2204.699951171875,0
1996-02-20,2182.89990234375,2182.89990234375,2182.89990234375,2182.89990234375,0
1996-02-21,2178.89990234375,2178.89990234375,2178.89990234375,2178.89990234375,0
1996-02-22,2195.39990234375,2195.39990234375,2195.39990234375,2195.39990234375,0
1996-02-23,2203.300048828125,2203.300048828125,2203.300048828125,2203.300048828125,0
1996-02-26,2206.10009765625,2206.10009765625,2206.10009765625,2206.10009765625,0
1996-02-27,2199.60009765625,2199.60009765625,2199.60009765625,2199.60009765625,0
1996-02-28,2206.5,2206.5,2206.5,2206.5,0
1996-02-29,2228.199951171875,2228.199951171875,2228.199951171875,2228.199951171875,0
1996-03-01,2249.800048828125,2249.800048828125,2249.800048828125,2249.800048828125,0
1996-03-04,2258.39990234375,2258.39990234375,2258.39990234375,2258.39990234375,0
1996-03-05,2244.0,2244.0,2244.0,2244.0,0
1996-03-06,2237.0,2237.0,2237.0,2237.0,0
1996-03-07,2203.800048828125,2203.800048828125,2203.800048828125,2203.800048828125,0
1996-03-08,2201.10009765625,2201.10009765625,2201.10009765625,2201.10009765625,0
1996-03-11,2122.199951171875,2122.199951171875,2122.199951171875,2122.199951171875,0
1996-03-12,2163.0,2163.0,2163.0,2163.0,0
1996-03-13,2143.5,2143.5,2143.5,2143.5,0
1996-03-14,2145.5,2145.5,2145.5,2145.5,0
1996-03-15,2170.5,2170.5,2170.5,2170.5,0
1996-03-18,2171.300048828125,2171.300048828125,2171.300048828125,2171.300048828125,0
1996-03-19,2192.10009765625,2192.10009765625,2192.10009765625,2192.10009765625,0
1996-03-20,2184.89990234375,2184.89990234375,2184.89990234375,2184.89990234375,0
1996-03-21,2198.300048828125,2198.300048828125,2198.300048828125,2198.300048828125,0
1996-03-22,2179.199951171875,2179.199951171875,2179.199951171875,2179.199951171875,0
1996-03-25,2189.89990234375,2189.89990234375,2189.89990234375,2189.89990234375,0
1996-03-26,2197.5,2197.5,2197.5,2197.5,0
1996-03-27,2196.300048828125,2196.300048828125,2196.300048828125,2196.300048828125,0
1996-03-28,2172.199951171875,2172.199951171875,2172.199951171875,2172.199951171875,0
1996-03-29,2164.0,2164.0,2164.0,2164.0,0
1996-04-01,2166.800048828125,2166.800048828125,2166.800048828125,2166.800048828125,0
1996-04-02,2173.699951171875,2173.699951171875,2173.699951171875,2173.699951171875,0
1996-04-03,2169.300048828125,2169.300048828125,2169.300048828125,2169.300048828125,0
1996-04-04,2156.89990234375,2156.89990234375,2156.89990234375,2156.89990234375,0
1996-04-09,2155.0,2155.0,2155.0,2155.0,0
1996-04-10,2160.10009765625,2160.10009765625,2160.10009765625,2160.10009765625,0
1996-04-11,2168.60009765625,2168.60009765625,2168.60009765625,2168.60009765625,0
1996-04-12,2181.300048828125,2181.300048828125,2181.300048828125,2181.300048828125,0
1996-04-15,2198.300048828125,2198.300048828125,2198.300048828125,2198.300048828125,0
1996-04-16,2193.89990234375,2193.89990234375,2193.89990234375,2193.89990234375,0
1996-04-17,2201.89990234375,2201.89990234375,2201.89990234375,2201.89990234375,0
1996-04-18,2191.0,2191.0,2191.0,2191.0,0
1996-04-19,2200.699951171875,2200.699951171875,2200.699951171875,2200.699951171875,0
1996-04-22,2201.699951171875,2201.699951171875,2201.699951171875,2201.699951171875,0
1996-04-23,2233.60009765625,2233.60009765625,2233.60009765625,2233.60009765625,0
1996-04-24,2249.10009765625,2249.10009765625,2249.10009765625,2249.10009765625,0
1996-04-26,2258.800048828125,2258.800048828125,2258.800048828125,2258.800048828125,0
1996-04-29,2251.800048828125,2251.800048828125,2251.800048828125,2251.800048828125,0
1996-04-30,2248.699951171875,2248.699951171875,2248.699951171875,2248.699951171875,0
1996-05-01,2247.199951171875,2247.199951171875,2247.199951171875,2247.199951171875,0
1996-05-02,2256.0,2256.0,2256.0,2256.0,0
1996-05-03,2231.10009765625,2231.10009765625,2231.10009765625,2231.10009765625,0
1996-05-06,2230.0,2230.0,2230.0,2230.0,0
1996-05-07,2240.89990234375,2240.89990234375,2240.89990234375,2240.89990234375,0
1996-05-08,2230.10009765625,2230.10009765625,2230.10009765625,2230.10009765625,0
1996-05-09,2211.89990234375,2211.89990234375,2211.89990234375,2211.89990234375,0
1996-05-10,2189.0,2189.0,2189.0,2189.0,0
1996-05-13,2190.699951171875,2190.699951171875,2190.699951171875,2190.699951171875,0
1996-05-14,2196.39990234375,2196.39990234375,2196.39990234375,2196.39990234375,0
1996-05-15,2194.10009765625,2194.10009765625,2194.10009765625,2194.10009765625,0
1996-05-16,2179.699951171875,2179.699951171875,2179.699951171875,2179.699951171875,0
1996-05-17,2187.0,2187.0,2187.0,2187.0,0
1996-05-20,2186.39990234375,2186.39990234375,2186.39990234375,2186.39990234375,0
1996-05-21,2179.39990234375,2179.39990234375,2179.39990234375,2179.39990234375,0
1996-05-22,2181.800048828125,2181.800048828125,2181.800048828125,2181.800048828125,0
1996-05-23,2194.800048828125,2194.800048828125,2194.800048828125,2194.800048828125,0
1996-05-24,2191.60009765625,2191.60009765625,2191.60009765625,2191.60009765625,0
1996-05-27,2198.5,2198.5,2198.5,2198.5,0
1996-05-28,2198.300048828125,2198.300048828125,2198.300048828125,2198.300048828125,0
1996-05-29,2199.699951171875,2199.699951171875,2199.699951171875,2199.699951171875,0
1996-05-30,2187.800048828125,2187.800048828125,2187.800048828125,2187.800048828125,0
1996-05-31,2198.0,2198.0,2198.0,2198.0,0
1996-06-03,2161.39990234375,2161.39990234375,2161.39990234375,2161.39990234375,0
1996-06-04,2167.10009765625,2167.10009765625,2167.10009765625,2167.10009765625,0
1996-06-05,2160.89990234375,2160.89990234375,2160.89990234375,2160.89990234375,0
1996-06-06,2146.89990234375,2146.89990234375,2146.89990234375,2146.89990234375,0
1996-06-07,2153.199951171875,2153.199951171875,2153.199951171875,2153.199951171875,0
1996-06-11,2155.0,2155.0,2155.0,2155.0,0
1996-06-12,2145.300048828125,2145.300048828125,2145.300048828125,2145.300048828125,0
1996-06-13,2134.0,2134.0,2134.0,2134.0,0
1996-06-14,2149.60009765625,2149.60009765625,2149.60009765625,2149.60009765625,0
1996-06-17,2140.300048828125,2140.300048828125,2140.300048828125,2140.300048828125,0
1996-06-18,2160.800048828125,2160.800048828125,2160.800048828125,2160.800048828125,0
1996-06-19,2165.300048828125,2165.300048828125,2165.300048828125,2165.300048828125,0
1996-06-20,2180.699951171875,2180.699951171875,2180.699951171875,2180.699951171875,0
1996-06-21,2186.60009765625,2186.60009765625,2186.60009765625,2186.60009765625,0
1996-06-24,2189.5,2189.5,2189.5,2189.5,0
1996-06-25,2184.300048828125,2184.300048828125,2184.300048828125,2184.300048828125,0
1996-06-26,2183.800048828125,2183.800048828125,2183.800048828125,2183.800048828125,0
1996-06-27,2172.60009765625,2172.60009765625,2172.60009765625,2172.60009765625,0
1996-06-28,2171.800048828125,2171.800048828125,2171.800048828125,2171.800048828125,0
1996-07-01,2175.699951171875,2175.699951171875,2175.699951171875,2175.699951171875,0
1996-07-02,2187.10009765625,2187.10009765625,2187.10009765625,2187.10009765625,0
1996-07-03,2165.0,2165.0,2165.0,2165.0,0
1996-07-04,2155.199951171875,2155.199951171875,2155.199951171875,2155.199951171875,0
1996-07-05,2160.5,2160.5,2160.5,2160.5,0
1996-07-08,2123.0,2123.0,2123.0,2123.0,0
1996-07-09,2127.800048828125,2127.800048828125,2127.800048828125,2127.800048828125,0
1996-07-10,2133.0,2133.0,2133.0,2133.0,0
1996-07-11,2115.89990234375,2115.89990234375,2115.89990234375,2115.89990234375,0
1996-07-12,2091.5,2091.5,2091.5,2091.5,0
1996-07-15,2078.800048828125,2078.800048828125,2078.800048828125,2078.800048828125,0
1996-07-16,2035.9000244140625,2035.9000244140625,2035.9000244140625,2035.9000244140625,0
1996-07-17,2030.4000244140625,2030.4000244140625,2030.4000244140625,2030.4000244140625,0
1996-07-18,2052.89990234375,2052.89990234375,2052.89990234375,2052.89990234375,0
1996-07-19,2089.60009765625,2089.60009765625,2089.60009765625,2089.60009765625,0
1996-07-22,2085.10009765625,2085.10009765625,2085.10009765625,2085.10009765625,0
1996-07-23,2068.699951171875,2068.699951171875,2068.699951171875,2068.699951171875,0
1996-07-24,2045.300048828125,2045.300048828125,2045.300048828125,2045.300048828125,0
1996-07-25,2046.800048828125,2046.800048828125,2046.800048828125,2046.800048828125,0
1996-07-26,2076.800048828125,2076.800048828125,2076.800048828125,2076.800048828125,0
1996-07-29,2069.5,2069.5,2069.5,2069.5,0
1996-07-30,2064.89990234375,2064.89990234375,2064.89990234375,2064.89990234375,0
1996-07-31,2114.10009765625,2114.10009765625,2114.10009765625,2114.10009765625,0
1996-08-01,2121.39990234375,2121.39990234375,2121.39990234375,2121.39990234375,0
1996-08-02,2137.5,2137.5,2137.5,2137.5,0
1996-08-05,2160.300048828125,2160.300048828125,2160.300048828125,2160.300048828125,0
1996-08-06,2148.800048828125,2148.800048828125,2148.800048828125,2148.800048828125,0
1996-08-07,2148.800048828125,2148.800048828125,2148.800048828125,2148.800048828125,0
1996-08-08,2153.60009765625,2153.60009765625,2153.60009765625,2153.60009765625,0
1996-08-09,2147.5,2147.5,2147.5,2147.5,0
1996-08-12,2146.5,2146.5,2146.5,2146.5,0
1996-08-13,2157.5,2157.5,2157.5,2157.5,0
1996-08-14,2149.800048828125,2149.800048828125,2149.800048828125,2149.800048828125,0
1996-08-15,2154.699951171875,2154.699951171875,2154.699951171875,2154.699951171875,0
1996-08-16,2161.199951171875,2161.199951171875,2161.199951171875,2161.199951171875,0
1996-08-19,2190.0,2190.0,2190.0,2190.0,0
1996-08-20,2191.10009765625,2191.10009765625,2191.10009765625,2191.10009765625,0
1996-08-21,2211.699951171875,2211.699951171875,2211.699951171875,2211.699951171875,0
1996-08-22,2200.10009765625,2200.10009765625,2200.10009765625,2200.10009765625,0
1996-08-23,2220.5,2220.5,2220.5,2220.5,0
1996-08-26,2210.199951171875,2210.199951171875,2210.199951171875,2210.199951171875,0
1996-08-27,2190.199951171875,2190.199951171875,2190.199951171875,2190.199951171875,0
1996-08-28,2212.300048828125,2212.300048828125,2212.300048828125,2212.300048828125,0
1996-08-29,2207.5,2207.5,2207.5,2207.5,0
1996-08-30,2196.10009765625,2196.10009765625,2196.10009765625,2196.10009765625,0
1996-09-02,2185.60009765625,2185.60009765625,2185.60009765625,2185.60009765625,0
1996-09-03,2173.5,2173.5,2173.5,2173.5,0
1996-09-04,2188.699951171875,2188.699951171875,2188.699951171875,2188.699951171875,0
1996-09-05,2185.89990234375,2185.89990234375,2185.89990234375,2185.89990234375,0
1996-09-06,2166.60009765625,2166.60009765625,2166.60009765625,2166.60009765625,0
1996-09-09,2179.0,2179.0,2179.0,2179.0,0
1996-09-10,2184.0,2184.0,2184.0,2184.0,0
1996-09-11,2174.0,2174.0,2174.0,2174.0,0
1996-09-12,2164.699951171875,2164.699951171875,2164.699951171875,2164.699951171875,0
1996-09-13,2181.0,2181.0,2181.0,2181.0,0
1996-09-16,2195.5,2195.5,2195.5,2195.5,0
1996-09-17,2182.10009765625,2182.10009765625,2182.10009765625,2182.10009765625,0
1996-09-18,2162.800048828125,2162.800048828125,2162.800048828125,2162.800048828125,0
1996-09-19,2177.0,2177.0,2177.0,2177.0,0
1996-09-20,2170.699951171875,2170.699951171875,2170.699951171875,2170.699951171875,0
1996-09-23,2148.60009765625,2148.60009765625,2148.60009765625,2148.60009765625,0
1996-09-24,2158.5,2158.5,2158.5,2158.5,0
1996-09-25,2184.60009765625,2184.60009765625,2184.60009765625,2184.60009765625,0
1996-09-26,2204.60009765625,2204.60009765625,2204.60009765625,2204.60009765625,0
1996-09-27,2213.699951171875,2213.699951171875,2213.699951171875,2213.699951171875,0
1996-09-30,2218.60009765625,2218.60009765625,2218.60009765625,2218.60009765625,0
1996-10-01,2214.89990234375,2214.89990234375,2214.89990234375,2214.89990234375,0
1996-10-02,2244.199951171875,2244.199951171875,2244.199951171875,2244.199951171875,0
1996-10-03,2243.699951171875,2243.699951171875,2243.699951171875,2243.699951171875,0
1996-10-04,2246.0,2246.0,2246.0,2246.0,0
1996-10-07,2272.5,2272.5,2272.5,2272.5,0
1996-10-08,2263.89990234375,2263.89990234375,2263.89990234375,2263.89990234375,0
1996-10-09,2241.199951171875,2241.199951171875,2241.199951171875,2241.199951171875,0
1996-10-10,2254.10009765625,2254.10009765625,2254.10009765625,2254.10009765625,0
1996-10-11,2266.10009765625,2266.10009765625,2266.10009765625,2266.10009765625,0
1996-10-14,2294.199951171875,2294.199951171875,2294.199951171875,2294.199951171875,0
1996-10-15,2298.300048828125,2298.300048828125,2298.300048828125,2298.300048828125,0
1996-10-16,2296.89990234375,2296.89990234375,2296.89990234375,2296.89990234375,0
1996-10-17,2286.0,2286.0,2286.0,2286.0,0
1996-10-18,2285.89990234375,2285.89990234375,2285.89990234375,2285.89990234375,0
1996-10-21,2295.10009765625,2295.10009765625,2295.10009765625,2295.10009765625,0
1996-10-22,2286.10009765625,2286.10009765625,2286.10009765625,2286.10009765625,0
1996-10-23,2280.199951171875,2280.199951171875,2280.199951171875,2280.199951171875,0
1996-10-24,2312.800048828125,2312.800048828125,2312.800048828125,2312.800048828125,0
1996-10-25,2271.10009765625,2271.10009765625,2271.10009765625,2271.10009765625,0
1996-10-28,2270.199951171875,2270.199951171875,2270.199951171875,2270.199951171875,0
1996-10-29,2260.0,2260.0,2260.0,2260.0,0
1996-10-30,2272.60009765625,2272.60009765625,2272.60009765625,2272.60009765625,0
1996-10-31,2286.199951171875,2286.199951171875,2286.199951171875,2286.199951171875,0
1996-11-01,2276.10009765625,2276.10009765625,2276.10009765625,2276.10009765625,0
1996-11-04,2293.89990234375,2293.89990234375,2293.89990234375,2293.89990234375,0
1996-11-05,2296.800048828125,2296.800048828125,2296.800048828125,2296.800048828125,0
1996-11-06,2294.0,2294.0,2294.0,2294.0,0
1996-11-07,2278.39990234375,2278.39990234375,2278.39990234375,2278.39990234375,0
1996-11-08,2294.199951171875,2294.199951171875,2294.199951171875,2294.199951171875,0
1996-11-11,2289.300048828125,2289.300048828125,2289.300048828125,2289.300048828125,0
1996-11-12,2273.60009765625,2273.60009765625,2273.60009765625,2273.60009765625,0
1996-11-13,2276.89990234375,2276.89990234375,2276.89990234375,2276.89990234375,0
1996-11-14,2291.39990234375,2291.39990234375,2291.39990234375,2291.39990234375,0
1996-11-15,2315.800048828125,2315.800048828125,2315.800048828125,2315.800048828125,0
1996-11-18,2312.199951171875,2312.199951171875,2312.199951171875,2312.199951171875,0
1996-11-19,2295.199951171875,2295.199951171875,2295.199951171875,2295.199951171875,0
1996-11-20,2323.199951171875,2323.199951171875,2323.199951171875,2323.199951171875,0
1996-11-21,2324.199951171875,2324.199951171875,2324.199951171875,2324.199951171875,0
1996-11-22,2316.800048828125,2316.800048828125,2316.800048828125,2316.800048828125,0
1996-11-25,2327.89990234375,2327.89990234375,2327.89990234375,2327.89990234375,0
1996-11-26,2318.699951171875,2318.699951171875,2318.699951171875,2318.699951171875,0
1996-11-27,2313.89990234375,2313.89990234375,2313.89990234375,2313.89990234375,0
1996-11-28,2323.39990234375,2323.39990234375,2323.39990234375,2323.39990234375,0
1996-11-29,2325.89990234375,2325.89990234375,2325.89990234375,2325.89990234375,0
1996-12-02,2322.800048828125,2322.800048828125,2322.800048828125,2322.800048828125,0
1996-12-03,2318.300048828125,2318.300048828125,2318.300048828125,2318.300048828125,0
1996-12-04,2309.699951171875,2309.699951171875,2309.699951171875,2309.699951171875,0
1996-12-05,2322.60009765625,2322.60009765625,2322.60009765625,2322.60009765625,0
1996-12-06,2255.39990234375,2255.39990234375,2255.39990234375,2255.39990234375,0
1996-12-09,2282.5,2282.5,2282.5,2282.5,0
1996-12-10,2306.89990234375,2306.89990234375,2306.89990234375,2306.89990234375,0
1996-12-11,2303.699951171875,2303.699951171875,2303.699951171875,2303.699951171875,0
1996-12-12,2284.10009765625,2284.10009765625,2284.10009765625,2284.10009765625,0
1996-12-13,2259.89990234375,2259.89990234375,2259.89990234375,2259.89990234375,0
1996-12-16,2281.89990234375,2281.89990234375,2281.89990234375,2281.89990234375,0
1996-12-17,2260.0,2260.0,2260.0,2260.0,0
1996-12-18,2268.199951171875,2268.199951171875,2268.199951171875,2268.199951171875,0
1996-12-19,2276.699951171875,2276.699951171875,2276.699951171875,2276.699951171875,0
1996-12-20,2321.39990234375,2321.39990234375,2321.39990234375,2321.39990234375,0
1996-12-23,2327.300048828125,2327.300048828125,2327.300048828125,2327.300048828125,0
1996-12-24,2326.60009765625,2326.60009765625,2326.60009765625,2326.60009765625,0
1996-12-27,2340.300048828125,2340.300048828125,2340.300048828125,2340.300048828125,0
1996-12-30,2357.800048828125,2357.800048828125,2357.800048828125,2357.800048828125,0
1996-12-31,2367.800048828125,2367.800048828125,2367.800048828125,2367.800048828125,0
1997-01-02,2355.39990234375,2355.39990234375,2355.39990234375,2355.39990234375,0
1997-01-03,2344.800048828125,2344.800048828125,2344.800048828125,2344.800048828125,0
1997-01-06,2356.199951171875,2356.199951171875,2356.199951171875,2356.199951171875,0
1997-01-07,2347.39990234375,2347.39990234375,2347.39990234375,2347.39990234375,0
1997-01-08,2362.199951171875,2362.199951171875,2362.199951171875,2362.199951171875,0
1997-01-09,2370.60009765625,2370.60009765625,2370.60009765625,2370.60009765625,0
1997-01-10,2364.10009765625,2364.10009765625,2364.10009765625,2364.10009765625,0
1997-01-13,2367.60009765625,2367.60009765625,2367.60009765625,2367.60009765625,0
1997-01-14,2363.800048828125,2363.800048828125,2363.800048828125,2363.800048828125,0
1997-01-15,2382.800048828125,2382.800048828125,2382.800048828125,2382.800048828125,0
1997-01-16,2382.10009765625,2382.10009765625,2382.10009765625,2382.10009765625,0
1997-01-17,2380.699951171875,2380.699951171875,2380.699951171875,2380.699951171875,0
1997-01-20,2388.5,2388.5,2388.5,2388.5,0
1997-01-21,2374.0,2374.0,2374.0,2374.0,0
1997-01-22,2377.39990234375,2377.39990234375,2377.39990234375,2377.39990234375,0
1997-01-23,2379.10009765625,2379.10009765625,2379.10009765625,2379.10009765625,0
1997-01-24,2369.5,2369.5,2369.5,2369.5,0
1997-01-28,2351.699951171875,2351.699951171875,2351.699951171875,2351.699951171875,0
1997-01-29,2361.89990234375,2361.89990234375,2361.89990234375,2361.89990234375,0
1997-01-30,2365.10009765625,2365.10009765625,2365.10009765625,2365.10009765625,0
1997-01-31,2370.699951171875,2370.699951171875,2370.699951171875,2370.699951171875,0
1997-02-03,2375.199951171875,2375.199951171875,2375.199951171875,2375.199951171875,0
1997-02-04,2355.89990234375,2355.89990234375,2355.89990234375,2355.89990234375,0
1997-02-05,2382.60009765625,2382.60009765625,2382.60009765625,2382.60009765625,0
1997-02-06,2380.0,2380.0,2380.0,2380.0,0
1997-02-07,2390.0,2390.0,2390.0,2390.0,0
1997-02-10,2388.800048828125,2388.800048828125,2388.800048828125,2388.800048828125,0
1997-02-11,2391.300048828125,2391.300048828125,2391.300048828125,2391.300048828125,0
1997-02-12,2417.199951171875,2417.199951171875,2417.199951171875,2417.199951171875,0
1997-02-13,2438.300048828125,2438.300048828125,2438.300048828125,2438.300048828125,0
1997-02-14,2424.39990234375,2424.39990234375,2424.39990234375,2424.39990234375,0
1997-02-17,2435.800048828125,2435.800048828125,2435.800048828125,2435.800048828125,0
1997-02-18,2444.0,2444.0,2444.0,2444.0,0
1997-02-19,2431.10009765625,2431.10009765625,2431.10009765625,2431.10009765625,0
1997-02-20,2415.199951171875,2415.199951171875,2415.199951171875,2415.199951171875,0
1997-02-21,2413.300048828125,2413.300048828125,2413.300048828125,2413.300048828125,0
1997-02-24,2422.39990234375,2422.39990234375,2422.39990234375,2422.39990234375,0
1997-02-25,2441.199951171875,2441.199951171875,2441.199951171875,2441.199951171875,0
1997-02-26,2422.60009765625,2422.60009765625,2422.60009765625,2422.60009765625,0
1997-02-27,2402.800048828125,2402.800048828125,2402.800048828125,2402.800048828125,0
1997-02-28,2386.0,2386.0,2386.0,2386.0,0
1997-03-03,2357.800048828125,2357.800048828125,2357.800048828125,2357.800048828125,0
1997-03-04,2369.10009765625,2369.10009765625,2369.10009765625,2369.10009765625,0
1997-03-05,2371.0,2371.0,2371.0,2371.0,0
1997-03-06,2385.300048828125,2385.300048828125,2385.300048828125,2385.300048828125,0
1997-03-07,2376.199951171875,2376.199951171875,2376.199951171875,2376.199951171875,0
1997-03-10,2399.10009765625,2399.10009765625,2399.10009765625,2399.10009765625,0
1997-03-11,2404.89990234375,2404.89990234375,2404.89990234375,2404.89990234375,0
1997-03-12,2390.0,2390.0,2390.0,2390.0,0
1997-03-13,2388.60009765625,2388.60009765625,2388.60009765625,2388.60009765625,0
1997-03-14,2360.199951171875,2360.199951171875,2360.199951171875,2360.199951171875,0
1997-03-17,2363.60009765625,2363.60009765625,2363.60009765625,2363.60009765625,0
1997-03-18,2339.60009765625,2339.60009765625,2339.60009765625,2339.60009765625,0
1997-03-19,2321.199951171875,2321.199951171875,2321.199951171875,2321.199951171875,0
1997-03-20,2328.800048828125,2328.800048828125,2328.800048828125,2328.800048828125,0
1997-03-21,2325.699951171875,2325.699951171875,2325.699951171875,2325.699951171875,0
1997-03-24,2342.60009765625,2342.60009765625,2342.60009765625,2342.60009765625,0
1997-03-25,2342.60009765625,2342.60009765625,2342.60009765625,2342.60009765625,0
1997-03-26,2344.10009765625,2344.10009765625,2344.10009765625,2344.10009765625,0
1997-03-27,2360.5,2360.5,2360.5,2360.5,0
1997-04-01,2293.800048828125,2293.800048828125,2293.800048828125,2293.800048828125,0
1997-04-02,2295.89990234375,2295.89990234375,2295.89990234375,2295.89990234375,0
1997-04-03,2302.89990234375,2302.89990234375,2302.89990234375,2302.89990234375,0
1997-04-04,2310.89990234375,2310.89990234375,2310.89990234375,2310.89990234375,0
1997-04-07,2307.60009765625,2307.60009765625,2307.60009765625,2307.60009765625,0
1997-04-08,2309.300048828125,2309.300048828125,2309.300048828125,2309.300048828125,0
1997-04-09,2327.699951171875,2327.699951171875,2327.699951171875,2327.699951171875,0
1997-04-10,2330.60009765625,2330.60009765625,2330.60009765625,2330.60009765625,0
1997-04-11,2317.800048828125,2317.800048828125,2317.800048828125,2317.800048828125,0
1997-04-14,2304.5,2304.5,2304.5,2304.5,0
1997-04-15,2318.699951171875,2318.699951171875,2318.699951171875,2318.699951171875,0
1997-04-16,2343.60009765625,2343.60009765625,2343.60009765625,2343.60009765625,0
1997-04-17,2350.0,2350.0,2350.0,2350.0,0
1997-04-18,2380.699951171875,2380.699951171875,2380.699951171875,2380.699951171875,0
1997-04-21,2384.60009765625,2384.60009765625,2384.60009765625,2384.60009765625,0
1997-04-22,2386.5,2386.5,2386.5,2386.5,0
1997-04-23,2408.89990234375,2408.89990234375,2408.89990234375,2408.89990234375,0
1997-04-24,2409.199951171875,2409.199951171875,2409.199951171875,2409.199951171875,0
1997-04-28,2395.300048828125,2395.300048828125,2395.300048828125,2395.300048828125,0
1997-04-29,2414.5,2414.5,2414.5,2414.5,0
1997-04-30,2424.10009765625,2424.10009765625,2424.10009765625,2424.10009765625,0
1997-05-01,2421.300048828125,2421.300048828125,2421.300048828125,2421.300048828125,0
1997-05-02,2427.300048828125,2427.300048828125,2427.300048828125,2427.300048828125,0
1997-05-05,2428.0,2428.0,2428.0,2428.0,0
1997-05-06,2447.0,2447.0,2447.0,2447.0,0
1997-05-07,2453.800048828125,2453.800048828125,2453.800048828125,2453.800048828125,0
1997-05-08,2442.699951171875,2442.699951171875,2442.699951171875,2442.699951171875,0
1997-05-09,2466.10009765625,2466.10009765625,2466.10009765625,2466.10009765625,0
1997-05-12,2464.300048828125,2464.300048828125,2464.300048828125,2464.300048828125,0
1997-05-13,2473.0,2473.0,2473.0,2473.0,0
1997-05-14,2467.800048828125,2467.800048828125,2467.800048828125,2467.800048828125,0
1997-05-15,2461.800048828125,2461.800048828125,2461.800048828125,2461.800048828125,0
1997-05-16,2475.300048828125,2475.300048828125,2475.300048828125,2475.300048828125,0
1997-05-19,2469.10009765625,2469.10009765625,2469.10009765625,2469.10009765625,0
1997-05-20,2469.199951171875,2469.199951171875,2469.199951171875,2469.199951171875,0
1997-05-21,2482.10009765625,2482.10009765625,2482.10009765625,2482.10009765625,0
1997-05-22,2488.60009765625,2488.60009765625,2488.60009765625,2488.60009765625,0
1997-05-23,2504.89990234375,2504.89990234375,2504.89990234375,2504.89990234375,0
1997-05-26,2524.300048828125,2524.300048828125,2524.300048828125,2524.300048828125,0
1997-05-27,2515.300048828125,2515.300048828125,2515.300048828125,2515.300048828125,0
1997-05-28,2520.5,2520.5,2520.5,2520.5,0
1997-05-29,2524.800048828125,2524.800048828125,2524.800048828125,2524.800048828125,0
1997-05-30,2544.89990234375,2544.89990234375,2544.89990234375,2544.89990234375,0
1997-06-02,2560.5,2560.5,2560.5,2560.5,0
1997-06-03,2545.5,2545.5,2545.5,2545.5,0
1997-06-04,2546.199951171875,2546.199951171875,2546.199951171875,2546.199951171875,0
1997-06-05,2535.0,2535.0,2535.0,2535.0,0
1997-06-06,2532.0,2532.0,2532.0,2532.0,0
1997-06-10,2563.300048828125,2563.300048828125,2563.300048828125,2563.300048828125,0
1997-06-11,2546.699951171875,2546.699951171875,2546.699951171875,2546.699951171875,0
1997-06-12,2573.89990234375,2573.89990234375,2573.89990234375,2573.89990234375,0
1997-06-13,2591.0,2591.0,2591.0,2591.0,0
1997-06-16,2606.199951171875,2606.199951171875,2606.199951171875,2606.199951171875,0
1997-06-17,2620.10009765625,2620.10009765625,2620.10009765625,2620.10009765625,0
1997-06-18,2612.699951171875,2612.699951171875,2612.699951171875,2612.699951171875,0
1997-06-19,2635.39990234375,2635.39990234375,2635.39990234375,2635.39990234375,0
1997-06-20,2654.0,2654.0,2654.0,2654.0,0
1997-06-23,2647.39990234375,2647.39990234375,2647.39990234375,2647.39990234375,0
1997-06-24,2629.300048828125,2629.300048828125,2629.300048828125,2629.300048828125,0
1997-06-25,2646.300048828125,2646.300048828125,2646.300048828125,2646.300048828125,0
1997-06-26,2640.60009765625,2640.60009765625,2640.60009765625,2640.60009765625,0
1997-06-27,2641.800048828125,2641.800048828125,2641.800048828125,2641.800048828125,0
1997-06-30,2664.699951171875,2664.699951171875,2664.699951171875,2664.699951171875,0
1997-07-01,2660.199951171875,2660.199951171875,2660.199951171875,2660.199951171875,0
1997-07-02,2685.800048828125,2685.800048828125,2685.800048828125,2685.800048828125,0
1997-07-03,2681.300048828125,2681.300048828125,2681.300048828125,2681.300048828125,0
1997-07-04,2673.10009765625,2673.10009765625,2673.10009765625,2673.10009765625,0
1997-07-07,2653.699951171875,2653.699951171875,2653.699951171875,2653.699951171875,0
1997-07-08,2621.800048828125,2621.800048828125,2621.800048828125,2621.800048828125,0
1997-07-09,2637.0,2637.0,2637.0,2637.0,0
1997-07-10,2635.800048828125,2635.800048828125,2635.800048828125,2635.800048828125,0
1997-07-11,2641.10009765625,2641.10009765625,2641.10009765625,2641.10009765625,0
1997-07-14,2614.0,2614.0,2614.0,2614.0,0
1997-07-15,2577.800048828125,2577.800048828125,2577.800048828125,2577.800048828125,0
1997-07-16,2588.60009765625,2588.60009765625,2588.60009765625,2588.60009765625,0
1997-07-17,2612.699951171875,2612.699951171875,2612.699951171875,2612.699951171875,0
1997-07-18,2626.800048828125,2626.800048828125,2626.800048828125,2626.800048828125,0
1997-07-21,2595.800048828125,2595.800048828125,2595.800048828125,2595.800048828125,0
1997-07-22,2597.699951171875,2597.699951171875,2597.699951171875,2597.699951171875,0
1997-07-23,2624.10009765625,2624.10009765625,2624.10009765625,2624.10009765625,0
1997-07-24,2617.10009765625,2617.10009765625,2617.10009765625,2617.10009765625,0
1997-07-25,2631.89990234375,2631.89990234375,2631.89990234375,2631.89990234375,0
1997-07-28,2664.800048828125,2664.800048828125,2664.800048828125,2664.800048828125,0
1997-07-29,2671.699951171875,2671.699951171875,2671.699951171875,2671.699951171875,0
1997-07-30,2672.699951171875,2672.699951171875,2672.699951171875,2672.699951171875,0
1997-07-31,2673.699951171875,2673.699951171875,2673.699951171875,2673.699951171875,0
1997-08-01,2663.0,2663.0,2663.0,2663.0,0
1997-08-04,2641.89990234375,2641.89990234375,2641.89990234375,2641.89990234375,0
1997-08-05,2642.300048828125,2642.300048828125,2642.300048828125,2642.300048828125,0
1997-08-06,2662.60009765625,2662.60009765625,2662.60009765625,2662.60009765625,0
1997-08-07,2652.5,2652.5,2652.5,2652.5,0
1997-08-08,2643.800048828125,2643.800048828125,2643.800048828125,2643.800048828125,0
1997-08-11,2600.89990234375,2600.89990234375,2600.89990234375,2600.89990234375,0
1997-08-12,2583.39990234375,2583.39990234375,2583.39990234375,2583.39990234375,0
1997-08-13,2559.699951171875,2559.699951171875,2559.699951171875,2559.699951171875,0
1997-08-14,2564.0,2564.0,2564.0,2564.0,0
1997-08-15,2602.199951171875,2602.199951171875,2602.199951171875,2602.199951171875,0
1997-08-18,2555.39990234375,2555.39990234375,2555.39990234375,2555.39990234375,0
1997-08-19,2557.5,2557.5,2557.5,2557.5,0
1997-08-20,2567.199951171875,2567.199951171875,2567.199951171875,2567.199951171875,0
1997-08-21,2584.5,2584.5,2584.5,2584.5,0
1997-08-22,2554.60009765625,2554.60009765625,2554.60009765625,2554.60009765625,0
1997-08-25,2571.5,2571.5,2571.5,2571.5,0
1997-08-26,2558.800048828125,2558.800048828125,2558.800048828125,2558.800048828125,0
1997-08-27,2557.89990234375,2557.89990234375,2557.89990234375,2557.89990234375,0
1997-08-28,2563.199951171875,2563.199951171875,2563.199951171875,2563.199951171875,0
1997-08-29,2526.800048828125,2526.800048828125,2526.800048828125,2526.800048828125,0
1997-09-01,2525.300048828125,2525.300048828125,2525.300048828125,2525.300048828125,0
1997-09-02,2515.699951171875,2515.699951171875,2515.699951171875,2515.699951171875,0
1997-09-03,2553.199951171875,2553.199951171875,2553.199951171875,2553.199951171875,0
1997-09-04,2542.89990234375,2542.89990234375,2542.89990234375,2542.89990234375,0
1997-09-05,2561.199951171875,2561.199951171875,2561.199951171875,2561.199951171875,0
1997-09-08,2590.39990234375,2590.39990234375,2590.39990234375,2590.39990234375,0
1997-09-09,2609.89990234375,2609.89990234375,2609.89990234375,2609.89990234375,0
1997-09-10,2600.800048828125,2600.800048828125,2600.800048828125,2600.800048828125,0
1997-09-11,2602.0,2602.0,2602.0,2602.0,0
1997-09-12,2575.89990234375,2575.89990234375,2575.89990234375,2575.89990234375,0
1997-09-15,2599.5,2599.5,2599.5,2599.5,0
1997-09-16,2588.699951171875,2588.699951171875,2588.699951171875,2588.699951171875,0
1997-09-17,2616.0,2616.0,2616.0,2616.0,0
1997-09-18,2634.5,2634.5,2634.5,2634.5,0
1997-09-19,2671.0,2671.0,2671.0,2671.0,0
1997-09-22,2705.699951171875,2705.699951171875,2705.699951171875,2705.699951171875,0
1997-09-23,2718.199951171875,2718.199951171875,2718.199951171875,2718.199951171875,0
1997-09-24,2708.300048828125,2708.300048828125,2708.300048828125,2708.300048828125,0
1997-09-25,2717.300048828125,2717.300048828125,2717.300048828125,2717.300048828125,0
1997-09-26,2714.89990234375,2714.89990234375,2714.89990234375,2714.89990234375,0
1997-09-29,2713.0,2713.0,2713.0,2713.0,0
1997-09-30,2703.10009765625,2703.10009765625,2703.10009765625,2703.10009765625,0
1997-10-01,2716.699951171875,2716.699951171875,2716.699951171875,2716.699951171875,0
1997-10-02,2717.60009765625,2717.60009765625,2717.60009765625,2717.60009765625,0
1997-10-03,2701.10009765625,2701.10009765625,2701.10009765625,2701.10009765625,0
1997-10-06,2707.89990234375,2707.89990234375,2707.89990234375,2707.89990234375,0
1997-10-07,2692.800048828125,2692.800048828125,2692.800048828125,2692.800048828125,0
1997-10-08,2706.699951171875,2706.699951171875,2706.699951171875,2706.699951171875,0
1997-10-09,2660.699951171875,2660.699951171875,2660.699951171875,2660.699951171875,0
1997-10-10,2631.800048828125,2631.800048828125,2631.800048828125,2631.800048828125,0
1997-10-13,2599.699951171875,2599.699951171875,2599.699951171875,2599.699951171875,0
1997-10-14,2598.699951171875,2598.699951171875,2598.699951171875,2598.699951171875,0
1997-10-15,2590.89990234375,2590.89990234375,2590.89990234375,2590.89990234375,0
1997-10-16,2589.10009765625,2589.10009765625,2589.10009765625,2589.10009765625,0
1997-10-17,2582.800048828125,2582.800048828125,2582.800048828125,2582.800048828125,0
1997-10-20,2578.39990234375,2578.39990234375,2578.39990234375,2578.39990234375,0
1997-10-21,2589.5,2589.5,2589.5,2589.5,0
1997-10-22,2621.89990234375,2621.89990234375,2621.89990234375,2621.89990234375,0
1997-10-23,2553.800048828125,2553.800048828125,2553.800048828125,2553.800048828125,0
1997-10-24,2502.89990234375,2502.89990234375,2502.89990234375,2502.89990234375,0
1997-10-27,2425.5,2425.5,2425.5,2425.5,0
1997-10-28,2260.89990234375,2260.89990234375,2260.89990234375,2260.89990234375,0
1997-10-29,2394.10009765625,2394.10009765625,2394.10009765625,2394.10009765625,0
1997-10-30,2389.10009765625,2389.10009765625,2389.10009765625,2389.10009765625,0
1997-10-31,2415.0,2415.0,2415.0,2415.0,0
1997-11-03,2454.39990234375,2454.39990234375,2454.39990234375,2454.39990234375,0
1997-11-04,2500.300048828125,2500.300048828125,2500.300048828125,2500.300048828125,0
1997-11-05,2497.10009765625,2497.10009765625,2497.10009765625,2497.10009765625,0
1997-11-06,2526.199951171875,2526.199951171875,2526.199951171875,2526.199951171875,0
1997-11-07,2464.5,2464.5,2464.5,2464.5,0
1997-11-10,2474.300048828125,2474.300048828125,2474.300048828125,2474.300048828125,0
1997-11-11,2476.300048828125,2476.300048828125,2476.300048828125,2476.300048828125,0
1997-11-12,2463.5,2463.5,2463.5,2463.5,0
1997-11-13,2459.300048828125,2459.300048828125,2459.300048828125,2459.300048828125,0
1997-11-14,2433.39990234375,2433.39990234375,2433.39990234375,2433.39990234375,0
1997-11-17,2441.300048828125,2441.300048828125,2441.300048828125,2441.300048828125,0
1997-11-18,2422.699951171875,2422.699951171875,2422.699951171875,2422.699951171875,0
1997-11-19,2396.0,2396.0,2396.0,2396.0,0
1997-11-20,2389.10009765625,2389.10009765625,2389.10009765625,2389.10009765625,0
1997-11-21,2437.199951171875,2437.199951171875,2437.199951171875,2437.199951171875,0
1997-11-24,2436.199951171875,2436.199951171875,2436.199951171875,2436.199951171875,0
1997-11-25,2411.800048828125,2411.800048828125,2411.800048828125,2411.800048828125,0
1997-11-26,2421.5,2421.5,2421.5,2421.5,0
1997-11-27,2422.0,2422.0,2422.0,2422.0,0
1997-11-28,2424.10009765625,2424.10009765625,2424.10009765625,2424.10009765625,0
1997-12-01,2472.0,2472.0,2472.0,2472.0,0
1997-12-02,2480.699951171875,2480.699951171875,2480.699951171875,2480.699951171875,0
1997-12-03,2515.60009765625,2515.60009765625,2515.60009765625,2515.60009765625,0
1997-12-04,2505.5,2505.5,2505.5,2505.5,0
1997-12-05,2513.0,2513.0,2513.0,2513.0,0
1997-12-08,2544.60009765625,2544.60009765625,2544.60009765625,2544.60009765625,0
1997-12-09,2540.800048828125,2540.800048828125,2540.800048828125,2540.800048828125,0
1997-12-10,2511.199951171875,2511.199951171875,2511.199951171875,2511.199951171875,0
1997-12-11,2474.199951171875,2474.199951171875,2474.199951171875,2474.199951171875,0
1997-12-12,2448.300048828125,2448.300048828125,2448.300048828125,2448.300048828125,0
1997-12-15,2453.0,2453.0,2453.0,2453.0,0
1997-12-16,2466.699951171875,2466.699951171875,2466.699951171875,2466.699951171875,0
1997-12-17,2517.60009765625,2517.60009765625,2517.60009765625,2517.60009765625,0
1997-12-18,2518.10009765625,2518.10009765625,2518.10009765625,2518.10009765625,0
1997-12-19,2480.5,2480.5,2480.5,2480.5,0
1997-12-22,2459.39990234375,2459.39990234375,2459.39990234375,2459.39990234375,0
1997-12-23,2512.10009765625,2512.10009765625,2512.10009765625,2512.10009765625,0
1997-12-24,2507.5,2507.5,2507.5,2507.5,0
1997-12-29,2527.89990234375,2527.89990234375,2527.89990234375,2527.89990234375,0
1997-12-30,2553.39990234375,2553.39990234375,2553.39990234375,2553.39990234375,0
1997-12-31,2567.39990234375,2567.39990234375,2567.39990234375,2567.39990234375,0
1998-01-02,2560.39990234375,2560.39990234375,2560.39990234375,2560.39990234375,0
1998-01-05,2596.0,2596.0,2596.0,2596.0,0
1998-01-06,2637.0,2637.0,2637.0,2637.0,0
1998-01-07,2599.5,2599.5,2599.5,2599.5,0
1998-01-08,2602.89990234375,2602.89990234375,2602.89990234375,2602.89990234375,0
1998-01-09,2552.0,2552.0,2552.0,2552.0,0
1998-01-12,2492.0,2492.0,2492.0,2492.0,0
1998-01-13,2513.60009765625,2513.60009765625,2513.60009765625,2513.60009765625,0
1998-01-14,2556.300048828125,2556.300048828125,2556.300048828125,2556.300048828125,0
1998-01-15,2535.39990234375,2535.39990234375,2535.39990234375,2535.39990234375,0
1998-01-16,2565.0,2565.0,2565.0,2565.0,0
1998-01-19,2603.89990234375,2603.89990234375,2603.89990234375,2603.89990234375,0
1998-01-20,2589.89990234375,2589.89990234375,2589.89990234375,2589.89990234375,0
1998-01-21,2574.60009765625,2574.60009765625,2574.60009765625,2574.60009765625,0
1998-01-22,2552.199951171875,2552.199951171875,2552.199951171875,2552.199951171875,0
1998-01-23,2572.60009765625,2572.60009765625,2572.60009765625,2572.60009765625,0
1998-01-27,2550.699951171875,2550.699951171875,2550.699951171875,2550.699951171875,0
1998-01-28,2569.0,2569.0,2569.0,2569.0,0
1998-01-29,2588.800048828125,2588.800048828125,2588.800048828125,2588.800048828125,0
1998-01-30,2600.800048828125,2600.800048828125,2600.800048828125,2600.800048828125,0
1998-02-02,2613.60009765625,2613.60009765625,2613.60009765625,2613.60009765625,0
1998-02-03,2597.699951171875,2597.699951171875,2597.699951171875,2597.699951171875,0
1998-02-04,2601.89990234375,2601.89990234375,2601.89990234375,2601.89990234375,0
1998-02-05,2600.800048828125,2600.800048828125,2600.800048828125,2600.800048828125,0
1998-02-06,2601.199951171875,2601.199951171875,2601.199951171875,2601.199951171875,0
1998-02-09,2630.699951171875,2630.699951171875,2630.699951171875,2630.699951171875,0
1998-02-10,2611.5,2611.5,2611.5,2611.5,0
1998-02-11,2619.5,2619.5,2619.5,2619.5,0
1998-02-12,2613.199951171875,2613.199951171875,2613.199951171875,2613.199951171875,0
1998-02-13,2591.60009765625,2591.60009765625,2591.60009765625,2591.60009765625,0
1998-02-16,2559.0,2559.0,2559.0,2559.0,0
1998-02-17,2595.10009765625,2595.10009765625,2595.10009765625,2595.10009765625,0
1998-02-18,2599.699951171875,2599.699951171875,2599.699951171875,2599.699951171875,0
1998-02-19,2593.39990234375,2593.39990234375,2593.39990234375,2593.39990234375,0
1998-02-20,2578.300048828125,2578.300048828125,2578.300048828125,2578.300048828125,0
1998-02-23,2586.800048828125,2586.800048828125,2586.800048828125,2586.800048828125,0
1998-02-24,2596.39990234375,2596.39990234375,2596.39990234375,2596.39990234375,0
1998-02-25,2605.300048828125,2605.300048828125,2605.300048828125,2605.300048828125,0
1998-02-26,2627.199951171875,2627.199951171875,2627.199951171875,2627.199951171875,0
1998-02-27,2626.89990234375,2626.89990234375,2626.89990234375,2626.89990234375,0
1998-03-02,2629.800048828125,2629.800048828125,2629.800048828125,2629.800048828125,0
1998-03-03,2620.10009765625,2620.10009765625,2620.10009765625,2620.10009765625,0
1998-03-04,2644.300048828125,2644.300048828125,2644.300048828125,2644.300048828125,0
1998-03-05,2591.800048828125,2591.800048828125,2591.800048828125,2591.800048828125,0
1998-03-06,2609.300048828125,2609.300048828125,2609.300048828125,2609.300048828125,0
1998-03-09,2626.10009765625,2626.10009765625,2626.10009765625,2626.10009765625,0
1998-03-10,2635.199951171875,2635.199951171875,2635.199951171875,2635.199951171875,0
1998-03-11,2655.39990234375,2655.39990234375,2655.39990234375,2655.39990234375,0
1998-03-12,2661.5,2661.5,2661.5,2661.5,0
1998-03-13,2670.89990234375,2670.89990234375,2670.89990234375,2670.89990234375,0
1998-03-16,2669.5,2669.5,2669.5,2669.5,0
1998-03-17,2706.800048828125,2706.800048828125,2706.800048828125,2706.800048828125,0
1998-03-18,2708.699951171875,2708.699951171875,2708.699951171875,2708.699951171875,0
1998-03-19,2709.89990234375,2709.89990234375,2709.89990234375,2709.89990234375,0
1998-03-20,2716.199951171875,2716.199951171875,2716.199951171875,2716.199951171875,0
1998-03-23,2718.800048828125,2718.800048828125,2718.800048828125,2718.800048828125,0
1998-03-24,2733.0,2733.0,2733.0,2733.0,0
1998-03-25,2722.5,2722.5,2722.5,2722.5,0
1998-03-26,2724.199951171875,2724.199951171875,2724.199951171875,2724.199951171875,0
1998-03-27,2703.39990234375,2703.39990234375,2703.39990234375,2703.39990234375,0
1998-03-30,2683.39990234375,2683.39990234375,2683.39990234375,2683.39990234375,0
1998-03-31,2686.0,2686.0,2686.0,2686.0,0
1998-04-01,2694.10009765625,2694.10009765625,2694.10009765625,2694.10009765625,0
1998-04-02,2699.89990234375,2699.89990234375,2699.89990234375,2699.89990234375,0
1998-04-03,2717.699951171875,2717.699951171875,2717.699951171875,2717.699951171875,0
1998-04-06,2741.800048828125,2741.800048828125,2741.800048828125,2741.800048828125,0
1998-04-07,2739.300048828125,2739.300048828125,2739.300048828125,2739.300048828125,0
1998-04-08,2761.10009765625,2761.10009765625,2761.10009765625,2761.10009765625,0
1998-04-09,2753.60009765625,2753.60009765625,2753.60009765625,2753.60009765625,0
1998-04-14,2785.39990234375,2785.39990234375,2785.39990234375,2785.39990234375,0
1998-04-15,2815.60009765625,2815.60009765625,2815.60009765625,2815.60009765625,0
1998-04-16,2826.300048828125,2826.300048828125,2826.300048828125,2826.300048828125,0
1998-04-17,2817.800048828125,2817.800048828125,2817.800048828125,2817.800048828125,0
1998-04-20,2822.0,2822.0,2822.0,2822.0,0
1998-04-21,2815.300048828125,2815.300048828125,2815.300048828125,2815.300048828125,0
1998-04-22,2805.800048828125,2805.800048828125,2805.800048828125,2805.800048828125,0
1998-04-23,2828.199951171875,2828.199951171875,2828.199951171875,2828.199951171875,0
1998-04-24,2803.89990234375,2803.89990234375,2803.89990234375,2803.89990234375,0
1998-04-27,2765.89990234375,2765.89990234375,2765.89990234375,2765.89990234375,0
1998-04-28,2727.300048828125,2727.300048828125,2727.300048828125,2727.300048828125,0
1998-04-29,2695.800048828125,2695.800048828125,2695.800048828125,2695.800048828125,0
1998-04-30,2709.0,2709.0,2709.0,2709.0,0
1998-05-01,2745.89990234375,2745.89990234375,2745.89990234375,2745.89990234375,0
1998-05-04,2754.800048828125,2754.800048828125,2754.800048828125,2754.800048828125,0
1998-05-05,2745.199951171875,2745.199951171875,2745.199951171875,2745.199951171875,0
1998-05-06,2730.699951171875,2730.699951171875,2730.699951171875,2730.699951171875,0
1998-05-07,2724.60009765625,2724.60009765625,2724.60009765625,2724.60009765625,0
1998-05-08,2723.60009765625,2723.60009765625,2723.60009765625,2723.60009765625,0
1998-05-11,2740.800048828125,2740.800048828125,2740.800048828125,2740.800048828125,0
1998-05-12,2729.800048828125,2729.800048828125,2729.800048828125,2729.800048828125,0
1998-05-13,2717.199951171875,2717.199951171875,2717.199951171875,2717.199951171875,0
1998-05-14,2701.800048828125,2701.800048828125,2701.800048828125,2701.800048828125,0
1998-05-15,2706.39990234375,2706.39990234375,2706.39990234375,2706.39990234375,0
1998-05-18,2671.300048828125,2671.300048828125,2671.300048828125,2671.300048828125,0
1998-05-19,2681.5,2681.5,2681.5,2681.5,0
1998-05-20,2661.5,2661.5,2661.5,2661.5,0
1998-05-21,2673.699951171875,2673.699951171875,2673.699951171875,2673.699951171875,0
1998-05-22,2664.10009765625,2664.10009765625,2664.10009765625,2664.10009765625,0
1998-05-25,2668.800048828125,2668.800048828125,2668.800048828125,2668.800048828125,0
1998-05-26,2673.39990234375,2673.39990234375,2673.39990234375,2673.39990234375,0
1998-05-27,2625.60009765625,2625.60009765625,2625.60009765625,2625.60009765625,0
1998-05-28,2654.5,2654.5,2654.5,2654.5,0
1998-05-29,2655.300048828125,2655.300048828125,2655.300048828125,2655.300048828125,0
1998-06-01,2631.5,2631.5,2631.5,2631.5,0
1998-06-02,2613.89990234375,2613.89990234375,2613.89990234375,2613.89990234375,0
1998-06-03,2604.60009765625,2604.60009765625,2604.60009765625,2604.60009765625,0
1998-06-04,2600.800048828125,2600.800048828125,2600.800048828125,2600.800048828125,0
1998-06-05,2584.89990234375,2584.89990234375,2584.89990234375,2584.89990234375,0
1998-06-09,2567.199951171875,2567.199951171875,2567.199951171875,2567.199951171875,0
1998-06-10,2537.10009765625,2537.10009765625,2537.10009765625,2537.10009765625,0
1998-06-11,2501.300048828125,2501.300048828125,2501.300048828125,2501.300048828125,0
1998-06-12,2516.5,2516.5,2516.5,2516.5,0
1998-06-15,2550.60009765625,2550.60009765625,2550.60009765625,2550.60009765625,0
1998-06-16,2487.800048828125,2487.800048828125,2487.800048828125,2487.800048828125,0
1998-06-17,2507.10009765625,2507.10009765625,2507.10009765625,2507.10009765625,0
1998-06-18,2572.10009765625,2572.10009765625,2572.10009765625,2572.10009765625,0
1998-06-19,2553.89990234375,2553.89990234375,2553.89990234375,2553.89990234375,0
1998-06-22,2560.10009765625,2560.10009765625,2560.10009765625,2560.10009765625,0
1998-06-23,2543.800048828125,2543.800048828125,2543.800048828125,2543.800048828125,0
1998-06-24,2550.699951171875,2550.699951171875,2550.699951171875,2550.699951171875,0
1998-06-25,2546.0,2546.0,2546.0,2546.0,0
1998-06-26,2563.5,2563.5,2563.5,2563.5,0
1998-06-29,2570.800048828125,2570.800048828125,2570.800048828125,2570.800048828125,0
1998-06-30,2620.10009765625,2620.10009765625,2620.10009765625,2620.10009765625,0
1998-07-01,2655.699951171875,2655.699951171875,2655.699951171875,2655.699951171875,0
1998-07-02,2697.199951171875,2697.199951171875,2697.199951171875,2697.199951171875,0
1998-07-03,2694.89990234375,2694.89990234375,2694.89990234375,2694.89990234375,0
1998-07-06,2703.199951171875,2703.199951171875,2703.199951171875,2703.199951171875,0
1998-07-07,2722.10009765625,2722.10009765625,2722.10009765625,2722.10009765625,0
1998-07-08,2725.699951171875,2725.699951171875,2725.699951171875,2725.699951171875,0
1998-07-09,2739.89990234375,2739.89990234375,2739.89990234375,2739.89990234375,0
1998-07-10,2703.699951171875,2703.699951171875,2703.699951171875,2703.699951171875,0
1998-07-13,2671.199951171875,2671.199951171875,2671.199951171875,2671.199951171875,0
1998-07-14,2700.0,2700.0,2700.0,2700.0,0
1998-07-15,2717.800048828125,2717.800048828125,2717.800048828125,2717.800048828125,0
1998-07-16,2750.300048828125,2750.300048828125,2750.300048828125,2750.300048828125,0
1998-07-17,2758.89990234375,2758.89990234375,2758.89990234375,2758.89990234375,0
1998-07-20,2733.199951171875,2733.199951171875,2733.199951171875,2733.199951171875,0
1998-07-21,2733.60009765625,2733.60009765625,2733.60009765625,2733.60009765625,0
1998-07-22,2711.10009765625,2711.10009765625,2711.10009765625,2711.10009765625,0
1998-07-23,2696.39990234375,2696.39990234375,2696.39990234375,2696.39990234375,0
1998-07-24,2689.800048828125,2689.800048828125,2689.800048828125,2689.800048828125,0
1998-07-27,2660.60009765625,2660.60009765625,2660.60009765625,2660.60009765625,0
1998-07-28,2673.699951171875,2673.699951171875,2673.699951171875,2673.699951171875,0
1998-07-29,2647.10009765625,2647.10009765625,2647.10009765625,2647.10009765625,0
1998-07-30,2657.89990234375,2657.89990234375,2657.89990234375,2657.89990234375,0
1998-07-31,2661.300048828125,2661.300048828125,2661.300048828125,2661.300048828125,0
1998-08-03,2629.0,2629.0,2629.0,2629.0,0
1998-08-04,2636.699951171875,2636.699951171875,2636.699951171875,2636.699951171875,0
1998-08-05,2597.60009765625,2597.60009765625,2597.60009765625,2597.60009765625,0
1998-08-06,2559.10009765625,2559.10009765625,2559.10009765625,2559.10009765625,0
1998-08-07,2554.60009765625,2554.60009765625,2554.60009765625,2554.60009765625,0
1998-08-10,2554.39990234375,2554.39990234375,2554.39990234375,2554.39990234375,0
1998-08-11,2518.5,2518.5,2518.5,2518.5,0
1998-08-12,2510.800048828125,2510.800048828125,2510.800048828125,2510.800048828125,0
1998-08-13,2504.800048828125,2504.800048828125,2504.800048828125,2504.800048828125,0
1998-08-14,2529.300048828125,2529.300048828125,2529.300048828125,2529.300048828125,0
1998-08-17,2493.5,2493.5,2493.5,2493.5,0
1998-08-18,2530.89990234375,2530.89990234375,2530.89990234375,2530.89990234375,0
1998-08-19,2600.699951171875,2600.699951171875,2600.699951171875,2600.699951171875,0
1998-08-20,2618.699951171875,2618.699951171875,2618.699951171875,2618.699951171875,0
1998-08-21,2594.39990234375,2594.39990234375,2594.39990234375,2594.39990234375,0
1998-08-24,2561.199951171875,2561.199951171875,2561.199951171875,2561.199951171875,0
1998-08-25,2580.199951171875,2580.199951171875,2580.199951171875,2580.199951171875,0
1998-08-26,2562.0,2562.0,2562.0,2562.0,0
1998-08-27,2512.5,2512.5,2512.5,2512.5,0
1998-08-28,2470.60009765625,2470.60009765625,2470.60009765625,2470.60009765625,0
1998-08-31,2430.10009765625,2430.10009765625,2430.10009765625,2430.10009765625,0
1998-09-01,2405.199951171875,2405.199951171875,2405.199951171875,2405.199951171875,0
1998-09-02,2459.800048828125,2459.800048828125,2459.800048828125,2459.800048828125,0
1998-09-03,2456.800048828125,2456.800048828125,2456.800048828125,2456.800048828125,0
1998-09-04,2446.5,2446.5,2446.5,2446.5,0
1998-09-07,2510.5,2510.5,2510.5,2510.5,0
1998-09-08,2496.89990234375,2496.89990234375,2496.89990234375,2496.89990234375,0
1998-09-09,2484.60009765625,2484.60009765625,2484.60009765625,2484.60009765625,0
1998-09-10,2464.800048828125,2464.800048828125,2464.800048828125,2464.800048828125,0
1998-09-11,2402.800048828125,2402.800048828125,2402.800048828125,2402.800048828125,0
1998-09-14,2446.699951171875,2446.699951171875,2446.699951171875,2446.699951171875,0
1998-09-15,2495.39990234375,2495.39990234375,2495.39990234375,2495.39990234375,0
1998-09-16,2494.800048828125,2494.800048828125,2494.800048828125,2494.800048828125,0
1998-09-17,2483.300048828125,2483.300048828125,2483.300048828125,2483.300048828125,0
1998-09-18,2479.0,2479.0,2479.0,2479.0,0
1998-09-21,2463.60009765625,2463.60009765625,2463.60009765625,2463.60009765625,0
1998-09-22,2477.10009765625,2477.10009765625,2477.10009765625,2477.10009765625,0
1998-09-23,2516.300048828125,2516.300048828125,2516.300048828125,2516.300048828125,0
1998-09-24,2560.39990234375,2560.39990234375,2560.39990234375,2560.39990234375,0
1998-09-25,2504.699951171875,2504.699951171875,2504.699951171875,2504.699951171875,0
1998-09-28,2528.199951171875,2528.199951171875,2528.199951171875,2528.199951171875,0
1998-09-29,2532.89990234375,2532.89990234375,2532.89990234375,2532.89990234375,0
1998-09-30,2511.300048828125,2511.300048828125,2511.300048828125,2511.300048828125,0
1998-10-01,2491.89990234375,2491.89990234375,2491.89990234375,2491.89990234375,0
1998-10-02,2449.10009765625,2449.10009765625,2449.10009765625,2449.10009765625,0
1998-10-05,2427.60009765625,2427.60009765625,2427.60009765625,2427.60009765625,0
1998-10-06,2401.5,2401.5,2401.5,2401.5,0
1998-10-07,2451.89990234375,2451.89990234375,2451.89990234375,2451.89990234375,0
1998-10-08,2412.60009765625,2412.60009765625,2412.60009765625,2412.60009765625,0
1998-10-09,2400.60009765625,2400.60009765625,2400.60009765625,2400.60009765625,0
1998-10-12,2416.39990234375,2416.39990234375,2416.39990234375,2416.39990234375,0
1998-10-13,2406.10009765625,2406.10009765625,2406.10009765625,2406.10009765625,0
1998-10-14,2383.0,2383.0,2383.0,2383.0,0
1998-10-15,2377.89990234375,2377.89990234375,2377.89990234375,2377.89990234375,0
1998-10-16,2432.300048828125,2432.300048828125,2432.300048828125,2432.300048828125,0
1998-10-19,2435.199951171875,2435.199951171875,2435.199951171875,2435.199951171875,0
1998-10-20,2434.89990234375,2434.89990234375,2434.89990234375,2434.89990234375,0
1998-10-21,2464.10009765625,2464.10009765625,2464.10009765625,2464.10009765625,0
1998-10-22,2464.39990234375,2464.39990234375,2464.39990234375,2464.39990234375,0
1998-10-23,2467.300048828125,2467.300048828125,2467.300048828125,2467.300048828125,0
1998-10-26,2484.60009765625,2484.60009765625,2484.60009765625,2484.60009765625,0
1998-10-27,2501.699951171875,2501.699951171875,2501.699951171875,2501.699951171875,0
1998-10-28,2533.199951171875,2533.199951171875,2533.199951171875,2533.199951171875,0
1998-10-29,2532.800048828125,2532.800048828125,2532.800048828125,2532.800048828125,0
1998-10-30,2563.0,2563.0,2563.0,2563.0,0
1998-11-02,2589.60009765625,2589.60009765625,2589.60009765625,2589.60009765625,0
1998-11-03,2596.10009765625,2596.10009765625,2596.10009765625,2596.10009765625,0
1998-11-04,2601.39990234375,2601.39990234375,2601.39990234375,2601.39990234375,0
1998-11-05,2593.60009765625,2593.60009765625,2593.60009765625,2593.60009765625,0
1998-11-06,2618.5,2618.5,2618.5,2618.5,0
1998-11-09,2612.10009765625,2612.10009765625,2612.10009765625,2612.10009765625,0
1998-11-10,2606.0,2606.0,2606.0,2606.0,0
1998-11-11,2649.60009765625,2649.60009765625,2649.60009765625,2649.60009765625,0
1998-11-12,2635.10009765625,2635.10009765625,2635.10009765625,2635.10009765625,0
1998-11-13,2606.60009765625,2606.60009765625,2606.60009765625,2606.60009765625,0
1998-11-16,2599.800048828125,2599.800048828125,2599.800048828125,2599.800048828125,0
1998-11-17,2600.0,2600.0,2600.0,2600.0,0
1998-11-18,2591.0,2591.0,2591.0,2591.0,0
1998-11-19,2597.800048828125,2597.800048828125,2597.800048828125,2597.800048828125,0
1998-11-20,2619.199951171875,2619.199951171875,2619.199951171875,2619.199951171875,0
1998-11-23,2664.89990234375,2664.89990234375,2664.89990234375,2664.89990234375,0
1998-11-24,2677.5,2677.5,2677.5,2677.5,0
1998-11-25,2668.800048828125,2668.800048828125,2668.800048828125,2668.800048828125,0
1998-11-26,2691.39990234375,2691.39990234375,2691.39990234375,2691.39990234375,0
1998-11-27,2689.300048828125,2689.300048828125,2689.300048828125,2689.300048828125,0
1998-11-30,2685.60009765625,2685.60009765625,2685.60009765625,2685.60009765625,0
1998-12-01,2646.0,2646.0,2646.0,2646.0,0
1998-12-02,2672.39990234375,2672.39990234375,2672.39990234375,2672.39990234375,0
1998-12-03,2630.39990234375,2630.39990234375,2630.39990234375,2630.39990234375,0
1998-12-04,2637.10009765625,2637.10009765625,2637.10009765625,2637.10009765625,0
1998-12-07,2657.5,2657.5,2657.5,2657.5,0
1998-12-08,2673.10009765625,2673.10009765625,2673.10009765625,2673.10009765625,0
1998-12-09,2655.5,2655.5,2655.5,2655.5,0
1998-12-10,2671.0,2671.0,2671.0,2671.0,0
1998-12-11,2636.699951171875,2636.699951171875,2636.699951171875,2636.699951171875,0
1998-12-14,2586.89990234375,2586.89990234375,2586.89990234375,2586.89990234375,0
1998-12-15,2596.60009765625,2596.60009765625,2596.60009765625,2596.60009765625,0
1998-12-16,2602.699951171875,2602.699951171875,2602.699951171875,2602.699951171875,0
1998-12-17,2640.0,2640.0,2640.0,2640.0,0
1998-12-18,2652.300048828125,2652.300048828125,2652.300048828125,2652.300048828125,0
1998-12-21,2641.199951171875,2641.199951171875,2641.199951171875,2641.199951171875,0
1998-12-22,2666.199951171875,2666.199951171875,2666.199951171875,2666.199951171875,0
1998-12-23,2659.800048828125,2659.800048828125,2659.800048828125,2659.800048828125,0
1998-12-24,2667.800048828125,2667.800048828125,2667.800048828125,2667.800048828125,0
1998-12-29,2669.60009765625,2669.60009765625,2669.60009765625,2669.60009765625,0
1998-12-30,2689.800048828125,2689.800048828125,2689.800048828125,2689.800048828125,0
1998-12-31,2717.60009765625,2717.60009765625,2717.60009765625,2717.60009765625,0
1999-01-04,2732.199951171875,2732.199951171875,2732.199951171875,2732.199951171875,0
1999-01-05,2716.60009765625,2716.60009765625,2716.60009765625,2716.60009765625,0
1999-01-06,2755.60009765625,2755.60009765625,2755.60009765625,2755.60009765625,0
1999-01-07,2800.39990234375,2800.39990234375,2800.39990234375,2800.39990234375,0
1999-01-08,2757.39990234375,2757.39990234375,2757.39990234375,2757.39990234375,0
1999-01-11,2749.699951171875,2749.699951171875,2749.699951171875,2749.699951171875,0
1999-01-12,2746.60009765625,2746.60009765625,2746.60009765625,2746.60009765625,0
1999-01-13,2721.39990234375,2721.39990234375,2721.39990234375,2721.39990234375,0
1999-01-14,2704.10009765625,2704.10009765625,2704.10009765625,2704.10009765625,0
1999-01-15,2709.39990234375,2709.39990234375,2709.39990234375,2709.39990234375,0
1999-01-18,2724.89990234375,2724.89990234375,2724.89990234375,2724.89990234375,0
1999-01-19,2747.300048828125,2747.300048828125,2747.300048828125,2747.300048828125,0
1999-01-20,2764.800048828125,2764.800048828125,2764.800048828125,2764.800048828125,0
1999-01-21,2743.199951171875,2743.199951171875,2743.199951171875,2743.199951171875,0
1999-01-22,2736.699951171875,2736.699951171875,2736.699951171875,2736.699951171875,0
1999-01-25,2713.10009765625,2713.10009765625,2713.10009765625,2713.10009765625,0
1999-01-27,2738.800048828125,2738.800048828125,2738.800048828125,2738.800048828125,0
1999-01-28,2765.10009765625,2765.10009765625,2765.10009765625,2765.10009765625,0
1999-01-29,2781.699951171875,2781.699951171875,2781.699951171875,2781.699951171875,0
1999-02-01,2805.0,2805.0,2805.0,2805.0,0
1999-02-02,2790.199951171875,2790.199951171875,2790.199951171875,2790.199951171875,0
1999-02-03,2803.60009765625,2803.60009765625,2803.60009765625,2803.60009765625,0
1999-02-04,2823.800048828125,2823.800048828125,2823.800048828125,2823.800048828125,0
1999-02-05,2794.800048828125,2794.800048828125,2794.800048828125,2794.800048828125,0
1999-02-08,2784.39990234375,2784.39990234375,2784.39990234375,2784.39990234375,0
1999-02-09,2780.199951171875,2780.199951171875,2780.199951171875,2780.199951171875,0
1999-02-10,2747.199951171875,2747.199951171875,2747.199951171875,2747.199951171875,0
1999-02-11,2758.39990234375,2758.39990234375,2758.39990234375,2758.39990234375,0
1999-02-12,2777.89990234375,2777.89990234375,2777.89990234375,2777.89990234375,0
1999-02-15,2768.300048828125,2768.300048828125,2768.300048828125,2768.300048828125,0
1999-02-16,2753.39990234375,2753.39990234375,2753.39990234375,2753.39990234375,0
1999-02-17,2771.89990234375,2771.89990234375,2771.89990234375,2771.89990234375,0
1999-02-18,2772.300048828125,2772.300048828125,2772.300048828125,2772.300048828125,0
1999-02-19,2807.89990234375,2807.89990234375,2807.89990234375,2807.89990234375,0
1999-02-22,2799.39990234375,2799.39990234375,2799.39990234375,2799.39990234375,0
1999-02-23,2811.0,2811.0,2811.0,2811.0,0
1999-02-24,2819.10009765625,2819.10009765625,2819.10009765625,2819.10009765625,0
1999-02-25,2790.89990234375,2790.89990234375,2790.89990234375,2790.89990234375,0
1999-02-26,2768.39990234375,2768.39990234375,2768.39990234375,2768.39990234375,0
1999-03-01,2794.10009765625,2794.10009765625,2794.10009765625,2794.10009765625,0
1999-03-02,2776.60009765625,2776.60009765625,2776.60009765625,2776.60009765625,0
1999-03-03,2773.10009765625,2773.10009765625,2773.10009765625,2773.10009765625,0
1999-03-04,2769.39990234375,2769.39990234375,2769.39990234375,2769.39990234375,0
1999-03-05,2785.5,2785.5,2785.5,2785.5,0
1999-03-08,2811.10009765625,2811.10009765625,2811.10009765625,2811.10009765625,0
1999-03-09,2801.800048828125,2801.800048828125,2801.800048828125,2801.800048828125,0
1999-03-10,2812.199951171875,2812.199951171875,2812.199951171875,2812.199951171875,0
1999-03-11,2831.10009765625,2831.10009765625,2831.10009765625,2831.10009765625,0
1999-03-12,2843.300048828125,2843.300048828125,2843.300048828125,2843.300048828125,0
1999-03-15,2874.10009765625,2874.10009765625,2874.10009765625,2874.10009765625,0
1999-03-16,2874.5,2874.5,2874.5,2874.5,0
1999-03-17,2864.0,2864.0,2864.0,2864.0,0
1999-03-18,2857.89990234375,2857.89990234375,2857.89990234375,2857.89990234375,0
1999-03-19,2876.10009765625,2876.10009765625,2876.10009765625,2876.10009765625,0
1999-03-22,2881.300048828125,2881.300048828125,2881.300048828125,2881.300048828125,0
1999-03-23,2885.800048828125,2885.800048828125,2885.800048828125,2885.800048828125,0
1999-03-24,2865.5,2865.5,2865.5,2865.5,0
1999-03-25,2887.300048828125,2887.300048828125,2887.300048828125,2887.300048828125,0
1999-03-26,2896.300048828125,2896.300048828125,2896.300048828125,2896.300048828125,0
1999-03-29,2873.300048828125,2873.300048828125,2873.300048828125,2873.300048828125,0
1999-03-30,2894.0,2894.0,2894.0,2894.0,0
1999-03-31,2867.0,2867.0,2867.0,2867.0,0
1999-04-01,2872.699951171875,2872.699951171875,2872.699951171875,2872.699951171875,0
1999-04-06,2938.60009765625,2938.60009765625,2938.60009765625,2938.60009765625,0
1999-04-07,2938.300048828125,2938.300048828125,2938.300048828125,2938.300048828125,0
1999-04-08,2969.39990234375,2969.39990234375,2969.39990234375,2969.39990234375,0
1999-04-09,2971.699951171875,2971.699951171875,2971.699951171875,2971.699951171875,0
1999-04-12,2955.10009765625,2955.10009765625,2955.10009765625,2955.10009765625,0
1999-04-13,2990.89990234375,2990.89990234375,2990.89990234375,2990.89990234375,0
1999-04-14,3003.0,3003.0,3003.0,3003.0,0
1999-04-15,3011.39990234375,3011.39990234375,3011.39990234375,3011.39990234375,0
1999-04-16,3021.89990234375,3021.89990234375,3021.89990234375,3021.89990234375,0
1999-04-19,3040.60009765625,3040.60009765625,3040.60009765625,3040.60009765625,0
1999-04-20,3013.800048828125,3013.800048828125,3013.800048828125,3013.800048828125,0
1999-04-21,2993.89990234375,2993.89990234375,2993.89990234375,2993.89990234375,0
1999-04-22,3042.199951171875,3042.199951171875,3042.199951171875,3042.199951171875,0
1999-04-23,3045.699951171875,3045.699951171875,3045.699951171875,3045.699951171875,0
1999-04-26,3052.89990234375,3052.89990234375,3052.89990234375,3052.89990234375,0
1999-04-27,3067.5,3067.5,3067.5,3067.5,0
1999-04-28,3044.699951171875,3044.699951171875,3044.699951171875,3044.699951171875,0
1999-04-29,3031.60009765625,3031.60009765625,3031.60009765625,3031.60009765625,0
1999-04-30,3027.800048828125,3027.800048828125,3027.800048828125,3027.800048828125,0
1999-05-03,3001.60009765625,3001.60009765625,3001.60009765625,3001.60009765625,0
1999-05-04,3016.800048828125,3016.800048828125,3016.800048828125,3016.800048828125,0
1999-05-05,2974.800048828125,2974.800048828125,2974.800048828125,2974.800048828125,0
1999-05-06,2973.699951171875,2973.699951171875,2973.699951171875,2973.699951171875,0
1999-05-07,2923.800048828125,2923.800048828125,2923.800048828125,2923.800048828125,0
1999-05-10,2925.60009765625,2925.60009765625,2925.60009765625,2925.60009765625,0
1999-05-11,2917.699951171875,2917.699951171875,2917.699951171875,2917.699951171875,0
1999-05-12,2944.89990234375,2944.89990234375,2944.89990234375,2944.89990234375,0
1999-05-13,2958.89990234375,2958.89990234375,2958.89990234375,2958.89990234375,0
1999-05-14,2984.60009765625,2984.60009765625,2984.60009765625,2984.60009765625,0
1999-05-17,2920.39990234375,2920.39990234375,2920.39990234375,2920.39990234375,0
1999-05-18,2930.89990234375,2930.89990234375,2930.89990234375,2930.89990234375,0
1999-05-19,2914.300048828125,2914.300048828125,2914.300048828125,2914.300048828125,0
1999-05-20,2883.800048828125,2883.800048828125,2883.800048828125,2883.800048828125,0
1999-05-21,2881.10009765625,2881.10009765625,2881.10009765625,2881.10009765625,0
1999-05-24,2881.0,2881.0,2881.0,2881.0,0
1999-05-25,2840.5,2840.5,2840.5,2840.5,0
1999-05-26,2847.5,2847.5,2847.5,2847.5,0
1999-05-27,2832.199951171875,2832.199951171875,2832.199951171875,2832.199951171875,0
1999-05-28,2820.699951171875,2820.699951171875,2820.699951171875,2820.699951171875,0
1999-05-31,2831.89990234375,2831.89990234375,2831.89990234375,2831.89990234375,0
1999-06-01,2848.60009765625,2848.60009765625,2848.60009765625,2848.60009765625,0
1999-06-02,2851.60009765625,2851.60009765625,2851.60009765625,2851.60009765625,0
1999-06-03,2883.39990234375,2883.39990234375,2883.39990234375,2883.39990234375,0
1999-06-04,2873.0,2873.0,2873.0,2873.0,0
1999-06-07,2888.60009765625,2888.60009765625,2888.60009765625,2888.60009765625,0
1999-06-08,2908.89990234375,2908.89990234375,2908.89990234375,2908.89990234375,0
1999-06-09,2923.800048828125,2923.800048828125,2923.800048828125,2923.800048828125,0
1999-06-10,2919.0,2919.0,2919.0,2919.0,0
1999-06-11,2890.0,2890.0,2890.0,2890.0,0
1999-06-15,2888.5,2888.5,2888.5,2888.5,0
1999-06-16,2889.199951171875,2889.199951171875,2889.199951171875,2889.199951171875,0
1999-06-17,2933.800048828125,2933.800048828125,2933.800048828125,2933.800048828125,0
1999-06-18,2939.10009765625,2939.10009765625,2939.10009765625,2939.10009765625,0
1999-06-21,2934.5,2934.5,2934.5,2934.5,0
1999-06-22,2955.39990234375,2955.39990234375,2955.39990234375,2955.39990234375,0
1999-06-23,2936.89990234375,2936.89990234375,2936.89990234375,2936.89990234375,0
1999-06-24,2903.60009765625,2903.60009765625,2903.60009765625,2903.60009765625,0
1999-06-25,2905.199951171875,2905.199951171875,2905.199951171875,2905.199951171875,0
1999-06-28,2932.89990234375,2932.89990234375,2932.89990234375,2932.89990234375,0
1999-06-29,2930.89990234375,2930.89990234375,2930.89990234375,2930.89990234375,0
1999-06-30,2903.699951171875,2903.699951171875,2903.699951171875,2903.699951171875,0
1999-07-01,2939.0,2939.0,2939.0,2939.0,0
1999-07-02,2968.199951171875,2968.199951171875,2968.199951171875,2968.199951171875,0
1999-07-05,3017.5,3017.5,3017.5,3017.5,0
1999-07-06,3019.699951171875,3019.699951171875,3019.699951171875,3019.699951171875,0
1999-07-07,3003.300048828125,3003.300048828125,3003.300048828125,3003.300048828125,0
1999-07-08,3021.0,3021.0,3021.0,3021.0,0
1999-07-09,2976.800048828125,2976.800048828125,2976.800048828125,2976.800048828125,0
1999-07-12,2982.699951171875,2982.699951171875,2982.699951171875,2982.699951171875,0
1999-07-13,2996.699951171875,2996.699951171875,2996.699951171875,2996.699951171875,0
1999-07-14,2992.199951171875,2992.199951171875,2992.199951171875,2992.199951171875,0
1999-07-15,3001.39990234375,3001.39990234375,3001.39990234375,3001.39990234375,0
1999-07-16,2990.60009765625,2990.60009765625,2990.60009765625,2990.60009765625,0
1999-07-19,3013.39990234375,3013.39990234375,3013.39990234375,3013.39990234375,0
1999-07-20,3053.89990234375,3053.89990234375,3053.89990234375,3053.89990234375,0
1999-07-21,3040.800048828125,3040.800048828125,3040.800048828125,3040.800048828125,0
1999-07-22,3013.5,3013.5,3013.5,3013.5,0
1999-07-23,2994.699951171875,2994.699951171875,2994.699951171875,2994.699951171875,0
1999-07-26,2977.199951171875,2977.199951171875,2977.199951171875,2977.199951171875,0
1999-07-27,2981.800048828125,2981.800048828125,2981.800048828125,2981.800048828125,0
1999-07-28,2988.0,2988.0,2988.0,2988.0,0
1999-07-29,2989.199951171875,2989.199951171875,2989.199951171875,2989.199951171875,0
1999-07-30,2951.0,2951.0,2951.0,2951.0,0
1999-08-02,2937.10009765625,2937.10009765625,2937.10009765625,2937.10009765625,0
1999-08-03,2969.10009765625,2969.10009765625,2969.10009765625,2969.10009765625,0
1999-08-04,2940.60009765625,2940.60009765625,2940.60009765625,2940.60009765625,0
1999-08-05,2957.39990234375,2957.39990234375,2957.39990234375,2957.39990234375,0
1999-08-06,2946.60009765625,2946.60009765625,2946.60009765625,2946.60009765625,0
1999-08-09,2919.800048828125,2919.800048828125,2919.800048828125,2919.800048828125,0
1999-08-10,2898.199951171875,2898.199951171875,2898.199951171875,2898.199951171875,0
1999-08-11,2873.60009765625,2873.60009765625,2873.60009765625,2873.60009765625,0
1999-08-12,2880.0,2880.0,2880.0,2880.0,0
1999-08-13,2901.5,2901.5,2901.5,2901.5,0
1999-08-16,2954.5,2954.5,2954.5,2954.5,0
1999-08-17,2922.60009765625,2922.60009765625,2922.60009765625,2922.60009765625,0
1999-08-18,2958.199951171875,2958.199951171875,2958.199951171875,2958.199951171875,0
1999-08-19,2956.0,2956.0,2956.0,2956.0,0
1999-08-20,2955.60009765625,2955.60009765625,2955.60009765625,2955.60009765625,0
1999-08-23,2992.699951171875,2992.699951171875,2992.699951171875,2992.699951171875,0
1999-08-24,2980.800048828125,2980.800048828125,2980.800048828125,2980.800048828125,0
1999-08-25,2957.699951171875,2957.699951171875,2957.699951171875,2957.699951171875,0
1999-08-26,2970.0,2970.0,2970.0,2970.0,0
1999-08-27,2945.0,2945.0,2945.0,2945.0,0
1999-08-30,2917.5,2917.5,2917.5,2917.5,0
1999-08-31,2875.699951171875,2875.699951171875,2875.699951171875,2875.699951171875,0
1999-09-01,2920.5,2920.5,2920.5,2920.5,0
1999-09-02,2919.300048828125,2919.300048828125,2919.300048828125,2919.300048828125,0
1999-09-03,2887.300048828125,2887.300048828125,2887.300048828125,2887.300048828125,0
1999-09-06,2922.199951171875,2922.199951171875,2922.199951171875,2922.199951171875,0
1999-09-07,2921.300048828125,2921.300048828125,2921.300048828125,2921.300048828125,0
1999-09-08,2928.699951171875,2928.699951171875,2928.699951171875,2928.699951171875,0
1999-09-09,2939.89990234375,2939.89990234375,2939.89990234375,2939.89990234375,0
1999-09-10,2936.60009765625,2936.60009765625,2936.60009765625,2936.60009765625,0
1999-09-13,2909.39990234375,2909.39990234375,2909.39990234375,2909.39990234375,0
1999-09-14,2904.89990234375,2904.89990234375,2904.89990234375,2904.89990234375,0
1999-09-15,2864.199951171875,2864.199951171875,2864.199951171875,2864.199951171875,0
1999-09-16,2832.10009765625,2832.10009765625,2832.10009765625,2832.10009765625,0
1999-09-17,2842.0,2842.0,2842.0,2842.0,0
1999-09-20,2836.60009765625,2836.60009765625,2836.60009765625,2836.60009765625,0
1999-09-21,2826.800048828125,2826.800048828125,2826.800048828125,2826.800048828125,0
1999-09-22,2828.199951171875,2828.199951171875,2828.199951171875,2828.199951171875,0
1999-09-23,2853.800048828125,2853.800048828125,2853.800048828125,2853.800048828125,0
1999-09-24,2821.800048828125,2821.800048828125,2821.800048828125,2821.800048828125,0
1999-09-27,2844.0,2844.0,2844.0,2844.0,0
1999-09-28,2857.699951171875,2857.699951171875,2857.699951171875,2857.699951171875,0
1999-09-29,2834.89990234375,2834.89990234375,2834.89990234375,2834.89990234375,0
1999-09-30,2817.0,2817.0,2817.0,2817.0,0
1999-10-01,2848.800048828125,2848.800048828125,2848.800048828125,2848.800048828125,0
1999-10-04,2831.800048828125,2831.800048828125,2831.800048828125,2831.800048828125,0
1999-10-05,2854.60009765625,2854.60009765625,2854.60009765625,2854.60009765625,0
1999-10-06,2836.699951171875,2836.699951171875,2836.699951171875,2836.699951171875,0
1999-10-07,2851.60009765625,2851.60009765625,2851.60009765625,2851.60009765625,0
1999-10-08,2837.199951171875,2837.199951171875,2837.199951171875,2837.199951171875,0
1999-10-11,2865.0,2865.0,2865.0,2865.0,0
1999-10-12,2871.10009765625,2871.10009765625,2871.10009765625,2871.10009765625,0
1999-10-13,2845.10009765625,2845.10009765625,2845.10009765625,2845.10009765625,0
1999-10-14,2841.199951171875,2841.199951171875,2841.199951171875,2841.199951171875,0
1999-10-15,2801.699951171875,2801.699951171875,2801.699951171875,2801.699951171875,0
1999-10-18,2740.699951171875,2740.699951171875,2740.699951171875,2740.699951171875,0
1999-10-19,2722.300048828125,2722.300048828125,2722.300048828125,2722.300048828125,0
1999-10-20,2763.39990234375,2763.39990234375,2763.39990234375,2763.39990234375,0
1999-10-21,2768.0,2768.0,2768.0,2768.0,0
1999-10-22,2774.60009765625,2774.60009765625,2774.60009765625,2774.60009765625,0
1999-10-25,2789.89990234375,2789.89990234375,2789.89990234375,2789.89990234375,0
1999-10-26,2765.0,2765.0,2765.0,2765.0,0
1999-10-27,2764.60009765625,2764.60009765625,2764.60009765625,2764.60009765625,0
1999-10-28,2790.89990234375,2790.89990234375,2790.89990234375,2790.89990234375,0
1999-10-29,2821.39990234375,2821.39990234375,2821.39990234375,2821.39990234375,0
1999-11-01,2834.300048828125,2834.300048828125,2834.300048828125,2834.300048828125,0
1999-11-02,2849.800048828125,2849.800048828125,2849.800048828125,2849.800048828125,0
1999-11-03,2872.800048828125,2872.800048828125,2872.800048828125,2872.800048828125,0
1999-11-04,2882.0,2882.0,2882.0,2882.0,0
1999-11-05,2864.60009765625,2864.60009765625,2864.60009765625,2864.60009765625,0
1999-11-08,2833.199951171875,2833.199951171875,2833.199951171875,2833.199951171875,0
1999-11-09,2843.10009765625,2843.10009765625,2843.10009765625,2843.10009765625,0
1999-11-10,2883.60009765625,2883.60009765625,2883.60009765625,2883.60009765625,0
1999-11-11,2926.699951171875,2926.699951171875,2926.699951171875,2926.699951171875,0
1999-11-12,2954.800048828125,2954.800048828125,2954.800048828125,2954.800048828125,0
1999-11-15,2956.199951171875,2956.199951171875,2956.199951171875,2956.199951171875,0
1999-11-16,2950.39990234375,2950.39990234375,2950.39990234375,2950.39990234375,0
1999-11-17,2979.10009765625,2979.10009765625,2979.10009765625,2979.10009765625,0
1999-11-18,3000.60009765625,3000.60009765625,3000.60009765625,3000.60009765625,0
1999-11-19,3021.39990234375,3021.39990234375,3021.39990234375,3021.39990234375,0
1999-11-22,3002.0,3002.0,3002.0,3002.0,0
1999-11-23,3000.199951171875,3000.199951171875,3000.199951171875,3000.199951171875,0
1999-11-24,2972.60009765625,2972.60009765625,2972.60009765625,2972.60009765625,0
1999-11-25,2979.800048828125,2979.800048828125,2979.800048828125,2979.800048828125,0
1999-11-26,2995.39990234375,2995.39990234375,2995.39990234375,2995.39990234375,0
1999-11-29,2996.800048828125,2996.800048828125,2996.800048828125,2996.800048828125,0
1999-11-30,2970.300048828125,2970.300048828125,2970.300048828125,2970.300048828125,0
1999-12-01,2976.300048828125,2976.300048828125,2976.300048828125,2976.300048828125,0
1999-12-02,3018.10009765625,3018.10009765625,3018.10009765625,3018.10009765625,0
1999-12-03,3039.5,3039.5,3039.5,3039.5,0
1999-12-06,3077.5,3077.5,3077.5,3077.5,0
1999-12-07,3048.300048828125,3048.300048828125,3048.300048828125,3048.300048828125,0
1999-12-08,3053.0,3053.0,3053.0,3053.0,0
1999-12-09,3083.60009765625,3083.60009765625,3083.60009765625,3083.60009765625,0
1999-12-10,3067.699951171875,3067.699951171875,3067.699951171875,3067.699951171875,0
1999-12-13,3054.10009765625,3054.10009765625,3054.10009765625,3054.10009765625,0
1999-12-14,3058.699951171875,3058.699951171875,3058.699951171875,3058.699951171875,0
1999-12-15,3071.0,3071.0,3071.0,3071.0,0
1999-12-16,3090.0,3090.0,3090.0,3090.0,0
1999-12-17,3102.60009765625,3102.60009765625,3102.60009765625,3102.60009765625,0
1999-12-20,3101.699951171875,3101.699951171875,3101.699951171875,3101.699951171875,0
1999-12-21,3072.199951171875,3072.199951171875,3072.199951171875,3072.199951171875,0
1999-12-22,3102.60009765625,3102.60009765625,3102.60009765625,3102.60009765625,0
1999-12-23,3082.0,3082.0,3082.0,3082.0,0
1999-12-24,3099.89990234375,3099.89990234375,3099.89990234375,3099.89990234375,0
1999-12-29,3104.89990234375,3104.89990234375,3104.89990234375,3104.89990234375,0
1999-12-30,3117.699951171875,3117.699951171875,3117.699951171875,3117.699951171875,0
2000-01-04,3093.699951171875,3093.699951171875,3093.699951171875,3093.699951171875,0
2000-01-05,3018.699951171875,3018.699951171875,3018.699951171875,3018.699951171875,0
2000-01-06,2999.300048828125,2999.300048828125,2999.300048828125,2999.300048828125,0
2000-01-07,3023.39990234375,3023.39990234375,3023.39990234375,3023.39990234375,0
2000-01-10,3084.0,3084.0,3084.0,3084.0,0
2000-01-11,3160.800048828125,3160.800048828125,3160.800048828125,3160.800048828125,0
2000-01-12,3088.39990234375,3088.39990234375,3088.39990234375,3088.39990234375,0
2000-01-13,3078.89990234375,3078.89990234375,3078.89990234375,3078.89990234375,0
2000-01-14,3115.39990234375,3115.39990234375,3115.39990234375,3115.39990234375,0
2000-01-17,3121.5,3121.5,3121.5,3121.5,0
2000-01-18,3128.0,3128.0,3128.0,3128.0,0
2000-01-19,3080.5,3080.5,3080.5,3080.5,0
2000-01-20,3112.5,3112.5,3112.5,3112.5,0
2000-01-21,3073.39990234375,3073.39990234375,3073.39990234375,3073.39990234375,0
2000-01-24,3069.699951171875,3069.699951171875,3069.699951171875,3069.699951171875,0
2000-01-25,3048.699951171875,3048.699951171875,3048.699951171875,3048.699951171875,0
2000-01-27,3051.39990234375,3051.39990234375,3051.39990234375,3051.39990234375,0
2000-01-28,3064.60009765625,3064.60009765625,3064.60009765625,3064.60009765625,0
2000-01-31,3080.199951171875,3080.199951171875,3080.199951171875,3080.199951171875,0
2000-02-01,3072.300048828125,3072.300048828125,3072.300048828125,3072.300048828125,0
2000-02-02,3110.300048828125,3110.300048828125,3110.300048828125,3110.300048828125,0
2000-02-03,3142.39990234375,3142.39990234375,3142.39990234375,3142.39990234375,0
2000-02-04,3118.699951171875,3118.699951171875,3118.699951171875,3118.699951171875,0
2000-02-07,3136.89990234375,3136.89990234375,3136.89990234375,3136.89990234375,0
2000-02-08,3134.60009765625,3134.60009765625,3134.60009765625,3134.60009765625,0
2000-02-09,3149.89990234375,3149.89990234375,3149.89990234375,3149.89990234375,0
2000-02-10,3192.300048828125,3192.300048828125,3192.300048828125,3192.300048828125,0
2000-02-11,3167.300048828125,3167.300048828125,3167.300048828125,3167.300048828125,0
2000-02-14,3122.199951171875,3122.199951171875,3122.199951171875,3122.199951171875,0
2000-02-15,3152.300048828125,3152.300048828125,3152.300048828125,3152.300048828125,0
2000-02-16,3150.39990234375,3150.39990234375,3150.39990234375,3150.39990234375,0
2000-02-17,3140.800048828125,3140.800048828125,3140.800048828125,3140.800048828125,0
2000-02-18,3114.89990234375,3114.89990234375,3114.89990234375,3114.89990234375,0
2000-02-21,3114.89990234375,3114.89990234375,3114.89990234375,3114.89990234375,0
2000-02-22,3097.0,3097.0,3097.0,3097.0,0
2000-02-23,3101.10009765625,3101.10009765625,3101.10009765625,3101.10009765625,0
2000-02-24,3099.60009765625,3099.60009765625,3099.60009765625,3099.60009765625,0
2000-02-25,3111.199951171875,3111.199951171875,3111.199951171875,3111.199951171875,0
2000-02-28,3106.699951171875,3106.699951171875,3106.699951171875,3106.699951171875,0
2000-02-29,3124.60009765625,3124.60009765625,3124.60009765625,3124.60009765625,0
2000-03-01,3187.199951171875,3187.199951171875,3187.199951171875,3187.199951171875,0
2000-03-02,3219.800048828125,3219.800048828125,3219.800048828125,3219.800048828125,0
2000-03-03,3232.60009765625,3232.60009765625,3232.60009765625,3232.60009765625,0
2000-03-06,3214.0,3214.0,3214.0,3214.0,0
2000-03-07,3232.5,3232.5,3232.5,3232.5,0
2000-03-08,3207.89990234375,3207.89990234375,3207.89990234375,3207.89990234375,0
2000-03-09,3188.0,3188.0,3188.0,3188.0,0
2000-03-10,3189.300048828125,3189.300048828125,3189.300048828125,3189.300048828125,0
2000-03-13,3185.89990234375,3185.89990234375,3185.89990234375,3185.89990234375,0
2000-03-14,3178.699951171875,3178.699951171875,3178.699951171875,3178.699951171875,0
2000-03-15,3159.699951171875,3159.699951171875,3159.699951171875,3159.699951171875,0
2000-03-16,3171.800048828125,3171.800048828125,3171.800048828125,3171.800048828125,0
2000-03-17,3200.39990234375,3200.39990234375,3200.39990234375,3200.39990234375,0
2000-03-20,3237.699951171875,3237.699951171875,3237.699951171875,3237.699951171875,0
2000-03-21,3248.800048828125,3248.800048828125,3248.800048828125,3248.800048828125,0
2000-03-22,3276.39990234375,3276.39990234375,3276.39990234375,3276.39990234375,0
2000-03-23,3248.800048828125,3248.800048828125,3248.800048828125,3248.800048828125,0
2000-03-24,3251.5,3251.5,3251.5,3251.5,0
2000-03-27,3227.89990234375,3227.89990234375,3227.89990234375,3227.89990234375,0
2000-03-28,3230.199951171875,3230.199951171875,3230.199951171875,3230.199951171875,0
2000-03-29,3225.89990234375,3225.89990234375,3225.89990234375,3225.89990234375,0
2000-03-30,3194.10009765625,3194.10009765625,3194.10009765625,3194.10009765625,0
2000-03-31,3133.300048828125,3133.300048828125,3133.300048828125,3133.300048828125,0
2000-04-03,3191.0,3191.0,3133.800048828125,3133.800048828125,0
2000-04-04,3176.800048828125,3199.0,3170.699951171875,3197.199951171875,0
2000-04-05,3155.39990234375,3176.5,3144.0,3176.5,0
2000-04-06,3157.10009765625,3167.5,3138.300048828125,3153.5,0
2000-04-07,3182.0,3192.199951171875,3157.199951171875,3158.300048828125,0
2000-04-10,3201.39990234375,3201.39990234375,3178.89990234375,3181.89990234375,0
2000-04-11,3173.0,3198.0,3163.0,3198.0,0
2000-04-12,3148.699951171875,3171.60009765625,3140.10009765625,3171.300048828125,0
2000-04-13,3099.699951171875,3143.800048828125,3089.0,3142.800048828125,0
2000-04-14,3111.89990234375,3114.300048828125,3074.39990234375,3096.699951171875,0
2000-04-17,2943.89990234375,3108.10009765625,2902.10009765625,3108.10009765625,0
2000-04-18,3010.300048828125,3032.699951171875,2953.0,2953.199951171875,0
2000-04-19,3069.199951171875,3069.300048828125,3018.699951171875,3019.0,0
2000-04-26,3117.300048828125,3127.10009765625,3070.800048828125,3070.800048828125,0
2000-04-27,3106.300048828125,3114.800048828125,3090.10009765625,3114.800048828125,0
2000-04-28,3115.800048828125,3119.10009765625,3086.5,3106.800048828125,0
2000-05-01,3102.0,3124.39990234375,3102.0,3115.800048828125,0
2000-05-02,3131.10009765625,3131.89990234375,3116.0,3116.10009765625,0
2000-05-03,3107.5,3130.60009765625,3103.699951171875,3129.60009765625,0
2000-05-04,3053.800048828125,3104.39990234375,3049.60009765625,3104.39990234375,0
2000-05-05,3107.199951171875,3107.199951171875,3053.699951171875,3053.699951171875,0
2000-05-08,3106.199951171875,3123.300048828125,3103.699951171875,3111.10009765625,0
2000-05-09,3086.10009765625,3108.300048828125,3086.10009765625,3104.699951171875,0
2000-05-10,3043.39990234375,3083.39990234375,3033.699951171875,3083.39990234375,0
2000-05-11,2996.39990234375,3040.699951171875,2989.0,3040.699951171875,0
2000-05-12,3034.800048828125,3044.300048828125,3000.199951171875,3000.199951171875,0
2000-05-15,3051.10009765625,3058.300048828125,3034.0,3034.39990234375,0
2000-05-16,3089.199951171875,3090.39990234375,3052.60009765625,3052.60009765625,0
2000-05-17,3074.800048828125,3091.800048828125,3067.89990234375,3091.800048828125,0
2000-05-18,3044.89990234375,3071.300048828125,3041.89990234375,3070.5,0
2000-05-19,3039.10009765625,3053.10009765625,3033.39990234375,3046.800048828125,0
2000-05-22,3002.300048828125,3033.5,2995.89990234375,3033.5,0
2000-05-23,3021.39990234375,3021.39990234375,3002.39990234375,3005.10009765625,0
2000-05-24,3009.5,3017.39990234375,2985.699951171875,3016.39990234375,0
2000-05-25,3018.10009765625,3031.10009765625,3010.60009765625,3010.60009765625,0
2000-05-26,3000.699951171875,3013.300048828125,2997.199951171875,3012.89990234375,0
2000-05-29,3035.10009765625,3035.10009765625,2999.39990234375,3000.60009765625,0
2000-05-30,3050.60009765625,3050.60009765625,3033.800048828125,3033.800048828125,0
2000-05-31,3081.0,3105.0,3050.699951171875,3050.699951171875,0
2000-06-01,3088.0,3088.199951171875,3067.10009765625,3079.5,0
2000-06-02,3140.89990234375,3143.699951171875,3088.39990234375,3088.39990234375,0
2000-06-05,3148.800048828125,3169.0,3141.699951171875,3141.699951171875,0
2000-06-06,3149.89990234375,3151.89990234375,3133.10009765625,3148.10009765625,0
2000-06-07,3112.60009765625,3151.5,3112.60009765625,3150.39990234375,0
2000-06-08,3126.699951171875,3133.10009765625,3110.699951171875,3111.0,0
2000-06-09,3146.5,3153.89990234375,3116.800048828125,3121.0,0
2000-06-13,3113.800048828125,3142.199951171875,3106.89990234375,3141.800048828125,0
2000-06-14,3118.199951171875,3118.199951171875,3103.89990234375,3113.89990234375,0
2000-06-15,3133.10009765625,3147.699951171875,3119.199951171875,3119.199951171875,0
2000-06-16,3140.800048828125,3144.39990234375,3124.39990234375,3131.800048828125,0
2000-06-19,3151.10009765625,3151.10009765625,3119.800048828125,3136.300048828125,0
2000-06-20,3155.199951171875,3157.300048828125,3142.39990234375,3151.0,0
2000-06-21,3178.39990234375,3178.39990234375,3140.699951171875,3154.300048828125,0
2000-06-22,3173.60009765625,3186.10009765625,3164.300048828125,3178.5,0
2000-06-23,3177.10009765625,3177.10009765625,3155.39990234375,3177.10009765625,0
2000-06-26,3177.800048828125,3182.699951171875,3163.39990234375,3171.800048828125,0
2000-06-27,3190.10009765625,3192.800048828125,3171.60009765625,3178.89990234375,0
2000-06-28,3213.89990234375,3213.89990234375,3187.300048828125,3190.199951171875,0
2000-06-29,3254.5,3254.5,3211.800048828125,3211.800048828125,0
2000-06-30,3311.199951171875,3313.800048828125,3227.39990234375,3254.39990234375,0
2000-07-03,3308.10009765625,3317.0,3280.300048828125,3304.0,0
2000-07-04,3310.10009765625,3326.89990234375,3297.699951171875,3307.199951171875,0
2000-07-05,3320.5,3321.10009765625,3296.300048828125,3306.800048828125,0
2000-07-06,3306.89990234375,3315.0,3290.800048828125,3313.39990234375,0
2000-07-07,3305.300048828125,3326.0,3305.300048828125,3308.199951171875,0
2000-07-10,3323.800048828125,3334.800048828125,3308.300048828125,3308.699951171875,0
2000-07-11,3323.300048828125,3326.10009765625,3307.89990234375,3323.10009765625,0
2000-07-12,3318.39990234375,3337.39990234375,3314.800048828125,3326.60009765625,0
2000-07-13,3306.5,3329.0,3296.10009765625,3318.10009765625,0
2000-07-14,3303.5,3308.10009765625,3295.800048828125,3305.0,0
2000-07-17,3313.39990234375,3320.10009765625,3296.5,3302.89990234375,0
2000-07-18,3300.60009765625,3316.39990234375,3294.10009765625,3311.5,0
2000-07-19,3299.60009765625,3313.699951171875,3284.300048828125,3297.39990234375,0
2000-07-20,3300.89990234375,3304.699951171875,3289.199951171875,3296.5,0
2000-07-21,3332.300048828125,3335.5,3305.0,3305.5,0
2000-07-24,3305.39990234375,3328.0,3303.699951171875,3327.300048828125,0
2000-07-25,3282.10009765625,3304.0,3277.300048828125,3303.699951171875,0
2000-07-26,3282.89990234375,3294.39990234375,3274.199951171875,3283.5,0
2000-07-27,3258.199951171875,3279.10009765625,3253.300048828125,3278.89990234375,0
2000-07-28,3255.0,3258.60009765625,3248.800048828125,3258.60009765625,0
2000-07-31,3251.10009765625,3257.699951171875,3227.300048828125,3250.0,0
2000-08-01,3254.0,3262.39990234375,3245.10009765625,3251.39990234375,0
2000-08-02,3270.300048828125,3270.699951171875,3241.0,3252.800048828125,0
2000-08-03,3275.10009765625,3279.60009765625,3267.10009765625,3270.199951171875,0
2000-08-04,3277.199951171875,3283.699951171875,3267.60009765625,3275.89990234375,0
2000-08-07,3305.0,3306.699951171875,3278.300048828125,3278.300048828125,0
2000-08-08,3302.300048828125,3317.699951171875,3301.10009765625,3306.39990234375,0
2000-08-09,3309.800048828125,3312.699951171875,3298.39990234375,3301.699951171875,0
2000-08-10,3315.300048828125,3315.300048828125,3304.800048828125,3309.300048828125,0
2000-08-11,3309.10009765625,3315.699951171875,3300.699951171875,3313.199951171875,0
2000-08-14,3314.89990234375,3323.0,3310.300048828125,3310.300048828125,0
2000-08-15,3323.10009765625,3327.699951171875,3310.60009765625,3315.0,0
2000-08-16,3331.800048828125,3339.0,3320.5,3321.39990234375,0
2000-08-17,3336.300048828125,3350.10009765625,3328.10009765625,3331.699951171875,0
2000-08-18,3344.199951171875,3348.39990234375,3335.39990234375,3337.60009765625,0
2000-08-21,3338.89990234375,3344.800048828125,3333.5,3341.300048828125,0
2000-08-22,3353.39990234375,3356.60009765625,3334.699951171875,3339.0,0
2000-08-23,3364.39990234375,3369.699951171875,3352.800048828125,3353.0,0
2000-08-24,3372.39990234375,3386.60009765625,3361.300048828125,3366.300048828125,0
2000-08-25,3367.39990234375,3377.199951171875,3360.699951171875,3370.60009765625,0
2000-08-28,3363.89990234375,3383.199951171875,3363.89990234375,3366.60009765625,0
2000-08-29,3369.39990234375,3379.39990234375,3363.0,3363.300048828125,0
2000-08-30,3357.800048828125,3378.0,3345.89990234375,3367.300048828125,0
2000-08-31,3297.800048828125,3353.199951171875,3297.800048828125,3353.10009765625,0
2000-09-01,3331.699951171875,3335.39990234375,3299.300048828125,3299.300048828125,0
2000-09-04,3347.300048828125,3348.0,3325.0,3325.0,0
2000-09-05,3347.300048828125,3356.0,3336.60009765625,3337.5,0
2000-09-06,3321.199951171875,3347.800048828125,3314.300048828125,3347.39990234375,0
2000-09-07,3306.60009765625,3321.39990234375,3296.0,3321.300048828125,0
2000-09-08,3320.300048828125,3325.199951171875,3307.10009765625,3307.5,0
2000-09-11,3297.10009765625,3317.89990234375,3296.300048828125,3317.89990234375,0
2000-09-12,3324.0,3326.5,3298.300048828125,3298.800048828125,0
2000-09-13,3334.10009765625,3344.10009765625,3314.60009765625,3322.60009765625,0
2000-09-14,3344.60009765625,3353.60009765625,3330.300048828125,3335.699951171875,0
2000-09-15,3329.800048828125,3356.5,3321.10009765625,3343.10009765625,0
2000-09-18,3276.39990234375,3324.800048828125,3271.39990234375,3324.199951171875,0
2000-09-19,3236.699951171875,3272.800048828125,3223.39990234375,3272.800048828125,0
2000-09-20,3254.699951171875,3254.699951171875,3235.300048828125,3235.300048828125,0
2000-09-21,3252.800048828125,3256.89990234375,3243.5,3252.0,0
2000-09-22,3188.60009765625,3246.10009765625,3176.199951171875,3246.10009765625,0
2000-09-25,3215.300048828125,3224.699951171875,3189.300048828125,3189.39990234375,0
2000-09-26,3241.10009765625,3242.39990234375,3201.199951171875,3215.10009765625,0
2000-09-27,3256.300048828125,3263.89990234375,3229.699951171875,3237.0,0
2000-09-28,3290.699951171875,3292.89990234375,3256.60009765625,3256.60009765625,0
2000-09-29,3298.800048828125,3302.199951171875,3282.5,3289.300048828125,0
2000-10-02,3300.60009765625,3304.5,3282.0,3297.39990234375,0
2000-10-03,3327.699951171875,3330.699951171875,3285.699951171875,3299.10009765625,0
2000-10-04,3318.60009765625,3327.699951171875,3307.699951171875,3327.0,0
2000-10-05,3311.300048828125,3318.39990234375,3298.699951171875,3317.800048828125,0
2000-10-06,3293.5,3295.0,3278.0,3284.10009765625,0
2000-10-09,3274.300048828125,3284.5,3266.60009765625,3274.0,0
2000-10-10,3265.199951171875,3284.699951171875,3260.5,3273.5,0
2000-10-11,3260.699951171875,3265.5,3244.39990234375,3264.0,0
2000-10-12,3226.5,3257.800048828125,3222.300048828125,3257.800048828125,0
2000-10-13,3201.89990234375,3221.800048828125,3186.10009765625,3221.300048828125,0
2000-10-16,3266.60009765625,3266.60009765625,3203.10009765625,3203.39990234375,0
2000-10-17,3264.199951171875,3270.39990234375,3251.300048828125,3263.89990234375,0
2000-10-18,3226.699951171875,3259.39990234375,3216.60009765625,3259.39990234375,0
2000-10-19,3192.699951171875,3224.199951171875,3180.699951171875,3222.800048828125,0
2000-10-20,3235.800048828125,3247.0,3195.10009765625,3195.5,0
2000-10-23,3267.89990234375,3269.699951171875,3231.800048828125,3235.10009765625,0
2000-10-24,3260.699951171875,3272.699951171875,3258.300048828125,3268.10009765625,0
2000-10-25,3264.300048828125,3264.300048828125,3248.0,3258.800048828125,0
2000-10-26,3239.699951171875,3262.199951171875,3234.699951171875,3262.199951171875,0
2000-10-27,3244.699951171875,3262.89990234375,3238.0,3239.300048828125,0
2000-10-30,3264.39990234375,3269.0,3245.800048828125,3245.800048828125,0
2000-10-31,3254.60009765625,3268.699951171875,3250.699951171875,3264.199951171875,0
2000-11-01,3276.800048828125,3287.10009765625,3256.0,3256.5,0
2000-11-02,3289.300048828125,3293.39990234375,3260.39990234375,3274.300048828125,0
2000-11-03,3321.89990234375,3321.89990234375,3288.10009765625,3288.10009765625,0
2000-11-06,3334.800048828125,3345.0,3314.5,3323.199951171875,0
2000-11-07,3372.89990234375,3381.0,3334.10009765625,3334.10009765625,0
2000-11-08,3354.199951171875,3370.0,3348.800048828125,3369.89990234375,0
2000-11-09,3333.5,3351.60009765625,3312.89990234375,3351.60009765625,0
2000-11-10,3300.89990234375,3332.5,3293.199951171875,3332.0,0
2000-11-13,3290.800048828125,3313.60009765625,3286.5,3298.300048828125,0
2000-11-14,3291.5,3299.699951171875,3273.5,3290.10009765625,0
2000-11-15,3320.39990234375,3321.300048828125,3293.5,3294.39990234375,0
2000-11-16,3302.5,3319.39990234375,3298.800048828125,3318.10009765625,0
2000-11-17,3329.10009765625,3331.699951171875,3293.5,3301.199951171875,0
2000-11-20,3325.10009765625,3331.10009765625,3319.699951171875,3324.199951171875,0
2000-11-21,3301.10009765625,3323.10009765625,3298.300048828125,3323.10009765625,0
2000-11-22,3284.699951171875,3308.800048828125,3284.5,3299.89990234375,0
2000-11-23,3281.199951171875,3284.5,3265.5,3284.5,0
2000-11-24,3280.60009765625,3290.39990234375,3273.10009765625,3281.5,0
2000-11-27,3303.199951171875,3303.199951171875,3281.10009765625,3281.10009765625,0
2000-11-28,3306.199951171875,3311.39990234375,3294.0,3305.89990234375,0
2000-11-29,3275.60009765625,3302.300048828125,3271.0,3302.10009765625,0
2000-11-30,3274.60009765625,3295.199951171875,3272.39990234375,3275.0,0
2000-12-01,3284.10009765625,3291.60009765625,3254.800048828125,3271.89990234375,0
2000-12-04,3281.699951171875,3287.0,3278.0,3282.300048828125,0
2000-12-05,3306.5,3325.199951171875,3282.39990234375,3282.89990234375,0
2000-12-06,3308.10009765625,3348.800048828125,3308.10009765625,3310.10009765625,0
2000-12-07,3309.0,3321.699951171875,3286.0,3306.0,0
2000-12-08,3287.60009765625,3308.60009765625,3279.0,3308.60009765625,0
2000-12-11,3312.39990234375,3321.0,3286.0,3286.0,0
2000-12-12,3313.199951171875,3321.0,3305.199951171875,3312.800048828125,0
2000-12-13,3297.5,3312.699951171875,3295.60009765625,3312.60009765625,0
2000-12-14,3277.0,3294.39990234375,3267.89990234375,3294.300048828125,0
2000-12-15,3229.199951171875,3271.60009765625,3222.39990234375,3271.5,0
2000-12-18,3236.60009765625,3239.699951171875,3219.39990234375,3224.800048828125,0
2000-12-19,3258.10009765625,3259.800048828125,3238.39990234375,3238.39990234375,0
2000-12-20,3245.199951171875,3255.5,3225.39990234375,3255.5,0
2000-12-21,3185.800048828125,3234.699951171875,3171.699951171875,3233.5,0
2000-12-22,3196.0,3202.10009765625,3185.89990234375,3186.10009765625,0
2000-12-27,3228.60009765625,3229.199951171875,3195.5,3197.0,0
2000-12-28,3236.199951171875,3238.0,3219.300048828125,3229.699951171875,0
2000-12-29,3206.199951171875,3279.800048828125,3206.199951171875,3237.0,0
2001-01-02,3261.10009765625,3261.10009765625,3210.39990234375,3210.39990234375,0
2001-01-03,3235.699951171875,3260.39990234375,3225.0,3260.39990234375,0
2001-01-04,3293.800048828125,3294.60009765625,3242.300048828125,3242.39990234375,0
2001-01-05,3300.39990234375,3308.5,3283.699951171875,3293.89990234375,0
2001-01-08,3264.300048828125,3294.699951171875,3254.60009765625,3293.60009765625,0
2001-01-09,3244.89990234375,3264.60009765625,3238.199951171875,3262.60009765625,0
2001-01-10,3239.199951171875,3247.0,3228.199951171875,3245.0,0
2001-01-11,3225.60009765625,3238.5,3222.699951171875,3237.699951171875,0
2001-01-12,3243.199951171875,3251.10009765625,3226.5,3227.5,0
2001-01-15,3250.89990234375,3255.0,3240.199951171875,3243.0,0
2001-01-16,3239.39990234375,3250.300048828125,3239.199951171875,3250.300048828125,0
2001-01-17,3253.699951171875,3253.699951171875,3232.800048828125,3240.10009765625,0
2001-01-18,3289.89990234375,3302.699951171875,3253.300048828125,3254.10009765625,0
2001-01-19,3311.60009765625,3318.60009765625,3293.5,3293.5,0
2001-01-22,3319.699951171875,3325.89990234375,3306.39990234375,3312.300048828125,0
2001-01-23,3288.60009765625,3320.0,3285.89990234375,3320.0,0
2001-01-24,3297.199951171875,3298.800048828125,3284.60009765625,3288.5,0
2001-01-25,3321.39990234375,3327.300048828125,3298.800048828125,3298.800048828125,0
2001-01-29,3317.199951171875,3324.699951171875,3300.89990234375,3321.0,0
2001-01-30,3334.89990234375,3340.39990234375,3317.10009765625,3317.300048828125,0
2001-01-31,3341.699951171875,3347.699951171875,3335.39990234375,3336.39990234375,0
2001-02-01,3364.300048828125,3364.300048828125,3331.5,3342.300048828125,0
2001-02-02,3355.300048828125,3362.699951171875,3348.60009765625,3362.699951171875,0
2001-02-05,3312.800048828125,3352.800048828125,3309.300048828125,3352.800048828125,0
2001-02-06,3325.300048828125,3334.699951171875,3313.199951171875,3313.800048828125,0
2001-02-07,3312.10009765625,3326.5,3309.5,3324.199951171875,0
2001-02-08,3329.39990234375,3331.5,3312.300048828125,3312.300048828125,0
2001-02-09,3312.39990234375,3329.5,3300.800048828125,3329.5,0
2001-02-12,3330.300048828125,3335.800048828125,3300.60009765625,3310.39990234375,0
2001-02-13,3341.10009765625,3354.39990234375,3332.5,3332.699951171875,0
2001-02-14,3350.10009765625,3352.60009765625,3338.199951171875,3342.60009765625,0
2001-02-15,3325.699951171875,3350.60009765625,3316.60009765625,3349.89990234375,0
2001-02-16,3320.10009765625,3336.699951171875,3317.60009765625,3326.39990234375,0
2001-02-19,3291.39990234375,3314.800048828125,3280.89990234375,3313.60009765625,0
2001-02-20,3302.60009765625,3311.800048828125,3289.39990234375,3291.300048828125,0
2001-02-21,3314.699951171875,3314.699951171875,3289.199951171875,3300.39990234375,0
2001-02-22,3292.60009765625,3311.0,3278.800048828125,3309.300048828125,0
2001-02-23,3292.0,3299.60009765625,3284.39990234375,3292.199951171875,0
2001-02-26,3301.60009765625,3306.699951171875,3285.699951171875,3290.10009765625,0
2001-02-27,3302.39990234375,3317.300048828125,3300.0,3303.699951171875,0
2001-02-28,3326.5,3331.5,3283.800048828125,3301.5,0
2001-03-01,3350.10009765625,3350.10009765625,3308.699951171875,3321.800048828125,0
2001-03-02,3333.39990234375,3350.60009765625,3321.0,3348.89990234375,0
2001-03-05,3342.89990234375,3348.0,3327.89990234375,3329.39990234375,0
2001-03-06,3333.39990234375,3342.89990234375,3327.39990234375,3342.800048828125,0
2001-03-07,3362.0,3362.0,3327.10009765625,3330.10009765625,0
2001-03-08,3343.5,3370.199951171875,3342.5,3360.300048828125,0
2001-03-09,3331.300048828125,3341.800048828125,3322.0,3339.699951171875,0
2001-03-12,3320.699951171875,3329.699951171875,3297.0,3329.699951171875,0
2001-03-13,3264.699951171875,3309.0,3250.60009765625,3308.800048828125,0
2001-03-14,3263.89990234375,3272.60009765625,3262.60009765625,3264.800048828125,0
2001-03-15,3242.89990234375,3254.699951171875,3204.10009765625,3254.699951171875,0
2001-03-16,3252.39990234375,3258.39990234375,3242.800048828125,3243.199951171875,0
2001-03-19,3216.0,3247.10009765625,3212.0,3247.10009765625,0
2001-03-20,3229.699951171875,3233.89990234375,3210.60009765625,3211.10009765625,0
2001-03-21,3225.300048828125,3227.0,3195.199951171875,3227.0,0
2001-03-22,3188.800048828125,3222.39990234375,3175.89990234375,3222.39990234375,0
2001-03-23,3145.300048828125,3178.39990234375,3138.39990234375,3177.39990234375,0
2001-03-26,3165.10009765625,3171.800048828125,3145.10009765625,3145.10009765625,0
2001-03-27,3170.39990234375,3185.10009765625,3162.39990234375,3165.60009765625,0
2001-03-28,3179.60009765625,3194.199951171875,3168.39990234375,3169.89990234375,0
2001-03-29,3177.89990234375,3187.0,3152.199951171875,3178.39990234375,0
2001-03-30,3147.199951171875,3177.199951171875,3147.199951171875,3175.0,0
2001-04-02,3194.60009765625,3202.10009765625,3150.89990234375,3150.89990234375,0
2001-04-03,3192.300048828125,3201.800048828125,3183.699951171875,3193.300048828125,0
2001-04-04,3194.300048828125,3194.300048828125,3168.60009765625,3189.89990234375,0
2001-04-05,3220.5,3227.60009765625,3192.800048828125,3192.800048828125,0
2001-04-06,3233.199951171875,3265.39990234375,3226.0,3227.0,0
2001-04-09,3215.699951171875,3232.300048828125,3211.300048828125,3232.10009765625,0
2001-04-10,3228.5,3233.60009765625,3217.300048828125,3217.300048828125,0
2001-04-11,3259.60009765625,3270.89990234375,3235.5,3236.0,0
2001-04-12,3276.800048828125,3282.39990234375,3251.60009765625,3260.199951171875,0
2001-04-17,3258.699951171875,3277.89990234375,3257.10009765625,3275.800048828125,0
2001-04-18,3278.199951171875,3282.39990234375,3260.699951171875,3260.699951171875,0
2001-04-19,3324.199951171875,3333.699951171875,3283.60009765625,3284.39990234375,0
2001-04-20,3303.5,3326.5,3302.0,3325.800048828125,0
2001-04-23,3300.60009765625,3308.0,3289.199951171875,3301.0,0
2001-04-24,3301.0,3305.39990234375,3286.300048828125,3298.800048828125,0
2001-04-26,3312.0,3312.699951171875,3298.199951171875,3298.199951171875,0
2001-04-27,3293.89990234375,3312.699951171875,3293.699951171875,3303.800048828125,0
2001-04-30,3329.39990234375,3329.39990234375,3297.699951171875,3297.699951171875,0
2001-05-01,3328.699951171875,3334.39990234375,3324.89990234375,3329.89990234375,0
2001-05-02,3330.60009765625,3357.39990234375,3329.0,3330.89990234375,0
2001-05-03,3350.0,3353.60009765625,3321.89990234375,3330.89990234375,0
2001-05-04,3340.5,3347.0,3327.300048828125,3344.89990234375,0
2001-05-07,3354.800048828125,3360.199951171875,3342.300048828125,3342.300048828125,0
2001-05-08,3338.89990234375,3357.0,3338.199951171875,3354.60009765625,0
2001-05-09,3346.10009765625,3348.800048828125,3327.89990234375,3336.39990234375,0
2001-05-10,3386.5,3386.699951171875,3345.300048828125,3346.60009765625,0
2001-05-11,3389.0,3392.10009765625,3375.0,3385.800048828125,0
2001-05-14,3382.199951171875,3390.39990234375,3358.199951171875,3388.199951171875,0
2001-05-15,3390.199951171875,3390.199951171875,3368.0,3382.10009765625,0
2001-05-16,3380.10009765625,3392.300048828125,3372.5,3391.699951171875,0
2001-05-17,3410.0,3423.60009765625,3386.60009765625,3386.60009765625,0
2001-05-18,3404.10009765625,3422.39990234375,3398.5,3413.89990234375,0
2001-05-21,3435.300048828125,3441.0,3405.10009765625,3406.10009765625,0
2001-05-22,3436.5,3443.0,3430.800048828125,3433.0,0
2001-05-23,3426.699951171875,3444.300048828125,3419.199951171875,3436.0,0
2001-05-24,3416.0,3425.10009765625,3407.5,3425.10009765625,0
2001-05-25,3426.10009765625,3431.60009765625,3413.199951171875,3414.5,0
2001-05-28,3420.10009765625,3429.0,3409.60009765625,3423.5,0
2001-05-29,3411.10009765625,3423.89990234375,3403.89990234375,3418.800048828125,0
2001-05-30,3399.800048828125,3409.0,3396.39990234375,3409.0,0
2001-05-31,3379.10009765625,3398.10009765625,3375.199951171875,3398.10009765625,0
2001-06-01,3391.5,3401.199951171875,3378.10009765625,3378.10009765625,0
2001-06-04,3426.699951171875,3427.39990234375,3390.39990234375,3390.39990234375,0
2001-06-05,3422.199951171875,3436.10009765625,3410.800048828125,3427.10009765625,0
2001-06-06,3423.300048828125,3442.0,3419.89990234375,3426.0,0
2001-06-07,3436.60009765625,3436.60009765625,3402.699951171875,3420.800048828125,0
2001-06-08,3434.39990234375,3437.39990234375,3421.0,3429.699951171875,0
2001-06-12,3401.800048828125,3430.5,3392.10009765625,3429.39990234375,0
2001-06-13,3389.60009765625,3401.5,3379.10009765625,3396.699951171875,0
2001-06-14,3411.89990234375,3412.0,3379.89990234375,3388.10009765625,0
2001-06-15,3415.699951171875,3415.699951171875,3387.800048828125,3408.60009765625,0
2001-06-18,3385.0,3413.39990234375,3385.0,3411.89990234375,0
2001-06-19,3385.39990234375,3403.300048828125,3385.39990234375,3386.39990234375,0
2001-06-20,3412.89990234375,3419.800048828125,3387.699951171875,3387.699951171875,0
2001-06-21,3410.800048828125,3426.39990234375,3405.699951171875,3413.10009765625,0
2001-06-22,3428.300048828125,3434.199951171875,3407.39990234375,3410.800048828125,0
2001-06-25,3418.699951171875,3427.60009765625,3409.0,3423.0,0
2001-06-26,3434.199951171875,3434.199951171875,3409.5,3416.300048828125,0
2001-06-27,3409.800048828125,3433.800048828125,3408.60009765625,3432.0,0
2001-06-28,3420.5,3428.10009765625,3409.89990234375,3409.89990234375,0
2001-06-29,3490.300048828125,3490.300048828125,3420.800048828125,3420.800048828125,0
2001-07-02,3438.39990234375,3484.39990234375,3429.800048828125,3484.39990234375,0
2001-07-03,3450.0,3457.199951171875,3440.0,3440.800048828125,0
2001-07-04,3429.699951171875,3452.39990234375,3420.60009765625,3451.39990234375,0
2001-07-05,3377.800048828125,3427.0,3374.10009765625,3424.199951171875,0
2001-07-06,3353.89990234375,3374.39990234375,3345.199951171875,3374.39990234375,0
2001-07-09,3342.0,3349.60009765625,3317.39990234375,3349.300048828125,0
2001-07-10,3356.699951171875,3358.699951171875,3331.39990234375,3342.300048828125,0
2001-07-11,3378.0,3383.699951171875,3349.10009765625,3353.0,0
2001-07-12,3392.60009765625,3394.699951171875,3369.0,3378.89990234375,0
2001-07-13,3396.5,3410.199951171875,3393.89990234375,3397.60009765625,0
2001-07-16,3421.199951171875,3423.10009765625,3396.800048828125,3396.800048828125,0
2001-07-17,3402.699951171875,3421.0,3401.699951171875,3417.39990234375,0
2001-07-18,3393.89990234375,3418.60009765625,3393.89990234375,3402.60009765625,0
2001-07-19,3394.39990234375,3400.5,3389.0,3394.10009765625,0
2001-07-20,3380.699951171875,3394.800048828125,3380.60009765625,3394.800048828125,0
2001-07-23,3373.0,3389.199951171875,3369.699951171875,3378.89990234375,0
2001-07-24,3352.60009765625,3373.10009765625,3347.89990234375,3373.10009765625,0
2001-07-25,3319.199951171875,3346.10009765625,3314.0,3344.89990234375,0
2001-07-26,3283.39990234375,3320.10009765625,3283.39990234375,3319.10009765625,0
2001-07-27,3292.0,3306.10009765625,3284.800048828125,3284.800048828125,0
2001-07-30,3316.60009765625,3321.10009765625,3292.10009765625,3292.10009765625,0
2001-07-31,3324.5,3329.699951171875,3311.199951171875,3317.0,0
2001-08-01,3374.5,3374.5,3324.60009765625,3324.60009765625,0
2001-08-02,3404.10009765625,3418.89990234375,3374.800048828125,3376.89990234375,0
2001-08-03,3405.39990234375,3410.199951171875,3386.800048828125,3403.300048828125,0
2001-08-06,3406.699951171875,3411.199951171875,3384.0,3404.60009765625,0
2001-08-07,3407.0,3407.0,3387.199951171875,3406.10009765625,0
2001-08-08,3402.60009765625,3419.699951171875,3392.60009765625,3403.10009765625,0
2001-08-09,3416.800048828125,3424.800048828125,3381.300048828125,3396.39990234375,0
2001-08-10,3401.300048828125,3416.39990234375,3401.300048828125,3413.5,0
2001-08-13,3383.89990234375,3406.60009765625,3383.5,3402.0,0
2001-08-14,3371.89990234375,3388.10009765625,3371.89990234375,3385.39990234375,0
2001-08-15,3364.300048828125,3388.60009765625,3361.89990234375,3375.300048828125,0
2001-08-16,3328.60009765625,3362.800048828125,3327.699951171875,3361.800048828125,0
2001-08-17,3330.39990234375,3340.10009765625,3325.699951171875,3328.5,0
2001-08-20,3290.5,3326.300048828125,3281.10009765625,3325.699951171875,0
2001-08-21,3319.0,3319.0,3290.10009765625,3290.10009765625,0
2001-08-22,3311.0,3314.89990234375,3287.89990234375,3313.89990234375,0
2001-08-23,3320.699951171875,3324.5,3310.10009765625,3313.89990234375,0
2001-08-24,3348.0,3351.0,3322.0,3322.300048828125,0
2001-08-27,3369.300048828125,3381.39990234375,3346.60009765625,3346.699951171875,0
2001-08-28,3372.10009765625,3378.60009765625,3357.39990234375,3369.699951171875,0
2001-08-29,3349.199951171875,3369.199951171875,3349.199951171875,3367.89990234375,0
2001-08-30,3323.89990234375,3346.89990234375,3316.199951171875,3346.89990234375,0
2001-08-31,3275.60009765625,3323.39990234375,3275.60009765625,3323.39990234375,0
2001-09-03,3272.300048828125,3276.800048828125,3254.699951171875,3274.0,0
2001-09-04,3286.39990234375,3286.39990234375,3264.10009765625,3270.199951171875,0
2001-09-05,3288.300048828125,3295.0,3264.199951171875,3284.39990234375,0
2001-09-06,3264.300048828125,3285.89990234375,3257.0,3284.699951171875,0
2001-09-07,3234.300048828125,3256.699951171875,3220.0,3256.0,0
2001-09-10,3242.60009765625,3244.800048828125,3200.5,3231.0,0
2001-09-11,3242.0,3256.60009765625,3240.89990234375,3242.199951171875,0
2001-09-12,3108.5,3224.10009765625,3090.199951171875,3218.89990234375,0
2001-09-13,3126.39990234375,3170.10009765625,3113.10009765625,3113.10009765625,0
2001-09-14,3100.800048828125,3130.5,3074.0,3126.5,0
2001-09-17,2955.300048828125,3092.39990234375,2942.0,3092.39990234375,0
2001-09-18,3010.10009765625,3044.0,2964.10009765625,2964.10009765625,0
2001-09-19,3034.89990234375,3034.89990234375,2986.699951171875,3009.5,0
2001-09-20,2983.0,3028.0,2960.699951171875,3026.5,0
2001-09-21,2941.89990234375,2959.800048828125,2897.199951171875,2959.800048828125,0
2001-09-24,2924.60009765625,2935.89990234375,2882.800048828125,2935.60009765625,0
2001-09-25,2962.699951171875,2976.300048828125,2929.39990234375,2929.39990234375,0
2001-09-26,2991.0,2997.0,2960.699951171875,2968.60009765625,0
2001-09-27,3000.699951171875,3007.60009765625,2974.39990234375,2994.0,0
2001-09-28,3049.5,3062.39990234375,3001.0,3001.0,0
2001-10-01,3098.89990234375,3098.89990234375,3056.89990234375,3058.800048828125,0
2001-10-02,3140.800048828125,3140.800048828125,3077.60009765625,3096.800048828125,0
2001-10-03,3126.199951171875,3161.199951171875,3117.5,3143.699951171875,0
2001-10-04,3130.89990234375,3150.5,3117.300048828125,3132.89990234375,0
2001-10-05,3179.10009765625,3179.699951171875,3129.60009765625,3129.60009765625,0
2001-10-08,3139.89990234375,3178.699951171875,3128.199951171875,3178.699951171875,0
2001-10-09,3153.0,3154.39990234375,3133.89990234375,3139.5,0
2001-10-10,3137.0,3152.199951171875,3128.89990234375,3150.89990234375,0
2001-10-11,3199.199951171875,3205.800048828125,3144.39990234375,3144.39990234375,0
2001-10-12,3225.10009765625,3244.199951171875,3206.89990234375,3207.699951171875,0
2001-10-15,3199.0,3220.10009765625,3185.89990234375,3220.10009765625,0
2001-10-16,3210.699951171875,3221.60009765625,3204.199951171875,3205.5,0
2001-10-17,3237.89990234375,3237.89990234375,3209.300048828125,3210.699951171875,0
2001-10-18,3199.60009765625,3237.89990234375,3183.10009765625,3237.89990234375,0
2001-10-19,3175.39990234375,3199.60009765625,3172.39990234375,3199.60009765625,0
2001-10-23,3213.300048828125,3218.0,3180.0,3180.0,0
2001-10-24,3246.0,3251.10009765625,3202.800048828125,3213.300048828125,0
2001-10-25,3254.699951171875,3258.60009765625,3241.60009765625,3246.0,0
2001-10-26,3276.199951171875,3285.89990234375,3254.699951171875,3254.699951171875,0
2001-10-29,3256.199951171875,3284.10009765625,3256.199951171875,3276.199951171875,0
2001-10-30,3252.800048828125,3256.199951171875,3232.10009765625,3256.199951171875,0
2001-10-31,3249.60009765625,3252.800048828125,3228.89990234375,3252.800048828125,0
2001-11-01,3248.800048828125,3258.10009765625,3245.300048828125,3249.60009765625,0
2001-11-02,3239.89990234375,3268.39990234375,3232.300048828125,3248.800048828125,0
2001-11-05,3225.800048828125,3253.39990234375,3222.39990234375,3239.89990234375,0
2001-11-06,3285.10009765625,3285.10009765625,3225.800048828125,3225.800048828125,0
2001-11-07,3252.60009765625,3289.5,3252.60009765625,3285.10009765625,0
2001-11-08,3269.39990234375,3290.199951171875,3249.699951171875,3252.60009765625,0
2001-11-09,3286.0,3288.0,3269.39990234375,3269.39990234375,0
2001-11-12,3305.39990234375,3307.199951171875,3282.5,3286.0,0
2001-11-13,3291.699951171875,3305.39990234375,3278.89990234375,3305.39990234375,0
2001-11-14,3336.800048828125,3345.699951171875,3291.699951171875,3291.699951171875,0
2001-11-15,3344.699951171875,3350.60009765625,3332.5,3336.800048828125,0
2001-11-16,3322.5,3344.699951171875,3322.5,3344.699951171875,0
2001-11-19,3331.89990234375,3331.89990234375,3310.199951171875,3322.5,0
2001-11-20,3353.0,3361.699951171875,3331.89990234375,3331.89990234375,0
2001-11-21,3336.300048828125,3353.0,3332.0,3353.0,0
2001-11-22,3324.199951171875,3336.300048828125,3319.89990234375,3336.300048828125,0
2001-11-23,3332.89990234375,3344.60009765625,3323.5,3324.199951171875,0
2001-11-26,3348.5,3360.5,3332.39990234375,3332.89990234375,0
2001-11-27,3355.800048828125,3370.5,3348.5,3348.5,0
2001-11-28,3353.199951171875,3358.199951171875,3347.10009765625,3355.800048828125,0
2001-11-29,3329.5,3353.199951171875,3324.300048828125,3353.199951171875,0
2001-11-30,3337.5,3363.699951171875,3329.5,3329.5,0
2001-12-03,3328.800048828125,3350.699951171875,3321.89990234375,3337.5,0
2001-12-04,3324.39990234375,3338.199951171875,3321.800048828125,3328.800048828125,0
2001-12-05,3347.800048828125,3355.0,3324.39990234375,3324.39990234375,0
2001-12-06,3352.800048828125,3381.10009765625,3347.800048828125,3347.800048828125,0
2001-12-07,3371.800048828125,3377.300048828125,3348.39990234375,3352.800048828125,0
2001-12-10,3360.699951171875,3374.0,3340.0,3371.800048828125,0
2001-12-11,3359.60009765625,3360.699951171875,3340.800048828125,3360.699951171875,0
2001-12-12,3322.10009765625,3363.5,3319.199951171875,3359.60009765625,0
2001-12-13,3312.5,3324.5,3304.60009765625,3322.10009765625,0
2001-12-14,3290.800048828125,3312.5,3288.39990234375,3312.5,0
2001-12-17,3289.60009765625,3309.10009765625,3289.60009765625,3290.800048828125,0
2001-12-18,3320.5,3324.699951171875,3289.60009765625,3289.60009765625,0
2001-12-19,3324.10009765625,3337.0,3320.5,3320.5,0
2001-12-20,3343.89990234375,3345.699951171875,3321.800048828125,3324.10009765625,0
2001-12-21,3374.5,3379.300048828125,3330.89990234375,3343.89990234375,0
2001-12-24,3390.10009765625,3394.300048828125,3374.5,3374.5,0
2001-12-27,3417.60009765625,3424.10009765625,3390.10009765625,3390.10009765625,0
2001-12-28,3427.10009765625,3440.60009765625,3417.60009765625,3417.60009765625,0
2001-12-31,3422.300048828125,3436.39990234375,3416.60009765625,3427.10009765625,0
2002-01-02,3443.800048828125,3445.10009765625,3409.0,3422.300048828125,0
2002-01-03,3419.60009765625,3445.699951171875,3415.5,3445.699951171875,0
2002-01-04,3435.699951171875,3437.199951171875,3419.60009765625,3419.60009765625,0
2002-01-07,3446.89990234375,3451.5,3435.699951171875,3435.699951171875,0
2002-01-08,3423.0,3451.300048828125,3422.60009765625,3446.89990234375,0
2002-01-09,3412.5,3423.0,3411.0,3423.0,0
2002-01-10,3409.10009765625,3428.199951171875,3409.10009765625,3412.5,0
2002-01-11,3417.60009765625,3427.0,3408.60009765625,3409.10009765625,0
2002-01-14,3407.300048828125,3419.0,3403.0,3417.60009765625,0
2002-01-15,3406.199951171875,3409.800048828125,3392.800048828125,3407.300048828125,0
2002-01-16,3425.800048828125,3425.800048828125,3404.300048828125,3406.199951171875,0
2002-01-17,3393.10009765625,3425.800048828125,3390.60009765625,3425.800048828125,0
2002-01-18,3387.0,3396.0,3377.300048828125,3393.10009765625,0
2002-01-21,3400.300048828125,3400.300048828125,3380.10009765625,3387.0,0
2002-01-22,3421.5,3425.89990234375,3400.300048828125,3400.300048828125,0
2002-01-23,3422.0,3430.800048828125,3415.0,3421.5,0
2002-01-24,3430.800048828125,3434.0,3422.0,3422.0,0
2002-01-25,3442.300048828125,3446.10009765625,3430.800048828125,3430.800048828125,0
2002-01-29,3452.89990234375,3456.89990234375,3439.0,3442.300048828125,0
2002-01-30,3433.5,3452.89990234375,3429.0,3452.89990234375,0
2002-01-31,3464.199951171875,3468.89990234375,3433.5,3433.5,0
2002-02-01,3445.5,3486.300048828125,3445.5,3464.199951171875,0
2002-02-04,3466.10009765625,3472.89990234375,3445.5,3445.5,0
2002-02-05,3451.5,3466.300048828125,3444.699951171875,3466.10009765625,0
2002-02-06,3424.5,3453.0,3424.5,3451.5,0
2002-02-07,3414.5,3429.300048828125,3406.60009765625,3424.5,0
2002-02-08,3450.39990234375,3450.39990234375,3413.0,3414.5,0
2002-02-11,3476.5,3482.89990234375,3450.800048828125,3450.800048828125,0
2002-02-12,3481.10009765625,3496.800048828125,3473.10009765625,3476.5,0
2002-02-13,3474.60009765625,3492.300048828125,3469.39990234375,3481.10009765625,0
2002-02-14,3487.0,3506.10009765625,3474.60009765625,3474.60009765625,0
2002-02-15,3480.39990234375,3491.199951171875,3470.0,3487.0,0
2002-02-18,3469.300048828125,3480.39990234375,3460.60009765625,3480.39990234375,0
2002-02-19,3470.39990234375,3471.60009765625,3455.699951171875,3469.300048828125,0
2002-02-20,3437.699951171875,3470.39990234375,3431.800048828125,3470.39990234375,0
2002-02-21,3434.300048828125,3450.39990234375,3418.699951171875,3437.699951171875,0
2002-02-22,3422.10009765625,3434.300048828125,3412.199951171875,3434.300048828125,0
2002-02-25,3422.5,3440.300048828125,3422.5,3424.60009765625,0
2002-02-26,3434.800048828125,3450.199951171875,3422.5,3422.5,0
2002-02-27,3413.10009765625,3437.199951171875,3402.5,3434.800048828125,0
2002-02-28,3414.300048828125,3424.60009765625,3408.199951171875,3413.10009765625,0
2002-03-01,3417.300048828125,3417.300048828125,3392.699951171875,3414.300048828125,0
2002-03-04,3424.300048828125,3434.39990234375,3415.699951171875,3417.300048828125,0
2002-03-05,3435.60009765625,3451.10009765625,3424.300048828125,3424.300048828125,0
2002-03-06,3451.199951171875,3456.10009765625,3426.699951171875,3435.60009765625,0
2002-03-07,3497.60009765625,3499.39990234375,3451.199951171875,3451.199951171875,0
2002-03-08,3485.300048828125,3499.89990234375,3473.60009765625,3497.60009765625,0
2002-03-11,3476.89990234375,3496.60009765625,3475.199951171875,3486.60009765625,0
2002-03-12,3462.300048828125,3478.199951171875,3460.5,3476.89990234375,0
2002-03-13,3450.0,3463.0,3448.39990234375,3462.300048828125,0
2002-03-14,3451.89990234375,3454.89990234375,3441.0,3450.0,0
2002-03-15,3407.699951171875,3451.89990234375,3407.699951171875,3451.89990234375,0
2002-03-18,3453.10009765625,3456.199951171875,3410.5,3410.5,0
2002-03-19,3460.300048828125,3461.5,3447.89990234375,3453.10009765625,0
2002-03-20,3467.300048828125,3474.60009765625,3460.10009765625,3460.300048828125,0
2002-03-21,3436.10009765625,3467.300048828125,3432.199951171875,3467.300048828125,0
2002-03-22,3433.800048828125,3437.5,3429.39990234375,3436.10009765625,0
2002-03-25,3424.699951171875,3435.199951171875,3423.300048828125,3433.800048828125,0
2002-03-26,3384.39990234375,3424.699951171875,3382.10009765625,3424.699951171875,0
2002-03-27,3411.5,3416.5,3384.39990234375,3384.39990234375,0
2002-03-28,3414.800048828125,3414.800048828125,3396.0,3411.5,0
2002-04-02,3387.300048828125,3418.0,3380.199951171875,3414.800048828125,0
2002-04-03,3377.800048828125,3393.300048828125,3377.800048828125,3387.300048828125,0
2002-04-04,3372.60009765625,3378.10009765625,3365.699951171875,3377.800048828125,0
2002-04-05,3390.0,3395.800048828125,3371.699951171875,3372.60009765625,0
2002-04-08,3389.0,3402.300048828125,3381.800048828125,3390.0,0
2002-04-09,3363.39990234375,3389.60009765625,3360.0,3389.0,0
2002-04-10,3377.39990234375,3380.300048828125,3357.89990234375,3363.39990234375,0
2002-04-11,3367.39990234375,3392.800048828125,3361.10009765625,3377.39990234375,0
2002-04-12,3354.5,3367.39990234375,3347.89990234375,3367.39990234375,0
2002-04-15,3368.10009765625,3368.10009765625,3352.89990234375,3354.5,0
2002-04-16,3386.60009765625,3395.300048828125,3368.10009765625,3368.10009765625,0
2002-04-17,3401.300048828125,3405.39990234375,3386.60009765625,3386.60009765625,0
2002-04-18,3406.699951171875,3412.300048828125,3400.60009765625,3401.300048828125,0
2002-04-19,3407.300048828125,3408.39990234375,3398.89990234375,3406.699951171875,0
2002-04-22,3414.10009765625,3424.60009765625,3405.800048828125,3407.300048828125,0
2002-04-23,3403.89990234375,3414.10009765625,3397.5,3414.10009765625,0
2002-04-24,3373.60009765625,3403.89990234375,3370.300048828125,3403.89990234375,0
2002-04-26,3379.10009765625,3384.199951171875,3370.800048828125,3373.60009765625,0
2002-04-29,3352.800048828125,3376.699951171875,3351.10009765625,3376.699951171875,0
2002-04-30,3350.0,3353.699951171875,3337.5,3352.800048828125,0
2002-05-01,3360.39990234375,3365.699951171875,3348.10009765625,3350.0,0
2002-05-02,3362.300048828125,3368.800048828125,3353.39990234375,3360.39990234375,0
2002-05-03,3366.0,3368.300048828125,3359.300048828125,3362.300048828125,0
2002-05-06,3345.39990234375,3366.89990234375,3337.39990234375,3366.89990234375,0
2002-05-07,3325.0,3345.39990234375,3321.39990234375,3345.39990234375,0
2002-05-08,3339.89990234375,3346.199951171875,3324.699951171875,3325.0,0
2002-05-09,3338.5,3363.10009765625,3334.800048828125,3339.89990234375,0
2002-05-10,3330.89990234375,3341.60009765625,3320.5,3338.5,0
2002-05-13,3302.5,3331.199951171875,3295.89990234375,3330.89990234375,0
2002-05-14,3314.300048828125,3316.300048828125,3302.5,3302.5,0
2002-05-15,3376.10009765625,3376.199951171875,3314.300048828125,3314.300048828125,0
2002-05-16,3395.300048828125,3403.5,3376.10009765625,3376.10009765625,0
2002-05-17,3412.60009765625,3420.0,3394.699951171875,3395.300048828125,0
2002-05-20,3393.300048828125,3412.60009765625,3392.800048828125,3412.60009765625,0
2002-05-21,3376.89990234375,3393.5,3373.5,3393.300048828125,0
2002-05-22,3389.800048828125,3392.199951171875,3373.89990234375,3376.89990234375,0
2002-05-23,3373.5,3389.800048828125,3368.5,3389.800048828125,0
2002-05-24,3387.10009765625,3389.5,3373.5,3373.5,0
2002-05-27,3381.60009765625,3393.300048828125,3378.5,3387.10009765625,0
2002-05-28,3385.89990234375,3385.89990234375,3374.699951171875,3381.60009765625,0
2002-05-29,3381.199951171875,3385.89990234375,3373.699951171875,3385.89990234375,0
2002-05-30,3387.10009765625,3391.39990234375,3377.699951171875,3381.199951171875,0
2002-05-31,3373.60009765625,3387.10009765625,3353.300048828125,3387.10009765625,0
2002-06-03,3375.60009765625,3388.199951171875,3370.10009765625,3373.60009765625,0
2002-06-04,3347.10009765625,3375.60009765625,3346.199951171875,3375.60009765625,0
2002-06-05,3350.199951171875,3355.89990234375,3346.699951171875,3347.10009765625,0
2002-06-06,3344.300048828125,3354.300048828125,3337.300048828125,3350.199951171875,0
2002-06-07,3342.800048828125,3344.300048828125,3325.0,3344.300048828125,0
2002-06-11,3328.5,3349.0,3325.300048828125,3342.800048828125,0
2002-06-12,3327.89990234375,3336.699951171875,3318.800048828125,3328.5,0
2002-06-13,3313.60009765625,3338.300048828125,3311.10009765625,3327.89990234375,0
2002-06-14,3294.10009765625,3315.89990234375,3294.10009765625,3313.60009765625,0
2002-06-17,3299.699951171875,3302.199951171875,3285.89990234375,3293.10009765625,0
2002-06-18,3311.89990234375,3322.60009765625,3299.699951171875,3299.699951171875,0
2002-06-19,3279.89990234375,3312.800048828125,3279.89990234375,3311.89990234375,0
2002-06-20,3279.60009765625,3283.60009765625,3255.10009765625,3279.89990234375,0
2002-06-21,3252.199951171875,3279.60009765625,3242.89990234375,3279.60009765625,0
2002-06-24,3235.300048828125,3247.60009765625,3229.0,3247.60009765625,0
2002-06-25,3227.60009765625,3242.0,3221.89990234375,3235.300048828125,0
2002-06-26,3179.39990234375,3227.60009765625,3174.0,3227.300048828125,0
2002-06-27,3212.89990234375,3219.5,3179.39990234375,3179.39990234375,0
2002-06-28,3216.0,3224.60009765625,3209.199951171875,3212.89990234375,0
2002-07-01,3227.89990234375,3229.89990234375,3208.300048828125,3216.0,0
2002-07-02,3212.10009765625,3228.89990234375,3198.800048828125,3227.89990234375,0
2002-07-03,3185.89990234375,3212.10009765625,3181.300048828125,3212.10009765625,0
2002-07-04,3208.699951171875,3208.699951171875,3182.5,3185.89990234375,0
2002-07-05,3214.800048828125,3219.60009765625,3190.60009765625,3208.699951171875,0
2002-07-08,3233.699951171875,3250.5,3214.800048828125,3214.800048828125,0
2002-07-09,3258.39990234375,3259.0,3231.89990234375,3233.699951171875,0
2002-07-10,3226.199951171875,3258.39990234375,3225.39990234375,3258.39990234375,0
2002-07-11,3192.39990234375,3226.199951171875,3183.0,3226.199951171875,0
2002-07-12,3197.39990234375,3207.199951171875,3184.800048828125,3192.39990234375,0
2002-07-15,3187.300048828125,3196.89990234375,3181.699951171875,3196.89990234375,0
2002-07-16,3157.699951171875,3196.89990234375,3156.10009765625,3196.89990234375,0
2002-07-17,3122.199951171875,3157.699951171875,3119.10009765625,3157.699951171875,0
2002-07-18,3152.300048828125,3153.89990234375,3122.199951171875,3122.199951171875,0
2002-07-19,3109.199951171875,3154.199951171875,3104.89990234375,3152.300048828125,0
2002-07-22,3089.39990234375,3092.10009765625,3034.699951171875,3092.10009765625,0
2002-07-23,3088.60009765625,3096.60009765625,3056.5,3089.39990234375,0
2002-07-24,3017.199951171875,3088.60009765625,3004.800048828125,3088.60009765625,0
2002-07-25,3042.39990234375,3072.699951171875,3017.199951171875,3017.199951171875,0
2002-07-26,2989.5,3042.39990234375,2982.10009765625,3042.39990234375,0
2002-07-29,3035.199951171875,3042.89990234375,2989.10009765625,2989.5,0
2002-07-30,3083.800048828125,3094.60009765625,3035.199951171875,3035.199951171875,0
2002-07-31,3086.199951171875,3100.89990234375,3076.699951171875,3083.800048828125,0
2002-08-01,3077.300048828125,3092.0,3070.89990234375,3086.199951171875,0
2002-08-02,3053.89990234375,3077.300048828125,3037.5,3077.300048828125,0
2002-08-05,3009.199951171875,3048.89990234375,3009.199951171875,3048.89990234375,0
2002-08-06,2985.60009765625,3009.199951171875,2955.699951171875,3009.199951171875,0
2002-08-07,3051.0,3052.89990234375,2985.60009765625,2985.60009765625,0
2002-08-08,3077.10009765625,3077.10009765625,3048.800048828125,3051.0,0
2002-08-09,3106.800048828125,3122.199951171875,3077.10009765625,3077.10009765625,0
2002-08-12,3103.800048828125,3118.199951171875,3101.5,3113.300048828125,0
2002-08-13,3110.300048828125,3115.5,3090.0,3103.800048828125,0
2002-08-14,3096.199951171875,3110.300048828125,3086.10009765625,3110.300048828125,0
2002-08-15,3128.0,3132.60009765625,3096.199951171875,3096.199951171875,0
2002-08-16,3133.300048828125,3147.89990234375,3128.0,3128.0,0
2002-08-19,3148.199951171875,3157.300048828125,3132.699951171875,3133.300048828125,0
2002-08-20,3176.699951171875,3184.300048828125,3148.199951171875,3148.199951171875,0
2002-08-21,3164.300048828125,3180.199951171875,3155.10009765625,3176.699951171875,0
2002-08-22,3195.699951171875,3198.39990234375,3164.300048828125,3164.300048828125,0
2002-08-23,3184.5,3202.89990234375,3176.39990234375,3195.699951171875,0
2002-08-26,3176.89990234375,3180.800048828125,3157.39990234375,3180.800048828125,0
2002-08-27,3160.300048828125,3191.0,3160.300048828125,3176.89990234375,0
2002-08-28,3137.699951171875,3167.0,3137.699951171875,3160.300048828125,0
2002-08-29,3130.800048828125,3137.699951171875,3115.5,3137.699951171875,0
2002-08-30,3120.10009765625,3137.5,3117.699951171875,3130.800048828125,0
2002-09-02,3131.0,3132.10009765625,3112.60009765625,3122.300048828125,0
2002-09-03,3143.199951171875,3143.199951171875,3125.39990234375,3131.0,0
2002-09-04,3093.199951171875,3143.199951171875,3090.39990234375,3143.199951171875,0
2002-09-05,3113.5,3122.199951171875,3093.199951171875,3093.199951171875,0
2002-09-06,3089.5,3113.5,3079.89990234375,3113.5,0
2002-09-09,3119.60009765625,3123.0,3089.5,3089.5,0
2002-09-10,3110.699951171875,3121.0,3106.89990234375,3119.60009765625,0
2002-09-11,3148.0,3148.0,3110.10009765625,3110.10009765625,0
2002-09-12,3142.10009765625,3149.199951171875,3138.800048828125,3148.0,0
2002-09-13,3130.60009765625,3142.10009765625,3115.0,3142.10009765625,0
2002-09-16,3125.699951171875,3137.60009765625,3121.800048828125,3130.60009765625,0
2002-09-17,3156.699951171875,3156.699951171875,3125.699951171875,3125.699951171875,0
2002-09-18,3120.300048828125,3156.699951171875,3111.39990234375,3156.699951171875,0
2002-09-19,3090.699951171875,3120.300048828125,3086.89990234375,3120.300048828125,0
2002-09-20,3073.60009765625,3090.699951171875,3062.300048828125,3090.699951171875,0
2002-09-23,3046.699951171875,3070.199951171875,3046.199951171875,3070.199951171875,0
2002-09-24,3033.300048828125,3046.699951171875,3018.699951171875,3046.699951171875,0
2002-09-25,2991.10009765625,3033.300048828125,2989.0,3033.300048828125,0
2002-09-26,2988.699951171875,3017.800048828125,2987.199951171875,2991.10009765625,0
2002-09-27,3008.89990234375,3022.199951171875,2988.699951171875,2988.699951171875,0
2002-09-30,2970.89990234375,3001.10009765625,2953.199951171875,3001.10009765625,0
2002-10-01,2987.199951171875,2989.199951171875,2959.800048828125,2970.89990234375,0
2002-10-02,2998.199951171875,3018.0,2987.199951171875,2987.199951171875,0
2002-10-03,2999.300048828125,2999.5,2983.800048828125,2998.199951171875,0
2002-10-04,2991.60009765625,3000.39990234375,2983.60009765625,2999.300048828125,0
2002-10-07,2940.0,2986.199951171875,2940.0,2986.199951171875,0
2002-10-08,2946.0,2954.699951171875,2933.300048828125,2940.0,0
2002-10-09,2912.699951171875,2952.89990234375,2908.800048828125,2946.0,0
2002-10-10,2896.60009765625,2912.699951171875,2883.5,2912.699951171875,0
2002-10-11,2924.60009765625,2929.699951171875,2896.60009765625,2896.60009765625,0
2002-10-14,2959.800048828125,2965.5,2924.60009765625,2924.60009765625,0
2002-10-15,2994.89990234375,2994.89990234375,2957.5,2959.800048828125,0
2002-10-16,2993.800048828125,3024.0,2984.89990234375,2994.89990234375,0
2002-10-17,2989.800048828125,3001.699951171875,2968.60009765625,2993.800048828125,0
2002-10-18,3010.60009765625,3028.39990234375,2989.800048828125,2989.800048828125,0
2002-10-21,2990.199951171875,3011.699951171875,2986.39990234375,3010.60009765625,0
2002-10-22,3003.0,3019.699951171875,2990.199951171875,2990.199951171875,0
2002-10-23,3031.89990234375,3032.300048828125,3000.800048828125,3003.0,0
2002-10-24,3023.60009765625,3043.0,3023.199951171875,3031.89990234375,0
2002-10-25,3009.199951171875,3023.60009765625,2996.0,3023.60009765625,0
2002-10-28,3035.60009765625,3038.60009765625,3010.300048828125,3010.300048828125,0
2002-10-29,3011.300048828125,3034.300048828125,3008.60009765625,3033.89990234375,0
2002-10-30,3006.199951171875,3011.300048828125,2994.0,3011.300048828125,0
2002-10-31,3042.89990234375,3042.89990234375,3004.300048828125,3006.199951171875,0
2002-11-01,3010.300048828125,3042.89990234375,3009.39990234375,3042.89990234375,0
2002-11-04,3054.800048828125,3060.300048828125,3010.300048828125,3010.300048828125,0
2002-11-05,3050.199951171875,3069.300048828125,3045.800048828125,3054.800048828125,0
2002-11-06,3075.5,3079.699951171875,3050.199951171875,3050.199951171875,0
2002-11-07,3038.89990234375,3075.5,3033.199951171875,3075.5,0
2002-11-08,3008.800048828125,3040.800048828125,3008.60009765625,3038.89990234375,0
2002-11-11,2972.89990234375,3008.800048828125,2969.89990234375,3008.800048828125,0
2002-11-12,2982.5,2984.0,2950.699951171875,2972.89990234375,0
2002-11-13,2971.0,2986.60009765625,2964.89990234375,2982.5,0
2002-11-14,2962.199951171875,2987.0,2959.39990234375,2971.0,0
2002-11-15,3004.89990234375,3005.60009765625,2962.199951171875,2962.199951171875,0
2002-11-18,2999.699951171875,3010.39990234375,2995.39990234375,3006.800048828125,0
2002-11-19,2989.699951171875,3001.89990234375,2987.800048828125,2999.699951171875,0
2002-11-20,3007.800048828125,3007.800048828125,2978.60009765625,2989.699951171875,0
2002-11-21,3021.89990234375,3024.10009765625,3003.0,3007.800048828125,0
2002-11-22,3035.800048828125,3042.199951171875,3021.89990234375,3021.89990234375,0
2002-11-25,3041.300048828125,3044.39990234375,3015.199951171875,3035.199951171875,0
2002-11-26,3015.39990234375,3041.300048828125,3014.699951171875,3041.300048828125,0
2002-11-27,3005.199951171875,3015.39990234375,2997.39990234375,3015.39990234375,0
2002-11-28,3043.5,3049.0,3005.199951171875,3005.199951171875,0
2002-11-29,3061.39990234375,3061.39990234375,3040.199951171875,3043.5,0
2002-12-02,3083.800048828125,3083.800048828125,3056.0,3061.39990234375,0
2002-12-03,3072.60009765625,3083.800048828125,3059.699951171875,3083.800048828125,0
2002-12-04,3027.199951171875,3072.60009765625,3022.60009765625,3072.60009765625,0
2002-12-05,3040.5,3048.800048828125,3026.89990234375,3027.199951171875,0
2002-12-06,3027.300048828125,3040.5,3017.199951171875,3040.5,0
2002-12-09,3023.5,3054.39990234375,3023.5,3028.39990234375,0
2002-12-10,2990.800048828125,3023.5,2990.800048828125,3023.5,0
2002-12-11,2969.699951171875,3001.800048828125,2961.800048828125,2990.800048828125,0
2002-12-12,2987.800048828125,2987.800048828125,2969.699951171875,2969.699951171875,0
2002-12-13,2971.300048828125,2987.800048828125,2957.89990234375,2987.800048828125,0
2002-12-16,2949.89990234375,2971.300048828125,2945.89990234375,2971.300048828125,0
2002-12-17,2986.699951171875,2991.39990234375,2949.89990234375,2949.89990234375,0
2002-12-18,2986.5,2989.300048828125,2977.300048828125,2986.699951171875,0
2002-12-19,2989.10009765625,2994.800048828125,2972.60009765625,2986.5,0
2002-12-20,3011.39990234375,3019.60009765625,2984.800048828125,2989.10009765625,0
2002-12-23,3033.5,3035.699951171875,3009.800048828125,3011.39990234375,0
2002-12-24,3032.800048828125,3037.800048828125,3028.5,3033.5,0
2002-12-27,3027.199951171875,3032.800048828125,3023.699951171875,3032.800048828125,0
2002-12-30,2992.699951171875,3027.199951171875,2987.800048828125,3027.199951171875,0
2002-12-31,3007.10009765625,3010.89990234375,2991.699951171875,2992.699951171875,0
2003-01-02,3027.60009765625,3028.89990234375,2999.89990234375,3007.10009765625,0
2003-01-03,3055.5,3055.89990234375,3027.60009765625,3027.60009765625,0
2003-01-06,3075.39990234375,3084.699951171875,3051.800048828125,3051.800048828125,0
2003-01-07,3074.5,3094.10009765625,3070.39990234375,3075.39990234375,0
2003-01-08,3074.699951171875,3086.89990234375,3069.39990234375,3074.5,0
2003-01-09,3064.89990234375,3074.699951171875,3053.800048828125,3074.699951171875,0
2003-01-10,3063.5,3079.800048828125,3052.199951171875,3064.89990234375,0
2003-01-13,3069.39990234375,3075.39990234375,3058.89990234375,3063.60009765625,0
2003-01-14,3075.800048828125,3084.800048828125,3063.60009765625,3069.39990234375,0
2003-01-15,3077.0,3083.699951171875,3072.699951171875,3075.800048828125,0
2003-01-16,3056.300048828125,3077.0,3054.0,3077.0,0
2003-01-17,3051.699951171875,3066.0,3051.300048828125,3056.300048828125,0
2003-01-20,3055.800048828125,3061.60009765625,3041.39990234375,3049.0,0
2003-01-21,3051.5,3061.89990234375,3050.0,3055.800048828125,0
2003-01-22,3025.89990234375,3051.5,3022.199951171875,3051.5,0
2003-01-23,3024.0,3027.39990234375,3018.89990234375,3025.89990234375,0
2003-01-24,3026.199951171875,3030.10009765625,3017.39990234375,3024.0,0
2003-01-28,2964.39990234375,3026.199951171875,2953.89990234375,3026.199951171875,0
2003-01-29,2951.699951171875,2981.0,2951.699951171875,2964.39990234375,0
2003-01-30,2964.199951171875,2966.5,2947.39990234375,2951.699951171875,0
2003-01-31,2956.89990234375,2964.199951171875,2929.10009765625,2964.199951171875,0
2003-02-03,2942.60009765625,2962.699951171875,2942.60009765625,2958.10009765625,0
2003-02-04,2946.60009765625,2969.199951171875,2942.60009765625,2942.60009765625,0
2003-02-05,2918.699951171875,2946.60009765625,2913.10009765625,2946.60009765625,0
2003-02-06,2886.199951171875,2920.800048828125,2886.199951171875,2918.699951171875,0
2003-02-07,2906.0,2906.0,2882.60009765625,2886.199951171875,0
2003-02-10,2890.199951171875,2906.0,2883.699951171875,2906.0,0
2003-02-11,2879.0,2900.300048828125,2875.0,2890.199951171875,0
2003-02-12,2884.5,2896.300048828125,2873.60009765625,2879.0,0
2003-02-13,2835.39990234375,2884.5,2832.60009765625,2884.5,0
2003-02-14,2817.199951171875,2835.60009765625,2807.5,2835.39990234375,0
2003-02-17,2844.10009765625,2846.39990234375,2817.199951171875,2817.199951171875,0
2003-02-18,2844.699951171875,2860.199951171875,2841.699951171875,2844.10009765625,0
2003-02-19,2864.699951171875,2873.5,2844.699951171875,2844.699951171875,0
2003-02-20,2819.10009765625,2864.699951171875,2819.10009765625,2864.699951171875,0
2003-02-21,2820.199951171875,2829.0,2796.300048828125,2819.10009765625,0
2003-02-24,2855.89990234375,2862.699951171875,2820.199951171875,2820.199951171875,0
2003-02-25,2799.0,2853.89990234375,2799.0,2853.60009765625,0
2003-02-26,2826.89990234375,2826.89990234375,2797.60009765625,2799.0,0
2003-02-27,2796.199951171875,2825.39990234375,2796.199951171875,2825.39990234375,0
2003-02-28,2800.89990234375,2828.699951171875,2794.39990234375,2796.199951171875,0
2003-03-03,2816.800048828125,2820.0,2792.60009765625,2800.89990234375,0
2003-03-04,2813.10009765625,2817.5,2799.10009765625,2816.89990234375,0
2003-03-05,2776.0,2813.10009765625,2776.0,2813.10009765625,0
2003-03-06,2776.0,2791.39990234375,2775.300048828125,2776.0,0
2003-03-07,2744.0,2776.0,2740.699951171875,2776.0,0
2003-03-10,2741.39990234375,2757.699951171875,2740.800048828125,2746.199951171875,0
2003-03-11,2723.199951171875,2741.39990234375,2702.39990234375,2741.39990234375,0
2003-03-12,2718.39990234375,2726.300048828125,2702.699951171875,2723.199951171875,0
2003-03-13,2700.39990234375,2718.39990234375,2693.300048828125,2718.39990234375,0
2003-03-14,2753.10009765625,2760.89990234375,2700.39990234375,2700.39990234375,0
2003-03-17,2739.10009765625,2760.60009765625,2727.699951171875,2753.10009765625,0
2003-03-18,2835.10009765625,2835.300048828125,2739.10009765625,2739.10009765625,0
2003-03-19,2846.699951171875,2860.300048828125,2832.699951171875,2835.10009765625,0
2003-03-20,2866.10009765625,2882.699951171875,2845.300048828125,2846.699951171875,0
2003-03-21,2866.699951171875,2876.699951171875,2852.800048828125,2866.10009765625,0
2003-03-24,2858.5,2879.800048828125,2851.0,2866.699951171875,0
2003-03-25,2854.39990234375,2858.5,2829.0,2858.5,0
2003-03-26,2892.10009765625,2892.300048828125,2854.39990234375,2854.39990234375,0
2003-03-27,2892.5,2900.89990234375,2879.199951171875,2892.10009765625,0
2003-03-28,2897.699951171875,2911.89990234375,2877.199951171875,2892.5,0
2003-03-31,2885.199951171875,2897.699951171875,2882.199951171875,2897.699951171875,0
2003-04-01,2882.199951171875,2897.699951171875,2865.89990234375,2885.199951171875,0
2003-04-02,2882.300048828125,2913.10009765625,2882.199951171875,2882.199951171875,0
2003-04-03,2908.60009765625,2922.60009765625,2882.300048828125,2882.300048828125,0
2003-04-04,2933.5,2933.5,2897.60009765625,2908.60009765625,0
2003-04-07,2979.39990234375,2981.89990234375,2933.5,2933.5,0
2003-04-08,2978.800048828125,2984.39990234375,2957.60009765625,2979.39990234375,0
2003-04-09,2950.5,2978.800048828125,2948.89990234375,2978.800048828125,0
2003-04-10,2945.10009765625,2950.5,2924.300048828125,2950.5,0
2003-04-11,2949.0,2957.199951171875,2935.699951171875,2945.10009765625,0
2003-04-14,2940.89990234375,2956.300048828125,2932.5,2949.0,0
2003-04-15,2968.800048828125,2968.800048828125,2940.89990234375,2940.89990234375,0
2003-04-16,2979.800048828125,2985.10009765625,2968.800048828125,2968.800048828125,0
2003-04-17,2953.199951171875,2979.800048828125,2944.39990234375,2979.800048828125,0
2003-04-22,2980.39990234375,2982.89990234375,2953.199951171875,2953.199951171875,0
2003-04-23,3005.0,3011.89990234375,2980.39990234375,2980.39990234375,0
2003-04-24,3001.89990234375,3006.0,2996.300048828125,3005.0,0
2003-04-28,2974.5,3001.89990234375,2969.60009765625,3001.89990234375,0
2003-04-29,3011.199951171875,3012.0,2974.5,2974.5,0
2003-04-30,3007.5,3023.699951171875,2999.199951171875,3011.199951171875,0
2003-05-01,3003.60009765625,3009.39990234375,2988.800048828125,3007.5,0
2003-05-02,2975.39990234375,3003.60009765625,2971.0,3003.60009765625,0
2003-05-05,2977.39990234375,2979.89990234375,2957.10009765625,2975.39990234375,0
2003-05-06,2968.0,2977.39990234375,2965.5,2977.39990234375,0
2003-05-07,2975.699951171875,2990.10009765625,2968.0,2968.0,0
2003-05-08,2956.199951171875,2975.699951171875,2946.699951171875,2975.699951171875,0
2003-05-09,2956.0,2956.199951171875,2936.300048828125,2956.199951171875,0
2003-05-12,2976.10009765625,2984.699951171875,2956.0,2956.0,0
2003-05-13,2981.39990234375,2994.60009765625,2976.10009765625,2976.10009765625,0
2003-05-14,2970.800048828125,2990.199951171875,2965.5,2981.39990234375,0
2003-05-15,2958.39990234375,2970.800048828125,2942.60009765625,2970.800048828125,0
2003-05-16,2951.300048828125,2959.89990234375,2945.199951171875,2958.39990234375,0
2003-05-19,2948.60009765625,2953.199951171875,2941.10009765625,2951.89990234375,0
2003-05-20,2935.699951171875,2948.60009765625,2917.89990234375,2948.60009765625,0
2003-05-21,2942.800048828125,2945.89990234375,2934.699951171875,2935.699951171875,0
2003-05-22,2965.60009765625,2966.10009765625,2942.800048828125,2942.800048828125,0
2003-05-23,2997.699951171875,3004.300048828125,2965.60009765625,2965.60009765625,0
2003-05-26,2997.60009765625,2997.699951171875,2987.0,2997.300048828125,0
2003-05-27,2982.89990234375,2997.60009765625,2981.199951171875,2997.60009765625,0
2003-05-28,3008.699951171875,3015.5,2982.89990234375,2982.89990234375,0
2003-05-29,3016.0,3021.89990234375,3008.699951171875,3008.699951171875,0
2003-05-30,3011.0,3026.10009765625,3007.699951171875,3016.0,0
2003-06-02,3038.39990234375,3044.800048828125,3011.0,3011.0,0
2003-06-03,3026.800048828125,3046.800048828125,3026.800048828125,3038.39990234375,0
2003-06-04,3032.699951171875,3039.39990234375,3025.800048828125,3026.800048828125,0
2003-06-05,3040.300048828125,3056.60009765625,3032.699951171875,3032.699951171875,0
2003-06-06,3048.89990234375,3048.89990234375,3020.10009765625,3040.300048828125,0
2003-06-10,3055.199951171875,3055.300048828125,3040.199951171875,3048.89990234375,0
2003-06-11,3070.300048828125,3079.0,3055.199951171875,3055.199951171875,0
2003-06-12,3084.800048828125,3087.10009765625,3070.300048828125,3070.300048828125,0
2003-06-13,3087.60009765625,3092.89990234375,3077.10009765625,3084.800048828125,0
2003-06-16,3090.10009765625,3090.10009765625,3070.800048828125,3087.60009765625,0
2003-06-17,3112.300048828125,3124.60009765625,3090.10009765625,3090.10009765625,0
2003-06-18,3090.199951171875,3112.300048828125,3087.5,3112.300048828125,0
2003-06-19,3104.0,3104.0,3090.199951171875,3090.199951171875,0
2003-06-20,3089.5,3104.0,3084.300048828125,3104.0,0
2003-06-23,3092.10009765625,3107.300048828125,3087.89990234375,3089.5,0
2003-06-24,3068.800048828125,3092.10009765625,3067.5,3092.10009765625,0
2003-06-25,3065.699951171875,3073.0,3060.300048828125,3068.800048828125,0
2003-06-26,3028.300048828125,3065.699951171875,3022.0,3065.699951171875,0
2003-06-27,3048.800048828125,3048.800048828125,3024.60009765625,3028.300048828125,0
2003-06-30,3026.89990234375,3052.10009765625,3025.800048828125,3048.800048828125,0
2003-07-01,3038.60009765625,3039.800048828125,3003.800048828125,3026.89990234375,0
2003-07-02,3031.89990234375,3038.699951171875,3023.300048828125,3038.60009765625,0
2003-07-03,3044.800048828125,3051.60009765625,3031.89990234375,3031.89990234375,0
2003-07-04,3028.39990234375,3044.800048828125,3018.199951171875,3044.800048828125,0
2003-07-07,3032.10009765625,3039.5,3028.39990234375,3028.39990234375,0
2003-07-08,3035.800048828125,3063.699951171875,3030.89990234375,3032.10009765625,0
2003-07-09,3029.10009765625,3036.800048828125,3021.5,3035.800048828125,0
2003-07-10,3042.800048828125,3053.5,3022.39990234375,3029.10009765625,0
2003-07-11,3043.800048828125,3044.89990234375,3024.800048828125,3042.800048828125,0
2003-07-14,3074.0,3079.0,3043.699951171875,3043.800048828125,0
2003-07-15,3081.89990234375,3087.199951171875,3074.0,3074.0,0
2003-07-16,3095.300048828125,3095.300048828125,3071.199951171875,3081.89990234375,0
2003-07-17,3088.0,3095.300048828125,3073.300048828125,3095.300048828125,0
2003-07-18,3083.60009765625,3088.0,3074.699951171875,3088.0,0
2003-07-21,3089.0,3102.60009765625,3086.60009765625,3086.60009765625,0
2003-07-22,3066.5,3085.699951171875,3058.89990234375,3085.699951171875,0
2003-07-23,3085.5,3087.699951171875,3068.5,3068.699951171875,0
2003-07-24,3090.699951171875,3092.300048828125,3082.39990234375,3086.5,0
2003-07-25,3098.60009765625,3102.39990234375,3081.10009765625,3094.10009765625,0
2003-07-28,3119.39990234375,3124.0,3100.800048828125,3100.800048828125,0
2003-07-29,3107.800048828125,3119.800048828125,3101.10009765625,3119.60009765625,0
2003-07-30,3091.199951171875,3105.10009765625,3083.5,3104.800048828125,0
2003-07-31,3122.300048828125,3131.800048828125,3092.199951171875,3092.199951171875,0
2003-08-01,3140.300048828125,3141.60009765625,3127.300048828125,3128.0,0
2003-08-04,3128.89990234375,3138.10009765625,3120.39990234375,3138.10009765625,0
2003-08-05,3137.39990234375,3143.60009765625,3122.0,3131.0,0
2003-08-06,3133.5,3136.199951171875,3120.10009765625,3136.199951171875,0
2003-08-07,3138.60009765625,3150.0,3133.300048828125,3133.300048828125,0
2003-08-08,3149.39990234375,3157.699951171875,3142.300048828125,3142.300048828125,0
2003-08-11,3145.800048828125,3160.300048828125,3145.199951171875,3150.10009765625,0
2003-08-12,3142.699951171875,3156.60009765625,3141.60009765625,3148.199951171875,0
2003-08-13,3158.10009765625,3159.699951171875,3144.199951171875,3144.5,0
2003-08-14,3150.39990234375,3164.39990234375,3146.300048828125,3158.5,0
2003-08-15,3148.0,3157.199951171875,3146.0,3152.39990234375,0
2003-08-18,3164.5,3169.300048828125,3151.800048828125,3152.10009765625,0
2003-08-19,3169.300048828125,3185.60009765625,3168.300048828125,3174.800048828125,0
2003-08-20,3171.5,3181.5,3168.39990234375,3169.5,0
2003-08-21,3174.89990234375,3176.0,3164.699951171875,3171.10009765625,0
2003-08-22,3184.39990234375,3185.800048828125,3178.800048828125,3179.300048828125,0
2003-08-25,3176.39990234375,3185.800048828125,3172.60009765625,3185.0,0
2003-08-26,3167.199951171875,3175.60009765625,3161.800048828125,3175.10009765625,0
2003-08-27,3179.89990234375,3188.5,3167.199951171875,3167.699951171875,0
2003-08-28,3197.0,3201.89990234375,3183.199951171875,3183.199951171875,0
2003-08-29,3199.699951171875,3210.699951171875,3193.60009765625,3198.10009765625,0
2003-09-01,3205.10009765625,3212.0,3202.199951171875,3203.800048828125,0
2003-09-02,3218.0,3218.0,3205.60009765625,3208.0,0
2003-09-03,3210.89990234375,3231.60009765625,3210.60009765625,3217.800048828125,0
2003-09-04,3226.5,3237.39990234375,3215.300048828125,3215.300048828125,0
2003-09-05,3213.800048828125,3226.699951171875,3207.60009765625,3226.60009765625,0
2003-09-08,3230.300048828125,3234.5,3212.0,3212.5,0
2003-09-09,3235.300048828125,3247.39990234375,3231.0,3232.699951171875,0
2003-09-10,3216.0,3229.199951171875,3214.800048828125,3229.199951171875,0
2003-09-11,3193.89990234375,3212.89990234375,3189.199951171875,3210.699951171875,0
2003-09-12,3192.5,3207.60009765625,3192.5,3197.699951171875,0
2003-09-15,3189.800048828125,3200.39990234375,3186.10009765625,3194.0,0
2003-09-16,3194.300048828125,3194.300048828125,3183.199951171875,3190.10009765625,0
2003-09-17,3217.0,3223.39990234375,3198.5,3198.800048828125,0
2003-09-18,3221.300048828125,3228.60009765625,3215.699951171875,3218.10009765625,0
2003-09-19,3218.10009765625,3247.10009765625,3218.10009765625,3228.5,0
2003-09-22,3193.0,3220.0,3189.60009765625,3218.10009765625,0
2003-09-23,3180.60009765625,3196.300048828125,3178.60009765625,3190.300048828125,0
2003-09-24,3208.5,3208.5,3180.800048828125,3180.800048828125,0
2003-09-25,3172.800048828125,3202.89990234375,3167.5,3202.300048828125,0
2003-09-26,3171.5,3182.800048828125,3163.39990234375,3170.0,0
2003-09-29,3164.300048828125,3171.800048828125,3157.5,3169.89990234375,0
2003-09-30,3169.5,3179.5,3166.800048828125,3167.5,0
2003-10-01,3159.199951171875,3168.0,3153.0,3168.0,0
2003-10-02,3199.39990234375,3204.300048828125,3165.699951171875,3165.699951171875,0
2003-10-03,3203.300048828125,3206.800048828125,3195.300048828125,3201.800048828125,0
2003-10-06,3217.199951171875,3220.39990234375,3209.10009765625,3209.300048828125,0
2003-10-07,3218.699951171875,3231.0,3218.699951171875,3219.60009765625,0
2003-10-08,3243.10009765625,3247.199951171875,3218.89990234375,3218.89990234375,0
2003-10-09,3251.300048828125,3256.5,3237.300048828125,3243.300048828125,0
2003-10-10,3260.199951171875,3267.800048828125,3257.699951171875,3258.699951171875,0
2003-10-13,3276.39990234375,3277.699951171875,3260.699951171875,3260.699951171875,0
2003-10-14,3282.89990234375,3299.699951171875,3281.699951171875,3287.10009765625,0
2003-10-15,3283.699951171875,3297.0,3280.5,3282.800048828125,0
2003-10-16,3295.10009765625,3297.60009765625,3284.800048828125,3289.60009765625,0
2003-10-17,3294.300048828125,3294.60009765625,3287.199951171875,3289.60009765625,0
2003-10-20,3287.699951171875,3301.300048828125,3287.699951171875,3294.39990234375,0
2003-10-21,3303.699951171875,3308.60009765625,3291.699951171875,3291.699951171875,0
2003-10-22,3299.5,3311.800048828125,3298.5,3304.300048828125,0
2003-10-23,3266.300048828125,3292.699951171875,3264.89990234375,3291.5,0
2003-10-24,3256.300048828125,3272.800048828125,3254.300048828125,3267.10009765625,0
2003-10-27,3244.39990234375,3265.5,3242.89990234375,3256.0,0
2003-10-28,3243.5,3253.800048828125,3240.5,3242.0,0
2003-10-29,3263.39990234375,3271.10009765625,3242.300048828125,3244.39990234375,0
2003-10-30,3273.800048828125,3276.10009765625,3265.800048828125,3267.10009765625,0
2003-10-31,3272.0,3286.60009765625,3268.10009765625,3281.60009765625,0
2003-11-03,3256.5,3273.0,3250.199951171875,3270.89990234375,0
2003-11-04,3264.699951171875,3276.300048828125,3262.89990234375,3264.199951171875,0
2003-11-05,3240.699951171875,3265.0,3226.39990234375,3265.0,0
2003-11-06,3241.10009765625,3242.300048828125,3228.199951171875,3238.699951171875,0
2003-11-07,3248.5,3249.5,3235.39990234375,3241.0,0
2003-11-10,3230.10009765625,3243.199951171875,3223.5,3243.199951171875,0
2003-11-11,3200.60009765625,3223.699951171875,3200.60009765625,3223.699951171875,0
2003-11-12,3203.0,3213.10009765625,3195.0,3201.300048828125,0
2003-11-13,3217.699951171875,3224.199951171875,3209.39990234375,3210.199951171875,0
2003-11-14,3201.800048828125,3217.699951171875,3200.699951171875,3215.5,0
2003-11-17,3174.39990234375,3200.699951171875,3174.39990234375,3199.39990234375,0
2003-11-18,3175.39990234375,3176.89990234375,3158.800048828125,3173.800048828125,0
2003-11-19,3181.39990234375,3185.800048828125,3164.60009765625,3171.199951171875,0
2003-11-20,3184.10009765625,3199.0,3182.5,3182.60009765625,0
2003-11-21,3169.10009765625,3181.199951171875,3163.10009765625,3181.199951171875,0
2003-11-24,3171.5,3184.5,3167.0,3171.0,0
2003-11-25,3192.0,3201.39990234375,3179.60009765625,3179.60009765625,0
2003-11-26,3191.39990234375,3201.39990234375,3187.10009765625,3191.10009765625,0
2003-11-27,3185.800048828125,3197.800048828125,3180.199951171875,3193.5,0
2003-11-28,3186.39990234375,3186.39990234375,3172.39990234375,3183.699951171875,0
2003-12-01,3170.10009765625,3184.699951171875,3162.5,3184.699951171875,0
2003-12-02,3187.699951171875,3189.10009765625,3180.5,3181.10009765625,0
2003-12-03,3215.300048828125,3218.60009765625,3177.10009765625,3186.800048828125,0
2003-12-04,3229.800048828125,3232.10009765625,3216.5,3216.5,0
2003-12-05,3229.800048828125,3234.699951171875,3223.60009765625,3231.300048828125,0
2003-12-08,3225.10009765625,3243.89990234375,3225.10009765625,3230.0,0
2003-12-09,3218.800048828125,3236.39990234375,3218.800048828125,3228.199951171875,0
2003-12-10,3211.199951171875,3220.0,3208.800048828125,3218.89990234375,0
2003-12-11,3189.39990234375,3210.10009765625,3186.199951171875,3209.60009765625,0
2003-12-12,3212.699951171875,3212.89990234375,3188.39990234375,3192.0,0
2003-12-15,3247.60009765625,3249.699951171875,3217.89990234375,3217.89990234375,0
2003-12-16,3215.199951171875,3241.5,3215.199951171875,3241.5,0
2003-12-17,3231.39990234375,3234.199951171875,3215.300048828125,3215.300048828125,0
2003-12-18,3224.10009765625,3246.5,3223.0,3238.39990234375,0
2003-12-19,3232.800048828125,3236.199951171875,3226.5,3226.5,0
2003-12-22,3255.39990234375,3259.5,3236.5,3236.5,0
2003-12-23,3254.800048828125,3258.699951171875,3248.60009765625,3254.39990234375,0
2003-12-24,3265.60009765625,3267.0,3257.39990234375,3258.0,0
2003-12-29,3281.800048828125,3281.800048828125,3266.5,3266.5,0
2003-12-30,3295.10009765625,3301.699951171875,3285.699951171875,3285.699951171875,0
2003-12-31,3299.800048828125,3302.0,3293.800048828125,3296.699951171875,0
2004-01-02,3300.699951171875,3302.699951171875,3296.699951171875,3298.89990234375,0
2004-01-05,3286.0,3300.10009765625,3283.199951171875,3299.39990234375,0
2004-01-06,3317.5,3323.199951171875,3293.10009765625,3293.10009765625,0
2004-01-07,3303.60009765625,3312.699951171875,3297.699951171875,3312.699951171875,0
2004-01-08,3297.89990234375,3308.199951171875,3296.39990234375,3299.10009765625,0
2004-01-09,3301.60009765625,3314.89990234375,3300.10009765625,3300.10009765625,0
2004-01-12,3302.699951171875,3304.800048828125,3285.89990234375,3296.800048828125,0
2004-01-13,3295.300048828125,3316.89990234375,3295.10009765625,3307.39990234375,0
2004-01-14,3310.89990234375,3312.699951171875,3290.10009765625,3298.10009765625,0
2004-01-15,3306.5,3314.89990234375,3299.5,3311.300048828125,0
2004-01-16,3288.800048828125,3311.199951171875,3285.5,3303.300048828125,0
2004-01-19,3302.39990234375,3312.300048828125,3294.39990234375,3294.39990234375,0
2004-01-20,3308.5,3310.800048828125,3302.5,3303.39990234375,0
2004-01-21,3306.5,3311.300048828125,3289.5,3306.800048828125,0
2004-01-22,3326.60009765625,3326.60009765625,3308.10009765625,3308.10009765625,0
2004-01-23,3334.699951171875,3336.60009765625,3317.5,3325.0,0
2004-01-27,3312.10009765625,3346.199951171875,3312.10009765625,3338.300048828125,0
2004-01-28,3279.60009765625,3308.199951171875,3276.300048828125,3308.199951171875,0
2004-01-29,3264.5,3275.199951171875,3258.300048828125,3274.60009765625,0
2004-01-30,3272.0,3286.699951171875,3262.10009765625,3263.39990234375,0
2004-02-02,3274.89990234375,3285.800048828125,3270.199951171875,3273.199951171875,0
2004-02-03,3264.300048828125,3281.39990234375,3260.10009765625,3274.800048828125,0
2004-02-04,3265.60009765625,3273.5,3263.60009765625,3265.5,0
2004-02-05,3262.0,3270.300048828125,3252.89990234375,3266.39990234375,0
2004-02-06,3272.199951171875,3274.800048828125,3260.800048828125,3260.800048828125,0
2004-02-09,3287.10009765625,3297.60009765625,3277.0,3277.89990234375,0
2004-02-10,3286.300048828125,3293.699951171875,3284.89990234375,3291.800048828125,0
2004-02-11,3300.699951171875,3305.0,3286.300048828125,3287.0,0
2004-02-12,3326.0,3328.199951171875,3305.0,3305.800048828125,0
2004-02-13,3333.699951171875,3337.5,3323.699951171875,3329.60009765625,0
2004-02-16,3320.199951171875,3333.10009765625,3316.89990234375,3333.10009765625,0
2004-02-17,3328.800048828125,3328.800048828125,3320.60009765625,3320.60009765625,0
2004-02-18,3348.10009765625,3354.0,3334.5,3334.699951171875,0
2004-02-19,3351.10009765625,3354.5,3345.10009765625,3351.5,0
2004-02-20,3344.10009765625,3357.300048828125,3343.89990234375,3357.300048828125,0
2004-02-23,3339.199951171875,3344.5,3332.10009765625,3344.5,0
2004-02-24,3328.89990234375,3338.800048828125,3326.60009765625,3338.800048828125,0
2004-02-25,3332.699951171875,3336.39990234375,3320.89990234375,3325.800048828125,0
2004-02-26,3346.800048828125,3348.0,3331.39990234375,3331.699951171875,0
2004-02-27,3360.60009765625,3360.89990234375,3348.800048828125,3349.60009765625,0
2004-03-01,3381.39990234375,3383.800048828125,3364.60009765625,3364.800048828125,0
2004-03-02,3390.39990234375,3399.60009765625,3388.800048828125,3389.300048828125,0
2004-03-03,3388.5,3395.199951171875,3384.5,3391.800048828125,0
2004-03-04,3389.0,3402.300048828125,3380.300048828125,3388.60009765625,0
2004-03-05,3407.5,3407.5,3388.89990234375,3388.89990234375,0
2004-03-08,3420.0,3427.5,3410.0,3410.699951171875,0
2004-03-09,3424.89990234375,3429.300048828125,3411.89990234375,3417.199951171875,0
2004-03-10,3414.0,3420.89990234375,3405.10009765625,3420.60009765625,0
2004-03-11,3413.60009765625,3413.60009765625,3391.10009765625,3407.5,0
2004-03-12,3402.300048828125,3408.800048828125,3392.10009765625,3408.800048828125,0
2004-03-15,3411.5,3418.800048828125,3407.10009765625,3408.300048828125,0
2004-03-16,3414.60009765625,3416.5,3395.0,3410.39990234375,0
2004-03-17,3438.39990234375,3443.60009765625,3417.5,3417.89990234375,0
2004-03-18,3429.39990234375,3456.10009765625,3428.199951171875,3438.60009765625,0
2004-03-19,3435.300048828125,3441.0,3429.699951171875,3430.199951171875,0
2004-03-22,3402.199951171875,3433.800048828125,3401.0,3433.800048828125,0
2004-03-23,3390.10009765625,3399.10009765625,3383.0,3396.39990234375,0
2004-03-24,3386.800048828125,3396.89990234375,3382.300048828125,3389.89990234375,0
2004-03-25,3399.800048828125,3399.800048828125,3376.300048828125,3386.699951171875,0
2004-03-26,3428.5,3435.699951171875,3401.5,3401.5,0
2004-03-29,3411.0,3428.39990234375,3409.5,3428.39990234375,0
2004-03-30,3418.0,3425.199951171875,3411.699951171875,3413.39990234375,0
2004-03-31,3415.300048828125,3427.60009765625,3415.300048828125,3419.800048828125,0
2004-04-01,3446.199951171875,3446.199951171875,3418.5,3418.699951171875,0
2004-04-02,3438.60009765625,3447.60009765625,3436.699951171875,3447.39990234375,0
2004-04-05,3452.199951171875,3455.699951171875,3439.10009765625,3439.300048828125,0
2004-04-06,3455.89990234375,3465.10009765625,3454.0,3454.199951171875,0
2004-04-07,3458.5,3469.199951171875,3453.5,3453.800048828125,0
2004-04-08,3450.60009765625,3455.60009765625,3447.199951171875,3455.60009765625,0
2004-04-12,3450.60009765625,3455.60009765625,3447.199951171875,3455.60009765625,0
2004-04-13,3437.89990234375,3456.39990234375,3435.699951171875,3454.0,0
2004-04-14,3434.39990234375,3436.300048828125,3421.39990234375,3432.199951171875,0
2004-04-15,3419.300048828125,3447.300048828125,3415.60009765625,3433.800048828125,0
2004-04-16,3417.300048828125,3425.300048828125,3408.5,3420.800048828125,0
2004-04-19,3433.10009765625,3433.10009765625,3420.199951171875,3420.60009765625,0
2004-04-20,3452.199951171875,3453.10009765625,3432.0,3432.89990234375,0
2004-04-21,3438.800048828125,3448.199951171875,3438.0,3448.199951171875,0
2004-04-22,3435.89990234375,3450.39990234375,3430.300048828125,3435.89990234375,0
2004-04-23,3457.0,3468.0,3440.699951171875,3440.699951171875,0
2004-04-26,3450.5,3460.300048828125,3449.60009765625,3458.199951171875,0
2004-04-27,3446.60009765625,3450.10009765625,3438.300048828125,3449.800048828125,0
2004-04-28,3444.800048828125,3452.39990234375,3440.39990234375,3446.199951171875,0
2004-04-29,3401.300048828125,3433.699951171875,3389.89990234375,3433.699951171875,0
2004-04-30,3400.800048828125,3404.89990234375,3378.60009765625,3397.60009765625,0
2004-05-03,3382.300048828125,3399.0,3376.699951171875,3399.0,0
2004-05-04,3391.199951171875,3398.0,3385.60009765625,3385.800048828125,0
2004-05-05,3407.60009765625,3412.60009765625,3393.60009765625,3395.199951171875,0
2004-05-06,3399.39990234375,3409.0,3389.60009765625,3406.699951171875,0
2004-05-07,3393.199951171875,3399.60009765625,3379.0,3393.10009765625,0
2004-05-10,3353.300048828125,3392.39990234375,3352.60009765625,3392.39990234375,0
2004-05-11,3356.60009765625,3356.60009765625,3341.0,3353.10009765625,0
2004-05-12,3378.800048828125,3380.60009765625,3359.39990234375,3359.5,0
2004-05-13,3370.800048828125,3386.0,3370.699951171875,3378.300048828125,0
2004-05-14,3359.5,3371.300048828125,3357.800048828125,3368.800048828125,0
2004-05-17,3345.5,3362.89990234375,3343.39990234375,3360.60009765625,0
2004-05-18,3371.89990234375,3371.89990234375,3343.60009765625,3346.0,0
2004-05-19,3390.800048828125,3390.800048828125,3368.300048828125,3374.39990234375,0
2004-05-20,3378.800048828125,3392.60009765625,3375.89990234375,3392.10009765625,0
2004-05-21,3395.39990234375,3397.89990234375,3376.699951171875,3377.5,0
2004-05-24,3401.5,3406.199951171875,3393.60009765625,3399.10009765625,0
2004-05-25,3395.5,3410.0,3390.800048828125,3402.39990234375,0
2004-05-26,3425.199951171875,3428.699951171875,3401.699951171875,3402.199951171875,0
2004-05-27,3444.5,3445.0,3425.39990234375,3426.89990234375,0
2004-05-28,3450.39990234375,3467.60009765625,3447.300048828125,3447.39990234375,0
2004-05-31,3460.199951171875,3464.39990234375,3449.89990234375,3450.800048828125,0
2004-06-01,3457.0,3462.199951171875,3453.60009765625,3459.300048828125,0
2004-06-02,3476.800048828125,3478.0,3458.5,3458.5,0
2004-06-03,3467.300048828125,3477.800048828125,3462.39990234375,3473.89990234375,0
2004-06-04,3467.699951171875,3471.10009765625,3460.39990234375,3468.10009765625,0
2004-06-07,3484.0,3486.699951171875,3469.60009765625,3470.89990234375,0
2004-06-08,3483.60009765625,3501.60009765625,3480.89990234375,3490.5,0
2004-06-09,3466.199951171875,3485.800048828125,3460.39990234375,3485.5,0
2004-06-10,3468.0,3473.10009765625,3458.699951171875,3465.60009765625,0
2004-06-11,3478.199951171875,3481.5,3471.199951171875,3471.199951171875,0
2004-06-14,3478.199951171875,3481.5,3471.199951171875,3471.199951171875,0
2004-06-15,3468.39990234375,3472.89990234375,3457.89990234375,3472.0,0
2004-06-16,3486.800048828125,3490.800048828125,3470.5,3470.5,0
2004-06-17,3510.199951171875,3510.199951171875,3488.60009765625,3489.10009765625,0
2004-06-18,3527.699951171875,3531.10009765625,3515.5,3516.800048828125,0
2004-06-21,3554.5,3556.300048828125,3530.199951171875,3531.10009765625,0
2004-06-22,3540.699951171875,3553.300048828125,3539.5,3553.300048828125,0
2004-06-23,3552.699951171875,3556.39990234375,3541.800048828125,3541.800048828125,0
2004-06-24,3533.5,3552.39990234375,3528.5,3552.39990234375,0
2004-06-25,3529.199951171875,3540.199951171875,3527.699951171875,3534.10009765625,0
2004-06-28,3522.39990234375,3530.39990234375,3516.199951171875,3530.300048828125,0
2004-06-29,3521.5,3528.199951171875,3514.60009765625,3521.5,0
2004-06-30,3532.89990234375,3535.60009765625,3519.699951171875,3523.5,0
2004-07-01,3536.89990234375,3540.5,3528.60009765625,3533.0,0
2004-07-02,3534.39990234375,3537.60009765625,3525.60009765625,3534.60009765625,0
2004-07-05,3537.0,3537.0,3520.89990234375,3534.60009765625,0
2004-07-06,3555.800048828125,3562.5,3538.699951171875,3538.800048828125,0
2004-07-07,3565.0,3565.0,3545.699951171875,3553.300048828125,0
2004-07-08,3568.699951171875,3568.699951171875,3550.800048828125,3565.10009765625,0
2004-07-09,3564.0,3566.5,3553.199951171875,3566.39990234375,0
2004-07-12,3558.0,3568.0,3555.800048828125,3565.300048828125,0
2004-07-13,3558.60009765625,3560.0,3552.0,3558.699951171875,0
2004-07-14,3522.800048828125,3557.199951171875,3520.10009765625,3556.89990234375,0
2004-07-15,3526.10009765625,3530.300048828125,3518.699951171875,3522.60009765625,0
2004-07-16,3531.0,3538.10009765625,3521.0,3526.0,0
2004-07-19,3533.10009765625,3535.800048828125,3526.199951171875,3532.10009765625,0
2004-07-20,3503.300048828125,3530.800048828125,3499.300048828125,3530.800048828125,0
2004-07-21,3524.0,3524.0,3503.5,3505.800048828125,0
2004-07-22,3498.300048828125,3520.89990234375,3487.89990234375,3520.89990234375,0
2004-07-23,3485.199951171875,3506.800048828125,3485.199951171875,3496.300048828125,0
2004-07-26,3485.699951171875,3489.60009765625,3478.199951171875,3480.89990234375,0
2004-07-27,3489.699951171875,3501.300048828125,3487.0,3487.199951171875,0
2004-07-28,3499.10009765625,3506.89990234375,3490.300048828125,3490.300048828125,0
2004-07-29,3501.300048828125,3511.0,3500.89990234375,3501.699951171875,0
2004-07-30,3536.10009765625,3538.60009765625,3506.300048828125,3506.300048828125,0
2004-08-02,3544.89990234375,3548.800048828125,3532.699951171875,3534.39990234375,0
2004-08-03,3554.39990234375,3562.60009765625,3545.300048828125,3545.60009765625,0
2004-08-04,3546.0,3558.0,3541.199951171875,3556.199951171875,0
2004-08-05,3538.89990234375,3546.800048828125,3524.89990234375,3546.800048828125,0
2004-08-06,3530.60009765625,3535.89990234375,3519.300048828125,3534.800048828125,0
2004-08-09,3509.199951171875,3527.800048828125,3495.39990234375,3527.800048828125,0
2004-08-10,3499.60009765625,3516.800048828125,3498.89990234375,3507.5,0
2004-08-11,3511.10009765625,3526.300048828125,3506.0,3506.0,0
2004-08-12,3487.800048828125,3508.89990234375,3484.699951171875,3508.5,0
2004-08-13,3477.800048828125,3494.199951171875,3475.5,3487.5,0
2004-08-16,3468.300048828125,3481.60009765625,3467.10009765625,3480.0,0
2004-08-17,3483.199951171875,3490.800048828125,3474.699951171875,3475.699951171875,0
2004-08-18,3476.10009765625,3487.60009765625,3471.5,3483.800048828125,0
2004-08-19,3486.300048828125,3491.60009765625,3477.60009765625,3478.0,0
2004-08-20,3497.699951171875,3502.199951171875,3487.800048828125,3490.89990234375,0
2004-08-23,3524.0,3532.60009765625,3501.60009765625,3501.60009765625,0
2004-08-24,3526.300048828125,3528.39990234375,3518.300048828125,3525.10009765625,0
2004-08-25,3517.39990234375,3527.300048828125,3511.199951171875,3525.699951171875,0
2004-08-26,3526.0,3531.60009765625,3516.5,3517.0,0
2004-08-27,3558.89990234375,3565.300048828125,3529.10009765625,3529.10009765625,0
2004-08-30,3554.10009765625,3568.699951171875,3551.89990234375,3558.10009765625,0
2004-08-31,3552.699951171875,3562.10009765625,3552.699951171875,3555.0,0
2004-09-01,3575.60009765625,3585.5,3554.0,3554.0,0
2004-09-02,3590.39990234375,3593.60009765625,3577.699951171875,3577.89990234375,0
2004-09-03,3577.300048828125,3595.0,3576.0,3592.39990234375,0
2004-09-06,3576.89990234375,3582.10009765625,3574.199951171875,3578.199951171875,0
2004-09-07,3589.39990234375,3592.39990234375,3578.10009765625,3578.39990234375,0
2004-09-08,3589.0,3597.60009765625,3582.5,3588.0,0
2004-09-09,3591.699951171875,3602.0,3587.39990234375,3589.800048828125,0
2004-09-10,3596.0,3608.199951171875,3591.5,3592.699951171875,0
2004-09-13,3609.699951171875,3615.10009765625,3594.60009765625,3594.800048828125,0
2004-09-14,3623.199951171875,3625.5,3612.60009765625,3612.699951171875,0
2004-09-15,3625.10009765625,3631.5,3616.60009765625,3625.300048828125,0
2004-09-16,3624.89990234375,3629.0,3602.5,3620.89990234375,0
2004-09-17,3631.60009765625,3636.39990234375,3624.60009765625,3627.300048828125,0
2004-09-20,3628.699951171875,3639.10009765625,3624.89990234375,3639.10009765625,0
2004-09-21,3629.89990234375,3632.199951171875,3613.89990234375,3625.300048828125,0
2004-09-22,3640.800048828125,3644.300048828125,3634.699951171875,3635.39990234375,0
2004-09-23,3635.199951171875,3641.300048828125,3623.300048828125,3636.89990234375,0
2004-09-24,3623.89990234375,3634.800048828125,3620.199951171875,3634.199951171875,0
2004-09-27,3620.60009765625,3635.39990234375,3610.0,3625.39990234375,0
2004-09-28,3627.10009765625,3629.60009765625,3612.300048828125,3617.300048828125,0
2004-09-29,3656.60009765625,3661.0,3637.60009765625,3637.60009765625,0
2004-09-30,3665.0,3673.10009765625,3659.699951171875,3659.89990234375,0
2004-10-01,3659.60009765625,3674.199951171875,3654.60009765625,3665.10009765625,0
2004-10-04,3693.60009765625,3693.60009765625,3666.39990234375,3666.699951171875,0
2004-10-05,3697.60009765625,3702.89990234375,3690.5,3697.699951171875,0
2004-10-06,3699.800048828125,3720.39990234375,3699.800048828125,3701.0,0
2004-10-07,3700.800048828125,3712.39990234375,3692.300048828125,3700.300048828125,0
2004-10-08,3686.800048828125,3698.199951171875,3681.89990234375,3698.10009765625,0
2004-10-11,3705.800048828125,3706.60009765625,3689.199951171875,3689.39990234375,0
2004-10-12,3717.39990234375,3721.10009765625,3703.10009765625,3703.300048828125,0
2004-10-13,3725.199951171875,3725.199951171875,3710.199951171875,3713.300048828125,0
2004-10-14,3708.89990234375,3713.0,3704.39990234375,3712.699951171875,0
2004-10-15,3720.5,3722.300048828125,3707.0,3708.5,0
2004-10-18,3709.89990234375,3720.60009765625,3705.10009765625,3720.300048828125,0
2004-10-19,3715.0,3717.60009765625,3706.89990234375,3709.0,0
2004-10-20,3700.10009765625,3715.10009765625,3700.10009765625,3708.699951171875,0
2004-10-21,3705.89990234375,3709.0,3695.39990234375,3701.5,0
2004-10-22,3709.89990234375,3718.0,3708.10009765625,3711.800048828125,0
2004-10-25,3681.60009765625,3709.800048828125,3674.89990234375,3709.800048828125,0
2004-10-26,3704.89990234375,3712.699951171875,3683.5,3683.5,0
2004-10-27,3741.199951171875,3746.60009765625,3708.10009765625,3708.10009765625,0
2004-10-28,3776.10009765625,3779.5,3744.89990234375,3745.10009765625,0
2004-10-29,3778.60009765625,3778.60009765625,3763.699951171875,3765.10009765625,0
2004-11-01,3791.199951171875,3792.300048828125,3777.89990234375,3781.0,0
2004-11-02,3798.60009765625,3803.0,3787.0,3794.10009765625,0
2004-11-03,3832.89990234375,3832.89990234375,3795.199951171875,3795.39990234375,0
2004-11-04,3838.5,3854.89990234375,3828.699951171875,3832.0,0
2004-11-05,3843.5,3854.10009765625,3838.300048828125,3838.800048828125,0
2004-11-08,3822.300048828125,3848.60009765625,3821.199951171875,3837.199951171875,0
2004-11-09,3835.5,3841.300048828125,3822.89990234375,3823.800048828125,0
2004-11-10,3846.39990234375,3846.39990234375,3830.60009765625,3835.39990234375,0
2004-11-11,3863.300048828125,3866.699951171875,3852.10009765625,3852.5,0
2004-11-12,3862.5,3868.199951171875,3855.699951171875,3865.10009765625,0
2004-11-15,3880.60009765625,3882.300048828125,3862.199951171875,3863.300048828125,0
2004-11-16,3869.39990234375,3880.800048828125,3862.0,3879.800048828125,0
2004-11-17,3876.0,3878.5,3864.300048828125,3866.800048828125,0
2004-11-18,3879.5,3889.0,3876.5,3876.5,0
2004-11-19,3872.699951171875,3878.0,3866.0,3877.60009765625,0
2004-11-22,3830.699951171875,3870.199951171875,3825.10009765625,3870.199951171875,0
2004-11-23,3866.10009765625,3866.10009765625,3837.5,3837.5,0
2004-11-24,3882.5,3889.800048828125,3866.5,3867.199951171875,0
2004-11-25,3904.199951171875,3907.300048828125,3886.199951171875,3886.699951171875,0
2004-11-26,3912.10009765625,3917.800048828125,3895.0,3907.0,0
2004-11-29,3926.800048828125,3933.300048828125,3910.699951171875,3910.699951171875,0
2004-11-30,3931.300048828125,3943.60009765625,3923.5,3927.300048828125,0
2004-12-01,3899.300048828125,3934.60009765625,3899.300048828125,3932.199951171875,0
2004-12-02,3941.89990234375,3948.699951171875,3905.800048828125,3905.800048828125,0
2004-12-03,3939.5,3948.39990234375,3934.89990234375,3935.89990234375,0
2004-12-06,3950.5,3964.800048828125,3939.0,3939.199951171875,0
2004-12-07,3927.5,3959.800048828125,3927.300048828125,3948.699951171875,0
2004-12-08,3897.699951171875,3924.0,3891.0,3924.0,0
2004-12-09,3886.89990234375,3910.800048828125,3877.10009765625,3895.39990234375,0
2004-12-10,3898.5,3913.0,3892.699951171875,3893.39990234375,0
2004-12-13,3907.300048828125,3917.0,3898.199951171875,3898.199951171875,0
2004-12-14,3929.0,3929.800048828125,3914.39990234375,3914.5,0
2004-12-15,3944.199951171875,3958.39990234375,3930.39990234375,3931.10009765625,0
2004-12-16,3975.10009765625,3979.89990234375,3948.5,3948.699951171875,0
2004-12-17,3988.0,3997.60009765625,3966.5,3974.39990234375,0
2004-12-20,3993.39990234375,3993.39990234375,3980.60009765625,3989.10009765625,0
2004-12-21,4013.60009765625,4019.0,3996.300048828125,3998.10009765625,0
2004-12-22,4032.300048828125,4040.5,4016.0,4016.0,0
2004-12-23,4025.89990234375,4031.89990234375,4016.5,4031.10009765625,0
2004-12-24,4048.60009765625,4048.60009765625,4027.10009765625,4028.10009765625,0
2004-12-27,4048.60009765625,4048.60009765625,4027.10009765625,4028.10009765625,0
2004-12-28,4048.60009765625,4048.60009765625,4027.10009765625,4028.10009765625,0
2004-12-29,4042.10009765625,4047.10009765625,4036.5,4047.0,0
2004-12-30,4054.89990234375,4055.0,4042.0,4042.699951171875,0
2004-12-31,4050.60009765625,4053.5,4045.300048828125,4052.800048828125,0
2005-01-04,4058.60009765625,4060.39990234375,4044.5,4048.300048828125,0
2005-01-05,4039.39990234375,4058.39990234375,4026.10009765625,4058.39990234375,0
2005-01-06,4029.89990234375,4041.10009765625,4026.199951171875,4037.0,0
2005-01-07,4063.199951171875,4069.699951171875,4034.39990234375,4034.39990234375,0
2005-01-10,4074.89990234375,4078.39990234375,4058.39990234375,4063.10009765625,0
2005-01-11,4072.699951171875,4089.800048828125,4072.699951171875,4076.5,0
2005-01-12,4070.39990234375,4076.0,4060.699951171875,4074.0,0
2005-01-13,4069.5,4089.39990234375,4067.0,4074.0,0
2005-01-14,4061.60009765625,4069.0,4056.800048828125,4067.0,0
2005-01-17,4076.89990234375,4084.39990234375,4063.199951171875,4063.199951171875,0
2005-01-18,4062.0,4094.300048828125,4053.800048828125,4082.10009765625,0
2005-01-19,4052.60009765625,4081.5,4039.0,4066.800048828125,0
2005-01-20,4036.0,4045.800048828125,4027.300048828125,4045.300048828125,0
2005-01-21,4043.89990234375,4045.89990234375,4033.800048828125,4035.39990234375,0
2005-01-24,4044.800048828125,4052.300048828125,4041.699951171875,4046.39990234375,0
2005-01-25,4055.89990234375,4070.300048828125,4050.39990234375,4051.199951171875,0
2005-01-27,4105.7001953125,4110.39990234375,4061.89990234375,4062.39990234375,0
2005-01-28,4098.89990234375,4121.0,4098.89990234375,4108.0,0
2005-01-31,4107.2998046875,4111.10009765625,4095.39990234375,4098.39990234375,0
2005-02-01,4127.7001953125,4130.89990234375,4113.7001953125,4113.7001953125,0
2005-02-02,4145.2998046875,4150.7998046875,4137.2001953125,4138.2998046875,0
2005-02-03,4151.2998046875,4160.60009765625,4144.60009765625,4147.60009765625,0
2005-02-04,4161.7998046875,4165.39990234375,4140.7998046875,4147.7001953125,0
2005-02-07,4189.60009765625,4195.60009765625,4164.5,4164.60009765625,0
2005-02-08,4179.10009765625,4190.39990234375,4169.39990234375,4190.2998046875,0
2005-02-09,4172.10009765625,4189.2998046875,4165.39990234375,4179.2998046875,0
2005-02-10,4174.89990234375,4178.2998046875,4160.0,4170.89990234375,0
2005-02-11,4174.2998046875,4185.0,4172.2001953125,4178.0,0
2005-02-14,4150.2001953125,4190.5,4142.5,4180.2001953125,0
2005-02-15,4144.7998046875,4159.2998046875,4140.7001953125,4150.2998046875,0
2005-02-16,4151.7001953125,4169.10009765625,4146.2998046875,4156.60009765625,0
2005-02-17,4166.89990234375,4172.10009765625,4150.2998046875,4157.5,0
2005-02-18,4163.60009765625,4169.5,4152.89990234375,4164.7001953125,0
2005-02-21,4168.2001953125,4173.89990234375,4166.7998046875,4168.7998046875,0
2005-02-22,4153.2998046875,4175.2001953125,4147.89990234375,4169.7998046875,0
2005-02-23,4119.2001953125,4150.89990234375,4117.60009765625,4150.89990234375,0
2005-02-24,4096.89990234375,4134.5,4096.89990234375,4119.0,0
2005-02-25,4130.5,4136.7998046875,4103.0,4103.89990234375,0
2005-02-28,4172.7998046875,4176.7001953125,4133.10009765625,4133.10009765625,0
2005-03-01,4184.89990234375,4184.89990234375,4155.60009765625,4173.2001953125,0
2005-03-02,4191.5,4201.7001953125,4177.7001953125,4178.0,0
2005-03-03,4205.2001953125,4218.7998046875,4183.0,4189.89990234375,0
2005-03-04,4220.39990234375,4228.7001953125,4205.2998046875,4205.2998046875,0
2005-03-07,4238.39990234375,4247.89990234375,4227.10009765625,4227.39990234375,0
2005-03-08,4242.89990234375,4245.7998046875,4231.7001953125,4231.7001953125,0
2005-03-09,4241.7998046875,4255.0,4235.39990234375,4244.2001953125,0
2005-03-10,4215.5,4235.89990234375,4211.7001953125,4234.7001953125,0
2005-03-11,4203.7998046875,4215.2001953125,4195.5,4215.2001953125,0
2005-03-14,4233.5,4235.39990234375,4195.2998046875,4203.5,0
2005-03-15,4225.39990234375,4245.7998046875,4225.39990234375,4233.7998046875,0
2005-03-16,4244.39990234375,4252.89990234375,4223.89990234375,4223.89990234375,0
2005-03-17,4232.39990234375,4249.7998046875,4223.7001953125,4244.60009765625,0
2005-03-18,4249.10009765625,4258.10009765625,4239.10009765625,4239.39990234375,0
2005-03-21,4266.39990234375,4266.89990234375,4250.39990234375,4250.39990234375,0
2005-03-22,4233.7998046875,4263.7998046875,4233.10009765625,4263.7998046875,0
2005-03-23,4170.7998046875,4226.39990234375,4170.7998046875,4226.39990234375,0
2005-03-24,4136.39990234375,4169.5,4123.7998046875,4162.89990234375,0
2005-03-29,4095.60009765625,4151.2001953125,4088.89990234375,4133.7001953125,0
2005-03-30,4095.199951171875,4103.89990234375,4059.5,4085.10009765625,0
2005-03-31,4109.7998046875,4127.2001953125,4102.10009765625,4102.10009765625,0
2005-04-01,4138.2998046875,4141.2998046875,4118.2001953125,4118.89990234375,0
2005-04-04,4120.7998046875,4138.89990234375,4113.5,4138.7001953125,0
2005-04-05,4132.39990234375,4132.39990234375,4113.89990234375,4121.5,0
2005-04-06,4118.89990234375,4154.89990234375,4110.0,4133.60009765625,0
2005-04-07,4127.7998046875,4133.39990234375,4115.10009765625,4123.39990234375,0
2005-04-08,4165.5,4165.5,4136.89990234375,4136.89990234375,0
2005-04-11,4132.60009765625,4160.89990234375,4128.7001953125,4160.89990234375,0
2005-04-12,4142.0,4142.0,4127.60009765625,4130.0,0
2005-04-13,4135.0,4160.39990234375,4129.39990234375,4142.7001953125,0
2005-04-14,4082.300048828125,4131.10009765625,4079.5,4131.10009765625,0
2005-04-15,4014.300048828125,4067.699951171875,4010.800048828125,4067.699951171875,0
2005-04-18,3959.39990234375,4001.800048828125,3958.300048828125,4001.800048828125,0
2005-04-19,4021.199951171875,4021.199951171875,3968.300048828125,3968.300048828125,0
2005-04-20,4022.60009765625,4053.800048828125,4011.39990234375,4025.699951171875,0
2005-04-21,4013.89990234375,4020.199951171875,3988.10009765625,4014.5,0
2005-04-22,4034.10009765625,4048.0,4022.60009765625,4022.60009765625,0
2005-04-26,4027.800048828125,4050.60009765625,4016.5,4035.800048828125,0
2005-04-27,4019.0,4024.89990234375,3997.10009765625,4017.0,0
2005-04-28,4011.60009765625,4018.10009765625,4003.699951171875,4010.300048828125,0
2005-04-29,3983.199951171875,4000.89990234375,3969.10009765625,4000.60009765625,0
2005-05-02,4011.300048828125,4014.89990234375,3990.699951171875,3991.0,0
2005-05-03,3986.300048828125,4031.10009765625,3974.10009765625,4015.39990234375,0
2005-05-04,3947.10009765625,3988.89990234375,3935.60009765625,3988.89990234375,0
2005-05-05,3956.10009765625,3966.199951171875,3926.60009765625,3955.199951171875,0
2005-05-06,3983.300048828125,3987.300048828125,3954.199951171875,3957.300048828125,0
2005-05-09,3999.199951171875,4009.10009765625,3974.60009765625,3986.5,0
2005-05-10,3992.199951171875,4018.39990234375,3977.39990234375,3998.300048828125,0
2005-05-11,4005.699951171875,4007.10009765625,3980.300048828125,3986.800048828125,0
2005-05-12,4028.89990234375,4028.89990234375,4003.300048828125,4004.89990234375,0
2005-05-13,4012.10009765625,4018.60009765625,3990.60009765625,4018.5,0
2005-05-16,3965.39990234375,4001.199951171875,3960.199951171875,4001.199951171875,0
2005-05-17,3954.5,3984.199951171875,3943.800048828125,3971.0,0
2005-05-18,3987.5,3996.800048828125,3960.89990234375,3960.89990234375,0
2005-05-19,4044.5,4044.5,3998.89990234375,3999.60009765625,0
2005-05-20,4041.300048828125,4057.60009765625,4041.199951171875,4044.300048828125,0
2005-05-23,4077.199951171875,4077.699951171875,4041.0,4041.800048828125,0
2005-05-24,4102.0,4103.5,4073.800048828125,4079.89990234375,0
2005-05-25,4091.10009765625,4114.60009765625,4091.10009765625,4105.10009765625,0
2005-05-26,4093.199951171875,4093.199951171875,4075.89990234375,4087.10009765625,0
2005-05-27,4116.39990234375,4120.2001953125,4092.800048828125,4092.800048828125,0
2005-05-30,4132.7001953125,4133.60009765625,4116.2001953125,4116.60009765625,0
2005-05-31,4106.39990234375,4142.5,4106.39990234375,4132.39990234375,0
2005-06-01,4147.7998046875,4149.7998046875,4098.7998046875,4105.10009765625,0
2005-06-02,4180.7001953125,4194.2001953125,4157.39990234375,4157.7001953125,0
2005-06-03,4194.0,4194.0,4171.5,4182.39990234375,0
2005-06-06,4198.0,4205.7001953125,4179.2998046875,4191.60009765625,0
2005-06-07,4205.60009765625,4206.89990234375,4194.60009765625,4196.39990234375,0
2005-06-08,4219.89990234375,4229.89990234375,4193.10009765625,4203.2001953125,0
2005-06-09,4214.0,4231.89990234375,4209.0,4216.7001953125,0
2005-06-10,4221.7001953125,4222.7001953125,4211.89990234375,4212.2998046875,0
2005-06-14,4228.7998046875,4234.7998046875,4219.60009765625,4221.60009765625,0
2005-06-15,4246.5,4246.5,4224.10009765625,4228.60009765625,0
2005-06-16,4262.7998046875,4284.7001953125,4251.7001953125,4255.60009765625,0
2005-06-17,4312.2001953125,4312.2001953125,4270.7998046875,4273.2001953125,0
2005-06-20,4305.60009765625,4321.7001953125,4300.0,4314.0,0
2005-06-21,4300.10009765625,4314.7001953125,4296.2001953125,4305.89990234375,0
2005-06-22,4277.89990234375,4296.7998046875,4273.2001953125,4296.7998046875,0
2005-06-23,4269.89990234375,4292.0,4265.89990234375,4275.2998046875,0
2005-06-24,4245.60009765625,4260.89990234375,4224.2001953125,4260.89990234375,0
2005-06-27,4231.2001953125,4243.0,4221.5,4237.39990234375,0
2005-06-28,4270.7998046875,4274.10009765625,4237.0,4237.60009765625,0
2005-06-29,4263.0,4294.89990234375,4255.2001953125,4276.2001953125,0
2005-06-30,4277.5,4288.10009765625,4254.10009765625,4262.2001953125,0
2005-07-01,4272.60009765625,4278.2998046875,4246.7001953125,4272.7001953125,0
2005-07-04,4281.89990234375,4291.2998046875,4275.5,4275.7001953125,0
2005-07-05,4301.7998046875,4306.5,4285.7001953125,4285.7001953125,0
2005-07-06,4275.10009765625,4316.2998046875,4275.10009765625,4305.7998046875,0
2005-07-07,4234.0,4279.7998046875,4232.39990234375,4279.60009765625,0
2005-07-08,4229.2001953125,4244.0,4213.60009765625,4229.7998046875,0
2005-07-11,4264.10009765625,4266.0,4236.5,4236.5,0
2005-07-12,4262.10009765625,4273.60009765625,4260.2998046875,4267.2001953125,0
2005-07-13,4280.2998046875,4280.7001953125,4265.0,4265.7998046875,0
2005-07-14,4295.10009765625,4296.7001953125,4281.10009765625,4283.2998046875,0
2005-07-15,4292.39990234375,4301.5,4292.39990234375,4293.2998046875,0
2005-07-18,4298.39990234375,4312.5,4284.7998046875,4288.7001953125,0
2005-07-19,4276.2998046875,4292.7998046875,4273.10009765625,4292.7998046875,0
2005-07-20,4301.2001953125,4309.10009765625,4278.2998046875,4278.7001953125,0
2005-07-21,4343.2001953125,4351.7001953125,4312.10009765625,4312.10009765625,0
2005-07-22,4371.10009765625,4371.2001953125,4336.7001953125,4341.0,0
2005-07-25,4378.7998046875,4393.0,4369.89990234375,4371.39990234375,0
2005-07-26,4380.5,4391.0,4369.2998046875,4375.0,0
2005-07-27,4386.7998046875,4389.39990234375,4377.0,4379.2001953125,0
2005-07-28,4367.7998046875,4398.7998046875,4365.2998046875,4392.39990234375,0
2005-07-29,4388.7998046875,4395.2001953125,4374.7001953125,4375.2001953125,0
2005-08-01,4378.0,4393.7998046875,4374.7001953125,4388.2998046875,0
2005-08-02,4385.39990234375,4390.60009765625,4364.7001953125,4377.0,0
2005-08-03,4369.10009765625,4399.2001953125,4368.7998046875,4392.7001953125,0
2005-08-04,4374.7998046875,4397.0,4372.5,4379.60009765625,0
2005-08-05,4377.2998046875,4381.7998046875,4361.39990234375,4373.5,0
2005-08-08,4407.89990234375,4412.7001953125,4374.2001953125,4378.7001953125,0
2005-08-09,4417.7998046875,4420.60009765625,4400.7001953125,4414.89990234375,0
2005-08-10,4425.60009765625,4426.39990234375,4404.7998046875,4421.7001953125,0
2005-08-11,4460.2001953125,4461.89990234375,4426.89990234375,4428.2001953125,0
2005-08-12,4469.2001953125,4472.0,4452.7998046875,4467.0,0
2005-08-15,4459.5,4476.2998046875,4449.89990234375,4467.5,0
2005-08-16,4481.2001953125,4484.89990234375,4459.2001953125,4460.0,0
2005-08-17,4467.7998046875,4483.2998046875,4463.2001953125,4473.10009765625,0
2005-08-18,4442.89990234375,4468.5,4434.7001953125,4468.5,0
2005-08-19,4461.60009765625,4461.60009765625,4439.2001953125,4442.5,0
2005-08-22,4499.2998046875,4499.2998046875,4467.10009765625,4467.2998046875,0
2005-08-23,4484.89990234375,4502.2001953125,4484.2001953125,4501.0,0
2005-08-24,4446.39990234375,4479.2001953125,4437.0,4479.2001953125,0
2005-08-25,4424.5,4437.2001953125,4416.39990234375,4433.0,0
2005-08-26,4452.5,4456.7998046875,4433.5,4433.60009765625,0
2005-08-29,4396.7998046875,4441.2998046875,4392.0,4440.2001953125,0
2005-08-30,4438.60009765625,4438.60009765625,4397.2998046875,4397.2998046875,0
2005-08-31,4446.7998046875,4446.7998046875,4416.2001953125,4438.7001953125,0
2005-09-01,4497.7001953125,4497.7001953125,4454.2998046875,4454.2998046875,0
2005-09-02,4473.7001953125,4514.2998046875,4473.60009765625,4502.2998046875,0
2005-09-05,4455.39990234375,4474.7001953125,4440.89990234375,4473.2998046875,0
2005-09-06,4462.0,4475.7001953125,4453.2001953125,4453.2001953125,0
2005-09-07,4492.0,4495.2001953125,4469.2001953125,4469.2001953125,0
2005-09-08,4474.89990234375,4502.89990234375,4474.2998046875,4492.5,0
2005-09-09,4468.10009765625,4471.10009765625,4442.7001953125,4471.10009765625,0
2005-09-12,4471.7998046875,4481.89990234375,4465.0,4474.2001953125,0
2005-09-13,4495.10009765625,4499.89990234375,4466.5,4473.7001953125,0
2005-09-14,4518.2998046875,4525.60009765625,4485.89990234375,4492.7998046875,0
2005-09-15,4513.89990234375,4529.39990234375,4505.60009765625,4513.60009765625,0
2005-09-16,4553.60009765625,4560.89990234375,4521.10009765625,4521.39990234375,0
2005-09-19,4551.2998046875,4576.89990234375,4551.2998046875,4555.0,0
2005-09-20,4580.89990234375,4584.7998046875,4551.60009765625,4553.0,0
2005-09-21,4552.39990234375,4576.10009765625,4552.10009765625,4574.5,0
2005-09-22,4561.7001953125,4561.89990234375,4537.5,4554.89990234375,0
2005-09-23,4562.39990234375,4577.7998046875,4549.10009765625,4559.60009765625,0
2005-09-26,4618.89990234375,4618.89990234375,4565.7998046875,4566.10009765625,0
2005-09-27,4629.2001953125,4652.39990234375,4619.10009765625,4623.0,0
2005-09-28,4627.60009765625,4638.5,4612.5,4628.60009765625,0
2005-09-29,4671.7001953125,4676.2001953125,4639.10009765625,4639.10009765625,0
2005-09-30,4641.2001953125,4679.10009765625,4641.2001953125,4672.7001953125,0
2005-10-03,4642.39990234375,4648.89990234375,4624.60009765625,4642.2001953125,0
2005-10-04,4643.60009765625,4654.2998046875,4630.7998046875,4638.7001953125,0
2005-10-05,4543.5,4642.60009765625,4543.5,4642.60009765625,0
2005-10-06,4447.2998046875,4523.7001953125,4446.2998046875,4523.7001953125,0
2005-10-07,4440.60009765625,4476.39990234375,4421.5,4449.7001953125,0
2005-10-10,4469.10009765625,4479.7998046875,4447.2998046875,4447.2998046875,0
2005-10-11,4428.7998046875,4468.7001953125,4416.2001953125,4467.89990234375,0
2005-10-12,4468.2001953125,4472.7998046875,4436.5,4437.39990234375,0
2005-10-13,4431.0,4456.2001953125,4401.7001953125,4455.10009765625,0
2005-10-14,4406.10009765625,4432.0,4393.2001953125,4425.2001953125,0
2005-10-17,4425.2998046875,4450.89990234375,4418.2998046875,4418.2998046875,0
2005-10-18,4459.2998046875,4461.2998046875,4435.39990234375,4435.39990234375,0
2005-10-19,4377.2001953125,4445.2998046875,4377.2001953125,4444.0,0
2005-10-20,4380.10009765625,4419.5,4367.7001953125,4386.7001953125,0
2005-10-21,4364.2998046875,4374.7001953125,4311.10009765625,4364.2998046875,0
2005-10-24,4357.2001953125,4364.10009765625,4337.7001953125,4361.2001953125,0
2005-10-25,4390.7998046875,4414.7998046875,4373.0,4373.2998046875,0
2005-10-26,4443.39990234375,4443.39990234375,4392.60009765625,4393.0,0
2005-10-27,4433.0,4453.7998046875,4425.7998046875,4442.2001953125,0
2005-10-28,4383.0,4430.39990234375,4383.0,4430.39990234375,0
2005-10-31,4459.7001953125,4459.7001953125,4398.60009765625,4398.60009765625,0
2005-11-01,4474.7001953125,4478.7998046875,4459.7998046875,4463.60009765625,0
2005-11-02,4456.2998046875,4482.0,4441.7998046875,4475.7998046875,0
2005-11-03,4513.7001953125,4520.5,4468.2998046875,4468.2998046875,0
2005-11-04,4519.5,4533.5,4504.5,4514.0,0
2005-11-07,4512.5,4518.0,4497.39990234375,4513.60009765625,0
2005-11-08,4554.5,4554.5,4510.39990234375,4510.7001953125,0
2005-11-09,4526.10009765625,4548.89990234375,4514.89990234375,4548.0,0
2005-11-10,4543.7001953125,4543.7001953125,4518.39990234375,4526.7001953125,0
2005-11-11,4574.2998046875,4583.10009765625,4547.2001953125,4547.2001953125,0
2005-11-14,4608.39990234375,4614.2998046875,4582.7001953125,4582.89990234375,0
2005-11-15,4603.2001953125,4614.0,4597.7001953125,4606.2001953125,0
2005-11-16,4621.10009765625,4624.89990234375,4594.60009765625,4600.7001953125,0
2005-11-17,4629.10009765625,4645.39990234375,4619.5,4620.2998046875,0
2005-11-18,4671.10009765625,4671.10009765625,4637.89990234375,4637.89990234375,0
2005-11-21,4654.2001953125,4672.2998046875,4654.2001953125,4667.89990234375,0
2005-11-22,4622.89990234375,4680.10009765625,4621.7998046875,4660.2001953125,0
2005-11-23,4616.60009765625,4645.2001953125,4614.0,4625.7001953125,0
2005-11-24,4652.2998046875,4656.39990234375,4620.2998046875,4620.2998046875,0
2005-11-25,4648.7998046875,4665.89990234375,4645.2001953125,4652.60009765625,0
2005-11-28,4665.2998046875,4665.2998046875,4645.10009765625,4652.7998046875,0
2005-11-29,4639.0,4655.7001953125,4622.5,4655.2001953125,0
2005-11-30,4634.7998046875,4677.60009765625,4634.39990234375,4641.7001953125,0
2005-12-01,4580.10009765625,4625.7001953125,4577.39990234375,4625.7001953125,0
2005-12-02,4623.5,4640.7998046875,4599.60009765625,4599.60009765625,0
2005-12-05,4624.60009765625,4631.89990234375,4610.2998046875,4628.2998046875,0
2005-12-06,4616.0,4636.2001953125,4602.0,4621.7001953125,0
2005-12-07,4623.89990234375,4632.2998046875,4619.39990234375,4619.39990234375,0
2005-12-08,4578.0,4622.10009765625,4577.89990234375,4619.0,0
2005-12-09,4580.10009765625,4587.7001953125,4549.2998046875,4575.10009765625,0
2005-12-12,4611.89990234375,4629.10009765625,4582.5,4582.5,0
2005-12-13,4587.10009765625,4610.89990234375,4586.7001953125,4610.89990234375,0
2005-12-14,4617.89990234375,4623.2998046875,4590.5,4590.5,0
2005-12-15,4627.89990234375,4645.60009765625,4613.2001953125,4620.2001953125,0
2005-12-16,4644.0,4644.0,4605.89990234375,4628.2001953125,0
2005-12-19,4655.39990234375,4678.39990234375,4646.5,4646.5,0
2005-12-20,4672.2998046875,4676.5,4638.2001953125,4658.2001953125,0
2005-12-21,4718.2001953125,4719.2001953125,4672.2998046875,4672.2998046875,0
2005-12-22,4707.7998046875,4728.7001953125,4701.39990234375,4720.7998046875,0
2005-12-23,4727.7001953125,4732.89990234375,4709.2001953125,4709.2998046875,0
2005-12-28,4755.60009765625,4759.89990234375,4723.10009765625,4725.7998046875,0
2005-12-29,4772.5,4773.0,4756.89990234375,4761.2998046875,0
2005-12-30,4763.39990234375,4775.7998046875,4749.2001953125,4774.7998046875,0
2006-01-03,4776.0,4782.7001953125,4751.10009765625,4762.2001953125,0
2006-01-04,4820.2998046875,4823.39990234375,4786.7998046875,4786.7998046875,0
2006-01-05,4813.7001953125,4831.0,4807.2998046875,4820.10009765625,0
2006-01-06,4791.10009765625,4813.60009765625,4784.7998046875,4813.60009765625,0
2006-01-09,4831.5,4834.7998046875,4803.10009765625,4803.5,0
2006-01-10,4816.7001953125,4837.7998046875,4804.7001953125,4829.60009765625,0
2006-01-11,4838.10009765625,4848.2998046875,4814.39990234375,4815.10009765625,0
2006-01-12,4836.89990234375,4857.7998046875,4827.5,4842.39990234375,0
2006-01-13,4836.7001953125,4838.89990234375,4818.60009765625,4833.5,0
2006-01-16,4836.39990234375,4857.7998046875,4829.7001953125,4840.2001953125,0
2006-01-17,4866.10009765625,4868.39990234375,4835.7998046875,4838.39990234375,0
2006-01-18,4786.89990234375,4869.2998046875,4786.7001953125,4869.2998046875,0
2006-01-19,4840.89990234375,4840.89990234375,4778.0,4790.0,0
2006-01-20,4854.39990234375,4864.2998046875,4845.7001953125,4852.0,0
2006-01-23,4812.10009765625,4848.60009765625,4773.0,4848.60009765625,0
2006-01-24,4824.7998046875,4827.2001953125,4804.2001953125,4814.2998046875,0
2006-01-25,4861.39990234375,4869.10009765625,4824.7001953125,4828.7001953125,0
2006-01-27,4919.2998046875,4923.10009765625,4879.39990234375,4880.2998046875,0
2006-01-30,4943.39990234375,4947.89990234375,4920.7998046875,4920.7998046875,0
2006-01-31,4929.60009765625,4964.10009765625,4926.7001953125,4944.7998046875,0
2006-02-01,4956.7001953125,4956.7001953125,4936.2998046875,4937.39990234375,0
2006-02-02,4905.10009765625,4982.60009765625,4905.10009765625,4963.7001953125,0
2006-02-03,4883.7998046875,4905.0,4844.89990234375,4901.0,0
2006-02-06,4915.60009765625,4915.60009765625,4866.89990234375,4878.39990234375,0
2006-02-07,4905.39990234375,4923.7001953125,4890.7001953125,4918.7001953125,0
2006-02-08,4831.39990234375,4900.2001953125,4824.89990234375,4900.2001953125,0
2006-02-09,4877.60009765625,4877.60009765625,4839.39990234375,4839.7001953125,0
2006-02-10,4871.5,4911.5,4868.5,4885.60009765625,0
2006-02-13,4817.10009765625,4859.2998046875,4811.5,4855.5,0
2006-02-14,4864.2001953125,4864.2001953125,4814.89990234375,4818.89990234375,0
2006-02-15,4835.0,4895.60009765625,4834.7001953125,4884.2998046875,0
2006-02-16,4820.60009765625,4828.60009765625,4790.7998046875,4827.7998046875,0
2006-02-17,4799.89990234375,4845.5,4796.60009765625,4823.39990234375,0
2006-02-20,4835.5,4835.5,4806.60009765625,4814.7001953125,0
2006-02-21,4879.10009765625,4879.10009765625,4839.60009765625,4846.10009765625,0
2006-02-22,4886.7001953125,4901.60009765625,4877.10009765625,4882.7998046875,0
2006-02-23,4913.2001953125,4929.2001953125,4897.89990234375,4897.89990234375,0
2006-02-24,4893.39990234375,4902.10009765625,4880.7001953125,4900.2998046875,0
2006-02-27,4924.10009765625,4924.10009765625,4891.5,4894.7998046875,0
2006-02-28,4921.2998046875,4927.2001953125,4900.39990234375,4924.0,0
2006-03-01,4850.60009765625,4914.39990234375,4850.60009765625,4913.5,0
2006-03-02,4903.7998046875,4907.2998046875,4849.10009765625,4856.5,0
2006-03-03,4898.5,4939.5,4897.60009765625,4906.7998046875,0
2006-03-06,4903.89990234375,4904.7998046875,4869.5,4897.7998046875,0
2006-03-07,4879.7001953125,4893.39990234375,4857.10009765625,4893.39990234375,0
2006-03-08,4873.0,4876.89990234375,4844.7998046875,4867.7998046875,0
2006-03-09,4894.39990234375,4897.7998046875,4852.60009765625,4869.10009765625,0
2006-03-10,4888.10009765625,4900.7998046875,4886.0,4892.2998046875,0
2006-03-13,4951.2998046875,4951.2998046875,4888.7998046875,4888.7998046875,0
2006-03-14,4932.2001953125,4961.2998046875,4932.2001953125,4950.2998046875,0
2006-03-15,4946.2998046875,4963.39990234375,4937.0,4944.39990234375,0
2006-03-16,4977.89990234375,4988.2998046875,4965.7998046875,4968.89990234375,0
2006-03-17,4971.7001953125,4997.7998046875,4970.0,4986.60009765625,0
2006-03-20,5000.39990234375,5005.89990234375,4980.89990234375,4980.89990234375,0
2006-03-21,4991.2998046875,5003.10009765625,4985.0,4995.7001953125,0
2006-03-22,5013.39990234375,5031.10009765625,4977.60009765625,4984.2998046875,0
2006-03-23,5035.2998046875,5042.10009765625,5018.60009765625,5018.60009765625,0
2006-03-24,5040.10009765625,5051.89990234375,5032.0,5035.10009765625,0
2006-03-27,5088.10009765625,5088.10009765625,5049.39990234375,5049.39990234375,0
2006-03-28,5085.7998046875,5104.5,5070.10009765625,5085.89990234375,0
2006-03-29,5090.5,5098.2998046875,5064.2001953125,5079.0,0
2006-03-30,5115.0,5121.60009765625,5091.5,5091.5,0
2006-03-31,5129.7001953125,5138.5,5108.5,5128.10009765625,0
2006-04-03,5180.5,5180.5,5122.10009765625,5127.60009765625,0
2006-04-04,5162.5,5217.5,5162.5,5194.2998046875,0
2006-04-05,5207.0,5207.0,5158.89990234375,5165.60009765625,0
2006-04-06,5238.89990234375,5248.7998046875,5215.7998046875,5215.7998046875,0
2006-04-07,5232.89990234375,5242.5,5224.2998046875,5239.7001953125,0
2006-04-10,5192.2998046875,5227.60009765625,5180.39990234375,5227.60009765625,0
2006-04-11,5233.5,5239.7998046875,5192.5,5192.5,0
2006-04-12,5183.7001953125,5221.2998046875,5173.7998046875,5220.7998046875,0
2006-04-13,5175.7001953125,5206.7001953125,5158.89990234375,5183.7998046875,0
2006-04-18,5248.60009765625,5250.0,5188.60009765625,5188.89990234375,0
2006-04-19,5283.89990234375,5301.7998046875,5270.10009765625,5270.10009765625,0
2006-04-20,5276.89990234375,5285.89990234375,5243.89990234375,5282.5,0
2006-04-21,5250.10009765625,5277.10009765625,5241.0,5277.10009765625,0
2006-04-24,5269.7998046875,5290.5,5251.7001953125,5251.7001953125,0
2006-04-26,5327.2001953125,5335.2998046875,5263.7001953125,5265.89990234375,0
2006-04-27,5300.2001953125,5336.60009765625,5300.2001953125,5320.39990234375,0
2006-04-28,5258.7998046875,5282.0,5246.60009765625,5282.0,0
2006-05-01,5310.39990234375,5315.7001953125,5272.60009765625,5273.7998046875,0
2006-05-02,5273.10009765625,5313.60009765625,5265.10009765625,5312.0,0
2006-05-03,5273.5,5286.10009765625,5254.60009765625,5282.10009765625,0
2006-05-04,5189.10009765625,5273.39990234375,5189.10009765625,5273.39990234375,0
2006-05-05,5255.39990234375,5255.39990234375,5208.60009765625,5208.60009765625,0
2006-05-08,5324.0,5328.0,5275.7001953125,5275.7001953125,0
2006-05-09,5325.7998046875,5331.7998046875,5315.10009765625,5321.0,0
2006-05-10,5352.2001953125,5406.7001953125,5348.2998046875,5355.60009765625,0
2006-05-11,5364.5,5380.5,5346.39990234375,5364.7001953125,0
2006-05-12,5329.5,5352.39990234375,5314.0,5352.10009765625,0
2006-05-15,5234.10009765625,5295.5,5228.5,5295.5,0
2006-05-16,5217.39990234375,5235.2998046875,5191.60009765625,5232.7998046875,0
2006-05-17,5217.5,5250.89990234375,5203.10009765625,5216.0,0
2006-05-18,5119.2998046875,5181.60009765625,5096.0,5181.60009765625,0
2006-05-19,5100.89990234375,5136.10009765625,5100.89990234375,5114.7998046875,0
2006-05-22,5030.7998046875,5105.39990234375,5029.39990234375,5102.10009765625,0
2006-05-23,5013.7998046875,5038.60009765625,5003.2998046875,5018.0,0
2006-05-24,5037.7001953125,5062.10009765625,5018.7998046875,5018.7998046875,0
2006-05-25,4976.7998046875,5025.0,4976.7998046875,5023.89990234375,0
2006-05-26,5053.7001953125,5053.7001953125,5002.7001953125,5003.5,0
2006-05-29,5109.5,5109.5,5071.10009765625,5071.10009765625,0
2006-05-30,5105.39990234375,5110.7001953125,5088.7998046875,5108.89990234375,0
2006-05-31,5001.7001953125,5079.7001953125,5001.7001953125,5079.5,0
2006-06-01,5060.60009765625,5060.60009765625,5018.0,5018.2001953125,0
2006-06-02,5077.2001953125,5089.7998046875,5040.7998046875,5063.7001953125,0
2006-06-05,5120.0,5120.0,5079.5,5082.5,0
2006-06-06,5036.10009765625,5094.5,5029.39990234375,5094.5,0
2006-06-07,5025.5,5033.7998046875,5006.39990234375,5029.0,0
2006-06-08,4907.2001953125,5015.10009765625,4907.2001953125,5015.10009765625,0
2006-06-09,4966.0,4966.60009765625,4903.89990234375,4906.60009765625,0
2006-06-13,4838.89990234375,4942.10009765625,4838.89990234375,4942.10009765625,0
2006-06-14,4850.7998046875,4877.39990234375,4758.2998046875,4814.39990234375,0
2006-06-15,4869.7001953125,4906.7001953125,4851.0,4851.0,0
2006-06-16,4969.0,4976.60009765625,4903.5,4903.5,0
2006-06-19,4901.2001953125,4959.89990234375,4901.2001953125,4959.5,0
2006-06-20,4861.39990234375,4894.7001953125,4843.0,4888.5,0
2006-06-21,4918.89990234375,4924.5,4877.2998046875,4877.2998046875,0
2006-06-22,5010.7998046875,5011.7998046875,4936.5,4936.5,0
2006-06-23,4964.89990234375,5003.7998046875,4954.60009765625,5003.7998046875,0
2006-06-26,4965.0,4968.39990234375,4946.2001953125,4967.89990234375,0
2006-06-27,4999.2001953125,5021.89990234375,4976.7001953125,4976.7001953125,0
2006-06-28,4946.7998046875,4975.89990234375,4922.60009765625,4975.5,0
2006-06-29,4997.2001953125,4997.2001953125,4951.7998046875,4953.0,0
2006-06-30,5073.89990234375,5113.10009765625,5030.10009765625,5030.10009765625,0
2006-07-03,5092.2001953125,5093.2001953125,5062.5,5075.5,0
2006-07-04,5104.7001953125,5131.60009765625,5103.0,5103.0,0
2006-07-05,5096.89990234375,5125.89990234375,5093.2998046875,5105.7001953125,0
2006-07-06,5120.2998046875,5120.7001953125,5053.5,5086.5,0
2006-07-07,5135.2998046875,5146.60009765625,5115.5,5127.2001953125,0
2006-07-10,5142.7998046875,5142.7998046875,5117.7001953125,5125.0,0
2006-07-11,5107.2001953125,5139.10009765625,5093.7998046875,5139.10009765625,0
2006-07-12,5128.2998046875,5141.0,5116.7998046875,5116.7998046875,0
2006-07-13,5084.60009765625,5127.60009765625,5084.60009765625,5126.89990234375,0
2006-07-14,4966.10009765625,5062.2001953125,4966.10009765625,5062.2001953125,0
2006-07-17,4956.2001953125,4961.7001953125,4905.7001953125,4961.2001953125,0
2006-07-18,4923.2998046875,4965.60009765625,4923.2998046875,4949.5,0
2006-07-19,4900.10009765625,4955.7001953125,4899.89990234375,4925.60009765625,0
2006-07-20,4996.5,4996.5,4931.89990234375,4934.2001953125,0
2006-07-21,4960.60009765625,4976.89990234375,4944.0,4976.89990234375,0
2006-07-24,4934.39990234375,4946.5,4901.7001953125,4946.5,0
2006-07-25,4992.39990234375,5015.89990234375,4942.0,4942.0,0
2006-07-26,4935.7001953125,5009.39990234375,4920.7001953125,5004.39990234375,0
2006-07-27,5007.7998046875,5007.7998046875,4916.7001953125,4931.7998046875,0
2006-07-28,4958.2998046875,5002.7998046875,4933.39990234375,5002.10009765625,0
2006-07-31,4986.0,5027.10009765625,4963.7001953125,4973.39990234375,0
2006-08-01,4981.2998046875,5000.89990234375,4970.7998046875,4981.60009765625,0
2006-08-02,4931.5,4970.60009765625,4919.5,4969.60009765625,0
2006-08-03,4997.5,4997.5,4932.60009765625,4932.60009765625,0
2006-08-04,4956.10009765625,4992.7001953125,4940.2001953125,4987.0,0
2006-08-07,4961.7998046875,4972.7001953125,4945.7001953125,4956.60009765625,0
2006-08-08,5024.7998046875,5024.7998046875,4951.39990234375,4963.39990234375,0
2006-08-09,4962.0,5011.60009765625,4939.39990234375,5010.7998046875,0
2006-08-10,4953.2001953125,4957.60009765625,4926.2998046875,4952.0,0
2006-08-11,4949.2001953125,4957.39990234375,4937.39990234375,4952.89990234375,0
2006-08-14,4971.2998046875,4997.10009765625,4927.39990234375,4945.60009765625,0
2006-08-15,4936.0,4977.0,4929.7001953125,4971.60009765625,0
2006-08-16,4961.89990234375,4994.7001953125,4950.2998046875,4951.7001953125,0
2006-08-17,5055.89990234375,5055.89990234375,4981.10009765625,4981.2998046875,0
2006-08-18,5052.5,5059.10009765625,5026.5,5056.10009765625,0
2006-08-21,5063.60009765625,5090.39990234375,5054.7001953125,5056.2001953125,0
2006-08-22,5076.2001953125,5085.0,5068.89990234375,5070.2001953125,0
2006-08-23,5082.2998046875,5107.7998046875,5068.2001953125,5073.7001953125,0
2006-08-24,4987.7998046875,5071.89990234375,4982.7001953125,5070.89990234375,0
2006-08-25,5023.60009765625,5023.60009765625,4983.0,4983.0,0
2006-08-28,5024.2001953125,5041.89990234375,5014.2998046875,5025.89990234375,0
2006-08-29,5067.60009765625,5071.39990234375,5030.60009765625,5030.60009765625,0
2006-08-30,5067.2998046875,5082.60009765625,5063.2998046875,5069.10009765625,0
2006-08-31,5115.39990234375,5115.39990234375,5072.5,5073.0,0
2006-09-01,5097.10009765625,5121.2998046875,5091.2001953125,5113.5,0
2006-09-04,5129.2001953125,5134.7998046875,5096.39990234375,5096.39990234375,0
2006-09-05,5150.60009765625,5155.10009765625,5137.60009765625,5138.5,0
2006-09-06,5113.7998046875,5164.2001953125,5108.39990234375,5155.7998046875,0
2006-09-07,5108.7001953125,5113.7998046875,5078.2001953125,5110.60009765625,0
2006-09-08,5098.2998046875,5106.2001953125,5061.39990234375,5105.10009765625,0
2006-09-11,5026.0,5099.5,5023.39990234375,5093.7001953125,0
2006-09-12,4974.39990234375,5006.2998046875,4961.2998046875,5005.2998046875,0
2006-09-13,5017.2001953125,5019.2001953125,4985.39990234375,4989.89990234375,0
2006-09-14,5070.39990234375,5071.89990234375,5026.89990234375,5026.89990234375,0
2006-09-15,5036.39990234375,5069.5,5021.10009765625,5069.5,0
2006-09-18,5072.7998046875,5072.7998046875,5023.7998046875,5032.7998046875,0
2006-09-19,5056.7998046875,5098.39990234375,5056.7001953125,5083.0,0
2006-09-20,4998.5,5041.0,4997.10009765625,5041.0,0
2006-09-21,4995.89990234375,5035.39990234375,4984.89990234375,4999.0,0
2006-09-22,4983.2001953125,4994.2998046875,4964.2001953125,4993.60009765625,0
2006-09-25,4986.2998046875,4997.89990234375,4963.39990234375,4976.89990234375,0
2006-09-26,4989.60009765625,5005.0,4977.0,4979.60009765625,0
2006-09-27,5093.2001953125,5095.5,4989.7998046875,4989.7998046875,0
2006-09-28,5113.89990234375,5120.2998046875,5095.7998046875,5104.39990234375,0
2006-09-29,5154.10009765625,5155.2998046875,5114.89990234375,5117.2998046875,0
2006-10-02,5178.7998046875,5189.7998046875,5149.10009765625,5153.0,0
2006-10-03,5184.2998046875,5194.0,5148.10009765625,5174.60009765625,0
2006-10-04,5142.7001953125,5174.39990234375,5142.7001953125,5166.60009765625,0
2006-10-05,5219.2998046875,5219.7998046875,5149.60009765625,5149.60009765625,0
2006-10-06,5220.7001953125,5229.2998046875,5213.7998046875,5221.60009765625,0
2006-10-09,5199.10009765625,5231.2001953125,5173.10009765625,5226.60009765625,0
2006-10-10,5248.60009765625,5251.0,5214.2001953125,5214.2998046875,0
2006-10-11,5282.7998046875,5282.7998046875,5240.0,5249.5,0
2006-10-12,5259.39990234375,5288.39990234375,5259.39990234375,5280.89990234375,0
2006-10-13,5290.0,5314.5,5274.89990234375,5275.5,0
2006-10-16,5311.0,5320.2001953125,5296.60009765625,5297.39990234375,0
2006-10-17,5281.2998046875,5334.2001953125,5277.5,5322.7998046875,0
2006-10-18,5313.2001953125,5313.2001953125,5264.60009765625,5276.5,0
2006-10-19,5285.2998046875,5319.2998046875,5278.7998046875,5306.2001953125,0
2006-10-20,5335.39990234375,5335.39990234375,5297.89990234375,5297.89990234375,0
2006-10-23,5333.5,5345.0,5323.60009765625,5334.2001953125,0
2006-10-24,5317.10009765625,5357.5,5315.89990234375,5332.2001953125,0
2006-10-25,5352.2998046875,5355.2001953125,5317.60009765625,5317.60009765625,0
2006-10-26,5389.7001953125,5391.10009765625,5361.7998046875,5362.39990234375,0
2006-10-27,5358.5,5385.7001953125,5350.89990234375,5385.7001953125,0
2006-10-30,5399.39990234375,5409.89990234375,5348.7998046875,5357.10009765625,0
2006-10-31,5384.39990234375,5401.0,5377.0,5391.7998046875,598359000
2006-11-01,5416.39990234375,5419.10009765625,5390.7001953125,5390.7001953125,0
2006-11-03,5432.0,5432.5,5394.39990234375,5409.60009765625,0
2006-11-06,5444.10009765625,5444.10009765625,5424.0,5433.89990234375,384494000
2006-11-07,5491.60009765625,5496.2998046875,5460.39990234375,5460.39990234375,364484000
2006-11-08,5459.2001953125,5493.89990234375,5459.2001953125,5492.7998046875,560068000
2006-11-09,5429.0,5450.2001953125,5406.2998046875,5449.39990234375,599001000
2006-11-10,5436.7001953125,5440.5,5414.7001953125,5435.2998046875,0
2006-11-13,5418.39990234375,5433.2001953125,5415.5,5424.39990234375,0
2006-11-14,5435.60009765625,5449.89990234375,5417.7998046875,5420.60009765625,0
2006-11-15,5429.89990234375,5462.0,5422.10009765625,5439.39990234375,0
2006-11-16,5392.60009765625,5436.39990234375,5375.60009765625,5429.2998046875,0
2006-11-17,5419.7001953125,5426.0,5356.89990234375,5385.2001953125,0
2006-11-20,5322.39990234375,5419.39990234375,5322.39990234375,5415.5,0
2006-11-21,5358.0,5373.2001953125,5322.7001953125,5322.7001953125,0
2006-11-22,5445.7001953125,5448.89990234375,5373.0,5373.7001953125,0
2006-11-23,5466.89990234375,5473.7998046875,5437.10009765625,5446.60009765625,0
2006-11-24,5453.60009765625,5466.2998046875,5434.0,5466.2998046875,0
2006-11-27,5452.2001953125,5471.60009765625,5445.7998046875,5451.60009765625,0
2006-11-28,5384.2998046875,5435.39990234375,5368.60009765625,5435.39990234375,0
2006-11-29,5452.60009765625,5452.60009765625,5368.2998046875,5382.2001953125,0
2006-11-30,5482.10009765625,5488.89990234375,5455.10009765625,5463.7001953125,0
2006-12-01,5427.89990234375,5495.7001953125,5424.7001953125,5486.0,0
2006-12-04,5424.89990234375,5439.7998046875,5411.0,5425.39990234375,0
2006-12-05,5426.5,5465.7001953125,5426.5,5438.5,0
2006-12-06,5466.7001953125,5466.7001953125,5437.0,5438.0,0
2006-12-07,5465.2001953125,5471.60009765625,5450.7001953125,5461.60009765625,0
2006-12-08,5425.7998046875,5461.2001953125,5425.7998046875,5456.2001953125,0
2006-12-11,5469.7001953125,5477.5,5427.7998046875,5428.7001953125,0
2006-12-12,5473.60009765625,5502.2998046875,5468.39990234375,5468.89990234375,0
2006-12-13,5488.2001953125,5505.10009765625,5467.10009765625,5467.7998046875,0
2006-12-14,5573.10009765625,5573.10009765625,5496.10009765625,5496.10009765625,0
2006-12-15,5575.39990234375,5587.39990234375,5565.2001953125,5577.5,0
2006-12-18,5591.5,5597.2001953125,5572.10009765625,5572.10009765625,0
2006-12-19,5559.7001953125,5597.5,5557.10009765625,5586.2998046875,0
2006-12-20,5607.7998046875,5618.39990234375,5567.5,5568.0,0
2006-12-21,5583.5,5608.5,5580.7001953125,5607.60009765625,0
2006-12-22,5603.7001953125,5603.7001953125,5557.10009765625,5578.60009765625,0
2006-12-27,5643.2001953125,5643.2001953125,5600.7998046875,5601.60009765625,0
2006-12-28,5660.5,5673.7001953125,5650.2001953125,5650.2001953125,0
2006-12-29,5669.89990234375,5684.39990234375,5657.10009765625,5658.89990234375,0
2007-01-02,5670.2001953125,5690.7001953125,5670.10009765625,5672.7001953125,0
2007-01-03,5649.39990234375,5698.2001953125,5643.7001953125,5681.7001953125,0
2007-01-04,5584.7998046875,5635.2001953125,5584.7998046875,5634.2998046875,0
2007-01-05,5572.0,5612.0,5565.2001953125,5580.0,0
2007-01-08,5502.0,5562.60009765625,5499.0,5561.10009765625,0
2007-01-09,5589.7001953125,5590.39990234375,5516.2998046875,5517.7001953125,0
2007-01-10,5520.89990234375,5583.10009765625,5520.89990234375,5583.10009765625,0
2007-01-11,5564.89990234375,5573.39990234375,5528.39990234375,5533.10009765625,0
2007-01-12,5638.7998046875,5638.7998046875,5578.2001953125,5578.2001953125,0
2007-01-15,5673.7998046875,5673.7998046875,5633.2001953125,5642.7998046875,0
2007-01-16,5673.39990234375,5705.39990234375,5665.2998046875,5671.89990234375,0
2007-01-17,5646.10009765625,5670.2998046875,5645.2001953125,5665.5,0
2007-01-18,5672.39990234375,5679.5,5650.89990234375,5655.2001953125,0
2007-01-19,5673.10009765625,5673.10009765625,5641.5,5669.39990234375,0
2007-01-22,5726.60009765625,5739.7998046875,5688.5,5688.5,0
2007-01-23,5735.0,5738.2998046875,5702.7001953125,5723.2998046875,0
2007-01-24,5768.7998046875,5776.10009765625,5742.2001953125,5750.0,0
2007-01-25,5769.89990234375,5802.10009765625,5769.89990234375,5781.60009765625,0
2007-01-29,5760.39990234375,5777.2998046875,5752.60009765625,5772.60009765625,0
2007-01-30,5812.5,5813.0,5756.10009765625,5756.5,0
2007-01-31,5773.39990234375,5829.2998046875,5773.39990234375,5819.2001953125,0
2007-02-01,5814.10009765625,5816.2001953125,5781.2998046875,5781.2998046875,0
2007-02-02,5831.5,5841.2998046875,5816.7998046875,5828.5,0
2007-02-05,5822.10009765625,5829.5,5801.39990234375,5827.7001953125,0
2007-02-06,5870.5,5871.5,5828.60009765625,5828.60009765625,0
2007-02-07,5899.7998046875,5909.89990234375,5879.7001953125,5901.89990234375,0
2007-02-08,5899.5,5909.39990234375,5884.60009765625,5902.2998046875,0
2007-02-09,5927.2001953125,5927.2001953125,5894.7001953125,5905.60009765625,0
2007-02-12,5924.10009765625,5934.7001953125,5905.39990234375,5921.60009765625,0
2007-02-13,5936.60009765625,5947.2998046875,5911.2998046875,5921.60009765625,0
2007-02-14,5960.5,5975.89990234375,5947.7998046875,5947.7998046875,0
2007-02-15,5992.7998046875,6000.0,5968.60009765625,5969.60009765625,0
2007-02-16,5953.7001953125,5994.39990234375,5940.39990234375,5993.2001953125,0
2007-02-19,5990.10009765625,6003.2001953125,5950.5,5956.89990234375,0
2007-02-20,5989.7001953125,6003.2998046875,5979.89990234375,5995.2001953125,0
2007-02-21,5951.7998046875,5991.7998046875,5951.0,5981.5,0
2007-02-22,6017.10009765625,6017.10009765625,5952.60009765625,5953.39990234375,0
2007-02-23,6036.10009765625,6052.10009765625,6019.10009765625,6019.60009765625,0
2007-02-26,6044.0,6044.0,6008.0,6036.5,0
2007-02-27,5993.7998046875,6043.2998046875,5993.7998046875,6043.2998046875,0
2007-02-28,5832.5,5992.60009765625,5786.7998046875,5992.60009765625,0
2007-03-01,5810.2001953125,5858.5,5797.2998046875,5840.60009765625,0
2007-03-02,5786.0,5825.7998046875,5780.89990234375,5804.7001953125,0
2007-03-05,5653.60009765625,5772.0,5653.60009765625,5772.0,0
2007-03-06,5771.7998046875,5771.7998046875,5641.10009765625,5657.2001953125,0
2007-03-07,5825.2998046875,5830.10009765625,5777.89990234375,5777.89990234375,0
2007-03-08,5822.2998046875,5827.0,5774.60009765625,5820.2001953125,0
2007-03-09,5830.2001953125,5852.60009765625,5820.60009765625,5827.5,0
2007-03-12,5891.0,5891.0,5820.2998046875,5828.0,0
2007-03-13,5865.0,5917.7001953125,5860.89990234375,5893.2998046875,0
2007-03-14,5741.89990234375,5837.2001953125,5741.89990234375,5837.2001953125,0
2007-03-15,5853.0,5857.10009765625,5764.2998046875,5769.7001953125,0
2007-03-16,5836.2998046875,5874.5,5814.60009765625,5861.89990234375,0
2007-03-19,5859.7001953125,5875.0,5818.60009765625,5838.2998046875,0
2007-03-20,5876.60009765625,5922.2001953125,5871.5,5871.5,0
2007-03-21,5861.89990234375,5906.7001953125,5860.2998046875,5883.0,0
2007-03-22,5955.7001953125,5955.7001953125,5879.0,5879.0,0
2007-03-23,5952.2998046875,5968.10009765625,5938.60009765625,5954.2001953125,0
2007-03-26,5990.7001953125,5992.0,5957.89990234375,5958.7998046875,0
2007-03-27,5964.2001953125,5988.60009765625,5963.60009765625,5986.2998046875,0
2007-03-28,5923.2001953125,5979.2001953125,5917.2998046875,5958.7998046875,0
2007-03-29,5960.89990234375,5960.89990234375,5905.2998046875,5919.2998046875,0
2007-03-30,5995.0,5998.89990234375,5968.10009765625,5968.2001953125,0
2007-04-02,5915.7998046875,5994.0,5915.7998046875,5994.0,0
2007-04-03,6013.39990234375,6013.39990234375,5929.5,5929.89990234375,0
2007-04-04,6097.2001953125,6097.2001953125,6027.60009765625,6027.60009765625,0
2007-04-05,6077.10009765625,6093.7998046875,6064.60009765625,6093.7998046875,0
2007-04-10,6153.0,6155.2001953125,6083.2001953125,6083.2001953125,0
2007-04-11,6151.39990234375,6176.89990234375,6142.10009765625,6160.5,0
2007-04-12,6158.2001953125,6167.89990234375,6129.10009765625,6147.7998046875,0
2007-04-13,6135.7998046875,6195.7998046875,6125.2998046875,6167.39990234375,0
2007-04-16,6197.7001953125,6206.2998046875,6146.2998046875,6146.60009765625,0
2007-04-17,6186.5,6237.7001953125,6169.5,6202.2998046875,0
2007-04-18,6236.89990234375,6265.2001953125,6191.2998046875,6192.5,0
2007-04-19,6165.10009765625,6229.2001953125,6159.39990234375,6229.2001953125,0
2007-04-20,6207.5,6211.0,6168.89990234375,6168.89990234375,0
2007-04-23,6209.10009765625,6252.2998046875,6165.60009765625,6218.39990234375,0
2007-04-24,6188.2001953125,6232.5,6177.2998046875,6210.0,0
2007-04-26,6212.2001953125,6227.2998046875,6195.5,6195.5,0
2007-04-27,6151.60009765625,6201.7998046875,6144.2001953125,6201.7998046875,0
2007-04-30,6166.0,6205.89990234375,6157.2998046875,6157.2998046875,0
2007-05-01,6145.7998046875,6172.2001953125,6134.2001953125,6163.2001953125,0
2007-05-02,6237.7001953125,6239.7998046875,6154.89990234375,6155.2001953125,0
2007-05-03,6245.60009765625,6258.10009765625,6224.2001953125,6244.60009765625,0
2007-05-04,6304.89990234375,6304.89990234375,6255.7998046875,6255.7998046875,0
2007-05-07,6335.7001953125,6338.2001953125,6294.2998046875,6320.0,0
2007-05-08,6304.39990234375,6341.10009765625,6291.0,6340.39990234375,0
2007-05-09,6341.0,6382.7001953125,6283.60009765625,6297.89990234375,0
2007-05-10,6355.5,6355.5,6312.10009765625,6350.2998046875,0
2007-05-11,6297.39990234375,6334.7001953125,6280.5,6334.7001953125,0
2007-05-14,6345.10009765625,6360.2998046875,6307.60009765625,6307.60009765625,0
2007-05-15,6291.2001953125,6335.2998046875,6282.10009765625,6331.39990234375,0
2007-05-16,6294.60009765625,6314.2998046875,6267.2998046875,6298.7001953125,0
2007-05-17,6365.89990234375,6365.89990234375,6303.2001953125,6303.2001953125,0
2007-05-18,6312.5,6356.89990234375,6300.10009765625,6352.2001953125,0
2007-05-21,6369.0,6384.10009765625,6318.7001953125,6318.7001953125,0
2007-05-22,6338.7998046875,6384.10009765625,6330.2998046875,6368.39990234375,0
2007-05-23,6355.10009765625,6378.2998046875,6321.39990234375,6330.7998046875,0
2007-05-24,6279.10009765625,6351.10009765625,6277.89990234375,6351.10009765625,0
2007-05-25,6252.7998046875,6272.89990234375,6226.39990234375,6272.89990234375,0
2007-05-28,6251.39990234375,6293.89990234375,6237.7998046875,6264.5,0
2007-05-29,6317.60009765625,6318.2998046875,6242.0,6251.60009765625,0
2007-05-30,6243.39990234375,6317.0,6231.0,6317.0,0
2007-05-31,6313.5,6342.5,6260.89990234375,6260.89990234375,0
2007-06-01,6333.5,6352.5,6313.7998046875,6321.0,0
2007-06-04,6392.89990234375,6409.2001953125,6346.39990234375,6346.39990234375,0
2007-06-05,6370.7998046875,6395.89990234375,6369.10009765625,6393.5,0
2007-06-06,6337.10009765625,6376.0,6315.2001953125,6368.7998046875,0
2007-06-07,6311.10009765625,6318.5,6258.2998046875,6318.5,0
2007-06-08,6231.7001953125,6300.0,6199.2998046875,6300.0,0
2007-06-12,6240.10009765625,6294.89990234375,6235.89990234375,6249.2998046875,0
2007-06-13,6180.7001953125,6225.39990234375,6170.2001953125,6224.2998046875,0
2007-06-14,6261.2001953125,6263.10009765625,6212.2998046875,6212.7998046875,0
2007-06-15,6293.7998046875,6298.5,6268.0,6272.5,0
2007-06-18,6343.39990234375,6355.7998046875,6304.0,6304.0,0
2007-06-19,6372.0,6381.60009765625,6316.0,6339.7998046875,0
2007-06-20,6396.89990234375,6403.89990234375,6348.7001953125,6367.7001953125,0
2007-06-21,6387.0,6393.5,6361.7001953125,6393.5,0
2007-06-22,6382.60009765625,6391.60009765625,6349.0,6391.39990234375,0
2007-06-25,6329.7998046875,6378.7998046875,6315.0,6378.7998046875,0
2007-06-26,6308.60009765625,6347.0,6303.7001953125,6329.89990234375,0
2007-06-27,6184.2001953125,6302.2001953125,6184.2001953125,6300.10009765625,0
2007-06-28,6265.60009765625,6265.7001953125,6200.10009765625,6200.10009765625,0
2007-06-29,6274.89990234375,6293.10009765625,6243.5,6271.39990234375,0
2007-07-02,6263.2998046875,6290.7001953125,6254.60009765625,6282.0,0
2007-07-03,6299.0,6319.2998046875,6279.2998046875,6282.10009765625,0
2007-07-04,6298.60009765625,6320.0,6290.7998046875,6306.39990234375,0
2007-07-05,6362.2998046875,6362.2998046875,6300.60009765625,6300.60009765625,0
2007-07-06,6351.10009765625,6361.7998046875,6318.5,6361.7998046875,0
2007-07-09,6400.60009765625,6400.60009765625,6353.0,6353.0,0
2007-07-10,6361.5,6403.0,6359.7998046875,6402.60009765625,0
2007-07-11,6325.10009765625,6357.89990234375,6300.7998046875,6357.89990234375,0
2007-07-12,6363.39990234375,6365.7998046875,6328.60009765625,6335.89990234375,0
2007-07-13,6389.39990234375,6436.7001953125,6389.39990234375,6390.10009765625,0
2007-07-16,6380.7998046875,6415.10009765625,6377.7998046875,6390.0,0
2007-07-17,6381.60009765625,6391.5,6368.7998046875,6385.5,0
2007-07-18,6329.10009765625,6372.10009765625,6326.39990234375,6372.10009765625,0
2007-07-19,6384.2001953125,6385.89990234375,6333.60009765625,6333.60009765625,0
2007-07-20,6421.7998046875,6422.2998046875,6387.0,6387.0,0
2007-07-23,6390.39990234375,6412.7998046875,6359.39990234375,6412.7998046875,0
2007-07-24,6422.2998046875,6432.2001953125,6398.5,6398.5,0
2007-07-25,6340.5,6396.10009765625,6334.5,6396.0,0
2007-07-26,6258.5,6351.7998046875,6258.5,6344.39990234375,0
2007-07-27,6082.89990234375,6254.0,6082.89990234375,6254.0,0
2007-07-30,6108.7998046875,6109.2001953125,6044.2998046875,6081.5,0
2007-07-31,6144.2001953125,6145.39990234375,6103.0,6120.7001953125,0
2007-08-01,5941.2001953125,6138.60009765625,5941.2001953125,6138.60009765625,0
2007-08-02,6011.7998046875,6059.2001953125,5903.2001953125,5969.10009765625,0
2007-08-03,6021.0,6061.0,5980.7998046875,6026.7001953125,0
2007-08-06,5920.2001953125,6016.10009765625,5891.10009765625,6016.10009765625,0
2007-08-07,5985.0,6015.10009765625,5942.0,5943.0,0
2007-08-08,6100.7998046875,6105.0,5998.7998046875,5999.0,0
2007-08-09,6165.60009765625,6165.60009765625,6112.2001953125,6115.0,0
2007-08-10,5936.0,6111.5,5936.0,6110.7998046875,0
2007-08-13,6011.60009765625,6040.39990234375,5945.2001953125,5945.2001953125,0
2007-08-14,5964.7998046875,6022.2001953125,5938.7001953125,6012.5,0
2007-08-15,5788.0,5933.60009765625,5788.0,5933.60009765625,0
2007-08-16,5711.5,5783.2998046875,5483.2998046875,5783.2998046875,0
2007-08-17,5671.0,5788.2001953125,5637.39990234375,5716.5,0
2007-08-20,5932.60009765625,5932.60009765625,5675.89990234375,5675.89990234375,0
2007-08-21,5989.39990234375,5998.60009765625,5873.60009765625,5929.5,0
2007-08-22,6005.0,6048.2001953125,5964.89990234375,5984.0,0
2007-08-23,6159.7001953125,6177.7001953125,6016.10009765625,6016.10009765625,0
2007-08-24,6088.5,6143.7001953125,6079.39990234375,6143.7001953125,0
2007-08-27,6185.2001953125,6203.39990234375,6119.10009765625,6121.10009765625,0
2007-08-28,6176.2998046875,6186.2001953125,6136.7001953125,6178.60009765625,0
2007-08-29,6100.2998046875,6140.60009765625,6031.60009765625,6140.60009765625,0
2007-08-30,6135.0,6190.7001953125,6124.7001953125,6127.39990234375,0
2007-08-31,6247.2001953125,6247.2001953125,6135.0,6165.7998046875,0
2007-09-03,6267.2998046875,6282.60009765625,6234.5,6253.7001953125,0
2007-09-04,6293.2998046875,6317.7998046875,6261.10009765625,6263.60009765625,0
2007-09-05,6262.7001953125,6355.7001953125,6252.0,6303.89990234375,0
2007-09-06,6251.0,6266.10009765625,6189.7001953125,6246.5,0
2007-09-07,6278.39990234375,6282.10009765625,6253.7998046875,6265.89990234375,0
2007-09-10,6191.2001953125,6237.2998046875,6146.5,6235.89990234375,0
2007-09-11,6235.5,6257.0,6193.39990234375,6193.39990234375,0
2007-09-12,6220.2998046875,6303.2001953125,6217.2998046875,6259.39990234375,0
2007-09-13,6230.60009765625,6251.0,6212.39990234375,6229.0,0
2007-09-14,6306.7998046875,6310.7998046875,6236.7001953125,6236.7001953125,0
2007-09-17,6271.39990234375,6297.7998046875,6256.2998046875,6296.89990234375,0
2007-09-18,6192.5,6260.7998046875,6166.2001953125,6260.7001953125,0
2007-09-19,6356.10009765625,6356.10009765625,6237.7998046875,6237.7998046875,0
2007-09-20,6393.7001953125,6416.39990234375,6357.10009765625,6383.7998046875,0
2007-09-21,6357.89990234375,6389.0,6353.89990234375,6386.60009765625,0
2007-09-24,6451.5,6457.7998046875,6361.0,6361.0,0
2007-09-25,6483.0,6509.60009765625,6429.60009765625,6456.2998046875,0
2007-09-26,6481.39990234375,6500.89990234375,6453.7998046875,6456.2001953125,0
2007-09-27,6538.10009765625,6550.7001953125,6485.5,6487.5,0
2007-09-28,6567.7998046875,6594.39990234375,6547.60009765625,6547.60009765625,0
2007-10-01,6563.7001953125,6605.0,6554.60009765625,6567.60009765625,0
2007-10-02,6659.89990234375,6666.7998046875,6597.2998046875,6598.10009765625,0
2007-10-03,6660.0,6680.2998046875,6636.10009765625,6642.5,0
2007-10-04,6566.89990234375,6641.2001953125,6551.7001953125,6640.2998046875,0
2007-10-05,6605.39990234375,6616.7998046875,6571.89990234375,6574.2001953125,0
2007-10-08,6654.2998046875,6684.39990234375,6617.2998046875,6617.2998046875,0
2007-10-09,6677.7998046875,6685.89990234375,6620.7998046875,6634.89990234375,0
2007-10-10,6738.2998046875,6743.2001953125,6697.2998046875,6697.2998046875,0
2007-10-11,6771.89990234375,6782.5,6710.89990234375,6736.89990234375,0
2007-10-12,6748.89990234375,6770.60009765625,6717.7001953125,6767.39990234375,0
2007-10-15,6739.0,6800.2001953125,6713.39990234375,6761.60009765625,0
2007-10-16,6692.0,6724.7998046875,6651.0,6724.2001953125,0
2007-10-17,6680.10009765625,6724.2998046875,6648.39990234375,6693.60009765625,0
2007-10-18,6767.7001953125,6767.7001953125,6696.10009765625,6697.10009765625,0
2007-10-19,6706.2998046875,6764.89990234375,6684.60009765625,6764.7998046875,0
2007-10-22,6577.2998046875,6662.60009765625,6542.89990234375,6660.7998046875,0
2007-10-23,6660.89990234375,6676.10009765625,6572.7001953125,6572.7001953125,0
2007-10-24,6634.39990234375,6733.39990234375,6634.39990234375,6679.2001953125,0
2007-10-25,6624.2998046875,6674.10009765625,6610.7001953125,6627.7998046875,0
2007-10-26,6700.60009765625,6703.2998046875,6637.2001953125,6640.2001953125,0
2007-10-29,6792.10009765625,6792.10009765625,6726.89990234375,6727.10009765625,0
2007-10-30,6750.2001953125,6794.5,6746.60009765625,6794.5,0
2007-10-31,6754.10009765625,6775.7998046875,6710.7998046875,6731.7001953125,0
2007-11-01,6828.7001953125,6851.5,6777.2998046875,6778.39990234375,0
2007-11-02,6696.60009765625,6782.2001953125,6674.7001953125,6782.2001953125,0
2007-11-05,6582.2998046875,6710.2001953125,6560.39990234375,6703.39990234375,0
2007-11-06,6628.0,6657.7998046875,6578.60009765625,6578.89990234375,0
2007-11-07,6692.39990234375,6701.2001953125,6634.39990234375,6634.39990234375,0
2007-11-08,6521.60009765625,6638.89990234375,6488.5,6638.7998046875,0
2007-11-09,6545.7001953125,6605.10009765625,6520.10009765625,6521.2998046875,0
2007-11-12,6455.2998046875,6555.2001953125,6445.10009765625,6529.5,0
2007-11-13,6515.2001953125,6520.39990234375,6437.2998046875,6452.2001953125,0
2007-11-14,6598.60009765625,6608.2001953125,6536.2001953125,6537.5,0
2007-11-15,6528.60009765625,6616.5,6528.60009765625,6590.2001953125,0
2007-11-16,6461.89990234375,6527.7001953125,6449.89990234375,6527.7001953125,0
2007-11-19,6535.2001953125,6551.89990234375,6475.0,6475.0,0
2007-11-20,6425.39990234375,6492.5,6394.10009765625,6492.5,0
2007-11-21,6384.2998046875,6438.2001953125,6355.7001953125,6438.2001953125,0
2007-11-22,6334.2998046875,6356.10009765625,6312.60009765625,6356.10009765625,0
2007-11-23,6330.2001953125,6344.39990234375,6312.7001953125,6336.60009765625,0
2007-11-26,6471.39990234375,6482.7998046875,6361.10009765625,6361.10009765625,0
2007-11-27,6432.7001953125,6440.10009765625,6349.39990234375,6437.5,0
2007-11-28,6370.10009765625,6433.2001953125,6346.39990234375,6430.2998046875,0
2007-11-29,6444.5,6481.7001953125,6397.89990234375,6397.89990234375,0
2007-11-30,6533.10009765625,6552.89990234375,6436.7001953125,6458.7001953125,0
2007-12-03,6533.5,6562.7001953125,6521.10009765625,6535.2001953125,0
2007-12-04,6530.7998046875,6538.0,6500.39990234375,6517.0,0
2007-12-05,6508.10009765625,6520.7001953125,6482.0,6520.7001953125,0
2007-12-06,6600.89990234375,6618.7001953125,6533.7001953125,6533.7001953125,0
2007-12-07,6654.7001953125,6671.39990234375,6612.0,6612.7001953125,0
2007-12-10,6625.10009765625,6659.2998046875,6608.89990234375,6659.2998046875,0
2007-12-11,6680.39990234375,6684.39990234375,6633.89990234375,6633.89990234375,0
2007-12-12,6615.2001953125,6654.2998046875,6579.89990234375,6654.2998046875,0
2007-12-13,6597.60009765625,6645.39990234375,6556.7001953125,6621.5,0
2007-12-14,6491.7001953125,6595.2001953125,6466.7001953125,6587.2001953125,0
2007-12-17,6263.5,6471.60009765625,6263.5,6469.7001953125,0
2007-12-18,6236.89990234375,6244.2998046875,6105.60009765625,6244.2998046875,0
2007-12-19,6216.39990234375,6266.89990234375,6192.7001953125,6258.39990234375,0
2007-12-20,6176.89990234375,6236.7998046875,6176.89990234375,6225.5,0
2007-12-21,6247.0,6285.60009765625,6183.60009765625,6183.7998046875,0
2007-12-24,6323.60009765625,6344.39990234375,6271.39990234375,6272.5,0
2007-12-27,6350.89990234375,6366.5,6338.60009765625,6339.10009765625,0
2007-12-28,6339.89990234375,6339.89990234375,6294.7998046875,6333.5,0
2007-12-31,6339.7998046875,6355.7001953125,6318.2001953125,6342.0,0
2008-01-02,6353.2001953125,6385.7001953125,6326.7001953125,6336.60009765625,0
2008-01-03,6290.7001953125,6341.60009765625,6251.39990234375,6341.60009765625,0
2008-01-04,6306.7998046875,6343.89990234375,6274.7001953125,6308.2998046875,0
2008-01-07,6161.60009765625,6276.39990234375,6148.10009765625,6276.39990234375,0
2008-01-08,6128.10009765625,6185.2998046875,6115.0,6152.2001953125,0
2008-01-09,6087.7001953125,6115.7001953125,6035.7998046875,6115.7001953125,0
2008-01-10,6078.7001953125,6105.0,6049.7001953125,6087.2001953125,0
2008-01-11,5981.60009765625,6096.89990234375,5981.60009765625,6086.7001953125,0
2008-01-14,5980.0,6015.5,5904.2998046875,5967.39990234375,0
2008-01-15,5960.0,6042.0,5942.39990234375,5980.7998046875,0
2008-01-16,5809.7001953125,5960.0,5787.2001953125,5944.0,0
2008-01-17,5796.10009765625,5849.2998046875,5788.5,5817.0,0
2008-01-18,5747.2998046875,5766.39990234375,5619.2998046875,5736.10009765625,0
2008-01-21,5580.39990234375,5737.89990234375,5580.39990234375,5736.2001953125,0
2008-01-22,5186.7998046875,5515.2998046875,5186.7998046875,5515.2998046875,0
2008-01-23,5412.2998046875,5540.7001953125,5230.7001953125,5230.7001953125,0
2008-01-24,5580.39990234375,5580.39990234375,5447.5,5450.10009765625,0
2008-01-25,5860.2998046875,5860.2998046875,5608.10009765625,5608.10009765625,0
2008-01-29,5716.5,5862.10009765625,5698.39990234375,5862.10009765625,0
2008-01-30,5618.7001953125,5837.7001953125,5614.5,5746.10009765625,0
2008-01-31,5650.2998046875,5655.5,5448.5,5608.89990234375,0
2008-02-01,5842.89990234375,5848.7001953125,5669.10009765625,5672.60009765625,0
2008-02-04,5867.39990234375,6022.0,5829.39990234375,5854.39990234375,0
2008-02-05,5792.89990234375,5888.2001953125,5787.7001953125,5867.0,0
2008-02-06,5609.39990234375,5771.10009765625,5609.39990234375,5770.39990234375,0
2008-02-07,5596.7001953125,5613.0,5508.7001953125,5606.7998046875,0
2008-02-08,5658.0,5704.2998046875,5606.5,5608.10009765625,0
2008-02-11,5537.60009765625,5665.2998046875,5513.2001953125,5663.7998046875,0
2008-02-12,5608.10009765625,5619.2998046875,5516.10009765625,5553.10009765625,0
2008-02-13,5542.10009765625,5654.89990234375,5541.5,5620.7998046875,0
2008-02-14,5684.7998046875,5690.5,5565.60009765625,5566.0,0
2008-02-15,5606.60009765625,5658.60009765625,5544.60009765625,5658.60009765625,0
2008-02-18,5558.39990234375,5587.60009765625,5547.39990234375,5581.2998046875,0
2008-02-19,5619.10009765625,5650.2998046875,5582.89990234375,5583.7001953125,0
2008-02-20,5496.5,5630.7001953125,5496.5,5623.7001953125,0
2008-02-21,5583.39990234375,5600.89990234375,5497.7998046875,5517.7998046875,0
2008-02-22,5559.89990234375,5578.2998046875,5490.39990234375,5574.39990234375,0
2008-02-25,5621.60009765625,5640.5,5568.5,5571.5,0
2008-02-26,5666.10009765625,5689.0,5627.10009765625,5627.7001953125,0
2008-02-27,5767.2001953125,5769.7998046875,5682.2998046875,5682.2998046875,0
2008-02-28,5651.2001953125,5759.7001953125,5625.5,5759.7001953125,0
2008-02-29,5572.10009765625,5649.2998046875,5515.60009765625,5647.89990234375,0
2008-03-03,5405.7998046875,5535.2001953125,5393.89990234375,5534.2998046875,0
2008-03-04,5380.2998046875,5437.7998046875,5347.5,5410.2998046875,0
2008-03-05,5376.60009765625,5461.2998046875,5344.7001953125,5392.10009765625,0
2008-03-06,5435.5,5454.0,5370.60009765625,5400.2001953125,0
2008-03-07,5264.0,5411.7001953125,5240.2998046875,5411.7001953125,0
2008-03-10,5180.39990234375,5237.0,5145.7998046875,5237.0,0
2008-03-11,5134.2001953125,5145.2998046875,5082.10009765625,5143.60009765625,0
2008-03-12,5257.89990234375,5369.7001953125,5190.7998046875,5190.7998046875,0
2008-03-13,5135.89990234375,5264.5,5121.0,5261.0,0
2008-03-14,5206.89990234375,5219.39990234375,5157.5,5158.0,0
2008-03-17,5087.0,5183.60009765625,5039.60009765625,5180.89990234375,0
2008-03-18,5086.10009765625,5117.2998046875,5059.39990234375,5070.89990234375,0
2008-03-19,5289.10009765625,5289.10009765625,5134.10009765625,5134.10009765625,0
2008-03-20,5127.5,5242.5,5127.5,5237.2998046875,0
2008-03-25,5318.39990234375,5354.2001953125,5170.7998046875,5170.7998046875,0
2008-03-26,5381.39990234375,5389.7001953125,5322.2998046875,5327.2998046875,0
2008-03-27,5371.60009765625,5374.2998046875,5334.2998046875,5372.7998046875,0
2008-03-28,5351.10009765625,5355.0,5275.2001953125,5355.0,0
2008-03-31,5355.7001953125,5375.0,5316.89990234375,5345.60009765625,0
2008-04-01,5361.2001953125,5373.2998046875,5301.0,5363.39990234375,0
2008-04-02,5502.89990234375,5528.10009765625,5394.2001953125,5395.2001953125,0
2008-04-03,5608.89990234375,5609.39990234375,5508.89990234375,5514.0,0
2008-04-04,5619.60009765625,5657.7001953125,5595.89990234375,5621.2998046875,0
2008-04-07,5625.0,5643.7001953125,5605.39990234375,5643.7001953125,0
2008-04-08,5571.5,5630.5,5554.0,5625.39990234375,0
2008-04-09,5520.2001953125,5610.10009765625,5509.60009765625,5606.2998046875,0
2008-04-10,5446.39990234375,5512.60009765625,5435.0,5512.10009765625,0
2008-04-11,5439.2998046875,5456.2998046875,5386.10009765625,5442.2001953125,0
2008-04-14,5342.39990234375,5409.5,5309.2001953125,5408.2998046875,0
2008-04-15,5400.39990234375,5422.0,5336.7001953125,5339.2998046875,0
2008-04-16,5470.2998046875,5482.0,5425.7001953125,5426.60009765625,0
2008-04-17,5519.0,5567.60009765625,5507.89990234375,5514.89990234375,0
2008-04-18,5429.7001953125,5519.10009765625,5395.0,5505.7001953125,0
2008-04-21,5600.2998046875,5604.0,5460.2998046875,5460.39990234375,0
2008-04-22,5564.60009765625,5597.2998046875,5524.60009765625,5597.2998046875,0
2008-04-23,5652.89990234375,5653.89990234375,5564.2998046875,5564.39990234375,0
2008-04-24,5587.2998046875,5639.10009765625,5557.39990234375,5637.7998046875,0
2008-04-28,5602.7001953125,5672.7001953125,5573.0,5599.2001953125,0
2008-04-29,5606.89990234375,5626.60009765625,5575.7001953125,5613.0,0
2008-04-30,5595.39990234375,5620.5,5516.0,5575.10009765625,0
2008-05-01,5585.7998046875,5593.39990234375,5538.7001953125,5592.60009765625,0
2008-05-02,5700.39990234375,5700.39990234375,5599.7001953125,5603.2998046875,0
2008-05-05,5730.2998046875,5751.60009765625,5716.5,5729.7001953125,0
2008-05-06,5701.39990234375,5734.89990234375,5680.2998046875,5734.60009765625,0
2008-05-07,5668.39990234375,5747.2001953125,5656.7001953125,5726.7998046875,0
2008-05-08,5723.2001953125,5731.89990234375,5590.60009765625,5630.89990234375,0
2008-05-09,5771.7998046875,5810.7001953125,5722.7998046875,5740.60009765625,0
2008-05-12,5828.5,5846.7998046875,5774.2001953125,5774.2001953125,0
2008-05-13,5812.7001953125,5842.0,5792.2998046875,5828.10009765625,0
2008-05-14,5872.7001953125,5887.7998046875,5808.7001953125,5823.7001953125,0
2008-05-15,5890.7001953125,5911.89990234375,5863.7998046875,5873.89990234375,0
2008-05-16,5931.0,5971.5,5922.7001953125,5931.39990234375,0
2008-05-19,5949.39990234375,5980.7998046875,5933.39990234375,5950.0,0
2008-05-20,5908.10009765625,5948.2998046875,5893.7998046875,5944.5,0
2008-05-21,5823.39990234375,5868.10009765625,5809.2998046875,5867.7998046875,0
2008-05-22,5826.89990234375,5863.7998046875,5738.89990234375,5799.5,0
2008-05-23,5768.0,5840.0,5753.2001953125,5833.2001953125,0
2008-05-26,5707.0,5749.89990234375,5699.5,5746.10009765625,0
2008-05-27,5714.39990234375,5736.0,5705.60009765625,5705.60009765625,0
2008-05-28,5648.10009765625,5720.39990234375,5628.5,5708.2998046875,0
2008-05-29,5709.39990234375,5715.7001953125,5656.89990234375,5662.39990234375,0
2008-05-30,5654.7001953125,5692.10009765625,5641.10009765625,5692.10009765625,0
2008-06-02,5662.2998046875,5681.5,5595.5,5671.89990234375,0
2008-06-03,5574.2001953125,5651.89990234375,5568.89990234375,5644.5,0
2008-06-04,5584.5,5620.2001953125,5558.7001953125,5569.60009765625,0
2008-06-05,5530.10009765625,5576.2001953125,5514.2998046875,5569.60009765625,0
2008-06-06,5592.10009765625,5619.2998046875,5562.2998046875,5562.2998046875,0
2008-06-10,5437.5,5573.39990234375,5437.5,5573.39990234375,0
2008-06-11,5467.2998046875,5467.39990234375,5398.0,5434.89990234375,0
2008-06-12,5329.2001953125,5451.60009765625,5326.0,5451.60009765625,0
2008-06-13,5378.10009765625,5378.10009765625,5290.0,5349.7998046875,0
2008-06-16,5371.7001953125,5405.5,5357.2998046875,5390.60009765625,0
2008-06-17,5422.7001953125,5422.7001953125,5310.10009765625,5384.5,0
2008-06-18,5443.2001953125,5444.2001953125,5385.2001953125,5418.89990234375,0
2008-06-19,5366.60009765625,5432.5,5366.60009765625,5432.10009765625,0
2008-06-20,5288.2998046875,5374.89990234375,5276.2001953125,5372.5,0
2008-06-23,5283.7001953125,5293.60009765625,5211.60009765625,5265.39990234375,0
2008-06-24,5290.0,5295.2998046875,5241.60009765625,5287.2001953125,0
2008-06-25,5237.7998046875,5282.89990234375,5215.0,5265.7998046875,0
2008-06-26,5307.0,5334.10009765625,5244.2001953125,5244.89990234375,0
2008-06-27,5237.0,5261.0,5144.7001953125,5258.39990234375,0
2008-06-30,5215.2998046875,5305.89990234375,5212.0,5254.10009765625,0
2008-07-01,5138.89990234375,5231.89990234375,5138.89990234375,5230.10009765625,0
2008-07-02,5094.7998046875,5125.7001953125,5060.60009765625,5122.39990234375,0
2008-07-03,4998.2998046875,5047.2001953125,4969.10009765625,5047.2001953125,0
2008-07-04,5082.10009765625,5082.10009765625,5005.7001953125,5005.7001953125,0
2008-07-07,5002.5,5071.7001953125,4975.39990234375,5069.0,0
2008-07-08,4932.89990234375,5030.7998046875,4931.5,5002.60009765625,0
2008-07-09,5011.89990234375,5042.2001953125,4952.39990234375,4952.39990234375,0
2008-07-10,4937.39990234375,4986.7001953125,4916.89990234375,4985.0,0
2008-07-11,4979.89990234375,4990.60009765625,4931.39990234375,4955.89990234375,0
2008-07-14,4921.0,4975.89990234375,4910.0,4970.2001953125,0
2008-07-15,4815.7001953125,4919.0,4795.7998046875,4919.0,0
2008-07-16,4870.60009765625,4885.7998046875,4787.5,4794.0,0
2008-07-17,4901.0,4932.60009765625,4862.10009765625,4872.60009765625,0
2008-07-18,4840.39990234375,4905.39990234375,4825.7998046875,4891.10009765625,0
2008-07-21,5011.7998046875,5011.7998046875,4860.2001953125,4865.2998046875,0
2008-07-22,5005.60009765625,5007.39990234375,4947.7998046875,5007.39990234375,0
2008-07-23,5105.2998046875,5156.10009765625,5003.89990234375,5014.0,0
2008-07-24,5144.10009765625,5158.2998046875,5094.2001953125,5097.39990234375,0
2008-07-25,4970.5,5101.5,4939.7998046875,5097.7001953125,0
2008-07-28,4922.10009765625,4965.7001953125,4885.7998046875,4960.0,0
2008-07-29,4847.39990234375,4916.7998046875,4819.39990234375,4912.7998046875,0
2008-07-30,4936.7001953125,4958.39990234375,4843.2001953125,4870.60009765625,0
2008-07-31,4977.39990234375,5015.2001953125,4959.2998046875,4959.5,0
2008-08-01,4904.0,4971.7001953125,4869.39990234375,4971.7001953125,0
2008-08-04,4887.7001953125,4936.39990234375,4882.7001953125,4883.10009765625,0
2008-08-05,4820.39990234375,4851.2998046875,4758.5,4848.2001953125,0
2008-08-06,4969.10009765625,4978.2998046875,4847.2998046875,4847.2998046875,0
2008-08-07,4983.2998046875,5004.89990234375,4940.39990234375,4978.0,0
2008-08-08,4986.2001953125,4992.60009765625,4911.0,4968.7998046875,0
2008-08-11,5026.10009765625,5055.10009765625,4992.7998046875,4993.89990234375,0
2008-08-12,5053.60009765625,5072.89990234375,5008.7001953125,5021.0,0
2008-08-13,4951.60009765625,5035.10009765625,4931.7001953125,5034.10009765625,0
2008-08-14,4981.10009765625,5064.39990234375,4968.2001953125,4974.0,0
2008-08-15,4981.7001953125,4999.5,4950.2998046875,4972.7998046875,0
2008-08-18,4985.0,5031.60009765625,4934.10009765625,4979.7001953125,0
2008-08-19,4866.39990234375,4964.5,4866.39990234375,4963.7001953125,0
2008-08-20,4929.5,4931.5,4875.39990234375,4878.2001953125,0
2008-08-21,4875.2001953125,4944.5,4868.2001953125,4944.2001953125,0
2008-08-22,4931.39990234375,4936.60009765625,4891.7998046875,4893.0,0
2008-08-25,5014.89990234375,5036.60009765625,4938.89990234375,4941.7998046875,0
2008-08-26,5007.5,5007.5,4895.0,4995.39990234375,0
2008-08-27,5011.2001953125,5038.2998046875,4968.5,5012.60009765625,0
2008-08-28,5066.5,5087.7001953125,5021.60009765625,5022.10009765625,0
2008-08-29,5135.60009765625,5146.2998046875,5068.60009765625,5073.89990234375,0
2008-09-01,5118.2998046875,5129.39990234375,5093.39990234375,5128.7001953125,0
2008-09-02,5116.0,5177.2001953125,5096.5,5096.5,0
2008-09-03,5060.0,5144.2998046875,5033.7998046875,5102.89990234375,0
2008-09-04,4979.5,5081.5,4952.2998046875,5051.2001953125,0
2008-09-05,4877.10009765625,4948.0,4837.60009765625,4947.60009765625,0
2008-09-08,5067.5,5081.7001953125,4877.10009765625,4877.7001953125,0
2008-09-09,4980.10009765625,5050.10009765625,4963.7001953125,5049.7998046875,0
2008-09-10,4905.5,4929.2001953125,4848.0,4927.7001953125,0
2008-09-11,4814.2998046875,4917.60009765625,4811.39990234375,4916.60009765625,0
2008-09-12,4903.7998046875,4903.7998046875,4828.39990234375,4834.2001953125,0
2008-09-15,4817.7001953125,4905.10009765625,4770.89990234375,4904.0,0
2008-09-16,4750.7998046875,4781.39990234375,4685.5,4778.2001953125,0
2008-09-17,4722.2001953125,4822.39990234375,4700.60009765625,4759.60009765625,0
2008-09-18,4607.2998046875,4670.10009765625,4527.39990234375,4668.7998046875,0
2008-09-19,4804.10009765625,4828.2998046875,4637.2998046875,4637.2998046875,0
2008-09-22,5020.5,5020.5,4916.5,4923.89990234375,0
2008-09-23,4923.5,4987.39990234375,4882.10009765625,4987.39990234375,0
2008-09-24,4981.89990234375,4987.5,4916.10009765625,4917.2998046875,0
2008-09-25,4927.39990234375,4983.0,4925.2998046875,4954.2001953125,0
2008-09-26,4904.7998046875,4990.5,4837.89990234375,4935.89990234375,0
2008-09-29,4807.39990234375,4956.60009765625,4782.89990234375,4903.89990234375,0
2008-09-30,4600.5,4716.2998046875,4540.7001953125,4715.0,0
2008-10-01,4794.60009765625,4794.60009765625,4636.2998046875,4636.2998046875,0
2008-10-02,4761.10009765625,4832.5,4757.2998046875,4795.7001953125,0
2008-10-03,4695.39990234375,4718.0,4633.2001953125,4717.39990234375,0
2008-10-06,4540.39990234375,4690.7998046875,4515.0,4690.7998046875,0
2008-10-07,4618.7001953125,4652.89990234375,4391.89990234375,4504.2998046875,0
2008-10-08,4388.10009765625,4563.60009765625,4381.7998046875,4563.2001953125,0
2008-10-09,4320.89990234375,4393.7998046875,4269.89990234375,4391.0,0
2008-10-10,3960.699951171875,4275.0,3960.699951171875,4275.0,0
2008-10-13,4180.7001953125,4202.2998046875,3990.800048828125,3990.800048828125,0
2008-10-14,4335.2001953125,4442.39990234375,4247.7998046875,4248.10009765625,0
2008-10-15,4300.0,4330.7998046875,4265.39990234375,4329.5,0
2008-10-16,4013.39990234375,4225.10009765625,3995.199951171875,4225.10009765625,0
2008-10-17,3970.800048828125,4150.39990234375,3963.199951171875,4039.5,0
2008-10-20,4142.2998046875,4142.2998046875,3994.199951171875,3994.199951171875,0
2008-10-21,4302.5,4302.5,4183.7001953125,4184.5,0
2008-10-22,4156.10009765625,4269.5,4156.10009765625,4269.5,0
2008-10-23,3974.39990234375,4087.5,3973.199951171875,4087.5,0
2008-10-24,3869.39990234375,4029.199951171875,3830.0,3970.699951171875,0
2008-10-27,3809.199951171875,3874.5,3761.10009765625,3874.5,0
2008-10-28,3794.60009765625,3805.0,3724.800048828125,3801.39990234375,0
2008-10-29,3845.60009765625,3976.199951171875,3817.39990234375,3835.300048828125,0
2008-10-30,4001.10009765625,4022.39990234375,3868.10009765625,3869.5,0
2008-10-31,4018.0,4018.0,3938.199951171875,3992.60009765625,0
2008-11-03,4221.5,4221.5,4018.0,4041.60009765625,0
2008-11-04,4215.10009765625,4226.7998046875,4135.89990234375,4198.2001953125,0
2008-11-05,4336.60009765625,4340.5,4250.5,4253.7998046875,0
2008-11-06,4149.7001953125,4283.10009765625,4144.89990234375,4281.7001953125,0
2008-11-07,4051.300048828125,4100.2001953125,3963.800048828125,4099.2001953125,0
2008-11-10,4107.7998046875,4159.7998046875,4066.89990234375,4066.89990234375,0
2008-11-11,3960.89990234375,4088.800048828125,3926.89990234375,4087.199951171875,0
2008-11-12,3927.300048828125,3966.699951171875,3892.699951171875,3944.800048828125,0
2008-11-13,3697.300048828125,3876.60009765625,3697.300048828125,3876.60009765625,0
2008-11-14,3748.10009765625,3858.39990234375,3745.39990234375,3745.39990234375,0
2008-11-17,3653.0,3729.199951171875,3616.39990234375,3728.39990234375,0
2008-11-18,3523.199951171875,3664.300048828125,3506.199951171875,3635.300048828125,0
2008-11-19,3499.60009765625,3570.800048828125,3438.800048828125,3539.0,0
2008-11-20,3352.89990234375,3463.800048828125,3340.300048828125,3463.800048828125,0
2008-11-21,3416.5,3416.5,3217.5,3325.5,0
2008-11-24,3425.10009765625,3441.5,3362.0,3431.699951171875,0
2008-11-25,3623.39990234375,3623.39990234375,3476.60009765625,3477.89990234375,0
2008-11-26,3540.0,3621.699951171875,3536.800048828125,3617.300048828125,0
2008-11-27,3588.0,3659.39990234375,3576.10009765625,3594.199951171875,0
2008-11-28,3742.5,3742.5,3604.60009765625,3604.60009765625,0
2008-12-01,3681.199951171875,3738.89990234375,3648.800048828125,3738.89990234375,0
2008-12-02,3528.199951171875,3630.89990234375,3528.199951171875,3630.89990234375,0
2008-12-03,3533.800048828125,3621.89990234375,3497.0,3555.300048828125,0
2008-12-04,3532.39990234375,3610.800048828125,3522.39990234375,3553.39990234375,0
2008-12-05,3489.89990234375,3557.699951171875,3485.199951171875,3510.39990234375,0
2008-12-08,3631.60009765625,3647.699951171875,3505.800048828125,3506.800048828125,0
2008-12-09,3604.300048828125,3655.60009765625,3563.39990234375,3655.60009765625,0
2008-12-10,3640.699951171875,3653.89990234375,3557.60009765625,3609.0,0
2008-12-11,3598.0,3670.800048828125,3550.39990234375,3660.699951171875,0
2008-12-12,3510.39990234375,3586.5,3474.10009765625,3586.5,0
2008-12-15,3591.39990234375,3664.39990234375,3535.60009765625,3536.0,0
2008-12-16,3556.199951171875,3589.300048828125,3507.699951171875,3589.300048828125,0
2008-12-17,3570.60009765625,3635.800048828125,3549.89990234375,3572.39990234375,0
2008-12-18,3581.199951171875,3581.199951171875,3516.800048828125,3578.199951171875,0
2008-12-19,3615.699951171875,3620.5,3509.10009765625,3556.10009765625,0
2008-12-22,3557.39990234375,3627.699951171875,3552.300048828125,3620.10009765625,0
2008-12-23,3531.39990234375,3574.39990234375,3494.300048828125,3550.5,0
2008-12-24,3582.199951171875,3599.300048828125,3529.10009765625,3534.60009765625,0
2008-12-29,3621.10009765625,3657.800048828125,3572.699951171875,3594.800048828125,0
2008-12-30,3654.199951171875,3672.5,3597.89990234375,3624.5,0
2008-12-31,3722.300048828125,3729.800048828125,3667.0,3667.0,0
2009-01-02,3713.800048828125,3767.5,3674.800048828125,3723.89990234375,0
2009-01-05,3687.0,3768.39990234375,3669.800048828125,3742.5,0
2009-01-06,3742.699951171875,3762.199951171875,3692.0,3692.0,0
2009-01-07,3779.699951171875,3817.89990234375,3767.699951171875,3769.699951171875,0
2009-01-08,3694.300048828125,3746.699951171875,3662.60009765625,3746.199951171875,0
2009-01-09,3735.699951171875,3741.0,3696.0,3706.800048828125,0
2009-01-12,3683.300048828125,3722.0,3655.800048828125,3722.0,0
2009-01-13,3654.60009765625,3665.5,3610.699951171875,3665.5,0
2009-01-14,3687.0,3690.800048828125,3641.10009765625,3664.699951171875,0
2009-01-15,3529.5,3649.5,3515.10009765625,3648.0,0
2009-01-16,3550.89990234375,3576.699951171875,3541.60009765625,3550.0,0
2009-01-19,3589.300048828125,3602.0,3556.0,3556.0,0
2009-01-20,3476.60009765625,3563.5,3441.0,3563.5,0
2009-01-21,3442.800048828125,3459.89990234375,3409.699951171875,3459.5,0
2009-01-22,3486.800048828125,3492.199951171875,3445.699951171875,3457.199951171875,0
2009-01-23,3342.699951171875,3471.199951171875,3342.699951171875,3470.89990234375,0
2009-01-27,3444.0,3445.800048828125,3374.0,3376.0,0
2009-01-28,3495.5,3505.89990234375,3417.10009765625,3451.699951171875,0
2009-01-29,3526.199951171875,3564.10009765625,3506.60009765625,3525.199951171875,0
2009-01-30,3540.699951171875,3548.39990234375,3471.60009765625,3513.5,0
2009-02-02,3497.39990234375,3523.199951171875,3480.5,3519.39990234375,0
2009-02-03,3508.699951171875,3578.699951171875,3503.300048828125,3505.800048828125,0
2009-02-04,3437.89990234375,3514.199951171875,3428.0,3503.199951171875,0
2009-02-05,3428.60009765625,3460.89990234375,3414.5,3460.300048828125,0
2009-02-06,3469.89990234375,3493.199951171875,3441.0,3441.0,0
2009-02-09,3508.60009765625,3528.39990234375,3495.800048828125,3498.39990234375,0
2009-02-10,3488.699951171875,3523.800048828125,3462.89990234375,3515.89990234375,0
2009-02-11,3474.39990234375,3474.39990234375,3409.60009765625,3458.39990234375,0
2009-02-12,3514.300048828125,3553.699951171875,3474.39990234375,3475.800048828125,0
2009-02-13,3559.10009765625,3559.5,3507.10009765625,3508.0,0
2009-02-16,3516.89990234375,3548.800048828125,3499.699951171875,3548.800048828125,0
2009-02-17,3464.300048828125,3538.5,3447.5,3507.800048828125,0
2009-02-18,3413.199951171875,3413.199951171875,3413.199951171875,3413.199951171875,0
2009-02-19,3448.89990234375,3473.699951171875,3390.199951171875,3409.699951171875,0
2009-02-20,3402.39990234375,3450.60009765625,3381.0,3449.60009765625,0
2009-02-23,3351.199951171875,3386.89990234375,3312.60009765625,3386.89990234375,0
2009-02-24,3331.60009765625,3337.0,3296.199951171875,3332.60009765625,0
2009-02-25,3327.5,3382.89990234375,3315.300048828125,3355.39990234375,0
2009-02-26,3345.5,3366.699951171875,3320.699951171875,3329.5,0
2009-02-27,3344.5,3364.199951171875,3312.39990234375,3344.300048828125,0
2009-03-02,3250.10009765625,3330.39990234375,3233.89990234375,3329.39990234375,0
2009-03-03,3219.199951171875,3250.60009765625,3153.5,3250.60009765625,0
2009-03-04,3166.39990234375,3211.199951171875,3142.5,3208.199951171875,0
2009-03-05,3188.5,3218.300048828125,3178.10009765625,3200.800048828125,0
2009-03-06,3145.5,3170.800048828125,3124.300048828125,3169.60009765625,0
2009-03-09,3154.5,3177.300048828125,3135.5,3165.5,0
2009-03-10,3184.5,3184.5,3120.800048828125,3148.5,0
2009-03-11,3244.39990234375,3265.39990234375,3216.39990234375,3217.0,0
2009-03-12,3235.5,3272.699951171875,3225.0,3254.39990234375,0
2009-03-13,3345.199951171875,3353.5,3254.300048828125,3255.10009765625,0
2009-03-16,3348.39990234375,3376.39990234375,3339.89990234375,3345.800048828125,0
2009-03-17,3451.89990234375,3451.89990234375,3350.5,3351.60009765625,0
2009-03-18,3446.300048828125,3487.5,3435.60009765625,3453.60009765625,0
2009-03-19,3480.199951171875,3500.699951171875,3454.60009765625,3454.60009765625,0
2009-03-20,3465.800048828125,3499.199951171875,3464.0,3499.10009765625,0
2009-03-23,3550.300048828125,3550.300048828125,3456.199951171875,3469.89990234375,0
2009-03-24,3580.0,3646.199951171875,3574.89990234375,3579.300048828125,0
2009-03-25,3609.300048828125,3626.300048828125,3558.699951171875,3564.0,0
2009-03-26,3646.60009765625,3666.300048828125,3603.699951171875,3610.89990234375,0
2009-03-27,3672.300048828125,3706.60009765625,3656.89990234375,3656.89990234375,0
2009-03-30,3604.39990234375,3658.89990234375,3592.800048828125,3658.0,0
2009-03-31,3582.10009765625,3622.5,3570.5,3586.800048828125,0
2009-04-01,3579.699951171875,3598.699951171875,3550.89990234375,3583.60009765625,0
2009-04-02,3680.199951171875,3703.199951171875,3592.89990234375,3593.5,0
2009-04-03,3735.60009765625,3750.10009765625,3704.60009765625,3704.60009765625,0
2009-04-06,3756.60009765625,3763.10009765625,3733.39990234375,3733.800048828125,0
2009-04-07,3706.300048828125,3743.10009765625,3704.5,3742.60009765625,0
2009-04-08,3619.5,3691.300048828125,3610.89990234375,3691.300048828125,0
2009-04-09,3671.60009765625,3675.199951171875,3626.10009765625,3626.800048828125,0
2009-04-14,3752.89990234375,3775.300048828125,3696.39990234375,3697.0,0
2009-04-15,3747.5,3763.300048828125,3734.39990234375,3746.10009765625,0
2009-04-16,3775.699951171875,3804.199951171875,3752.300048828125,3753.199951171875,0
2009-04-17,3776.699951171875,3851.199951171875,3776.699951171875,3785.60009765625,0
2009-04-20,3769.0,3788.0,3731.699951171875,3777.89990234375,0
2009-04-21,3677.39990234375,3740.300048828125,3661.0,3740.300048828125,0
2009-04-22,3668.199951171875,3701.5,3661.199951171875,3689.60009765625,0
2009-04-23,3743.0,3745.39990234375,3675.0,3677.10009765625,0
2009-04-24,3712.300048828125,3754.39990234375,3687.0,3744.60009765625,0
2009-04-27,3731.60009765625,3780.800048828125,3680.60009765625,3725.0,0
2009-04-28,3708.39990234375,3777.89990234375,3701.10009765625,3728.60009765625,0
2009-04-29,3695.300048828125,3723.89990234375,3679.800048828125,3694.60009765625,0
2009-04-30,3780.5,3799.300048828125,3713.39990234375,3713.89990234375,0
2009-05-01,3769.60009765625,3784.0,3754.199951171875,3771.39990234375,0
2009-05-04,3883.0,3883.0,3781.5,3781.5,0
2009-05-05,3890.39990234375,3943.39990234375,3880.60009765625,3902.60009765625,0
2009-05-06,3867.10009765625,3907.800048828125,3851.89990234375,3890.199951171875,0
2009-05-07,3938.699951171875,3954.199951171875,3890.10009765625,3890.60009765625,0
2009-05-08,3941.699951171875,3943.199951171875,3906.60009765625,3919.0,0
2009-05-11,3926.0,3960.39990234375,3901.39990234375,3943.199951171875,0
2009-05-12,3877.199951171875,3914.199951171875,3856.10009765625,3914.199951171875,0
2009-05-13,3856.10009765625,3894.39990234375,3838.60009765625,3877.699951171875,0
2009-05-14,3723.39990234375,3823.39990234375,3722.699951171875,3823.10009765625,0
2009-05-15,3773.199951171875,3791.699951171875,3741.89990234375,3743.39990234375,0
2009-05-18,3735.60009765625,3763.800048828125,3714.89990234375,3763.800048828125,0
2009-05-19,3817.300048828125,3821.199951171875,3758.39990234375,3759.10009765625,0
2009-05-20,3824.60009765625,3831.5,3791.5,3826.10009765625,0
2009-05-21,3813.89990234375,3830.300048828125,3792.199951171875,3824.800048828125,0
2009-05-22,3761.60009765625,3796.199951171875,3751.800048828125,3795.5,0
2009-05-25,3737.89990234375,3784.5,3722.0,3763.699951171875,0
2009-05-26,3788.39990234375,3788.39990234375,3723.10009765625,3736.199951171875,0
2009-05-27,3801.10009765625,3836.89990234375,3798.5,3798.89990234375,0
2009-05-28,3755.699951171875,3783.199951171875,3737.300048828125,3782.5,0
2009-05-29,3818.0,3822.800048828125,3771.199951171875,3774.199951171875,0
2009-06-01,3894.39990234375,3895.0,3810.199951171875,3826.39990234375,0
2009-06-02,3955.300048828125,3966.60009765625,3912.199951171875,3912.199951171875,0
2009-06-03,4017.199951171875,4017.199951171875,3945.89990234375,3951.5,0
2009-06-04,3934.60009765625,3995.0,3926.39990234375,3993.300048828125,0
2009-06-05,3971.199951171875,4021.300048828125,3934.60009765625,3934.60009765625,0
2009-06-09,3934.89990234375,3995.89990234375,3934.89990234375,3959.199951171875,0
2009-06-10,4024.39990234375,4024.39990234375,3951.39990234375,3952.39990234375,0
2009-06-11,4047.199951171875,4053.0,4019.199951171875,4021.5,0
2009-06-12,4062.199951171875,4079.39990234375,4037.5,4044.89990234375,0
2009-06-15,4031.699951171875,4058.800048828125,4031.699951171875,4048.800048828125,0
2009-06-16,3962.5,4016.10009765625,3953.60009765625,4014.39990234375,0
2009-06-17,3904.10009765625,3943.89990234375,3874.800048828125,3943.800048828125,0
2009-06-18,3892.10009765625,3921.39990234375,3871.5,3896.10009765625,0
2009-06-19,3899.60009765625,3933.800048828125,3899.0,3899.60009765625,0
2009-06-22,3918.199951171875,3931.199951171875,3897.60009765625,3908.89990234375,0
2009-06-23,3796.89990234375,3887.800048828125,3791.5,3887.800048828125,0
2009-06-24,3807.0,3811.89990234375,3767.89990234375,3802.199951171875,0
2009-06-25,3856.0,3857.5,3812.0,3814.699951171875,0
2009-06-26,3903.800048828125,3915.60009765625,3863.60009765625,3863.60009765625,0
2009-06-29,3886.89990234375,3926.699951171875,3882.60009765625,3899.39990234375,0
2009-06-30,3954.89990234375,3955.5,3899.89990234375,3900.0,0
2009-07-01,3874.0,3939.5,3859.300048828125,3939.5,0
2009-07-02,3877.300048828125,3910.199951171875,3872.800048828125,3887.699951171875,0
2009-07-03,3828.199951171875,3859.199951171875,3804.10009765625,3859.199951171875,0
2009-07-06,3783.699951171875,3821.39990234375,3767.800048828125,3821.0,0
2009-07-07,3766.89990234375,3786.699951171875,3761.699951171875,3776.800048828125,0
2009-07-08,3767.89990234375,3767.89990234375,3709.199951171875,3750.300048828125,0
2009-07-09,3763.300048828125,3769.89990234375,3742.0,3766.0,0
2009-07-10,3794.10009765625,3796.699951171875,3763.300048828125,3763.39990234375,0
2009-07-13,3737.5,3792.5,3735.60009765625,3790.300048828125,0
2009-07-14,3867.10009765625,3867.10009765625,3758.199951171875,3758.199951171875,0
2009-07-15,3924.5,3930.199951171875,3870.60009765625,3870.800048828125,0
2009-07-16,3995.60009765625,4022.300048828125,3943.699951171875,3945.199951171875,0
2009-07-17,4000.800048828125,4026.699951171875,3989.39990234375,4002.0,0
2009-07-20,4050.300048828125,4066.89990234375,4006.800048828125,4006.800048828125,0
2009-07-21,4050.699951171875,4083.60009765625,4043.699951171875,4060.0,0
2009-07-22,4068.5,4074.60009765625,4046.199951171875,4055.10009765625,0
2009-07-23,4064.10009765625,4069.89990234375,4047.300048828125,4058.89990234375,0
2009-07-24,4089.800048828125,4122.10009765625,4081.300048828125,4081.300048828125,0
2009-07-27,4139.60009765625,4153.7998046875,4097.5,4097.5,0
2009-07-28,4169.5,4177.89990234375,4138.7001953125,4140.0,0
2009-07-29,4142.7998046875,4180.5,4142.39990234375,4156.2998046875,0
2009-07-30,4190.5,4201.7998046875,4134.2998046875,4137.2998046875,0
2009-07-31,4244.0,4247.89990234375,4208.5,4213.5,0
2009-08-03,4263.39990234375,4282.89990234375,4244.60009765625,4245.89990234375,0
2009-08-04,4309.2998046875,4340.0,4291.2998046875,4291.2998046875,0
2009-08-05,4264.5,4320.60009765625,4264.5,4320.60009765625,0
2009-08-06,4326.2998046875,4327.60009765625,4271.7998046875,4272.39990234375,0
2009-08-07,4299.39990234375,4314.89990234375,4275.2998046875,4314.89990234375,0
2009-08-10,4304.10009765625,4347.89990234375,4300.0,4311.89990234375,0
2009-08-11,4332.0,4332.89990234375,4279.0,4298.0,0
2009-08-12,4343.10009765625,4351.7001953125,4294.5,4320.7001953125,0
2009-08-13,4435.89990234375,4435.89990234375,4351.60009765625,4351.60009765625,0
2009-08-14,4461.0,4509.5,4445.39990234375,4447.7001953125,0
2009-08-17,4388.39990234375,4451.0,4388.39990234375,4451.0,0
2009-08-18,4381.60009765625,4398.0,4352.10009765625,4375.7001953125,0
2009-08-19,4373.7998046875,4437.2001953125,4367.89990234375,4392.7998046875,0
2009-08-20,4377.5,4425.10009765625,4367.10009765625,4397.89990234375,0
2009-08-21,4290.60009765625,4379.89990234375,4260.7001953125,4378.60009765625,0
2009-08-24,4426.10009765625,4426.10009765625,4290.60009765625,4291.60009765625,0
2009-08-25,4405.7998046875,4432.89990234375,4389.89990234375,4422.10009765625,0
2009-08-26,4454.5,4468.89990234375,4406.89990234375,4406.89990234375,0
2009-08-27,4450.7998046875,4461.2998046875,4424.89990234375,4450.0,0
2009-08-28,4489.60009765625,4492.60009765625,4459.7998046875,4460.39990234375,0
2009-08-31,4479.10009765625,4537.2001953125,4471.5,4485.7001953125,0
2009-09-01,4514.60009765625,4523.7001953125,4466.0,4476.60009765625,0
2009-09-02,4438.2001953125,4491.60009765625,4412.0,4491.60009765625,0
2009-09-03,4429.60009765625,4446.7001953125,4410.0,4433.2001953125,0
2009-09-04,4435.5,4477.0,4434.0,4442.39990234375,0
2009-09-07,4454.39990234375,4467.60009765625,4441.0,4443.10009765625,0
2009-09-08,4523.7998046875,4527.0,4461.10009765625,4461.10009765625,0
2009-09-09,4522.2001953125,4554.7001953125,4504.2001953125,4532.2001953125,0
2009-09-10,4570.7998046875,4577.2998046875,4523.2998046875,4523.2998046875,0
2009-09-11,4596.10009765625,4608.60009765625,4570.7998046875,4570.7998046875,0
2009-09-14,4531.10009765625,4595.7001953125,4518.7998046875,4595.7001953125,0
2009-09-15,4540.2998046875,4585.2001953125,4526.89990234375,4541.7001953125,0
2009-09-16,4650.39990234375,4651.2001953125,4551.7998046875,4552.7001953125,0
2009-09-17,4714.89990234375,4749.7001953125,4662.2001953125,4662.2001953125,0
2009-09-18,4693.2001953125,4702.7998046875,4658.5,4702.5,0
2009-09-21,4677.39990234375,4701.7001953125,4665.89990234375,4687.39990234375,0
2009-09-22,4663.7001953125,4683.60009765625,4656.10009765625,4672.0,0
2009-09-23,4734.10009765625,4735.60009765625,4663.7001953125,4663.7001953125,0
2009-09-24,4701.2001953125,4726.5,4692.2998046875,4719.89990234375,0
2009-09-25,4713.2998046875,4727.0,4639.39990234375,4686.2001953125,0
2009-09-28,4677.39990234375,4705.5,4645.0,4703.7998046875,0
2009-09-29,4753.10009765625,4767.89990234375,4696.7998046875,4696.7998046875,0
2009-09-30,4743.60009765625,4767.7998046875,4730.0,4746.7001953125,0
2009-10-01,4701.10009765625,4757.7001953125,4696.89990234375,4738.7998046875,0
2009-10-02,4601.7001953125,4671.60009765625,4601.5,4671.60009765625,0
2009-10-05,4573.2998046875,4618.2998046875,4573.2998046875,4601.2998046875,0
2009-10-06,4591.60009765625,4641.2998046875,4582.89990234375,4589.2998046875,0
2009-10-07,4695.7001953125,4708.2998046875,4612.7998046875,4613.0,0
2009-10-08,4768.60009765625,4780.0,4687.89990234375,4698.5,0
2009-10-09,4752.89990234375,4803.5,4749.60009765625,4780.2998046875,0
2009-10-12,4739.7998046875,4786.2998046875,4736.89990234375,4761.2001953125,0
2009-10-13,4785.7001953125,4797.2001953125,4743.89990234375,4743.89990234375,0
2009-10-14,4831.10009765625,4840.10009765625,4781.10009765625,4782.10009765625,0
2009-10-15,4859.89990234375,4895.2998046875,4845.39990234375,4845.39990234375,0
2009-10-16,4836.39990234375,4877.10009765625,4834.5,4858.89990234375,0
2009-10-19,4792.7998046875,4830.39990234375,4772.10009765625,4830.39990234375,0
2009-10-20,4846.2001953125,4871.2998046875,4808.2998046875,4808.7001953125,0
2009-10-21,4838.60009765625,4842.39990234375,4819.2001953125,4837.89990234375,0
2009-10-22,4812.7998046875,4844.89990234375,4809.2001953125,4830.5,0
2009-10-23,4859.39990234375,4868.0,4826.5,4826.5,0
2009-10-26,4830.2998046875,4848.7998046875,4811.60009765625,4845.7998046875,0
2009-10-27,4753.5,4813.7001953125,4751.39990234375,4813.7001953125,0
2009-10-28,4685.10009765625,4764.2001953125,4682.7001953125,4751.2001953125,0
2009-10-29,4574.7001953125,4654.0,4562.5,4653.2001953125,0
2009-10-30,4643.2001953125,4673.60009765625,4602.7001953125,4602.7001953125,0
2009-11-02,4540.39990234375,4611.2998046875,4517.60009765625,4611.0,0
2009-11-03,4531.5,4579.2001953125,4517.60009765625,4548.2998046875,0
2009-11-04,4540.10009765625,4559.5,4518.0,4533.89990234375,0
2009-11-05,4508.0,4558.7001953125,4502.5,4536.5,0
2009-11-06,4594.0,4594.0,4527.5,4528.0,0
2009-11-09,4674.89990234375,4680.2998046875,4596.5,4596.7998046875,0
2009-11-10,4733.60009765625,4756.7998046875,4695.60009765625,4696.5,0
2009-11-11,4757.0,4768.0,4734.5,4736.7001953125,0
2009-11-12,4747.89990234375,4796.60009765625,4746.39990234375,4760.89990234375,0
2009-11-13,4706.39990234375,4732.60009765625,4690.89990234375,4732.60009765625,0
2009-11-16,4755.2001953125,4760.5,4715.89990234375,4715.89990234375,0
2009-11-17,4729.39990234375,4799.0,4729.39990234375,4768.2001953125,0
2009-11-18,4739.0,4780.39990234375,4729.39990234375,4729.39990234375,0
2009-11-19,4749.2001953125,4761.2998046875,4728.89990234375,4739.0,0
2009-11-20,4685.7998046875,4734.0,4673.2001953125,4734.0,0
2009-11-23,4717.0,4725.39990234375,4681.10009765625,4688.7998046875,0
2009-11-24,4685.0,4763.89990234375,4685.0,4724.39990234375,0
2009-11-25,4722.2001953125,4722.89990234375,4673.2001953125,4691.0,0
2009-11-26,4708.60009765625,4751.2998046875,4698.2001953125,4731.2998046875,0
2009-11-27,4572.10009765625,4674.10009765625,4562.7001953125,4674.10009765625,0
2009-11-30,4701.39990234375,4707.89990234375,4592.7998046875,4592.7998046875,0
2009-12-01,4719.0,4719.0,4675.39990234375,4696.89990234375,0
2009-12-02,4762.39990234375,4795.2001953125,4732.89990234375,4733.0,0
2009-12-03,4774.60009765625,4787.0,4754.39990234375,4764.5,0
2009-12-04,4702.2001953125,4760.60009765625,4687.60009765625,4760.39990234375,0
2009-12-07,4676.5,4723.10009765625,4651.10009765625,4707.39990234375,0
2009-12-08,4670.60009765625,4697.2001953125,4655.60009765625,4676.5,0
2009-12-09,4637.89990234375,4662.89990234375,4596.2001953125,4662.89990234375,0
2009-12-10,4606.7001953125,4652.39990234375,4596.60009765625,4637.2998046875,0
2009-12-11,4635.2001953125,4646.0,4611.7998046875,4611.7998046875,0
2009-12-14,4654.0,4654.0,4608.2998046875,4635.60009765625,0
2009-12-15,4673.5,4691.10009765625,4658.60009765625,4660.0,0
2009-12-16,4661.89990234375,4689.10009765625,4656.10009765625,4671.0,0
2009-12-17,4670.2998046875,4703.10009765625,4649.2001953125,4674.0,0
2009-12-18,4650.5,4657.2998046875,4604.7001953125,4653.5,0
2009-12-21,4635.10009765625,4693.5,4635.10009765625,4660.39990234375,0
2009-12-22,4704.2001953125,4704.2001953125,4643.7001953125,4643.7001953125,0
2009-12-23,4739.2998046875,4742.60009765625,4694.89990234375,4704.5,0
2009-12-24,4790.89990234375,4790.89990234375,4749.2998046875,4749.2998046875,0
2009-12-29,4845.10009765625,4858.0,4796.5,4796.5,0
2009-12-30,4833.2998046875,4867.7998046875,4833.2998046875,4844.39990234375,0
2009-12-31,4870.60009765625,4873.60009765625,4842.10009765625,4842.10009765625,0
2010-01-04,4876.2998046875,4888.7001953125,4862.2998046875,4864.89990234375,0
2010-01-05,4924.2998046875,4930.7001953125,4887.2998046875,4887.2998046875,0
2010-01-06,4921.39990234375,4938.5,4915.2998046875,4927.7001953125,0
2010-01-07,4899.39990234375,4938.10009765625,4898.89990234375,4922.7998046875,0
2010-01-08,4912.10009765625,4937.89990234375,4900.2998046875,4900.2998046875,0
2010-01-11,4950.7001953125,4955.10009765625,4921.7001953125,4921.89990234375,0
2010-01-12,4899.5,4940.0,4893.10009765625,4938.60009765625,0
2010-01-13,4868.10009765625,4887.0,4852.89990234375,4886.2998046875,0
2010-01-14,4898.0,4920.5,4875.10009765625,4876.0,0
2010-01-15,4899.60009765625,4905.39990234375,4857.7998046875,4896.5,0
2010-01-18,4911.10009765625,4917.10009765625,4865.60009765625,4890.60009765625,0
2010-01-19,4861.2001953125,4930.0,4861.2001953125,4914.89990234375,0
2010-01-20,4868.2001953125,4905.7998046875,4865.60009765625,4874.7001953125,0
2010-01-21,4827.2001953125,4854.89990234375,4822.2001953125,4854.2001953125,0
2010-01-22,4750.60009765625,4793.89990234375,4716.0,4793.89990234375,0
2010-01-25,4717.89990234375,4726.60009765625,4679.89990234375,4725.7001953125,0
2010-01-27,4644.60009765625,4707.39990234375,4628.60009765625,4705.89990234375,0
2010-01-28,4673.2998046875,4676.10009765625,4642.60009765625,4653.2998046875,0
2010-01-29,4569.60009765625,4656.7001953125,4566.7001953125,4656.60009765625,0
2010-02-01,4524.10009765625,4588.5,4524.10009765625,4569.89990234375,0
2010-02-02,4605.2998046875,4605.39990234375,4548.7001953125,4550.5,0
2010-02-03,4647.89990234375,4656.89990234375,4619.0,4631.0,0
2010-02-04,4621.60009765625,4640.0,4598.2998046875,4638.39990234375,0
2010-02-05,4514.10009765625,4584.39990234375,4488.39990234375,4581.5,0
2010-02-08,4521.39990234375,4551.0,4515.60009765625,4521.7001953125,0
2010-02-09,4505.10009765625,4513.39990234375,4464.89990234375,4513.2998046875,0
2010-02-10,4513.39990234375,4570.7001953125,4498.89990234375,4534.0,0
2010-02-11,4554.2998046875,4565.2998046875,4510.89990234375,4512.10009765625,0
2010-02-12,4562.10009765625,4593.2998046875,4545.0,4566.10009765625,0
2010-02-15,4545.5,4568.7001953125,4537.89990234375,4558.5,0
2010-02-16,4567.7998046875,4598.2001953125,4550.39990234375,4550.39990234375,0
2010-02-17,4667.89990234375,4672.89990234375,4585.39990234375,4586.2001953125,0
2010-02-18,4654.89990234375,4673.10009765625,4633.39990234375,4672.7001953125,0
2010-02-19,4635.10009765625,4672.2001953125,4609.60009765625,4662.5,0
2010-02-22,4717.5,4717.5,4654.7001953125,4654.7001953125,0
2010-02-23,4718.2998046875,4718.2998046875,4688.2001953125,4705.60009765625,0
2010-02-24,4648.5,4702.39990234375,4641.0,4702.39990234375,0
2010-02-25,4594.10009765625,4689.89990234375,4589.89990234375,4656.39990234375,0
2010-02-26,4637.7001953125,4637.7001953125,4593.2998046875,4607.2001953125,0
2010-03-01,4686.5,4686.5,4633.10009765625,4633.10009765625,0
2010-03-02,4701.89990234375,4716.2001953125,4683.5,4694.39990234375,0
2010-03-03,4735.7001953125,4745.7001953125,4706.2998046875,4708.7998046875,0
2010-03-04,4750.5,4750.7001953125,4724.7998046875,4743.2001953125,0
2010-03-05,4767.2001953125,4780.39990234375,4750.2001953125,4753.39990234375,0
2010-03-08,4807.89990234375,4828.5,4787.7998046875,4787.7998046875,0
2010-03-09,4820.10009765625,4828.10009765625,4791.10009765625,4806.10009765625,0
2010-03-10,4820.0,4837.60009765625,4804.2998046875,4818.60009765625,0
2010-03-11,4814.2001953125,4840.10009765625,4805.39990234375,4821.39990234375,0
2010-03-12,4818.10009765625,4835.89990234375,4812.2001953125,4814.2998046875,0
2010-03-15,4784.10009765625,4836.0,4784.10009765625,4820.60009765625,0
2010-03-16,4797.2001953125,4806.39990234375,4781.10009765625,4785.60009765625,0
2010-03-17,4853.2001953125,4853.2001953125,4806.0,4806.0,0
2010-03-18,4863.10009765625,4874.39990234375,4846.7998046875,4860.60009765625,0
2010-03-19,4872.2001953125,4875.7998046875,4854.60009765625,4862.60009765625,0
2010-03-22,4830.2001953125,4857.5,4826.89990234375,4857.2001953125,0
2010-03-23,4874.7998046875,4882.39990234375,4839.2001953125,4839.60009765625,0
2010-03-24,4891.5,4911.10009765625,4885.39990234375,4885.39990234375,0
2010-03-25,4885.39990234375,4890.7998046875,4871.89990234375,4883.0,0
2010-03-26,4896.89990234375,4896.89990234375,4834.7998046875,4878.60009765625,0
2010-03-29,4897.2998046875,4912.0,4890.39990234375,4902.5,0
2010-03-30,4916.7998046875,4924.2001953125,4904.39990234375,4908.2998046875,0
2010-03-31,4875.5,4928.89990234375,4875.5,4911.60009765625,0
2010-04-01,4907.7001953125,4907.7001953125,4879.5,4880.0,0
2010-04-06,4953.7001953125,4956.60009765625,4924.7001953125,4924.7001953125,0
2010-04-07,4960.89990234375,4971.2998046875,4953.60009765625,4953.7998046875,0
2010-04-08,4937.89990234375,4944.89990234375,4930.7998046875,4944.2998046875,0
2010-04-09,4948.10009765625,4958.39990234375,4940.7998046875,4943.7001953125,0
2010-04-12,4984.2998046875,4986.10009765625,4957.5,4957.5,0
2010-04-13,4951.60009765625,4978.60009765625,4944.5,4978.60009765625,0
2010-04-14,4994.7001953125,4996.7998046875,4957.60009765625,4958.2998046875,0
2010-04-15,5001.89990234375,5025.10009765625,5000.7998046875,5003.2998046875,0
2010-04-16,4984.7001953125,5002.2001953125,4973.39990234375,4999.0,0
2010-04-19,4915.10009765625,4965.39990234375,4909.39990234375,4965.39990234375,0
2010-04-20,4925.7998046875,4944.89990234375,4914.2001953125,4914.2001953125,0
2010-04-21,4954.2998046875,4970.2001953125,4926.2001953125,4926.89990234375,0
2010-04-22,4907.39990234375,4942.60009765625,4887.7998046875,4942.60009765625,0
2010-04-23,4881.5,4903.89990234375,4875.7998046875,4903.7998046875,896401500
2010-04-27,4880.0,4911.89990234375,4872.39990234375,4886.7998046875,0
2010-04-28,4822.7998046875,4851.2001953125,4785.39990234375,4849.10009765625,0
2010-04-29,4785.60009765625,4818.7001953125,4779.2998046875,4817.7001953125,0
2010-04-30,4807.39990234375,4822.7001953125,4792.5,4793.2998046875,0
2010-05-03,4785.5,4788.7998046875,4753.39990234375,4782.7998046875,0
2010-05-04,4737.10009765625,4804.5,4737.10009765625,4779.0,0
2010-05-05,4674.0,4713.2998046875,4641.39990234375,4713.2998046875,0
2010-05-06,4573.2001953125,4654.39990234375,4570.60009765625,4654.39990234375,0
2010-05-07,4480.7001953125,4551.0,4427.2998046875,4542.0,0
2010-05-10,4599.7998046875,4599.7998046875,4497.2001953125,4497.2001953125,0
2010-05-11,4548.0,4630.7001953125,4548.0,4607.7001953125,0
2010-05-12,4573.0,4612.7998046875,4550.89990234375,4555.2001953125,0
2010-05-13,4652.7998046875,4652.7998046875,4588.2998046875,4588.7998046875,0
2010-05-14,4611.10009765625,4639.7998046875,4596.2001953125,4639.60009765625,0
2010-05-17,4467.2001953125,4587.60009765625,4467.2001953125,4587.60009765625,0
2010-05-18,4470.7001953125,4503.2998046875,4445.89990234375,4479.60009765625,0
2010-05-19,4387.10009765625,4458.39990234375,4387.10009765625,4456.39990234375,0
2010-05-20,4316.5,4404.60009765625,4316.5,4391.5,0
2010-05-21,4305.39990234375,4308.0,4175.7001953125,4287.60009765625,0
2010-05-24,4395.39990234375,4395.39990234375,4303.10009765625,4319.89990234375,0
2010-05-25,4265.2998046875,4375.2998046875,4265.2998046875,4375.2998046875,0
2010-05-26,4307.2001953125,4365.60009765625,4295.2001953125,4295.2001953125,0
2010-05-27,4379.2001953125,4379.2001953125,4293.0,4313.7998046875,0
2010-05-28,4457.5,4460.7998046875,4397.2001953125,4397.2001953125,0
2010-05-31,4429.7001953125,4453.39990234375,4427.5,4447.7001953125,0
2010-06-01,4413.10009765625,4430.60009765625,4383.7998046875,4430.60009765625,0
2010-06-02,4381.0,4428.7001953125,4374.2001953125,4403.2001953125,0
2010-06-03,4486.0,4489.10009765625,4403.89990234375,4404.10009765625,0
2010-06-04,4449.39990234375,4471.0,4430.7001953125,4471.0,0
2010-06-07,4325.89990234375,4410.39990234375,4299.7998046875,4410.39990234375,0
2010-06-08,4381.2001953125,4385.5,4323.0,4323.2998046875,0
2010-06-09,4385.2998046875,4390.0,4354.60009765625,4386.39990234375,0
2010-06-10,4435.2998046875,4445.89990234375,4385.60009765625,4385.60009765625,0
2010-06-11,4505.5,4506.7001953125,4457.39990234375,4457.39990234375,0
2010-06-15,4505.0,4517.2001953125,4490.89990234375,4505.39990234375,0
2010-06-17,4527.2998046875,4563.2998046875,4514.89990234375,4556.39990234375,0
2010-06-18,4551.89990234375,4561.5,4526.0,4526.7001953125,0
2010-06-21,4612.60009765625,4622.0,4566.89990234375,4568.0,0
2010-06-22,4558.2998046875,4604.2001953125,4557.7001953125,4604.2001953125,0
2010-06-23,4486.10009765625,4544.5,4486.10009765625,4543.39990234375,0
2010-06-24,4479.7001953125,4519.2001953125,4478.7998046875,4503.7001953125,0
2010-06-25,4413.0,4467.2001953125,4409.2998046875,4467.2001953125,0
2010-06-28,4384.5,4433.39990234375,4369.60009765625,4419.7001953125,0
2010-06-29,4345.7001953125,4410.5,4343.39990234375,4380.7998046875,0
2010-06-30,4301.5,4319.0,4249.5,4318.7001953125,0
2010-07-01,4237.5,4285.7998046875,4214.7001953125,4284.60009765625,0
2010-07-02,4238.7001953125,4281.60009765625,4222.7001953125,4249.7001953125,0
2010-07-05,4222.10009765625,4260.10009765625,4217.10009765625,4239.7001953125,0
2010-07-06,4276.10009765625,4276.10009765625,4182.2998046875,4215.10009765625,0
2010-07-07,4254.60009765625,4290.7998046875,4234.2998046875,4280.39990234375,0
2010-07-08,4356.89990234375,4356.89990234375,4277.7001953125,4278.0,0
2010-07-09,4396.2998046875,4397.5,4350.2998046875,4359.7998046875,0
2010-07-12,4409.89990234375,4419.7001953125,4386.2001953125,4396.7001953125,0
2010-07-13,4380.2998046875,4429.10009765625,4380.2998046875,4402.7001953125,0
2010-07-14,4462.39990234375,4462.39990234375,4400.2001953125,4401.2998046875,0
2010-07-15,4442.60009765625,4465.60009765625,4427.10009765625,4456.60009765625,0
2010-07-16,4422.7001953125,4458.7001953125,4413.5,4443.5,0
2010-07-19,4358.2998046875,4404.2001953125,4345.2001953125,4404.2001953125,0
2010-07-20,4403.60009765625,4416.0,4361.10009765625,4363.7001953125,0
2010-07-21,4412.7001953125,4435.60009765625,4402.10009765625,4416.60009765625,0
2010-07-22,4374.7001953125,4414.2998046875,4374.7001953125,4410.2001953125,0
2010-07-23,4458.39990234375,4472.2998046875,4394.2001953125,4394.39990234375,0
2010-07-26,4486.10009765625,4503.10009765625,4466.60009765625,4466.7001953125,0
2010-07-27,4497.39990234375,4520.2998046875,4486.7998046875,4489.7998046875,0
2010-07-28,4529.89990234375,4530.60009765625,4487.2001953125,4497.89990234375,0
2010-07-29,4524.10009765625,4531.60009765625,4503.60009765625,4528.89990234375,0
2010-07-30,4493.5,4519.0,4480.60009765625,4518.10009765625,0
2010-08-02,4541.60009765625,4541.60009765625,4494.2998046875,4495.10009765625,0
2010-08-03,4571.60009765625,4584.10009765625,4554.0,4558.10009765625,0
2010-08-04,4542.10009765625,4569.0,4541.60009765625,4568.89990234375,0
2010-08-05,4566.5,4580.5,4549.7998046875,4550.10009765625,0
2010-08-06,4566.10009765625,4566.10009765625,4545.2001953125,4564.0,0
2010-08-09,4594.89990234375,4598.7001953125,4540.10009765625,4559.5,0
2010-08-10,4540.7001953125,4597.0,4538.39990234375,4592.7998046875,0
2010-08-11,4455.5,4531.89990234375,4455.5,4531.2001953125,0
2010-08-12,4400.89990234375,4436.7998046875,4382.10009765625,4436.7998046875,0
2010-08-13,4459.60009765625,4459.60009765625,4393.2998046875,4401.7001953125,0
2010-08-16,4438.5,4450.7998046875,4402.60009765625,4448.7001953125,0
2010-08-17,4477.0,4486.10009765625,4423.89990234375,4438.39990234375,0
2010-08-18,4474.89990234375,4494.89990234375,4459.7001953125,4460.7998046875,0
2010-08-19,4479.0,4479.0,4454.89990234375,4467.2998046875,0
2010-08-20,4430.89990234375,4467.2998046875,4409.5,4466.39990234375,0
2010-08-23,4429.0,4439.39990234375,4418.2001953125,4433.0,0
2010-08-24,4381.2998046875,4421.89990234375,4378.0,4421.89990234375,0
2010-08-25,4320.10009765625,4369.10009765625,4313.89990234375,4369.0,0
2010-08-26,4356.0,4356.0,4320.2998046875,4324.5,0
2010-08-27,4370.10009765625,4379.0,4330.2001953125,4348.0,0
2010-08-30,4452.7001953125,4456.39990234375,4379.5,4381.2001953125,0
2010-08-31,4404.2001953125,4442.5,4403.89990234375,4438.7998046875,0
2010-09-01,4495.7001953125,4501.7998046875,4413.2998046875,4413.2998046875,0
2010-09-02,4532.7001953125,4552.7001953125,4513.39990234375,4513.39990234375,0
2010-09-03,4541.2001953125,4558.7001953125,4527.2998046875,4536.89990234375,0
2010-09-06,4575.5,4575.5,4544.2001953125,4547.2001953125,0
2010-09-07,4573.2001953125,4588.7998046875,4555.2998046875,4570.2998046875,0
2010-09-08,4537.2001953125,4568.0,4532.60009765625,4560.60009765625,0
2010-09-09,4582.2001953125,4593.0,4542.2998046875,4542.7001953125,0
2010-09-10,4560.2998046875,4598.5,4560.2998046875,4583.2001953125,0
2010-09-13,4614.89990234375,4622.7001953125,4574.0,4575.2001953125,0
2010-09-14,4626.5,4649.10009765625,4622.7001953125,4623.10009765625,0
2010-09-15,4661.5,4670.10009765625,4627.10009765625,4627.2001953125,0
2010-09-16,4605.2998046875,4667.60009765625,4603.60009765625,4661.7998046875,0
2010-09-17,4638.89990234375,4648.2001953125,4614.2998046875,4614.2998046875,0
2010-09-20,4631.2998046875,4633.39990234375,4604.7998046875,4633.39990234375,0
2010-09-21,4617.5,4664.5,4617.5,4639.2998046875,0
2010-09-22,4625.2001953125,4641.2001953125,4616.2001953125,4616.2001953125,0
2010-09-23,4633.60009765625,4634.7998046875,4609.60009765625,4623.0,0
2010-09-24,4601.89990234375,4622.10009765625,4585.10009765625,4622.10009765625,0
2010-09-27,4675.39990234375,4681.10009765625,4619.60009765625,4620.0,0
2010-09-28,4669.7998046875,4682.2998046875,4657.2001953125,4670.2998046875,0
2010-09-29,4645.0,4698.0,4643.0,4675.89990234375,0
2010-09-30,4582.89990234375,4649.10009765625,4582.89990234375,4645.60009765625,0
2010-10-01,4579.2001953125,4617.39990234375,4559.0,4593.10009765625,0
2010-10-04,4625.2998046875,4643.89990234375,4587.0,4587.10009765625,0
2010-10-05,4606.89990234375,4620.60009765625,4559.2001953125,4612.7998046875,0
2010-10-06,4686.7998046875,4693.2998046875,4621.60009765625,4621.60009765625,0
2010-10-07,4691.2998046875,4697.2998046875,4668.2998046875,4689.7998046875,0
2010-10-08,4681.39990234375,4690.7001953125,4666.7998046875,4684.7001953125,0
2010-10-11,4697.5,4713.0,4686.7998046875,4686.7998046875,0
2010-10-12,4618.2001953125,4690.7998046875,4617.39990234375,4690.60009765625,0
2010-10-13,4619.89990234375,4656.7998046875,4619.60009765625,4626.2998046875,0
2010-10-14,4699.10009765625,4700.39990234375,4635.5,4635.7001953125,0
2010-10-15,4689.0,4696.2998046875,4660.60009765625,4691.5,0
2010-10-18,4651.89990234375,4688.7998046875,4638.7001953125,4688.7998046875,0
2010-10-19,4655.7001953125,4681.89990234375,4655.7001953125,4658.2998046875,0
2010-10-20,4624.89990234375,4641.7998046875,4583.0,4641.7998046875,0
2010-10-21,4622.89990234375,4661.39990234375,4622.0,4636.7001953125,0
2010-10-22,4648.2001953125,4648.2001953125,4622.2998046875,4627.5,0
2010-10-25,4710.0,4725.89990234375,4641.10009765625,4644.39990234375,0
2010-10-26,4687.7998046875,4711.10009765625,4684.60009765625,4709.39990234375,0
2010-10-27,4648.10009765625,4698.0,4641.0,4684.7998046875,0
2010-10-28,4684.89990234375,4700.7001953125,4656.2998046875,4657.0,0
2010-10-29,4661.60009765625,4691.7001953125,4655.60009765625,4689.2998046875,0
2010-11-01,4698.5,4705.39990234375,4664.7998046875,4665.7001953125,753375400
2010-11-02,4701.39990234375,4706.5,4676.7001953125,4696.10009765625,651733200
2010-11-03,4722.60009765625,4734.89990234375,4701.7001953125,4705.0,0
2010-11-04,4745.2998046875,4756.89990234375,4715.10009765625,4716.5,0
2010-11-05,4800.60009765625,4815.0,4769.2001953125,4770.10009765625,0
2010-11-08,4778.39990234375,4810.5,4774.5,4802.2998046875,0
2010-11-09,4740.7001953125,4775.10009765625,4731.0,4769.7998046875,0
2010-11-10,4699.7998046875,4753.7998046875,4686.10009765625,4740.89990234375,0
2010-11-11,4728.60009765625,4740.2001953125,4704.2001953125,4704.7998046875,0
2010-11-12,4692.7001953125,4732.39990234375,4681.60009765625,4728.0,0
2010-11-15,4688.0,4714.2001953125,4681.2998046875,4694.60009765625,0
2010-11-16,4700.2998046875,4709.5,4670.5,4697.7998046875,0
2010-11-17,4624.2998046875,4678.10009765625,4622.2998046875,4678.10009765625,0
2010-11-18,4640.2001953125,4644.10009765625,4612.0,4624.39990234375,0
2010-11-19,4629.2001953125,4673.7998046875,4615.5,4650.2998046875,0
2010-11-22,4643.5,4672.0,4636.7001953125,4639.2001953125,0
2010-11-23,4589.10009765625,4640.2001953125,4586.7998046875,4638.89990234375,0
2010-11-24,4584.60009765625,4586.7001953125,4551.2001953125,4580.5,0
2010-11-25,4593.39990234375,4607.2001953125,4583.2001953125,4595.5,0
2010-11-26,4598.2998046875,4616.5,4594.0,4599.10009765625,0
2010-11-29,4618.5,4623.5,4557.2998046875,4594.2998046875,0
2010-11-30,4584.39990234375,4616.39990234375,4584.2998046875,4616.39990234375,0
2010-12-01,4586.60009765625,4586.7998046875,4557.0,4581.39990234375,0
2010-12-02,4676.2001953125,4686.0,4604.10009765625,4604.7001953125,0
2010-12-03,4694.2001953125,4717.10009765625,4682.2998046875,4687.89990234375,0
2010-12-06,4688.60009765625,4706.7998046875,4688.0,4696.2998046875,0
2010-12-07,4726.7998046875,4737.60009765625,4690.89990234375,4692.10009765625,0
2010-12-08,4699.89990234375,4726.7001953125,4694.89990234375,4726.7001953125,0
2010-12-09,4741.2998046875,4747.10009765625,4702.2001953125,4702.7998046875,0
2010-12-10,4745.89990234375,4750.0,4732.5,4739.89990234375,0
2010-12-13,4757.10009765625,4775.7001953125,4749.60009765625,4750.10009765625,0
2010-12-14,4766.89990234375,4773.0,4755.7998046875,4760.7998046875,0
2010-12-15,4767.7998046875,4781.89990234375,4757.10009765625,4766.89990234375,0
2010-12-16,4784.0,4784.2998046875,4754.7001953125,4764.7001953125,0
2010-12-17,4763.10009765625,4783.7001953125,4763.10009765625,4783.7001953125,0
2010-12-20,4736.60009765625,4778.5,4736.60009765625,4763.60009765625,0
2010-12-21,4771.89990234375,4782.39990234375,4741.89990234375,4742.10009765625,0
2010-12-22,4778.39990234375,4786.0,4768.39990234375,4776.2001953125,0
2010-12-23,4799.0,4811.89990234375,4778.2998046875,4779.60009765625,0
2010-12-24,4777.2998046875,4797.10009765625,4767.10009765625,4792.5,0
2010-12-29,4775.2001953125,4784.89990234375,4754.7998046875,4768.39990234375,0
2010-12-30,4790.39990234375,4799.89990234375,4776.7998046875,4777.60009765625,505126600
2010-12-31,4745.2001953125,4787.89990234375,4745.2001953125,4787.5,313237300
2011-01-04,4742.5,4775.0,4729.5,4758.2998046875,0
2011-01-05,4714.89990234375,4748.89990234375,4703.60009765625,4738.60009765625,0
2011-01-06,4725.0,4731.60009765625,4696.2001953125,4717.7001953125,0
2011-01-07,4705.0,4718.5,4690.2998046875,4717.7998046875,0
2011-01-10,4712.2998046875,4714.60009765625,4686.5,4702.2001953125,0
2011-01-11,4710.7001953125,4714.0,4692.2001953125,4709.2998046875,0
2011-01-12,4724.2001953125,4724.2001953125,4707.5,4718.7998046875,0
2011-01-13,4795.2001953125,4795.2001953125,4736.60009765625,4736.89990234375,0
2011-01-14,4801.5,4802.7998046875,4784.2998046875,4789.39990234375,0
2011-01-17,4763.10009765625,4805.7998046875,4755.0,4802.7001953125,0
2011-01-18,4801.7998046875,4809.2998046875,4761.0,4762.39990234375,0
2011-01-19,4834.60009765625,4839.2001953125,4789.60009765625,4804.39990234375,0
2011-01-20,4783.7001953125,4822.60009765625,4780.0,4822.10009765625,0
2011-01-21,4755.7001953125,4795.5,4740.5,4777.2998046875,0
2011-01-24,4786.0,4792.89990234375,4750.2001953125,4755.39990234375,0
2011-01-25,4807.7998046875,4825.39990234375,4789.5,4789.5,826601000
2011-01-27,4806.10009765625,4815.2998046875,4797.60009765625,4812.2001953125,0
2011-01-28,4774.89990234375,4805.60009765625,4755.7998046875,4803.39990234375,0
2011-01-31,4753.89990234375,4758.10009765625,4717.60009765625,4757.89990234375,0
2011-02-01,4752.10009765625,4767.10009765625,4751.7998046875,4759.10009765625,0
2011-02-02,4796.5,4807.60009765625,4768.60009765625,4768.60009765625,0
2011-02-03,4820.60009765625,4824.7001953125,4792.0,4803.10009765625,0
2011-02-04,4862.7001953125,4870.2001953125,4825.2001953125,4826.0,0
2011-02-07,4868.5,4869.60009765625,4859.5,4860.10009765625,0
2011-02-08,4890.39990234375,4892.89990234375,4875.2998046875,4876.10009765625,0
2011-02-09,4904.7998046875,4931.2001953125,4899.2001953125,4900.0,0
2011-02-10,4914.39990234375,4915.0,4901.39990234375,4901.60009765625,0
2011-02-11,4880.89990234375,4914.39990234375,4880.89990234375,4914.39990234375,0
2011-02-14,4935.7998046875,4938.2001953125,4885.10009765625,4891.60009765625,794180000
2011-02-15,4931.0,4938.89990234375,4919.2001953125,4936.5,743563600
2011-02-16,4930.2001953125,4939.7001953125,4918.2001953125,4924.0,0
2011-02-17,4938.39990234375,4944.39990234375,4932.39990234375,4934.0,0
2011-02-18,4936.7001953125,4938.7998046875,4925.0,4929.0,0
2011-02-21,4900.0,4924.2998046875,4881.60009765625,4923.39990234375,0
2011-02-22,4856.7001953125,4917.10009765625,4853.0,4914.2001953125,0
2011-02-23,4845.89990234375,4854.39990234375,4831.5,4848.2001953125,0
2011-02-24,4809.2998046875,4839.7001953125,4803.39990234375,4839.39990234375,0
2011-02-25,4836.5,4845.89990234375,4799.2001953125,4803.5,0
2011-02-28,4831.7001953125,4840.39990234375,4815.39990234375,4839.7001953125,0
2011-03-01,4826.39990234375,4856.7001953125,4826.39990234375,4839.7001953125,0
2011-03-02,4803.2001953125,4817.7001953125,4779.39990234375,4817.39990234375,0
2011-03-03,4806.39990234375,4814.0,4791.39990234375,4806.39990234375,0
2011-03-04,4864.2998046875,4864.2998046875,4821.2001953125,4821.5,0
2011-03-07,4797.89990234375,4852.39990234375,4792.2998046875,4850.7001953125,0
2011-03-08,4808.2001953125,4814.10009765625,4772.5,4795.39990234375,0
2011-03-09,4767.7998046875,4808.0,4758.60009765625,4806.7001953125,0
2011-03-10,4699.7001953125,4773.2998046875,4697.10009765625,4761.5,0
2011-03-11,4644.7998046875,4686.7001953125,4630.7001953125,4685.89990234375,0
2011-03-15,4528.7001953125,4626.10009765625,4479.7001953125,4624.0,0
2011-03-16,4558.2001953125,4582.2001953125,4528.2998046875,4532.7001953125,0
2011-03-17,4555.2998046875,4560.89990234375,4477.39990234375,4546.60009765625,0
2011-03-18,4626.39990234375,4633.7998046875,4563.39990234375,4571.39990234375,0
2011-03-21,4642.7998046875,4643.10009765625,4606.39990234375,4625.2998046875,0
2011-03-22,4643.39990234375,4677.0,4636.7001953125,4648.89990234375,0
2011-03-23,4652.39990234375,4665.7001953125,4637.5,4640.7998046875,0
2011-03-24,4699.60009765625,4699.60009765625,4660.0,4660.0,0
2011-03-25,4742.60009765625,4763.0,4705.39990234375,4705.39990234375,0
2011-03-28,4733.60009765625,4743.2998046875,4723.7001953125,4733.39990234375,0
2011-03-29,4755.7998046875,4758.2998046875,4721.5,4730.60009765625,0
2011-03-30,4822.2001953125,4839.2001953125,4763.2001953125,4763.2001953125,0
2011-03-31,4837.89990234375,4845.7998046875,4813.0,4828.7001953125,0
2011-04-01,4861.7998046875,4878.7998046875,4836.10009765625,4836.10009765625,0
2011-04-04,4886.7998046875,4902.39990234375,4868.60009765625,4868.60009765625,0
2011-04-05,4900.10009765625,4905.39990234375,4891.5,4892.7001953125,0
2011-04-06,4912.89990234375,4913.2001953125,4890.2001953125,4898.7998046875,0
2011-04-07,4908.10009765625,4924.0,4899.7998046875,4914.39990234375,0
2011-04-08,4940.60009765625,4941.60009765625,4902.10009765625,4904.0,0
2011-04-11,4971.2001953125,4976.39990234375,4940.7001953125,4943.2998046875,0
2011-04-12,4898.7001953125,4966.5,4889.7001953125,4961.10009765625,0
2011-04-13,4911.0,4919.5,4876.2001953125,4886.7001953125,0
2011-04-14,4884.2001953125,4902.39990234375,4860.39990234375,4897.7001953125,0
2011-04-15,4852.10009765625,4890.2001953125,4852.10009765625,4880.7001953125,0
2011-04-18,4861.89990234375,4881.2001953125,4840.2001953125,4852.60009765625,0
2011-04-19,4793.2998046875,4845.60009765625,4788.60009765625,4845.60009765625,0
2011-04-20,4859.0,4859.0,4802.10009765625,4802.10009765625,0
2011-04-21,4913.7998046875,4915.5,4870.2998046875,4871.5,723050600
2011-04-27,4872.89990234375,4930.60009765625,4869.7001953125,4919.2998046875,0
2011-04-28,4873.0,4910.2001953125,4871.7998046875,4877.89990234375,0
2011-04-29,4823.2001953125,4875.2001953125,4794.7998046875,4875.10009765625,0
2011-05-02,4825.2998046875,4835.5,4765.10009765625,4826.2998046875,0
2011-05-03,4784.60009765625,4811.10009765625,4769.7001953125,4811.10009765625,0
2011-05-04,4740.10009765625,4780.10009765625,4730.2001953125,4780.10009765625,0
2011-05-05,4753.7001953125,4756.2998046875,4716.89990234375,4736.10009765625,0
2011-05-06,4743.0,4761.7001953125,4713.39990234375,4734.0,0
2011-05-09,4756.7998046875,4795.89990234375,4752.7001953125,4752.89990234375,0
2011-05-10,4725.7998046875,4782.60009765625,4725.7998046875,4761.2998046875,0
2011-05-11,4780.2001953125,4784.60009765625,4739.60009765625,4739.60009765625,0
2011-05-12,4696.10009765625,4755.39990234375,4696.10009765625,4755.2001953125,0
2011-05-13,4711.39990234375,4714.0,4675.39990234375,4699.2001953125,0
2011-05-16,4650.0,4693.10009765625,4641.39990234375,4692.5,0
2011-05-17,4683.89990234375,4685.39990234375,4650.2001953125,4658.5,0
2011-05-18,4693.7001953125,4706.2998046875,4677.60009765625,4680.7998046875,0
2011-05-19,4756.39990234375,4763.89990234375,4704.7998046875,4705.0,0
2011-05-20,4732.2001953125,4745.2001953125,4726.60009765625,4744.89990234375,0
2011-05-23,4643.0,4720.2998046875,4643.0,4720.2998046875,0
2011-05-24,4628.7998046875,4639.89990234375,4595.7001953125,4638.10009765625,0
2011-05-25,4584.7001953125,4633.5,4582.7001953125,4633.5,0
2011-05-26,4660.2001953125,4660.2001953125,4600.10009765625,4600.89990234375,0
2011-05-27,4684.0,4688.0,4650.10009765625,4659.2001953125,0
2011-05-30,4667.5,4685.10009765625,4660.39990234375,4684.60009765625,0
2011-05-31,4708.2998046875,4717.39990234375,4671.2998046875,4672.2998046875,0
2011-06-01,4707.2998046875,4724.7998046875,4694.39990234375,4711.2998046875,0
2011-06-02,4600.39990234375,4687.7001953125,4591.7998046875,4687.0,0
2011-06-03,4583.10009765625,4612.7998046875,4578.0,4602.2998046875,0
2011-06-06,4569.10009765625,4577.2998046875,4550.39990234375,4577.2998046875,0
2011-06-07,4566.2998046875,4576.0,4531.60009765625,4560.7001953125,0
2011-06-08,4536.7998046875,4575.5,4518.10009765625,4572.2998046875,0
2011-06-09,4549.60009765625,4557.2998046875,4519.10009765625,4534.7001953125,0
2011-06-10,4562.10009765625,4589.2001953125,4552.60009765625,4557.10009765625,0
2011-06-14,4585.0,4593.2998046875,4511.7001953125,4549.7001953125,0
2011-06-15,4566.7998046875,4588.2998046875,4553.39990234375,4584.39990234375,0
2011-06-16,4479.2001953125,4549.0,4479.10009765625,4547.5,0
2011-06-17,4484.89990234375,4524.89990234375,4465.89990234375,4486.39990234375,0
2011-06-20,4451.7001953125,4520.60009765625,4451.7001953125,4487.2001953125,0
2011-06-21,4508.2001953125,4509.7998046875,4464.60009765625,4465.60009765625,0
2011-06-22,4532.60009765625,4565.89990234375,4523.60009765625,4523.7998046875,0
2011-06-23,4500.5,4540.5,4500.2001953125,4526.89990234375,0
2011-06-24,4508.10009765625,4521.5,4490.2001953125,4502.10009765625,0
2011-06-27,4461.7998046875,4502.39990234375,4453.7001953125,4502.10009765625,0
2011-06-28,4474.2998046875,4503.2998046875,4463.39990234375,4476.89990234375,0
2011-06-29,4529.5,4534.0,4490.7998046875,4490.7998046875,0
2011-06-30,4608.0,4609.2001953125,4536.2998046875,4536.39990234375,0
2011-07-01,4591.2001953125,4622.0,4577.7998046875,4612.2001953125,0
2011-07-04,4610.7001953125,4640.10009765625,4602.7001953125,4602.7001953125,0
2011-07-05,4598.10009765625,4626.7998046875,4592.2001953125,4617.89990234375,0
2011-07-06,4605.0,4614.2001953125,4582.5,4601.60009765625,0
2011-07-07,4605.5,4617.2001953125,4584.5,4601.7998046875,0
2011-07-08,4654.7001953125,4657.39990234375,4615.2001953125,4615.2998046875,0
2011-07-11,4582.2998046875,4641.5,4579.7001953125,4641.5,0
2011-07-12,4495.39990234375,4571.0,4491.7001953125,4570.89990234375,0
2011-07-13,4514.7998046875,4528.2998046875,4487.0,4499.39990234375,0
2011-07-14,4490.7001953125,4515.2001953125,4464.89990234375,4515.2001953125,0
2011-07-15,4473.5,4484.10009765625,4454.2998046875,4474.7998046875,0
2011-07-18,4472.0,4477.60009765625,4450.60009765625,4473.10009765625,0
2011-07-19,4468.10009765625,4480.89990234375,4445.0,4461.2001953125,0
2011-07-20,4549.7001953125,4549.7001953125,4485.10009765625,4486.0,0
2011-07-21,4556.0,4576.10009765625,4551.2998046875,4551.2998046875,0
2011-07-22,4602.89990234375,4612.2001953125,4565.2998046875,4565.2998046875,0
2011-07-25,4530.39990234375,4595.39990234375,4529.2001953125,4595.2998046875,0
2011-07-26,4573.2998046875,4582.7001953125,4536.2001953125,4536.2998046875,0
2011-07-27,4537.39990234375,4570.5,4536.60009765625,4564.60009765625,0
2011-07-28,4463.7998046875,4518.10009765625,4463.7998046875,4517.89990234375,0
2011-07-29,4424.60009765625,4468.7998046875,4421.10009765625,4466.5,0
2011-08-02,4433.60009765625,4479.5,4428.7001953125,4479.2998046875,0
2011-08-03,4332.7998046875,4404.10009765625,4326.2998046875,4404.10009765625,0
2011-08-04,4276.5,4359.5,4276.2001953125,4337.5,0
2011-08-05,4105.39990234375,4222.89990234375,4087.699951171875,4222.89990234375,0
2011-08-08,3986.10009765625,4079.89990234375,3982.800048828125,4078.60009765625,0
2011-08-09,4034.800048828125,4044.10009765625,3765.89990234375,3948.800048828125,0
2011-08-10,4141.2998046875,4162.0,4073.10009765625,4073.10009765625,0
2011-08-11,4140.7998046875,4167.39990234375,4058.39990234375,4107.5,0
2011-08-12,4172.60009765625,4216.10009765625,4151.60009765625,4155.89990234375,0
2011-08-15,4282.89990234375,4282.89990234375,4189.39990234375,4193.5,0
2011-08-16,4247.2998046875,4298.89990234375,4238.5,4285.0,0
2011-08-17,4303.89990234375,4324.7001953125,4246.7998046875,4250.2001953125,0
2011-08-18,4251.2001953125,4305.60009765625,4243.0,4301.60009765625,0
2011-08-19,4101.89990234375,4211.39990234375,4099.39990234375,4209.7001953125,0
2011-08-22,4082.300048828125,4160.89990234375,4075.10009765625,4099.0,0
2011-08-23,4173.39990234375,4173.39990234375,4085.5,4085.5,0
2011-08-24,4167.60009765625,4238.60009765625,4160.39990234375,4186.5,0
2011-08-25,4212.7998046875,4233.39990234375,4182.60009765625,4182.7001953125,0
2011-08-26,4200.0,4229.0,4197.7998046875,4206.7001953125,0
2011-08-29,4263.2998046875,4284.60009765625,4209.5,4209.5,0
2011-08-30,4269.2001953125,4308.0,4262.7998046875,4275.0,0
2011-08-31,4296.5,4296.5,4254.10009765625,4269.2001953125,0
2011-09-01,4307.5,4354.60009765625,4297.89990234375,4297.89990234375,0
2011-09-02,4242.89990234375,4295.2001953125,4225.89990234375,4295.2001953125,0
2011-09-05,4141.89990234375,4222.10009765625,4135.89990234375,4221.2001953125,0
2011-09-06,4075.5,4122.7001953125,4072.699951171875,4122.7001953125,0
2011-09-07,4183.39990234375,4183.39990234375,4097.5,4097.5,0
2011-09-08,4188.0,4218.89990234375,4161.2001953125,4196.2001953125,0
2011-09-09,4194.7001953125,4232.0,4182.39990234375,4186.10009765625,0
2011-09-12,4038.5,4170.0,4038.5,4169.2998046875,0
2011-09-13,4072.699951171875,4094.199951171875,4050.800048828125,4052.300048828125,0
2011-09-14,4005.800048828125,4110.0,3997.60009765625,4076.699951171875,0
2011-09-15,4071.699951171875,4101.2998046875,4026.300048828125,4030.800048828125,0
2011-09-16,4149.39990234375,4160.0,4085.300048828125,4085.300048828125,0
2011-09-19,4081.5,4141.39990234375,4070.5,4140.10009765625,0
2011-09-20,4040.199951171875,4083.800048828125,4029.199951171875,4077.199951171875,0
2011-09-21,4071.800048828125,4073.5,4026.10009765625,4049.89990234375,0
2011-09-22,3964.89990234375,4044.60009765625,3953.60009765625,4044.60009765625,0
2011-09-23,3903.199951171875,3968.300048828125,3882.199951171875,3944.89990234375,0
2011-09-26,3863.89990234375,3956.39990234375,3862.39990234375,3917.800048828125,0
2011-09-27,4004.60009765625,4004.60009765625,3888.10009765625,3890.199951171875,0
2011-09-28,4039.5,4053.800048828125,4009.39990234375,4012.10009765625,0
2011-09-29,4008.300048828125,4024.0,3965.199951171875,4021.800048828125,0
2011-09-30,4008.60009765625,4035.300048828125,3980.5,4014.800048828125,0
2011-10-04,3872.10009765625,3904.10009765625,3840.199951171875,3891.60009765625,0
2011-10-05,3926.5,3951.800048828125,3888.699951171875,3897.0,0
2011-10-06,4069.89990234375,4069.89990234375,3942.89990234375,3942.89990234375,0
2011-10-07,4162.89990234375,4182.0,4083.199951171875,4083.300048828125,0
2011-10-11,4227.60009765625,4245.39990234375,4204.39990234375,4215.10009765625,0
2011-10-12,4204.2998046875,4214.7998046875,4167.7998046875,4214.5,0
2011-10-13,4244.5,4256.10009765625,4206.39990234375,4216.60009765625,0
2011-10-14,4205.60009765625,4232.7998046875,4196.2001953125,4232.7998046875,0
2011-10-17,4275.39990234375,4287.7001953125,4220.89990234375,4221.7001953125,0
2011-10-18,4186.89990234375,4254.89990234375,4186.5,4254.89990234375,0
2011-10-19,4213.7001953125,4232.60009765625,4194.0,4196.0,0
2011-10-20,4144.89990234375,4201.39990234375,4135.39990234375,4201.10009765625,0
2011-10-21,4141.89990234375,4168.60009765625,4131.89990234375,4145.7001953125,0
2011-10-24,4255.0,4265.39990234375,4155.0,4155.2001953125,0
2011-10-25,4227.89990234375,4268.39990234375,4212.2998046875,4268.39990234375,0
2011-10-26,4242.5,4257.89990234375,4173.5,4213.10009765625,0
2011-10-27,4348.2001953125,4353.0,4242.2001953125,4247.39990234375,0
2011-10-28,4353.2998046875,4417.60009765625,4339.60009765625,4366.39990234375,0
2011-10-31,4298.10009765625,4358.2001953125,4298.10009765625,4348.89990234375,0
2011-11-02,4184.60009765625,4217.0,4141.2998046875,4216.10009765625,0
2011-11-03,4171.7998046875,4212.10009765625,4145.2001953125,4192.2998046875,0
2011-11-04,4281.10009765625,4282.5,4200.60009765625,4200.60009765625,0
2011-11-07,4273.39990234375,4288.0,4252.2998046875,4281.89990234375,0
2011-11-08,4293.7998046875,4301.5,4274.10009765625,4282.5,0
2011-11-09,4346.10009765625,4365.0,4311.10009765625,4311.10009765625,0
2011-11-10,4244.10009765625,4306.10009765625,4205.0,4306.10009765625,0
2011-11-11,4296.5,4296.5,4244.2998046875,4245.2998046875,0
2011-11-14,4304.60009765625,4363.10009765625,4304.60009765625,4310.5,0
2011-11-15,4285.60009765625,4303.0,4276.5,4299.7001953125,0
2011-11-16,4247.39990234375,4307.5,4247.39990234375,4291.2998046875,0
2011-11-17,4258.2001953125,4277.7001953125,4227.0,4246.2998046875,0
2011-11-18,4177.0,4239.10009765625,4172.60009765625,4238.2001953125,0
2011-11-21,4163.0,4181.39990234375,4140.39990234375,4172.10009765625,0
2011-11-22,4133.0,4152.60009765625,4093.89990234375,4147.10009765625,0
2011-11-23,4051.0,4126.0,4051.0,4125.10009765625,0
2011-11-24,4044.199951171875,4072.60009765625,4029.5,4049.39990234375,0
2011-11-25,3984.300048828125,4042.89990234375,3973.800048828125,4042.89990234375,0
2011-11-28,4058.199951171875,4072.199951171875,3996.800048828125,3997.10009765625,0
2011-11-29,4102.10009765625,4102.10009765625,4040.39990234375,4065.199951171875,0
2011-11-30,4119.7998046875,4119.7998046875,4078.89990234375,4098.10009765625,0
2011-12-01,4228.60009765625,4240.39990234375,4157.5,4157.5,0
2011-12-02,4288.0,4288.0,4225.2998046875,4225.2998046875,0
2011-12-05,4321.2998046875,4335.2001953125,4292.7998046875,4292.7998046875,0
2011-12-06,4262.0,4317.89990234375,4257.2001953125,4317.0,0
2011-12-07,4292.5,4316.2998046875,4272.5,4272.60009765625,0
2011-12-08,4280.7001953125,4290.89990234375,4271.2998046875,4288.7998046875,0
2011-12-09,4203.0,4260.2001953125,4186.10009765625,4259.60009765625,0
2011-12-12,4252.7998046875,4271.89990234375,4221.89990234375,4222.2998046875,0
2011-12-13,4193.39990234375,4235.60009765625,4181.2001953125,4235.60009765625,0
2011-12-14,4190.5,4202.10009765625,4168.10009765625,4184.5,0
2011-12-15,4139.7998046875,4179.39990234375,4115.2001953125,4179.39990234375,0
2011-12-16,4159.2001953125,4166.10009765625,4140.0,4141.7998046875,0
2011-12-19,4060.39990234375,4148.2001953125,4058.800048828125,4148.0,0
2011-12-20,4053.10009765625,4076.300048828125,4050.300048828125,4060.60009765625,0
2011-12-21,4139.5,4147.39990234375,4073.89990234375,4074.0,0
2011-12-22,4090.800048828125,4134.2001953125,4084.800048828125,4133.5,0
2011-12-23,4140.39990234375,4140.39990234375,4103.0,4103.0,0
2011-12-28,4088.800048828125,4142.60009765625,4086.199951171875,4139.39990234375,0
2011-12-29,4071.10009765625,4081.800048828125,4038.10009765625,4081.800048828125,0
2011-12-30,4056.60009765625,4088.699951171875,4054.800048828125,4076.89990234375,0
2012-01-03,4101.2001953125,4108.10009765625,4069.10009765625,4069.89990234375,0
2012-01-04,4187.7998046875,4202.39990234375,4123.89990234375,4124.10009765625,0
2012-01-05,4142.7001953125,4179.39990234375,4131.7001953125,4179.39990234375,0
2012-01-06,4108.5,4144.10009765625,4107.7998046875,4140.2998046875,0
2012-01-09,4105.39990234375,4129.0,4088.699951171875,4115.39990234375,0
2012-01-10,4152.2001953125,4154.2998046875,4114.2001953125,4114.2001953125,0
2012-01-11,4187.5,4202.2998046875,4160.89990234375,4160.89990234375,0
2012-01-12,4181.0,4196.5,4167.10009765625,4190.5,0
2012-01-13,4195.89990234375,4203.60009765625,4185.2998046875,4190.39990234375,0
2012-01-17,4215.60009765625,4215.60009765625,4158.7998046875,4159.60009765625,0
2012-01-18,4217.89990234375,4228.7001953125,4200.60009765625,4216.7998046875,0
2012-01-19,4214.7998046875,4258.39990234375,4214.7998046875,4228.2001953125,0
2012-01-20,4239.60009765625,4250.60009765625,4220.10009765625,4222.2001953125,0
2012-01-23,4225.10009765625,4238.60009765625,4223.89990234375,4236.2998046875,0
2012-01-24,4224.2001953125,4249.39990234375,4218.39990234375,4228.39990234375,0
2012-01-25,4271.2998046875,4271.5,4227.2998046875,4227.7001953125,0
2012-01-27,4288.39990234375,4315.60009765625,4276.7001953125,4276.7001953125,0
2012-01-30,4272.7001953125,4294.7001953125,4264.5,4286.7001953125,0
2012-01-31,4262.7001953125,4287.39990234375,4261.10009765625,4270.7001953125,0
2012-02-01,4225.7001953125,4264.39990234375,4225.7001953125,4258.89990234375,0
2012-02-02,4267.7998046875,4284.7998046875,4241.10009765625,4242.5,0
2012-02-03,4251.2001953125,4275.5,4248.89990234375,4271.60009765625,0
2012-02-06,4296.0,4310.5,4265.7998046875,4267.0,0
2012-02-07,4274.2001953125,4312.0,4269.2998046875,4290.5,0
2012-02-08,4290.7001953125,4294.2998046875,4268.7998046875,4268.7998046875,0
2012-02-09,4282.89990234375,4283.7001953125,4244.89990234375,4283.39990234375,0
2012-02-10,4245.2998046875,4288.60009765625,4245.2998046875,4280.2998046875,0
2012-02-13,4285.10009765625,4289.7001953125,4244.89990234375,4244.89990234375,0
2012-02-14,4242.7998046875,4280.60009765625,4234.0,4279.2998046875,0
2012-02-15,4253.39990234375,4258.89990234375,4225.10009765625,4242.0,0
2012-02-16,4181.89990234375,4243.2001953125,4170.2001953125,4243.2001953125,0
2012-02-17,4195.89990234375,4214.5,4187.7998046875,4192.7001953125,0
2012-02-20,4256.10009765625,4256.10009765625,4209.60009765625,4213.7001953125,0
2012-02-21,4291.2001953125,4298.5,4245.39990234375,4258.60009765625,0
2012-02-22,4293.10009765625,4305.5,4274.7998046875,4288.39990234375,0
2012-02-23,4286.2001953125,4293.2001953125,4265.89990234375,4291.89990234375,0
2012-02-24,4306.7998046875,4307.5,4283.7998046875,4288.0,0
2012-02-27,4267.39990234375,4300.10009765625,4257.7998046875,4296.2998046875,0
2012-02-28,4262.7001953125,4285.2001953125,4257.2998046875,4268.0,0
2012-02-29,4298.5,4318.7998046875,4269.2001953125,4269.2001953125,0
2012-03-01,4255.5,4291.0,4248.0,4291.0,0
2012-03-02,4273.10009765625,4290.0,4263.7001953125,4264.2001953125,0
2012-03-05,4263.0,4273.60009765625,4250.7001953125,4268.39990234375,0
2012-03-06,4204.7001953125,4253.7998046875,4201.89990234375,4253.39990234375,0
2012-03-07,4143.7001953125,4193.2001953125,4143.7001953125,4193.2001953125,0
2012-03-08,4171.0,4177.10009765625,4146.39990234375,4152.10009765625,0
2012-03-09,4212.0,4215.89990234375,4180.0,4180.2001953125,0
2012-03-12,4196.7001953125,4215.2998046875,4193.89990234375,4214.7998046875,0
2012-03-13,4247.60009765625,4253.39990234375,4202.89990234375,4203.39990234375,0
2012-03-14,4287.2001953125,4294.89990234375,4260.39990234375,4260.7998046875,0
2012-03-15,4277.7998046875,4282.39990234375,4264.7998046875,4282.10009765625,0
2012-03-16,4276.2001953125,4283.60009765625,4263.7998046875,4278.2998046875,0
2012-03-19,4290.7998046875,4309.0,4281.39990234375,4282.39990234375,0
2012-03-20,4275.0,4292.7001953125,4263.10009765625,4292.39990234375,0
2012-03-21,4254.2998046875,4275.2001953125,4242.7998046875,4265.5,0
2012-03-22,4273.7001953125,4282.7001953125,4250.7998046875,4251.60009765625,0
2012-03-23,4270.39990234375,4277.7998046875,4238.39990234375,4262.2998046875,0
2012-03-26,4262.7998046875,4289.7998046875,4262.7998046875,4269.7001953125,0
2012-03-27,4301.2998046875,4308.39990234375,4273.39990234375,4273.5,0
2012-03-28,4343.5,4346.89990234375,4294.7998046875,4297.7998046875,0
2012-03-29,4337.89990234375,4351.10009765625,4328.7001953125,4339.39990234375,0
2012-03-30,4335.2001953125,4361.10009765625,4335.2001953125,4340.2998046875,0
2012-04-02,4329.2998046875,4377.5,4327.7998046875,4349.39990234375,0
2012-04-03,4337.0,4351.7998046875,4327.7001953125,4336.2998046875,0
2012-04-04,4333.89990234375,4341.5,4316.39990234375,4328.10009765625,0
2012-04-05,4319.7998046875,4323.10009765625,4286.2998046875,4322.5,0
2012-04-10,4292.2998046875,4310.0,4274.5,4309.7998046875,0
2012-04-12,4280.60009765625,4280.60009765625,4248.89990234375,4248.89990234375,0
2012-04-13,4323.2998046875,4330.5,4294.39990234375,4294.39990234375,0
2012-04-16,4302.2998046875,4312.7001953125,4288.0,4312.5,0
2012-04-17,4288.7998046875,4321.39990234375,4286.39990234375,4302.0,0
2012-04-18,4348.7001953125,4349.39990234375,4301.39990234375,4301.60009765625,0
2012-04-19,4362.7001953125,4377.10009765625,4347.39990234375,4349.89990234375,0
2012-04-20,4366.5,4368.10009765625,4353.5,4359.2998046875,0
2012-04-23,4352.39990234375,4364.60009765625,4351.0,4364.2998046875,0
2012-04-24,4360.39990234375,4373.39990234375,4337.7001953125,4344.7998046875,0
2012-04-26,4375.2001953125,4393.7998046875,4367.0,4369.10009765625,0
2012-04-27,4362.10009765625,4386.10009765625,4362.10009765625,4376.7001953125,0
2012-04-30,4396.60009765625,4397.89990234375,4373.0,4373.39990234375,0
2012-05-01,4429.5,4448.5,4398.60009765625,4398.60009765625,0
2012-05-02,4435.89990234375,4445.89990234375,4428.5,4435.89990234375,0
2012-05-03,4429.0,4443.5,4429.0,4434.89990234375,0
2012-05-04,4396.0,4421.7998046875,4389.2001953125,4421.7998046875,0
2012-05-07,4301.2998046875,4375.39990234375,4299.0,4375.39990234375,0
2012-05-08,4314.39990234375,4327.2001953125,4297.39990234375,4310.2998046875,0
2012-05-09,4275.10009765625,4312.2001953125,4257.89990234375,4310.7998046875,0
2012-05-10,4295.60009765625,4296.10009765625,4269.89990234375,4269.89990234375,0
2012-05-11,4285.10009765625,4302.2001953125,4274.39990234375,4296.0,0
2012-05-14,4297.0,4304.39990234375,4284.2001953125,4287.5,0
2012-05-15,4266.2998046875,4285.7998046875,4251.7998046875,4285.7998046875,0
2012-05-16,4165.5,4252.7998046875,4165.5,4252.7998046875,0
2012-05-17,4157.39990234375,4183.89990234375,4136.89990234375,4169.2001953125,0
2012-05-18,4046.5,4141.7998046875,4026.5,4141.7998046875,0
2012-05-21,4073.60009765625,4088.699951171875,4043.699951171875,4053.199951171875,0
2012-05-22,4121.0,4122.60009765625,4083.5,4083.5,0
2012-05-23,4067.0,4117.5,4065.800048828125,4117.5,0
2012-05-24,4055.800048828125,4089.699951171875,4050.60009765625,4068.199951171875,0
2012-05-25,4029.199951171875,4071.300048828125,4024.800048828125,4057.300048828125,0
2012-05-28,4068.0,4070.800048828125,4029.199951171875,4029.199951171875,0
2012-05-29,4114.39990234375,4118.0,4037.89990234375,4068.0,0
2012-05-30,4094.199951171875,4114.39990234375,4070.5,4114.39990234375,0
2012-05-31,4076.300048828125,4094.199951171875,4035.89990234375,4094.199951171875,0
2012-06-01,4063.89990234375,4076.300048828125,4030.39990234375,4076.300048828125,0
2012-06-04,3985.0,4063.89990234375,3985.0,4063.89990234375,0
2012-06-05,4043.699951171875,4047.199951171875,3985.0,3985.0,0
2012-06-06,4055.300048828125,4063.699951171875,4035.0,4043.699951171875,0
2012-06-07,4108.60009765625,4118.2001953125,4055.300048828125,4055.300048828125,0
2012-06-08,4063.699951171875,4121.39990234375,4054.800048828125,4108.60009765625,0
2012-06-12,4072.89990234375,4085.60009765625,4060.800048828125,4063.699951171875,0
2012-06-13,4063.800048828125,4087.800048828125,4048.5,4072.89990234375,0
2012-06-14,4042.199951171875,4063.800048828125,4026.5,4063.800048828125,0
2012-06-15,4057.300048828125,4064.199951171875,4035.0,4042.199951171875,0
2012-06-18,4136.89990234375,4138.7998046875,4057.300048828125,4057.300048828125,0
2012-06-19,4123.2998046875,4136.89990234375,4103.5,4136.89990234375,0
2012-06-20,4132.39990234375,4159.2998046875,4123.2998046875,4123.2998046875,0
2012-06-21,4087.60009765625,4136.39990234375,4084.800048828125,4132.39990234375,0
2012-06-22,4048.199951171875,4087.60009765625,4038.60009765625,4087.60009765625,0
2012-06-25,4027.800048828125,4048.199951171875,3993.800048828125,4048.199951171875,0
2012-06-26,4013.300048828125,4027.800048828125,4002.300048828125,4027.800048828125,0
2012-06-27,4043.199951171875,4044.699951171875,4013.10009765625,4013.300048828125,0
2012-06-28,4044.800048828125,4074.10009765625,4041.300048828125,4043.199951171875,0
2012-06-29,4094.60009765625,4117.0,4032.39990234375,4044.800048828125,0
2012-07-02,4133.0,4151.5,4094.60009765625,4094.60009765625,0
2012-07-03,4127.2001953125,4141.7998046875,4119.89990234375,4133.0,0
2012-07-04,4172.2001953125,4172.5,4127.2001953125,4127.2001953125,0
2012-07-05,4169.2001953125,4175.7998046875,4157.0,4172.2001953125,0
2012-07-06,4157.7998046875,4169.39990234375,4145.0,4169.2001953125,0
2012-07-09,4118.2998046875,4157.7998046875,4111.0,4157.7998046875,0
2012-07-10,4098.0,4135.89990234375,4088.699951171875,4118.2998046875,0
2012-07-11,4096.5,4102.39990234375,4076.39990234375,4098.0,0
2012-07-12,4068.0,4108.7001953125,4062.5,4096.5,0
2012-07-13,4082.199951171875,4103.0,4062.300048828125,4068.0,0
2012-07-16,4105.10009765625,4126.89990234375,4082.199951171875,4082.199951171875,0
2012-07-17,4140.7998046875,4153.60009765625,4102.7001953125,4105.10009765625,0
2012-07-18,4123.60009765625,4144.2001953125,4120.7001953125,4140.7998046875,0
2012-07-19,4206.7001953125,4206.7001953125,4123.60009765625,4123.60009765625,0
2012-07-20,4199.10009765625,4215.60009765625,4186.10009765625,4206.7001953125,0
2012-07-23,4128.89990234375,4199.10009765625,4127.2998046875,4199.10009765625,0
2012-07-24,4133.2001953125,4140.7998046875,4113.7998046875,4128.89990234375,0
2012-07-25,4123.89990234375,4133.2001953125,4084.39990234375,4133.2001953125,0
2012-07-26,4147.7001953125,4150.89990234375,4122.39990234375,4123.89990234375,0
2012-07-27,4209.7998046875,4209.7998046875,4147.7001953125,4147.7001953125,0
2012-07-30,4245.7001953125,4256.2001953125,4209.7998046875,4209.7998046875,0
2012-07-31,4269.2001953125,4288.10009765625,4245.7001953125,4245.7001953125,0
2012-08-01,4262.7998046875,4269.2001953125,4253.7001953125,4269.2001953125,0
2012-08-02,4269.5,4281.2001953125,4256.2998046875,4262.7998046875,0
2012-08-03,4221.5,4269.5,4212.7001953125,4269.5,0
2012-08-06,4272.60009765625,4288.2001953125,4221.5,4221.5,0
2012-08-07,4291.60009765625,4294.39990234375,4272.60009765625,4272.60009765625,0
2012-08-08,4312.60009765625,4323.7998046875,4291.60009765625,4291.60009765625,0
2012-08-09,4308.2998046875,4330.39990234375,4308.2998046875,4312.60009765625,0
2012-08-10,4277.2998046875,4313.2001953125,4277.10009765625,4308.2998046875,0
2012-08-13,4283.2998046875,4314.7001953125,4277.2998046875,4277.2998046875,0
2012-08-14,4292.2001953125,4300.7998046875,4271.7998046875,4283.2998046875,0
2012-08-15,4281.2001953125,4312.39990234375,4267.10009765625,4292.2001953125,0
2012-08-16,4330.2001953125,4330.2001953125,4281.2001953125,4281.2001953125,0
2012-08-17,4370.10009765625,4370.10009765625,4329.2998046875,4330.2001953125,0
2012-08-20,4364.2998046875,4374.7001953125,4344.2001953125,4370.10009765625,0
2012-08-21,4383.39990234375,4402.7001953125,4359.5,4364.2998046875,0
2012-08-22,4376.0,4384.2001953125,4367.2001953125,4383.39990234375,0
2012-08-23,4383.7001953125,4403.89990234375,4372.0,4376.0,0
2012-08-24,4349.0,4383.7001953125,4339.10009765625,4383.7001953125,0
2012-08-27,4343.7001953125,4375.7998046875,4341.0,4351.39990234375,0
2012-08-28,4359.39990234375,4365.10009765625,4339.89990234375,4344.2001953125,0
2012-08-29,4356.39990234375,4360.10009765625,4346.39990234375,4359.39990234375,0
2012-08-30,4315.7001953125,4356.39990234375,4302.5,4356.39990234375,0
2012-08-31,4316.10009765625,4328.7998046875,4305.89990234375,4315.7001953125,0
2012-09-03,4329.7001953125,4337.60009765625,4287.39990234375,4310.0,0
2012-09-04,4303.5,4334.5,4293.89990234375,4329.7001953125,0
2012-09-05,4278.7998046875,4303.5,4261.2001953125,4303.5,0
2012-09-06,4312.89990234375,4327.10009765625,4278.7998046875,4278.7998046875,0
2012-09-07,4325.7998046875,4358.2998046875,4312.89990234375,4312.89990234375,0
2012-09-10,4333.7998046875,4342.2998046875,4317.2998046875,4325.7998046875,0
2012-09-11,4325.7998046875,4333.7001953125,4316.7001953125,4333.7001953125,0
2012-09-12,4361.2998046875,4364.7998046875,4325.7998046875,4325.7998046875,0
2012-09-13,4339.39990234375,4361.2998046875,4337.2001953125,4361.2998046875,0
2012-09-14,4390.0,4398.2998046875,4353.7001953125,4353.7001953125,0
2012-09-17,4402.5,4412.2001953125,4392.10009765625,4404.2001953125,0
2012-09-18,4394.7001953125,4404.39990234375,4383.2998046875,4402.5,0
2012-09-19,4418.39990234375,4421.0,4386.2001953125,4394.7001953125,0
2012-09-20,4397.2001953125,4414.2998046875,4394.39990234375,4413.2998046875,0
2012-09-21,4408.2998046875,4418.39990234375,4396.7998046875,4397.7998046875,0
2012-09-24,4385.5,4408.2998046875,4375.0,4408.2998046875,0
2012-09-25,4372.89990234375,4385.5,4367.2998046875,4385.5,0
2012-09-26,4361.60009765625,4365.89990234375,4348.7998046875,4363.7001953125,0
2012-09-27,4384.2001953125,4384.7001953125,4336.89990234375,4357.5,0
2012-09-28,4387.0,4394.60009765625,4368.5,4383.39990234375,0
2012-10-01,4388.60009765625,4411.39990234375,4375.0,4387.0,0
2012-10-02,4433.0,4438.2998046875,4393.60009765625,4393.60009765625,0
2012-10-03,4438.60009765625,4454.60009765625,4432.5,4433.0,0
2012-10-04,4452.39990234375,4457.39990234375,4436.7001953125,4438.60009765625,0
2012-10-05,4494.39990234375,4495.7998046875,4452.39990234375,4452.39990234375,0
2012-10-08,4481.89990234375,4495.7998046875,4476.7001953125,4494.39990234375,0
2012-10-09,4505.2998046875,4512.7998046875,4482.7998046875,4483.89990234375,0
2012-10-10,4490.7001953125,4499.0,4476.0,4498.2998046875,0
2012-10-11,4483.5,4492.7998046875,4460.39990234375,4490.7001953125,0
2012-10-12,4486.60009765625,4496.10009765625,4482.7001953125,4483.5,0
2012-10-15,4483.39990234375,4492.7001953125,4479.2001953125,4486.60009765625,0
2012-10-16,4491.5,4516.89990234375,4483.39990234375,4483.39990234375,0
2012-10-17,4528.2001953125,4536.7998046875,4491.5,4491.5,0
2012-10-18,4559.39990234375,4581.7998046875,4547.10009765625,4567.7001953125,0
2012-10-19,4571.10009765625,4571.7998046875,4538.0,4559.39990234375,0
2012-10-22,4541.0,4559.2001953125,4522.7001953125,4558.5,0
2012-10-23,4543.10009765625,4565.0,4537.2001953125,4539.0,0
2012-10-24,4505.7998046875,4543.10009765625,4501.7001953125,4543.10009765625,0
2012-10-25,4510.5,4518.7998046875,4502.7001953125,4504.7998046875,0
2012-10-26,4472.39990234375,4526.0,4472.10009765625,4513.2998046875,0
2012-10-29,4476.89990234375,4501.89990234375,4475.2001953125,4475.39990234375,0
2012-10-30,4485.7001953125,4498.89990234375,4472.7998046875,4477.39990234375,0
2012-10-31,4517.0,4524.7998046875,4492.10009765625,4492.39990234375,0
2012-11-01,4457.60009765625,4517.0,4457.60009765625,4517.0,0
2012-11-02,4460.10009765625,4486.39990234375,4457.2998046875,4470.10009765625,0
2012-11-05,4474.10009765625,4478.0,4436.2001953125,4457.39990234375,0
2012-11-06,4484.7998046875,4490.0,4470.39990234375,4473.0,0
2012-11-07,4516.5,4519.2998046875,4482.7998046875,4484.7998046875,0
2012-11-08,4483.7998046875,4516.5,4459.89990234375,4516.5,0
2012-11-09,4462.0,4483.7998046875,4436.60009765625,4483.7998046875,0
2012-11-12,4448.0,4465.2001953125,4442.89990234375,4458.5,0
2012-11-13,4379.7998046875,4447.10009765625,4379.7998046875,4446.10009765625,0
2012-11-14,4388.39990234375,4395.60009765625,4372.0,4379.7998046875,0
2012-11-15,4349.2998046875,4388.39990234375,4339.0,4388.39990234375,0
2012-11-16,4336.7998046875,4351.7998046875,4334.2998046875,4350.5,0
2012-11-19,4361.39990234375,4364.39990234375,4340.0,4345.10009765625,0
2012-11-20,4385.7001953125,4391.0,4361.39990234375,4361.39990234375,0
2012-11-21,4369.5,4389.0,4366.7998046875,4387.5,0
2012-11-22,4413.10009765625,4428.60009765625,4374.0,4376.2001953125,0
2012-11-23,4413.0,4413.2001953125,4397.89990234375,4413.10009765625,0
2012-11-26,4424.2001953125,4426.0,4413.0,4413.0,0
2012-11-27,4456.7998046875,4461.7001953125,4424.0,4424.2001953125,0
2012-11-28,4447.2998046875,4453.2001953125,4433.0,4453.2001953125,0
2012-11-29,4477.7001953125,4477.7001953125,4445.5,4447.10009765625,0
2012-11-30,4506.0,4514.2001953125,4477.7001953125,4477.7001953125,0
2012-12-03,4531.5,4538.60009765625,4506.0,4506.0,0
2012-12-04,4503.60009765625,4537.0,4502.10009765625,4531.5,0
2012-12-05,4520.39990234375,4525.10009765625,4500.2001953125,4503.60009765625,0
2012-12-06,4509.2998046875,4528.7998046875,4504.89990234375,4520.39990234375,0
2012-12-07,4551.7998046875,4554.10009765625,4515.60009765625,4516.10009765625,0
2012-12-10,4557.89990234375,4571.7001953125,4552.2001953125,4552.2001953125,0
2012-12-11,4576.0,4581.0,4557.89990234375,4557.89990234375,0
2012-12-12,4583.7998046875,4603.5,4576.0,4576.0,0
2012-12-13,4582.7998046875,4592.2001953125,4577.7001953125,4583.7998046875,0
2012-12-14,4583.10009765625,4598.2998046875,4579.7998046875,4582.7998046875,0
2012-12-17,4573.39990234375,4586.2001953125,4569.39990234375,4583.10009765625,0
2012-12-18,4595.2001953125,4610.2998046875,4579.10009765625,4579.10009765625,0
2012-12-19,4617.7998046875,4627.10009765625,4603.2998046875,4604.2998046875,0
2012-12-20,4634.10009765625,4643.5,4610.2998046875,4619.7001953125,0
2012-12-21,4623.60009765625,4658.7001953125,4611.2001953125,4634.10009765625,0
2012-12-24,4635.2001953125,4645.5,4625.7001953125,4625.7001953125,0
2012-12-27,4648.0,4653.0,4629.7001953125,4635.2001953125,0
2012-12-28,4671.2998046875,4688.60009765625,4651.7001953125,4651.7998046875,0
2012-12-31,4649.0,4666.0,4644.7998046875,4666.0,0
2013-01-02,4705.89990234375,4710.2998046875,4648.89990234375,4648.89990234375,0
2013-01-03,4740.7001953125,4743.39990234375,4705.89990234375,4705.89990234375,0
2013-01-04,4723.7998046875,4740.7001953125,4716.7998046875,4740.7001953125,0
2013-01-07,4717.2998046875,4750.7001953125,4714.7001953125,4726.7998046875,0
2013-01-08,4690.2998046875,4736.5,4689.7998046875,4721.39990234375,0
2013-01-09,4708.10009765625,4711.2998046875,4690.7998046875,4690.7998046875,0
2013-01-10,4723.0,4728.7001953125,4700.7001953125,4708.10009765625,0
2013-01-11,4709.5,4734.60009765625,4704.2001953125,4723.5,0
2013-01-14,4719.7001953125,4731.0,4708.7998046875,4709.5,0
2013-01-15,4716.60009765625,4731.5,4706.39990234375,4720.89990234375,0
2013-01-16,4738.39990234375,4739.7998046875,4714.5,4715.2998046875,0
2013-01-17,4756.60009765625,4787.2001953125,4738.39990234375,4738.39990234375,0
2013-01-18,4771.2001953125,4782.60009765625,4756.60009765625,4756.60009765625,0
2013-01-21,4777.5,4779.7001953125,4762.60009765625,4773.2998046875,0
2013-01-22,4779.10009765625,4801.7001953125,4767.2998046875,4777.5,0
2013-01-23,4787.7998046875,4802.2001953125,4787.7998046875,4788.60009765625,0
2013-01-24,4810.2001953125,4814.2001953125,4779.2001953125,4783.7001953125,0
2013-01-25,4835.2001953125,4835.2001953125,4810.2001953125,4810.2001953125,0
2013-01-29,4889.0,4896.60009765625,4841.60009765625,4842.39990234375,0
2013-01-30,4896.7001953125,4906.2001953125,4886.2998046875,4889.10009765625,0
2013-01-31,4878.7998046875,4906.2001953125,4866.5,4896.7001953125,0
2013-02-01,4921.10009765625,4922.60009765625,4878.7998046875,4878.7998046875,0
2013-02-04,4907.5,4951.2998046875,4907.5,4921.10009765625,0
2013-02-05,4882.7001953125,4897.39990234375,4869.5,4896.0,0
2013-02-06,4921.0,4931.2001953125,4882.7001953125,4882.7001953125,0
2013-02-07,4935.7001953125,4938.2001953125,4907.89990234375,4914.89990234375,0
2013-02-08,4971.2998046875,4971.2998046875,4928.5,4932.89990234375,0
2013-02-11,4959.5,4977.7998046875,4959.5,4971.2998046875,0
2013-02-12,4959.0,4981.5,4959.0,4959.5,0
2013-02-13,5003.7001953125,5013.60009765625,4959.0,4959.0,0
2013-02-14,5036.89990234375,5045.39990234375,4998.2998046875,5003.7001953125,0
2013-02-15,5033.89990234375,5044.39990234375,5021.0,5031.89990234375,0
2013-02-18,5063.39990234375,5070.5,5030.89990234375,5041.2001953125,0
2013-02-19,5081.89990234375,5081.89990234375,5045.7998046875,5063.39990234375,0
2013-02-20,5098.7001953125,5106.60009765625,5081.89990234375,5081.89990234375,0
2013-02-21,4980.10009765625,5076.0,4980.10009765625,5069.2001953125,0
2013-02-22,5018.10009765625,5055.2998046875,4975.89990234375,4980.10009765625,0
2013-02-25,5055.7998046875,5064.2998046875,5016.7998046875,5016.7998046875,0
2013-02-26,5003.60009765625,5038.60009765625,4978.39990234375,5036.7998046875,0
2013-02-27,5036.60009765625,5043.2001953125,5011.60009765625,5011.60009765625,0
2013-02-28,5104.10009765625,5112.5,5036.60009765625,5036.60009765625,0
2013-03-01,5086.10009765625,5104.10009765625,5062.10009765625,5104.10009765625,0
2013-03-04,5010.5,5086.10009765625,5009.60009765625,5086.10009765625,0
2013-03-05,5075.39990234375,5095.0,5010.5,5010.5,0
2013-03-06,5116.7998046875,5131.60009765625,5075.39990234375,5075.39990234375,0
2013-03-07,5109.2001953125,5135.7001953125,5086.5,5120.0,0
2013-03-08,5123.39990234375,5131.2001953125,5102.0,5109.2001953125,0
2013-03-11,5146.89990234375,5148.39990234375,5115.0,5120.7998046875,0
2013-03-12,5117.89990234375,5163.5,5117.89990234375,5150.5,0
2013-03-13,5092.39990234375,5121.7998046875,5079.89990234375,5120.7998046875,0
2013-03-14,5032.2001953125,5103.39990234375,5032.2001953125,5089.7001953125,0
2013-03-15,5120.2001953125,5120.2001953125,5032.2001953125,5032.2001953125,0
2013-03-18,5015.39990234375,5101.7001953125,5014.7001953125,5101.7001953125,0
2013-03-19,4987.39990234375,5057.39990234375,4987.39990234375,5023.10009765625,0
2013-03-20,4967.39990234375,4988.10009765625,4937.5,4987.39990234375,0
2013-03-21,4959.39990234375,4998.89990234375,4947.7998046875,4967.2998046875,0
2013-03-22,4967.2998046875,4983.60009765625,4927.89990234375,4956.2998046875,0
2013-03-25,4990.2001953125,5023.2001953125,4968.7998046875,4968.7998046875,0
2013-03-26,4950.2001953125,4981.0,4942.5,4981.0,0
2013-03-27,4995.0,4995.0,4956.7998046875,4959.2001953125,0
2013-03-28,4966.5,4995.0,4966.5,4995.0,0
2013-04-02,4985.5,5005.60009765625,4964.7998046875,4966.5,0
2013-04-03,4957.7001953125,5011.89990234375,4934.60009765625,4989.7998046875,0
2013-04-04,4913.5,4949.89990234375,4902.2001953125,4949.89990234375,0
2013-04-05,4891.39990234375,4924.0,4883.7001953125,4919.89990234375,0
2013-04-08,4905.5,4914.0,4889.60009765625,4891.39990234375,0
2013-04-09,4976.7998046875,4976.89990234375,4905.5,4905.5,0
2013-04-10,4968.0,4991.89990234375,4956.2998046875,4987.2001953125,0
2013-04-11,5007.10009765625,5013.2001953125,4968.0,4968.0,0
2013-04-12,5013.5,5023.0,5006.10009765625,5006.5,0
2013-04-15,4967.89990234375,5005.2998046875,4933.2998046875,5005.2998046875,0
2013-04-16,4950.7998046875,4967.89990234375,4914.0,4967.89990234375,0
2013-04-17,5004.60009765625,5006.10009765625,4950.7998046875,4950.7998046875,0
2013-04-18,4924.39990234375,4992.60009765625,4924.39990234375,4988.5,0
2013-04-19,4931.89990234375,4960.39990234375,4918.39990234375,4924.39990234375,0
2013-04-22,4966.60009765625,4966.60009765625,4931.89990234375,4931.89990234375,0
2013-04-23,5016.2001953125,5036.5,4966.60009765625,4966.60009765625,0
2013-04-24,5102.39990234375,5103.60009765625,5022.89990234375,5022.89990234375,0
2013-04-26,5097.5,5135.0,5097.39990234375,5113.89990234375,0
2013-04-29,5125.7998046875,5130.2998046875,5097.5,5097.5,0
2013-04-30,5191.2001953125,5195.10009765625,5125.7998046875,5125.7998046875,0
2013-05-01,5166.2001953125,5188.10009765625,5159.60009765625,5187.2998046875,0
2013-05-02,5130.0,5166.2001953125,5117.39990234375,5166.2001953125,0
2013-05-03,5129.5,5183.2001953125,5126.5,5130.0,0
2013-05-06,5156.2001953125,5201.2998046875,5145.5,5146.7001953125,0
2013-05-07,5143.7001953125,5166.7001953125,5118.89990234375,5162.7001953125,0
2013-05-08,5199.7998046875,5201.89990234375,5150.39990234375,5152.39990234375,0
2013-05-09,5198.39990234375,5211.5,5182.2998046875,5194.2001953125,0
2013-05-10,5206.10009765625,5242.5,5198.2001953125,5200.0,0
2013-05-13,5210.2998046875,5219.2001953125,5190.2001953125,5203.5,0
2013-05-14,5221.0,5227.10009765625,5207.10009765625,5210.2998046875,0
2013-05-15,5191.7001953125,5249.60009765625,5168.5,5222.2998046875,0
2013-05-16,5165.7001953125,5211.60009765625,5156.7998046875,5191.7001953125,0
2013-05-17,5180.7998046875,5194.89990234375,5168.60009765625,5175.60009765625,0
2013-05-20,5209.0,5246.89990234375,5187.2001953125,5187.2001953125,0
2013-05-21,5180.10009765625,5207.7998046875,5160.60009765625,5207.7998046875,0
2013-05-22,5165.39990234375,5203.39990234375,5154.0,5187.5,0
2013-05-23,5062.39990234375,5160.2001953125,5058.60009765625,5160.2001953125,0
2013-05-24,4983.5,5083.5,4954.89990234375,5062.39990234375,0
2013-05-27,4959.89990234375,4983.89990234375,4931.2001953125,4983.7998046875,0
2013-05-28,4970.7001953125,4981.2998046875,4950.10009765625,4959.10009765625,0
2013-05-29,4974.7001953125,4993.2001953125,4960.2998046875,4970.7001953125,0
2013-05-30,4930.7001953125,4974.7001953125,4897.89990234375,4974.7001953125,0
2013-05-31,4926.60009765625,4962.89990234375,4922.7998046875,4942.2001953125,0
2013-06-03,4888.2998046875,4933.2998046875,4888.2998046875,4926.60009765625,0
2013-06-04,4900.7998046875,4907.2001953125,4864.7001953125,4888.2998046875,0
2013-06-05,4835.2001953125,4900.7998046875,4831.10009765625,4900.7998046875,0
2013-06-06,4781.2001953125,4832.0,4778.10009765625,4832.0,0
2013-06-07,4737.7001953125,4783.2998046875,4732.2998046875,4781.2001953125,0
2013-06-11,4757.10009765625,4758.39990234375,4735.39990234375,4737.7001953125,0
2013-06-12,4724.5,4757.10009765625,4710.0,4757.10009765625,0
2013-06-13,4695.7998046875,4724.5,4658.60009765625,4724.5,0
2013-06-14,4791.7998046875,4792.60009765625,4695.7998046875,4695.7998046875,0
2013-06-17,4825.89990234375,4825.89990234375,4743.2998046875,4773.2001953125,0
2013-06-18,4814.39990234375,4825.89990234375,4767.5,4825.89990234375,0
2013-06-19,4861.39990234375,4861.39990234375,4814.39990234375,4814.39990234375,0
2013-06-20,4758.39990234375,4861.39990234375,4729.0,4861.39990234375,0
2013-06-21,4738.7998046875,4758.10009765625,4683.2998046875,4758.10009765625,0
2013-06-24,4669.10009765625,4738.7998046875,4662.2998046875,4738.7998046875,0
2013-06-25,4656.0,4688.2001953125,4632.2998046875,4669.10009765625,0
2013-06-26,4731.7001953125,4749.7001953125,4656.0,4656.0,0
2013-06-27,4811.2998046875,4830.5,4731.7001953125,4731.7001953125,0
2013-06-28,4802.60009765625,4833.39990234375,4795.60009765625,4811.2998046875,0
2013-07-01,4710.2998046875,4802.60009765625,4702.7001953125,4802.60009765625,0
2013-07-02,4834.0,4834.0,4710.2998046875,4710.2998046875,0
2013-07-03,4744.10009765625,4834.0,4720.2001953125,4834.0,0
2013-07-04,4794.7001953125,4801.10009765625,4744.10009765625,4744.10009765625,0
2013-07-05,4841.7001953125,4853.39990234375,4794.7001953125,4794.7001953125,564258800
2013-07-08,4809.5,4853.5,4786.10009765625,4841.7001953125,0
2013-07-09,4881.7001953125,4894.89990234375,4809.5,4809.5,0
2013-07-10,4901.39990234375,4950.7998046875,4881.7001953125,4881.7001953125,0
2013-07-11,4965.7001953125,4965.7001953125,4901.39990234375,4901.39990234375,0
2013-07-12,4973.89990234375,5012.5,4965.7001953125,4965.7001953125,0
2013-07-15,4981.10009765625,4995.7998046875,4960.10009765625,4973.89990234375,0
2013-07-16,4986.0,4999.2998046875,4973.7001953125,4981.10009765625,0
2013-07-17,4981.7001953125,4996.10009765625,4978.89990234375,4986.0,0
2013-07-18,4993.39990234375,5008.7998046875,4981.7001953125,4981.7001953125,0
2013-07-19,4972.10009765625,5010.10009765625,4962.10009765625,4993.39990234375,0
2013-07-22,5001.89990234375,5026.7001953125,4974.89990234375,4974.89990234375,0
2013-07-23,5017.10009765625,5027.60009765625,5001.89990234375,5001.89990234375,0
2013-07-24,5035.10009765625,5053.7998046875,5017.10009765625,5017.10009765625,0
2013-07-25,5035.60009765625,5038.0,5007.39990234375,5035.10009765625,0
2013-07-26,5042.0,5062.60009765625,5026.5,5035.60009765625,0
2013-07-29,5046.2998046875,5059.5,5035.0,5042.0,0
2013-07-30,5047.2001953125,5055.2001953125,5025.60009765625,5046.2998046875,668395100
2013-07-31,5052.0,5098.5,5047.2001953125,5047.2001953125,632579400
2013-08-01,5061.5,5092.2998046875,5030.10009765625,5052.0,679430900
2013-08-02,5116.7998046875,5116.7998046875,5061.5,5061.5,627316300
2013-08-05,5111.2998046875,5116.7998046875,5100.39990234375,5116.7998046875,408365500
2013-08-06,5105.60009765625,5117.7001953125,5087.10009765625,5111.2998046875,581265900
2013-08-07,5011.2998046875,5105.60009765625,5007.89990234375,5105.60009765625,707458900
2013-08-08,5064.7998046875,5082.89990234375,5011.2998046875,5011.2998046875,735128900
2013-08-09,5055.2001953125,5076.7001953125,5023.10009765625,5064.7998046875,574094300
2013-08-12,5108.7001953125,5109.7998046875,5048.10009765625,5055.2001953125,600345300
2013-08-13,5157.7001953125,5160.89990234375,5108.7001953125,5108.7001953125,688770300
2013-08-14,5157.39990234375,5168.2001953125,5143.0,5157.7001953125,636855800
2013-08-15,5152.39990234375,5165.10009765625,5141.60009765625,5157.39990234375,770522000
2013-08-16,5113.89990234375,5152.39990234375,5101.2998046875,5152.39990234375,699263800
2013-08-19,5112.5,5127.39990234375,5098.7998046875,5113.89990234375,650716900
2013-08-20,5078.2001953125,5112.5,5057.39990234375,5112.5,635173200
2013-08-21,5100.0,5106.7001953125,5069.5,5078.2001953125,621735000
2013-08-22,5075.7001953125,5100.0,5028.0,5100.0,843953500
2013-08-23,5123.39990234375,5142.10009765625,5078.10009765625,5078.10009765625,867507200
2013-08-26,5135.39990234375,5157.10009765625,5123.39990234375,5123.39990234375,619820800
2013-08-27,5141.2001953125,5143.7998046875,5108.89990234375,5135.0,577509000
2013-08-28,5087.2001953125,5141.2001953125,5076.39990234375,5141.2001953125,730863800
2013-08-29,5092.39990234375,5098.7998046875,5064.10009765625,5087.2001953125,781007200
2013-08-30,5135.0,5135.0,5075.89990234375,5092.39990234375,871891200
2013-09-02,5188.2998046875,5191.10009765625,5126.60009765625,5135.0,0
2013-09-03,5196.60009765625,5207.7001953125,5187.7001953125,5188.2998046875,724788600
2013-09-04,5161.60009765625,5196.60009765625,5152.7001953125,5196.60009765625,702483700
2013-09-05,5142.5,5172.10009765625,5116.39990234375,5161.60009765625,650101900
2013-09-06,5145.0,5156.89990234375,5115.10009765625,5142.5,628791400
2013-09-09,5181.5,5181.5,5145.0,5145.0,543698100
2013-09-10,5201.2001953125,5212.39990234375,5181.5,5181.5,549095900
2013-09-11,5234.39990234375,5234.39990234375,5201.2001953125,5201.2001953125,693858800
2013-09-12,5242.5,5252.10009765625,5228.89990234375,5234.39990234375,745320700
2013-09-13,5219.60009765625,5242.5,5208.2001953125,5242.5,655170400
2013-09-16,5248.0,5266.10009765625,5219.60009765625,5219.60009765625,499429400
2013-09-17,5251.2001953125,5263.39990234375,5227.60009765625,5248.0,585161000
2013-09-18,5238.10009765625,5254.5,5227.7001953125,5251.2001953125,655820800
2013-09-19,5295.60009765625,5300.10009765625,5238.2001953125,5238.2001953125,1119779800
2013-09-20,5276.7001953125,5295.5,5268.7998046875,5295.5,1202889300
2013-09-23,5252.5,5276.7001953125,5227.39990234375,5276.7001953125,509901900
2013-09-24,5234.2001953125,5252.5,5217.89990234375,5252.5,491863600
2013-09-25,5275.89990234375,5283.7998046875,5230.5,5234.2001953125,558598200
2013-09-26,5294.5,5294.5,5249.2998046875,5275.89990234375,471279100
2013-09-27,5307.10009765625,5314.2998046875,5294.5,5294.5,567079100
2013-09-30,5218.89990234375,5307.10009765625,5218.89990234375,5307.10009765625,561519700
2013-10-01,5206.7998046875,5243.10009765625,5201.7998046875,5218.89990234375,504449900
2013-10-02,5215.60009765625,5231.10009765625,5206.7998046875,5206.7998046875,510555600
2013-10-03,5234.89990234375,5260.2998046875,5213.7998046875,5215.60009765625,453704500
2013-10-04,5208.0,5234.89990234375,5197.7001953125,5234.89990234375,412505200
2013-10-07,5161.10009765625,5214.2001953125,5146.10009765625,5208.0,0
2013-10-08,5149.39990234375,5165.60009765625,5126.7001953125,5161.10009765625,587783600
2013-10-09,5153.0,5157.89990234375,5118.89990234375,5144.7998046875,479794200
2013-10-10,5147.10009765625,5153.0,5126.7998046875,5153.0,529167600
2013-10-11,5230.89990234375,5239.60009765625,5147.10009765625,5147.10009765625,571839000
2013-10-14,5207.89990234375,5230.89990234375,5186.7998046875,5230.89990234375,0
2013-10-15,5259.10009765625,5266.89990234375,5207.89990234375,5207.89990234375,0
2013-10-16,5262.89990234375,5269.89990234375,5230.5,5259.10009765625,566346400
2013-10-17,5283.10009765625,5294.10009765625,5262.89990234375,5262.89990234375,709873700
2013-10-18,5321.5,5326.5,5283.2001953125,5283.2001953125,629824100
2013-10-21,5351.7998046875,5366.10009765625,5321.5,5321.5,536170100
2013-10-22,5373.10009765625,5380.39990234375,5351.7998046875,5351.7998046875,675367000
2013-10-23,5356.10009765625,5402.39990234375,5355.0,5373.10009765625,682840900
2013-10-24,5372.89990234375,5384.5,5353.60009765625,5356.10009765625,525110300
2013-10-25,5386.2998046875,5397.10009765625,5372.89990234375,5372.89990234375,708908100
2013-10-28,5441.39990234375,5457.2998046875,5386.2998046875,5386.2998046875,839390600
2013-10-29,5415.5,5444.2998046875,5408.39990234375,5441.39990234375,588199400
2013-10-30,5430.89990234375,5444.10009765625,5415.5,5415.5,590433600
2013-10-31,5425.5,5446.10009765625,5398.60009765625,5430.89990234375,678068200
2013-11-01,5411.10009765625,5425.89990234375,5405.39990234375,5425.5,461718100
2013-11-04,5390.5,5430.5,5388.7998046875,5411.10009765625,480767600
2013-11-05,5432.0,5438.39990234375,5390.5,5390.5,410162500
2013-11-06,5433.7998046875,5433.7998046875,5406.0,5432.0,596994900
2013-11-07,5422.0,5427.2001953125,5409.10009765625,5420.60009765625,649144300
2013-11-08,5400.7001953125,5422.0,5379.89990234375,5422.0,596859000
2013-11-11,5387.10009765625,5439.2001953125,5372.60009765625,5400.7001953125,618963900
2013-11-12,5393.10009765625,5420.89990234375,5386.10009765625,5387.10009765625,593552500
2013-11-13,5319.2001953125,5393.10009765625,5308.5,5393.10009765625,712534700
2013-11-14,5355.39990234375,5377.7998046875,5319.2001953125,5319.2001953125,604708200
2013-11-15,5401.7001953125,5406.10009765625,5340.60009765625,5355.39990234375,567465400
2013-11-18,5384.7001953125,5404.0,5357.39990234375,5401.7001953125,452285100
2013-11-19,5352.89990234375,5384.7001953125,5345.0,5384.7001953125,578273800
2013-11-20,5307.7001953125,5352.89990234375,5296.2001953125,5352.89990234375,569291500
2013-11-21,5288.2998046875,5307.7001953125,5284.89990234375,5307.7001953125,725624300
2013-11-22,5335.89990234375,5352.60009765625,5288.2998046875,5288.2998046875,549508600
2013-11-25,5352.7998046875,5374.10009765625,5335.89990234375,5335.89990234375,581379600
2013-11-26,5357.0,5375.10009765625,5345.0,5352.7998046875,950858000
2013-11-27,5332.89990234375,5362.39990234375,5332.89990234375,5357.0,500314700
2013-11-28,5334.2998046875,5367.10009765625,5332.89990234375,5332.89990234375,628909300
2013-11-29,5320.10009765625,5339.2001953125,5308.10009765625,5334.2998046875,626814500
2013-12-02,5279.5,5332.7001953125,5269.5,5320.0,579714100
2013-12-03,5256.10009765625,5283.7998046875,5253.2001953125,5279.5,692546800
2013-12-04,5273.7998046875,5278.2998046875,5227.60009765625,5256.10009765625,693041600
2013-12-05,5198.0,5276.7001953125,5198.0,5273.7998046875,895804100
2013-12-06,5186.0,5198.60009765625,5154.60009765625,5198.0,533060500
2013-12-09,5144.39990234375,5207.60009765625,5133.5,5186.0,603803800
2013-12-10,5143.60009765625,5185.39990234375,5140.7001953125,5144.39990234375,751937300
2013-12-11,5104.2998046875,5142.0,5104.2001953125,5137.89990234375,612009600
2013-12-12,5062.5,5115.7001953125,5028.2001953125,5104.2998046875,919772900
2013-12-13,5098.39990234375,5098.39990234375,5047.5,5062.5,654104400
2013-12-16,5089.60009765625,5101.2001953125,5059.7001953125,5098.39990234375,498762400
2013-12-17,5103.2001953125,5134.7001953125,5084.2998046875,5089.60009765625,626687600
2013-12-18,5096.10009765625,5115.60009765625,5093.2998046875,5103.2001953125,657348800
2013-12-19,5202.2001953125,5202.2001953125,5096.10009765625,5096.10009765625,824137800
2013-12-20,5265.2001953125,5265.2001953125,5202.2001953125,5202.2001953125,1353735400
2013-12-23,5291.89990234375,5293.5,5257.39990234375,5265.2001953125,479644900
2013-12-24,5327.2001953125,5329.7001953125,5291.89990234375,5291.89990234375,246763400
2013-12-27,5324.10009765625,5365.2998046875,5319.7001953125,5327.2001953125,228752700
2013-12-30,5356.7998046875,5356.7998046875,5324.10009765625,5324.10009765625,311508400
2013-12-31,5352.2001953125,5367.39990234375,5338.89990234375,5356.7998046875,265897600
2014-01-02,5367.89990234375,5383.39990234375,5352.2001953125,5352.2001953125,279295800
2014-01-03,5350.10009765625,5367.89990234375,5325.7998046875,5367.89990234375,314718600
2014-01-06,5324.89990234375,5362.0,5317.39990234375,5350.10009765625,345323100
2014-01-07,5317.0,5346.2998046875,5314.2998046875,5324.89990234375,499191400
2014-01-08,5316.0,5353.0,5303.7001953125,5317.0,501838300
2014-01-09,5324.39990234375,5324.39990234375,5295.39990234375,5316.0,459116400
2014-01-10,5312.39990234375,5324.39990234375,5306.2998046875,5324.39990234375,470881200
2014-01-13,5292.10009765625,5318.0,5288.10009765625,5312.39990234375,394518800
2014-01-14,5212.0,5292.10009765625,5207.5,5292.10009765625,604656400
2014-01-15,5245.39990234375,5256.10009765625,5212.0,5212.0,536087300
2014-01-16,5309.10009765625,5309.10009765625,5245.39990234375,5245.39990234375,612858300
2014-01-17,5305.89990234375,5319.2998046875,5283.89990234375,5309.10009765625,548867400
2014-01-20,5295.0,5306.39990234375,5259.89990234375,5305.89990234375,0
2014-01-21,5331.5,5331.5,5276.10009765625,5295.0,450256100
2014-01-22,5319.7998046875,5331.5,5285.39990234375,5331.5,496237000
2014-01-23,5263.0,5320.60009765625,5252.7998046875,5319.7998046875,603622800
2014-01-24,5240.89990234375,5278.60009765625,5240.89990234375,5263.0,614734800
2014-01-28,5175.10009765625,5240.89990234375,5158.89990234375,5240.89990234375,715211000
2014-01-29,5229.0,5229.0,5175.10009765625,5175.10009765625,606921800
2014-01-30,5188.10009765625,5229.10009765625,5161.5,5229.10009765625,654072200
2014-01-31,5190.0,5196.7001953125,5169.89990234375,5188.10009765625,602911200
2014-02-03,5187.89990234375,5198.2998046875,5163.39990234375,5190.0,438428700
2014-02-04,5097.10009765625,5187.89990234375,5092.0,5187.89990234375,795704900
2014-02-05,5070.2998046875,5111.2998046875,5052.2001953125,5097.10009765625,671930900
2014-02-06,5131.39990234375,5131.39990234375,5070.2998046875,5070.2998046875,563186900
2014-02-07,5166.5,5168.60009765625,5131.39990234375,5131.39990234375,662850400
2014-02-10,5222.10009765625,5222.10009765625,5166.5,5166.5,522475700
2014-02-11,5254.5,5261.89990234375,5204.7998046875,5222.10009765625,496460700
2014-02-12,5310.10009765625,5310.10009765625,5254.5,5254.5,722016500
2014-02-13,5308.10009765625,5332.5,5303.39990234375,5309.7001953125,628083200
2014-02-14,5356.2998046875,5356.2998046875,5308.10009765625,5308.10009765625,598877100
2014-02-18,5392.7998046875,5396.60009765625,5379.7001953125,5382.89990234375,603902500
2014-02-19,5408.2001953125,5421.0,5394.2001953125,5395.5,805964000
2014-02-20,5412.2998046875,5441.5,5400.0,5408.2001953125,975732400
2014-02-21,5438.7001953125,5452.39990234375,5412.2998046875,5412.2998046875,756673200
2014-02-24,5440.2001953125,5455.5,5425.10009765625,5438.7001953125,745483200
2014-02-25,5433.7998046875,5461.7001953125,5427.2998046875,5440.2001953125,667759500
2014-02-26,5437.0,5452.7001953125,5422.39990234375,5433.7998046875,723598800
2014-02-27,5411.39990234375,5437.0,5406.2001953125,5437.0,731139000
2014-02-28,5404.7998046875,5441.0,5401.60009765625,5411.39990234375,1005022500
2014-03-03,5384.2998046875,5404.7998046875,5340.2998046875,5404.7998046875,675589600
2014-03-04,5400.2001953125,5408.2001953125,5369.5,5382.7001953125,687294300
2014-03-05,5446.2001953125,5453.10009765625,5406.2001953125,5406.2001953125,830836600
2014-03-06,5445.89990234375,5446.2001953125,5422.7001953125,5446.2001953125,654488400
2014-03-07,5462.2998046875,5462.2998046875,5444.2998046875,5445.89990234375,596034100
2014-03-10,5411.5,5462.2998046875,5409.5,5462.2998046875,608548800
2014-03-11,5413.7998046875,5433.39990234375,5404.39990234375,5411.39990234375,801106200
2014-03-12,5384.2001953125,5413.7998046875,5345.89990234375,5413.7998046875,702200200
2014-03-13,5412.60009765625,5425.5,5384.2001953125,5384.2001953125,653265800
2014-03-14,5329.39990234375,5412.60009765625,5329.39990234375,5412.60009765625,601098600
2014-03-17,5317.60009765625,5331.10009765625,5311.39990234375,5329.39990234375,580294700
2014-03-18,5344.60009765625,5362.2001953125,5317.60009765625,5317.60009765625,629180000
2014-03-19,5355.60009765625,5356.89990234375,5334.39990234375,5344.60009765625,0
2014-03-20,5294.0,5355.60009765625,5288.5,5355.60009765625,1040611700
2014-03-21,5338.10009765625,5338.10009765625,5294.0,5294.0,1206543900
2014-03-24,5346.89990234375,5346.89990234375,5301.39990234375,5338.10009765625,561647600
2014-03-25,5336.60009765625,5346.89990234375,5310.7001953125,5346.89990234375,667344800
2014-03-26,5376.7998046875,5394.2001953125,5336.60009765625,5336.60009765625,701665500
2014-03-27,5350.10009765625,5376.7998046875,5322.2001953125,5376.7998046875,638887700
2014-03-28,5366.89990234375,5372.5,5342.7001953125,5350.10009765625,709931000
2014-03-31,5394.7998046875,5416.0,5366.89990234375,5366.89990234375,611515200
2014-04-01,5389.2001953125,5400.60009765625,5350.5,5394.7998046875,631791100
2014-04-02,5403.2998046875,5409.7998046875,5389.2001953125,5389.2001953125,614781900
2014-04-03,5409.89990234375,5419.2998046875,5403.2998046875,5403.2998046875,564013300
2014-04-04,5422.7998046875,5422.7998046875,5398.10009765625,5409.89990234375,483970700
2014-04-07,5413.7001953125,5422.7998046875,5391.2998046875,5422.7998046875,409277000
2014-04-08,5410.60009765625,5419.2001953125,5392.2998046875,5413.7001953125,480871800
2014-04-09,5463.7998046875,5477.39990234375,5410.60009765625,5410.60009765625,700599500
2014-04-10,5480.7998046875,5503.5,5463.7998046875,5463.7998046875,655655700
2014-04-11,5428.60009765625,5480.7998046875,5423.89990234375,5480.7998046875,565352600
2014-04-14,5358.89990234375,5428.60009765625,5358.89990234375,5428.60009765625,530090900
2014-04-15,5388.2001953125,5407.89990234375,5360.5,5360.5,512367100
2014-04-16,5420.2998046875,5424.7998046875,5386.7998046875,5388.2001953125,502673300
2014-04-17,5454.2001953125,5459.39990234375,5420.2998046875,5420.2998046875,532703200
2014-04-22,5479.2998046875,5482.7001953125,5452.39990234375,5454.2001953125,413499100
2014-04-23,5517.7998046875,5521.39990234375,5479.2998046875,5479.2998046875,486651400
2014-04-24,5531.0,5537.7998046875,5517.7998046875,5517.7998046875,610749400
2014-04-28,5536.10009765625,5548.39990234375,5518.7998046875,5531.0,542964500
2014-04-29,5486.60009765625,5554.5,5469.2998046875,5536.10009765625,674160400
2014-04-30,5489.10009765625,5507.60009765625,5463.60009765625,5486.60009765625,630030900
2014-05-01,5448.7998046875,5500.7001953125,5439.2998046875,5489.10009765625,532032100
2014-05-02,5458.10009765625,5458.7001953125,5430.39990234375,5448.7998046875,533780800
2014-05-05,5462.2001953125,5486.39990234375,5442.5,5464.10009765625,435416400
2014-05-06,5481.39990234375,5493.0,5462.2001953125,5462.2001953125,418272900
2014-05-07,5435.7998046875,5481.39990234375,5417.39990234375,5481.39990234375,577690000
2014-05-08,5476.7998046875,5484.10009765625,5435.7998046875,5435.7998046875,552612200
2014-05-09,5460.7998046875,5476.7998046875,5431.5,5476.7998046875,515920400
2014-05-12,5448.39990234375,5480.7998046875,5432.0,5460.7998046875,434238000
2014-05-13,5498.2001953125,5504.60009765625,5448.39990234375,5448.39990234375,735278900
2014-05-14,5496.5,5506.0,5474.0,5498.2001953125,522418800
2014-05-15,5510.7998046875,5510.7998046875,5471.5,5497.0,591494900
2014-05-16,5479.0,5509.7001953125,5471.39990234375,5509.7001953125,532092800
2014-05-19,5409.0,5479.0,5409.0,5479.0,646248200
2014-05-20,5420.39990234375,5433.39990234375,5384.39990234375,5409.0,552053800
2014-05-21,5424.60009765625,5424.60009765625,5372.10009765625,5420.39990234375,644271400
2014-05-22,5479.89990234375,5491.0,5424.60009765625,5424.60009765625,610922300
2014-05-23,5492.7998046875,5507.39990234375,5479.89990234375,5479.89990234375,586860000
2014-05-26,5512.7998046875,5512.89990234375,5492.7998046875,5492.7998046875,437616700
2014-05-27,5511.7001953125,5529.5,5506.7001953125,5512.7998046875,466450000
2014-05-28,5527.2001953125,5541.7001953125,5511.7001953125,5511.7001953125,523145200
2014-05-29,5519.5,5528.5,5503.60009765625,5527.2001953125,445007400
2014-05-30,5492.5,5525.10009765625,5492.5,5519.5,1072302700
2014-06-02,5518.5,5522.60009765625,5482.0,5484.10009765625,553317500
2014-06-03,5479.7001953125,5526.0,5478.5,5518.5,670402100
2014-06-04,5444.7998046875,5483.2001953125,5442.2998046875,5479.7001953125,553509500
2014-06-05,5436.89990234375,5455.2998046875,5416.7998046875,5444.7998046875,583526000
2014-06-06,5464.0,5472.7998046875,5436.89990234375,5436.89990234375,538557500
2014-06-10,5469.7001953125,5496.2998046875,5463.2001953125,5464.0,476969000
2014-06-11,5454.0,5469.7001953125,5444.7998046875,5469.7001953125,496644400
2014-06-12,5428.7998046875,5454.0,5423.0,5454.0,535681400
2014-06-13,5405.10009765625,5428.7998046875,5373.60009765625,5428.7998046875,686155800
2014-06-16,5412.2998046875,5412.2998046875,5380.2998046875,5405.10009765625,596455100
2014-06-17,5400.7001953125,5417.0,5389.0,5412.2998046875,601521100
2014-06-18,5382.7001953125,5404.7998046875,5382.7001953125,5400.7001953125,662896300
2014-06-19,5468.2001953125,5468.2001953125,5382.7001953125,5382.7001953125,884747700
2014-06-20,5419.5,5468.2001953125,5418.0,5468.2001953125,897196400
2014-06-23,5453.2998046875,5468.5,5419.5,5419.5,565090900
2014-06-24,5432.7998046875,5454.60009765625,5425.0,5453.2998046875,569792300
2014-06-25,5402.0,5432.7998046875,5378.7998046875,5432.7998046875,648643100
2014-06-26,5464.2998046875,5464.2998046875,5402.0,5402.0,597157500
2014-06-27,5445.10009765625,5480.10009765625,5440.7001953125,5464.2998046875,767866900
2014-06-30,5395.7001953125,5445.89990234375,5395.7001953125,5444.7998046875,539195000
2014-07-01,5375.89990234375,5414.89990234375,5370.89990234375,5395.7001953125,621650800
2014-07-02,5455.39990234375,5455.39990234375,5375.89990234375,5375.89990234375,593547400
2014-07-03,5491.2001953125,5499.7998046875,5457.10009765625,5457.10009765625,575606900
2014-07-04,5525.0,5531.7001953125,5491.2001953125,5491.2001953125,501965200
2014-07-07,5518.89990234375,5535.89990234375,5514.2001953125,5525.0,405926900
2014-07-08,5510.89990234375,5520.0,5500.89990234375,5518.89990234375,495336900
2014-07-09,5452.5,5510.89990234375,5439.5,5510.89990234375,513123900
2014-07-10,5464.39990234375,5468.60009765625,5448.5,5452.5,495169600
2014-07-11,5486.7998046875,5503.10009765625,5441.7001953125,5464.39990234375,492376400
2014-07-14,5511.39990234375,5518.60009765625,5486.7998046875,5486.7998046875,416035600
2014-07-15,5511.2998046875,5536.2001953125,5493.89990234375,5511.39990234375,492944500
2014-07-16,5518.89990234375,5527.2998046875,5499.7001953125,5511.2998046875,520190800
2014-07-17,5522.39990234375,5561.10009765625,5518.89990234375,5518.89990234375,671124300
2014-07-18,5531.7001953125,5531.7001953125,5484.10009765625,5522.39990234375,561305200
2014-07-21,5539.89990234375,5552.89990234375,5530.10009765625,5531.7001953125,425987000
2014-07-22,5543.2998046875,5545.5,5530.39990234375,5539.89990234375,505887400
2014-07-23,5576.7001953125,5598.2001953125,5543.2998046875,5543.2998046875,572997500
2014-07-24,5587.7998046875,5592.89990234375,5572.7001953125,5576.7001953125,550313700
2014-07-25,5583.5,5588.7001953125,5568.60009765625,5587.7998046875,573630000
2014-07-28,5577.39990234375,5587.5,5558.89990234375,5583.5,477877000
2014-07-29,5588.39990234375,5594.2001953125,5565.60009765625,5577.39990234375,489979800
2014-07-30,5622.89990234375,5631.10009765625,5588.39990234375,5588.39990234375,571085800
2014-07-31,5632.89990234375,5644.2001953125,5618.0,5622.89990234375,567312600
2014-08-01,5556.39990234375,5632.89990234375,5544.0,5632.89990234375,630726500
2014-08-04,5540.89990234375,5556.39990234375,5524.60009765625,5556.39990234375,362979700
2014-08-05,5518.60009765625,5548.7001953125,5509.89990234375,5540.89990234375,545347700
2014-08-06,5512.0,5518.7001953125,5495.10009765625,5518.7001953125,527827800
2014-08-07,5509.0,5522.0,5490.10009765625,5512.0,628013900
2014-08-08,5435.2998046875,5509.0,5425.2001953125,5509.0,690349600
2014-08-11,5457.0,5475.89990234375,5435.2998046875,5435.2998046875,435696100
2014-08-12,5530.2998046875,5533.60009765625,5457.0,5457.0,557253900
2014-08-13,5514.7001953125,5530.2998046875,5503.2998046875,5530.2998046875,527649700
2014-08-14,5548.5,5558.39990234375,5514.7001953125,5514.7001953125,659992600
2014-08-15,5566.5,5578.5,5545.0,5548.5,489602300
2014-08-18,5587.10009765625,5587.10009765625,5566.5,5566.5,404133400
2014-08-19,5623.7998046875,5626.60009765625,5582.5,5587.10009765625,652271400
2014-08-20,5634.60009765625,5639.39990234375,5604.2001953125,5623.7998046875,602845400
2014-08-21,5638.89990234375,5679.5,5634.60009765625,5634.60009765625,761011000
2014-08-22,5645.60009765625,5662.7001953125,5638.89990234375,5638.89990234375,569739100
2014-08-25,5634.89990234375,5650.2001953125,5625.0,5645.60009765625,534549000
2014-08-26,5637.60009765625,5646.60009765625,5625.89990234375,5634.89990234375,622225300
2014-08-27,5651.2001953125,5652.2998046875,5637.5,5637.7001953125,666083100
2014-08-28,5624.39990234375,5651.2998046875,5619.89990234375,5651.2001953125,871790500
2014-08-29,5625.89990234375,5630.60009765625,5614.2998046875,5624.39990234375,886315300
2014-09-01,5629.7998046875,5654.0,5625.89990234375,5625.89990234375,459817200
2014-09-02,5658.5,5658.5,5617.89990234375,5629.7998046875,491520600
2014-09-03,5656.10009765625,5672.7001953125,5643.60009765625,5658.5,606648700
2014-09-04,5631.2998046875,5657.5,5618.7998046875,5656.10009765625,513661200
2014-09-05,5598.7001953125,5631.2998046875,5592.89990234375,5631.2998046875,486214600
2014-09-08,5577.0,5601.89990234375,5569.0,5598.7001953125,409453600
2014-09-09,5607.89990234375,5607.89990234375,5575.2001953125,5577.0,489494600
2014-09-10,5574.2998046875,5607.89990234375,5557.39990234375,5607.89990234375,561743200
2014-09-11,5546.10009765625,5597.39990234375,5543.5,5574.2998046875,540835100
2014-09-12,5531.10009765625,5548.7001953125,5509.7998046875,5546.10009765625,544595600
2014-09-15,5473.5,5531.10009765625,5473.5,5531.10009765625,596340100
2014-09-16,5445.39990234375,5484.5,5440.5,5468.2001953125,627043900
2014-09-17,5407.2998046875,5462.10009765625,5400.2001953125,5445.39990234375,705714300
2014-09-18,5415.7998046875,5431.7001953125,5373.39990234375,5407.2998046875,830242100
2014-09-19,5433.10009765625,5443.2001953125,5415.5,5415.7998046875,974436600
2014-09-22,5363.0,5434.0,5351.10009765625,5433.2001953125,628233500
2014-09-23,5415.7001953125,5423.2001953125,5338.0,5363.0,629951400
2014-09-24,5375.7998046875,5415.7001953125,5356.89990234375,5415.7001953125,571805300
2014-09-25,5382.2001953125,5412.89990234375,5373.2998046875,5375.7998046875,535408100
2014-09-26,5313.39990234375,5382.2001953125,5309.7998046875,5382.2001953125,624443300
2014-09-29,5264.2001953125,5313.39990234375,5259.89990234375,5313.39990234375,545039800
2014-09-30,5292.7998046875,5292.7998046875,5253.10009765625,5264.2001953125,647245100
2014-10-01,5334.10009765625,5337.2001953125,5244.0,5292.7998046875,606397100
2014-10-02,5297.7001953125,5334.10009765625,5283.0,5334.10009765625,541554500
2014-10-03,5318.2001953125,5318.60009765625,5281.2001953125,5297.7001953125,488425500
2014-10-06,5292.89990234375,5320.89990234375,5277.89990234375,5318.2001953125,327021400
2014-10-07,5284.2001953125,5319.60009765625,5208.2998046875,5292.89990234375,678518900
2014-10-08,5241.2998046875,5284.2001953125,5209.7001953125,5284.2001953125,528201500
2014-10-09,5296.7001953125,5324.60009765625,5241.2998046875,5241.2998046875,626015400
2014-10-10,5188.2998046875,5295.7001953125,5187.60009765625,5295.7001953125,710522700
2014-10-13,5155.5,5188.2998046875,5122.0,5188.2998046875,638876300
2014-10-14,5207.39990234375,5217.7001953125,5130.7001953125,5155.5,817870000
2014-10-15,5245.60009765625,5252.7998046875,5206.10009765625,5207.39990234375,649120000
2014-10-16,5254.89990234375,5258.60009765625,5162.39990234375,5245.60009765625,835001500
2014-10-17,5271.7001953125,5308.5,5254.89990234375,5254.89990234375,736385900
2014-10-20,5319.39990234375,5342.0,5271.7001953125,5271.7001953125,462719200
2014-10-21,5325.0,5344.5,5312.10009765625,5319.39990234375,745617900
2014-10-22,5385.89990234375,5388.0,5325.0,5325.0,575533300
2014-10-23,5383.10009765625,5389.2001953125,5364.5,5385.89990234375,593525900
2014-10-24,5412.2001953125,5425.7001953125,5383.10009765625,5383.10009765625,600455400
2014-10-27,5459.0,5462.2998046875,5412.2001953125,5412.2001953125,566298000
2014-10-28,5452.60009765625,5459.0,5433.10009765625,5459.0,609644400
2014-10-29,5447.7001953125,5481.60009765625,5441.2998046875,5452.60009765625,688817500
2014-10-30,5476.2001953125,5476.89990234375,5447.60009765625,5447.60009765625,658927600
2014-10-31,5526.60009765625,5526.60009765625,5476.2001953125,5476.2001953125,726033900
2014-11-03,5506.89990234375,5535.7001953125,5499.10009765625,5526.60009765625,514872500
2014-11-04,5519.89990234375,5530.89990234375,5503.7998046875,5506.89990234375,445344300
2014-11-05,5517.89990234375,5519.89990234375,5481.0,5519.89990234375,577623800
2014-11-06,5506.10009765625,5547.5,5493.0,5517.89990234375,610609500
2014-11-07,5549.10009765625,5549.10009765625,5500.2998046875,5506.10009765625,729595000
2014-11-10,5524.0,5550.2998046875,5501.39990234375,5549.10009765625,583270400
2014-11-11,5517.10009765625,5533.7998046875,5508.39990234375,5524.0,612622700
2014-11-12,5463.10009765625,5517.10009765625,5459.5,5517.10009765625,563221800
2014-11-13,5442.7001953125,5470.60009765625,5433.60009765625,5463.10009765625,554020700
2014-11-14,5454.2998046875,5457.39990234375,5419.2998046875,5442.7001953125,447174700
2014-11-17,5412.5,5460.2998046875,5406.2001953125,5454.2998046875,471435800
2014-11-18,5399.7001953125,5431.5,5388.2001953125,5412.5,470010700
2014-11-19,5368.7998046875,5399.7001953125,5366.7998046875,5399.7001953125,566452100
2014-11-20,5316.2001953125,5368.7998046875,5315.7998046875,5368.7998046875,632223200
2014-11-21,5304.2998046875,5327.2001953125,5292.89990234375,5316.2001953125,569498700
2014-11-24,5361.7998046875,5378.0,5304.2998046875,5304.2998046875,501493500
2014-11-25,5334.7998046875,5361.7998046875,5296.7998046875,5361.7998046875,883546700
2014-11-26,5396.2001953125,5396.2001953125,5334.7998046875,5334.7998046875,537504600
2014-11-27,5332.39990234375,5391.10009765625,5328.0,5391.10009765625,0
2014-11-28,5313.0,5400.89990234375,5313.0,5400.89990234375,660919200
2014-12-01,5207.7001953125,5317.39990234375,5207.7001953125,5313.0,694460000
2014-12-02,5281.2998046875,5284.89990234375,5207.7001953125,5207.7001953125,724275400
2014-12-03,5321.7998046875,5331.60009765625,5261.5,5281.2998046875,645934200
2014-12-04,5368.7998046875,5373.5,5321.7998046875,5321.7998046875,631944200
2014-12-05,5335.2998046875,5389.39990234375,5308.2001953125,5368.7998046875,639346700
2014-12-08,5338.60009765625,5372.7001953125,5333.89990234375,5372.7001953125,58080600
2014-12-09,5282.7001953125,5372.7001953125,5282.7001953125,5372.7001953125,776687400
2014-12-10,5259.0,5288.39990234375,5222.39990234375,5282.7001953125,0
2014-12-11,5231.0,5259.0,5188.0,5259.0,736331100
2014-12-12,5219.60009765625,5241.5,5204.0,5231.0,641041100
2014-12-15,5186.10009765625,5219.60009765625,5146.10009765625,5219.60009765625,552911500
2014-12-16,5152.2998046875,5186.10009765625,5142.7998046875,5186.10009765625,617065900
2014-12-17,5161.89990234375,5191.2998046875,5150.2001953125,5152.2998046875,603274700
2014-12-18,5210.7998046875,5265.0,5161.89990234375,5161.89990234375,862033700
2014-12-19,5338.60009765625,5343.10009765625,5210.7998046875,5210.7998046875,0
2014-12-22,5442.0,5442.0,5338.60009765625,5338.60009765625,0
2014-12-23,5380.89990234375,5442.0,5380.89990234375,5442.0,0
2014-12-24,5394.5,5398.2001953125,5366.5,5380.89990234375,0
2014-12-29,5473.7998046875,5479.89990234375,5394.5,5394.5,0
2014-12-30,5416.60009765625,5486.7001953125,5416.2001953125,5473.7998046875,0
2014-12-31,5411.0,5437.2001953125,5400.0,5416.60009765625,0
2015-01-02,5435.89990234375,5436.2998046875,5387.0,5411.0,0
2015-01-05,5450.2998046875,5470.39990234375,5429.60009765625,5435.89990234375,0
2015-01-06,5364.7998046875,5450.2998046875,5338.60009765625,5450.2998046875,0
2015-01-07,5353.60009765625,5369.7998046875,5318.7001953125,5364.7998046875,0
2015-01-08,5381.5,5395.7998046875,5353.60009765625,5353.60009765625,0
2015-01-09,5465.60009765625,5465.60009765625,5381.5,5381.5,0
2015-01-12,5422.7001953125,5465.60009765625,5419.39990234375,5465.60009765625,0
2015-01-13,5404.7001953125,5422.7001953125,5373.7001953125,5422.7001953125,0
2015-01-14,5353.60009765625,5405.7001953125,5346.60009765625,5404.7001953125,0
2015-01-15,5331.39990234375,5353.60009765625,5303.7001953125,5353.60009765625,0
2015-01-16,5299.2001953125,5333.89990234375,5267.39990234375,5331.39990234375,0
2015-01-19,5309.10009765625,5372.39990234375,5299.2001953125,5299.2001953125,0
2015-01-20,5307.7001953125,5313.89990234375,5282.39990234375,5309.10009765625,0
2015-01-21,5393.39990234375,5393.39990234375,5307.7001953125,5307.7001953125,0
2015-01-22,5419.89990234375,5432.39990234375,5393.39990234375,5393.39990234375,0
2015-01-23,5501.7998046875,5501.7998046875,5419.89990234375,5419.89990234375,0
2015-01-27,5547.2001953125,5547.2001953125,5497.2998046875,5501.7998046875,0
2015-01-28,5552.7998046875,5559.10009765625,5521.2001953125,5547.2001953125,0
2015-01-29,5569.5,5576.2001953125,5518.60009765625,5552.7998046875,0
2015-01-30,5588.2998046875,5619.5,5569.5,5569.5,0
2015-02-02,5625.2998046875,5639.39990234375,5588.2998046875,5588.2998046875,0
2015-02-03,5707.39990234375,5717.5,5625.2998046875,5625.2998046875,0
2015-02-04,5777.2998046875,5805.10009765625,5707.39990234375,5707.39990234375,0
2015-02-05,5811.0,5819.10009765625,5757.89990234375,5777.2998046875,0
2015-02-06,5820.2001953125,5850.89990234375,5809.5,5811.0,0
2015-02-09,5814.89990234375,5820.2001953125,5779.60009765625,5820.2001953125,0
2015-02-10,5800.60009765625,5819.39990234375,5781.2001953125,5814.89990234375,0
2015-02-11,5769.10009765625,5818.89990234375,5757.39990234375,5800.60009765625,0
2015-02-12,5743.60009765625,5790.5,5739.7998046875,5769.10009765625,0
2015-02-13,5877.5,5893.5,5743.60009765625,5743.60009765625,0
2015-02-16,5888.7001953125,5893.39990234375,5841.89990234375,5877.5,0
2015-02-17,5858.2001953125,5888.7001953125,5844.7998046875,5888.7001953125,0
2015-02-18,5915.7001953125,5915.7001953125,5845.60009765625,5858.2001953125,0
2015-02-19,5904.2001953125,5946.7998046875,5889.5,5915.7001953125,0
2015-02-20,5881.5,5910.7998046875,5872.89990234375,5904.2001953125,0
2015-02-23,5908.0,5915.7998046875,5869.2001953125,5881.5,0
2015-02-24,5927.0,5930.39990234375,5884.7998046875,5908.0,0
2015-02-25,5944.89990234375,5955.5,5914.5,5927.0,0
2015-02-26,5908.5,5944.89990234375,5900.0,5944.89990234375,0
2015-02-27,5928.7998046875,5944.7998046875,5874.7998046875,5908.5,0
2015-03-02,5958.89990234375,5983.60009765625,5928.7998046875,5928.7998046875,0
2015-03-03,5933.89990234375,5996.89990234375,5903.2001953125,5958.89990234375,0
2015-03-04,5901.60009765625,5947.7001953125,5898.10009765625,5933.89990234375,0
2015-03-05,5904.2001953125,5904.2001953125,5869.2001953125,5901.60009765625,0
2015-03-06,5898.89990234375,5916.39990234375,5870.7001953125,5904.2001953125,0
2015-03-09,5821.2998046875,5898.89990234375,5814.7001953125,5898.89990234375,0
2015-03-10,5824.2001953125,5856.7001953125,5811.7001953125,5821.2998046875,0
2015-03-11,5793.2001953125,5824.2001953125,5748.7001953125,5824.2001953125,0
2015-03-12,5850.2001953125,5855.2998046875,5786.2998046875,5793.2001953125,0
2015-03-13,5814.5,5855.10009765625,5799.0,5850.2001953125,0
2015-03-16,5797.7001953125,5814.5,5761.60009765625,5814.5,0
2015-03-17,5842.10009765625,5863.39990234375,5797.7001953125,5797.7001953125,0
2015-03-18,5842.2998046875,5845.2998046875,5788.60009765625,5842.10009765625,0
2015-03-19,5950.7998046875,5953.2998046875,5842.2998046875,5842.2998046875,0
2015-03-20,5975.5,5979.7998046875,5927.89990234375,5950.7998046875,0
2015-03-23,5956.10009765625,5995.0,5951.5,5975.5,0
2015-03-24,5969.10009765625,5979.89990234375,5956.10009765625,5956.10009765625,0
2015-03-25,5973.2998046875,5988.7001953125,5961.5,5969.10009765625,0
2015-03-26,5879.10009765625,5973.2998046875,5879.10009765625,5973.2998046875,0
2015-03-27,5919.89990234375,5933.2001953125,5877.10009765625,5879.10009765625,0
2015-03-30,5846.10009765625,5919.89990234375,5828.10009765625,5919.89990234375,0
2015-03-31,5891.5,5931.5,5846.10009765625,5846.10009765625,0
2015-04-01,5860.7998046875,5891.5,5843.89990234375,5891.5,0
2015-04-02,5898.60009765625,5907.39990234375,5860.7998046875,5860.7998046875,0
2015-04-07,5926.0,5981.7001953125,5898.60009765625,5898.60009765625,0
2015-04-08,5960.7001953125,5974.60009765625,5926.0,5926.0,0
2015-04-09,5932.2001953125,5964.60009765625,5930.5,5960.7001953125,0
2015-04-10,5968.39990234375,5968.39990234375,5926.0,5932.2001953125,0
2015-04-13,5960.2998046875,5996.39990234375,5959.5,5968.39990234375,0
2015-04-14,5946.60009765625,5960.2998046875,5929.2001953125,5960.2998046875,0
2015-04-15,5908.39990234375,5958.89990234375,5893.7001953125,5946.60009765625,0
2015-04-16,5947.5,5970.7998046875,5908.39990234375,5908.39990234375,0
2015-04-17,5877.89990234375,5947.5,5869.5,5947.5,0
2015-04-20,5833.10009765625,5877.89990234375,5807.7998046875,5877.89990234375,0
2015-04-21,5872.2998046875,5888.5,5833.10009765625,5833.10009765625,0
2015-04-22,5837.5,5873.7998046875,5818.2998046875,5872.2998046875,0
2015-04-23,5844.7998046875,5849.10009765625,5825.89990234375,5837.5,0
2015-04-24,5933.2998046875,5935.0,5844.7998046875,5844.7998046875,0
2015-04-27,5982.7001953125,5985.60009765625,5933.2998046875,5933.2998046875,0
2015-04-28,5948.5,5984.2001953125,5948.5,5982.7001953125,0
2015-04-29,5838.60009765625,5948.5,5838.60009765625,5948.5,0
2015-04-30,5790.0,5838.60009765625,5749.89990234375,5838.60009765625,0
2015-05-01,5814.39990234375,5825.10009765625,5769.60009765625,5790.0,0
2015-05-04,5827.5,5846.60009765625,5793.0,5814.39990234375,0
2015-05-05,5826.5,5901.7998046875,5802.2001953125,5827.5,0
2015-05-06,5692.2001953125,5826.5,5692.2001953125,5826.5,0
2015-05-07,5645.7001953125,5692.2001953125,5606.7001953125,5692.2001953125,0
2015-05-08,5634.60009765625,5689.10009765625,5634.60009765625,5645.7001953125,0
2015-05-11,5625.2001953125,5698.7001953125,5622.7998046875,5634.60009765625,0
2015-05-12,5674.7001953125,5685.0,5616.0,5625.2001953125,0
2015-05-13,5715.10009765625,5717.10009765625,5668.60009765625,5674.7001953125,0
2015-05-14,5696.60009765625,5715.10009765625,5663.5,5715.10009765625,0
2015-05-15,5735.5,5747.0,5696.60009765625,5696.60009765625,0
2015-05-18,5659.2001953125,5735.5,5659.2001953125,5735.5,0
2015-05-19,5615.5,5673.2998046875,5611.2001953125,5659.2001953125,0
2015-05-20,5610.2998046875,5625.60009765625,5574.60009765625,5615.5,0
2015-05-21,5662.2998046875,5665.7998046875,5610.2998046875,5610.2998046875,0
2015-05-22,5664.7001953125,5692.10009765625,5655.10009765625,5662.2998046875,0
2015-05-25,5721.5,5733.2998046875,5664.7001953125,5664.7001953125,0
2015-05-26,5773.39990234375,5775.2998046875,5721.5,5721.5,0
2015-05-27,5725.2998046875,5773.39990234375,5716.0,5773.39990234375,0
2015-05-28,5713.10009765625,5745.7998046875,5691.89990234375,5725.2998046875,0
2015-05-29,5777.2001953125,5803.0,5713.10009765625,5713.10009765625,0
2015-06-01,5735.39990234375,5777.2001953125,5682.10009765625,5777.2001953125,0
2015-06-02,5636.0,5753.2998046875,5636.0,5735.39990234375,0
2015-06-03,5583.60009765625,5640.5,5575.2001953125,5636.0,0
2015-06-04,5504.2998046875,5603.2001953125,5504.2998046875,5583.60009765625,0
2015-06-05,5498.5,5529.89990234375,5470.0,5504.2998046875,0
2015-06-09,5471.2998046875,5523.89990234375,5468.5,5498.5,0
2015-06-10,5478.60009765625,5485.10009765625,5453.10009765625,5471.2998046875,0
2015-06-11,5556.7001953125,5556.7001953125,5478.60009765625,5478.60009765625,0
2015-06-12,5545.2998046875,5556.7001953125,5528.89990234375,5556.7001953125,0
2015-06-15,5538.7998046875,5545.2998046875,5492.10009765625,5545.2998046875,0
2015-06-16,5535.7998046875,5574.2001953125,5527.7001953125,5538.7998046875,0
2015-06-17,5595.39990234375,5607.10009765625,5535.7998046875,5535.7998046875,0
2015-06-18,5524.89990234375,5595.39990234375,5502.89990234375,5595.39990234375,0
2015-06-19,5597.0,5612.2001953125,5524.89990234375,5524.89990234375,0
2015-06-22,5610.2001953125,5612.60009765625,5568.2001953125,5597.0,0
2015-06-23,5684.2998046875,5690.39990234375,5610.2001953125,5610.2001953125,0
2015-06-24,5686.7998046875,5705.7998046875,5679.5,5684.2998046875,0
2015-06-25,5632.7001953125,5686.7998046875,5632.7001953125,5686.7998046875,0
2015-06-26,5545.89990234375,5632.7001953125,5524.10009765625,5632.7001953125,0
2015-06-29,5422.5,5545.89990234375,5414.2998046875,5545.89990234375,0
2015-06-30,5459.0,5466.60009765625,5390.5,5422.5,0
2015-07-01,5515.7001953125,5515.7001953125,5452.7998046875,5459.0,0
2015-07-02,5599.7998046875,5609.89990234375,5513.39990234375,5515.7001953125,0
2015-07-03,5538.2998046875,5599.7998046875,5491.10009765625,5599.7998046875,0
2015-07-06,5475.0,5538.2998046875,5436.39990234375,5538.2998046875,0
2015-07-07,5581.39990234375,5586.2001953125,5475.0,5475.0,0
2015-07-08,5469.5,5581.39990234375,5469.5,5581.39990234375,0
2015-07-09,5471.0,5491.2001953125,5383.7001953125,5469.5,0
2015-07-10,5492.0,5528.39990234375,5471.0,5471.0,0
2015-07-13,5473.2001953125,5543.2998046875,5451.10009765625,5492.0,0
2015-07-14,5577.39990234375,5587.10009765625,5473.2001953125,5473.2001953125,0
2015-07-15,5636.2001953125,5637.60009765625,5576.89990234375,5577.39990234375,0
2015-07-16,5669.60009765625,5691.2001953125,5636.2001953125,5636.2001953125,0
2015-07-17,5670.10009765625,5688.89990234375,5647.7001953125,5669.60009765625,0
2015-07-20,5686.89990234375,5688.2998046875,5651.60009765625,5670.10009765625,0
2015-07-21,5706.7001953125,5718.89990234375,5686.7998046875,5686.89990234375,0
2015-07-22,5614.60009765625,5706.7001953125,5614.0,5706.7001953125,0
2015-07-23,5590.2998046875,5617.5,5586.2001953125,5614.60009765625,0
2015-07-24,5566.10009765625,5607.2001953125,5548.0,5590.2998046875,0
2015-07-27,5589.89990234375,5589.89990234375,5538.0,5566.10009765625,0
2015-07-28,5584.7001953125,5607.10009765625,5530.89990234375,5589.89990234375,0
2015-07-29,5624.2001953125,5650.5,5584.7001953125,5584.7001953125,0
2015-07-30,5669.5,5676.5,5624.2001953125,5624.2001953125,0
2015-07-31,5699.2001953125,5699.5,5669.5,5669.5,0
2015-08-03,5679.2998046875,5703.89990234375,5670.2001953125,5699.2001953125,0
2015-08-04,5697.89990234375,5727.7001953125,5659.39990234375,5679.2998046875,0
2015-08-05,5674.0,5700.60009765625,5640.0,5697.89990234375,0
2015-08-06,5610.10009765625,5674.0,5588.39990234375,5674.0,0
2015-08-07,5474.7998046875,5610.10009765625,5474.7998046875,5610.10009765625,0
2015-08-10,5509.2001953125,5513.0,5458.2001953125,5474.7998046875,0
2015-08-11,5473.2001953125,5543.2001953125,5463.0,5509.2001953125,0
2015-08-12,5382.10009765625,5480.5,5364.7001953125,5473.2001953125,0
2015-08-13,5387.89990234375,5426.2001953125,5382.10009765625,5382.10009765625,0
2015-08-14,5356.5,5401.89990234375,5351.5,5387.89990234375,0
2015-08-17,5367.7001953125,5397.0,5356.5,5356.5,0
2015-08-18,5303.10009765625,5387.7998046875,5303.10009765625,5367.7001953125,0
2015-08-19,5380.2001953125,5383.2001953125,5303.10009765625,5303.10009765625,0
2015-08-20,5288.60009765625,5380.2001953125,5276.2001953125,5380.2001953125,0
2015-08-21,5214.60009765625,5288.60009765625,5171.5,5288.60009765625,0
2015-08-24,5001.2998046875,5214.60009765625,5001.2998046875,5214.60009765625,0
2015-08-25,5137.2998046875,5151.7001953125,4928.2998046875,5001.2998046875,0
2015-08-26,5172.7998046875,5179.2001953125,5051.39990234375,5137.2998046875,0
2015-08-27,5233.2998046875,5268.7998046875,5172.7998046875,5172.7998046875,0
2015-08-28,5263.60009765625,5305.0,5228.60009765625,5233.2998046875,0
2015-08-31,5207.0,5263.60009765625,5159.39990234375,5263.60009765625,0
2015-09-01,5096.39990234375,5214.0,5091.0,5207.0,0
2015-09-02,5101.5,5103.89990234375,5015.0,5096.39990234375,0
2015-09-03,5027.7998046875,5175.2998046875,5027.7998046875,5101.5,0
2015-09-04,5040.60009765625,5069.2001953125,4995.60009765625,5036.2998046875,760640100
2015-09-07,5030.39990234375,5046.2998046875,4973.39990234375,5040.60009765625,0
2015-09-08,5115.2001953125,5115.2001953125,5030.39990234375,5030.39990234375,0
2015-09-09,5221.10009765625,5221.10009765625,5115.2001953125,5115.2001953125,0
2015-09-10,5095.0,5221.10009765625,5088.7001953125,5221.10009765625,0
2015-09-11,5071.10009765625,5116.10009765625,5053.7001953125,5095.0,0
2015-09-14,5096.5,5132.39990234375,5068.89990234375,5071.10009765625,0
2015-09-15,5018.39990234375,5103.5,5017.7998046875,5096.5,0
2015-09-16,5098.89990234375,5099.0,5018.39990234375,5018.39990234375,0
2015-09-17,5146.7998046875,5194.0,5098.89990234375,5098.89990234375,0
2015-09-18,5170.5,5195.0,5093.2001953125,5146.7998046875,0
2015-09-21,5066.2001953125,5170.5,5027.39990234375,5170.5,0
2015-09-22,5103.60009765625,5125.0,5066.2001953125,5066.2001953125,0
2015-09-23,4998.10009765625,5103.60009765625,4988.7998046875,5103.60009765625,0
2015-09-24,5071.7001953125,5071.7001953125,4998.10009765625,4998.10009765625,0
2015-09-25,5042.10009765625,5116.2998046875,5036.10009765625,5071.7001953125,0
2015-09-28,5113.5,5113.5,5031.7998046875,5042.10009765625,0
2015-09-29,4918.39990234375,5098.7998046875,4918.39990234375,5098.7998046875,0
2015-09-30,5021.60009765625,5022.0,4918.39990234375,4918.39990234375,0
2015-10-01,5112.10009765625,5116.7001953125,5021.7001953125,5021.7001953125,0
2015-10-02,5052.0,5119.2001953125,5042.7998046875,5112.10009765625,0
2015-10-05,5150.5,5153.60009765625,5052.0,5052.0,0
2015-10-06,5167.39990234375,5220.0,5151.10009765625,5151.10009765625,0
2015-10-07,5197.89990234375,5197.89990234375,5136.2998046875,5167.39990234375,0
2015-10-08,5210.39990234375,5256.0,5197.89990234375,5197.89990234375,0
2015-10-09,5279.7001953125,5284.0,5210.39990234375,5210.39990234375,0
2015-10-12,5232.89990234375,5279.7998046875,5225.2998046875,5279.7001953125,0
2015-10-13,5202.89990234375,5232.89990234375,5173.2998046875,5232.89990234375,0
2015-10-14,5197.2998046875,5202.89990234375,5164.2001953125,5202.89990234375,0
2015-10-15,5230.0,5238.89990234375,5197.2998046875,5197.2998046875,0
2015-10-16,5268.2001953125,5294.2998046875,5230.0,5230.0,0
2015-10-19,5269.7001953125,5294.0,5254.89990234375,5268.2001953125,0
2015-10-20,5235.60009765625,5269.7001953125,5228.7001953125,5269.7001953125,0
2015-10-21,5248.2998046875,5260.0,5195.39990234375,5235.60009765625,0
2015-10-22,5263.7998046875,5264.7001953125,5217.60009765625,5248.2998046875,0
2015-10-23,5351.60009765625,5374.5,5263.7998046875,5263.7998046875,0
2015-10-26,5348.0,5384.7998046875,5346.5,5351.60009765625,0
2015-10-27,5346.2001953125,5355.7998046875,5339.7001953125,5348.0,0
2015-10-28,5335.2001953125,5354.89990234375,5319.39990234375,5346.2001953125,0
2015-10-29,5266.89990234375,5353.5,5257.10009765625,5335.2001953125,0
2015-10-30,5239.39990234375,5266.89990234375,5204.0,5266.89990234375,0
2015-11-02,5165.7998046875,5249.2998046875,5162.7001953125,5239.39990234375,0
2015-11-03,5239.2001953125,5246.39990234375,5165.7998046875,5165.7998046875,0
2015-11-04,5242.2998046875,5313.7001953125,5235.60009765625,5239.2001953125,0
2015-11-05,5193.0,5247.60009765625,5167.39990234375,5242.2998046875,0
2015-11-06,5215.0,5216.60009765625,5152.7998046875,5171.2001953125,0
2015-11-09,5119.5,5215.0,5102.7998046875,5215.0,0
2015-11-10,5099.2001953125,5119.5,5047.0,5119.5,0
2015-11-11,5122.60009765625,5130.89990234375,5092.60009765625,5099.2001953125,0
2015-11-12,5125.7001953125,5150.10009765625,5083.2001953125,5122.60009765625,0
2015-11-13,5051.2998046875,5125.7001953125,5010.39990234375,5125.7001953125,0
2015-11-16,5003.7998046875,5051.2998046875,4979.2001953125,5051.2998046875,0
2015-11-17,5118.2001953125,5118.2001953125,5003.7998046875,5003.7998046875,0
2015-11-18,5133.10009765625,5145.5,5082.7001953125,5118.2001953125,0
2015-11-19,5242.60009765625,5242.60009765625,5133.10009765625,5133.10009765625,0
2015-11-20,5256.10009765625,5272.0,5231.0,5242.60009765625,0
2015-11-23,5276.39990234375,5285.5,5244.0,5256.10009765625,0
2015-11-24,5226.39990234375,5276.39990234375,5226.39990234375,5276.39990234375,0
2015-11-25,5193.7001953125,5231.2001953125,5192.10009765625,5226.39990234375,0
2015-11-26,5210.7001953125,5253.60009765625,5185.7998046875,5193.7001953125,0
2015-11-27,5202.60009765625,5258.60009765625,5195.39990234375,5210.7001953125,0
2015-11-30,5166.5,5213.10009765625,5166.2001953125,5202.60009765625,0
2015-12-01,5266.10009765625,5279.2998046875,5166.5,5166.5,0
2015-12-02,5258.2998046875,5269.2998046875,5237.5,5266.10009765625,0
2015-12-03,5227.7001953125,5258.2998046875,5200.39990234375,5258.2998046875,0
2015-12-04,5151.60009765625,5227.7001953125,5117.60009765625,5227.7001953125,0
2015-12-07,5155.7001953125,5229.89990234375,5151.60009765625,5151.60009765625,0
2015-12-08,5108.60009765625,5155.7001953125,5096.7001953125,5155.7001953125,0
2015-12-09,5080.5,5119.5,5069.60009765625,5108.60009765625,0
2015-12-10,5037.7001953125,5083.7998046875,4995.60009765625,5080.7001953125,0
2015-12-11,5029.5,5067.39990234375,5015.2998046875,5037.7001953125,0
2015-12-14,4928.60009765625,5029.5,4928.0,5029.5,0
2015-12-15,4909.60009765625,4969.39990234375,4909.60009765625,4928.60009765625,0
2015-12-16,5028.39990234375,5028.39990234375,4909.60009765625,4909.60009765625,0
2015-12-17,5102.0,5129.10009765625,5028.39990234375,5028.39990234375,0
2015-12-18,5106.7001953125,5112.7001953125,5026.60009765625,5102.0,0
2015-12-21,5109.0,5126.2998046875,5075.2001953125,5106.7001953125,0
2015-12-22,5116.7001953125,5159.89990234375,5103.10009765625,5109.0,0
2015-12-23,5141.7998046875,5168.60009765625,5116.7001953125,5116.7001953125,0
2015-12-24,5207.60009765625,5211.5,5141.7998046875,5141.7998046875,0
2015-12-29,5267.2998046875,5267.2998046875,5189.10009765625,5207.60009765625,0
2015-12-30,5319.89990234375,5324.2998046875,5267.2998046875,5267.2998046875,0
2015-12-31,5295.89990234375,5325.7998046875,5295.89990234375,5319.89990234375,0
2016-01-04,5270.5,5331.39990234375,5263.7998046875,5295.89990234375,0
2016-01-05,5184.39990234375,5270.5,5183.7001953125,5270.5,0
2016-01-06,5123.10009765625,5191.10009765625,5094.7998046875,5184.39990234375,0
2016-01-07,5010.2998046875,5124.10009765625,4996.5,5123.10009765625,0
2016-01-08,4990.7998046875,5034.2998046875,4940.2998046875,5010.2998046875,0
2016-01-11,4932.2001953125,4990.7998046875,4880.10009765625,4990.7998046875,0
2016-01-12,4925.10009765625,4983.7001953125,4910.7001953125,4932.2001953125,0
2016-01-13,4987.39990234375,4992.39990234375,4925.10009765625,4925.10009765625,0
2016-01-14,4909.39990234375,4987.39990234375,4865.0,4987.39990234375,0
2016-01-15,4892.7998046875,4997.10009765625,4870.2998046875,4929.7998046875,0
2016-01-18,4858.7001953125,4892.7998046875,4803.89990234375,4869.2001953125,0
2016-01-19,4903.10009765625,4903.10009765625,4840.2001953125,4857.2998046875,0
2016-01-20,4841.5,4930.10009765625,4836.7998046875,4903.10009765625,0
2016-01-21,4864.0,4928.10009765625,4841.5,4841.5,0
2016-01-22,4916.0,4932.10009765625,4864.0,4883.60009765625,0
2016-01-25,5006.60009765625,5006.60009765625,4916.0,4916.0,0
2016-01-27,4946.39990234375,5009.5,4937.89990234375,5006.60009765625,0
2016-01-28,4976.2001953125,4988.89990234375,4909.39990234375,4946.39990234375,0
2016-01-29,5005.5,5008.5,4947.60009765625,4976.2001953125,0
2016-02-01,5043.60009765625,5073.0,5005.5,5005.5,0
2016-02-02,4993.2998046875,5045.39990234375,4982.2001953125,5043.60009765625,0
2016-02-03,4876.7998046875,4993.2998046875,4873.60009765625,4993.2998046875,0
2016-02-04,4980.39990234375,4989.39990234375,4876.7998046875,4876.7998046875,0
2016-02-05,4976.2001953125,4983.2998046875,4932.89990234375,4980.39990234375,0
2016-02-08,4975.39990234375,4980.0,4925.7998046875,4976.2001953125,0
2016-02-09,4832.10009765625,4975.39990234375,4826.89990234375,4975.39990234375,0
2016-02-10,4775.7001953125,4852.39990234375,4706.7001953125,4832.10009765625,0
2016-02-11,4821.10009765625,4821.10009765625,4770.7001953125,4775.7001953125,0
2016-02-12,4765.2998046875,4821.10009765625,4760.2998046875,4821.10009765625,0
2016-02-15,4843.5,4853.89990234375,4765.2998046875,4765.2998046875,0
2016-02-16,4910.0,4910.0,4814.10009765625,4843.5,0
2016-02-17,4882.10009765625,4926.2998046875,4869.7001953125,4910.0,0
2016-02-18,4992.0,4992.60009765625,4882.10009765625,4882.10009765625,0
2016-02-19,4952.7998046875,4992.0,4937.0,4992.0,0
2016-02-22,5001.2001953125,5007.39990234375,4949.2001953125,4952.7998046875,0
2016-02-23,4979.60009765625,5035.60009765625,4969.39990234375,5001.2001953125,0
2016-02-24,4875.0,4979.60009765625,4861.89990234375,4979.60009765625,0
2016-02-25,4881.2001953125,4902.0,4844.2998046875,4875.0,0
2016-02-26,4880.0,4897.10009765625,4838.2998046875,4881.2001953125,0
2016-02-29,4880.89990234375,4925.7001953125,4878.7998046875,4880.0,0
2016-03-01,4922.2998046875,4931.7001953125,4868.10009765625,4880.89990234375,0
2016-03-02,5021.2001953125,5047.0,4922.2998046875,4922.2998046875,0
2016-03-03,5081.10009765625,5081.10009765625,5021.2001953125,5021.2001953125,0
2016-03-04,5090.0,5105.0,5081.10009765625,5081.10009765625,0
2016-03-07,5142.7998046875,5151.7001953125,5090.0,5090.0,0
2016-03-08,5108.0,5182.5,5103.39990234375,5142.7998046875,0
2016-03-09,5157.2001953125,5157.2001953125,5081.89990234375,5108.0,0
2016-03-10,5150.10009765625,5177.2001953125,5149.7001953125,5157.2001953125,0
2016-03-11,5166.39990234375,5181.60009765625,5118.5,5150.10009765625,0
2016-03-14,5185.5,5214.0,5166.39990234375,5166.39990234375,0
2016-03-15,5111.39990234375,5185.5,5106.5,5185.5,0
2016-03-16,5119.0,5122.39990234375,5088.2001953125,5111.39990234375,0
2016-03-17,5168.2001953125,5193.5,5119.0,5119.0,0
2016-03-18,5183.10009765625,5216.2001953125,5168.2001953125,5168.2001953125,0
2016-03-21,5166.60009765625,5195.7001953125,5148.60009765625,5183.10009765625,0
2016-03-22,5166.60009765625,5181.60009765625,5152.60009765625,5161.5,0
2016-03-23,5142.2998046875,5166.60009765625,5124.0,5166.60009765625,0
2016-03-24,5084.2001953125,5142.2998046875,5069.2001953125,5142.2998046875,0
2016-03-29,5004.5,5095.7001953125,4998.5,5084.2001953125,0
2016-03-30,5010.2998046875,5058.7998046875,4989.89990234375,5004.5,0
2016-03-31,5082.7998046875,5098.2001953125,5010.2998046875,5010.2998046875,0
2016-04-01,4999.39990234375,5082.7998046875,4976.2998046875,5082.7998046875,0
2016-04-04,4995.2998046875,5046.2998046875,4995.2998046875,4999.39990234375,0
2016-04-05,4924.39990234375,4995.2998046875,4909.10009765625,4995.2998046875,0
2016-04-06,4945.89990234375,4958.2001953125,4906.2998046875,4924.39990234375,0
2016-04-07,4964.10009765625,4984.89990234375,4945.10009765625,4945.89990234375,0
2016-04-08,4937.60009765625,4960.89990234375,4893.5,4960.89990234375,0
2016-04-11,4931.5,4943.2001953125,4910.7998046875,4937.60009765625,0
2016-04-12,4975.60009765625,4977.2001953125,4927.2998046875,4931.5,0
2016-04-13,5054.7001953125,5054.7001953125,4975.60009765625,4975.60009765625,0
2016-04-14,5118.60009765625,5118.60009765625,5054.7001953125,5054.7001953125,0
2016-04-15,5157.5,5157.5,5111.7001953125,5118.5,0
2016-04-18,5137.10009765625,5157.60009765625,5118.5,5157.5,0
2016-04-19,5188.7998046875,5219.0,5137.10009765625,5137.10009765625,0
2016-04-20,5216.0,5232.7001953125,5188.7998046875,5188.7998046875,0
2016-04-21,5272.7001953125,5279.89990234375,5216.0,5216.0,0
2016-04-22,5236.39990234375,5273.5,5226.2001953125,5272.7001953125,0
2016-04-26,5220.60009765625,5247.2998046875,5211.39990234375,5236.39990234375,0
2016-04-27,5187.7001953125,5281.60009765625,5179.5,5220.60009765625,0
2016-04-28,5225.39990234375,5239.2998046875,5187.7001953125,5187.7001953125,0
2016-04-29,5252.2001953125,5257.10009765625,5210.5,5225.39990234375,0
2016-05-02,5243.0,5252.2001953125,5182.2001953125,5252.2001953125,0
2016-05-03,5353.7998046875,5357.0,5217.39990234375,5243.0,0
2016-05-04,5271.10009765625,5353.7998046875,5271.10009765625,5353.7998046875,0
2016-05-05,5279.10009765625,5294.10009765625,5249.7998046875,5271.10009765625,0
2016-05-06,5292.0,5292.0,5200.2998046875,5281.60009765625,0
2016-05-09,5320.7001953125,5321.39990234375,5264.39990234375,5292.0,0
2016-05-10,5342.7998046875,5343.2001953125,5288.39990234375,5320.7001953125,0
2016-05-11,5372.2998046875,5425.2001953125,5342.7998046875,5342.7998046875,0
2016-05-12,5359.2998046875,5372.2998046875,5337.60009765625,5372.2998046875,0
2016-05-13,5329.0,5371.7001953125,5309.0,5359.2998046875,0
2016-05-16,5358.89990234375,5371.10009765625,5319.7998046875,5329.0,0
2016-05-17,5395.89990234375,5395.89990234375,5358.89990234375,5358.89990234375,0
2016-05-18,5356.2001953125,5395.89990234375,5347.10009765625,5395.89990234375,0
2016-05-19,5323.2998046875,5371.10009765625,5303.10009765625,5356.2001953125,0
2016-05-20,5351.2998046875,5366.0,5320.2998046875,5323.2998046875,0
2016-05-23,5318.89990234375,5364.60009765625,5297.5,5351.2998046875,0
2016-05-24,5295.60009765625,5324.0,5295.60009765625,5318.89990234375,0
2016-05-25,5372.5,5394.39990234375,5295.60009765625,5295.60009765625,0
2016-05-26,5388.10009765625,5402.7001953125,5354.10009765625,5372.5,0
2016-05-27,5405.89990234375,5427.7001953125,5388.10009765625,5388.10009765625,0
2016-05-30,5408.0,5415.0,5391.5,5405.89990234375,0
2016-05-31,5378.60009765625,5408.0,5365.2998046875,5408.0,0
2016-06-01,5323.2001953125,5378.60009765625,5306.2998046875,5378.60009765625,0
2016-06-02,5278.89990234375,5327.7998046875,5270.89990234375,5323.2001953125,0
2016-06-03,5318.89990234375,5324.2998046875,5278.89990234375,5278.89990234375,0
2016-06-06,5360.39990234375,5374.89990234375,5317.10009765625,5318.89990234375,0
2016-06-07,5371.0,5392.5,5360.10009765625,5360.10009765625,0
2016-06-08,5370.0,5375.5,5335.2001953125,5371.0,0
2016-06-09,5361.89990234375,5386.0,5336.0,5370.0,0
2016-06-10,5312.60009765625,5361.89990234375,5294.2001953125,5361.89990234375,0
2016-06-14,5203.2998046875,5312.60009765625,5197.39990234375,5312.60009765625,0
2016-06-15,5147.10009765625,5203.2998046875,5147.10009765625,5203.2998046875,0
2016-06-16,5146.0,5198.89990234375,5141.0,5147.10009765625,0
2016-06-17,5162.7001953125,5178.39990234375,5146.0,5146.0,0
2016-06-20,5256.7998046875,5256.7998046875,5162.7001953125,5162.7001953125,0
2016-06-21,5274.39990234375,5290.0,5252.2998046875,5256.7998046875,0
2016-06-22,5270.89990234375,5297.7998046875,5259.2998046875,5274.39990234375,0
2016-06-23,5280.7001953125,5292.7998046875,5269.39990234375,5271.0,0
2016-06-24,5113.2001953125,5325.39990234375,5080.0,5280.7001953125,0
2016-06-27,5137.2001953125,5154.89990234375,5051.0,5113.2001953125,0
2016-06-28,5103.2998046875,5137.2001953125,5051.10009765625,5137.2001953125,0
2016-06-29,5142.39990234375,5156.5,5103.2998046875,5103.2998046875,0
2016-06-30,5233.39990234375,5247.60009765625,5142.39990234375,5142.39990234375,0
2016-07-01,5246.60009765625,5278.89990234375,5233.39990234375,5233.39990234375,0
2016-07-04,5281.7998046875,5281.7998046875,5218.5,5246.60009765625,0
2016-07-05,5228.0,5282.2998046875,5221.10009765625,5281.7998046875,0
2016-07-06,5197.5,5228.0,5148.7001953125,5228.0,0
2016-07-07,5227.89990234375,5244.10009765625,5197.5,5197.5,0
2016-07-08,5230.5,5238.2998046875,5217.39990234375,5227.89990234375,0
2016-07-11,5337.10009765625,5337.10009765625,5230.5,5230.5,0
2016-07-12,5353.2001953125,5391.89990234375,5337.10009765625,5337.10009765625,0
2016-07-13,5388.5,5391.7001953125,5353.2001953125,5353.2001953125,0
2016-07-14,5411.60009765625,5416.0,5386.0,5388.5,0
2016-07-15,5429.60009765625,5452.7001953125,5411.60009765625,5411.60009765625,0
2016-07-18,5458.5,5462.2998046875,5428.89990234375,5429.60009765625,0
2016-07-19,5451.2998046875,5466.39990234375,5432.7998046875,5458.5,0
2016-07-20,5488.7001953125,5488.7001953125,5439.7998046875,5451.2998046875,0
2016-07-21,5512.39990234375,5531.89990234375,5488.7001953125,5488.7001953125,0
2016-07-22,5498.2001953125,5512.60009765625,5477.89990234375,5512.60009765625,0
2016-07-25,5533.60009765625,5548.5,5498.2001953125,5498.2001953125,0
2016-07-26,5537.5,5537.5,5498.2001953125,5530.2001953125,0
2016-07-27,5539.7001953125,5564.60009765625,5530.0,5537.5,0
2016-07-28,5556.60009765625,5564.0,5538.7998046875,5539.7001953125,0
2016-07-29,5562.2998046875,5570.39990234375,5536.89990234375,5556.60009765625,0
2016-08-01,5587.39990234375,5611.2001953125,5562.39990234375,5562.39990234375,0
2016-08-02,5540.5,5592.10009765625,5539.2998046875,5587.39990234375,0
2016-08-03,5465.7001953125,5539.2998046875,5465.7001953125,5539.2998046875,0
2016-08-04,5475.7998046875,5509.2001953125,5465.7001953125,5465.7001953125,0
2016-08-05,5497.39990234375,5512.5,5475.7998046875,5475.7998046875,0
2016-08-08,5537.7998046875,5549.60009765625,5497.39990234375,5497.39990234375,0
2016-08-09,5552.5,5553.7998046875,5536.2001953125,5537.7998046875,0
2016-08-10,5543.7001953125,5552.5,5513.2001953125,5552.5,0
2016-08-11,5508.0,5543.7001953125,5483.7001953125,5543.7001953125,0
2016-08-12,5530.89990234375,5549.10009765625,5506.2001953125,5508.0,0
2016-08-15,5540.0,5545.2001953125,5510.7998046875,5530.89990234375,0
2016-08-16,5532.0,5549.7998046875,5530.10009765625,5540.0,0
2016-08-17,5535.0,5537.89990234375,5506.7001953125,5532.0,0
2016-08-18,5507.7998046875,5546.0,5498.7001953125,5535.0,0
2016-08-19,5526.7001953125,5533.10009765625,5504.5,5507.7998046875,0
2016-08-22,5515.10009765625,5537.39990234375,5508.7001953125,5526.7001953125,0
2016-08-23,5553.7998046875,5574.0,5515.10009765625,5515.10009765625,0
2016-08-24,5561.7001953125,5569.10009765625,5552.5,5553.7998046875,0
2016-08-25,5541.89990234375,5562.39990234375,5535.39990234375,5561.7001953125,0
2016-08-26,5515.5,5544.39990234375,5513.7001953125,5541.89990234375,0
2016-08-29,5469.2001953125,5516.7001953125,5452.2998046875,5515.5,0
2016-08-30,5478.2998046875,5504.0,5469.2001953125,5469.2001953125,0
2016-08-31,5433.0,5478.2998046875,5412.60009765625,5478.2998046875,0
2016-09-01,5415.60009765625,5433.0,5405.7001953125,5433.0,0
2016-09-02,5372.7998046875,5418.89990234375,5361.7001953125,5415.60009765625,0
2016-09-05,5429.60009765625,5431.10009765625,5372.7998046875,5372.7998046875,0
2016-09-06,5413.60009765625,5430.2998046875,5404.39990234375,5429.60009765625,0
2016-09-07,5424.2001953125,5440.2001953125,5410.60009765625,5413.60009765625,0
2016-09-08,5385.7998046875,5424.2001953125,5358.0,5424.2001953125,0
2016-09-09,5339.2001953125,5385.7998046875,5332.39990234375,5385.7998046875,0
2016-09-12,5219.60009765625,5339.2001953125,5215.0,5339.2001953125,0
2016-09-13,5207.7998046875,5276.10009765625,5207.7998046875,5219.60009765625,0
2016-09-14,5227.7001953125,5230.60009765625,5192.2001953125,5207.7998046875,0
2016-09-15,5239.89990234375,5242.5,5204.0,5227.7001953125,0
2016-09-16,5296.7001953125,5306.10009765625,5239.89990234375,5239.89990234375,0
2016-09-19,5294.7998046875,5301.2001953125,5273.0,5296.7001953125,0
2016-09-20,5303.60009765625,5307.60009765625,5276.2998046875,5294.7998046875,0
2016-09-21,5339.60009765625,5345.5,5303.10009765625,5303.60009765625,0
2016-09-22,5374.5,5391.89990234375,5339.60009765625,5339.60009765625,0
2016-09-23,5431.2998046875,5434.2998046875,5373.89990234375,5374.5,0
2016-09-26,5431.39990234375,5436.10009765625,5407.60009765625,5431.2998046875,0
2016-09-27,5405.89990234375,5431.39990234375,5372.2998046875,5431.39990234375,0
2016-09-28,5412.39990234375,5435.0,5399.10009765625,5405.89990234375,0
2016-09-29,5471.2998046875,5473.2998046875,5412.39990234375,5412.39990234375,0
2016-09-30,5435.89990234375,5471.2998046875,5417.7001953125,5471.2998046875,0
2016-10-03,5478.5,5492.10009765625,5435.89990234375,5435.89990234375,0
2016-10-04,5484.0,5484.0,5448.2998046875,5478.5,0
2016-10-05,5452.89990234375,5484.0,5439.7998046875,5484.0,0
2016-10-06,5483.0,5485.7998046875,5452.89990234375,5452.89990234375,0
2016-10-07,5467.39990234375,5493.10009765625,5457.2001953125,5483.0,0
2016-10-10,5475.39990234375,5494.7001953125,5467.39990234375,5467.39990234375,0
2016-10-11,5479.7998046875,5498.0,5474.39990234375,5475.39990234375,0
2016-10-12,5474.60009765625,5479.7998046875,5433.60009765625,5479.7998046875,0
2016-10-13,5435.5,5474.60009765625,5420.7998046875,5474.60009765625,0
2016-10-14,5434.0,5447.2001953125,5430.2998046875,5435.5,0
2016-10-17,5388.7001953125,5441.2001953125,5388.7001953125,5434.0,0
2016-10-18,5410.7998046875,5417.5,5386.10009765625,5388.7001953125,0
2016-10-19,5435.39990234375,5438.60009765625,5410.7998046875,5410.7998046875,0
2016-10-20,5442.10009765625,5457.89990234375,5433.10009765625,5435.39990234375,0
2016-10-21,5430.2998046875,5446.89990234375,5410.7998046875,5442.10009765625,0
2016-10-24,5408.5,5430.2998046875,5377.39990234375,5430.2998046875,0
2016-10-25,5442.7998046875,5455.7001953125,5407.7001953125,5408.5,0
2016-10-26,5359.7998046875,5442.7998046875,5340.7001953125,5442.7998046875,0
2016-10-27,5295.5,5374.2001953125,5295.5,5359.7998046875,0
2016-10-28,5283.7998046875,5311.39990234375,5261.39990234375,5295.5,0
2016-10-31,5317.7001953125,5329.10009765625,5277.7001953125,5283.7998046875,0
2016-11-01,5290.5,5317.7001953125,5271.7001953125,5317.7001953125,0
2016-11-02,5229.0,5290.5,5207.7001953125,5290.5,0
2016-11-03,5225.60009765625,5241.2001953125,5201.5,5229.0,0
2016-11-04,5180.7998046875,5225.60009765625,5178.0,5225.60009765625,0
2016-11-07,5250.7998046875,5251.89990234375,5180.7998046875,5180.7998046875,0
2016-11-08,5257.7998046875,5282.39990234375,5244.2998046875,5250.7998046875,0
2016-11-09,5156.60009765625,5314.10009765625,5052.10009765625,5257.7998046875,0
2016-11-10,5328.7998046875,5328.7998046875,5156.60009765625,5156.60009765625,0
2016-11-11,5370.7001953125,5370.7001953125,5328.7998046875,5328.7998046875,0
2016-11-14,5345.7001953125,5370.7001953125,5315.2998046875,5370.7001953125,0
2016-11-15,5326.2001953125,5345.7001953125,5303.2998046875,5345.7001953125,0
2016-11-16,5327.7001953125,5346.7001953125,5320.2998046875,5326.2001953125,0
2016-11-17,5338.5,5344.7001953125,5286.2001953125,5327.7001953125,0
2016-11-18,5359.39990234375,5366.39990234375,5338.5,5338.5,0
2016-11-21,5351.2998046875,5364.0,5334.89990234375,5359.39990234375,0
2016-11-22,5413.2998046875,5425.5,5351.2998046875,5351.2998046875,0
2016-11-23,5484.39990234375,5488.5,5413.2998046875,5413.2998046875,0
2016-11-24,5485.10009765625,5503.2998046875,5471.7998046875,5484.39990234375,0
2016-11-25,5507.7998046875,5520.89990234375,5478.89990234375,5485.10009765625,0
2016-11-28,5464.39990234375,5507.7998046875,5464.39990234375,5507.7998046875,0
2016-11-29,5457.5,5486.60009765625,5453.2998046875,5464.39990234375,0
2016-11-30,5440.5,5458.10009765625,5423.2001953125,5457.5,0
2016-12-01,5500.2001953125,5500.2001953125,5440.5,5440.5,0
2016-12-02,5444.0,5500.2001953125,5444.0,5500.2001953125,0
2016-12-05,5400.39990234375,5444.0,5383.7998046875,5444.0,0
2016-12-06,5428.7001953125,5451.2998046875,5400.39990234375,5400.39990234375,0
2016-12-07,5478.10009765625,5478.10009765625,5428.7001953125,5428.7001953125,0
2016-12-08,5543.60009765625,5550.2001953125,5478.10009765625,5478.10009765625,0
2016-12-09,5560.60009765625,5566.10009765625,5541.2998046875,5543.60009765625,0
2016-12-12,5562.7998046875,5583.2001953125,5552.5,5560.60009765625,0
2016-12-13,5545.0,5573.7001953125,5543.5,5562.7998046875,0
2016-12-14,5584.60009765625,5595.7001953125,5545.0,5545.0,0
2016-12-15,5538.60009765625,5584.60009765625,5517.89990234375,5584.60009765625,0
2016-12-16,5532.89990234375,5549.89990234375,5510.0,5538.60009765625,0
2016-12-19,5562.10009765625,5577.89990234375,5530.89990234375,5532.89990234375,0
2016-12-20,5591.10009765625,5606.7998046875,5557.10009765625,5562.10009765625,0
2016-12-21,5613.5,5628.0,5591.10009765625,5591.10009765625,0
2016-12-22,5643.89990234375,5644.2001953125,5603.39990234375,5613.5,0
2016-12-23,5627.89990234375,5649.7998046875,5619.10009765625,5643.89990234375,0
2016-12-28,5685.0,5693.7998046875,5627.89990234375,5627.89990234375,0
2016-12-29,5699.10009765625,5699.10009765625,5659.0,5685.0,0
2016-12-30,5665.7998046875,5699.10009765625,5665.7998046875,5699.10009765625,0
2017-01-03,5733.2001953125,5736.89990234375,5667.39990234375,5667.39990234375,0
2017-01-04,5736.39990234375,5741.7001953125,5728.60009765625,5733.2001953125,0
2017-01-05,5753.2998046875,5759.5,5736.39990234375,5736.39990234375,0
2017-01-06,5755.60009765625,5765.2001953125,5747.0,5753.2998046875,0
2017-01-09,5807.39990234375,5827.5,5754.60009765625,5755.60009765625,0
2017-01-10,5760.7001953125,5807.39990234375,5746.7001953125,5807.39990234375,0
2017-01-11,5771.5,5791.60009765625,5760.7001953125,5760.7001953125,0
2017-01-12,5766.89990234375,5801.2001953125,5758.7998046875,5771.5,0
2017-01-13,5721.10009765625,5770.10009765625,5710.0,5766.89990234375,0
2017-01-16,5748.39990234375,5763.39990234375,5721.10009765625,5721.10009765625,0
2017-01-17,5699.39990234375,5748.39990234375,5695.2001953125,5748.39990234375,0
2017-01-18,5678.7998046875,5699.39990234375,5657.0,5699.39990234375,0
2017-01-19,5692.2001953125,5720.89990234375,5676.39990234375,5678.7998046875,0
2017-01-20,5654.7998046875,5692.2001953125,5646.60009765625,5692.2001953125,0
2017-01-23,5611.0,5686.89990234375,5604.2998046875,5654.7998046875,0
2017-01-24,5650.10009765625,5653.7998046875,5611.0,5611.0,0
2017-01-25,5671.5,5690.5,5650.10009765625,5650.10009765625,0
2017-01-27,5714.0,5714.2001953125,5668.5,5671.5,0
2017-01-30,5661.5,5714.0,5643.5,5714.0,0
2017-01-31,5620.89990234375,5661.5,5606.2001953125,5661.5,0
2017-02-01,5653.2001953125,5653.5,5611.39990234375,5620.89990234375,0
2017-02-02,5645.39990234375,5670.60009765625,5630.5,5653.2001953125,0
2017-02-03,5621.60009765625,5662.7998046875,5617.2001953125,5645.2998046875,0
2017-02-06,5615.60009765625,5659.10009765625,5609.39990234375,5621.60009765625,0
2017-02-07,5621.89990234375,5621.89990234375,5582.7001953125,5615.60009765625,0
2017-02-08,5651.39990234375,5655.60009765625,5620.39990234375,5621.89990234375,0
2017-02-09,5664.60009765625,5671.39990234375,5635.0,5651.39990234375,0
2017-02-10,5720.60009765625,5721.39990234375,5664.60009765625,5664.60009765625,0
2017-02-13,5760.7001953125,5764.10009765625,5720.60009765625,5720.60009765625,0
2017-02-14,5755.2001953125,5794.89990234375,5754.5,5760.7001953125,0
2017-02-15,5809.10009765625,5817.2998046875,5755.2001953125,5755.2001953125,0
2017-02-16,5816.2998046875,5833.2001953125,5789.7998046875,5809.10009765625,0
2017-02-17,5805.7998046875,5819.89990234375,5799.60009765625,5816.2998046875,0
2017-02-20,5795.10009765625,5810.10009765625,5778.89990234375,5805.7998046875,0
2017-02-21,5791.0,5795.10009765625,5774.10009765625,5795.10009765625,0
2017-02-22,5805.10009765625,5805.10009765625,5780.39990234375,5791.0,0
2017-02-23,5784.7001953125,5805.10009765625,5764.2998046875,5805.10009765625,0
2017-02-24,5739.0,5784.7001953125,5729.89990234375,5784.7001953125,0
2017-02-27,5724.2001953125,5743.5,5710.10009765625,5739.0,0
2017-02-28,5712.2001953125,5755.60009765625,5712.2001953125,5724.2001953125,0
2017-03-01,5704.7998046875,5712.2001953125,5675.0,5712.2001953125,0
2017-03-02,5776.60009765625,5776.60009765625,5704.7998046875,5704.7998046875,0
2017-03-03,5729.60009765625,5776.60009765625,5712.39990234375,5776.60009765625,0
2017-03-06,5746.5,5747.10009765625,5715.5,5729.60009765625,0
2017-03-07,5761.39990234375,5774.7998046875,5719.60009765625,5746.5,0
2017-03-08,5759.7001953125,5761.39990234375,5738.7001953125,5761.39990234375,0
2017-03-09,5741.2001953125,5760.7001953125,5729.0,5759.7001953125,0
2017-03-10,5775.60009765625,5781.2001953125,5741.2001953125,5741.2001953125,0
2017-03-13,5757.2998046875,5775.60009765625,5744.7001953125,5775.60009765625,0
2017-03-14,5759.10009765625,5783.60009765625,5743.89990234375,5757.2998046875,0
2017-03-15,5774.0,5774.39990234375,5727.7001953125,5759.10009765625,0
2017-03-16,5785.7998046875,5801.10009765625,5765.60009765625,5774.0,0
2017-03-17,5799.60009765625,5815.0,5777.89990234375,5785.7998046875,0
2017-03-20,5778.89990234375,5799.60009765625,5764.39990234375,5799.60009765625,0
2017-03-21,5774.60009765625,5779.2998046875,5760.2001953125,5778.89990234375,0
2017-03-22,5684.5,5774.60009765625,5681.0,5774.60009765625,0
2017-03-23,5708.0,5708.0,5684.5,5684.5,0
2017-03-24,5753.5,5768.39990234375,5706.2998046875,5708.0,0
2017-03-27,5746.7001953125,5753.5,5698.10009765625,5753.5,0
2017-03-28,5821.2001953125,5821.2001953125,5746.7001953125,5746.7001953125,0
2017-03-29,5873.5,5876.39990234375,5821.2001953125,5821.2001953125,0
2017-03-30,5896.2001953125,5899.2001953125,5873.5,5873.5,0
2017-03-31,5864.89990234375,5901.5,5864.89990234375,5896.2001953125,0
2017-04-03,5872.7001953125,5873.39990234375,5840.89990234375,5864.89990234375,0
2017-04-04,5856.60009765625,5874.0,5849.2001953125,5872.7001953125,0
2017-04-05,5876.2001953125,5881.0,5846.2001953125,5856.60009765625,0
2017-04-06,5856.2998046875,5876.2001953125,5833.0,5876.2001953125,0
2017-04-07,5862.5,5888.60009765625,5838.2998046875,5856.2998046875,0
2017-04-10,5912.89990234375,5912.89990234375,5862.5,5862.5,0
2017-04-11,5929.2998046875,5950.10009765625,5898.10009765625,5912.89990234375,0
2017-04-12,5934.0,5944.2001953125,5913.60009765625,5929.2998046875,0
2017-04-13,5889.89990234375,5934.0,5881.2998046875,5934.0,0
2017-04-18,5836.7001953125,5889.89990234375,5820.39990234375,5889.89990234375,0
2017-04-19,5804.0,5836.7001953125,5790.60009765625,5836.7001953125,0
2017-04-20,5821.39990234375,5826.10009765625,5801.2001953125,5804.0,0
2017-04-21,5854.10009765625,5870.39990234375,5821.39990234375,5821.39990234375,0
2017-04-24,5871.7998046875,5894.7001953125,5853.7998046875,5854.10009765625,0
2017-04-26,5912.0,5923.89990234375,5871.7998046875,5871.7998046875,0
2017-04-27,5921.5,5924.2001953125,5906.39990234375,5912.0,0
2017-04-28,5924.10009765625,5924.10009765625,5894.7998046875,5921.5,0
2017-05-01,5956.39990234375,5956.5,5916.7001953125,5924.10009765625,0
2017-05-02,5950.39990234375,5956.5,5919.0,5956.5,0
2017-05-03,5892.2998046875,5950.39990234375,5882.2001953125,5950.39990234375,0
2017-05-04,5876.39990234375,5893.60009765625,5856.39990234375,5892.2998046875,0
2017-05-05,5836.60009765625,5885.7998046875,5827.2001953125,5876.39990234375,0
2017-05-08,5870.89990234375,5885.39990234375,5836.60009765625,5836.60009765625,0
2017-05-09,5839.89990234375,5870.89990234375,5830.5,5870.89990234375,0
2017-05-10,5875.39990234375,5888.10009765625,5816.5,5839.89990234375,0
2017-05-11,5878.2998046875,5922.5,5873.39990234375,5875.39990234375,0
2017-05-12,5836.89990234375,5878.7001953125,5815.60009765625,5878.2998046875,0
2017-05-15,5838.39990234375,5847.0,5805.89990234375,5836.89990234375,0
2017-05-16,5850.5,5871.60009765625,5835.7001953125,5838.39990234375,0
2017-05-17,5786.0,5850.5,5784.5,5850.5,0
2017-05-18,5738.2998046875,5786.0,5697.60009765625,5786.0,0
2017-05-19,5727.39990234375,5740.5,5707.39990234375,5738.2998046875,0
2017-05-22,5771.2001953125,5778.10009765625,5727.39990234375,5727.39990234375,0
2017-05-23,5760.2001953125,5795.7001953125,5753.10009765625,5771.2001953125,0
2017-05-24,5769.0,5776.0,5754.39990234375,5760.2001953125,0
2017-05-25,5789.60009765625,5790.5,5749.2998046875,5769.0,0
2017-05-26,5751.7001953125,5789.60009765625,5738.60009765625,5789.60009765625,0
2017-05-29,5707.10009765625,5758.2001953125,5707.10009765625,5751.2001953125,0
2017-05-30,5717.89990234375,5726.60009765625,5679.7998046875,5707.0,0
2017-05-31,5724.60009765625,5740.10009765625,5708.5,5717.89990234375,0
2017-06-01,5738.10009765625,5738.60009765625,5709.39990234375,5724.60009765625,0
2017-06-02,5788.10009765625,5793.7001953125,5738.10009765625,5738.10009765625,0
2017-06-05,5754.89990234375,5788.10009765625,5737.39990234375,5788.10009765625,0
2017-06-06,5667.5,5754.89990234375,5667.5,5754.89990234375,0
2017-06-07,5667.2001953125,5682.5,5642.60009765625,5667.5,0
2017-06-08,5676.60009765625,5679.10009765625,5629.7998046875,5667.2001953125,0
2017-06-09,5677.7998046875,5691.7998046875,5649.7001953125,5676.60009765625,0
2017-06-13,5772.7998046875,5772.7998046875,5677.7998046875,5677.7998046875,0
2017-06-14,5833.89990234375,5836.39990234375,5772.7998046875,5772.7998046875,0
2017-06-15,5763.2001953125,5833.89990234375,5752.2001953125,5833.89990234375,0
2017-06-16,5774.0,5794.5,5760.7998046875,5760.7998046875,0
2017-06-19,5805.2001953125,5806.39990234375,5769.39990234375,5774.0,0
2017-06-20,5757.2998046875,5809.2998046875,5757.2998046875,5805.2001953125,0
2017-06-21,5665.7001953125,5757.2998046875,5665.2998046875,5757.2998046875,0
2017-06-22,5706.0,5723.89990234375,5665.7001953125,5665.7001953125,0
2017-06-23,5715.89990234375,5723.2998046875,5692.89990234375,5706.0,0
2017-06-26,5720.2001953125,5749.0,5711.0,5715.89990234375,0
2017-06-27,5714.2001953125,5721.10009765625,5685.2001953125,5720.2001953125,0
2017-06-28,5755.7001953125,5757.2998046875,5702.7001953125,5714.2001953125,0
2017-06-29,5818.10009765625,5819.7001953125,5755.7001953125,5755.7001953125,0
2017-06-30,5721.5,5818.10009765625,5718.10009765625,5818.10009765625,0
2017-07-03,5684.5,5729.60009765625,5682.89990234375,5721.5,0
2017-07-04,5783.7998046875,5792.0,5684.5,5684.5,0
2017-07-05,5763.2998046875,5790.39990234375,5755.2001953125,5783.7998046875,0
2017-07-06,5758.7998046875,5771.60009765625,5741.7001953125,5763.2998046875,0
2017-07-07,5703.60009765625,5758.7998046875,5676.0,5758.7998046875,0
2017-07-10,5724.39990234375,5747.5,5703.60009765625,5703.60009765625,0
2017-07-11,5728.89990234375,5744.5,5700.7001953125,5724.39990234375,0
2017-07-12,5673.7998046875,5730.2998046875,5665.60009765625,5728.89990234375,0
2017-07-13,5736.7998046875,5742.7001953125,5673.7998046875,5673.7998046875,0
2017-07-14,5765.10009765625,5778.7998046875,5736.7998046875,5736.7998046875,0
2017-07-17,5755.5,5773.7001953125,5735.5,5765.10009765625,0
2017-07-18,5687.39990234375,5761.60009765625,5678.7001953125,5755.5,0
2017-07-19,5732.10009765625,5743.7998046875,5687.39990234375,5687.39990234375,0
2017-07-20,5761.5,5770.7998046875,5732.10009765625,5732.10009765625,0
2017-07-21,5722.7998046875,5761.5,5709.5,5761.5,0
2017-07-24,5688.10009765625,5722.7998046875,5653.2998046875,5722.7998046875,0
2017-07-25,5726.60009765625,5742.7998046875,5688.10009765625,5688.10009765625,0
2017-07-26,5776.60009765625,5787.60009765625,5726.60009765625,5726.60009765625,0
2017-07-27,5785.0,5799.60009765625,5776.60009765625,5776.60009765625,0
2017-07-28,5702.7998046875,5785.0,5692.7998046875,5785.0,0
2017-07-31,5720.60009765625,5745.2001953125,5701.7998046875,5702.7998046875,0
2017-08-01,5772.39990234375,5774.5,5720.60009765625,5720.60009765625,0
2017-08-02,5744.2001953125,5779.60009765625,5738.10009765625,5772.39990234375,0
2017-08-03,5735.10009765625,5744.60009765625,5706.2001953125,5744.2001953125,0
2017-08-04,5720.60009765625,5738.60009765625,5709.2998046875,5735.10009765625,0
2017-08-07,5773.60009765625,5781.60009765625,5720.60009765625,5720.60009765625,0
2017-08-08,5743.7998046875,5792.0,5722.10009765625,5773.60009765625,0
2017-08-09,5765.7001953125,5777.2001953125,5742.7998046875,5743.7998046875,0
2017-08-10,5760.89990234375,5795.5,5747.0,5765.7001953125,0
2017-08-11,5693.10009765625,5760.89990234375,5674.0,5760.89990234375,0
2017-08-14,5730.39990234375,5735.7001953125,5693.10009765625,5693.10009765625,0
2017-08-15,5757.5,5777.2001953125,5730.39990234375,5730.39990234375,0
2017-08-16,5785.10009765625,5785.10009765625,5728.7998046875,5757.5,0
2017-08-17,5779.2001953125,5806.2998046875,5765.7998046875,5785.10009765625,0
2017-08-18,5747.10009765625,5779.2001953125,5711.0,5779.2001953125,0
2017-08-21,5725.89990234375,5747.10009765625,5699.0,5747.10009765625,0
2017-08-22,5750.10009765625,5750.89990234375,5725.89990234375,5725.89990234375,0
2017-08-23,5737.2001953125,5781.39990234375,5723.5,5750.10009765625,0
2017-08-24,5745.5,5753.7001953125,5716.89990234375,5737.2001953125,0
2017-08-25,5743.89990234375,5750.5,5721.2998046875,5745.5,0
2017-08-28,5709.89990234375,5746.2998046875,5699.60009765625,5743.89990234375,0
2017-08-29,5669.0,5709.7001953125,5645.7998046875,5709.7001953125,0
2017-08-30,5669.7001953125,5691.2998046875,5654.89990234375,5669.0,0
2017-08-31,5714.5,5714.5,5669.7001953125,5669.7001953125,0
2017-09-01,5724.60009765625,5734.89990234375,5700.7998046875,5714.5,0
2017-09-05,5706.2001953125,5706.2001953125,5666.2001953125,5702.0,0
2017-09-06,5689.7001953125,5706.2001953125,5662.7001953125,5706.2001953125,0
2017-09-07,5689.89990234375,5718.10009765625,5679.2998046875,5689.7001953125,0
2017-09-08,5672.60009765625,5694.2001953125,5661.39990234375,5689.89990234375,0
2017-09-11,5713.10009765625,5723.0,5669.7998046875,5672.7998046875,0
2017-09-12,5746.39990234375,5764.60009765625,5713.10009765625,5713.10009765625,0
2017-09-13,5744.2998046875,5777.7001953125,5744.2998046875,5746.39990234375,0
2017-09-14,5738.7001953125,5749.0,5726.2998046875,5744.2998046875,0
2017-09-15,5695.0,5738.7001953125,5686.39990234375,5738.7001953125,0
2017-09-18,5720.60009765625,5731.5,5695.0,5695.0,0
2017-09-19,5713.60009765625,5742.2001953125,5713.60009765625,5720.60009765625,0
2017-09-20,5709.10009765625,5713.60009765625,5680.5,5713.60009765625,0
2017-09-21,5655.39990234375,5709.10009765625,5639.39990234375,5709.10009765625,0
2017-09-22,5682.10009765625,5688.2001953125,5655.39990234375,5655.39990234375,0
2017-09-25,5683.7001953125,5710.39990234375,5679.2001953125,5682.10009765625,0
2017-09-26,5671.0,5698.5,5666.60009765625,5683.7001953125,0
2017-09-27,5664.2998046875,5672.60009765625,5649.10009765625,5671.0,0
2017-09-28,5670.39990234375,5685.89990234375,5664.2998046875,5664.2998046875,0
2017-09-29,5681.60009765625,5688.5,5651.89990234375,5670.39990234375,0
2017-10-02,5729.2998046875,5751.0,5681.60009765625,5681.60009765625,0
2017-10-03,5701.39990234375,5736.39990234375,5692.7001953125,5729.2998046875,0
2017-10-04,5652.10009765625,5702.7998046875,5651.10009765625,5701.39990234375,0
2017-10-05,5651.7998046875,5673.60009765625,5650.89990234375,5652.10009765625,0
2017-10-06,5710.7001953125,5710.7001953125,5651.7998046875,5651.7998046875,0
2017-10-09,5739.2998046875,5759.2001953125,5710.7998046875,5710.7998046875,0
2017-10-10,5738.10009765625,5750.2998046875,5720.39990234375,5739.2998046875,0
2017-10-11,5772.10009765625,5778.10009765625,5738.10009765625,5738.10009765625,0
2017-10-12,5794.5,5794.5,5763.7001953125,5772.10009765625,0
2017-10-13,5814.2001953125,5825.2001953125,5792.7001953125,5794.5,0
2017-10-16,5846.7998046875,5856.2998046875,5814.2001953125,5814.2001953125,0
2017-10-17,5889.60009765625,5896.2998046875,5846.7998046875,5846.7998046875,0
2017-10-18,5890.5,5906.10009765625,5886.7001953125,5889.60009765625,0
2017-10-19,5896.10009765625,5910.2001953125,5884.89990234375,5890.5,0
2017-10-20,5907.0,5924.89990234375,5868.60009765625,5896.10009765625,0
2017-10-23,5894.0,5925.2998046875,5892.2998046875,5907.0,0
2017-10-24,5897.60009765625,5908.7998046875,5885.39990234375,5894.0,0
2017-10-25,5905.60009765625,5919.89990234375,5895.10009765625,5897.60009765625,0
2017-10-26,5916.2998046875,5916.2998046875,5884.60009765625,5905.60009765625,0
2017-10-27,5903.2001953125,5938.10009765625,5859.2001953125,5916.2998046875,0
2017-10-30,5919.10009765625,5927.7001953125,5903.60009765625,5903.60009765625,0
2017-10-31,5909.0,5934.5,5908.2998046875,5919.10009765625,0
2017-11-01,5937.7998046875,5952.39990234375,5909.0,5909.0,0
2017-11-02,5931.7001953125,5961.5,5929.10009765625,5937.7998046875,0
2017-11-03,5959.89990234375,5968.2001953125,5931.7001953125,5931.7001953125,0
2017-11-06,5953.7998046875,5966.2998046875,5945.7001953125,5959.89990234375,0
2017-11-07,6014.2998046875,6017.39990234375,5953.7998046875,5953.7998046875,0
2017-11-08,6016.2998046875,6022.7998046875,5996.2001953125,6014.2998046875,0
2017-11-09,6049.39990234375,6052.10009765625,6016.2998046875,6016.2998046875,0
2017-11-10,6029.39990234375,6049.39990234375,6020.7001953125,6049.39990234375,0
2017-11-13,6021.7998046875,6029.39990234375,6010.7001953125,6029.39990234375,0
2017-11-14,5966.0,6021.7998046875,5957.10009765625,6021.7998046875,0
2017-11-15,5934.2001953125,5968.7001953125,5934.2001953125,5968.7001953125,0
2017-11-16,5943.5,5953.60009765625,5916.10009765625,5934.2001953125,0
2017-11-17,5957.2998046875,5978.7001953125,5943.5,5943.5,0
2017-11-20,5945.7001953125,5957.2998046875,5922.60009765625,5957.2998046875,0
2017-11-21,5963.5,5969.10009765625,5945.2001953125,5945.7001953125,0
2017-11-22,5986.39990234375,5998.10009765625,5963.5,5963.5,0
2017-11-23,5960.60009765625,5986.2998046875,5958.10009765625,5986.2998046875,78246200
2017-11-24,5982.60009765625,5986.2998046875,5951.39990234375,5986.2998046875,0
2017-11-27,5988.7998046875,6009.0,5978.10009765625,5982.60009765625,0
2017-11-28,5984.2998046875,6004.2998046875,5976.2998046875,5988.7998046875,0
2017-11-29,6011.10009765625,6031.39990234375,5984.2998046875,5984.2998046875,0
2017-11-30,5969.89990234375,6011.10009765625,5949.2001953125,6011.10009765625,0
2017-12-01,5989.7998046875,6011.39990234375,5969.89990234375,5969.89990234375,0
2017-12-04,5985.60009765625,6000.5,5979.0,5989.7998046875,0
2017-12-05,5971.7001953125,5985.60009765625,5948.7001953125,5985.60009765625,0
2017-12-06,5946.10009765625,5971.7998046875,5938.7001953125,5971.7998046875,0
2017-12-07,5977.7001953125,5987.2001953125,5944.2998046875,5945.7001953125,0
2017-12-08,5994.39990234375,6012.0,5977.7001953125,5977.7001953125,0
2017-12-11,5998.2998046875,6015.0,5990.0,5994.39990234375,0
2017-12-12,6013.2001953125,6015.7998046875,5998.2998046875,5998.2998046875,0
2017-12-13,6021.7998046875,6027.2001953125,6003.10009765625,6013.2001953125,0
2017-12-14,6011.2998046875,6043.39990234375,6011.2998046875,6021.7998046875,0
2017-12-15,5997.0,6011.2998046875,5989.7998046875,6011.2998046875,0
2017-12-18,6038.89990234375,6040.89990234375,5997.0,5997.0,0
2017-12-19,6071.7998046875,6080.60009765625,6038.89990234375,6038.89990234375,0
2017-12-20,6075.60009765625,6083.2998046875,6057.0,6071.7998046875,0
2017-12-21,6060.39990234375,6082.0,6054.7998046875,6075.60009765625,0
2017-12-22,6069.7001953125,6087.2001953125,6060.39990234375,6060.39990234375,0
2017-12-27,6069.89990234375,6092.7998046875,6069.0,6069.7001953125,0
2017-12-28,6088.10009765625,6088.10009765625,6063.2001953125,6069.89990234375,0
2017-12-29,6065.10009765625,6091.60009765625,6051.60009765625,6088.10009765625,0
2018-01-02,6061.2998046875,6074.10009765625,6035.7998046875,6065.10009765625,0
2018-01-03,6070.39990234375,6082.2998046875,6060.7998046875,6061.2998046875,0
2018-01-04,6077.10009765625,6102.2001953125,6068.7998046875,6070.39990234375,0
2018-01-05,6122.2998046875,6124.7998046875,6077.10009765625,6077.10009765625,0
2018-01-08,6130.39990234375,6143.0,6122.2998046875,6122.2998046875,0
2018-01-09,6135.7998046875,6149.60009765625,6130.39990234375,6130.39990234375,0
2018-01-10,6096.7001953125,6150.0,6096.5,6135.7998046875,0
2018-01-11,6067.60009765625,6097.10009765625,6053.89990234375,6096.7001953125,0
2018-01-12,6070.10009765625,6086.0,6067.60009765625,6067.60009765625,0
2018-01-15,6077.10009765625,6103.60009765625,6070.10009765625,6070.10009765625,0
2018-01-16,6048.60009765625,6077.7998046875,6042.0,6077.10009765625,0
2018-01-17,6015.7998046875,6048.60009765625,6012.89990234375,6048.60009765625,0
2018-01-18,6014.60009765625,6035.60009765625,6014.60009765625,6015.7998046875,0
2018-01-19,6005.7998046875,6028.7001953125,6002.2001953125,6014.60009765625,0
2018-01-22,5991.89990234375,6017.7998046875,5991.89990234375,6005.7998046875,0
2018-01-23,6037.0,6041.0,5991.89990234375,5991.89990234375,0
2018-01-24,6054.7001953125,6066.2998046875,6036.2001953125,6037.0,0
2018-01-25,6050.0,6056.0,6029.10009765625,6054.7001953125,0
2018-01-29,6075.39990234375,6090.2001953125,6050.0,6050.0,0
2018-01-30,6022.7998046875,6075.39990234375,6016.5,6075.39990234375,0
2018-01-31,6037.7001953125,6043.7001953125,5993.60009765625,6022.7998046875,0
2018-02-01,6090.10009765625,6093.60009765625,6037.7001953125,6037.7001953125,0
2018-02-02,6121.39990234375,6121.39990234375,6077.7998046875,6090.10009765625,0
2018-02-05,6026.2001953125,6121.39990234375,6013.2001953125,6121.39990234375,0
2018-02-06,5833.2998046875,6026.2001953125,5795.89990234375,6026.2001953125,0
2018-02-07,5876.7998046875,5938.60009765625,5833.2998046875,5833.2998046875,0
2018-02-08,5890.7001953125,5893.60009765625,5838.10009765625,5876.7998046875,0
2018-02-09,5838.0,5890.7001953125,5786.7998046875,5890.7001953125,0
2018-02-12,5820.7001953125,5840.5,5791.2998046875,5838.0,0
2018-02-13,5855.89990234375,5860.2001953125,5814.89990234375,5820.7001953125,0
2018-02-14,5841.2001953125,5868.10009765625,5830.7998046875,5855.89990234375,0
2018-02-15,5909.0,5913.10009765625,5841.2001953125,5841.2001953125,0
2018-02-16,5904.0,5938.10009765625,5902.2998046875,5909.0,0
2018-02-19,5941.60009765625,5949.60009765625,5890.2001953125,5904.39990234375,7891300
2018-02-20,5940.89990234375,5942.2998046875,5912.7001953125,5941.60009765625,0
2018-02-21,5943.7001953125,5955.2001953125,5920.2001953125,5940.89990234375,0
2018-02-22,5950.89990234375,5973.10009765625,5928.2998046875,5943.7001953125,0
2018-02-23,5999.7998046875,6003.39990234375,5950.89990234375,5950.89990234375,0
2018-02-26,6042.2001953125,6042.2001953125,5999.7998046875,5999.7998046875,0
2018-02-27,6056.89990234375,6083.0,6042.2001953125,6042.2001953125,0
2018-02-28,6016.0,6056.89990234375,6012.60009765625,6056.89990234375,0
2018-03-01,5973.2998046875,6016.0,5957.5,6016.0,0
2018-03-02,5928.89990234375,5973.2998046875,5902.2001953125,5973.2998046875,0
2018-03-05,5959.5,5960.2001953125,5895.0,5895.0,34463900
2018-03-06,5962.39990234375,5979.5,5895.0,5895.0,0
2018-03-07,5902.0,5962.39990234375,5895.2998046875,5962.39990234375,0
2018-03-08,5942.89990234375,5942.89990234375,5895.60009765625,5902.0,0
2018-03-09,5963.2001953125,5978.39990234375,5942.10009765625,5942.89990234375,0
2018-03-12,5996.10009765625,6026.10009765625,5971.2998046875,5971.2998046875,0
2018-03-13,5974.7001953125,5996.10009765625,5949.60009765625,5996.10009765625,0
2018-03-14,5935.2998046875,5974.7001953125,5922.7998046875,5974.7001953125,0
2018-03-15,5920.7998046875,5935.2998046875,5906.10009765625,5935.2998046875,0
2018-03-16,5949.39990234375,5952.7001953125,5920.89990234375,5920.89990234375,0
2018-03-19,5959.39990234375,5982.5,5933.5,5949.39990234375,0
2018-03-20,5936.39990234375,5959.39990234375,5915.60009765625,5959.39990234375,0
2018-03-21,5950.2998046875,5963.0,5934.7001953125,5936.39990234375,0
2018-03-22,5937.2001953125,5958.2998046875,5909.10009765625,5950.2998046875,0
2018-03-23,5820.7001953125,5937.2001953125,5808.10009765625,5937.2001953125,0
2018-03-26,5790.5,5820.7001953125,5773.2998046875,5820.7001953125,0
2018-03-27,5832.2998046875,5837.5,5790.5,5790.5,0
2018-03-28,5789.5,5832.2998046875,5781.60009765625,5832.2998046875,0
2018-03-29,5759.39990234375,5804.2998046875,5752.7001953125,5789.5,0
2018-04-03,5751.89990234375,5766.0,5724.7998046875,5759.39990234375,0
2018-04-04,5761.39990234375,5764.2998046875,5728.7998046875,5751.89990234375,0
2018-04-05,5788.7998046875,5806.0,5761.39990234375,5761.39990234375,0
2018-04-06,5788.7001953125,5799.2001953125,5761.89990234375,5788.7998046875,0
2018-04-09,5808.7001953125,5816.60009765625,5771.10009765625,5788.7001953125,0
2018-04-10,5857.0,5857.7998046875,5785.7001953125,5808.7001953125,0
2018-04-11,5828.7001953125,5864.0,5825.2998046875,5857.0,0
2018-04-12,5815.5,5837.89990234375,5801.5,5828.7001953125,0
2018-04-13,5829.10009765625,5844.7001953125,5815.5,5815.5,0
2018-04-16,5841.2998046875,5867.60009765625,5829.10009765625,5829.10009765625,0
2018-04-17,5841.5,5871.10009765625,5841.2998046875,5841.2998046875,0
2018-04-18,5861.39990234375,5864.7998046875,5841.5,5841.5,0
2018-04-19,5881.0,5902.89990234375,5861.39990234375,5861.39990234375,0
2018-04-20,5868.7998046875,5887.0,5862.7001953125,5881.0,0
2018-04-23,5886.0,5894.7001953125,5868.7998046875,5868.7998046875,0
2018-04-24,5921.60009765625,5928.7998046875,5879.60009765625,5886.0,0
2018-04-26,5910.7998046875,5938.7998046875,5903.10009765625,5921.60009765625,0
2018-04-27,5953.60009765625,5953.60009765625,5910.7998046875,5910.7998046875,0
2018-04-30,5982.7001953125,5991.10009765625,5945.60009765625,5953.60009765625,0
2018-05-01,6015.2001953125,6022.10009765625,5978.5,5982.7001953125,0
2018-05-02,6050.2001953125,6053.60009765625,6009.5,6015.2001953125,0
2018-05-03,6098.2998046875,6109.7001953125,6050.2001953125,6050.2001953125,0
2018-05-04,6062.89990234375,6109.7001953125,6061.2998046875,6098.2998046875,0
2018-05-07,6084.5,6110.2001953125,6063.2001953125,6063.2001953125,0
2018-05-08,6091.89990234375,6111.2001953125,6084.5,6084.5,0
2018-05-09,6108.0,6111.5,6083.2998046875,6091.89990234375,0
2018-05-10,6118.7001953125,6145.2001953125,6108.0,6108.0,0
2018-05-11,6116.2001953125,6140.89990234375,6116.2001953125,6118.7001953125,0
2018-05-14,6135.2998046875,6135.5,6109.2998046875,6116.2001953125,0
2018-05-15,6097.7998046875,6146.7998046875,6097.7998046875,6135.2998046875,0
2018-05-16,6107.0,6129.7001953125,6094.5,6097.7998046875,0
2018-05-17,6094.2998046875,6120.2001953125,6077.60009765625,6107.0,0
2018-05-18,6087.39990234375,6110.60009765625,6079.5,6094.2998046875,0
2018-05-21,6084.5,6094.89990234375,6070.2998046875,6087.39990234375,0
2018-05-22,6041.89990234375,6084.5,6028.5,6084.5,0
2018-05-23,6032.5,6056.60009765625,6026.10009765625,6041.89990234375,0
2018-05-24,6037.10009765625,6039.2998046875,6011.89990234375,6032.5,0
2018-05-25,6032.7998046875,6038.89990234375,6016.60009765625,6037.10009765625,0
2018-05-28,6004.0,6032.7998046875,5993.7998046875,6032.7998046875,0
2018-05-29,6013.60009765625,6025.2001953125,5995.60009765625,6004.0,0
2018-05-30,5984.7001953125,6013.60009765625,5964.10009765625,6013.60009765625,0
2018-05-31,6011.89990234375,6024.39990234375,5984.7001953125,5984.7001953125,0
2018-06-01,5990.39990234375,6011.89990234375,5972.0,6011.89990234375,0
2018-06-04,6025.5,6038.5,5990.39990234375,5990.39990234375,0
2018-06-05,5994.89990234375,6025.5,5982.2001953125,6025.5,0
2018-06-06,6025.10009765625,6026.10009765625,5994.89990234375,5994.89990234375,0
2018-06-07,6057.2998046875,6070.7001953125,6025.10009765625,6025.10009765625,0
2018-06-08,6045.2001953125,6060.7998046875,6041.39990234375,6057.2998046875,0
2018-06-12,6054.39990234375,6063.89990234375,6040.7998046875,6045.2001953125,0
2018-06-13,6023.5,6054.39990234375,6010.7001953125,6054.39990234375,0
2018-06-14,6016.60009765625,6033.7001953125,6007.5,6023.5,0
2018-06-15,6094.0,6100.10009765625,6016.60009765625,6016.60009765625,0
2018-06-18,6104.10009765625,6114.89990234375,6085.2001953125,6094.0,0
2018-06-19,6102.10009765625,6147.60009765625,6102.10009765625,6104.10009765625,0
2018-06-20,6172.60009765625,6172.60009765625,6102.10009765625,6102.10009765625,0
2018-06-21,6232.10009765625,6249.2998046875,6172.60009765625,6172.60009765625,0
2018-06-22,6225.2001953125,6243.39990234375,6217.0,6232.10009765625,0
2018-06-25,6210.39990234375,6250.7998046875,6204.2998046875,6225.7001953125,0
2018-06-26,6197.60009765625,6210.39990234375,6161.10009765625,6210.39990234375,0
2018-06-27,6195.89990234375,6216.2998046875,6189.39990234375,6197.60009765625,0
2018-06-28,6215.39990234375,6218.89990234375,6178.39990234375,6195.89990234375,0
2018-06-29,6194.60009765625,6232.60009765625,6194.60009765625,6215.39990234375,0
2018-07-02,6177.7998046875,6220.10009765625,6177.5,6194.60009765625,0
2018-07-03,6210.2001953125,6218.2998046875,6177.7998046875,6177.7998046875,0
2018-07-04,6183.39990234375,6213.7998046875,6174.39990234375,6210.2001953125,0
2018-07-05,6215.5,6218.5,6182.0,6183.39990234375,0
2018-07-06,6272.2998046875,6273.5,6215.5,6215.5,0
2018-07-09,6286.0,6301.5,6272.2998046875,6272.2998046875,0
2018-07-10,6258.10009765625,6306.10009765625,6257.89990234375,6286.0,0
2018-07-11,6215.60009765625,6258.10009765625,6209.60009765625,6258.10009765625,0
2018-07-12,6268.2998046875,6279.7998046875,6209.89990234375,6215.60009765625,0
2018-07-13,6268.39990234375,6287.10009765625,6251.10009765625,6268.2998046875,0
2018-07-16,6241.5,6275.7001953125,6235.5,6267.60009765625,0
2018-07-17,6203.60009765625,6241.5,6199.89990234375,6241.5,0
2018-07-18,6245.10009765625,6256.7998046875,6203.60009765625,6203.60009765625,0
2018-07-19,6262.7001953125,6274.2001953125,6243.10009765625,6245.10009765625,0
2018-07-20,6285.89990234375,6297.89990234375,6254.7998046875,6262.7001953125,0
2018-07-23,6227.60009765625,6285.89990234375,6224.89990234375,6285.89990234375,0
2018-07-24,6265.7998046875,6269.2001953125,6227.60009765625,6227.60009765625,0
2018-07-25,6247.60009765625,6277.2998046875,6239.7001953125,6265.7998046875,0
2018-07-26,6244.5,6252.10009765625,6214.5,6247.60009765625,0
2018-07-27,6300.2001953125,6302.2998046875,6244.5,6244.5,0
2018-07-30,6278.39990234375,6300.2001953125,6260.0,6297.0,0
2018-07-31,6280.2001953125,6298.60009765625,6271.89990234375,6278.39990234375,0
2018-08-01,6275.7001953125,6293.2998046875,6269.10009765625,6280.2001953125,0
2018-08-02,6240.89990234375,6277.5,6240.89990234375,6275.7001953125,0
2018-08-03,6234.7998046875,6269.89990234375,6231.2001953125,6240.89990234375,0
2018-08-06,6273.0,6284.2998046875,6234.7998046875,6234.7998046875,0
2018-08-07,6253.89990234375,6273.0,6244.39990234375,6273.0,0
2018-08-08,6268.5,6279.0,6253.89990234375,6253.89990234375,0
2018-08-09,6297.7001953125,6313.60009765625,6258.39990234375,6268.5,0
2018-08-10,6278.39990234375,6307.2001953125,6277.39990234375,6297.7001953125,0
2018-08-13,6252.2001953125,6279.7001953125,6239.60009765625,6278.10009765625,0
2018-08-14,6299.60009765625,6307.7998046875,6252.2001953125,6252.2001953125,0
2018-08-15,6329.0,6329.0,6274.7001953125,6299.60009765625,0
2018-08-16,6328.2998046875,6331.0,6282.39990234375,6329.0,0
2018-08-17,6339.2001953125,6348.10009765625,6316.60009765625,6328.2998046875,0
2018-08-20,6345.0,6358.0,6338.39990234375,6338.39990234375,0
2018-08-21,6284.39990234375,6345.39990234375,6275.89990234375,6345.0,0
2018-08-22,6266.0,6284.39990234375,6248.7998046875,6284.39990234375,0
2018-08-23,6244.39990234375,6275.7001953125,6242.5,6266.0,0
2018-08-24,6247.2998046875,6273.7001953125,6238.0,6244.39990234375,0
2018-08-27,6268.89990234375,6269.60009765625,6230.89990234375,6247.5,0
2018-08-28,6304.7001953125,6318.89990234375,6268.89990234375,6268.89990234375,0
2018-08-29,6352.2001953125,6352.2001953125,6303.0,6304.7001953125,0
2018-08-30,6351.7998046875,6373.5,6348.2001953125,6352.2001953125,0
2018-08-31,6319.5,6355.2001953125,6319.5,6351.7998046875,0
2018-09-03,6310.89990234375,6333.7001953125,6310.89990234375,6319.5,0
2018-09-04,6293.10009765625,6314.89990234375,6276.2998046875,6310.89990234375,0
2018-09-05,6230.39990234375,6293.10009765625,6230.39990234375,6293.10009765625,0
2018-09-06,6160.39990234375,6230.39990234375,6150.7001953125,6230.39990234375,0
2018-09-07,6143.7998046875,6160.39990234375,6102.0,6160.39990234375,0
2018-09-10,6141.7001953125,6152.7001953125,6123.7998046875,6143.7998046875,0
2018-09-11,6179.7001953125,6181.5,6139.2998046875,6141.7001953125,0
2018-09-12,6175.89990234375,6181.10009765625,6152.39990234375,6179.7001953125,0
2018-09-13,6128.7001953125,6175.89990234375,6126.7001953125,6175.89990234375,0
2018-09-14,6165.2998046875,6173.2998046875,6128.7001953125,6128.7001953125,0
2018-09-17,6185.0,6192.60009765625,6142.2998046875,6165.2998046875,0
2018-09-18,6161.5,6185.0,6149.10009765625,6185.0,0
2018-09-19,6190.0,6197.5,6161.5,6161.5,0
2018-09-20,6169.5,6196.7001953125,6163.7001953125,6190.0,0
2018-09-21,6194.60009765625,6209.60009765625,6169.5,6169.5,0
2018-09-24,6186.89990234375,6195.2001953125,6167.7001953125,6194.60009765625,0
2018-09-25,6185.89990234375,6192.2001953125,6166.7998046875,6186.89990234375,0
2018-09-26,6192.2998046875,6210.5,6182.5,6185.89990234375,0
2018-09-27,6181.2001953125,6197.10009765625,6179.7998046875,6192.2998046875,0
2018-09-28,6207.60009765625,6234.39990234375,6181.2001953125,6181.2001953125,0
2018-10-01,6172.2998046875,6207.60009765625,6154.2998046875,6207.60009765625,0
2018-10-02,6126.2001953125,6180.2998046875,6118.39990234375,6172.2998046875,0
2018-10-03,6146.10009765625,6151.39990234375,6126.2001953125,6126.2001953125,0
2018-10-04,6176.2998046875,6195.2001953125,6146.10009765625,6146.10009765625,0
2018-10-05,6185.5,6199.2001953125,6160.60009765625,6176.2998046875,0
2018-10-08,6100.2998046875,6177.39990234375,6100.2998046875,6177.39990234375,0
2018-10-09,6041.10009765625,6101.7998046875,6033.60009765625,6100.2998046875,0
2018-10-10,6049.7998046875,6057.7998046875,6022.7001953125,6041.10009765625,0
2018-10-11,5883.7998046875,6049.7998046875,5883.7998046875,6049.7998046875,0
2018-10-12,5895.7001953125,5904.0,5846.7001953125,5883.7998046875,0
2018-10-15,5837.10009765625,5895.7001953125,5796.0,5895.7001953125,0
2018-10-16,5869.89990234375,5884.7001953125,5837.10009765625,5869.89990234375,0
2018-10-17,5939.10009765625,5940.2001953125,5869.89990234375,5869.89990234375,0
2018-10-18,5942.39990234375,5942.7998046875,5914.89990234375,5939.10009765625,0
2018-10-19,5939.5,5942.39990234375,5883.2998046875,5942.39990234375,0
2018-10-22,5904.89990234375,5939.5,5887.7001953125,5939.5,0
2018-10-23,5843.10009765625,5905.39990234375,5843.10009765625,5904.89990234375,0
2018-10-24,5829.0,5857.10009765625,5819.39990234375,5843.10009765625,0
2018-10-25,5664.10009765625,5829.0,5664.10009765625,5829.0,0
2018-10-26,5665.2001953125,5700.2001953125,5624.60009765625,5664.10009765625,0
2018-10-29,5728.2001953125,5737.60009765625,5665.2001953125,5665.2001953125,0
2018-10-30,5805.10009765625,5805.10009765625,5691.7001953125,5728.2001953125,0
2018-10-31,5830.2998046875,5830.2998046875,5789.5,5805.10009765625,0
2018-11-01,5840.7998046875,5877.2001953125,5820.7001953125,5830.2998046875,0
2018-11-02,5849.2001953125,5849.2001953125,5809.2001953125,5840.7998046875,0
2018-11-05,5818.10009765625,5857.39990234375,5817.7001953125,5849.2001953125,0
2018-11-06,5875.2001953125,5877.2001953125,5818.10009765625,5818.10009765625,0
2018-11-07,5896.89990234375,5896.89990234375,5844.60009765625,5875.2001953125,0
2018-11-08,5928.2001953125,5935.5,5896.89990234375,5896.89990234375,0
2018-11-09,5921.7998046875,5933.5,5896.39990234375,5928.2001953125,0
2018-11-12,5941.2998046875,5941.2998046875,5884.60009765625,5921.7998046875,0
2018-11-13,5834.2001953125,5941.2998046875,5824.39990234375,5941.2998046875,0
2018-11-14,5732.7998046875,5837.2998046875,5728.60009765625,5834.2001953125,0
2018-11-15,5736.0,5753.5,5686.7998046875,5732.7998046875,0
2018-11-16,5730.60009765625,5757.89990234375,5726.5,5736.0,0
2018-11-19,5693.7001953125,5731.2998046875,5682.39990234375,5730.60009765625,0
2018-11-20,5671.7998046875,5693.7001953125,5635.5,5693.7001953125,0
2018-11-21,5642.7998046875,5671.7998046875,5594.0,5671.7998046875,0
2018-11-22,5691.2998046875,5695.39990234375,5642.7998046875,5642.7998046875,0
2018-11-23,5716.2001953125,5724.2998046875,5678.2998046875,5691.2998046875,0
2018-11-26,5671.60009765625,5716.2001953125,5655.60009765625,5716.2001953125,0
2018-11-27,5728.2998046875,5728.2998046875,5670.7001953125,5671.60009765625,0
2018-11-28,5725.10009765625,5737.60009765625,5706.7001953125,5728.2998046875,0
2018-11-29,5758.39990234375,5778.7001953125,5725.10009765625,5725.10009765625,0
2018-11-30,5667.2001953125,5758.39990234375,5667.2001953125,5758.39990234375,0
2018-12-03,5771.2001953125,5771.2001953125,5667.2001953125,5667.2001953125,0
2018-12-04,5713.10009765625,5771.2001953125,5713.10009765625,5771.2001953125,0
2018-12-05,5668.39990234375,5713.10009765625,5610.0,5713.10009765625,0
2018-12-06,5657.60009765625,5668.39990234375,5621.39990234375,5668.39990234375,0
2018-12-07,5681.5,5706.39990234375,5653.5,5657.7001953125,0
2018-12-10,5552.5,5681.5,5549.2998046875,5681.5,0
2018-12-11,5575.89990234375,5587.7001953125,5551.5,5555.2998046875,0
2018-12-12,5653.5,5654.89990234375,5575.89990234375,5575.89990234375,0
2018-12-13,5661.60009765625,5682.10009765625,5636.89990234375,5653.5,0
2018-12-14,5602.0,5665.2001953125,5588.60009765625,5661.60009765625,0
2018-12-17,5658.2998046875,5665.60009765625,5585.10009765625,5602.0,0
2018-12-18,5589.5,5658.2998046875,5576.7998046875,5658.2998046875,0
2018-12-19,5580.60009765625,5589.5,5555.2001953125,5589.5,0
2018-12-20,5505.7998046875,5587.60009765625,5505.7998046875,5580.60009765625,0
2018-12-21,5467.60009765625,5543.10009765625,5426.60009765625,5505.7998046875,0
2018-12-24,5493.7998046875,5496.7001953125,5410.2001953125,5467.60009765625,0
2018-12-27,5597.2001953125,5597.2001953125,5493.7998046875,5493.7998046875,0
2018-12-28,5654.2998046875,5654.2998046875,5590.7001953125,5597.2001953125,0
2018-12-31,5646.39990234375,5700.60009765625,5646.39990234375,5654.2998046875,0
2019-01-02,5557.7998046875,5652.5,5552.0,5646.39990234375,350200
2019-01-03,5633.39990234375,5646.5,5557.7998046875,5557.7998046875,451300
2019-01-04,5619.39990234375,5633.39990234375,5568.7001953125,5633.39990234375,475800
2019-01-07,5683.2001953125,5716.2001953125,5619.39990234375,5619.39990234375,439600
2019-01-08,5722.39990234375,5733.7001953125,5666.60009765625,5683.2001953125,548900
2019-01-09,5778.2998046875,5781.39990234375,5722.39990234375,5722.39990234375,554100
2019-01-10,5795.2998046875,5795.2998046875,5755.39990234375,5778.2998046875,528300
2019-01-11,5774.60009765625,5808.60009765625,5774.60009765625,5795.2998046875,398500
2019-01-14,5773.39990234375,5801.5,5756.89990234375,5774.60009765625,374100
2019-01-15,5814.60009765625,5814.60009765625,5773.39990234375,5773.39990234375,435700
2019-01-16,5835.2001953125,5835.2001953125,5805.0,5814.60009765625,549000
2019-01-17,5850.10009765625,5856.39990234375,5831.0,5835.2001953125,486000
2019-01-18,5879.60009765625,5888.10009765625,5850.10009765625,5850.10009765625,450700
2019-01-21,5890.39990234375,5911.7998046875,5879.60009765625,5879.60009765625,376400
2019-01-22,5858.7998046875,5890.39990234375,5851.2998046875,5890.39990234375,361000
2019-01-23,5843.7001953125,5862.0,5831.39990234375,5858.7998046875,518400
2019-01-24,5865.7001953125,5865.7001953125,5839.7001953125,5844.39990234375,540700
2019-01-25,5905.60009765625,5915.2001953125,5864.0,5865.7001953125,658300
2019-01-29,5874.2001953125,5907.60009765625,5861.60009765625,5905.60009765625,705600
2019-01-30,5886.7001953125,5912.39990234375,5865.89990234375,5874.2001953125,684700
2019-01-31,5864.7001953125,5912.60009765625,5864.7001953125,5886.7001953125,947600
2019-02-01,5862.7998046875,5881.60009765625,5857.39990234375,5864.7001953125,723800
2019-02-04,5891.2001953125,5899.2001953125,5848.89990234375,5862.7998046875,604200
2019-02-05,6005.89990234375,6039.2001953125,5891.2001953125,5891.2001953125,736600
2019-02-06,6026.10009765625,6042.5,5990.5,6005.89990234375,582200
2019-02-07,6092.5,6105.89990234375,6026.10009765625,6026.10009765625,638800
2019-02-08,6071.5,6094.7001953125,6054.10009765625,6092.5,616500
2019-02-11,6060.7998046875,6084.89990234375,6028.60009765625,6071.5,506100
2019-02-12,6079.10009765625,6093.2001953125,6053.39990234375,6060.7998046875,687900
2019-02-13,6063.60009765625,6094.0,6053.0,6079.10009765625,664500
2019-02-14,6059.39990234375,6093.60009765625,6046.7001953125,6063.60009765625,728100
2019-02-15,6066.10009765625,6076.10009765625,6048.89990234375,6059.39990234375,662300
2019-02-18,6089.7998046875,6115.7001953125,6066.10009765625,6066.10009765625,607600
2019-02-19,6106.89990234375,6119.5,6081.39990234375,6089.7998046875,636500
2019-02-20,6096.5,6125.7998046875,6077.5,6106.89990234375,676100
2019-02-21,6139.2001953125,6153.60009765625,6083.60009765625,6096.5,859600
2019-02-22,6167.2998046875,6176.2001953125,6126.5,6139.2001953125,788400
2019-02-25,6186.2998046875,6191.10009765625,6158.7998046875,6167.2998046875,701000
2019-02-26,6128.39990234375,6186.2998046875,6106.0,6186.2998046875,754000
2019-02-27,6150.2998046875,6156.39990234375,6127.7001953125,6128.39990234375,726000
2019-02-28,6169.0,6173.10009765625,6135.39990234375,6150.2998046875,805900
2019-03-01,6192.7001953125,6209.89990234375,6164.89990234375,6169.0,715500
2019-03-04,6217.39990234375,6240.10009765625,6192.7001953125,6192.7001953125,575700
2019-03-05,6199.2998046875,6217.39990234375,6175.7001953125,6217.39990234375,788400
2019-03-06,6245.60009765625,6246.5,6199.2998046875,6199.2998046875,782400
2019-03-07,6263.89990234375,6270.89990234375,6243.60009765625,6245.60009765625,765400
2019-03-08,6203.7998046875,6263.89990234375,6203.60009765625,6263.89990234375,646200
2019-03-11,6180.2001953125,6203.7998046875,6171.89990234375,6203.7998046875,498100
2019-03-12,6174.7998046875,6222.89990234375,6174.7998046875,6180.2001953125,622300
2019-03-13,6161.2001953125,6174.7998046875,6127.2998046875,6174.7998046875,707100
2019-03-14,6179.60009765625,6181.5,6153.39990234375,6161.2001953125,555200
2019-03-15,6175.2001953125,6197.39990234375,6171.2001953125,6179.60009765625,1173800
2019-03-18,6190.5,6201.5,6167.2998046875,6175.2001953125,578000
2019-03-19,6184.7998046875,6206.2998046875,6174.0,6190.5,526600
2019-03-20,6165.2998046875,6185.5,6155.2001953125,6184.7998046875,732000
2019-03-21,6167.2001953125,6171.89990234375,6134.0,6165.2998046875,874000
2019-03-22,6195.2001953125,6227.10009765625,6167.2001953125,6167.2001953125,538000
2019-03-25,6126.2001953125,6195.2001953125,6113.2001953125,6195.2001953125,570100
2019-03-26,6130.60009765625,6141.10009765625,6116.7998046875,6126.2001953125,681000
2019-03-27,6136.0,6136.0,6096.7998046875,6130.60009765625,656900
2019-03-28,6176.10009765625,6176.10009765625,6115.10009765625,6136.0,648100
2019-03-29,6180.7001953125,6213.39990234375,6176.10009765625,6176.10009765625,789600
2019-04-01,6217.0,6234.60009765625,6180.7001953125,6180.7001953125,582000
2019-04-02,6242.39990234375,6270.60009765625,6217.0,6217.0,656200
2019-04-03,6285.0,6287.89990234375,6242.39990234375,6242.39990234375,614100
2019-04-04,6232.7998046875,6285.0,6221.10009765625,6285.0,638800
2019-04-05,6181.2998046875,6232.7998046875,6169.7998046875,6232.7998046875,494500
2019-04-08,6221.39990234375,6221.39990234375,6181.2998046875,6181.2998046875,502400
2019-04-09,6221.7998046875,6228.89990234375,6203.7001953125,6221.39990234375,539400
2019-04-10,6223.5,6235.39990234375,6199.2998046875,6221.7998046875,452900
2019-04-11,6198.7001953125,6223.5,6184.0,6223.5,499300
2019-04-12,6251.2998046875,6251.2998046875,6198.7001953125,6198.7001953125,518900
2019-04-15,6251.39990234375,6259.39990234375,6238.89990234375,6251.2998046875,468700
2019-04-16,6277.39990234375,6282.7998046875,6237.60009765625,6251.39990234375,536800
2019-04-17,6256.39990234375,6286.0,6249.60009765625,6277.39990234375,569600
2019-04-18,6259.7998046875,6280.39990234375,6248.2001953125,6256.39990234375,564400
2019-04-23,6319.39990234375,6321.7001953125,6259.7998046875,6259.7998046875,539300
2019-04-24,6382.10009765625,6390.5,6319.39990234375,6319.39990234375,660700
2019-04-26,6385.60009765625,6388.2001953125,6362.2998046875,6382.10009765625,553500
2019-04-29,6359.5,6385.60009765625,6348.0,6385.60009765625,469400
2019-04-30,6325.5,6359.5,6316.2998046875,6359.5,613700
2019-05-01,6375.89990234375,6380.2001953125,6325.5,6325.5,567500
2019-05-02,6338.39990234375,6375.89990234375,6323.5,6375.89990234375,670600
2019-05-03,6335.7998046875,6355.0,6327.2001953125,6338.39990234375,520300
2019-05-06,6283.7001953125,6335.7998046875,6248.39990234375,6335.7998046875,552000
2019-05-07,6295.7001953125,6341.89990234375,6283.7001953125,6283.7001953125,511000
2019-05-08,6269.10009765625,6295.7001953125,6241.5,6295.7001953125,562300
2019-05-09,6295.2998046875,6300.2001953125,6258.7998046875,6269.10009765625,550500
2019-05-10,6310.89990234375,6317.39990234375,6283.60009765625,6295.2998046875,516100
2019-05-13,6297.60009765625,6310.89990234375,6277.89990234375,6310.89990234375,512600
2019-05-14,6239.89990234375,6297.60009765625,6203.10009765625,6297.60009765625,685200
2019-05-15,6284.2001953125,6291.2998046875,6239.89990234375,6239.89990234375,528800
2019-05-16,6327.7998046875,6327.7998046875,6272.7998046875,6284.2001953125,668900
2019-05-17,6365.2998046875,6398.2998046875,6327.7998046875,6327.7998046875,590200
2019-05-20,6476.10009765625,6476.10009765625,6365.2998046875,6365.2998046875,659700
2019-05-21,6500.10009765625,6500.10009765625,6444.39990234375,6476.10009765625,669300
2019-05-22,6510.7001953125,6510.89990234375,6478.60009765625,6500.10009765625,628800
2019-05-23,6491.7998046875,6510.7001953125,6480.2001953125,6510.7001953125,637700
2019-05-24,6456.0,6491.7998046875,6437.2998046875,6491.7998046875,585600
2019-05-27,6451.89990234375,6464.60009765625,6447.60009765625,6455.7998046875,436700
2019-05-28,6484.7998046875,6491.7001953125,6451.89990234375,6451.89990234375,811700
2019-05-29,6440.0,6484.7998046875,6419.2998046875,6484.7998046875,544600
2019-05-30,6392.10009765625,6440.0,6379.7001953125,6440.0,719300
2019-05-31,6396.89990234375,6398.7998046875,6362.2001953125,6392.10009765625,742900
2019-06-03,6320.5,6396.89990234375,6320.5,6396.89990234375,628700
2019-06-04,6332.39990234375,6343.0,6315.60009765625,6320.5,739800
2019-06-05,6358.5,6387.60009765625,6332.39990234375,6332.39990234375,624900
2019-06-06,6383.0,6403.2001953125,6358.5,6358.5,618600
2019-06-07,6443.89990234375,6443.89990234375,6383.0,6383.0,600000
2019-06-11,6546.2998046875,6546.2998046875,6443.89990234375,6443.89990234375,737500
2019-06-12,6543.7001953125,6587.2998046875,6543.7001953125,6546.2998046875,684400
2019-06-13,6542.39990234375,6563.2001953125,6534.2998046875,6543.7001953125,625700
2019-06-14,6554.0,6559.5,6533.0,6542.39990234375,585200
2019-06-17,6530.89990234375,6555.39990234375,6527.0,6554.0,571900
2019-06-18,6570.0,6572.5,6529.2998046875,6530.89990234375,859900
2019-06-19,6648.10009765625,6648.10009765625,6570.0,6570.0,739400
2019-06-20,6687.39990234375,6687.39990234375,6638.7998046875,6648.10009765625,1004000
2019-06-21,6650.7998046875,6691.5,6641.10009765625,6687.39990234375,1163800
2019-06-24,6665.39990234375,6665.39990234375,6617.0,6650.7998046875,558800
2019-06-25,6658.0,6680.2998046875,6647.2998046875,6665.39990234375,663400
2019-06-26,6640.5,6658.0,6637.39990234375,6658.0,746100
2019-06-27,6666.2998046875,6666.2998046875,6606.2998046875,6640.5,676700
2019-06-28,6618.7998046875,6670.10009765625,6618.7998046875,6666.2998046875,754200
2019-07-01,6648.10009765625,6664.0,6618.7998046875,6618.7998046875,555600
2019-07-02,6653.2001953125,6686.5,6642.5,6648.39990234375,596700
2019-07-03,6685.5,6692.39990234375,6641.7001953125,6653.2001953125,642500
2019-07-04,6718.0,6731.89990234375,6685.5,6685.5,570500
2019-07-05,6751.2998046875,6769.60009765625,6714.7998046875,6718.0,579100
2019-07-08,6672.2001953125,6751.2998046875,6672.2001953125,6740.0,458000
2019-07-09,6665.7001953125,6679.0,6641.39990234375,6672.2001953125,550100
2019-07-10,6689.7998046875,6718.2001953125,6665.7001953125,6665.7001953125,631100
2019-07-11,6716.10009765625,6729.39990234375,6686.10009765625,6689.7998046875,645700
2019-07-12,6696.5,6717.10009765625,6687.7001953125,6716.10009765625,565600
2019-07-15,6653.0,6694.89990234375,6638.5,6694.89990234375,456100
2019-07-16,6641.0,6665.2998046875,6641.0,6653.0,549400
2019-07-17,6673.2998046875,6675.39990234375,6626.60009765625,6641.0,523000
2019-07-18,6649.10009765625,6673.2998046875,6630.7001953125,6673.2998046875,531300
2019-07-19,6700.2998046875,6705.39990234375,6646.60009765625,6649.10009765625,491200
2019-07-22,6691.2001953125,6710.7001953125,6673.2001953125,6700.2998046875,521300
2019-07-23,6724.60009765625,6730.7001953125,6688.7998046875,6691.2001953125,643300
2019-07-24,6776.7001953125,6783.2998046875,6724.60009765625,6724.60009765625,630000
2019-07-25,6818.0,6818.0,6771.10009765625,6776.7001953125,681700
2019-07-26,6793.39990234375,6818.0,6779.5,6818.0,664400
2019-07-29,6825.7998046875,6834.39990234375,6793.39990234375,6793.39990234375,532500
2019-07-30,6845.10009765625,6875.5,6825.7998046875,6825.7998046875,601500
2019-07-31,6812.60009765625,6845.10009765625,6812.60009765625,6845.10009765625,760100
2019-08-01,6788.89990234375,6812.60009765625,6780.60009765625,6812.60009765625,584000
2019-08-02,6768.60009765625,6788.89990234375,6747.7998046875,6788.89990234375,609500
2019-08-05,6640.2998046875,6768.60009765625,6639.39990234375,6768.60009765625,594700
2019-08-06,6478.10009765625,6640.2998046875,6444.39990234375,6640.2998046875,877700
2019-08-07,6519.5,6530.2001953125,6467.5,6478.10009765625,648500
2019-08-08,6568.10009765625,6568.10009765625,6462.2998046875,6519.5,690800
2019-08-09,6584.39990234375,6592.5,6562.5,6568.10009765625,664700
2019-08-12,6590.2998046875,6590.2998046875,6555.10009765625,6584.39990234375,493300
2019-08-13,6568.5,6593.2998046875,6558.5,6590.2998046875,695300
2019-08-14,6595.89990234375,6600.7001953125,6555.89990234375,6568.5,754700
2019-08-15,6408.10009765625,6595.89990234375,6405.60009765625,6595.89990234375,893200
2019-08-16,6405.5,6425.2998046875,6396.0,6408.10009765625,758300
2019-08-19,6467.39990234375,6468.39990234375,6405.5,6405.5,599800
2019-08-20,6545.0,6545.0,6467.39990234375,6467.39990234375,702600
2019-08-21,6483.2998046875,6545.0,6466.60009765625,6545.0,675800
2019-08-22,6501.7998046875,6521.2998046875,6483.2998046875,6483.2998046875,631100
2019-08-23,6523.10009765625,6529.2001953125,6495.2998046875,6501.7998046875,643600
2019-08-26,6440.10009765625,6523.10009765625,6409.7998046875,6523.10009765625,703200
2019-08-27,6471.2001953125,6483.10009765625,6439.2001953125,6440.10009765625,908300
2019-08-28,6500.60009765625,6502.0,6462.0,6471.2001953125,712500
2019-08-29,6507.39990234375,6510.89990234375,6475.5,6500.60009765625,730000
2019-08-30,6604.2001953125,6612.10009765625,6507.39990234375,6507.39990234375,905400
2019-09-02,6579.39990234375,6604.7998046875,6558.2998046875,6604.2001953125,525000
2019-09-03,6573.39990234375,6591.2998046875,6554.2998046875,6579.39990234375,479400
2019-09-04,6553.0,6573.39990234375,6503.89990234375,6573.39990234375,695600
2019-09-05,6613.2001953125,6622.7998046875,6551.0,6553.0,796300
2019-09-06,6647.2998046875,6656.10009765625,6613.2001953125,6613.2001953125,702600
2019-09-09,6648.0,6659.7001953125,6631.2001953125,6647.2998046875,542900
2019-09-10,6614.10009765625,6654.7998046875,6595.7001953125,6648.0,746300
2019-09-11,6638.0,6638.39990234375,6614.10009765625,6614.10009765625,811400
2019-09-12,6654.89990234375,6687.39990234375,6638.0,6638.0,662600
2019-09-13,6669.2001953125,6676.5,6653.7001953125,6654.89990234375,673900
2019-09-16,6673.5,6688.5,6646.60009765625,6669.2001953125,750700
2019-09-17,6695.2998046875,6695.2998046875,6649.10009765625,6673.5,745900
2019-09-18,6681.60009765625,6703.2998046875,6673.7998046875,6695.2998046875,758400
2019-09-19,6717.5,6742.89990234375,6686.2998046875,6686.2998046875,996900
2019-09-20,6730.7998046875,6775.60009765625,6719.0,6719.0,1249400
2019-09-23,6749.7001953125,6770.0,6732.39990234375,6732.39990234375,506700
2019-09-24,6748.89990234375,6764.0,6745.2998046875,6747.60009765625,595600
2019-09-25,6710.2001953125,6736.39990234375,6696.2998046875,6736.39990234375,648200
2019-09-26,6677.60009765625,6720.7998046875,6667.10009765625,6715.39990234375,594800
2019-09-27,6716.10009765625,6721.2001953125,6681.60009765625,6681.60009765625,606300
2019-09-30,6688.2998046875,6734.7001953125,6688.2998046875,6715.89990234375,611600
2019-10-01,6742.7998046875,6743.7001953125,6687.7998046875,6688.60009765625,612700
2019-10-02,6639.89990234375,6729.60009765625,6639.7998046875,6729.60009765625,618800
2019-10-04,6517.10009765625,6532.7001953125,6489.89990234375,6498.10009765625,473300
2019-10-07,6563.60009765625,6564.89990234375,6525.5,6526.2998046875,272800
2019-10-08,6593.39990234375,6601.2001953125,6567.39990234375,6569.2001953125,476500
2019-10-09,6546.7001953125,6580.2998046875,6520.2998046875,6580.2998046875,503100
2019-10-10,6547.10009765625,6565.5,6529.2998046875,6546.10009765625,549400
2019-10-11,6606.7998046875,6614.60009765625,6564.2998046875,6564.2998046875,526900
2019-10-14,6642.60009765625,6676.2001953125,6622.5,6622.5,489200
2019-10-15,6652.0,6657.39990234375,6621.89990234375,6637.0,504800
2019-10-16,6736.5,6737.7998046875,6659.7001953125,6660.0,626500
2019-10-17,6684.7001953125,6737.39990234375,6681.39990234375,6730.5,871200
2019-10-18,6649.7001953125,6683.2001953125,6633.89990234375,6682.7998046875,633400
2019-10-21,6652.5,6652.5,6612.39990234375,6643.5,506400
2019-10-22,6672.2001953125,6680.39990234375,6648.2998046875,6659.10009765625,577400
2019-10-23,6673.10009765625,6673.2001953125,6635.7001953125,6670.0,557200
2019-10-24,6693.60009765625,6715.2001953125,6673.10009765625,6673.10009765625,559600
2019-10-25,6739.2001953125,6741.5,6693.60009765625,6693.60009765625,627000
2019-10-28,6740.7001953125,6766.2001953125,6739.7998046875,6739.89990234375,486300
2019-10-29,6745.39990234375,6761.5,6735.7001953125,6740.7001953125,582000
2019-10-30,6689.5,6745.39990234375,6680.2001953125,6745.39990234375,598200
2019-10-31,6663.39990234375,6689.5,6639.7998046875,6689.5,636000
2019-11-01,6669.10009765625,6671.7001953125,6634.7001953125,6663.39990234375,555300
2019-11-04,6686.89990234375,6713.5,6669.10009765625,6669.10009765625,516800
2019-11-05,6697.10009765625,6725.89990234375,6678.89990234375,6686.89990234375,482000
2019-11-06,6660.2001953125,6715.2001953125,6658.2001953125,6697.10009765625,639700
2019-11-07,6726.60009765625,6727.7001953125,6659.7001953125,6660.2001953125,613200
2019-11-08,6724.10009765625,6742.2001953125,6706.10009765625,6726.60009765625,666800
2019-11-11,6772.5,6772.5,6717.2998046875,6724.10009765625,550700
2019-11-12,6753.0,6779.2998046875,6730.89990234375,6772.5,635900
2019-11-13,6698.39990234375,6766.2001953125,6698.2998046875,6753.0,613400
2019-11-14,6735.10009765625,6744.7998046875,6687.7001953125,6698.39990234375,671000
2019-11-15,6793.7001953125,6798.7001953125,6735.10009765625,6735.10009765625,552200
2019-11-18,6766.7998046875,6799.2001953125,6749.10009765625,6793.7001953125,429200
2019-11-19,6814.2001953125,6814.2001953125,6755.0,6766.7998046875,562200
2019-11-20,6722.39990234375,6814.2001953125,6714.89990234375,6814.2001953125,663700
2019-11-21,6672.89990234375,6714.60009765625,6637.2998046875,6714.2998046875,710300
2019-11-22,6709.7998046875,6725.10009765625,6672.89990234375,6672.89990234375,522500
2019-11-25,6731.39990234375,6758.0,6712.0,6712.0,521000
2019-11-26,6787.5,6797.60009765625,6731.39990234375,6731.39990234375,1076900
2019-11-27,6850.60009765625,6852.10009765625,6788.0,6790.2998046875,618500
2019-11-28,6864.0,6879.5,6850.60009765625,6850.60009765625,509700
2019-11-29,6846.0,6893.7001953125,6846.0,6869.10009765625,543500
2019-12-02,6862.2998046875,6890.0,6840.60009765625,6846.0,494400
2019-12-03,6712.2998046875,6862.2998046875,6703.7001953125,6862.2998046875,700700
2019-12-04,6606.5,6692.2998046875,6590.10009765625,6691.7001953125,779900
2019-12-05,6683.0,6684.60009765625,6606.5,6606.5,572100
2019-12-06,6707.0,6712.2998046875,6681.7998046875,6683.0,477900
2019-12-09,6730.0,6740.0,6707.0,6707.0,505300
2019-12-10,6706.89990234375,6734.2998046875,6702.89990234375,6730.0,473100
2019-12-11,6752.60009765625,6752.60009765625,6709.7001953125,6709.89990234375,638300
2019-12-12,6708.7998046875,6753.0,6701.2001953125,6752.60009765625,630700
2019-12-13,6739.7001953125,6753.10009765625,6708.7998046875,6708.7998046875,646000
2019-12-16,6849.7001953125,6866.10009765625,6741.60009765625,6741.60009765625,650900
2019-12-17,6847.2998046875,6871.2998046875,6839.10009765625,6849.7001953125,631600
2019-12-18,6851.39990234375,6863.7998046875,6833.39990234375,6849.39990234375,650800
2019-12-19,6833.10009765625,6872.7998046875,6819.89990234375,6851.39990234375,805700
2019-12-20,6816.2998046875,6842.7998046875,6808.39990234375,6833.10009765625,966400
2019-12-23,6785.10009765625,6816.2998046875,6785.10009765625,6816.2998046875,364700
2019-12-24,6794.2001953125,6794.89990234375,6776.2001953125,6785.10009765625,201800
2019-12-27,6821.7001953125,6822.10009765625,6794.2001953125,6794.2001953125,290100
2019-12-30,6804.89990234375,6824.7001953125,6764.60009765625,6821.7001953125,294800
2019-12-31,6684.10009765625,6804.89990234375,6684.10009765625,6804.89990234375,314200
2020-01-02,6690.60009765625,6709.2001953125,6669.2001953125,6684.10009765625,304900
2020-01-03,6733.5,6788.2001953125,6690.60009765625,6690.60009765625,365200
2020-01-06,6735.7001953125,6738.60009765625,6671.7001953125,6733.10009765625,469800
2020-01-07,6826.39990234375,6834.2998046875,6735.7001953125,6735.7001953125,447400
2020-01-08,6817.60009765625,6831.7001953125,6749.60009765625,6826.39990234375,570700
2020-01-09,6874.2001953125,6889.2001953125,6817.60009765625,6817.60009765625,502100
2020-01-10,6929.0,6933.2001953125,6874.2001953125,6874.2001953125,516000
2020-01-13,6903.7001953125,6929.0,6880.7001953125,6929.0,358100
2020-01-14,6962.2001953125,6962.7998046875,6903.7001953125,6903.7001953125,549700
2020-01-15,6994.7998046875,6996.7998046875,6960.39990234375,6965.5,573400
2020-01-16,7041.7998046875,7041.7998046875,6994.7998046875,6994.7998046875,548200
2020-01-17,7064.10009765625,7088.10009765625,7041.7998046875,7041.7998046875,500300
2020-01-20,7079.5,7092.5,7064.10009765625,7064.10009765625,423400
2020-01-21,7066.2998046875,7079.5,7040.7001953125,7079.5,480900
2020-01-22,7132.7001953125,7144.89990234375,7062.2001953125,7066.2998046875,602000
2020-01-23,7088.0,7132.7001953125,7068.7998046875,7132.7001953125,539700
2020-01-24,7090.5,7122.7001953125,7085.7001953125,7088.0,477600
2020-01-28,7023.5,7030.0,6994.5,6994.5,619700
2020-01-29,7031.5,7046.7998046875,6994.5,6994.5,590500
2020-01-30,7008.39990234375,7038.2001953125,6993.0,7031.2998046875,684400
2020-01-31,7017.2001953125,7046.7001953125,7008.39990234375,7008.39990234375,756400
2020-02-03,6923.2998046875,7017.2001953125,6897.0,7017.2001953125,617600
2020-02-04,6948.7001953125,6963.2998046875,6915.0,6923.2998046875,599400
2020-02-05,6976.10009765625,7009.2998046875,6962.89990234375,6988.60009765625,654100
2020-02-06,7049.2001953125,7050.0,6987.89990234375,6987.89990234375,687700
2020-02-07,7022.60009765625,7051.60009765625,7002.0,7045.2001953125,639800
2020-02-10,7012.5,7024.39990234375,6982.60009765625,7022.60009765625,589700
2020-02-11,7055.2998046875,7070.2001953125,7017.2001953125,7017.2001953125,618700
2020-02-12,7088.2001953125,7098.60009765625,7055.10009765625,7055.2998046875,692700
2020-02-13,7103.2001953125,7145.7998046875,7086.7998046875,7088.2001953125,737500
2020-02-14,7130.2001953125,7138.39990234375,7101.10009765625,7103.2001953125,691300
2020-02-17,7125.10009765625,7137.39990234375,7104.39990234375,7130.2001953125,501900
2020-02-18,7113.7001953125,7125.10009765625,7096.7998046875,7125.10009765625,627500
2020-02-19,7144.60009765625,7144.60009765625,7102.89990234375,7113.7998046875,866400
2020-02-20,7162.5,7197.2001953125,7144.60009765625,7144.60009765625,832800
2020-02-21,7139.0,7162.60009765625,7135.7001953125,7162.5,1072700
2020-02-24,6978.2998046875,7120.89990234375,6967.89990234375,7120.89990234375,799000
2020-02-25,6866.60009765625,6978.2998046875,6800.0,6978.2998046875,1038800
2020-02-26,6708.10009765625,6866.60009765625,6690.10009765625,6866.60009765625,1007900
2020-02-27,6657.89990234375,6728.2001953125,6630.5,6709.2998046875,1020900
2020-02-28,6441.2001953125,6657.89990234375,6426.7998046875,6657.89990234375,1524000
2020-03-02,6391.5,6438.89990234375,6245.2001953125,6438.89990234375,1182700
2020-03-03,6435.7001953125,6524.2998046875,6391.5,6391.5,1046900
2020-03-04,6325.39990234375,6435.7001953125,6310.2001953125,6435.7001953125,1024100
2020-03-05,6395.7001953125,6447.10009765625,6325.39990234375,6325.39990234375,989800
2020-03-06,6216.2001953125,6395.7001953125,6216.2001953125,6395.7001953125,959400
2020-03-09,5760.60009765625,6216.2001953125,5760.60009765625,6216.2001953125,1444300
2020-03-10,5939.60009765625,5939.60009765625,5538.89990234375,5760.60009765625,1803100
2020-03-11,5725.89990234375,5972.5,5725.89990234375,5939.60009765625,1407500
2020-03-12,5304.60009765625,5725.89990234375,5290.0,5725.89990234375,1818300
2020-03-13,5539.2998046875,5539.2998046875,4873.7001953125,5304.60009765625,2260700
2020-03-16,5002.0,5539.2998046875,5002.0,5539.2998046875,1638500
2020-03-17,5293.39990234375,5303.7001953125,4997.2998046875,5002.0,1998200
2020-03-18,4953.2001953125,5293.39990234375,4888.10009765625,5293.39990234375,1774000
2020-03-19,4782.89990234375,5102.5,4741.0,4953.2001953125,1877500
2020-03-20,4816.60009765625,5016.10009765625,4782.89990234375,4782.89990234375,1872000
2020-03-23,4546.0,4761.0,4402.5,4753.89990234375,1486000
2020-03-24,4735.7001953125,4735.7001953125,4546.0,4546.0,1408000
2020-03-25,4998.10009765625,5024.5,4735.7001953125,4735.7001953125,1355600
2020-03-26,5113.2998046875,5174.39990234375,4998.10009765625,4998.10009765625,1216700
2020-03-27,4842.39990234375,5236.7001953125,4842.39990234375,5113.2998046875,1456800
2020-03-30,5181.39990234375,5181.39990234375,4833.10009765625,4842.39990234375,1033800
2020-03-31,5076.7998046875,5366.39990234375,5005.7998046875,5181.39990234375,1522500
2020-04-01,5258.60009765625,5272.2998046875,5076.7998046875,5076.7998046875,1064600
2020-04-02,5154.2998046875,5258.60009765625,5065.2001953125,5258.60009765625,1020200
2020-04-03,5067.5,5246.7998046875,5022.39990234375,5154.2998046875,1072000
2020-04-06,5286.7998046875,5302.2001953125,5067.5,5067.5,912700
2020-04-07,5252.2998046875,5423.10009765625,5187.0,5306.7998046875,1113300
2020-04-08,5206.89990234375,5321.0,5121.89990234375,5252.2998046875,1158400
2020-04-09,5387.2998046875,5387.2998046875,5206.89990234375,5206.89990234375,914200
2020-04-14,5488.10009765625,5490.7001953125,5360.0,5387.2998046875,1159400
2020-04-15,5466.7001953125,5533.0,5416.39990234375,5488.10009765625,1015700
2020-04-16,5416.2998046875,5466.7001953125,5345.0,5466.7001953125,1115600
2020-04-17,5487.5,5563.60009765625,5416.2998046875,5416.2998046875,1125300
2020-04-20,5353.0,5490.60009765625,5353.0,5486.2998046875,855400
2020-04-21,5221.2998046875,5353.0,5214.5,5353.0,960500
2020-04-22,5221.2001953125,5251.7001953125,5100.7001953125,5221.2998046875,996700
2020-04-23,5217.10009765625,5282.60009765625,5181.7001953125,5221.2001953125,877000
2020-04-24,5242.60009765625,5263.7998046875,5207.5,5217.10009765625,773900
2020-04-27,5321.39990234375,5329.39990234375,5214.7998046875,5242.60009765625,691700
2020-04-28,5313.10009765625,5373.7998046875,5272.7998046875,5321.39990234375,851800
2020-04-29,5393.39990234375,5393.39990234375,5312.7001953125,5313.10009765625,882600
2020-04-30,5522.39990234375,5549.10009765625,5393.39990234375,5393.39990234375,1198100
2020-05-01,5245.89990234375,5522.39990234375,5245.89990234375,5522.39990234375,1007000
2020-05-04,5319.7998046875,5328.39990234375,5169.60009765625,5245.89990234375,853400
2020-05-05,5407.10009765625,5407.10009765625,5319.7998046875,5319.7998046875,721900
2020-05-06,5384.60009765625,5408.60009765625,5345.0,5407.10009765625,694800
2020-05-07,5364.2001953125,5388.2998046875,5347.2998046875,5384.60009765625,780000
2020-05-08,5391.10009765625,5428.0,5378.5,5378.7001953125,851300
2020-05-11,5461.2001953125,5489.5,5405.7998046875,5405.89990234375,795500
2020-05-12,5403.0,5461.39990234375,5374.0,5461.2001953125,866400
2020-05-13,5421.89990234375,5421.89990234375,5301.89990234375,5403.0,895400
2020-05-14,5328.7001953125,5421.7001953125,5328.7001953125,5421.7001953125,829800
2020-05-15,5404.7998046875,5412.39990234375,5328.7001953125,5328.7001953125,750200
2020-05-18,5460.5,5486.2998046875,5404.7998046875,5404.7998046875,0
2020-05-19,5559.5,5606.7998046875,5460.5,5460.5,922400
2020-05-20,5573.0,5587.10009765625,5507.0,5559.5,753200
2020-05-21,5550.39990234375,5610.0,5545.2001953125,5573.0,853100
2020-05-22,5497.0,5569.7001953125,5494.7998046875,5550.39990234375,759100
2020-05-25,5615.60009765625,5615.60009765625,5497.0,5497.0,679200
2020-05-26,5780.0,5780.0,5615.60009765625,5615.60009765625,1021600
2020-05-27,5775.0,5835.89990234375,5713.89990234375,5780.0,1345200
2020-05-28,5851.10009765625,5922.0,5775.0,5775.0,1227600
2020-05-29,5755.7001953125,5851.10009765625,5755.7001953125,5851.10009765625,2447600
2020-06-01,5819.2001953125,5819.2001953125,5705.39990234375,5755.7001953125,841800
2020-06-02,5835.10009765625,5859.0,5800.0,5819.2001953125,957400
2020-06-03,5941.60009765625,5943.7001953125,5835.10009765625,5835.10009765625,1032300
2020-06-04,5991.7998046875,6040.2001953125,5941.60009765625,5941.60009765625,1328900
2020-06-05,5998.7001953125,6017.7998046875,5963.0,5991.7998046875,946400
2020-06-09,6144.89990234375,6198.60009765625,5998.7001953125,5998.7001953125,1407600
2020-06-10,6148.39990234375,6182.2998046875,6089.7001953125,6144.89990234375,1028500
2020-06-11,5960.60009765625,6148.39990234375,5949.60009765625,6148.39990234375,1147700
2020-06-12,5847.7998046875,5960.60009765625,5756.5,5960.60009765625,1323700
2020-06-15,5719.7998046875,5857.7001953125,5719.7998046875,5846.7001953125,1054600
2020-06-16,5942.2998046875,5975.7998046875,5758.5,5760.2001953125,1089000
2020-06-17,5991.7998046875,5991.7998046875,5931.5,5952.10009765625,919900
2020-06-18,5936.5,5986.89990234375,5888.7001953125,5986.89990234375,1173900
2020-06-19,5942.60009765625,6006.2998046875,5929.89990234375,5942.5,1950100
2020-06-22,5944.5,5972.60009765625,5881.10009765625,5942.60009765625,761300
2020-06-23,5954.39990234375,5999.2001953125,5882.7998046875,5944.5,916300
2020-06-24,5965.7001953125,5992.7998046875,5942.2998046875,5954.39990234375,817700
2020-06-25,5817.7001953125,5965.7001953125,5817.7001953125,5965.7001953125,883200
2020-06-26,5904.10009765625,5913.60009765625,5817.7001953125,5817.7001953125,901300
2020-06-29,5815.0,5904.10009765625,5773.2001953125,5904.10009765625,708900
2020-06-30,5897.89990234375,5955.2001953125,5815.0,5815.0,1009000
2020-07-01,5934.39990234375,5953.89990234375,5892.7998046875,5897.89990234375,729000
2020-07-02,6032.7001953125,6034.89990234375,5934.39990234375,5934.39990234375,832700
2020-07-03,6057.89990234375,6101.39990234375,6021.7001953125,6032.7001953125,645900
2020-07-06,6014.60009765625,6078.2998046875,6014.60009765625,6057.89990234375,568300
2020-07-07,6012.89990234375,6077.2998046875,6004.2001953125,6014.60009765625,772700
2020-07-08,5920.2998046875,6018.39990234375,5920.2998046875,6012.89990234375,777800
2020-07-09,5955.5,5998.7998046875,5920.2998046875,5920.2998046875,681300
2020-07-10,5919.2001953125,5956.2001953125,5899.5,5955.5,565400
2020-07-13,5977.5,6007.39990234375,5919.2001953125,5998.39990234375,666700
2020-07-14,5941.10009765625,5977.5,5918.7998046875,5977.5,652800
2020-07-15,6052.89990234375,6052.89990234375,5941.10009765625,5941.10009765625,656100
2020-07-16,6010.89990234375,6078.0,5989.89990234375,6052.89990234375,676700
2020-07-17,6033.60009765625,6042.39990234375,5999.39990234375,6010.89990234375,583200
2020-07-20,6001.60009765625,6038.7998046875,5991.89990234375,6033.60009765625,482300
2020-07-21,6156.2998046875,6160.60009765625,6001.60009765625,6001.60009765625,695400
2020-07-22,6075.10009765625,6156.2998046875,6055.5,6156.2998046875,614600
2020-07-23,6094.5,6102.7001953125,6052.10009765625,6075.10009765625,622900
2020-07-24,6024.0,6094.5,6010.7001953125,6094.5,547000
2020-07-27,6044.2001953125,6044.5,6013.10009765625,6024.0,577100
2020-07-28,6020.5,6113.7998046875,6019.7998046875,6044.2001953125,732400
2020-07-29,6006.39990234375,6051.10009765625,6000.7001953125,6019.2001953125,675800
2020-07-30,6051.10009765625,6067.0,6019.39990234375,6019.39990234375,668700
2020-07-31,5927.7998046875,6051.10009765625,5893.2001953125,6051.10009765625,879100
2020-08-03,5926.10009765625,5947.10009765625,5860.7001953125,5927.7998046875,739000
2020-08-04,6037.60009765625,6059.5,5946.7998046875,5947.10009765625,692300
2020-08-05,6001.2998046875,6033.89990234375,5964.89990234375,6031.7001953125,672500
2020-08-06,6042.2001953125,6049.2998046875,6009.2998046875,6015.7998046875,696500
2020-08-07,6004.7998046875,6042.2001953125,5993.39990234375,6042.2001953125,612500
2020-08-10,6110.2001953125,6125.2998046875,6004.7998046875,6004.7998046875,644800
2020-08-11,6138.7001953125,6186.10009765625,6110.2001953125,6110.2001953125,726800
2020-08-12,6132.0,6154.5,6101.10009765625,6138.7001953125,771900
2020-08-13,6091.0,6157.2998046875,6075.7998046875,6132.0,874600
2020-08-14,6126.2001953125,6139.10009765625,6091.0,6091.0,734600
2020-08-17,6076.39990234375,6118.0,6059.2998046875,6117.5,694400
2020-08-18,6123.39990234375,6139.2998046875,6075.60009765625,6076.39990234375,832500
2020-08-19,6167.60009765625,6196.60009765625,6122.5,6123.39990234375,883000
2020-08-20,6120.0,6167.60009765625,6096.7001953125,6167.60009765625,867100
2020-08-21,6111.2001953125,6166.39990234375,6104.7998046875,6120.0,812200
2020-08-24,6129.60009765625,6134.7998046875,6094.7001953125,6111.2001953125,793800
2020-08-25,6161.39990234375,6199.2001953125,6129.60009765625,6129.60009765625,901000
2020-08-26,6116.39990234375,6160.39990234375,6079.7998046875,6160.39990234375,886400
2020-08-27,6126.2001953125,6159.7998046875,6117.10009765625,6119.10009765625,824900
2020-08-28,6073.7998046875,6126.2001953125,6056.0,6126.2001953125,785300
2020-08-31,6060.5,6093.89990234375,6060.5,6073.7998046875,811400
2020-09-01,5953.39990234375,6060.5,5908.89990234375,6060.5,885100
2020-09-02,6063.2001953125,6075.7001953125,5953.39990234375,5953.39990234375,786400
2020-09-03,6112.60009765625,6130.7998046875,6063.2001953125,6063.2001953125,753600
2020-09-04,5925.5,6112.60009765625,5918.7998046875,6112.60009765625,761800
2020-09-07,5944.7998046875,5958.89990234375,5869.89990234375,5925.5,586600
2020-09-08,6007.7998046875,6025.5,5944.7998046875,5944.7998046875,617200
2020-09-09,5878.60009765625,6007.7998046875,5849.39990234375,6007.7998046875,818500
2020-09-10,5908.5,5955.7001953125,5874.7998046875,5878.60009765625,747500
2020-09-11,5859.39990234375,5908.5,5836.2001953125,5908.5,620700
2020-09-14,5899.5,5903.2001953125,5859.39990234375,5859.39990234375,619600
2020-09-15,5894.7998046875,5919.2001953125,5883.89990234375,5899.5,800600
2020-09-16,5956.10009765625,5958.5,5894.7998046875,5894.7998046875,842200
2020-09-17,5883.2001953125,5956.5,5883.2001953125,5956.10009765625,916000
2020-09-18,5864.5,5921.39990234375,5864.5,5883.2001953125,1513000
2020-09-21,5822.60009765625,5868.5,5808.2001953125,5864.5,690900
2020-09-22,5784.10009765625,5822.60009765625,5763.2001953125,5822.60009765625,793100
2020-09-23,5923.89990234375,5933.2998046875,5784.10009765625,5784.10009765625,831400
2020-09-24,5875.89990234375,5923.89990234375,5824.7998046875,5923.89990234375,713000
2020-09-25,5964.89990234375,5973.7001953125,5875.89990234375,5875.89990234375,673500
2020-09-28,5952.2998046875,5977.2998046875,5941.0,5964.89990234375,579900
2020-09-29,5952.10009765625,5995.39990234375,5935.10009765625,5952.2998046875,626000
2020-09-30,5815.89990234375,5952.0,5815.89990234375,5952.0,931000
2020-10-01,5872.89990234375,5916.5,5815.89990234375,5815.89990234375,610900
2020-10-02,5791.5,5872.89990234375,5779.60009765625,5872.89990234375,776300
2020-10-05,5941.60009765625,5942.7998046875,5791.5,5791.5,430900
2020-10-06,5962.10009765625,5963.89990234375,5912.7001953125,5941.60009765625,626200
2020-10-07,6036.39990234375,6043.7998046875,5944.7001953125,5953.10009765625,631200
2020-10-08,6102.0,6123.39990234375,6036.39990234375,6036.39990234375,631600
2020-10-09,6102.2001953125,6127.39990234375,6087.60009765625,6102.0,564400
2020-10-12,6132.0,6132.0,6093.10009765625,6102.2001953125,509800
2020-10-13,6195.7001953125,6214.7001953125,6132.0,6132.0,650200
2020-10-14,6179.2001953125,6198.39990234375,6174.7001953125,6195.7001953125,651600
2020-10-15,6210.2998046875,6233.39990234375,6179.2001953125,6179.2001953125,661400
2020-10-16,6176.7998046875,6216.2001953125,6165.0,6208.10009765625,619000
2020-10-19,6229.39990234375,6248.2998046875,6184.60009765625,6187.0,496400
2020-10-20,6184.60009765625,6241.10009765625,6181.10009765625,6226.5,586500
2020-10-21,6191.7998046875,6206.2998046875,6181.2001953125,6187.2998046875,614600
2020-10-22,6173.7998046875,6179.7001953125,6100.60009765625,6179.2998046875,720300
2020-10-23,6167.0,6184.2001953125,6148.39990234375,6173.7998046875,562600
2020-10-26,6155.60009765625,6206.5,6154.7998046875,6167.0,610700
2020-10-27,6051.0,6155.60009765625,6033.7998046875,6155.60009765625,713000
2020-10-28,6057.7001953125,6075.60009765625,6020.2001953125,6042.7998046875,627100
2020-10-29,5960.2998046875,6034.2001953125,5940.0,6032.2001953125,700200
2020-10-30,5927.60009765625,5986.60009765625,5927.60009765625,5960.2998046875,871400
2020-11-02,5951.2998046875,5960.60009765625,5904.10009765625,5927.60009765625,595000
2020-11-03,6066.39990234375,6090.7998046875,5951.2998046875,5951.2998046875,633800
2020-11-04,6062.10009765625,6096.39990234375,5986.0,6066.39990234375,677800
2020-11-05,6139.60009765625,6143.7001953125,6062.10009765625,6062.10009765625,679200
2020-11-06,6190.2001953125,6202.2998046875,6139.60009765625,6139.60009765625,665200
2020-11-09,6298.7998046875,6303.10009765625,6190.2001953125,6190.2001953125,600300
2020-11-10,6340.5,6438.2001953125,6298.7998046875,6298.7998046875,1254900
2020-11-11,6449.7001953125,6451.0,6340.5,6340.5,1025500
2020-11-12,6418.2001953125,6470.89990234375,6399.60009765625,6454.7001953125,834400
2020-11-13,6405.2001953125,6418.39990234375,6377.60009765625,6418.39990234375,688600
2020-11-16,6484.2998046875,6487.2998046875,6405.2001953125,6405.2001953125,40200
2020-11-17,6498.2001953125,6527.7001953125,6490.2001953125,6496.2998046875,983100
2020-11-18,6531.10009765625,6541.2001953125,6494.7001953125,6498.2001953125,824200
2020-11-19,6547.2001953125,6547.2001953125,6498.0,6531.10009765625,701300
2020-11-20,6539.2001953125,6562.10009765625,6535.60009765625,6544.0,636700
2020-11-23,6561.60009765625,6594.0,6539.2001953125,6539.2001953125,554400
2020-11-24,6644.10009765625,6661.39990234375,6561.60009765625,6561.60009765625,811500
2020-11-25,6683.2998046875,6713.2998046875,6644.10009765625,6644.10009765625,969700
2020-11-26,6636.39990234375,6686.39990234375,6636.39990234375,6683.2998046875,621800
2020-11-27,6601.10009765625,6636.39990234375,6587.89990234375,6636.39990234375,491500
2020-11-30,6517.7998046875,6641.10009765625,6517.7998046875,6605.5,1118600
2020-12-01,6588.5,6613.5,6511.39990234375,6517.2001953125,701800
2020-12-02,6590.2001953125,6616.0,6561.5,6588.5,749000
2020-12-03,6615.2998046875,6628.2001953125,6590.2001953125,6590.2001953125,699400
2020-12-04,6634.10009765625,6650.10009765625,6613.89990234375,6615.2998046875,612100
2020-12-07,6675.0,6714.7001953125,6634.2998046875,6634.2998046875,604300
2020-12-08,6687.7001953125,6699.39990234375,6658.89990234375,6669.39990234375,656800
2020-12-09,6728.5,6745.2998046875,6687.7001953125,6687.7001953125,578600
2020-12-10,6683.10009765625,6728.5,6678.2998046875,6728.5,705900
2020-12-11,6642.60009765625,6688.2001953125,6632.2998046875,6683.10009765625,688000
2020-12-14,6660.2001953125,6693.7001953125,6642.60009765625,6642.60009765625,575600
2020-12-15,6631.2998046875,6654.5,6625.7001953125,6654.2001953125,626200
2020-12-16,6679.2001953125,6719.60009765625,6631.2998046875,6631.2998046875,652500
2020-12-17,6756.7001953125,6756.7001953125,6679.2001953125,6679.2001953125,801300
2020-12-18,6675.5,6765.7001953125,6675.5,6757.0,1437000
2020-12-21,6669.89990234375,6678.5,6635.7998046875,6675.5,570900
2020-12-22,6599.60009765625,6669.89990234375,6585.0,6669.89990234375,536600
2020-12-23,6643.10009765625,6661.2001953125,6599.60009765625,6599.60009765625,462500
2020-12-24,6664.7998046875,6704.89990234375,6643.10009765625,6643.10009765625,230300
2020-12-29,6700.2998046875,6725.10009765625,6664.7998046875,6664.7998046875,330400
2020-12-30,6682.39990234375,6700.2998046875,6630.5,6700.2998046875,354200
2020-12-31,6587.10009765625,6682.39990234375,6587.10009765625,6682.39990234375,272900
2021-01-04,6684.2001953125,6684.2001953125,6587.10009765625,6587.10009765625,381400
2021-01-05,6681.89990234375,6684.5,6635.10009765625,6684.2001953125,527200
2021-01-06,6607.10009765625,6685.7001953125,6588.89990234375,6681.89990234375,565400
2021-01-07,6712.0,6733.39990234375,6607.10009765625,6607.10009765625,621500
2021-01-08,6757.89990234375,6757.89990234375,6713.7998046875,6721.0,457200
2021-01-11,6697.2001953125,6761.0,6689.39990234375,6757.89990234375,502200
2021-01-12,6679.10009765625,6733.5,6679.10009765625,6697.7001953125,503600
2021-01-13,6686.60009765625,6691.60009765625,6657.10009765625,6679.10009765625,550300
2021-01-14,6715.2998046875,6724.7998046875,6669.2998046875,6686.60009765625,562400
2021-01-15,6715.39990234375,6752.39990234375,6715.2998046875,6715.2998046875,593000
2021-01-18,6663.0,6702.39990234375,6651.60009765625,6700.89990234375,448200
2021-01-19,6742.60009765625,6748.89990234375,6670.5,6670.5,502200
2021-01-20,6770.39990234375,6788.10009765625,6742.60009765625,6742.60009765625,529700
2021-01-21,6823.7001953125,6829.2998046875,6770.39990234375,6770.39990234375,642300
2021-01-22,6800.39990234375,6823.89990234375,6794.10009765625,6823.7001953125,619200
2021-01-25,6824.7001953125,6832.60009765625,6800.39990234375,6800.39990234375,381100
2021-01-27,6780.60009765625,6821.39990234375,6764.2998046875,6817.5,659600
2021-01-28,6649.7001953125,6780.60009765625,6597.60009765625,6780.60009765625,715300
2021-01-29,6607.39990234375,6730.2001953125,6585.2998046875,6649.7001953125,728600
2021-02-01,6663.0,6675.10009765625,6517.2001953125,6607.39990234375,624800
2021-02-02,6762.60009765625,6774.7001953125,6663.0,6663.0,629400
2021-02-03,6824.60009765625,6852.89990234375,6762.60009765625,6762.60009765625,706800
2021-02-04,6765.5,6828.7001953125,6757.2001953125,6824.60009765625,545500
2021-02-05,6840.5,6846.7001953125,6779.5,6779.5,552800
2021-02-08,6880.7001953125,6901.0,6840.5,6840.5,492400
2021-02-09,6821.2001953125,6899.7001953125,6821.2001953125,6880.7001953125,578400
2021-02-10,6856.89990234375,6869.2001953125,6821.2001953125,6821.2001953125,515600
2021-02-11,6850.10009765625,6875.7998046875,6837.5,6856.89990234375,528800
2021-02-12,6806.7001953125,6852.7998046875,6802.39990234375,6850.10009765625,431800
2021-02-15,6868.89990234375,6883.10009765625,6806.7001953125,6806.7001953125,499000
2021-02-16,6917.2998046875,6917.2998046875,6868.89990234375,6868.89990234375,616300
2021-02-17,6885.2001953125,6938.0,6863.0,6917.2998046875,776500
2021-02-18,6885.89990234375,6915.7998046875,6875.2998046875,6885.2001953125,753400
2021-02-19,6793.7998046875,6886.7001953125,6769.89990234375,6885.89990234375,701400
2021-02-22,6780.89990234375,6824.7998046875,6774.2998046875,6808.2998046875,653200
2021-02-23,6839.2001953125,6839.2001953125,6765.2998046875,6776.2998046875,806200
2021-02-24,6777.7998046875,6839.2001953125,6762.60009765625,6839.2001953125,677300
2021-02-25,6834.0,6857.2998046875,6792.10009765625,6793.10009765625,806700
2021-02-26,6673.2998046875,6793.89990234375,6658.89990234375,6792.60009765625,1032700
2021-03-01,6789.60009765625,6790.10009765625,6672.2001953125,6673.2998046875,734300
2021-03-02,6762.2998046875,6860.7001953125,6762.2998046875,6789.60009765625,739300
2021-03-03,6818.0,6818.7998046875,6774.39990234375,6778.5,591200
2021-03-04,6760.7001953125,6809.39990234375,6709.0,6809.0,737500
2021-03-05,6710.7998046875,6760.7001953125,6660.5,6760.7001953125,702400
2021-03-08,6739.60009765625,6835.60009765625,6739.60009765625,6741.7998046875,609600
2021-03-09,6771.2001953125,6810.0,6741.7001953125,6741.7001953125,733600
2021-03-10,6714.10009765625,6806.5,6714.10009765625,6776.10009765625,619800
2021-03-11,6713.89990234375,6756.7001953125,6648.60009765625,6711.60009765625,665900
2021-03-12,6766.7998046875,6783.0,6736.60009765625,6736.89990234375,468300
2021-03-15,6773.0,6793.5,6727.5,6765.2998046875,484500
2021-03-16,6827.10009765625,6858.89990234375,6767.7998046875,6773.0,587100
2021-03-17,6795.2001953125,6827.10009765625,6761.39990234375,6827.10009765625,603800
2021-03-18,6745.89990234375,6806.2001953125,6744.5,6795.2001953125,715600
2021-03-19,6708.2001953125,6740.89990234375,6673.7001953125,6731.7998046875,1245600
2021-03-22,6752.5,6763.39990234375,6688.2001953125,6708.0,472000
2021-03-23,6745.39990234375,6786.2001953125,6741.2998046875,6757.7998046875,518800
2021-03-24,6778.7998046875,6799.10009765625,6735.60009765625,6741.7998046875,503000
2021-03-25,6790.60009765625,6806.0,6769.89990234375,6772.7998046875,557700
2021-03-26,6824.2001953125,6835.0,6790.60009765625,6790.60009765625,571500
2021-03-29,6799.5,6860.60009765625,6794.10009765625,6824.2001953125,502100
2021-03-30,6738.39990234375,6836.2998046875,6738.39990234375,6807.0,513800
2021-03-31,6790.7001953125,6862.60009765625,6755.0,6756.39990234375,717600
2021-04-01,6828.7001953125,6830.39990234375,6783.2998046875,6800.7001953125,473200
2021-04-06,6885.89990234375,6915.7001953125,6848.39990234375,6848.39990234375,517500
2021-04-07,6928.0,6933.89990234375,6889.39990234375,6890.0,612700
2021-04-08,6998.7998046875,7012.39990234375,6941.60009765625,6941.60009765625,543900
2021-04-09,6995.2001953125,6998.2998046875,6965.5,6996.89990234375,425900
2021-04-12,6974.0,6996.7001953125,6957.39990234375,6996.7001953125,405100
2021-04-13,6976.89990234375,6998.0,6962.89990234375,6975.2998046875,507300
2021-04-14,7023.10009765625,7027.39990234375,6980.10009765625,6983.7001953125,576400
2021-04-15,7058.60009765625,7071.5,6988.60009765625,7033.5,686700
2021-04-16,7063.5,7066.39990234375,7030.10009765625,7063.60009765625,627000
2021-04-19,7065.60009765625,7094.7998046875,7065.60009765625,7069.0,473500
2021-04-20,7017.7998046875,7067.2001953125,7008.7998046875,7067.2001953125,554600
2021-04-21,6997.5,7000.5,6905.39990234375,6998.2998046875,689100
2021-04-22,7055.39990234375,7055.39990234375,6993.7001953125,7005.5,664000
2021-04-23,7060.7001953125,7060.7001953125,7036.7998046875,7043.7998046875,485400
2021-04-26,7045.60009765625,7075.2001953125,7045.60009765625,7071.0,427500
2021-04-27,7033.7998046875,7053.2998046875,7005.89990234375,7053.2998046875,596300
2021-04-28,7064.7001953125,7077.5,7028.60009765625,7030.5,620700
2021-04-29,7082.2998046875,7096.89990234375,7069.0,7075.2001953125,634900
2021-04-30,7025.7998046875,7075.5,7012.7998046875,7075.5,615500
2021-05-03,7028.7998046875,7068.39990234375,7022.0,7022.0,468200
2021-05-04,7067.89990234375,7069.5,7034.7998046875,7039.7998046875,484100
2021-05-05,7095.7998046875,7122.0,7054.0,7068.10009765625,510200
2021-05-06,7061.7001953125,7112.5,7042.7001953125,7107.2998046875,624500
2021-05-07,7080.7998046875,7101.2001953125,7054.10009765625,7068.2001953125,532200
2021-05-10,7172.7998046875,7172.7998046875,7076.10009765625,7076.10009765625,588400
2021-05-11,7097.0,7165.2001953125,7078.0,7164.7001953125,558900
2021-05-12,7044.89990234375,7093.39990234375,7006.60009765625,7093.39990234375,644600
2021-05-13,6982.7001953125,7040.0,6966.5,7038.7998046875,616800
2021-05-14,7014.2001953125,7055.7001953125,6996.2998046875,6996.2998046875,521000
2021-05-17,7023.60009765625,7065.7001953125,7023.60009765625,7027.7998046875,453200
2021-05-18,7066.0,7083.60009765625,7036.60009765625,7037.89990234375,524900
2021-05-19,6931.7001953125,7049.2001953125,6917.2998046875,7048.39990234375,702200
2021-05-20,7019.60009765625,7025.39990234375,6919.39990234375,6919.39990234375,664400
2021-05-21,7030.2998046875,7056.39990234375,6999.60009765625,7019.7998046875,589800
2021-05-24,7045.89990234375,7061.89990234375,7015.5,7026.10009765625,456000
2021-05-25,7115.2001953125,7115.2001953125,7053.2001953125,7053.2001953125,483400
2021-05-26,7092.5,7136.39990234375,7090.10009765625,7105.0,518000
2021-05-27,7094.89990234375,7118.89990234375,7082.39990234375,7099.89990234375,1395500
2021-05-28,7179.5,7186.7998046875,7114.60009765625,7115.2998046875,606900
2021-05-31,7161.60009765625,7203.2998046875,7157.2001953125,7185.0,499800
2021-06-01,7142.60009765625,7163.0,7117.5,7162.7998046875,414800
2021-06-02,7217.7998046875,7218.89990234375,7159.7998046875,7161.89990234375,569800
2021-06-03,7260.10009765625,7281.7998046875,7221.2998046875,7221.7001953125,592800
2021-06-04,7295.39990234375,7300.5,7244.2998046875,7251.2001953125,645700
2021-06-07,7281.89990234375,7309.39990234375,7269.39990234375,7305.0,471200
2021-06-08,7292.60009765625,7315.60009765625,7267.60009765625,7275.2001953125,504200
2021-06-09,7270.2001953125,7334.89990234375,7270.2001953125,7300.2001953125,567100
2021-06-10,7302.5,7314.60009765625,7265.60009765625,7265.60009765625,595500
2021-06-11,7312.2998046875,7329.7001953125,7274.7998046875,7305.7998046875,556900
2021-06-15,7379.5,7398.60009765625,7319.0,7319.5,613700
2021-06-16,7386.2001953125,7406.2001953125,7372.39990234375,7373.0,659600
2021-06-17,7359.0,7384.5,7341.89990234375,7384.5,772100
2021-06-18,7368.89990234375,7403.2001953125,7334.89990234375,7347.2001953125,1225100
2021-06-21,7235.2998046875,7347.10009765625,7216.60009765625,7347.10009765625,607400
2021-06-22,7342.2001953125,7365.89990234375,7258.2001953125,7258.2001953125,573100
2021-06-23,7298.5,7344.0,7292.89990234375,7342.7001953125,554000
2021-06-24,7275.2998046875,7303.7998046875,7256.2998046875,7303.2998046875,583500
2021-06-25,7308.0,7325.60009765625,7287.60009765625,7288.2998046875,589900
2021-06-28,7307.2998046875,7310.60009765625,7273.7001953125,7309.5,515600
2021-06-29,7301.2001953125,7308.0,7241.5,7308.0,514700
2021-06-30,7313.0,7370.10009765625,7307.0,7307.39990234375,675200
2021-07-01,7265.60009765625,7317.2001953125,7265.60009765625,7314.7001953125,573300
2021-07-02,7308.60009765625,7312.2998046875,7271.0,7273.2001953125,501000
2021-07-05,7315.0,7343.7001953125,7306.7001953125,7310.5,548300
2021-07-06,7261.7998046875,7346.2001953125,7261.7998046875,7321.0,552700
2021-07-07,7326.89990234375,7332.39990234375,7255.5,7255.5,705200
2021-07-08,7341.39990234375,7381.89990234375,7327.0,7338.2998046875,574000
2021-07-09,7251.7998046875,7330.39990234375,7226.0,7330.2998046875,621900
2021-07-12,7333.5,7353.39990234375,7299.5,7299.5,471300
2021-07-13,7332.10009765625,7382.2001953125,7332.10009765625,7340.60009765625,616700
2021-07-14,7354.7001953125,7368.5,7326.5,7328.39990234375,561300
2021-07-15,7335.89990234375,7365.7001953125,7322.89990234375,7359.7998046875,643700
2021-07-16,7348.10009765625,7348.10009765625,7316.2998046875,7330.39990234375,592100
2021-07-19,7286.0,7325.0,7249.2001953125,7325.0,496400
2021-07-20,7252.2001953125,7286.0,7205.0,7286.0,644600
2021-07-21,7308.7001953125,7354.7998046875,7252.2001953125,7252.2001953125,581300
2021-07-22,7386.39990234375,7386.39990234375,7308.7001953125,7308.7001953125,0
2021-07-23,7394.39990234375,7398.7001953125,7357.0,7380.5,493600
2021-07-26,7394.2998046875,7417.60009765625,7389.2998046875,7394.39990234375,548100
2021-07-27,7431.39990234375,7447.89990234375,7409.5,7411.39990234375,559600
2021-07-28,7379.2998046875,7432.39990234375,7368.2998046875,7425.39990234375,586000
2021-07-29,7417.39990234375,7418.7001953125,7392.5,7400.5,515000
2021-07-30,7392.60009765625,7437.7001953125,7387.89990234375,7423.0,632500
2021-08-02,7491.39990234375,7506.2998046875,7414.89990234375,7415.89990234375,576300
2021-08-03,7474.5,7495.89990234375,7455.5,7495.7001953125,623300
2021-08-04,7503.2001953125,7509.2001953125,7477.60009765625,7485.60009765625,499700
2021-08-05,7511.10009765625,7526.39990234375,7493.0,7498.2998046875,510300
2021-08-06,7538.39990234375,7538.39990234375,7497.2998046875,7502.7998046875,539400
2021-08-09,7538.39990234375,7567.0,7532.7998046875,7537.7998046875,526800
2021-08-10,7562.60009765625,7576.2998046875,7537.10009765625,7549.39990234375,525100
2021-08-11,7584.2998046875,7615.10009765625,7572.7001953125,7574.89990234375,643200
2021-08-12,7588.2001953125,7608.60009765625,7571.5,7590.0,627800
2021-08-13,7628.89990234375,7632.7998046875,7585.89990234375,7585.89990234375,605000
2021-08-16,7582.5,7629.0,7582.5,7629.0,647000
2021-08-17,7511.0,7582.5,7494.39990234375,7582.5,559100
2021-08-18,7502.10009765625,7532.89990234375,7470.5,7511.0,653500
2021-08-19,7464.60009765625,7502.10009765625,7429.2001953125,7502.10009765625,747600
2021-08-20,7460.89990234375,7512.0,7453.60009765625,7464.60009765625,712700
2021-08-23,7489.89990234375,7496.2998046875,7463.2998046875,7474.39990234375,617300
2021-08-24,7503.0,7524.39990234375,7489.89990234375,7489.89990234375,685500
2021-08-25,7531.89990234375,7542.39990234375,7507.7998046875,7507.7998046875,710500
2021-08-26,7491.2001953125,7531.89990234375,7477.7998046875,7531.89990234375,771800
2021-08-27,7488.2998046875,7494.5,7465.0,7491.2001953125,756500
2021-08-30,7504.5,7528.2998046875,7476.0,7488.2998046875,648100
2021-08-31,7534.89990234375,7555.89990234375,7507.0,7507.0,805800
2021-09-01,7527.10009765625,7527.7998046875,7462.2001953125,7524.7998046875,618500
2021-09-02,7485.7001953125,7509.60009765625,7437.2001953125,7497.89990234375,631400
2021-09-03,7522.89990234375,7539.0,7486.0,7486.0,586700
2021-09-06,7528.5,7528.5,7440.10009765625,7521.2001953125,807600
2021-09-07,7530.2998046875,7536.89990234375,7487.7998046875,7526.5,591500
2021-09-08,7512.0,7522.2001953125,7476.2998046875,7520.39990234375,688900
2021-09-09,7369.5,7503.60009765625,7344.2998046875,7502.2998046875,740200
2021-09-10,7406.60009765625,7430.0,7376.5,7376.5,599100
2021-09-13,7425.2001953125,7436.7998046875,7389.39990234375,7405.7998046875,591700
2021-09-14,7437.2998046875,7446.0,7388.89990234375,7423.5,810700
2021-09-15,7417.0,7431.0,7378.89990234375,7423.5,783000
2021-09-16,7460.2001953125,7487.60009765625,7428.2001953125,7428.2001953125,908900
2021-09-17,7403.7001953125,7447.0,7376.10009765625,7447.0,1611600
2021-09-20,7248.2001953125,7390.39990234375,7233.60009765625,7390.39990234375,721100
2021-09-21,7273.7998046875,7285.89990234375,7191.7001953125,7237.7001953125,740300
2021-09-22,7296.89990234375,7338.60009765625,7241.7998046875,7269.7001953125,663800
2021-09-23,7370.2001953125,7387.0,7309.2998046875,7310.39990234375,696700
2021-09-24,7342.60009765625,7377.0,7334.2001953125,7374.39990234375,666300
2021-09-27,7384.2001953125,7416.39990234375,7347.2998046875,7347.2998046875,630600
2021-09-28,7275.60009765625,7380.89990234375,7275.60009765625,7380.89990234375,753700
2021-09-29,7196.7001953125,7254.0,7145.7001953125,7253.10009765625,850900
2021-09-30,7332.2001953125,7332.2001953125,7204.10009765625,7204.10009765625,801800
2021-10-01,7185.5,7310.7001953125,7157.89990234375,7310.7001953125,785100
2021-10-04,7278.5,7305.89990234375,7202.10009765625,7202.2998046875,464100
2021-10-05,7248.39990234375,7269.5,7202.7001953125,7266.89990234375,735900
2021-10-06,7206.5,7279.39990234375,7183.5,7258.39990234375,726900
2021-10-07,7256.7001953125,7265.2001953125,7216.10009765625,7216.89990234375,716300
2021-10-08,7320.10009765625,7322.0,7266.7001953125,7272.7998046875,622200
2021-10-11,7299.7998046875,7314.2998046875,7250.0,7314.2998046875,613000
2021-10-12,7280.7001953125,7330.39990234375,7260.39990234375,7297.89990234375,669100
2021-10-13,7272.5,7294.0,7256.2998046875,7281.7998046875,589800
2021-10-14,7311.7001953125,7358.60009765625,7281.10009765625,7281.10009765625,648100
2021-10-15,7362.0,7373.2001953125,7324.7998046875,7329.5,565800
2021-10-18,7381.10009765625,7393.7998046875,7354.10009765625,7366.7001953125,562500
2021-10-19,7374.89990234375,7406.89990234375,7373.7998046875,7382.10009765625,583000
2021-10-20,7413.7001953125,7449.5,7387.2998046875,7387.89990234375,746800
2021-10-21,7415.39990234375,7446.7001953125,7403.7001953125,7426.2998046875,751000
2021-10-22,7415.5,7431.39990234375,7391.2998046875,7407.0,638400
2021-10-25,7441.0,7471.7001953125,7415.7998046875,7418.89990234375,464100
2021-10-26,7443.39990234375,7471.2998046875,7439.2001953125,7449.2998046875,516100
2021-10-27,7448.7001953125,7473.89990234375,7419.7001953125,7440.60009765625,596700
2021-10-28,7430.39990234375,7444.60009765625,7404.60009765625,7440.39990234375,578200
2021-10-29,7323.7001953125,7447.0,7318.7998046875,7437.89990234375,695900
2021-11-01,7370.7998046875,7388.2998046875,7325.60009765625,7332.5,612000
2021-11-02,7324.2998046875,7395.89990234375,7311.60009765625,7371.5,491500
2021-11-03,7392.7001953125,7431.60009765625,7336.89990234375,7338.5,587800
2021-11-04,7428.0,7428.0,7398.39990234375,7401.7001953125,658100
2021-11-05,7456.89990234375,7477.2001953125,7424.39990234375,7425.89990234375,568000
2021-11-08,7452.2001953125,7474.2998046875,7433.39990234375,7453.10009765625,581100
2021-11-09,7434.2001953125,7468.60009765625,7434.2001953125,7459.0,609600
2021-11-10,7423.89990234375,7460.5,7411.89990234375,7429.7998046875,549100
2021-11-11,7381.89990234375,7423.7998046875,7329.5,7420.60009765625,601100
2021-11-12,7443.0,7465.7998046875,7394.0,7394.7998046875,572700
2021-11-15,7470.10009765625,7479.10009765625,7437.89990234375,7439.39990234375,499100
2021-11-16,7420.39990234375,7459.89990234375,7403.5,7458.7001953125,626100
2021-11-17,7369.89990234375,7431.10009765625,7342.89990234375,7418.7001953125,626100
2021-11-18,7379.2001953125,7398.2001953125,7343.7998046875,7368.7001953125,633700
2021-11-19,7396.5,7404.89990234375,7376.0,7376.0,525300
2021-11-22,7353.10009765625,7396.5,7337.0,7396.5,486300
2021-11-23,7410.60009765625,7416.60009765625,7353.10009765625,7353.10009765625,606300
2021-11-24,7399.39990234375,7425.0,7381.7998046875,7410.60009765625,595300
2021-11-25,7407.2998046875,7412.7001953125,7373.7001953125,7406.10009765625,597800
2021-11-26,7279.2998046875,7403.7998046875,7260.2998046875,7403.7998046875,577200
2021-11-29,7239.7998046875,7276.2998046875,7180.2998046875,7260.5,817900
2021-11-30,7256.0,7332.60009765625,7254.7001953125,7255.2001953125,1119400
2021-12-01,7235.89990234375,7262.2998046875,7183.39990234375,7251.89990234375,654000
2021-12-02,7225.2001953125,7239.7001953125,7168.89990234375,7217.5,652400
2021-12-03,7241.2001953125,7288.2001953125,7211.5,7241.2998046875,631400
2021-12-06,7245.10009765625,7257.89990234375,7207.7998046875,7222.7998046875,650400
2021-12-07,7313.89990234375,7326.10009765625,7252.7998046875,7255.7001953125,601700
2021-12-08,7405.39990234375,7443.39990234375,7334.5,7334.60009765625,675500
2021-12-09,7384.5,7418.2998046875,7377.7001953125,7396.7998046875,542200
2021-12-10,7353.5,7376.2001953125,7336.7001953125,7376.2001953125,599500
2021-12-13,7379.2998046875,7417.7001953125,7359.39990234375,7359.60009765625,452100
2021-12-14,7378.39990234375,7393.5,7341.2998046875,7368.89990234375,581400
2021-12-15,7327.10009765625,7375.39990234375,7325.7001953125,7374.2998046875,514700
2021-12-16,7295.7001953125,7334.5,7277.10009765625,7332.7001953125,787400
2021-12-17,7304.0,7350.2998046875,7297.5,7298.39990234375,1220600
2021-12-20,7292.2001953125,7302.7001953125,7257.7998046875,7299.39990234375,537700
2021-12-21,7355.0,7358.2998046875,7287.2998046875,7287.2998046875,571400
2021-12-22,7364.7998046875,7374.5,7333.0,7361.89990234375,539800
2021-12-23,7387.60009765625,7404.2001953125,7363.60009765625,7365.10009765625,390000
2021-12-24,7420.2998046875,7435.89990234375,7387.60009765625,7387.60009765625,230000
2021-12-29,7509.7998046875,7518.39990234375,7426.2998046875,7427.10009765625,428600
2021-12-30,7513.39990234375,7520.60009765625,7499.5,7512.2001953125,365300
2021-12-31,7444.60009765625,7515.2998046875,7444.60009765625,7515.2998046875,272400
2022-01-04,7589.7998046875,7594.7001953125,7456.10009765625,7456.2001953125,491700
2022-01-05,7565.7998046875,7620.2001953125,7563.39990234375,7591.39990234375,472300
2022-01-06,7358.2998046875,7551.39990234375,7340.39990234375,7550.5,623900
2022-01-07,7453.2998046875,7484.60009765625,7376.7998046875,7377.10009765625,469100
2022-01-10,7447.10009765625,7460.2001953125,7409.89990234375,7460.2001953125,410100
2022-01-11,7390.10009765625,7440.7001953125,7376.7998046875,7439.2998046875,549600
2022-01-12,7438.89990234375,7467.5,7403.7001953125,7403.7001953125,569400
2022-01-13,7474.39990234375,7487.2998046875,7448.89990234375,7449.7001953125,605200
2022-01-14,7393.89990234375,7458.5,7386.7998046875,7457.2998046875,620000
2022-01-17,7417.2998046875,7429.2998046875,7385.7998046875,7395.2001953125,472800
2022-01-18,7408.7998046875,7445.10009765625,7398.2001953125,7424.39990234375,549300
2022-01-19,7332.5,7398.7001953125,7325.7001953125,7398.7001953125,697400
2022-01-20,7342.39990234375,7354.60009765625,7298.5,7333.7998046875,684500
2022-01-21,7175.7998046875,7320.7001953125,7153.2998046875,7320.60009765625,911000
2022-01-24,7139.5,7173.7001953125,7086.7998046875,7173.7001953125,760500
2022-01-25,6961.60009765625,7129.89990234375,6920.7001953125,7129.89990234375,1101100
2022-01-27,6838.2998046875,7042.7998046875,6758.2001953125,6971.10009765625,1178700
2022-01-28,6988.10009765625,7000.0,6837.89990234375,6865.39990234375,2091100
2022-01-31,6971.60009765625,7004.39990234375,6932.7001953125,6967.89990234375,759100
2022-02-01,7006.0,7043.60009765625,6945.7001953125,6958.2998046875,685800
2022-02-02,7087.7001953125,7107.2001953125,7022.89990234375,7031.2001953125,643500
2022-02-03,7078.0,7095.10009765625,7045.7998046875,7095.10009765625,628800
2022-02-04,7120.2001953125,7120.2001953125,7045.89990234375,7058.5,833700
2022-02-07,7110.7998046875,7128.2998046875,7046.5,7113.7998046875,617900
2022-02-08,7186.7001953125,7203.0,7116.39990234375,7120.39990234375,771000
2022-02-09,7268.2998046875,7268.2998046875,7183.0,7187.7001953125,978700
2022-02-10,7288.5,7336.60009765625,7260.7998046875,7261.7998046875,873700
2022-02-11,7217.2998046875,7294.39990234375,7191.7998046875,7293.7001953125,629400
2022-02-14,7243.89990234375,7263.60009765625,7181.7001953125,7201.2998046875,749300
2022-02-15,7206.89990234375,7251.39990234375,7198.0,7251.39990234375,730100
2022-02-16,7284.89990234375,7284.89990234375,7201.0,7201.2001953125,796100
2022-02-17,7296.2001953125,7356.7998046875,7282.2998046875,7295.7001953125,846600
2022-02-18,7221.7001953125,7278.60009765625,7201.89990234375,7278.2001953125,764000
2022-02-21,7233.60009765625,7248.7998046875,7156.2998046875,7220.39990234375,712000
2022-02-22,7161.2998046875,7222.7998046875,7108.7998046875,7219.7998046875,863800
2022-02-23,7205.7001953125,7205.7001953125,7145.39990234375,7159.39990234375,788400
2022-02-24,6990.60009765625,7152.89990234375,6959.2998046875,7152.89990234375,1109300
2022-02-25,6997.7998046875,7045.60009765625,6974.89990234375,7000.10009765625,888800
2022-02-28,7049.10009765625,7049.60009765625,6979.39990234375,7022.2001953125,1007600
2022-03-01,7096.5,7159.89990234375,7059.60009765625,7061.0,812800
2022-03-02,7116.7001953125,7121.5,7041.89990234375,7098.7001953125,941000
2022-03-03,7151.39990234375,7198.10009765625,7151.39990234375,7152.2998046875,856200
2022-03-04,7110.7998046875,7147.5,7025.2001953125,7147.5,972300
2022-03-07,7038.60009765625,7133.7001953125,7010.5,7117.89990234375,1017400
2022-03-08,6980.2998046875,7053.5,6980.2998046875,7027.5,973800
2022-03-09,7053.0,7072.0,6968.89990234375,6969.7998046875,1042400
2022-03-10,7130.7998046875,7161.0,7039.7001953125,7039.7001953125,1011400
2022-03-11,7063.60009765625,7151.39990234375,7051.2001953125,7137.89990234375,816800
2022-03-14,7149.39990234375,7149.39990234375,7069.7998046875,7069.7998046875,610100
2022-03-15,7097.39990234375,7121.10009765625,7080.7001953125,7121.10009765625,789000
2022-03-16,7175.2001953125,7180.2001953125,7100.2998046875,7100.5,704800
2022-03-17,7250.7998046875,7296.7998046875,7203.89990234375,7204.5,840800
2022-03-18,7294.39990234375,7294.39990234375,7245.89990234375,7260.0,1543800
2022-03-21,7278.5,7350.39990234375,7278.5,7303.10009765625,563700
2022-03-22,7341.10009765625,7377.2998046875,7312.10009765625,7313.39990234375,661000
2022-03-23,7377.89990234375,7386.89990234375,7329.7998046875,7330.0,579400
2022-03-24,7387.10009765625,7399.39990234375,7356.2001953125,7377.5,648900
2022-03-25,7406.2001953125,7431.2998046875,7387.10009765625,7387.10009765625,679600
2022-03-28,7412.39990234375,7446.7001953125,7412.39990234375,7417.7998046875,567000
2022-03-29,7464.2998046875,7480.89990234375,7409.89990234375,7409.89990234375,651300
2022-03-30,7514.5,7533.10009765625,7468.2998046875,7468.2998046875,713400
2022-03-31,7499.60009765625,7556.60009765625,7499.60009765625,7549.39990234375,825600
2022-04-01,7493.7998046875,7514.0,7476.7001953125,7509.7001953125,653800
2022-04-04,7513.7001953125,7536.7998046875,7508.0,7508.0,572300
2022-04-05,7527.89990234375,7573.39990234375,7509.2998046875,7509.2998046875,606200
2022-04-06,7490.10009765625,7504.0,7437.5,7504.0,713800
2022-04-07,7442.7998046875,7482.2998046875,7437.60009765625,7482.2998046875,644400
2022-04-08,7478.0,7492.2998046875,7453.7998046875,7456.2001953125,610100
2022-04-11,7485.2001953125,7524.89990234375,7471.2998046875,7488.7001953125,552400
2022-04-12,7454.0,7484.0,7430.7998046875,7474.60009765625,579000
2022-04-13,7479.0,7489.0,7459.89990234375,7461.5,646900
2022-04-14,7523.39990234375,7529.2001953125,7485.60009765625,7489.39990234375,683800
2022-04-19,7565.2001953125,7584.89990234375,7523.5,7523.5,585900
2022-04-20,7569.2001953125,7624.7998046875,7564.10009765625,7564.10009765625,640300
2022-04-21,7592.7998046875,7604.7001953125,7560.60009765625,7563.0,602200
2022-04-22,7473.2998046875,7546.2001953125,7455.0,7546.2001953125,749700
2022-04-26,7318.0,7413.2998046875,7290.7998046875,7410.0,847100
2022-04-27,7261.2001953125,7302.2001953125,7233.2998046875,7300.10009765625,827000
2022-04-28,7356.89990234375,7356.89990234375,7298.10009765625,7303.0,729400
2022-04-29,7435.0,7435.0,7360.5,7360.7001953125,748500
2022-05-02,7347.0,7423.2001953125,7301.60009765625,7422.0,565000
2022-05-03,7316.2001953125,7355.2001953125,7299.2998046875,7344.5,580700
2022-05-04,7304.7001953125,7366.7998046875,7299.89990234375,7332.7001953125,726500
2022-05-05,7364.7001953125,7369.10009765625,7313.5,7320.7001953125,808200
2022-05-06,7205.60009765625,7334.7998046875,7161.39990234375,7333.60009765625,861000
2022-05-09,7120.7001953125,7184.5,7092.2998046875,7181.5,692300
2022-05-10,7051.2001953125,7080.89990234375,6939.5,7080.89990234375,939400
2022-05-11,7064.7001953125,7064.7001953125,6991.7998046875,7047.60009765625,702400
2022-05-12,6941.0,7063.39990234375,6930.2001953125,7062.89990234375,801700
2022-05-13,7075.10009765625,7075.10009765625,6946.89990234375,6946.89990234375,725200
2022-05-16,7093.0,7149.5,7082.39990234375,7088.5,582400
2022-05-17,7112.5,7129.5,7097.89990234375,7099.0,630900
2022-05-18,7182.7001953125,7199.0,7143.7998046875,7143.7998046875,658100
2022-05-19,7064.5,7152.39990234375,7037.60009765625,7152.39990234375,771500
2022-05-20,7145.60009765625,7154.60009765625,7081.2001953125,7081.2001953125,698100
2022-05-23,7148.89990234375,7196.0,7135.7998046875,7160.60009765625,559700
2022-05-24,7128.7998046875,7165.7998046875,7114.0,7154.7001953125,925300
2022-05-25,7155.2001953125,7218.60009765625,7134.60009765625,7218.60009765625,649000
2022-05-26,7105.89990234375,7181.39990234375,7105.89990234375,7165.7001953125,598800
2022-05-27,7182.7001953125,7196.7001953125,7128.60009765625,7128.60009765625,562100
2022-05-30,7286.60009765625,7286.60009765625,7204.39990234375,7205.39990234375,637000
2022-05-31,7211.2001953125,7288.39990234375,7211.2001953125,7284.89990234375,1235000
2022-06-01,7234.0,7238.2001953125,7204.39990234375,7210.5,905300
2022-06-02,7175.89990234375,7222.2998046875,7150.5,7221.5,740300
2022-06-03,7238.7998046875,7254.60009765625,7204.5,7204.7998046875,639300
2022-06-06,7206.2998046875,7231.2998046875,7195.2001953125,7230.0,503000
2022-06-07,7095.7001953125,7209.0,7082.2001953125,7209.0,691400
2022-06-08,7121.10009765625,7162.10009765625,7113.0,7133.10009765625,764100
2022-06-09,7019.7001953125,7111.5,7019.7001953125,7110.60009765625,677300
2022-06-10,6932.0,7006.2001953125,6926.89990234375,7004.7998046875,747700
2022-06-14,6686.0,6842.10009765625,6566.10009765625,6842.10009765625,1281900
2022-06-15,6601.0,6680.5,6589.7001953125,6676.2998046875,942000
2022-06-16,6591.10009765625,6671.60009765625,6583.89990234375,6616.60009765625,948200
2022-06-17,6474.7998046875,6553.7001953125,6410.39990234375,6552.0,1732400
2022-06-20,6433.39990234375,6493.39990234375,6407.0,6470.7001953125,857600
2022-06-21,6523.7998046875,6537.7001953125,6448.7001953125,6448.7001953125,884900
2022-06-22,6508.5,6557.7998046875,6493.2001953125,6543.89990234375,914900
2022-06-23,6528.39990234375,6551.7998046875,6495.0,6495.10009765625,906100
2022-06-24,6578.7001953125,6585.10009765625,6501.60009765625,6517.7001953125,829300
2022-06-27,6706.0,6716.10009765625,6603.60009765625,6603.60009765625,897200
2022-06-28,6763.60009765625,6763.60009765625,6709.0,6712.2001953125,754500
2022-06-29,6700.2001953125,6750.2998046875,6666.39990234375,6748.10009765625,789100
2022-06-30,6568.10009765625,6685.10009765625,6568.10009765625,6685.10009765625,880800
2022-07-01,6539.89990234375,6623.89990234375,6539.89990234375,6567.2998046875,633400
2022-07-04,6612.60009765625,6659.0,6544.5,6545.0,574600
2022-07-05,6629.2998046875,6657.0,6596.7998046875,6618.7001953125,532900
2022-07-06,6594.5,6651.60009765625,6587.89990234375,6606.60009765625,752400
2022-07-07,6648.0,6648.0,6594.5,6607.60009765625,700500
2022-07-08,6678.0,6715.0,6671.0,6671.0,586400
2022-07-11,6602.2001953125,6674.39990234375,6602.2001953125,6664.7001953125,551900
2022-07-12,6606.2998046875,6649.7001953125,6601.89990234375,6612.39990234375,618600
2022-07-13,6621.60009765625,6621.60009765625,6584.10009765625,6595.10009765625,673200
2022-07-14,6650.60009765625,6659.2998046875,6611.7001953125,6623.0,735800
2022-07-15,6605.60009765625,6622.2001953125,6537.2001953125,6622.10009765625,629800
2022-07-18,6687.10009765625,6687.10009765625,6612.7998046875,6613.5,528400
2022-07-19,6649.60009765625,6696.10009765625,6639.60009765625,6691.2001953125,659200
2022-07-20,6759.2001953125,6775.39990234375,6661.7998046875,6662.0,746000
2022-07-21,6794.2998046875,6794.2998046875,6743.89990234375,6764.39990234375,834500
2022-07-22,6791.5,6816.10009765625,6758.5,6790.89990234375,822100
2022-07-25,6789.89990234375,6803.0,6775.7001953125,6788.89990234375,594100
2022-07-26,6807.2998046875,6815.0,6783.2001953125,6801.7998046875,619000
2022-07-27,6823.2001953125,6833.39990234375,6778.89990234375,6802.89990234375,626000
2022-07-28,6889.7001953125,6892.10009765625,6833.2001953125,6833.2001953125,721200
2022-07-29,6945.2001953125,6973.60009765625,6902.10009765625,6902.10009765625,919200
2022-08-01,6993.0,6994.10009765625,6947.2998046875,6951.2998046875,668000
2022-08-02,6998.10009765625,7003.7998046875,6944.89990234375,6976.89990234375,625600
2022-08-03,6975.89990234375,6988.2001953125,6918.2001953125,6988.2001953125,672500
2022-08-04,6974.89990234375,7021.10009765625,6974.89990234375,6980.2001953125,704900
2022-08-05,7015.60009765625,7016.60009765625,6969.60009765625,6972.39990234375,589200
2022-08-08,7020.60009765625,7025.89990234375,6985.7998046875,7011.2001953125,687600
2022-08-09,7029.7998046875,7034.2998046875,7012.7998046875,7012.7998046875,762600
2022-08-10,6992.7001953125,7029.7001953125,6985.7001953125,7029.0,698000
2022-08-11,7071.0,7077.10009765625,7009.60009765625,7009.60009765625,772600
2022-08-12,7032.5,7066.10009765625,7012.10009765625,7065.89990234375,647000
2022-08-15,7064.2998046875,7076.0,7040.39990234375,7041.2998046875,585900
2022-08-16,7105.39990234375,7131.60009765625,7083.0,7083.0,663100
2022-08-17,7127.7001953125,7130.5,7082.89990234375,7122.0,764000
2022-08-18,7112.7998046875,7118.7001953125,7081.0,7118.7001953125,739000
2022-08-19,7114.5,7137.5,7107.89990234375,7115.60009765625,692200
2022-08-22,7046.89990234375,7098.89990234375,7031.7001953125,7098.89990234375,658200
2022-08-23,6961.7998046875,7049.5,6961.7998046875,7049.5,731400
2022-08-24,6998.10009765625,7013.7001953125,6977.7998046875,6979.39990234375,754500
2022-08-25,7048.10009765625,7057.7001953125,6992.0,7000.5,772200
2022-08-26,7104.10009765625,7130.0,7060.7001953125,7060.7998046875,658300
2022-08-29,6965.5,7079.10009765625,6943.2001953125,7077.60009765625,705300
2022-08-30,6998.2998046875,7020.0,6967.60009765625,6968.2998046875,724000
2022-08-31,6986.7998046875,6995.0,6937.5,6971.39990234375,957000
2022-09-01,6845.60009765625,6926.7001953125,6836.5,6924.89990234375,825300
2022-09-02,6828.7001953125,6854.89990234375,6820.5,6827.10009765625,632300
2022-09-05,6852.2001953125,6858.0,6822.7998046875,6828.7001953125,563400
2022-09-06,6826.5,6888.5,6826.10009765625,6858.0,677200
2022-09-07,6729.2998046875,6821.2001953125,6719.60009765625,6820.10009765625,872600
2022-09-08,6848.7001953125,6848.7001953125,6731.60009765625,6731.60009765625,799100
2022-09-09,6894.2001953125,6898.5,6853.2001953125,6858.7998046875,809500
2022-09-12,6964.5,6974.89990234375,6922.0,6923.89990234375,582100
2022-09-13,7009.7001953125,7015.2001953125,6974.0,6974.7001953125,784500
2022-09-14,6828.60009765625,7008.2001953125,6808.60009765625,7008.2001953125,1609400
2022-09-15,6842.89990234375,6878.10009765625,6831.0,6831.0,942000
2022-09-16,6739.10009765625,6825.7001953125,6736.2998046875,6825.10009765625,1736200
2022-09-19,6719.89990234375,6753.89990234375,6714.7001953125,6738.2998046875,767500
2022-09-20,6806.39990234375,6808.2998046875,6740.7998046875,6743.7998046875,667600
2022-09-21,6700.2001953125,6786.60009765625,6695.0,6786.60009765625,832400
2022-09-23,6574.7001953125,6709.0,6544.89990234375,6707.2998046875,908200
2022-09-26,6469.39990234375,6544.60009765625,6435.60009765625,6541.5,1093300
2022-09-27,6496.2001953125,6509.5,6472.5,6483.0,1006700
2022-09-28,6462.0,6516.5,6433.10009765625,6510.60009765625,973100
2022-09-29,6555.0,6594.7001953125,6488.39990234375,6488.39990234375,846900
2022-09-30,6474.2001953125,6563.2001953125,6460.60009765625,6563.2001953125,1008100
2022-10-03,6456.89990234375,6503.5,6411.89990234375,6485.60009765625,647000
2022-10-04,6699.2998046875,6699.2998046875,6486.5,6486.5,1010500
2022-10-05,6815.7001953125,6819.7001953125,6719.39990234375,6719.60009765625,1063300
2022-10-06,6817.5,6828.2998046875,6787.39990234375,6815.60009765625,810300
2022-10-07,6762.7998046875,6806.39990234375,6762.7001953125,6805.10009765625,689000
2022-10-10,6667.7998046875,6750.2998046875,6646.7998046875,6750.2998046875,600800
2022-10-11,6645.0,6712.5,6645.0,6685.5,747400
2022-10-12,6647.5,6672.0,6633.0,6647.7998046875,723700
2022-10-13,6642.60009765625,6683.7001953125,6638.89990234375,6641.89990234375,710100
2022-10-14,6758.7998046875,6772.60009765625,6667.7998046875,6668.60009765625,663900
2022-10-17,6664.39990234375,6758.89990234375,6645.2001953125,6758.89990234375,712300
2022-10-18,6779.2001953125,6790.7001953125,6685.2998046875,6685.2998046875,833600
2022-10-19,6800.10009765625,6822.2001953125,6777.5,6778.39990234375,745600
2022-10-20,6730.7001953125,6783.2998046875,6702.10009765625,6783.2998046875,901000
2022-10-21,6676.7998046875,6726.60009765625,6667.60009765625,6726.60009765625,741700
2022-10-24,6779.39990234375,6823.2998046875,6716.5,6716.5,683000
2022-10-25,6798.60009765625,6831.2998046875,6780.39990234375,6780.39990234375,751900
2022-10-26,6810.89990234375,6843.2001953125,6800.7998046875,6809.0,821000
2022-10-27,6845.10009765625,6873.7998046875,6824.2998046875,6829.60009765625,779800
2022-10-28,6785.7001953125,6827.0,6776.0,6827.0,784100
2022-10-31,6863.5,6869.2001953125,6786.7001953125,6786.7001953125,1019200
2022-11-01,6976.89990234375,6976.89990234375,6858.2001953125,6866.5,701300
2022-11-02,6986.7001953125,7011.7001953125,6978.7998046875,6980.7998046875,819400
2022-11-03,6857.89990234375,6953.10009765625,6823.0,6953.10009765625,694100
2022-11-04,6892.5,6895.0,6829.60009765625,6860.60009765625,665500
2022-11-07,6933.7001953125,6943.39990234375,6907.7001953125,6917.10009765625,688800
2022-11-08,6958.89990234375,6968.0,6939.60009765625,6939.60009765625,713000
2022-11-09,6999.2998046875,7012.39990234375,6967.89990234375,6969.2998046875,775500
2022-11-10,6964.0,6988.10009765625,6954.5,6986.0,733000
2022-11-11,7158.0,7170.60009765625,6997.7998046875,7000.10009765625,1162600
2022-11-14,7146.2998046875,7196.5,7146.2998046875,7183.2001953125,978100
2022-11-15,7141.60009765625,7144.0,7114.2001953125,7133.5,937500
2022-11-16,7122.2001953125,7142.5,7102.89990234375,7142.2998046875,742800
2022-11-17,7135.7001953125,7146.89990234375,7107.0,7107.10009765625,744900
2022-11-18,7151.7998046875,7166.2001953125,7137.7001953125,7138.2998046875,762700
2022-11-21,7139.2998046875,7174.39990234375,7131.7001953125,7151.7998046875,598600
2022-11-22,7181.2998046875,7194.10009765625,7139.2998046875,7139.2998046875,677000
2022-11-23,7247.39990234375,7250.7001953125,7231.7998046875,7231.7998046875,68600
2022-11-24,7241.7998046875,7264.60009765625,7231.7998046875,7231.7998046875,593800
2022-11-25,7259.5,7268.5,7239.39990234375,7239.39990234375,552100
2022-11-28,7229.10009765625,7247.39990234375,7216.0,7247.39990234375,699800
2022-11-29,7253.2998046875,7253.60009765625,7200.89990234375,7231.89990234375,680000
2022-11-30,7284.2001953125,7293.7001953125,7222.2998046875,7256.5,1846100
2022-12-01,7354.39990234375,7375.2001953125,7305.7001953125,7306.0,715000
2022-12-02,7301.5,7349.0,7292.7998046875,7342.60009765625,716400
2022-12-05,7325.60009765625,7351.0,7303.89990234375,7316.7998046875,650300
2022-12-06,7291.2998046875,7321.10009765625,7283.0,7315.60009765625,700900
2022-12-07,7229.39990234375,7289.89990234375,7220.60009765625,7289.89990234375,813400
2022-12-08,7175.5,7227.5,7170.0,7225.39990234375,833800
2022-12-09,7213.2001953125,7217.7998046875,7184.10009765625,7186.2998046875,716500
2022-12-12,7180.7998046875,7201.2998046875,7156.5,7199.7998046875,608400
2022-12-13,7203.2998046875,7228.10009765625,7190.2001953125,7192.5,641300
2022-12-14,7251.2998046875,7253.5,7205.7998046875,7208.2001953125,731000
2022-12-15,7204.7998046875,7242.10009765625,7202.60009765625,7242.10009765625,915600
2022-12-16,7148.7001953125,7204.7998046875,7117.60009765625,7204.7998046875,1491200
2022-12-19,7133.89990234375,7152.7001953125,7123.10009765625,7144.39990234375,491300
2022-12-20,7024.2998046875,7124.39990234375,7019.5,7121.0,681300
2022-12-21,7115.10009765625,7139.10009765625,7043.7998046875,7045.0,658500
2022-12-22,7152.5,7167.2001953125,7119.0,7119.39990234375,593900
2022-12-23,7107.7001953125,7152.5,7062.89990234375,7152.5,398000
2022-12-28,7086.39990234375,7124.0,7069.0,7111.60009765625,427500
2022-12-29,7020.10009765625,7074.10009765625,6993.7998046875,7074.10009765625,492200
2022-12-30,7038.7001953125,7073.39990234375,7022.7998046875,7022.7998046875,430700
2023-01-03,6946.2001953125,7071.2998046875,6905.2998046875,7046.2998046875,420300
2023-01-04,7059.2001953125,7059.2001953125,6952.60009765625,6955.2998046875,544500
2023-01-05,7063.60009765625,7099.7001953125,7053.7998046875,7059.7998046875,614900
2023-01-06,7109.60009765625,7116.7998046875,7062.0,7082.7998046875,528600
2023-01-09,7151.2998046875,7186.2001953125,7124.7001953125,7124.7001953125,512500
2023-01-10,7131.0,7151.89990234375,7124.89990234375,7143.10009765625,519900
2023-01-11,7195.2998046875,7204.0,7148.10009765625,7148.10009765625,518400
2023-01-12,7280.39990234375,7288.7001953125,7205.60009765625,7207.7001953125,571500
2023-01-13,7328.10009765625,7357.7998046875,7281.60009765625,7281.60009765625,522900
2023-01-16,7388.2001953125,7396.0,7328.10009765625,7328.10009765625,497000
2023-01-17,7386.2998046875,7399.5,7364.2001953125,7370.7998046875,574800
2023-01-18,7393.39990234375,7410.7998046875,7376.2001953125,7377.2001953125,642600
2023-01-19,7435.2998046875,7439.7001953125,7380.10009765625,7392.5,574600
2023-01-20,7452.2001953125,7457.7998046875,7427.2998046875,7437.89990234375,777300
2023-01-23,7457.2998046875,7472.7998046875,7434.5,7451.2998046875,565700
2023-01-24,7490.39990234375,7497.7998046875,7453.7998046875,7462.2998046875,612900
2023-01-25,7468.2998046875,7507.2998046875,7453.10009765625,7488.39990234375,658200
2023-01-27,7493.7998046875,7508.5,7483.0,7489.60009765625,705000
2023-01-30,7481.7001953125,7505.60009765625,7474.2998046875,7490.60009765625,657200
2023-01-31,7476.7001953125,7516.7998046875,7463.7001953125,7483.0,888100
2023-02-01,7501.7001953125,7537.7001953125,7488.10009765625,7488.10009765625,692800
2023-02-02,7511.60009765625,7548.2001953125,7505.2998046875,7505.7998046875,707400
2023-02-03,7558.10009765625,7565.0,7496.10009765625,7497.2998046875,981500
2023-02-06,7539.0,7567.7001953125,7531.39990234375,7565.10009765625,636000
2023-02-07,7504.10009765625,7553.60009765625,7495.2001953125,7534.2998046875,618500
2023-02-08,7530.10009765625,7534.89990234375,7507.10009765625,7510.60009765625,660100
2023-02-09,7490.2998046875,7521.5,7482.0,7521.39990234375,579900
2023-02-10,7433.7001953125,7486.89990234375,7428.7998046875,7485.2998046875,556700
2023-02-13,7417.7998046875,7430.89990234375,7406.0,7430.89990234375,673500
2023-02-14,7430.89990234375,7476.60009765625,7426.0,7426.89990234375,654900
2023-02-15,7352.2001953125,7440.39990234375,7337.0,7440.39990234375,756500
2023-02-16,7410.2998046875,7422.0,7351.39990234375,7356.0,884200
2023-02-17,7346.7998046875,7413.60009765625,7346.7998046875,7413.60009765625,801700
2023-02-20,7351.5,7357.5,7331.2998046875,7350.7998046875,606700
2023-02-21,7336.2998046875,7340.7998046875,7297.0,7336.5,636000
2023-02-22,7314.5,7338.60009765625,7267.7998046875,7338.60009765625,703400
2023-02-23,7285.39990234375,7306.5,7283.39990234375,7291.7998046875,721200
2023-02-24,7307.0,7315.5,7278.7001953125,7283.2001953125,719600
2023-02-27,7224.7998046875,7282.2998046875,7193.39990234375,7280.7998046875,639600
2023-02-28,7258.39990234375,7273.60009765625,7233.5,7234.39990234375,1001900
2023-03-01,7251.60009765625,7271.39990234375,7216.2998046875,7258.2001953125,668200
2023-03-02,7255.39990234375,7282.39990234375,7242.2001953125,7263.0,987100
2023-03-03,7283.60009765625,7292.5,7263.0,7263.2998046875,565400
2023-03-06,7328.60009765625,7343.89990234375,7291.2001953125,7291.2001953125,591000
2023-03-07,7364.7001953125,7370.2998046875,7302.89990234375,7312.0,771100
2023-03-08,7307.7998046875,7351.2998046875,7288.7001953125,7347.7001953125,713300
2023-03-09,7311.10009765625,7328.5,7289.89990234375,7292.2001953125,619000
2023-03-10,7144.7001953125,7290.39990234375,7134.5,7289.10009765625,721100
2023-03-13,7108.7998046875,7151.39990234375,7071.89990234375,7151.0,673800
2023-03-14,7008.89990234375,7094.5,6950.60009765625,7093.7001953125,1068800
2023-03-15,7068.89990234375,7068.89990234375,7019.2998046875,7027.39990234375,851100
2023-03-16,6965.5,7026.7001953125,6911.10009765625,7020.10009765625,1216300
2023-03-17,6994.7998046875,6996.5,6954.2001953125,6968.10009765625,1419200
2023-03-20,6898.5,6994.2998046875,6895.0,6994.2998046875,669800
2023-03-21,6955.39990234375,6991.89990234375,6918.7001953125,6919.60009765625,638800
2023-03-22,7015.60009765625,7032.0,6964.89990234375,6964.89990234375,749100
2023-03-23,6968.60009765625,6999.10009765625,6950.2998046875,6999.10009765625,710000
2023-03-24,6955.2001953125,6961.0,6923.2001953125,6961.0,581000
2023-03-27,6962.0,6989.2998046875,6959.89990234375,6965.7998046875,524000
2023-03-28,7034.10009765625,7047.39990234375,6973.39990234375,6975.10009765625,969900
2023-03-29,7050.2998046875,7052.2998046875,7011.2998046875,7034.2998046875,761600
2023-03-30,7122.2998046875,7127.2001953125,7072.0,7075.89990234375,792500
2023-03-31,7177.7998046875,7183.10009765625,7142.60009765625,7142.60009765625,835800
2023-04-03,7223.0,7246.10009765625,7187.39990234375,7190.7998046875,691800
2023-04-04,7236.0,7239.0,7211.5,7214.10009765625,723600
2023-04-05,7237.2001953125,7262.10009765625,7218.2998046875,7219.10009765625,723300
2023-04-06,7219.0,7245.2998046875,7199.7001953125,7234.10009765625,666300
2023-04-11,7309.89990234375,7322.39990234375,7235.10009765625,7235.10009765625,674900
2023-04-12,7343.89990234375,7370.10009765625,7330.60009765625,7330.60009765625,717000
2023-04-13,7324.10009765625,7345.89990234375,7312.7998046875,7339.89990234375,653300
2023-04-14,7361.60009765625,7363.5,7313.7001953125,7324.2998046875,562000
2023-04-17,7381.5,7391.2001953125,7361.60009765625,7361.7998046875,650100
2023-04-18,7360.2001953125,7379.7998046875,7341.7998046875,7379.7998046875,780300
2023-04-19,7365.5,7374.39990234375,7356.0,7369.0,604900
2023-04-20,7362.2001953125,7377.10009765625,7347.0,7358.10009765625,676100
2023-04-21,7330.39990234375,7344.60009765625,7314.89990234375,7342.7998046875,689100
2023-04-24,7322.0,7332.60009765625,7307.7001953125,7314.2998046875,539600
2023-04-26,7316.2998046875,7324.39990234375,7285.2998046875,7293.89990234375,794500
2023-04-27,7292.7001953125,7324.7001953125,7275.2998046875,7324.60009765625,539200
2023-04-28,7309.2001953125,7329.60009765625,7297.0,7304.7998046875,744600
2023-05-01,7334.60009765625,7368.0,7317.60009765625,7317.60009765625,595500
2023-05-02,7267.39990234375,7334.89990234375,7248.10009765625,7334.2001953125,685900
2023-05-03,7197.39990234375,7254.39990234375,7160.7001953125,7254.39990234375,738400
2023-05-04,7193.10009765625,7201.7001953125,7141.7998046875,7199.10009765625,598500
2023-05-05,7220.0,7220.2001953125,7168.39990234375,7193.10009765625,624200
2023-05-08,7276.5,7292.39990234375,7220.2001953125,7220.2001953125,645500
2023-05-09,7264.10009765625,7274.0,7239.39990234375,7274.0,649900
2023-05-10,7255.7001953125,7267.10009765625,7236.2001953125,7267.0,583600
2023-05-11,7251.89990234375,7266.5,7230.7998046875,7251.7998046875,713400
2023-05-12,7256.7001953125,7257.2998046875,7233.7998046875,7238.89990234375,647800
2023-05-15,7267.10009765625,7267.10009765625,7235.10009765625,7258.7998046875,535700
2023-05-16,7234.7001953125,7278.7001953125,7234.7001953125,7278.7001953125,629400
2023-05-17,7199.2001953125,7222.7001953125,7159.7998046875,7222.7001953125,615800
2023-05-18,7236.7998046875,7258.60009765625,7211.7998046875,7212.89990234375,723500
2023-05-19,7279.5,7292.60009765625,7240.2998046875,7241.2998046875,643800
2023-05-22,7263.2998046875,7285.0,7249.60009765625,7278.5,486800
2023-05-23,7259.89990234375,7288.10009765625,7259.89990234375,7263.10009765625,578100
2023-05-24,7213.7998046875,7256.60009765625,7208.60009765625,7256.60009765625,583500
2023-05-25,7138.2001953125,7199.39990234375,7130.2998046875,7194.89990234375,738000
2023-05-26,7154.7998046875,7156.0,7129.0,7136.89990234375,526100
2023-05-29,7217.39990234375,7254.7998046875,7177.2001953125,7177.39990234375,502600
2023-05-30,7209.2998046875,7227.2001953125,7204.60009765625,7217.7001953125,662500
2023-05-31,7091.2998046875,7196.89990234375,7091.2998046875,7195.39990234375,1567300
2023-06-01,7110.7998046875,7131.89990234375,7077.89990234375,7087.39990234375,676600
2023-06-02,7145.10009765625,7165.7998046875,7125.89990234375,7128.7001953125,632300
2023-06-05,7216.2998046875,7233.2001953125,7173.2998046875,7173.2998046875,591300
2023-06-06,7129.60009765625,7205.39990234375,7125.89990234375,7205.39990234375,798300
2023-06-07,7118.0,7164.2001953125,7118.0,7140.60009765625,732000
2023-06-08,7099.7001953125,7132.0,7093.5,7130.7998046875,716600
2023-06-09,7122.5,7131.2001953125,7108.7001953125,7108.89990234375,580900
2023-06-13,7138.89990234375,7138.89990234375,7101.2998046875,7113.7998046875,647200
2023-06-14,7161.7001953125,7167.60009765625,7135.7001953125,7161.60009765625,833900
2023-06-15,7175.2998046875,7197.7001953125,7158.7998046875,7167.60009765625,824400
2023-06-16,7251.2001953125,7262.10009765625,7182.2001953125,7183.7001953125,1456400
2023-06-19,7294.89990234375,7302.60009765625,7246.2001953125,7248.10009765625,662600
2023-06-20,7357.7998046875,7368.39990234375,7295.5,7296.5,647000
2023-06-21,7314.89990234375,7349.10009765625,7314.89990234375,7340.0,709900
2023-06-22,7195.5,7308.89990234375,7187.10009765625,7308.89990234375,704900
2023-06-23,7099.2001953125,7195.7001953125,7087.89990234375,7192.5,587800
2023-06-26,7078.7001953125,7099.5,7054.7998046875,7098.39990234375,592700
2023-06-27,7118.2001953125,7125.7001953125,7084.2001953125,7084.2001953125,621300
2023-06-28,7196.5,7215.2001953125,7122.60009765625,7122.60009765625,674700
2023-06-29,7194.89990234375,7223.2001953125,7189.2001953125,7191.2998046875,611100
2023-06-30,7203.2998046875,7209.0,7165.7001953125,7198.7001953125,648700
2023-07-03,7246.10009765625,7251.60009765625,7199.5,7204.7998046875,584800
2023-07-04,7279.0,7285.7998046875,7232.10009765625,7248.2998046875,543300
2023-07-05,7253.2001953125,7281.7998046875,7247.60009765625,7276.7001953125,541200
2023-07-06,7163.39990234375,7243.7998046875,7145.5,7242.5,629200
2023-07-07,7042.2998046875,7143.2001953125,7023.60009765625,7143.2001953125,536600
2023-07-10,7004.0,7085.2001953125,6998.10009765625,7050.2001953125,452600
2023-07-11,7108.89990234375,7108.89990234375,7017.60009765625,7018.7001953125,499000
2023-07-12,7135.7001953125,7158.5,7124.10009765625,7124.7001953125,496500
2023-07-13,7246.89990234375,7256.5,7150.7998046875,7152.60009765625,684900
2023-07-14,7303.10009765625,7313.7001953125,7256.0,7257.10009765625,583200
2023-07-17,7298.5,7307.89990234375,7278.39990234375,7300.10009765625,562400
2023-07-18,7283.7998046875,7291.0,7261.10009765625,7285.0,537700
2023-07-19,7323.7001953125,7333.10009765625,7293.0,7293.10009765625,660100
2023-07-20,7325.0,7383.2998046875,7322.89990234375,7328.10009765625,686300
2023-07-21,7313.89990234375,7324.5,7288.7998046875,7323.89990234375,631700
2023-07-24,7306.39990234375,7333.2001953125,7306.39990234375,7313.2998046875,701100
2023-07-25,7339.7001953125,7344.89990234375,7317.89990234375,7324.7998046875,637400
2023-07-26,7402.0,7421.2998046875,7339.7001953125,7365.10009765625,638100
2023-07-27,7455.89990234375,7472.2998046875,7388.0,7393.89990234375,690200
2023-07-28,7403.60009765625,7451.2998046875,7356.39990234375,7450.0,612800
2023-07-31,7410.39990234375,7434.2998046875,7374.2998046875,7403.60009765625,575500
2023-08-01,7450.7001953125,7470.10009765625,7410.39990234375,7410.39990234375,523500
2023-08-02,7354.60009765625,7450.7001953125,7342.5,7450.7001953125,577900
2023-08-03,7311.7001953125,7354.60009765625,7287.89990234375,7354.60009765625,559900
2023-08-04,7325.2998046875,7325.39990234375,7285.5,7311.7001953125,603200
2023-08-07,7309.2001953125,7325.7001953125,7294.60009765625,7325.2998046875,414600
2023-08-08,7311.10009765625,7342.5,7311.0,7315.2001953125,715200
2023-08-09,7338.0,7341.5,7308.0,7309.2998046875,574300
2023-08-10,7357.39990234375,7357.39990234375,7320.89990234375,7341.2001953125,663800
2023-08-11,7340.10009765625,7361.2001953125,7329.2998046875,7350.7001953125,541100
2023-08-14,7277.0,7331.0,7259.10009765625,7330.2998046875,607400
2023-08-15,7305.0,7329.2998046875,7271.89990234375,7272.7001953125,610600
2023-08-16,7195.2001953125,7284.5,7185.2001953125,7284.5,714000
2023-08-17,7146.0,7191.2998046875,7106.7998046875,7190.7998046875,897900
2023-08-18,7148.10009765625,7167.7001953125,7124.5,7151.5,806300
2023-08-21,7115.5,7145.89990234375,7115.5,7145.7998046875,711900
2023-08-22,7121.60009765625,7125.0,7090.0,7105.60009765625,735900
2023-08-23,7148.39990234375,7174.2001953125,7115.7998046875,7115.7998046875,684200
2023-08-24,7182.10009765625,7194.39990234375,7149.89990234375,7151.39990234375,811800
2023-08-25,7115.2001953125,7164.2998046875,7091.7998046875,7162.7998046875,768400
2023-08-28,7159.7998046875,7161.7001953125,7120.7998046875,7120.7998046875,937800
2023-08-29,7210.5,7210.5,7159.2001953125,7163.60009765625,867900
2023-08-30,7297.7001953125,7317.89990234375,7219.5,7219.5,790700
2023-08-31,7305.2998046875,7310.10009765625,7291.2998046875,7295.39990234375,1109900
2023-09-01,7278.2998046875,7295.89990234375,7268.10009765625,7294.39990234375,569100
2023-09-04,7318.7998046875,7340.89990234375,7278.2998046875,7278.2998046875,644200
2023-09-05,7314.2998046875,7319.39990234375,7270.60009765625,7319.10009765625,487700
2023-09-06,7257.10009765625,7314.0,7253.2001953125,7313.7998046875,744200
2023-09-07,7171.0,7225.7998046875,7157.10009765625,7225.2998046875,737500
2023-09-08,7156.7001953125,7178.0,7134.7998046875,7166.7001953125,518300
2023-09-11,7192.2998046875,7192.2998046875,7134.0,7161.39990234375,587500
2023-09-12,7206.89990234375,7208.2998046875,7155.7998046875,7201.7998046875,737800
2023-09-13,7153.89990234375,7201.5,7140.60009765625,7201.5,853400
2023-09-14,7186.5,7199.7001953125,7146.0,7148.60009765625,671300
2023-09-15,7279.0,7319.7998046875,7213.5,7213.5,2109400
2023-09-18,7230.39990234375,7274.5,7223.5,7273.60009765625,501400
2023-09-19,7196.60009765625,7221.60009765625,7187.5,7221.60009765625,572600
2023-09-20,7163.2998046875,7196.60009765625,7148.89990234375,7196.60009765625,770200
2023-09-21,7065.2001953125,7163.2998046875,7058.60009765625,7163.2998046875,821300
2023-09-22,7068.7998046875,7068.7998046875,6957.2001953125,7065.2001953125,917800
2023-09-25,7076.5,7076.5,7022.89990234375,7068.7998046875,511700
2023-09-26,7038.2001953125,7076.5,7023.7998046875,7076.5,652300
2023-09-27,7030.2998046875,7038.2001953125,7002.7998046875,7038.2001953125,761900
2023-09-28,7024.7998046875,7052.7001953125,7003.39990234375,7030.2998046875,723300
2023-09-29,7048.60009765625,7065.2998046875,7024.7998046875,7024.7998046875,776800
2023-10-02,7033.2001953125,7051.5,7014.89990234375,7048.60009765625,484800
2023-10-03,6943.39990234375,7010.10009765625,6908.2998046875,7010.10009765625,836000
2023-10-04,6890.2001953125,6943.39990234375,6871.0,6943.39990234375,752500
2023-10-05,6925.5,6935.0,6885.5,6890.2001953125,691600
2023-10-06,6954.2001953125,6972.89990234375,6922.60009765625,6925.5,636800
2023-10-09,6970.2001953125,6998.89990234375,6954.2001953125,6954.2001953125,921100
2023-10-10,7040.60009765625,7058.39990234375,6971.7001953125,6972.7001953125,779500
2023-10-11,7088.39990234375,7092.7001953125,7040.60009765625,7040.60009765625,758700
2023-10-12,7091.0,7112.7001953125,7083.2001953125,7088.39990234375,736300
2023-10-13,7051.0,7084.10009765625,7016.7998046875,7084.10009765625,646000
2023-10-16,7026.5,7051.0,7022.60009765625,7051.0,548200
2023-10-17,7056.10009765625,7100.2998046875,7042.60009765625,7042.60009765625,574400
2023-10-18,7077.60009765625,7078.5,7044.60009765625,7056.10009765625,587800
2023-10-19,6981.60009765625,7077.60009765625,6952.2998046875,7077.60009765625,820400
2023-10-20,6900.7001953125,6961.2998046875,6878.2998046875,6960.89990234375,745900
2023-10-23,6844.10009765625,6900.7001953125,6831.2998046875,6900.7001953125,567000
2023-10-24,6856.89990234375,6878.5,6837.7001953125,6844.10009765625,604500
2023-10-25,6854.2998046875,6897.39990234375,6832.2001953125,6856.89990234375,753100
2023-10-26,6812.2998046875,6854.2998046875,6777.39990234375,6854.2998046875,960200
2023-10-27,6826.89990234375,6845.7001953125,6809.7001953125,6812.2998046875,567200
2023-10-30,6772.89990234375,6829.5,6751.2998046875,6826.89990234375,833500
2023-10-31,6780.7001953125,6816.39990234375,6770.39990234375,6772.89990234375,943900
2023-11-01,6838.2998046875,6838.2998046875,6780.7001953125,6780.7001953125,659600
2023-11-02,6899.7001953125,6928.5,6838.2998046875,6838.2998046875,708500
2023-11-03,6978.2001953125,6989.39990234375,6899.7001953125,6899.7001953125,860700
2023-11-06,6997.39990234375,7009.10009765625,6978.0,6978.2001953125,933400
2023-11-07,6977.10009765625,7001.2998046875,6951.89990234375,6997.39990234375,536700
2023-11-08,6995.39990234375,6999.5,6967.39990234375,6977.10009765625,741100
2023-11-09,7014.89990234375,7045.5,6995.39990234375,6995.39990234375,783300
2023-11-10,6976.5,7018.2001953125,6964.2001953125,7014.89990234375,564200
2023-11-13,6948.7998046875,6984.0,6948.7998046875,6976.5,582700
2023-11-14,7006.7001953125,7013.0,6948.7998046875,6948.7998046875,580800
2023-11-15,7105.89990234375,7125.60009765625,7006.7001953125,7006.7001953125,714300
2023-11-16,7058.39990234375,7109.7998046875,7050.10009765625,7105.89990234375,655600
2023-11-17,7049.39990234375,7062.2998046875,7036.5,7058.2001953125,674400
2023-11-20,7058.39990234375,7072.39990234375,7048.5,7049.39990234375,510600
2023-11-21,7078.2001953125,7089.60009765625,7058.39990234375,7058.39990234375,633700
2023-11-22,7073.39990234375,7090.39990234375,7061.89990234375,7078.2001953125,558600
2023-11-23,7029.2001953125,7073.39990234375,7026.89990234375,7073.39990234375,563500
2023-11-24,7040.7998046875,7064.7998046875,7028.2001953125,7029.2001953125,372900
2023-11-27,6987.60009765625,7054.2998046875,6987.60009765625,7040.7998046875,480800
2023-11-28,7015.2001953125,7049.2001953125,6985.5,6987.0,578400
2023-11-29,7035.2998046875,7056.60009765625,7014.10009765625,7015.2001953125,646000
2023-11-30,7087.2998046875,7087.2998046875,7022.60009765625,7035.2998046875,1401300
2023-12-01,7073.2001953125,7087.2998046875,7041.39990234375,7087.2998046875,581900
2023-12-04,7124.7001953125,7167.60009765625,7073.2001953125,7073.2001953125,877300
2023-12-05,7061.60009765625,7124.7001953125,7041.10009765625,7124.7001953125,873700
2023-12-06,7178.39990234375,7194.0,7061.60009765625,7061.60009765625,898200
2023-12-07,7173.2998046875,7178.89990234375,7150.39990234375,7178.39990234375,812300
2023-12-08,7194.89990234375,7194.89990234375,7143.2998046875,7173.2998046875,725800
2023-12-11,7199.0,7226.7998046875,7189.89990234375,7194.89990234375,662500
2023-12-12,7235.2998046875,7241.2998046875,7196.2998046875,7199.0,643000
2023-12-13,7257.7998046875,7271.10009765625,7234.2998046875,7235.2998046875,606900
2023-12-14,7377.89990234375,7380.2001953125,7257.7998046875,7257.7998046875,994800
2023-12-15,7442.7001953125,7462.2001953125,7377.89990234375,7377.89990234375,2016000
2023-12-18,7426.39990234375,7444.0,7406.39990234375,7436.89990234375,604600
2023-12-19,7489.10009765625,7494.10009765625,7425.10009765625,7426.39990234375,662300
2023-12-20,7537.89990234375,7552.2998046875,7489.10009765625,7489.10009765625,756600
2023-12-21,7504.10009765625,7537.89990234375,7486.89990234375,7537.89990234375,814600
2023-12-22,7501.60009765625,7521.89990234375,7497.0,7504.10009765625,648800
2023-12-27,7561.2001953125,7593.39990234375,7501.60009765625,7501.60009765625,415300
2023-12-28,7614.2998046875,7614.2998046875,7561.2001953125,7561.2001953125,378800
2023-12-29,7590.7998046875,7614.2998046875,7576.7001953125,7614.2998046875,387700
2024-01-02,7627.7998046875,7632.7001953125,7584.5,7590.7998046875,307500
2024-01-03,7523.2001953125,7627.7998046875,7521.89990234375,7627.7998046875,475500
2024-01-04,7494.10009765625,7529.89990234375,7481.10009765625,7523.2001953125,469800
2024-01-05,7489.10009765625,7514.2998046875,7488.2001953125,7492.5,437400
2024-01-08,7451.5,7504.2001953125,7441.7998046875,7489.10009765625,526400
2024-01-09,7520.5,7541.89990234375,7464.7001953125,7464.7001953125,530600
2024-01-10,7468.5,7520.5,7465.2001953125,7520.5,570700
2024-01-11,7506.0,7517.2001953125,7467.2001953125,7468.5,570300
2024-01-12,7498.2998046875,7506.0,7474.2998046875,7506.0,576600
2024-01-15,7496.2998046875,7505.10009765625,7477.60009765625,7495.2998046875,510300
2024-01-16,7414.7998046875,7496.2998046875,7402.2998046875,7496.2998046875,570700
2024-01-17,7393.10009765625,7418.89990234375,7372.60009765625,7414.7998046875,700400
2024-01-18,7346.5,7372.10009765625,7322.0,7371.5,729100
2024-01-19,7421.2001953125,7446.7998046875,7346.5,7346.5,673000
2024-01-22,7476.60009765625,7483.0,7428.2998046875,7428.7001953125,621400
2024-01-23,7514.89990234375,7530.2998046875,7476.60009765625,7476.60009765625,603300
2024-01-24,7519.2001953125,7536.39990234375,7498.89990234375,7514.89990234375,585700
2024-01-25,7555.39990234375,7558.7998046875,7519.2001953125,7519.2001953125,593500
2024-01-29,7578.39990234375,7583.60009765625,7544.2998046875,7544.39990234375,674800
2024-01-30,7600.2001953125,7630.5,7578.39990234375,7578.39990234375,635400
2024-01-31,7680.7001953125,7682.2998046875,7570.2001953125,7600.2001953125,0
2024-02-01,7588.2001953125,7680.7001953125,7579.5,7680.7001953125,620800
2024-02-02,7699.39990234375,7703.60009765625,7588.2001953125,7588.2001953125,643100
2024-02-05,7625.89990234375,7699.39990234375,7593.2998046875,7699.39990234375,474100
2024-02-06,7581.60009765625,7625.89990234375,7542.0,7625.89990234375,561900
2024-02-07,7624.89990234375,7656.0,7615.7998046875,7615.7998046875,112000
2024-02-08,7639.2001953125,7662.39990234375,7615.7998046875,7615.7998046875,574000
2024-02-09,7644.7998046875,7655.89990234375,7628.5,7639.2998046875,584100
2024-02-12,7614.89990234375,7644.7998046875,7609.39990234375,7644.7998046875,490100
2024-02-13,7603.60009765625,7632.7001953125,7599.0,7614.89990234375,635700
2024-02-14,7547.7001953125,7603.60009765625,7489.39990234375,7603.60009765625,876000
2024-02-15,7605.7001953125,7621.2998046875,7538.7001953125,7547.7001953125,911300
2024-02-16,7658.2998046875,7681.10009765625,7605.7001953125,7605.7001953125,902100
2024-02-19,7665.10009765625,7683.2998046875,7653.2001953125,7658.2998046875,742900
2024-02-20,7659.0,7670.89990234375,7633.7998046875,7665.10009765625,962400
2024-02-21,7597.7998046875,7612.2001953125,7588.2998046875,7608.39990234375,1218500
2024-02-22,7611.2001953125,7616.39990234375,7584.7001953125,7608.39990234375,2123700
2024-02-23,7643.60009765625,7661.2001953125,7611.2001953125,7611.2001953125,932200
2024-02-26,7652.7998046875,7683.2998046875,7636.5,7643.60009765625,0
2024-02-27,7663.0,7664.7998046875,7610.7998046875,7652.7998046875,736400
2024-02-28,7660.39990234375,7682.2998046875,7637.60009765625,7663.0,934100
2024-02-29,7698.7001953125,7703.7998046875,7631.0,7660.39990234375,1919000
2024-03-01,7745.60009765625,7745.60009765625,7696.5,7698.7001953125,907700
2024-03-04,7735.7998046875,7769.10009765625,7726.39990234375,7745.60009765625,833500
2024-03-05,7724.2001953125,7752.2001953125,7711.7001953125,7735.7998046875,795900
2024-03-06,7733.5,7738.2001953125,7695.2001953125,7724.2001953125,725100
2024-03-07,7763.7001953125,7767.10009765625,7719.5,7733.5,676900
2024-03-08,7847.0,7853.10009765625,7763.7001953125,7763.7001953125,755300
2024-03-11,7704.2001953125,7847.0,7696.7998046875,7847.0,110600
2024-03-12,7712.5,7736.7001953125,7701.2001953125,7704.2001953125,623600
2024-03-13,7729.39990234375,7741.7998046875,7710.60009765625,7712.5,687500
2024-03-14,7713.60009765625,7744.2001953125,7700.39990234375,7729.39990234375,857100
2024-03-15,7670.2998046875,7713.60009765625,7591.39990234375,7713.60009765625,2298400
2024-03-18,7675.7998046875,7679.5,7642.0,7670.2998046875,535500
2024-03-19,7703.2001953125,7708.0,7666.89990234375,7675.7998046875,559100
2024-03-20,7695.7998046875,7738.10009765625,7694.60009765625,7703.2001953125,535300
2024-03-21,7782.0,7787.2001953125,7695.7998046875,7695.7998046875,819900
2024-03-22,7770.60009765625,7786.7998046875,7738.60009765625,7782.0,636600
2024-03-25,7811.89990234375,7844.39990234375,7770.60009765625,7770.60009765625,462500
2024-03-26,7780.2001953125,7812.2998046875,7775.7001953125,7811.89990234375,579500
2024-03-27,7819.60009765625,7819.60009765625,7771.7998046875,7780.2001953125,473800
2024-03-28,7896.89990234375,7901.2001953125,7819.60009765625,7819.60009765625,704400
2024-04-02,7887.89990234375,7910.5,7867.7998046875,7896.89990234375,610100
2024-04-03,7782.5,7895.7001953125,7770.89990234375,7887.89990234375,679100
2024-04-04,7817.2998046875,7834.39990234375,7782.5,7782.5,537600
2024-04-05,7773.2998046875,7817.2998046875,7741.5,7817.2998046875,497200
2024-04-08,7789.10009765625,7801.5,7769.39990234375,7773.2998046875,542900
2024-04-09,7824.2001953125,7835.10009765625,7789.10009765625,7789.10009765625,536300
2024-04-10,7848.5,7869.2998046875,7824.2001953125,7824.2001953125,526200
2024-04-11,7813.60009765625,7848.5,7752.10009765625,7848.5,531300
2024-04-12,7788.10009765625,7813.60009765625,7765.2998046875,7813.60009765625,531600
2024-04-15,7752.5,7788.89990234375,7735.2001953125,7788.10009765625,551800
2024-04-16,7612.5,7752.5,7585.7998046875,7752.5,992200
2024-04-17,7605.60009765625,7636.60009765625,7596.7001953125,7612.5,531800
2024-04-18,7642.10009765625,7656.7998046875,7605.60009765625,7605.60009765625,511700
2024-04-19,7567.2998046875,7642.10009765625,7492.60009765625,7642.10009765625,692800
2024-04-22,7649.2001953125,7678.60009765625,7567.2998046875,7567.2998046875,479100
2024-04-23,7683.5,7694.89990234375,7648.5,7649.2001953125,565200
2024-04-24,7683.0,7724.0,7679.7001953125,7683.5,579200
2024-04-26,7575.89990234375,7683.0,7568.10009765625,7683.0,520500
2024-04-29,7637.39990234375,7646.39990234375,7575.89990234375,7575.89990234375,540400
2024-04-30,7664.10009765625,7664.10009765625,7623.39990234375,7637.39990234375,668600
2024-05-01,7569.89990234375,7664.10009765625,7556.5,7664.10009765625,559000
2024-05-02,7587.0,7616.0,7569.89990234375,7569.89990234375,692300
2024-05-03,7629.0,7640.2001953125,7587.0,7587.0,638400
2024-05-06,7682.39990234375,7684.10009765625,7629.0,7629.0,500800
2024-05-07,7793.2998046875,7793.2998046875,7682.39990234375,7682.39990234375,603300
2024-05-08,7804.5,7814.89990234375,7788.10009765625,7793.2998046875,517900
2024-05-09,7721.60009765625,7804.2998046875,7715.2001953125,7804.2998046875,512300
2024-05-10,7749.0,7768.5,7721.60009765625,7721.60009765625,462800
2024-05-13,7750.0,7750.0,7721.5,7749.0,423700
2024-05-14,7726.7998046875,7750.0,7714.60009765625,7750.0,479800
2024-05-15,7753.7001953125,7784.7998046875,7726.7998046875,7726.7998046875,419300
2024-05-16,7881.2998046875,7900.2001953125,7753.7001953125,7753.7001953125,655500
2024-05-17,7814.39990234375,7885.10009765625,7810.2998046875,7881.2998046875,524600
2024-05-20,7863.7001953125,7873.7998046875,7814.39990234375,7814.39990234375,614400
2024-05-21,7851.7001953125,7870.2001953125,7841.5,7863.7001953125,674000
2024-05-22,7848.10009765625,7879.60009765625,7848.10009765625,7851.7001953125,683500
2024-05-23,7811.7998046875,7848.10009765625,7764.60009765625,7848.10009765625,585000
2024-05-24,7727.60009765625,7811.7998046875,7716.89990234375,7811.7998046875,505400
2024-05-27,7788.2998046875,7793.2001953125,7734.2998046875,7734.2998046875,474300
2024-05-28,7766.7001953125,7801.39990234375,7765.7001953125,7788.2998046875,492200
2024-05-29,7665.60009765625,7766.7001953125,7660.89990234375,7766.7001953125,657000
2024-05-30,7628.2001953125,7665.60009765625,7601.5,7665.60009765625,577700
2024-05-31,7701.7001953125,7701.7001953125,7628.2001953125,7628.2001953125,1411400
2024-06-03,7761.0,7779.0,7701.7001953125,7701.7001953125,468600
2024-06-04,7737.10009765625,7768.2001953125,7737.10009765625,7761.0,471100
2024-06-05,7769.0,7774.2998046875,7728.60009765625,7737.10009765625,605000
2024-06-06,7821.7998046875,7837.7998046875,7769.0,7769.0,522700
2024-06-07,7860.0,7861.7998046875,7821.7998046875,7821.7998046875,479200
2024-06-11,7755.39990234375,7860.0,7735.10009765625,7860.0,701200
2024-06-12,7715.5,7755.39990234375,7699.2001953125,7755.39990234375,565300
2024-06-13,7749.7001953125,7777.7998046875,7714.0,7715.5,657700
2024-06-14,7724.2998046875,7751.7998046875,7718.0,7749.7001953125,526600
2024-06-17,7700.2998046875,7730.10009765625,7698.2001953125,7724.2998046875,574700
2024-06-18,7778.10009765625,7780.39990234375,7700.2998046875,7700.2998046875,647400
2024-06-19,7769.7001953125,7787.5,7755.2001953125,7778.10009765625,596300
2024-06-20,7769.39990234375,7772.0,7753.39990234375,7769.7001953125,831900
2024-06-21,7796.0,7796.89990234375,7753.89990234375,7769.39990234375,1735800
2024-06-24,7733.7001953125,7796.10009765625,7730.5,7796.0,562000
2024-06-25,7838.7998046875,7838.7998046875,7737.0,7737.0,624400
2024-06-26,7783.0,7838.7998046875,7750.5,7838.7998046875,720100
2024-06-27,7759.60009765625,7783.0,7654.2001953125,7783.0,714000
2024-06-28,7767.5,7819.0,7754.89990234375,7759.60009765625,748200
2024-07-01,7750.7001953125,7767.5,7710.2998046875,7767.5,484100
2024-07-02,7718.2001953125,7754.39990234375,7702.5,7750.7001953125,555500
2024-07-03,7739.89990234375,7744.10009765625,7718.2001953125,7718.2001953125,501700
2024-07-04,7831.7998046875,7835.7001953125,7739.89990234375,7739.89990234375,577800
2024-07-05,7822.2998046875,7831.7998046875,7807.7001953125,7831.7998046875,390300
2024-07-08,7763.2001953125,7822.2998046875,7759.5,7822.2998046875,465600
2024-07-09,7829.7001953125,7832.2998046875,7763.2001953125,7763.2001953125,500400
2024-07-10,7816.7998046875,7829.7001953125,7782.0,7829.7001953125,526500
2024-07-11,7889.60009765625,7902.60009765625,7816.7998046875,7816.7998046875,523500
2024-07-12,7959.2998046875,7969.10009765625,7889.0,7889.60009765625,545600
2024-07-15,8017.60009765625,8037.2998046875,7959.2998046875,7959.2998046875,508500
2024-07-16,7999.2998046875,8018.0,7996.89990234375,8017.60009765625,522100
2024-07-17,8057.89990234375,8083.7001953125,7999.2998046875,7999.2998046875,570800
2024-07-18,8036.5,8070.39990234375,8026.2001953125,8057.89990234375,616600
2024-07-19,7971.60009765625,8036.5,7923.60009765625,8036.5,572900
2024-07-22,7931.7001953125,7971.60009765625,7902.39990234375,7971.60009765625,491900
2024-07-23,7971.10009765625,7993.2998046875,7931.7001953125,7931.7001953125,716600
2024-07-24,7963.7001953125,7973.7998046875,7944.2998046875,7971.10009765625,571500
2024-07-25,7861.2001953125,7963.7001953125,7861.2001953125,7963.7001953125,669200
2024-07-26,7921.2998046875,7938.2998046875,7861.2001953125,7861.2001953125,637400
2024-07-29,7989.60009765625,8000.0,7921.2998046875,7921.2998046875,519600
2024-07-30,7953.2001953125,7989.60009765625,7894.2998046875,7989.60009765625,499600
2024-07-31,8092.2998046875,8092.2998046875,7952.7998046875,7953.2001953125,821600
2024-08-01,8114.7001953125,8148.7001953125,8092.2998046875,8092.2998046875,586100
2024-08-02,7943.2001953125,8114.7001953125,7920.0,8114.7001953125,690200
2024-08-05,7649.60009765625,7943.2001953125,7635.5,7943.2001953125,766500
2024-08-06,7680.60009765625,7713.7001953125,7628.10009765625,7649.60009765625,674900
2024-08-07,7699.7998046875,7738.2001953125,7643.2998046875,7680.60009765625,987000
2024-08-08,7682.0,7703.39990234375,7644.2001953125,7699.7998046875,730400
2024-08-09,7777.7001953125,7795.10009765625,7682.0,7682.0,519800
2024-08-12,7813.7001953125,7836.7998046875,7777.7001953125,7777.7001953125,510700
2024-08-13,7826.7998046875,7835.2001953125,7801.60009765625,7813.7001953125,637000
2024-08-14,7850.7001953125,7910.2001953125,7826.7998046875,7826.7998046875,561100
2024-08-15,7865.5,7898.7001953125,7846.60009765625,7850.7001953125,690200
2024-08-16,7971.10009765625,7976.89990234375,7865.5,7865.5,763300
2024-08-19,7980.39990234375,7990.89990234375,7950.60009765625,7971.10009765625,513600
2024-08-20,7997.7001953125,8025.2001953125,7980.39990234375,7980.39990234375,565700
2024-08-21,8010.5,8010.5,7951.5,7997.7001953125,673900
2024-08-22,8027.0,8039.7001953125,8010.5,8010.5,621300
2024-08-23,8023.89990234375,8027.0,7990.2998046875,8027.0,645200
2024-08-26,8084.5,8086.7001953125,8023.89990234375,8023.89990234375,553600
2024-08-27,8071.2001953125,8107.2998046875,8062.39990234375,8084.5,656600
2024-08-28,8071.39990234375,8071.39990234375,8008.89990234375,8071.2001953125,743500
2024-08-29,8045.10009765625,8071.39990234375,8017.7001953125,8071.39990234375,743100
2024-08-30,8091.89990234375,8091.89990234375,8045.10009765625,8045.10009765625,1198800
2024-09-02,8109.89990234375,8116.89990234375,8041.2998046875,8091.7998046875,617200
2024-09-03,8103.2001953125,8110.2001953125,8073.7001953125,8109.89990234375,633900
2024-09-04,7950.5,8103.2001953125,7928.5,8103.2001953125,735200
2024-09-05,7982.39990234375,7991.7998046875,7950.5,7950.5,796400
2024-09-06,8013.39990234375,8030.2998046875,7982.39990234375,7982.39990234375,633300
2024-09-09,7988.10009765625,8013.39990234375,7918.89990234375,8013.39990234375,617700
2024-09-10,8011.89990234375,8057.89990234375,7988.10009765625,7988.10009765625,660100
2024-09-11,7987.89990234375,8024.5,7963.89990234375,8011.89990234375,690000
2024-09-12,8075.7001953125,8075.7001953125,8075.7001953125,8075.7001953125,0
2024-09-13,8099.89990234375,8143.60009765625,8075.7001953125,8075.7001953125,730500
2024-09-16,8121.60009765625,8145.0,8099.89990234375,8099.89990234375,581200
2024-09-17,8140.89990234375,8150.5,8121.60009765625,8121.60009765625,512800
2024-09-18,8142.10009765625,8153.5,8114.10009765625,8140.89990234375,521000
2024-09-19,8191.89990234375,8200.2998046875,8133.10009765625,8142.10009765625,850000
2024-09-20,8209.5,8246.2001953125,8188.0,8191.89990234375,2007100
2024-09-23,8152.89990234375,8209.5,8131.5,8209.5,616300
2024-09-24,8142.0,8172.7001953125,8111.2998046875,8152.89990234375,630100
2024-09-25,8126.39990234375,8179.10009765625,8115.0,8142.0,682000
2024-09-26,8203.7001953125,8207.7001953125,8126.39990234375,8126.39990234375,713000
2024-09-27,8212.2001953125,8225.5,8203.7001953125,8203.7001953125,940200
2024-09-30,8269.7998046875,8285.7001953125,8212.2001953125,8212.2001953125,877900
2024-10-01,8208.900390625,8269.7998046875,8186.60009765625,8269.7998046875,579500
2024-10-02,8198.2001953125,8214.900390625,8176.7998046875,8208.900390625,577400
2024-10-03,8205.2001953125,8221.7001953125,8186.10009765625,8198.2001953125,646700
2024-10-04,8150.0,8205.2001953125,8107.60009765625,8205.2001953125,560800
2024-10-07,8205.400390625,8210.599609375,8147.5,8150.0,439700
2024-10-08,8176.89990234375,8223.5,8164.7998046875,8205.400390625,565400
2024-10-09,8187.39990234375,8226.7001953125,8173.7998046875,8176.89990234375,520600
2024-10-10,8223.0,8242.7998046875,8187.39990234375,8187.39990234375,592100
2024-10-11,8214.5,8228.2998046875,8200.0,8223.0,477800
2024-10-14,8252.7998046875,8271.7998046875,8214.5,8214.5,484400
2024-10-15,8318.400390625,8331.7001953125,8252.7998046875,8252.7998046875,548700
2024-10-16,8284.7001953125,8318.400390625,8274.2998046875,8318.400390625,611600
2024-10-17,8355.900390625,8384.5,8284.7001953125,8284.7001953125,748400
2024-10-18,8283.2001953125,8355.900390625,8261.5,8355.900390625,705400
2024-10-21,8344.400390625,8356.400390625,8283.7998046875,8283.7998046875,600100
2024-10-22,8205.7001953125,8344.400390625,8201.599609375,8344.400390625,559600
2024-10-23,8216.0,8232.599609375,8196.2001953125,8205.7001953125,500100
2024-10-24,8206.2998046875,8247.5,8183.7998046875,8216.0,628600
2024-10-25,8211.2998046875,8248.099609375,8206.2998046875,8206.2998046875,475100
2024-10-28,8221.5,8226.5,8199.7001953125,8211.2998046875,479000
2024-10-29,8249.2001953125,8272.099609375,8221.5,8221.5,598100
2024-10-30,8180.39990234375,8259.400390625,8167.2998046875,8249.2001953125,714800
2024-10-31,8160.0,8184.39990234375,8129.60009765625,8180.39990234375,693500
2024-11-01,8118.7998046875,8160.0,8063.2001953125,8160.0,494600
2024-11-04,8164.60009765625,8180.39990234375,8118.7998046875,8118.7998046875,490400
2024-11-05,8131.7998046875,8165.10009765625,8113.39990234375,8164.60009765625,380500
2024-11-06,8199.5,8224.2001953125,8131.7998046875,8131.7998046875,488500
2024-11-07,8285.599609375,8301.2001953125,8226.2998046875,8226.2998046875,52500
2024-11-08,8295.099609375,8319.400390625,8226.2998046875,8226.2998046875,530300
2024-11-11,8266.2001953125,8295.099609375,8246.7001953125,8295.099609375,521000
2024-11-12,8255.599609375,8266.2001953125,8215.7998046875,8266.2001953125,622100
2024-11-13,8193.400390625,8255.599609375,8139.10009765625,8255.599609375,555200
2024-11-14,8224.0,8239.400390625,8193.400390625,8193.400390625,520400
2024-11-15,8285.2001953125,8285.2001953125,8224.0,8224.0,535900
2024-11-18,8300.2001953125,8317.7001953125,8244.2998046875,8285.2001953125,516900
2024-11-19,8374.0,8446.400390625,8300.2001953125,8300.2001953125,571600
2024-11-20,8326.2998046875,8379.7998046875,8318.2001953125,8374.0,509000
2024-11-21,8323.0,8362.7998046875,8305.400390625,8326.2998046875,527800
2024-11-22,8393.7998046875,8416.400390625,8323.0,8323.0,555800
2024-11-25,8417.599609375,8462.099609375,8393.7998046875,8393.7998046875,1405400
2024-11-26,8359.400390625,8433.0,8352.7998046875,8417.599609375,582800
2024-11-27,8406.7001953125,8417.2998046875,8359.400390625,8359.400390625,513900
2024-11-28,8444.2998046875,8477.099609375,8406.7001953125,8406.7001953125,568400
2024-11-29,8436.2001953125,8444.2998046875,8390.099609375,8444.2998046875,496000
2024-12-02,8447.900390625,8466.400390625,8434.599609375,8436.2001953125,525200
2024-12-03,8495.2001953125,8514.5,8447.900390625,8447.900390625,674800
2024-12-04,8462.599609375,8497.7998046875,8429.2001953125,8495.2001953125,564500
2024-12-05,8474.900390625,8494.5,8462.2998046875,8462.599609375,598100
2024-12-06,8420.900390625,8474.900390625,8419.099609375,8474.900390625,537500
2024-12-09,8423.0,8423.0,8371.099609375,8420.900390625,604500
2024-12-10,8393.0,8447.7001953125,8360.099609375,8423.0,758700
2024-12-11,8353.599609375,8395.900390625,8342.099609375,8393.0,562200
2024-12-12,8330.2998046875,8386.400390625,8326.599609375,8353.599609375,609800
2024-12-13,8296.0,8330.2998046875,8263.5,8330.2998046875,488000
2024-12-16,8249.5,8296.0,8241.0,8296.0,604000
2024-12-17,8314.0,8327.2998046875,8236.7001953125,8249.5,541000
2024-12-18,8309.400390625,8342.900390625,8296.5,8314.0,589500
2024-12-19,8168.2001953125,8309.400390625,8125.7001953125,8309.400390625,822700
2024-12-20,8067.0,8168.2001953125,8051.2001953125,8168.2001953125,1250200
2024-12-23,8201.599609375,8201.599609375,8067.0,8067.0,362900
2024-12-24,8220.900390625,8226.7998046875,8193.5,8201.599609375,183500
2024-12-27,8261.7998046875,8281.400390625,8220.2001953125,8220.900390625,283700
2024-12-30,8235.0,8261.7998046875,8184.2001953125,8261.7998046875,306700
2024-12-31,8159.10009765625,8235.0,8159.10009765625,8235.0,277800
2025-01-02,8201.2001953125,8204.2001953125,8146.60009765625,8159.10009765625,304400
2025-01-03,8250.5,8263.900390625,8200.2001953125,8201.2001953125,329100
2025-01-06,8288.5,8292.400390625,8257.400390625,8257.400390625,52200
2025-01-07,8285.099609375,8297.599609375,8257.400390625,8257.400390625,424300
2025-01-08,8349.099609375,8370.7001953125,8262.2998046875,8285.099609375,488800
2025-01-09,8329.2001953125,8349.099609375,8291.900390625,8349.099609375,561900
2025-01-10,8294.099609375,8356.2001953125,8262.2001953125,8329.2001953125,525900
2025-01-13,8191.89990234375,8294.099609375,8160.7001953125,8294.099609375,523200
2025-01-14,8231.0,8253.7998046875,8191.89990234375,8191.89990234375,525500
2025-01-15,8213.2998046875,8263.5,8212.900390625,8231.0,502700
2025-01-16,8327.0,8345.599609375,8213.2998046875,8213.2998046875,527200
2025-01-17,8310.400390625,8346.7998046875,8303.0,8327.0,525900
2025-01-20,8402.0,8407.099609375,8347.400390625,8347.400390625,62700
2025-01-21,8420.2998046875,8429.599609375,8396.2998046875,8402.400390625,44800
2025-01-22,8429.7998046875,8455.599609375,8396.2998046875,8402.400390625,558000
2025-01-23,8378.7001953125,8429.7998046875,8366.0,8429.7998046875,543700
2025-01-24,8408.900390625,8421.099609375,8378.7001953125,8378.7001953125,434700
2025-01-28,8399.099609375,8427.099609375,8386.5,8408.900390625,607900
2025-01-29,8447.0,8481.599609375,8396.400390625,8401.400390625,589100
2025-01-30,8550.099609375,8550.2001953125,8493.7001953125,8493.7001953125,82600
2025-01-31,8532.2998046875,8566.900390625,8493.7001953125,8493.7001953125,738300
2025-02-03,8379.400390625,8532.2998046875,8353.900390625,8532.2998046875,598200
2025-02-04,8374.0,8446.7998046875,8374.0,8379.400390625,565500
2025-02-05,8416.900390625,8441.2001953125,8374.0,8374.0,618200
2025-02-06,8520.7001953125,8523.2001953125,8416.900390625,8416.900390625,616800
2025-02-07,8511.400390625,8532.599609375,8498.7001953125,8520.7001953125,485000
2025-02-10,8482.7998046875,8511.400390625,8445.2998046875,8511.400390625,477700
2025-02-11,8484.0,8515.2998046875,8480.599609375,8482.7998046875,670100
2025-02-12,8535.2998046875,8535.2998046875,8469.7001953125,8484.0,683600
2025-02-13,8540.0,8575.2001953125,8534.599609375,8535.2998046875,776000
2025-02-14,8555.7998046875,8615.2001953125,8540.0,8540.0,750900
2025-02-17,8505.7998046875,8544.7001953125,8505.7998046875,8537.099609375,81900
2025-02-18,8481.0,8544.7001953125,8468.7001953125,8537.099609375,631300
2025-02-19,8419.2001953125,8482.0,8389.400390625,8481.0,757300
2025-02-20,8322.7998046875,8419.2001953125,8287.7998046875,8419.2001953125,893600
2025-02-21,8296.2001953125,8354.0,8289.7001953125,8322.7998046875,698400
2025-02-24,8308.2001953125,8310.0,8216.2998046875,8296.2001953125,762700
2025-02-25,8251.900390625,8308.2001953125,8227.599609375,8308.2001953125,754100
2025-02-26,8240.7001953125,8251.900390625,8210.099609375,8251.900390625,694700
2025-02-27,8268.2001953125,8300.0,8240.7001953125,8240.7001953125,694100
2025-02-28,8172.39990234375,8268.2001953125,8155.5,8268.2001953125,1960900
2025-03-03,8245.7001953125,8251.900390625,8172.39990234375,8172.39990234375,707200
2025-03-04,8198.099609375,8245.7001953125,8150.2001953125,8245.7001953125,706000
2025-03-05,8141.10009765625,8198.099609375,8096.0,8198.099609375,736500
2025-03-06,8094.7001953125,8179.7001953125,8076.39990234375,8141.10009765625,732100
2025-03-07,7948.2001953125,8094.7001953125,7946.39990234375,8094.7001953125,672900
2025-03-10,7962.2998046875,7978.60009765625,7948.10009765625,7948.2001953125,555900
2025-03-11,7890.10009765625,7962.2998046875,7818.2998046875,7962.2998046875,1149100
2025-03-12,7786.2001953125,7890.10009765625,7733.5,7890.10009765625,952200
2025-03-13,7749.10009765625,7821.10009765625,7746.39990234375,7786.2001953125,821800
2025-03-14,7789.7001953125,7795.2998046875,7740.10009765625,7749.10009765625,710100
2025-03-17,7854.10009765625,7858.5,7792.2998046875,7792.2998046875,648300
2025-03-18,7860.39990234375,7922.89990234375,7850.0,7854.10009765625,700500
2025-03-19,7828.2998046875,7868.5,7808.7998046875,7860.39990234375,756800
2025-03-20,7918.89990234375,7931.2001953125,7828.2998046875,7828.2998046875,1030200
2025-03-21,7931.2001953125,7962.60009765625,7905.10009765625,7918.89990234375,2217500
2025-03-24,7936.89990234375,7939.2001953125,7899.5,7931.2001953125,633300
2025-03-25,7942.5,7994.0,7936.89990234375,7936.89990234375,651400
2025-03-26,7999.0,8014.89990234375,7942.5,7942.5,710600
2025-03-27,7969.0,7999.0,7936.2001953125,7999.0,715800
2025-03-28,7982.0,8001.0,7941.5,7969.0,600300
2025-03-31,7843.39990234375,7982.0,7843.0,7982.0,812600
2025-04-01,7925.2001953125,7925.2001953125,7843.39990234375,7843.39990234375,632700
2025-04-02,7934.5,7978.39990234375,7925.2001953125,7925.2001953125,649300
2025-04-03,7859.7001953125,7934.5,7768.0,7934.5,800600
2025-04-04,7667.7998046875,7859.7001953125,7664.2001953125,7859.7001953125,960900
2025-04-07,7343.2998046875,7667.7998046875,7169.2001953125,7667.7998046875,1507200
2025-04-08,7510.0,7510.0,7343.2998046875,7343.2998046875,1017100
2025-04-09,7375.0,7510.0,7349.0,7510.0,939800
2025-04-10,7709.60009765625,7842.89990234375,7375.0,7375.0,1010100
2025-04-11,7646.5,7709.60009765625,7524.5,7709.60009765625,834800
2025-04-14,7748.60009765625,7764.10009765625,7646.5,7646.5,661200
2025-04-15,7761.7001953125,7798.7001953125,7743.60009765625,7748.60009765625,676700
2025-04-16,7758.89990234375,7791.39990234375,7747.5,7761.7001953125,730500
2025-04-17,7819.10009765625,7819.10009765625,7757.39990234375,7758.89990234375,679500
2025-04-22,7816.7001953125,7822.39990234375,7745.10009765625,7819.10009765625,653900
2025-04-23,7920.5,7961.7998046875,7816.7001953125,7816.7001953125,1008200
2025-04-24,7968.2001953125,7983.7998046875,7920.5,7920.5,639100
2025-04-28,7997.10009765625,8051.7998046875,7968.2001953125,7968.2001953125,769000
2025-04-29,8070.60009765625,8076.7001953125,7997.10009765625,7997.10009765625,710800
2025-04-30,8126.2001953125,8126.2001953125,8069.10009765625,8070.60009765625,889500
2025-05-01,8145.60009765625,8152.5,8109.7001953125,8126.2001953125,676700
2025-05-02,8238.0,8239.599609375,8129.7998046875,8145.60009765625,772200
2025-05-05,8157.7998046875,8240.5,8157.7001953125,8238.0,637000
2025-05-06,8151.39990234375,8168.89990234375,8138.39990234375,8157.7001953125,609600
2025-05-07,8178.2998046875,8191.39990234375,8151.39990234375,8151.39990234375,886600
2025-05-08,8191.7001953125,8211.2001953125,8154.7998046875,8178.2998046875,763100
2025-05-09,8231.2001953125,8242.900390625,8183.2998046875,8191.7001953125,802000
2025-05-12,8233.5,8279.2998046875,8231.2001953125,8231.2001953125,661800
2025-05-13,8269.0,8314.0,8233.5,8233.5,924400
2025-05-14,8279.599609375,8279.599609375,8247.0,8269.0,732500
2025-05-15,8297.5,8303.099609375,8257.400390625,8279.599609375,753000
2025-05-16,8343.7001953125,8398.2001953125,8297.5,8297.5,762700
2025-05-19,8295.099609375,8344.7998046875,8284.0,8343.7001953125,626300
2025-05-20,8343.2998046875,8364.5,8295.099609375,8295.099609375,641000
2025-05-21,8386.7998046875,8422.900390625,8343.2998046875,8343.2998046875,648000
2025-05-22,8348.7001953125,8386.7998046875,8311.400390625,8386.7998046875,626900
2025-05-23,8360.900390625,8380.599609375,8339.599609375,8348.7001953125,552500
2025-05-26,8361.0,8369.2998046875,8345.5,8360.7001953125,502900
2025-05-27,8407.599609375,8407.599609375,8355.900390625,8361.0,540100
2025-05-28,8396.900390625,8453.0,8392.400390625,8405.7001953125,628500
2025-05-29,8409.7998046875,8427.2998046875,8392.099609375,8396.900390625,635000
2025-05-30,8434.7001953125,8439.7998046875,8380.2998046875,8409.7998046875,2254700
2025-06-02,8414.099609375,8435.5,8401.099609375,8434.7001953125,581600
2025-06-03,8466.7001953125,8479.5,8414.099609375,8414.099609375,692300
2025-06-04,8541.7998046875,8546.5,8466.7001953125,8466.7001953125,768800
2025-06-05,8538.900390625,8567.2998046875,8526.900390625,8541.7998046875,694400
2025-06-06,8515.7001953125,8555.599609375,8515.7001953125,8538.900390625,588300
2025-06-10,8587.2001953125,8592.0,8515.7001953125,8515.7001953125,750900
2025-06-11,8592.099609375,8639.099609375,8587.2001953125,8587.2001953125,726500
2025-06-12,8565.099609375,8617.7998046875,8565.099609375,8592.099609375,960100
2025-06-13,8547.400390625,8577.400390625,8525.400390625,8565.099609375,774600
2025-06-16,8548.400390625,8579.099609375,8538.599609375,8547.400390625,755300
2025-06-17,8541.2998046875,8566.7998046875,8525.0,8548.400390625,706500
2025-06-18,8531.2001953125,8553.0,8520.0,8541.2998046875,699800
2025-06-19,8523.7001953125,8540.2998046875,8504.7001953125,8531.2001953125,755500
2025-06-20,8505.5,8526.5,8462.7001953125,8523.7001953125,1873100
2025-06-23,8474.900390625,8505.5,8421.099609375,8505.5,619800
2025-06-24,8555.5,8574.0,8474.900390625,8474.900390625,685400
2025-06-25,8559.2001953125,8577.2998046875,8547.2001953125,8555.5,645700
2025-06-26,8550.7998046875,8560.400390625,8533.0,8559.2001953125,704100
2025-06-27,8514.2001953125,8605.7001953125,8514.2001953125,8551.099609375,819600
2025-06-30,8542.2998046875,8576.7001953125,8514.2001953125,8514.2001953125,822400
2025-07-01,8541.099609375,8576.0,8541.099609375,8542.2998046875,686500
2025-07-02,8597.7001953125,8613.0,8536.7001953125,8541.099609375,758400
2025-07-03,8595.7998046875,8623.599609375,8543.2001953125,8597.5,721600
2025-07-04,8603.0,8616.7998046875,8589.5,8595.7998046875,497100
2025-07-07,8589.2998046875,8617.0,8572.099609375,8603.0,500900
2025-07-08,8590.7001953125,8610.0,8550.2001953125,8589.099609375,646500
2025-07-09,8538.599609375,8590.7001953125,8531.400390625,8590.7001953125,625900
2025-07-10,8589.2001953125,8610.7998046875,8538.599609375,8538.599609375,536800
2025-07-11,8580.099609375,8619.7998046875,8568.2001953125,8589.2001953125,565200
2025-07-14,8570.400390625,8593.599609375,8558.2998046875,8580.099609375,526900
2025-07-15,8630.2998046875,8632.7998046875,8570.400390625,8570.400390625,556900
2025-07-16,8561.7998046875,8630.2998046875,8544.7001953125,8630.2998046875,529200
2025-07-17,8639.0,8641.2998046875,8561.7998046875,8561.7998046875,739200
2025-07-18,8757.2001953125,8776.400390625,8639.0,8639.0,717800
2025-07-21,8668.2001953125,8757.099609375,8648.400390625,8757.099609375,538100
2025-07-22,8677.2001953125,8714.599609375,8652.599609375,8668.2001953125,690800
2025-07-23,8737.2001953125,8748.599609375,8677.2001953125,8677.2001953125,704900
2025-07-24,8709.400390625,8759.900390625,8698.5,8737.2001953125,801300
2025-07-25,8666.900390625,8709.400390625,8658.2001953125,8709.400390625,588200
2025-07-28,8697.7001953125,8704.900390625,8667.0,8667.0,696400
2025-07-29,8704.599609375,8704.599609375,8643.5,8697.7001953125,631600
2025-07-30,8756.400390625,8773.0,8688.2001953125,8704.599609375,691700
2025-07-31,8742.7998046875,8756.400390625,8701.2998046875,8756.400390625,726900
2025-08-01,8662.0,8742.7998046875,8650.900390625,8742.7998046875,574800
2025-08-04,8663.7001953125,8666.7001953125,8630.900390625,8662.0,501200
2025-08-05,8770.400390625,8774.099609375,8663.7001953125,8663.7001953125,601800
2025-08-06,8843.7001953125,8848.7998046875,8770.400390625,8770.400390625,606500
2025-08-07,8831.400390625,8844.900390625,8818.7001953125,8840.900390625,614000
2025-08-08,8807.099609375,8831.400390625,8790.2998046875,8831.400390625,648500
2025-08-11,8844.7998046875,8852.2998046875,8815.2001953125,8817.2001953125,656800
2025-08-12,8880.7998046875,8885.7001953125,8828.7998046875,8844.7998046875,682100
2025-08-13,8827.099609375,8890.5,8815.2998046875,8880.7998046875,641800
2025-08-14,8873.7998046875,8899.099609375,8827.099609375,8827.099609375,709300
2025-08-15,8938.599609375,8938.599609375,8863.599609375,8871.0,622200
2025-08-18,8959.2998046875,8963.0,8912.2001953125,8938.599609375,571300
2025-08-19,8896.2001953125,8959.2998046875,8887.2998046875,8959.2998046875,644200
2025-08-20,8918.0,8950.5,8857.7998046875,8896.2001953125,777400
2025-08-21,9019.099609375,9019.099609375,8918.0,8918.0,852500
2025-08-22,8967.400390625,9025.5,8967.400390625,9019.099609375,817700
2025-08-25,8972.400390625,9054.5,8965.900390625,8967.400390625,747200
2025-08-26,8935.599609375,8984.900390625,8917.599609375,8972.400390625,1056400
2025-08-27,8960.5,8965.0,8935.2001953125,8935.599609375,907800
2025-08-28,8980.0,8980.0,8948.2001953125,8960.5,897300
2025-08-29,8973.099609375,8991.0,8948.0,8980.0,1014700
2025-09-01,8927.7001953125,8973.099609375,8907.0,8973.099609375,618100
2025-09-02,8900.599609375,8928.0,8891.2001953125,8927.7001953125,553300
2025-09-03,8738.7998046875,8900.599609375,8731.2998046875,8900.599609375,784800
2025-09-04,8826.5,8831.7001953125,8738.7998046875,8738.7998046875,706500
2025-09-05,8871.2001953125,8880.7001953125,8826.5,8826.5,627100
2025-09-08,8849.599609375,8871.2001953125,8826.900390625,8871.2001953125,592500
2025-09-09,8803.5,8849.599609375,8783.400390625,8849.599609375,690400
2025-09-10,8830.400390625,8837.400390625,8790.400390625,8803.5,809800
2025-09-11,8805.0,8830.400390625,8782.599609375,8830.400390625,773200
2025-09-12,8864.900390625,8887.599609375,8805.0,8805.0,633800
2025-09-15,8853.0,8864.900390625,8794.0,8864.900390625,616700
2025-09-16,8877.7001953125,8888.0,8853.0,8853.0,644700
2025-09-17,8818.5,8877.7001953125,8803.5,8877.7001953125,660500
2025-09-18,8745.2001953125,8818.5,8737.5,8818.5,762800
2025-09-19,8773.5,8821.0,8745.2001953125,8745.2001953125,2579200
2025-09-22,8810.900390625,8846.0,8773.5,8773.5,611200
2025-09-23,8845.900390625,8877.099609375,8810.0,8810.900390625,742600
2025-09-24,8764.5,8845.900390625,8744.2998046875,8845.900390625,715300
2025-09-25,8773.0,8793.599609375,8737.900390625,8764.5,837400
2025-09-26,8787.7001953125,8795.599609375,8746.2998046875,8773.0,832800
2025-09-29,8862.7998046875,8871.7001953125,8787.7001953125,8787.7001953125,575600
2025-09-30,8848.7998046875,8892.400390625,8842.400390625,8862.7998046875,874400
2025-10-01,8845.7001953125,8864.2998046875,8809.0,8848.7998046875,729400
2025-10-02,8945.900390625,8965.900390625,8845.7001953125,8845.7001953125,790100
2025-10-03,8987.400390625,8995.5,8927.900390625,8945.900390625,637100
2025-10-06,8981.400390625,9026.400390625,8970.599609375,8987.400390625,462700
2025-10-07,8956.7998046875,8981.400390625,8937.2001953125,8981.400390625,736900
2025-10-08,8947.599609375,8963.7001953125,8916.2001953125,8956.7998046875,755100
2025-10-09,8969.7998046875,8997.2998046875,8947.599609375,8947.599609375,710000
2025-10-10,8958.2998046875,8977.7001953125,8938.2001953125,8969.7998046875,632900
2025-10-13,8882.7998046875,8958.2998046875,8868.0,8958.2998046875,314400
2025-10-14,8899.400390625,8914.900390625,8843.7998046875,8882.7998046875,778300
2025-10-15,8990.900390625,8990.900390625,8899.400390625,8899.400390625,728600
2025-10-16,9068.400390625,9109.7001953125,8990.900390625,8990.900390625,713300
2025-10-17,8995.2998046875,9068.400390625,8990.099609375,9068.400390625,809300
2025-10-20,9031.900390625,9034.400390625,8963.599609375,8995.2998046875,676500
2025-10-21,9094.7001953125,9115.2001953125,9031.900390625,9031.900390625,680200
2025-10-22,9030.0,9094.7001953125,8998.7001953125,9094.7001953125,758000
2025-10-23,9032.7998046875,9043.2001953125,8986.2001953125,9030.0,650800
2025-10-24,9019.0,9054.2998046875,9010.2998046875,9032.7998046875,659600
2025-10-27,9055.599609375,9083.400390625,9019.0,9019.0,543300
2025-10-28,9012.5,9055.599609375,9006.7001953125,9055.599609375,742400
2025-10-29,8926.2001953125,9021.599609375,8921.7998046875,9012.5,626400
2025-10-30,8885.5,8926.2001953125,8876.0,8926.2001953125,679600
2025-10-31,8881.900390625,8943.400390625,8881.900390625,8885.5,740300
2025-11-03,8894.7998046875,8894.7998046875,8829.2998046875,8881.900390625,542800
2025-11-04,8813.7001953125,8894.7998046875,8801.900390625,8894.7998046875,527100
2025-11-05,8802.0,8825.099609375,8733.7998046875,8813.7001953125,667100
2025-11-06,8831.7998046875,8831.7998046875,8804.7001953125,8828.2998046875,84900
2025-11-07,8769.7001953125,8835.400390625,8756.400390625,8828.2998046875,564200
2025-11-10,8830.900390625,8875.599609375,8830.900390625,8835.900390625,71200
2025-11-11,8818.7998046875,8875.599609375,8816.599609375,8835.900390625,612900
2025-11-12,8799.5,8843.599609375,8799.5,8818.7998046875,685800
2025-11-13,8753.400390625,8799.599609375,8701.7998046875,8799.5,808100
2025-11-14,8634.5,8753.400390625,8612.2001953125,8753.400390625,617100
2025-11-17,8636.400390625,8636.400390625,8588.900390625,8634.5,544800
2025-11-18,8469.099609375,8636.400390625,8445.7001953125,8636.400390625,729000
2025-11-19,8447.900390625,8488.599609375,8447.900390625,8469.099609375,625100
2025-11-20,8552.7001953125,8565.099609375,8447.900390625,8447.900390625,630100
2025-11-21,8416.5,8552.7001953125,8383.2001953125,8552.7001953125,762500
2025-11-24,8525.099609375,8526.5,8416.5,8416.5,1317200
2025-11-25,8537.0,8572.599609375,8506.7001953125,8525.099609375,620300
2025-11-26,8606.5,8637.900390625,8537.0,8537.0,840600
2025-11-27,8619.2001953125,8619.2001953125,8588.7998046875,8617.2998046875,75200
2025-11-28,8614.099609375,8633.400390625,8588.7998046875,8617.2998046875,648800
2025-12-01,8565.2001953125,8624.7001953125,8563.2001953125,8614.099609375,608500
2025-12-02,8579.7001953125,8602.5,8565.2001953125,8565.2001953125,645100
2025-12-03,8595.2001953125,8622.599609375,8576.2998046875,8579.7001953125,687400
2025-12-04,8618.400390625,8618.7998046875,8566.7001953125,8595.2001953125,614300
2025-12-05,8634.599609375,8634.599609375,8591.2001953125,8618.400390625,580300
2025-12-08,8624.400390625,8634.599609375,8595.599609375,8634.599609375,560500
2025-12-09,8585.900390625,8624.400390625,8580.400390625,8624.400390625,582700
2025-12-10,8579.400390625,8611.099609375,8562.099609375,8585.900390625,667700
2025-12-11,8592.0,8658.900390625,8574.099609375,8579.400390625,697800
2025-12-12,8697.2998046875,8701.7998046875,8592.0,8592.0,601300
2025-12-15,8635.0,8697.2998046875,8622.7001953125,8697.2998046875,591500
2025-12-16,8598.900390625,8672.2001953125,8571.5,8635.0,707200
2025-12-17,8585.2001953125,8598.900390625,8547.099609375,8598.900390625,740900
2025-12-18,8588.2001953125,8588.2001953125,8553.0,8585.2001953125,819700
2025-12-19,8621.400390625,8647.5,8588.2001953125,8588.2001953125,1725000
2025-12-22,8699.900390625,8709.2001953125,8621.400390625,8621.400390625,498500
2025-12-23,8795.7001953125,8805.5,8699.900390625,8699.900390625,490600
2025-12-24,8762.7001953125,8795.7001953125,8742.5,8795.7001953125,292100
2025-12-29,8725.7001953125,8784.2001953125,8725.7001953125,8762.7001953125,365100
2025-12-30,8717.099609375,8751.900390625,8706.599609375,8725.7001953125,367000
2025-12-31,8714.2998046875,8732.2001953125,8679.7998046875,8717.099609375,293300
2026-01-02,8727.7998046875,8737.400390625,8696.7001953125,8714.2998046875,272200
2026-01-05,8728.599609375,8750.7001953125,8719.400390625,8727.7998046875,436300
2026-01-06,8714.599609375,8723.7998046875,8682.7998046875,8682.7998046875,73400
2026-01-07,8695.599609375,8734.2998046875,8682.7998046875,8682.7998046875,607400
2026-01-08,8720.7998046875,8739.2001953125,8693.7001953125,8695.599609375,569300
2026-01-09,8717.7998046875,8762.7001953125,8707.7998046875,8720.7998046875,540300
2026-01-12,8759.400390625,8785.900390625,8717.7998046875,8717.7998046875,555200
2026-01-13,8808.5,8855.7001953125,8759.400390625,8759.400390625,605700
2026-01-14,8820.599609375,8838.2998046875,8780.5,8808.5,593900
2026-01-15,8861.7001953125,8881.0,8820.599609375,8820.599609375,661600
2026-01-16,8903.900390625,8915.5,8855.599609375,8861.7001953125,614700
2026-01-19,8874.5,8903.900390625,8855.5,8903.900390625,451100
2026-01-20,8815.900390625,8874.5,8809.099609375,8874.5,661500
2026-01-21,8782.900390625,8815.900390625,8765.900390625,8815.900390625,623600
2026-01-22,8848.7001953125,8864.5,8782.900390625,8782.900390625,619400
2026-01-23,8860.099609375,8885.2001953125,8839.7998046875,8848.7001953125,651300
2026-01-27,8941.599609375,8969.2001953125,8860.099609375,8860.099609375,713800
2026-01-28,8933.900390625,8978.5,8907.900390625,8941.599609375,691700
2026-01-29,8966.099609375,8967.5,8927.5,8927.5,111300
2026-01-30,8869.099609375,8971.599609375,8858.900390625,8927.5,955700
2026-02-02,8778.599609375,8869.099609375,8746.2001953125,8869.099609375,824900
2026-02-03,8857.099609375,8896.599609375,8778.599609375,8778.599609375,701500
2026-02-04,8927.7998046875,8943.5,8832.599609375,8857.099609375,682800
2026-02-05,8889.2001953125,8927.7998046875,8872.2998046875,8927.7998046875,726900
2026-02-06,8708.7998046875,8889.2001953125,8683.7001953125,8889.2001953125,832500
2026-02-09,8912.099609375,8925.599609375,8870.099609375,8870.099609375,81200
2026-02-10,8867.400390625,8925.599609375,8867.400390625,8870.099609375,646400
2026-02-11,9014.7998046875,9014.7998046875,8867.400390625,8867.400390625,571500
2026-02-12,9043.5,9105.0,9014.7998046875,9014.7998046875,842900
2026-02-13,8917.599609375,9043.5,8911.400390625,9043.5,758500
2026-02-16,8966.7998046875,8988.2998046875,8937.099609375,8937.099609375,66100
2026-02-17,8958.900390625,8996.099609375,8937.099609375,8937.099609375,501600
2026-02-18,9007.0,9009.099609375,8958.900390625,8958.900390625,652300
2026-02-19,9086.2001953125,9118.2998046875,9007.0,9007.0,981200
2026-02-20,9081.400390625,9086.2001953125,9046.900390625,9086.2001953125,749100
2026-02-23,9026.0,9112.900390625,9010.599609375,9081.400390625,685000
2026-02-24,9022.2998046875,9054.7001953125,8987.2001953125,9026.0,773400
2026-02-25,9128.2998046875,9130.2998046875,9022.2998046875,9022.2998046875,795400
2026-02-26,9175.2998046875,9202.900390625,9128.2998046875,9128.2998046875,1113100
2026-02-27,9198.599609375,9198.599609375,9158.400390625,9175.2998046875,1144100
2026-03-02,9167.5,9200.900390625,9163.400390625,9200.900390625,77000
2026-03-03,9077.2998046875,9200.900390625,9062.599609375,9200.900390625,768700
2026-03-04,8901.2001953125,9077.2998046875,8878.7998046875,9077.2998046875,857900
2026-03-05,8940.2998046875,8964.099609375,8901.2001953125,8901.2001953125,819600
2026-03-06,8851.0,8940.2998046875,8811.599609375,8940.2998046875,770600
2026-03-09,8599.0,8851.0,8457.2001953125,8851.0,1033200
2026-03-10,8692.599609375,8750.599609375,8599.0,8599.0,777700
2026-03-11,8743.5,8759.5,8692.599609375,8692.599609375,832400
2026-03-12,8629.0,8743.5,8596.5,8743.5,948500
2026-03-13,8617.099609375,8664.599609375,8585.7001953125,8629.0,721200
2026-03-16,8583.400390625,8617.5,8563.2998046875,8617.099609375,743300
2026-03-17,8614.2998046875,8632.599609375,8576.599609375,8583.400390625,711600
2026-03-18,8640.599609375,8654.5,8602.0,8614.2998046875,721100
2026-03-19,8497.7998046875,8640.599609375,8485.2001953125,8640.599609375,1032200
2026-03-20,8428.400390625,8497.7998046875,8427.2001953125,8497.7998046875,2388400
2026-03-23,8365.900390625,8428.400390625,8262.400390625,8428.400390625,915900
2026-03-24,8379.400390625,8504.599609375,8365.900390625,8365.900390625,929700
2026-03-25,8557.599609375,8558.7001953125,8534.2998046875,8534.2998046875,40200
2026-03-26,8525.7001953125,8558.7001953125,8503.400390625,8534.2998046875,756700
2026-03-27,8516.2998046875,8525.7001953125,8455.7001953125,8525.7001953125,688000
2026-03-30,8461.0,8516.2998046875,8379.2998046875,8516.2998046875,768000
2026-03-31,8481.7998046875,8549.0,8410.599609375,8461.0,953000
2026-04-01,8671.7998046875,8671.7998046875,8481.7998046875,8481.7998046875,861400
2026-04-02,8579.5,8723.2998046875,8566.7998046875,8671.7998046875,0
