Date,CISS
1980-01-04,0.086991396194897
1980-01-07,0.0972577353852337
1980-01-08,0.0977732800737617
1980-01-09,0.1069369335761382
1980-01-10,0.1136692312346959
1980-01-11,0.116347689500394
1980-01-14,0.1156059251029918
1980-01-15,0.1176707379354714
1980-01-16,0.1220682835564327
1980-01-17,0.1293449196268813
1980-01-18,0.1363324357714118
1980-01-21,0.1413351075114754
1980-01-22,0.1253069409601674
1980-01-23,0.1352576324836134
1980-01-24,0.1453422359940196
1980-01-25,0.151919342005264
1980-01-28,0.1544055966255968
1980-01-29,0.154229607332769
1980-01-30,0.1543126880101748
1980-01-31,0.1317809702362904
1980-02-01,0.1092788041147155
1980-02-04,0.0874449869780824
1980-02-05,0.0892690642671324
1980-02-06,0.0869529557197493
1980-02-07,0.0838468190077563
1980-02-08,0.0797239843243998
1980-02-11,0.0599790463045165
1980-02-12,0.0492905252806712
1980-02-13,0.0490679677423547
1980-02-14,0.0383402631388564
1980-02-15,0.0424543473215081
1980-02-18,0.0452747644566883
1980-02-19,0.0465795202407111
1980-02-20,0.0577509436781334
1980-02-21,0.065320133736522
1980-02-22,0.0629321271643467
1980-02-25,0.0675901368927315
1980-02-26,0.0964391552780365
1980-02-27,0.1100367717135566
1980-02-28,0.129115155584175
1980-02-29,0.1316632700464553
1980-03-03,0.095145019606743
1980-03-04,0.0933770260909857
1980-03-05,0.1033471893624888
1980-03-06,0.1054664919165066
1980-03-07,0.1082557560650308
1980-03-10,0.1136480264348943
1980-03-11,0.118630048815602
1980-03-12,0.1214751698881385
1980-03-13,0.1187722593490312
1980-03-14,0.1005917900467668
1980-03-17,0.1077912925752034
1980-03-18,0.1419168443816955
1980-03-19,0.1737873974720102
1980-03-20,0.1872668736202083
1980-03-21,0.1944803320975011
1980-03-24,0.1979524054206294
1980-03-25,0.2182710483750823
1980-03-26,0.2101797619005516
1980-03-27,0.2107601562177974
1980-03-28,0.234352733416142
1980-03-31,0.2295204585073487
1980-04-01,0.2384186142684611
1980-04-02,0.2684110688693704
1980-04-03,0.2726809159864921
1980-04-04,0.2664301346313033
1980-04-07,0.2544426983919154
1980-04-08,0.2471959308998773
1980-04-09,0.2925832949118729
1980-04-10,0.2976047275563858
1980-04-11,0.3013518015712405
1980-04-14,0.3266293805571436
1980-04-15,0.3307003938578655
1980-04-16,0.3320051030713574
1980-04-17,0.2866595280274331
1980-04-18,0.2877846241811796
1980-04-21,0.2856476291186632
1980-04-22,0.290055299687959
1980-04-23,0.2848942313057243
1980-04-24,0.2897197041530463
1980-04-25,0.2882079825606776
1980-04-28,0.2827329520862583
1980-04-29,0.3018039852279498
1980-04-30,0.306412417834368
1980-05-01,0.2979671877993998
1980-05-02,0.2966008619400987
1980-05-05,0.2749307035220075
1980-05-06,0.2892424300380683
1980-05-07,0.2824512734392113
1980-05-08,0.2641537660445293
1980-05-09,0.2696234251481787
1980-05-12,0.2840433461323756
1980-05-13,0.2780383751543327
1980-05-14,0.2698632589337603
1980-05-15,0.2497001083986726
1980-05-16,0.2373447110679339
1980-05-19,0.2185473738681439
1980-05-20,0.2078012664684214
1980-05-21,0.1958571504411057
1980-05-22,0.1876638812592943
1980-05-23,0.1818976258718009
1980-05-26,0.176105331198576
1980-05-27,0.1821124851980511
1980-05-28,0.1785700274386673
1980-05-29,0.1680122264319813
1980-05-30,0.1620593377966604
1980-06-02,0.1667939465420517
1980-06-03,0.1678739906359652
1980-06-04,0.1691558644756978
1980-06-05,0.18917884603183
1980-06-06,0.1910430316153968
1980-06-09,0.1925208738776853
1980-06-10,0.2084715322395544
1980-06-11,0.2160752484832908
1980-06-12,0.2092302147101427
1980-06-13,0.1474113739680372
1980-06-16,0.1308308150163618
1980-06-17,0.1251986234058205
1980-06-18,0.1212299340459904
1980-06-19,0.1121306376909687
1980-06-20,0.1050899856646635
1980-06-23,0.0818662730906954
1980-06-24,0.0738405839730759
1980-06-25,0.0679773573479126
1980-06-26,0.0646463466696317
1980-06-27,0.0619743634464525
1980-06-30,0.0564060144836922
1980-07-01,0.0550391810150198
1980-07-02,0.0403631322921446
1980-07-03,0.0342843981352199
1980-07-04,0.0376265839297423
1980-07-07,0.0387307294942163
1980-07-08,0.0336176155924776
1980-07-09,0.0348414308058598
1980-07-10,0.0349772714461108
1980-07-11,0.0355233957857956
1980-07-14,0.0372053727870173
1980-07-15,0.0439753474179682
1980-07-16,0.0386000306749138
1980-07-17,0.0315764653247359
1980-07-18,0.0363978079759011
1980-07-21,0.0375097907654906
1980-07-22,0.0382402673648215
1980-07-23,0.0297129730974075
1980-07-24,0.035289901351958
1980-07-25,0.0383720400362733
1980-07-28,0.0360321287910139
1980-07-29,0.0422888249665723
1980-07-30,0.0443209237617357
1980-07-31,0.0420180873293603
1980-08-01,0.0441108406881258
1980-08-04,0.0460142624920109
1980-08-05,0.0461570532445791
1980-08-06,0.0459450817814288
1980-08-07,0.0437129659950947
1980-08-08,0.0442993327292742
1980-08-11,0.0401660671438997
1980-08-12,0.0526384075228728
1980-08-13,0.0591477929092992
1980-08-14,0.0590561790737565
1980-08-15,0.0637680146334597
1980-08-18,0.0529057250347661
1980-08-19,0.0610020633779361
1980-08-20,0.0654598887038642
1980-08-21,0.0568692831022424
1980-08-22,0.0586323064321273
1980-08-25,0.0521005303393958
1980-08-26,0.0823835258925846
1980-08-27,0.0902752612931909
1980-08-28,0.0836357730918592
1980-08-29,0.0883601823531706
1980-09-01,0.0842004844066112
1980-09-02,0.0965029213373466
1980-09-03,0.1014370242037564
1980-09-04,0.0988440635552581
1980-09-05,0.1005655289367025
1980-09-08,0.1051615715352844
1980-09-09,0.0951398686077409
1980-09-10,0.0913179123783809
1980-09-11,0.086396364010442
1980-09-12,0.0953651521060964
1980-09-15,0.0912813907368959
1980-09-16,0.1007905744394745
1980-09-17,0.1028353008018479
1980-09-18,0.1026481151928051
1980-09-19,0.1171490296032865
1980-09-22,0.1185557951461137
1980-09-23,0.1101392344411044
1980-09-24,0.1212329376728407
1980-09-25,0.1304455927816322
1980-09-26,0.1326468027514735
1980-09-29,0.1313873921895603
1980-09-30,0.1381319202837195
1980-10-01,0.1338917291108766
1980-10-02,0.1375212969864289
1980-10-03,0.1342669256390534
1980-10-06,0.1295173832855831
1980-10-07,0.1279155999926121
1980-10-08,0.129147923209222
1980-10-09,0.1289344388167989
1980-10-10,0.1261261667269772
1980-10-13,0.1346413932423592
1980-10-14,0.1308245260820193
1980-10-15,0.1178446155600292
1980-10-16,0.1180403571027304
1980-10-17,0.1095827890408102
1980-10-20,0.1017425074014108
1980-10-21,0.1088111337518967
1980-10-22,0.1177460881030647
1980-10-23,0.1299732000007696
1980-10-24,0.1454370565097356
1980-10-27,0.148538510110044
1980-10-28,0.1532524289081095
1980-10-29,0.1609323381030498
1980-10-30,0.1641335929952776
1980-10-31,0.144574154737164
1980-11-03,0.1475739575031557
1980-11-04,0.148111181058714
1980-11-05,0.1391992463469029
1980-11-06,0.128194103859657
1980-11-07,0.1232451499570218
1980-11-10,0.1383240863499703
1980-11-11,0.1743837140201666
1980-11-12,0.2015923828204192
1980-11-13,0.2122826357417048
1980-11-14,0.2195229048305745
1980-11-17,0.2373354060651729
1980-11-18,0.2428112229200555
1980-11-19,0.2505265196323847
1980-11-20,0.2422712599110458
1980-11-21,0.2421682845045367
1980-11-24,0.2253078648435529
1980-11-25,0.2170631759552634
1980-11-26,0.220872479238628
1980-11-27,0.2109011260166929
1980-11-28,0.1954405200369696
1980-12-01,0.1913229316818855
1980-12-02,0.1822204465528406
1980-12-03,0.1590228134967061
1980-12-04,0.1504726792353999
1980-12-05,0.1647992238877242
1980-12-08,0.1647685565468687
1980-12-09,0.1672885567236166
1980-12-10,0.1982342301976615
1980-12-11,0.2174711389835316
1980-12-12,0.2479307862459877
1980-12-15,0.2642645647605927
1980-12-16,0.2541167053800071
1980-12-17,0.2696862988702274
1980-12-18,0.2744647386987114
1980-12-19,0.2738863995512923
1980-12-22,0.2577311331495834
1980-12-23,0.2614161044175916
1980-12-24,0.253445142991565
1980-12-25,0.2401215724500403
1980-12-26,0.2222765345529405
1980-12-29,0.2241892945369246
1980-12-30,0.2141082393892547
1980-12-31,0.2086178901008837
1981-01-01,0.1882225036756331
1981-01-02,0.1967983587089908
1981-01-05,0.1903824314659976
1981-01-06,0.1886184529826448
1981-01-07,0.1893158755279539
1981-01-08,0.1961198995850938
1981-01-09,0.1793495928453169
1981-01-12,0.1789776844815007
1981-01-13,0.1877698112077041
1981-01-14,0.1753554579627174
1981-01-15,0.1760396132934337
1981-01-16,0.1975067513555366
1981-01-19,0.1886285511324744
1981-01-20,0.1772504870602935
1981-01-21,0.1725347411142384
1981-01-22,0.179466591690794
1981-01-23,0.1611528265700386
1981-01-26,0.161922241079407
1981-01-27,0.1323416782957784
1981-01-28,0.1386676379976458
1981-01-29,0.1334816020365632
1981-01-30,0.1343422801597874
1981-02-02,0.1116857666062895
1981-02-03,0.1266245075289409
1981-02-04,0.1281264938597001
1981-02-05,0.1168928183518219
1981-02-06,0.1274505779285218
1981-02-09,0.1402027610906873
1981-02-10,0.1478183811468727
1981-02-11,0.1393631018146489
1981-02-12,0.1491614451910894
1981-02-13,0.1527192994663403
1981-02-16,0.1727699373892157
1981-02-17,0.192119851031869
1981-02-18,0.2116818855234441
1981-02-19,0.2200985790802145
1981-02-20,0.2528033644388334
1981-02-23,0.287454580109929
1981-02-24,0.300205140099148
1981-02-25,0.3086403592933707
1981-02-26,0.3192627282303574
1981-02-27,0.3164178585602643
1981-03-02,0.3181956466504577
1981-03-03,0.3270840641997902
1981-03-04,0.3298680715328497
1981-03-05,0.321265140426084
1981-03-06,0.3164964315704367
1981-03-09,0.309502318379047
1981-03-10,0.3011665823751924
1981-03-11,0.3066013580384773
1981-03-12,0.3001907758373388
1981-03-13,0.2839176141630566
1981-03-16,0.2689189147022684
1981-03-17,0.2699889980613002
1981-03-18,0.2736989357471914
1981-03-19,0.2778311159120158
1981-03-20,0.2700453938181946
1981-03-23,0.2800098229914264
1981-03-24,0.2761918624520248
1981-03-25,0.2639871077793506
1981-03-26,0.2546654849434702
1981-03-27,0.2696308290591915
1981-03-30,0.2605387427199062
1981-03-31,0.2685528939011269
1981-04-01,0.2320280344327165
1981-04-02,0.2075954477690095
1981-04-03,0.2152261528522751
1981-04-06,0.2332391710484914
1981-04-07,0.2187455129102776
1981-04-08,0.2192097747756381
1981-04-09,0.2013397228809795
1981-04-10,0.1898697444145304
1981-04-13,0.1770298297875115
1981-04-14,0.1594559708544262
1981-04-15,0.1467261095894859
1981-04-16,0.1331713019208769
1981-04-17,0.1193366837844046
1981-04-20,0.1080334480235791
1981-04-21,0.1012206079881942
1981-04-22,0.0953912025657983
1981-04-23,0.08950558063155
1981-04-24,0.0850937710687529
1981-04-27,0.0898702109556267
1981-04-28,0.0924880786620983
1981-04-29,0.0895433450694669
1981-04-30,0.0741974412483804
1981-05-01,0.0591886906334044
1981-05-04,0.0587362090603653
1981-05-05,0.0664877020661441
1981-05-06,0.0871342801275499
1981-05-07,0.0996182134433392
1981-05-08,0.1063222771747641
1981-05-11,0.1231659786174116
1981-05-12,0.1342503714390048
1981-05-13,0.1271560785956022
1981-05-14,0.1347965065158333
1981-05-15,0.124156548605991
1981-05-18,0.1198790680963839
1981-05-19,0.1140328908539693
1981-05-20,0.1074458776040515
1981-05-21,0.1202426867483629
1981-05-22,0.117451061062768
1981-05-25,0.1203560883880873
1981-05-26,0.1198503914502061
1981-05-27,0.116675919010887
1981-05-28,0.1126521202764535
1981-05-29,0.1138456625385372
1981-06-01,0.1035656142723463
1981-06-02,0.1183341210017849
1981-06-03,0.1221009750012988
1981-06-04,0.1371795958420281
1981-06-05,0.1440057707877939
1981-06-08,0.145741727280276
1981-06-09,0.1416126380354694
1981-06-10,0.1355904776914201
1981-06-11,0.1211321180571424
1981-06-12,0.1331385493894505
1981-06-15,0.1445199867197045
1981-06-16,0.1455851800521786
1981-06-17,0.1456231497983474
1981-06-18,0.1439034371855026
1981-06-19,0.1427261015303786
1981-06-22,0.1355635616156845
1981-06-23,0.1253090248527846
1981-06-24,0.1209635146737715
1981-06-25,0.1154611710856061
1981-06-26,0.1152513626120684
1981-06-29,0.1054572045218722
1981-06-30,0.1007247669802282
1981-07-01,0.1018352620573909
1981-07-02,0.1075512914316455
1981-07-03,0.1048123554910627
1981-07-06,0.1128434734030562
1981-07-07,0.1038756492431307
1981-07-08,0.1015421699051998
1981-07-09,0.1028658289673139
1981-07-10,0.1013039423811623
1981-07-13,0.1058005872283861
1981-07-14,0.1095098054294197
1981-07-15,0.1043942093966481
1981-07-16,0.1047456861744102
1981-07-17,0.0928999996841801
1981-07-20,0.0901140517422855
1981-07-21,0.1124606913003199
1981-07-22,0.1024575206806644
1981-07-23,0.0930190707128223
1981-07-24,0.0917400170425402
1981-07-27,0.0888562662213671
1981-07-28,0.0927769307347022
1981-07-29,0.0860777143423431
1981-07-30,0.0856353422890036
1981-07-31,0.0751858341172999
1981-08-03,0.0901928504080644
1981-08-04,0.081945939680059
1981-08-05,0.0734911487051023
1981-08-06,0.0790341010616531
1981-08-07,0.0888815793999079
1981-08-10,0.1004996150316523
1981-08-11,0.0998118923047018
1981-08-12,0.0965457351714481
1981-08-13,0.1018220660846752
1981-08-14,0.106849620030588
1981-08-17,0.0936142978509019
1981-08-18,0.0947947343433066
1981-08-19,0.0954459759582618
1981-08-20,0.084644891157421
1981-08-21,0.0780546391906411
1981-08-24,0.0445564140524526
1981-08-25,0.0536589849784685
1981-08-26,0.0561823075968471
1981-08-27,0.0511571502666335
1981-08-28,0.0553701655945451
1981-08-31,0.0576646720507612
1981-09-01,0.055593013785094
1981-09-02,0.0559668430245648
1981-09-03,0.0599899888238516
1981-09-04,0.0583296487979995
1981-09-07,0.0489834759403624
1981-09-08,0.0631661710066175
1981-09-09,0.0735667868245583
1981-09-10,0.076074065749213
1981-09-11,0.0787334864697859
1981-09-14,0.0781460546831386
1981-09-15,0.0934789042671423
1981-09-16,0.1113738310854834
1981-09-17,0.142248925975407
1981-09-18,0.1661437228076641
1981-09-21,0.1849794583756964
1981-09-22,0.2139343963339634
1981-09-23,0.2234129424569642
1981-09-24,0.2365668489141747
1981-09-25,0.2455440999927207
1981-09-28,0.2546824578294815
1981-09-29,0.2792707589593758
1981-09-30,0.2953543984245281
1981-10-01,0.3116524731138267
1981-10-02,0.3288297724010233
1981-10-05,0.3274618085207832
1981-10-06,0.3319771449305165
1981-10-07,0.3259636170906541
1981-10-08,0.3230889946157821
1981-10-09,0.338837979220977
1981-10-12,0.3254295429552947
1981-10-13,0.3077217214009216
1981-10-14,0.3076070092799104
1981-10-15,0.3083674415738561
1981-10-16,0.3007100767304669
1981-10-19,0.2943768460775087
1981-10-20,0.2799494662850493
1981-10-21,0.2803755088223649
1981-10-22,0.2726112432326273
1981-10-23,0.2604820520131701
1981-10-26,0.2668851937773433
1981-10-27,0.2597440092679816
1981-10-28,0.2437118947233186
1981-10-29,0.2546337524027581
1981-10-30,0.2648250741548953
1981-11-02,0.2618687653835364
1981-11-03,0.268926267790704
1981-11-04,0.2580242439372067
1981-11-05,0.2353882817702539
1981-11-06,0.2181993818682971
1981-11-09,0.2090537418322244
1981-11-10,0.1967567159986936
1981-11-11,0.1836536212833193
1981-11-12,0.1729467173679053
1981-11-13,0.1785209251912237
1981-11-16,0.1799982067662923
1981-11-17,0.192064666716222
1981-11-18,0.1967370227530895
1981-11-19,0.213211608547356
1981-11-20,0.2213093175936467
1981-11-23,0.230848120138616
1981-11-24,0.2385608665078782
1981-11-25,0.236876412465274
1981-11-26,0.2187387077324022
1981-11-27,0.2160436663881255
1981-11-30,0.2212486508653981
1981-12-01,0.213033493569612
1981-12-02,0.199823911887271
1981-12-03,0.1843933736012755
1981-12-04,0.1720325665616569
1981-12-07,0.1567662750771697
1981-12-08,0.1553239904195522
1981-12-09,0.1422512616803619
1981-12-10,0.1493730819448734
1981-12-11,0.1483146431140791
1981-12-14,0.1460009541251862
1981-12-15,0.144449670403291
1981-12-16,0.1420285337914342
1981-12-17,0.1214148741374107
1981-12-18,0.1129098948501677
1981-12-21,0.1095546461520811
1981-12-22,0.1004002733942973
1981-12-23,0.0951848248296379
1981-12-24,0.0910200830538662
1981-12-25,0.0862501184438274
1981-12-28,0.0714365016158182
1981-12-29,0.0739153978108202
1981-12-30,0.074713727155334
1981-12-31,0.0761803692873041
1982-01-01,0.0767638873430501
1982-01-04,0.0559892560517557
1982-01-05,0.0560206857911447
1982-01-06,0.0615197288954344
1982-01-07,0.0666125128030986
1982-01-08,0.065477323531558
1982-01-11,0.0641780375109373
1982-01-12,0.0543081839561567
1982-01-13,0.051757177789236
1982-01-14,0.061282514857419
1982-01-15,0.0572712132625152
1982-01-18,0.0618348073325335
1982-01-19,0.0602918740529047
1982-01-20,0.0642044815943091
1982-01-21,0.0666989724765969
1982-01-22,0.0559886631005377
1982-01-25,0.0736290339993821
1982-01-26,0.0711851022935701
1982-01-27,0.0747557279350063
1982-01-28,0.082585543502256
1982-01-29,0.0788788042814767
1982-02-01,0.0905699299243252
1982-02-02,0.0905842699091364
1982-02-03,0.0761961083390346
1982-02-04,0.0717471194500489
1982-02-05,0.0708298159100591
1982-02-08,0.0698189393748555
1982-02-09,0.0715509673860472
1982-02-10,0.0721124969341872
1982-02-11,0.0692736844417207
1982-02-12,0.07455765430085
1982-02-15,0.0686973614605766
1982-02-16,0.0636243258687044
1982-02-17,0.0635851301634221
1982-02-18,0.0553523759753539
1982-02-19,0.0477542285610306
1982-02-22,0.0325176108495511
1982-02-23,0.0325966834722058
1982-02-24,0.0296522521321561
1982-02-25,0.0240680375771765
1982-02-26,0.0240230441681117
1982-03-01,0.0248945203506074
1982-03-02,0.0218486270655198
1982-03-03,0.022403997462441
1982-03-04,0.0261136727693911
1982-03-05,0.0250165995613317
1982-03-08,0.0239674491357359
1982-03-09,0.0262777111902969
1982-03-10,0.0188023212032341
1982-03-11,0.0276891828916644
1982-03-12,0.0336490029687919
1982-03-15,0.0382943767082384
1982-03-16,0.0375318984844954
1982-03-17,0.042657198202268
1982-03-18,0.0459920605757501
1982-03-19,0.0444756318123577
1982-03-22,0.0454081570087221
1982-03-23,0.0440403259303767
1982-03-24,0.0342502658642072
1982-03-25,0.0301956649762761
1982-03-26,0.0284996297087222
1982-03-29,0.0292670021911878
1982-03-30,0.0348459500337376
1982-03-31,0.0381608895212525
1982-04-01,0.0524471654225846
1982-04-02,0.0537226885247939
1982-04-05,0.0455298674902274
1982-04-06,0.0398294206890149
1982-04-07,0.0380919272877354
1982-04-08,0.0411701423992173
1982-04-09,0.045993198428197
1982-04-12,0.0480705009247304
1982-04-13,0.0536390338180347
1982-04-14,0.052124900165698
1982-04-15,0.0407554366854257
1982-04-16,0.0427096059435354
1982-04-19,0.0391103219003508
1982-04-20,0.037892827706512
1982-04-21,0.042035046715443
1982-04-22,0.0445639397155316
1982-04-23,0.046002971149698
1982-04-26,0.0319516855336654
1982-04-27,0.0280585624977773
1982-04-28,0.0293246206141892
1982-04-29,0.0314251051262721
1982-04-30,0.0287323177049427
1982-05-03,0.0315188674526704
1982-05-04,0.0327089877609561
1982-05-05,0.0310436084880544
1982-05-06,0.0322309936623066
1982-05-07,0.0361843389901194
1982-05-10,0.0307419936360788
1982-05-11,0.0355192594154149
1982-05-12,0.037762122121602
1982-05-13,0.0347955601447283
1982-05-14,0.0325922329174266
1982-05-17,0.0378285786719363
1982-05-18,0.0443276785830071
1982-05-19,0.0492557867889666
1982-05-20,0.0514601732882058
1982-05-21,0.0599109478795576
1982-05-24,0.0598623932954426
1982-05-25,0.0503591867022881
1982-05-26,0.0395629681026735
1982-05-27,0.044342338094064
1982-05-28,0.0433452221374541
1982-05-31,0.0401726408033005
1982-06-01,0.0376994685070254
1982-06-02,0.0456655034803702
1982-06-03,0.0530041596008431
1982-06-04,0.0510730333051625
1982-06-07,0.0661279975549051
1982-06-08,0.0732203267235262
1982-06-09,0.0858575932582636
1982-06-10,0.0835316701021427
1982-06-11,0.0883245112817236
1982-06-14,0.1186567846670379
1982-06-15,0.1384131732797474
1982-06-16,0.1421934869516705
1982-06-17,0.1431016598446682
1982-06-18,0.1465236516404403
1982-06-21,0.154795129086824
1982-06-22,0.1595732186972195
1982-06-23,0.1642897394276339
1982-06-24,0.1681366962134022
1982-06-25,0.1647375300015966
1982-06-28,0.1604564346871296
1982-06-29,0.1467258531853301
1982-06-30,0.1387996602059535
1982-07-01,0.1272935412721886
1982-07-02,0.1154535699110978
1982-07-05,0.1158411039472893
1982-07-06,0.1082936049957964
1982-07-07,0.1127274158436191
1982-07-08,0.1001787274458625
1982-07-09,0.0952383052580792
1982-07-12,0.0854441148088803
1982-07-13,0.0847348943141858
1982-07-14,0.0936881343448853
1982-07-15,0.0952805327207026
1982-07-16,0.0860890330864114
1982-07-19,0.0913739355923678
1982-07-20,0.0959581072022388
1982-07-21,0.1045715782393486
1982-07-22,0.1057083271267406
1982-07-23,0.1194006884720037
1982-07-26,0.1199239055889781
1982-07-27,0.118064918009975
1982-07-28,0.1201738979639506
1982-07-29,0.1244060032008359
1982-07-30,0.1167673326924639
1982-08-02,0.1248156385197497
1982-08-03,0.1108576728772386
1982-08-04,0.1172578914832757
1982-08-05,0.1133422075939168
1982-08-06,0.1163553048434951
1982-08-09,0.1104168591970761
1982-08-10,0.1066688018707424
1982-08-11,0.108759637153075
1982-08-12,0.1135899003166702
1982-08-13,0.1111677144926624
1982-08-16,0.1273375952546397
1982-08-17,0.1173473518582247
1982-08-18,0.144523081254311
1982-08-19,0.1505029920928005
1982-08-20,0.1581231433599319
1982-08-23,0.1517183142371692
1982-08-24,0.1545037189078946
1982-08-25,0.1509122213067965
1982-08-26,0.1468012119692558
1982-08-27,0.1369280094335266
1982-08-30,0.1450749415443041
1982-08-31,0.1434746102162941
1982-09-01,0.1412368418445712
1982-09-02,0.1410507329171046
1982-09-03,0.1319596718130654
1982-09-06,0.1269777534636739
1982-09-07,0.1231489851835384
1982-09-08,0.1233955172662153
1982-09-09,0.116335582970461
1982-09-10,0.1170623057817416
1982-09-13,0.1208952150779567
1982-09-14,0.09785250901862
1982-09-15,0.0835745294540167
1982-09-16,0.069858898518562
1982-09-17,0.05829840945693
1982-09-20,0.0514269490310315
1982-09-21,0.0472481005149486
1982-09-22,0.0380628431369016
1982-09-23,0.0369034673923362
1982-09-24,0.0310726031153584
1982-09-27,0.0496717245899673
1982-09-28,0.0582769891026649
1982-09-29,0.0627453402826798
1982-09-30,0.0640265126878952
1982-10-01,0.0742208693194812
1982-10-04,0.0631442088286522
1982-10-05,0.0633678265933916
1982-10-06,0.0639977105215763
1982-10-07,0.0543069552062853
1982-10-08,0.0424924866570455
1982-10-11,0.0377925900077018
1982-10-12,0.0455169606280658
1982-10-13,0.0410675983077572
1982-10-14,0.0389999133086971
1982-10-15,0.0429531738624448
1982-10-18,0.0420472408072976
1982-10-19,0.0433680206093309
1982-10-20,0.041079335435442
1982-10-21,0.0341662855418831
1982-10-22,0.0381525688815207
1982-10-25,0.030821391423906
1982-10-26,0.0305609917053002
1982-10-27,0.0314204880139268
1982-10-28,0.0267045286442616
1982-10-29,0.0243650452857075
1982-11-01,0.0226433374947143
1982-11-02,0.0205633060376585
1982-11-03,0.0202144748045774
1982-11-04,0.0163586507769712
1982-11-05,0.0143315527660384
1982-11-08,0.0122128721723103
1982-11-09,0.0141301702173895
1982-11-10,0.0172110306936469
1982-11-11,0.0189529272173475
1982-11-12,0.0211266703528184
1982-11-15,0.0124664444402663
1982-11-16,0.0187511790734621
1982-11-17,0.0304209493406833
1982-11-18,0.0370549846057936
1982-11-19,0.0380156341461843
1982-11-22,0.0605038317660648
1982-11-23,0.0564626861333514
1982-11-24,0.0663382358218984
1982-11-25,0.0745897413861299
1982-11-26,0.0802985006211762
1982-11-29,0.0786263551894654
1982-11-30,0.0808624513724239
1982-12-01,0.0867282694357373
1982-12-02,0.0874517144653994
1982-12-03,0.1157945605345907
1982-12-06,0.1384374822564772
1982-12-07,0.1408640669747829
1982-12-08,0.1557471113950507
1982-12-09,0.1608152340546317
1982-12-10,0.1555855643061495
1982-12-13,0.1520702299795188
1982-12-14,0.1546264925852302
1982-12-15,0.1381435904148188
1982-12-16,0.1319147426933639
1982-12-17,0.1224106731311092
1982-12-20,0.1073648047772697
1982-12-21,0.096089303048085
1982-12-22,0.0880189273312236
1982-12-23,0.0764833356710032
1982-12-24,0.0633847380138968
1982-12-27,0.0673784407115151
1982-12-28,0.0586101328836056
1982-12-29,0.0564307361166441
1982-12-30,0.0531145409233922
1982-12-31,0.0532735957317052
1983-01-03,0.0574259857312802
1983-01-04,0.0690261469119103
1983-01-05,0.0838548796141597
1983-01-06,0.0885801930235233
1983-01-07,0.0889111353325946
1983-01-10,0.0951320794961545
1983-01-11,0.1029930342297809
1983-01-12,0.0970481022846864
1983-01-13,0.0708180686435087
1983-01-14,0.073588607225983
1983-01-17,0.0742701297645423
1983-01-18,0.0620304617765688
1983-01-19,0.0673541142319604
1983-01-20,0.0711283270817152
1983-01-21,0.080153722360741
1983-01-24,0.100825754611794
1983-01-25,0.122320304171216
1983-01-26,0.1283787826923978
1983-01-27,0.130242038289552
1983-01-28,0.1205957932094475
1983-01-31,0.1147837945431369
1983-02-01,0.1221407133237654
1983-02-02,0.1189656896040889
1983-02-03,0.117357831001357
1983-02-04,0.1174077916719188
1983-02-07,0.1123690478274671
1983-02-08,0.1189946721115897
1983-02-09,0.1097328531388554
1983-02-10,0.1170546814351025
1983-02-11,0.1083928578695818
1983-02-14,0.1050554471343569
1983-02-15,0.1014214509818433
1983-02-16,0.0850029148742494
1983-02-17,0.0752291911241189
1983-02-18,0.066481548744234
1983-02-21,0.0761852619935691
1983-02-22,0.0745967701783243
1983-02-23,0.087121332931867
1983-02-24,0.0958413398310898
1983-02-25,0.0930732689799761
1983-02-28,0.0874210718195213
1983-03-01,0.0869269222153687
1983-03-02,0.0952892412880744
1983-03-03,0.0890321748532312
1983-03-04,0.0833469272788893
1983-03-07,0.0853531049048808
1983-03-08,0.0758244218166427
1983-03-09,0.076962887577937
1983-03-10,0.0900872244896548
1983-03-11,0.0926150002098129
1983-03-14,0.0896516491954505
1983-03-15,0.0779961501249044
1983-03-16,0.0875941237500027
1983-03-17,0.0845783614533113
1983-03-18,0.085140243233455
1983-03-21,0.0749534995138847
1983-03-22,0.0770348854824528
1983-03-23,0.082525955899775
1983-03-24,0.095035631382771
1983-03-25,0.0965672033224501
1983-03-28,0.0908304742737188
1983-03-29,0.0822475769345559
1983-03-30,0.0782458954267995
1983-03-31,0.0793617375423894
1983-04-01,0.0749909926945361
1983-04-04,0.0691346482606092
1983-04-05,0.0668305595096485
1983-04-06,0.0781251414584865
1983-04-07,0.0709204356165297
1983-04-08,0.0646497818994214
1983-04-11,0.0651004587116942
1983-04-12,0.061591849375763
1983-04-13,0.0618579988098768
1983-04-14,0.069351450221005
1983-04-15,0.0787084464671867
1983-04-18,0.0859800473075618
1983-04-19,0.0887019586809902
1983-04-20,0.0772893016211117
1983-04-21,0.0912374726298277
1983-04-22,0.0905627641267621
1983-04-25,0.0927656998924429
1983-04-26,0.0880459761761548
1983-04-27,0.1022537207793859
1983-04-28,0.0973022724834267
1983-04-29,0.085534727888279
1983-05-02,0.0880115048295543
1983-05-03,0.0863979884966217
1983-05-04,0.0847682937470788
1983-05-05,0.0678830486218658
1983-05-06,0.0672450265884777
1983-05-09,0.0552906122266756
1983-05-10,0.0519641773750422
1983-05-11,0.0407683792506261
1983-05-12,0.0390186779079408
1983-05-13,0.0328619942401801
1983-05-16,0.0342418615158363
1983-05-17,0.033223502433583
1983-05-18,0.0344553964417242
1983-05-19,0.0279961171186517
1983-05-20,0.0257445793017256
1983-05-23,0.0228759167366433
1983-05-24,0.0254771203330763
1983-05-25,0.0327597573835921
1983-05-26,0.0349298639243302
1983-05-27,0.0336693133604289
1983-05-30,0.0347981080204649
1983-05-31,0.0362167302398668
1983-06-01,0.0499942084690646
1983-06-02,0.0546512204537908
1983-06-03,0.0792771311639784
1983-06-06,0.0900963292727826
1983-06-07,0.0945495641966606
1983-06-08,0.0905198006471501
1983-06-09,0.0722499052842551
1983-06-10,0.072234357267196
1983-06-13,0.0852992020270679
1983-06-14,0.0752546649742599
1983-06-15,0.0812523529341079
1983-06-16,0.0768956156106129
1983-06-17,0.0728294385408507
1983-06-20,0.0718217205977866
1983-06-21,0.0693560099490213
1983-06-22,0.0632183878674605
1983-06-23,0.0567275495872881
1983-06-24,0.0531392484588871
1983-06-27,0.0495297389544139
1983-06-28,0.0430506490182206
1983-06-29,0.0410336999452496
1983-06-30,0.0417016171754345
1983-07-01,0.0392238197782805
1983-07-04,0.0377664234125073
1983-07-05,0.0368536969867289
1983-07-06,0.0338390744393306
1983-07-07,0.0293217154370858
1983-07-08,0.0293673858439492
1983-07-11,0.0294393592517408
1983-07-12,0.0241345737500484
1983-07-13,0.02173555848059
1983-07-14,0.0232662871918688
1983-07-15,0.0200188610705187
1983-07-18,0.0187483802938967
1983-07-19,0.0179260523536387
1983-07-20,0.0133944831206867
1983-07-21,0.0145169077732011
1983-07-22,0.0116402476333378
1983-07-25,0.0096657834648592
1983-07-26,0.0091569627255078
1983-07-27,0.0104461929666533
1983-07-28,0.0116613724087071
1983-07-29,0.011946266145415
1983-08-01,0.0084839389460802
1983-08-02,0.0107053416745609
1983-08-03,0.0135662957188022
1983-08-04,0.0192823193304763
1983-08-05,0.016468343870062
1983-08-08,0.0310650371488863
1983-08-09,0.041310540736397
1983-08-10,0.0537925986065343
1983-08-11,0.0598186639054106
1983-08-12,0.0603516115912841
1983-08-15,0.0641468966031375
1983-08-16,0.0695157500708214
1983-08-17,0.0717994320153329
1983-08-18,0.0696709780647349
1983-08-19,0.0689999725593825
1983-08-22,0.0657246701083074
1983-08-23,0.0627355374349469
1983-08-24,0.0581377365689264
1983-08-25,0.0615556342259207
1983-08-26,0.0596173457607937
1983-08-29,0.0527792723425106
1983-08-30,0.0478694376152789
1983-08-31,0.0411430854429223
1983-09-01,0.0375663674317052
1983-09-02,0.0363364268920713
1983-09-05,0.0346285033452726
1983-09-06,0.0338509857144233
1983-09-07,0.0325739114469073
1983-09-08,0.0335721195705476
1983-09-09,0.0301827648200583
1983-09-12,0.0269994058159206
1983-09-13,0.023863804653605
1983-09-14,0.0203740437980841
1983-09-15,0.0182141409320469
1983-09-16,0.0143544837548937
1983-09-19,0.0141278081385876
1983-09-20,0.009190023432557
1983-09-21,0.0100138815805958
1983-09-22,0.0108478843252869
1983-09-23,0.0103144684338041
1983-09-26,0.0072269009342236
1983-09-27,0.0095993944994193
1983-09-28,0.0089809578274182
1983-09-29,0.0101967307590676
1983-09-30,0.0074751555320189
1983-10-03,0.0169760103178412
1983-10-04,0.0209698978063024
1983-10-05,0.013254623824668
1983-10-06,0.0112158149190671
1983-10-07,0.0121266684680043
1983-10-10,0.0199016738413696
1983-10-11,0.0248815441005685
1983-10-12,0.0212577211707361
1983-10-13,0.0244458312817372
1983-10-14,0.0250788612805961
1983-10-17,0.0238198230178111
1983-10-18,0.029053527814734
1983-10-19,0.0310903330983111
1983-10-20,0.0301652214728085
1983-10-21,0.0256306430178269
1983-10-24,0.0234500292713726
1983-10-25,0.0178374686315092
1983-10-26,0.015352957427038
1983-10-27,0.0131664517267071
1983-10-28,0.0148750433563277
1983-10-31,0.0159071487006366
1983-11-01,0.0140477106351099
1983-11-02,0.0166327414079299
1983-11-03,0.0169568130089789
1983-11-04,0.0148824160584898
1983-11-07,0.0132795856609627
1983-11-08,0.013164285757161
1983-11-09,0.0152529033262372
1983-11-10,0.0135602436843959
1983-11-11,0.0140448782435251
1983-11-14,0.0159563775492735
1983-11-15,0.016133539007093
1983-11-16,0.0182943522949963
1983-11-17,0.0200384602610066
1983-11-18,0.0099774922580702
1983-11-21,0.0095354668177544
1983-11-22,0.0122438316417172
1983-11-23,0.0129886539441738
1983-11-24,0.013786115662265
1983-11-25,0.0160596637093121
1983-11-28,0.0176235943400523
1983-11-29,0.0124496464054042
1983-11-30,0.0098647358408479
1983-12-01,0.0116630566222212
1983-12-02,0.0132639003133455
1983-12-05,0.00626919076998
1983-12-06,0.0079802902480464
1983-12-07,0.0097353265969398
1983-12-08,0.0102055290586354
1983-12-09,0.0064474049588442
1983-12-12,0.0085321954399961
1983-12-13,0.0076748672853284
1983-12-14,0.0078363865251426
1983-12-15,0.0072067396740816
1983-12-16,0.0100773611295259
1983-12-19,0.0090867530096462
1983-12-20,0.0114550672042108
1983-12-21,0.0135232481888332
1983-12-22,0.0127115354570496
1983-12-23,0.0143792896408138
1983-12-26,0.0179331134792008
1983-12-27,0.0189390475642816
1983-12-28,0.0184813921944521
1983-12-29,0.0201213884775523
1983-12-30,0.023196356151118
1984-01-02,0.0263462756331582
1984-01-03,0.0215894581639185
1984-01-04,0.0177343574687992
1984-01-05,0.0190258566615706
1984-01-06,0.0199919181083192
1984-01-09,0.0218718300682349
1984-01-10,0.0259175410846752
1984-01-11,0.0295268669047835
1984-01-12,0.0307536985509223
1984-01-13,0.0306781830268484
1984-01-16,0.03189242311342
1984-01-17,0.0301537850957159
1984-01-18,0.0364544861129848
1984-01-19,0.0473515753647688
1984-01-20,0.0505423311838586
1984-01-23,0.0507990637046433
1984-01-24,0.0444802762977662
1984-01-25,0.0420890063320545
1984-01-26,0.0388101283114656
1984-01-27,0.0330386143356085
1984-01-30,0.0305323530022306
1984-01-31,0.0281223844443425
1984-02-01,0.0226213955441643
1984-02-02,0.0208116744369492
1984-02-03,0.0192448323644082
1984-02-06,0.0125714922995335
1984-02-07,0.0133930663710069
1984-02-08,0.0150450176218845
1984-02-09,0.0280316299730322
1984-02-10,0.0331737893889886
1984-02-13,0.0355754885704371
1984-02-14,0.035393558169813
1984-02-15,0.0461621872246435
1984-02-16,0.0550810470603087
1984-02-17,0.0546221857466158
1984-02-20,0.0532753140939806
1984-02-21,0.0475529220259548
1984-02-22,0.0575275248962333
1984-02-23,0.0634963856473128
1984-02-24,0.0653650940078566
1984-02-27,0.0593969211550183
1984-02-28,0.0717373312749072
1984-02-29,0.0669918141752291
1984-03-01,0.0640298044642211
1984-03-02,0.0592130165076605
1984-03-05,0.0670873782715074
1984-03-06,0.0665554149839878
1984-03-07,0.0730089866496605
1984-03-08,0.0801170677279479
1984-03-09,0.0834065129314741
1984-03-12,0.0695160237291049
1984-03-13,0.066784597639196
1984-03-14,0.0699864831177178
1984-03-15,0.0726850799074186
1984-03-16,0.0656061163182268
1984-03-19,0.0637514042756902
1984-03-20,0.0652296111509045
1984-03-21,0.0624505815656422
1984-03-22,0.063995039260857
1984-03-23,0.0621331637511004
1984-03-26,0.0631706124318246
1984-03-27,0.0563097564356939
1984-03-28,0.0532326940918363
1984-03-29,0.0503834580910074
1984-03-30,0.0456438521193824
1984-04-02,0.0346017960898211
1984-04-03,0.0380754649337475
1984-04-04,0.0305762061510109
1984-04-05,0.0289108312022636
1984-04-06,0.0287917441484222
1984-04-09,0.0260290887197265
1984-04-10,0.0261227336910804
1984-04-11,0.0245913658787893
1984-04-12,0.0242825737303451
1984-04-13,0.0216448194923473
1984-04-16,0.0206683616577308
1984-04-17,0.0163979559222774
1984-04-18,0.0131475963193901
1984-04-19,0.012630830963448
1984-04-20,0.0133416027979809
1984-04-23,0.0143638044576337
1984-04-24,0.0099545462490902
1984-04-25,0.0103539929749534
1984-04-26,0.0111971071075524
1984-04-27,0.0124595570416419
1984-04-30,0.0115352973363934
1984-05-01,0.0124518673199198
1984-05-02,0.0093087600458457
1984-05-03,0.0107030315051112
1984-05-04,0.0101705669821255
1984-05-07,0.0077127142129916
1984-05-08,0.0128800079198117
1984-05-09,0.015636087117066
1984-05-10,0.0145078946209268
1984-05-11,0.017482727428811
1984-05-14,0.0175006791457531
1984-05-15,0.0173565007675282
1984-05-16,0.018095986199775
1984-05-17,0.0167488479266302
1984-05-18,0.0188814664376385
1984-05-21,0.0200794320745534
1984-05-22,0.015784717747842
1984-05-23,0.0153146185753872
1984-05-24,0.0174399688377552
1984-05-25,0.0301556469985385
1984-05-28,0.0333088768064759
1984-05-29,0.0342833180347408
1984-05-30,0.0287496950225576
1984-05-31,0.0260803637424721
1984-06-01,0.0341411979695027
1984-06-04,0.028439048281919
1984-06-05,0.0256271058197985
1984-06-06,0.0243823163828932
1984-06-07,0.0239378881922697
1984-06-08,0.0238218211062898
1984-06-11,0.0224818314736294
1984-06-12,0.0227712282900879
1984-06-13,0.0214815359365513
1984-06-14,0.0168588834679567
1984-06-15,0.0168422967332892
1984-06-18,0.0163372595701396
1984-06-19,0.011452488698485
1984-06-20,0.0131574016641721
1984-06-21,0.0154596430677262
1984-06-22,0.0175577023081617
1984-06-25,0.0216616550895656
1984-06-26,0.0194639964477232
1984-06-27,0.0185807044223029
1984-06-28,0.0161540776898584
1984-06-29,0.0162155846608699
1984-07-02,0.0166532726547879
1984-07-03,0.0123411797515522
1984-07-04,0.0131626900464554
1984-07-05,0.0134994311909671
1984-07-06,0.0155278062828215
1984-07-09,0.0157536443175972
1984-07-10,0.0152556457928945
1984-07-11,0.0162682683346361
1984-07-12,0.0197982292667237
1984-07-13,0.0220273471536217
1984-07-16,0.0222488584217284
1984-07-17,0.0265315658792629
1984-07-18,0.0286753007739072
1984-07-19,0.0304957047498766
1984-07-20,0.0307734726376644
1984-07-23,0.029221186073017
1984-07-24,0.0294112725714112
1984-07-25,0.025641377758401
1984-07-26,0.0273034949994794
1984-07-27,0.0241077417024248
1984-07-30,0.0271473911732901
1984-07-31,0.0260792558573115
1984-08-01,0.0297802477152448
1984-08-02,0.0326062715924793
1984-08-03,0.0460333693548839
1984-08-06,0.0485167311226665
1984-08-07,0.0553191359958124
1984-08-08,0.0530774665699334
1984-08-09,0.0481934186286319
1984-08-10,0.059726935077516
1984-08-13,0.0637229794441072
1984-08-14,0.068357472921504
1984-08-15,0.0585777790657711
1984-08-16,0.0590699553978767
1984-08-17,0.0512507024648416
1984-08-20,0.0539202211642578
1984-08-21,0.0499990176337463
1984-08-22,0.0493179912187595
1984-08-23,0.0381904039823433
1984-08-24,0.0378446365277682
1984-08-27,0.0363597657641348
1984-08-28,0.0301950356390759
1984-08-29,0.0293047421459298
1984-08-30,0.0267757580521134
1984-08-31,0.0305060329049159
1984-09-03,0.0320714040263035
1984-09-04,0.02993232340282
1984-09-05,0.0242397209241883
1984-09-06,0.0267164437650571
1984-09-07,0.0277964362587172
1984-09-10,0.0276332097103742
1984-09-11,0.0171968330110292
1984-09-12,0.0112511366634988
1984-09-13,0.0077034812592763
1984-09-14,0.0074164546062657
1984-09-17,0.0098290615854848
1984-09-18,0.0203864736860072
1984-09-19,0.0278629265884265
1984-09-20,0.0262017698106511
1984-09-21,0.0372643674646212
1984-09-24,0.0583079238324545
1984-09-25,0.0684818915457369
1984-09-26,0.069894536738071
1984-09-27,0.0777506436697082
1984-09-28,0.076748558526968
1984-10-01,0.0905157581127867
1984-10-02,0.0900612883393491
1984-10-03,0.0852768628639957
1984-10-04,0.0780976774746699
1984-10-05,0.0720616446124682
1984-10-08,0.0738301833516147
1984-10-09,0.0786699551881639
1984-10-10,0.0765649701575551
1984-10-11,0.0751226161401317
1984-10-12,0.0737945456386137
1984-10-15,0.0731538003184502
1984-10-16,0.0660302662802478
1984-10-17,0.0643838095350883
1984-10-18,0.0678148451456967
1984-10-19,0.065679120826168
1984-10-22,0.0660951550752296
1984-10-23,0.0567644048054913
1984-10-24,0.0549315191256338
1984-10-25,0.0578367624261071
1984-10-26,0.0501852096383138
1984-10-29,0.0473506933194799
1984-10-30,0.0480132057575525
1984-10-31,0.0533101146253667
1984-11-01,0.0562097163716746
1984-11-02,0.0726700632815151
1984-11-05,0.0751072584452885
1984-11-06,0.0722362370542457
1984-11-07,0.0706146171881206
1984-11-08,0.0664235800129031
1984-11-09,0.0632617951988774
1984-11-12,0.056243960376909
1984-11-13,0.0520805415510954
1984-11-14,0.0457665401744802
1984-11-15,0.0374356523657996
1984-11-16,0.0315223989367957
1984-11-19,0.0306442772830136
1984-11-20,0.0294557891173858
1984-11-21,0.0274663473050041
1984-11-22,0.0258844015150151
1984-11-23,0.0274998716169886
1984-11-26,0.0249172466192346
1984-11-27,0.0240911802536491
1984-11-28,0.0241588653352244
1984-11-29,0.0217972569244123
1984-11-30,0.0217076574510366
1984-12-03,0.0231345434383517
1984-12-04,0.024875801783725
1984-12-05,0.0266815739437748
1984-12-06,0.0247106474218547
1984-12-07,0.0243361395670965
1984-12-10,0.0208602591370539
1984-12-11,0.020762346386497
1984-12-12,0.0153930200020514
1984-12-13,0.0135749427251611
1984-12-14,0.0114391721926521
1984-12-17,0.009198419136628
1984-12-18,0.005137342553689
1984-12-19,0.0046757870701585
1984-12-20,0.0055570507762376
1984-12-21,0.006151824627779
1984-12-24,0.007964827835671
1984-12-25,0.009453821082209
1984-12-26,0.0106321743619504
1984-12-27,0.0095169196804018
1984-12-28,0.0099506131316599
1984-12-31,0.0109445759868636
1985-01-01,0.0122108381105571
1985-01-02,0.0055885780732812
1985-01-03,0.0047796042453024
1985-01-04,0.0072228244799304
1985-01-07,0.0052816353631364
1985-01-08,0.0069538918025337
1985-01-09,0.0099489234522081
1985-01-10,0.0137066320849872
1985-01-11,0.0159609406011114
1985-01-14,0.0222534461041738
1985-01-15,0.0313277090594951
1985-01-16,0.0365097415823337
1985-01-17,0.040195729714774
1985-01-18,0.0407684817133878
1985-01-21,0.0411403140500398
1985-01-22,0.03932727211632
1985-01-23,0.0329006582342887
1985-01-24,0.0350135311313755
1985-01-25,0.0320074937500911
1985-01-28,0.0294931263884978
1985-01-29,0.0307966364169692
1985-01-30,0.0303627360314529
1985-01-31,0.02597504377268
1985-02-01,0.0233847722730112
1985-02-04,0.0305776828357669
1985-02-05,0.0331739514963987
1985-02-06,0.0402282613683661
1985-02-07,0.0461623228915084
1985-02-08,0.0452838937614676
1985-02-11,0.0453507829336108
1985-02-12,0.0434325452160258
1985-02-13,0.0447453674993527
1985-02-14,0.0460530030410719
1985-02-15,0.0388184652057334
1985-02-18,0.0350471677223984
1985-02-19,0.0309833525847166
1985-02-20,0.0294898741039394
1985-02-21,0.019298423920016
1985-02-22,0.0199104716056256
1985-02-25,0.0259841318335449
1985-02-26,0.0517793073729922
1985-02-27,0.0933143005020402
1985-02-28,0.1139350775730169
1985-03-01,0.1255941118821923
1985-03-04,0.1419625850783085
1985-03-05,0.1538214851163792
1985-03-06,0.1607260581447723
1985-03-07,0.1536463021579815
1985-03-08,0.1569636261531482
1985-03-11,0.1623743835900785
1985-03-12,0.1543303710407057
1985-03-13,0.1457175123006525
1985-03-14,0.1278116069382307
1985-03-15,0.1214338015534828
1985-03-18,0.1305080373299237
1985-03-19,0.1618326680015264
1985-03-20,0.1550530666933564
1985-03-21,0.1553775564206384
1985-03-22,0.1453399839774007
1985-03-25,0.1283711317903056
1985-03-26,0.1296992737539808
1985-03-27,0.145784602743152
1985-03-28,0.1452088470866772
1985-03-29,0.1415295098138879
1985-04-01,0.1489203912943225
1985-04-02,0.1418711922233593
1985-04-03,0.1270112851705109
1985-04-04,0.1152663350094081
1985-04-05,0.1014011158686675
1985-04-08,0.0900371977044754
1985-04-09,0.0839526028460149
1985-04-10,0.0723541287794724
1985-04-11,0.0823717182668389
1985-04-12,0.0712478432716198
1985-04-15,0.0932082937249666
1985-04-16,0.0906330265687288
1985-04-17,0.0937963896646323
1985-04-18,0.0932652589873251
1985-04-19,0.1021501580083641
1985-04-22,0.0988627429326198
1985-04-23,0.0997890477134854
1985-04-24,0.1215627452086882
1985-04-25,0.1227098293487519
1985-04-26,0.1190964937816401
1985-04-29,0.1215454233417509
1985-04-30,0.1138939577237479
1985-05-01,0.0973879807856193
1985-05-02,0.0887562112722658
1985-05-03,0.0910349497256439
1985-05-06,0.0915750819176602
1985-05-07,0.0909550240960656
1985-05-08,0.0923337046207578
1985-05-09,0.0923663136808509
1985-05-10,0.0895362028674051
1985-05-13,0.0839572929971961
1985-05-14,0.0808712351503552
1985-05-15,0.0704809282885334
1985-05-16,0.0688117084732662
1985-05-17,0.07098208305598
1985-05-20,0.0602360383809015
1985-05-21,0.0601634887932926
1985-05-22,0.0609093979267432
1985-05-23,0.0551163360954839
1985-05-24,0.0534540824289778
1985-05-27,0.0533740129882456
1985-05-28,0.0518662870225842
1985-05-29,0.0479392188999459
1985-05-30,0.0562884845643712
1985-05-31,0.0450579374533032
1985-06-03,0.050544733431269
1985-06-04,0.0437642414457048
1985-06-05,0.0406128925128011
1985-06-06,0.0408111725728484
1985-06-07,0.0454324939932717
1985-06-10,0.0477879380182692
1985-06-11,0.0474828250647179
1985-06-12,0.0417163181037819
1985-06-13,0.0327705460991482
1985-06-14,0.0306351746756156
1985-06-17,0.0258396803241316
1985-06-18,0.0269380807667519
1985-06-19,0.0269321850819205
1985-06-20,0.0328697676075501
1985-06-21,0.0412626471189539
1985-06-24,0.0379988057316963
1985-06-25,0.0342083697904516
1985-06-26,0.0301250766418214
1985-06-27,0.0328585552211963
1985-06-28,0.0339478871001186
1985-07-01,0.0281241554912019
1985-07-02,0.0331863551796276
1985-07-03,0.0353106531167426
1985-07-04,0.0308789628816184
1985-07-05,0.0297453152049694
1985-07-08,0.0274203484349565
1985-07-09,0.0276750978792789
1985-07-10,0.0577393985810261
1985-07-11,0.0726075027040905
1985-07-12,0.0821878025440298
1985-07-15,0.08373465698465
1985-07-16,0.0802955603911204
1985-07-17,0.0823568869552737
1985-07-18,0.0781074231347837
1985-07-19,0.0782155690362927
1985-07-22,0.0694248400607168
1985-07-23,0.0615541694163345
1985-07-24,0.0530573769977656
1985-07-25,0.0472242485042699
1985-07-26,0.0410207674608719
1985-07-29,0.0373814569017903
1985-07-30,0.0377201046788282
1985-07-31,0.0313331690166843
1985-08-01,0.0530815256993139
1985-08-02,0.0649125390927772
1985-08-05,0.0665703867974608
1985-08-06,0.0663185814925546
1985-08-07,0.0652787701469857
1985-08-08,0.0700283436201678
1985-08-09,0.0535335829359946
1985-08-12,0.0503347876943535
1985-08-13,0.0466752497969371
1985-08-14,0.0396819247656333
1985-08-15,0.0342634760807925
1985-08-16,0.0289104334153485
1985-08-19,0.0256557587629573
1985-08-20,0.0177745403159821
1985-08-21,0.0148819907537453
1985-08-22,0.0112736889694577
1985-08-23,0.0084544327926174
1985-08-26,0.0089850522400316
1985-08-27,0.0119955298832335
1985-08-28,0.0109513973413537
1985-08-29,0.0109655924256409
1985-08-30,0.0119932143219918
1985-09-02,0.0157815047983845
1985-09-03,0.0129151587289869
1985-09-04,0.0103318610173314
1985-09-05,0.007705940488522
1985-09-06,0.021613708057805
1985-09-09,0.0419629607283038
1985-09-10,0.0525354180846193
1985-09-11,0.0528448424521364
1985-09-12,0.0552761012357927
1985-09-13,0.0612129752987643
1985-09-16,0.0593800148313709
1985-09-17,0.0681224623518864
1985-09-18,0.0647070974200204
1985-09-19,0.0567050086517384
1985-09-20,0.0582495095975364
1985-09-23,0.055204275583796
1985-09-24,0.046762183175302
1985-09-25,0.0592437451387712
1985-09-26,0.0782018046372208
1985-09-27,0.0942153661034361
1985-09-30,0.1161761718666625
1985-10-01,0.1290686937547411
1985-10-02,0.1278712596966532
1985-10-03,0.1260425002746917
1985-10-04,0.1150845673912309
1985-10-07,0.1140232732339258
1985-10-08,0.1076608728533941
1985-10-09,0.0965196939394005
1985-10-10,0.1000061109944026
1985-10-11,0.1110194884719849
1985-10-14,0.1215685081816474
1985-10-15,0.1217640646772125
1985-10-16,0.1161870364244056
1985-10-17,0.1232670237906352
1985-10-18,0.1252838211773181
1985-10-21,0.1116968140785997
1985-10-22,0.0960314013011296
1985-10-23,0.0922916495573389
1985-10-24,0.0864309145768812
1985-10-25,0.0760469959058385
1985-10-28,0.0649399767764279
1985-10-29,0.0546022955379734
1985-10-30,0.0682492928608548
1985-10-31,0.0613322180287553
1985-11-01,0.0541688295823063
1985-11-04,0.0445801980447058
1985-11-05,0.0456686672577013
1985-11-06,0.0450621147903233
1985-11-07,0.0380511105192325
1985-11-08,0.035852411180976
1985-11-11,0.0301399617977832
1985-11-12,0.0303397864300413
1985-11-13,0.025511067496885
1985-11-14,0.0249819547699266
1985-11-15,0.0248013524336997
1985-11-18,0.0245166264975447
1985-11-19,0.0276601169987874
1985-11-20,0.0210604646206305
1985-11-21,0.0232750392823698
1985-11-22,0.0253085553055184
1985-11-25,0.0190734526102202
1985-11-26,0.0169980435642047
1985-11-27,0.0139137988303898
1985-11-28,0.0106888106583331
1985-11-29,0.0089517475885598
1985-12-02,0.0188314056709794
1985-12-03,0.0284130020316595
1985-12-04,0.0439824723485731
1985-12-05,0.047169504860834
1985-12-06,0.0443140983349802
1985-12-09,0.0331385295001394
1985-12-10,0.0282108677242145
1985-12-11,0.031523273249441
1985-12-12,0.0359487330027168
1985-12-13,0.0340704789228491
1985-12-16,0.0347408841912736
1985-12-17,0.0291404785645829
1985-12-18,0.0261047935150334
1985-12-19,0.0199204129423947
1985-12-20,0.0218887339859679
1985-12-23,0.0198613281346941
1985-12-24,0.0173981539230294
1985-12-25,0.0155971565789059
1985-12-26,0.013756524477868
1985-12-27,0.0149937197664106
1985-12-30,0.0141063411480155
1985-12-31,0.0113908306006979
1986-01-01,0.0077678461492775
1986-01-02,0.0061804372955668
1986-01-03,0.016544024776103
1986-01-06,0.0182156814499455
1986-01-07,0.0252993988033657
1986-01-08,0.0344903554506158
1986-01-09,0.0388311613865487
1986-01-10,0.0385843882486695
1986-01-13,0.042308936874295
1986-01-14,0.0419212520200405
1986-01-15,0.042913359138405
1986-01-16,0.0359871468937906
1986-01-17,0.0279077064953074
1986-01-20,0.0249245450829988
1986-01-21,0.0257623851809213
1986-01-22,0.0227739453980467
1986-01-23,0.0250185391192921
1986-01-24,0.0314251027450044
1986-01-27,0.0358990890506392
1986-01-28,0.0378023052959878
1986-01-29,0.0400332147972766
1986-01-30,0.036836469772849
1986-01-31,0.0376453340320507
1986-02-03,0.0767316035226796
1986-02-04,0.0844141537735631
1986-02-05,0.0915224821465631
1986-02-06,0.0963244167485078
1986-02-07,0.0985916970472381
1986-02-10,0.1034930955896429
1986-02-11,0.0981286362567033
1986-02-12,0.0908324605394378
1986-02-13,0.1006033617312069
1986-02-14,0.0973376838754077
1986-02-17,0.1025785015191097
1986-02-18,0.1126759700950768
1986-02-19,0.1127816077999429
1986-02-20,0.1213051093966668
1986-02-21,0.1400284143375814
1986-02-24,0.1190066129930655
1986-02-25,0.1429190114219482
1986-02-26,0.1502046132114003
1986-02-27,0.1642683445462117
1986-02-28,0.1743630736292437
1986-03-03,0.2119123307441992
1986-03-04,0.2253158707182398
1986-03-05,0.2234821930282789
1986-03-06,0.223294894487028
1986-03-07,0.2127600393493345
1986-03-10,0.2160355372383487
1986-03-11,0.2275590401780281
1986-03-12,0.2084424291674669
1986-03-13,0.2085075595731363
1986-03-14,0.2029316073090923
1986-03-17,0.1863105415879439
1986-03-18,0.1654164583902578
1986-03-19,0.1585100077311223
1986-03-20,0.1411871795889442
1986-03-21,0.1215533021433325
1986-03-24,0.1226764353230557
1986-03-25,0.129540307654058
1986-03-26,0.1232488014095508
1986-03-27,0.1430069447273663
1986-03-28,0.1279400367758137
1986-03-31,0.1108124059191536
1986-04-01,0.1466198510589877
1986-04-02,0.1518309528226983
1986-04-03,0.150821905388437
1986-04-04,0.1462522334836186
1986-04-07,0.1588770766671432
1986-04-08,0.1951801331372157
1986-04-09,0.1976427356751236
1986-04-10,0.1806982282084154
1986-04-11,0.1898698187678205
1986-04-14,0.1974641427747243
1986-04-15,0.1817969894812811
1986-04-16,0.203827520809922
1986-04-17,0.1986950736201747
1986-04-18,0.170999979683589
1986-04-21,0.1592744526796294
1986-04-22,0.1525950422230329
1986-04-23,0.1440781720037486
1986-04-24,0.1453702602880636
1986-04-25,0.1403856903495597
1986-04-28,0.1444968842957855
1986-04-29,0.1464233715425507
1986-04-30,0.1322983191587649
1986-05-01,0.1012064228877348
1986-05-02,0.1005483225717617
1986-05-05,0.1151265902352784
1986-05-06,0.1185442978455985
1986-05-07,0.1067387254964738
1986-05-08,0.0925897756658659
1986-05-09,0.1072748537665418
1986-05-12,0.1169838279170268
1986-05-13,0.1184575592187675
1986-05-14,0.1159249251857695
1986-05-15,0.1058011348319309
1986-05-16,0.1067073228666174
1986-05-19,0.0967281412186304
1986-05-20,0.1063634231535281
1986-05-21,0.1103964897896318
1986-05-22,0.1171240620734614
1986-05-23,0.1119516379478983
1986-05-26,0.1028046819494596
1986-05-27,0.1020548784346863
1986-05-28,0.1048567758793685
1986-05-29,0.1038994046260003
1986-05-30,0.1061966000521479
1986-06-02,0.1163215627497764
1986-06-03,0.1594932695863827
1986-06-04,0.1714237866305321
1986-06-05,0.1899072774174791
1986-06-06,0.1928883715316132
1986-06-09,0.1863059594731659
1986-06-10,0.1859804675919605
1986-06-11,0.1838514758065038
1986-06-12,0.1748871287283986
1986-06-13,0.1706632927762584
1986-06-16,0.174711841822991
1986-06-17,0.1652638335559413
1986-06-18,0.1538936817322307
1986-06-19,0.1529991449123999
1986-06-20,0.1572651038917717
1986-06-23,0.1594992768616334
1986-06-24,0.1655170823377094
1986-06-25,0.1633536346249032
1986-06-26,0.1645615455500083
1986-06-27,0.165139540553306
1986-06-30,0.1694611520187452
1986-07-01,0.1992825246233043
1986-07-02,0.1971797164920968
1986-07-03,0.1939653887251681
1986-07-04,0.200139089724454
1986-07-07,0.2124576919549516
1986-07-08,0.1987326137831785
1986-07-09,0.1949537679425029
1986-07-10,0.1636176321971951
1986-07-11,0.1636941341869315
1986-07-14,0.1468531392431396
1986-07-15,0.1846679928326936
1986-07-16,0.2177861727985296
1986-07-17,0.206572722911691
1986-07-18,0.2038897458659865
1986-07-21,0.2221261418789498
1986-07-22,0.220171415001583
1986-07-23,0.2109478645539915
1986-07-24,0.210488268082747
1986-07-25,0.2124696125089676
1986-07-28,0.215812883435663
1986-07-29,0.2373523033050225
1986-07-30,0.2408740963740736
1986-07-31,0.2427680112170598
1986-08-01,0.2479833911037582
1986-08-04,0.2435209571335551
1986-08-05,0.2511737827257734
1986-08-06,0.2527227616172871
1986-08-07,0.2475983073569005
1986-08-08,0.24930522142329
1986-08-11,0.2294170198074142
1986-08-12,0.2220649941582643
1986-08-13,0.2049500438741988
1986-08-14,0.188231764244502
1986-08-15,0.1756955227891072
1986-08-18,0.1586346689356418
1986-08-19,0.1410006907583016
1986-08-20,0.1205595360265072
1986-08-21,0.1099685786578752
1986-08-22,0.0892912123647979
1986-08-25,0.0848109845741672
1986-08-26,0.079658580630848
1986-08-27,0.0679311397942939
1986-08-28,0.0636354786265275
1986-08-29,0.0575381190028637
1986-09-01,0.0441799386957713
1986-09-02,0.0369036519569621
1986-09-03,0.0295003599389938
1986-09-04,0.0249880325632302
1986-09-05,0.0233703810116737
1986-09-08,0.0247250254573715
1986-09-09,0.0282228988153107
1986-09-10,0.0258317018469683
1986-09-11,0.027070601593789
1986-09-12,0.0476845933596471
1986-09-15,0.0690807934399274
1986-09-16,0.0745909107314964
1986-09-17,0.0933640162795711
1986-09-18,0.1156707921616032
1986-09-19,0.1406143724768012
1986-09-22,0.1660915857641255
1986-09-23,0.1710449496494118
1986-09-24,0.1679916527316668
1986-09-25,0.1585219126585271
1986-09-26,0.1556739892004067
1986-09-29,0.1871429624147863
1986-09-30,0.1850800832226415
1986-10-01,0.1613310352030882
1986-10-02,0.1363454837390157
1986-10-03,0.1220351379880883
1986-10-06,0.101450648361346
1986-10-07,0.088819737339397
1986-10-08,0.0751808163594084
1986-10-09,0.0601607857120389
1986-10-10,0.0496167816972078
1986-10-13,0.0533867491385262
1986-10-14,0.0455280847130745
1986-10-15,0.0359723475614006
1986-10-16,0.0294816733065196
1986-10-17,0.0388448512821747
1986-10-20,0.0436419427120472
1986-10-21,0.0437375489538516
1986-10-22,0.0424342690224265
1986-10-23,0.0419754126410691
1986-10-24,0.0422780625801561
1986-10-27,0.04844545699865
1986-10-28,0.0520451098044788
1986-10-29,0.0625350269187548
1986-10-30,0.0786206386543064
1986-10-31,0.1157310675564836
1986-11-03,0.1304361706348626
1986-11-04,0.1283707022620667
1986-11-05,0.1360095872863389
1986-11-06,0.1364695575694161
1986-11-07,0.1302745967072873
1986-11-10,0.1213167000649655
1986-11-11,0.1141444991097892
1986-11-12,0.1195052890754107
1986-11-13,0.1125444768496896
1986-11-14,0.0956191611873398
1986-11-17,0.0888988461460044
1986-11-18,0.0873004964693879
1986-11-19,0.0840720179218354
1986-11-20,0.0849508350307308
1986-11-21,0.0665486465692008
1986-11-24,0.06345653932096
1986-11-25,0.0625836858621279
1986-11-26,0.0615807415648401
1986-11-27,0.0543224923684898
1986-11-28,0.0530718382132308
1986-12-01,0.0529523316942108
1986-12-02,0.0529986457378363
1986-12-03,0.0468237978999367
1986-12-04,0.042486533887273
1986-12-05,0.0409948658496964
1986-12-08,0.0364118460497585
1986-12-09,0.0348964820019261
1986-12-10,0.032818880766681
1986-12-11,0.0299805660000142
1986-12-12,0.0301967115322656
1986-12-15,0.0249824231774919
1986-12-16,0.0234157632772272
1986-12-17,0.0245554651450478
1986-12-18,0.0197625275841973
1986-12-19,0.0187187046242661
1986-12-22,0.0136065589782897
1986-12-23,0.0124941775297225
1986-12-24,0.0120808883003011
1986-12-25,0.0117595544194724
1986-12-26,0.0113436621904117
1986-12-29,0.0065652608703187
1986-12-30,0.0054234098638056
1986-12-31,0.0047266764477352
1987-01-01,0.0107571578278143
1987-01-02,0.0305703839686714
1987-01-05,0.0387202338708957
1987-01-06,0.0351347265852173
1987-01-07,0.0380693000279626
1987-01-08,0.0499578923813074
1987-01-09,0.0813831339910936
1987-01-12,0.0912806115706531
1987-01-13,0.1280748017732214
1987-01-14,0.1533764921689412
1987-01-15,0.182227064359919
1987-01-16,0.1977691600143166
1987-01-19,0.2359974642384241
1987-01-20,0.2382132704209284
1987-01-21,0.2649313534921134
1987-01-22,0.2722868203497816
1987-01-23,0.27226804066903
1987-01-26,0.3007803673285278
1987-01-27,0.3013021859628291
1987-01-28,0.3327414410557886
1987-01-29,0.3310735548874173
1987-01-30,0.3194212778425834
1987-02-02,0.3499134587381124
1987-02-03,0.3551374568661786
1987-02-04,0.3506247867663241
1987-02-05,0.3400553160496987
1987-02-06,0.3328763978767456
1987-02-09,0.3236187951297394
1987-02-10,0.3108957364132885
1987-02-11,0.2997283825916908
1987-02-12,0.2932358755056964
1987-02-13,0.2795350229994316
1987-02-16,0.281038297262778
1987-02-17,0.2761944436470072
1987-02-18,0.2690140530079136
1987-02-19,0.2672694125412858
1987-02-20,0.2540237066421982
1987-02-23,0.2494619047367611
1987-02-24,0.2385739716817153
1987-02-25,0.2176235186938998
1987-02-26,0.196094145584166
1987-02-27,0.1807355060123909
1987-03-02,0.1986537813418588
1987-03-03,0.1908703475234726
1987-03-04,0.1805397938902458
1987-03-05,0.1772727104315896
1987-03-06,0.1734600979313761
1987-03-09,0.1661240455415062
1987-03-10,0.152432403998838
1987-03-11,0.1626394030162065
1987-03-12,0.1531451315846971
1987-03-13,0.1552571390123296
1987-03-16,0.1475896608899643
1987-03-17,0.1404674817580527
1987-03-18,0.1242361045860761
1987-03-19,0.1421642959745498
1987-03-20,0.143307388392614
1987-03-23,0.138481725076537
1987-03-24,0.120226301508098
1987-03-25,0.1127068931800718
1987-03-26,0.1180698659170835
1987-03-27,0.1098102971600593
1987-03-30,0.1095956587420579
1987-03-31,0.1119813093610151
1987-04-01,0.1182018694978782
1987-04-02,0.1176480844851871
1987-04-03,0.0646840702780982
1987-04-06,0.0856619120892438
1987-04-07,0.0946160854001468
1987-04-08,0.097862391765866
1987-04-09,0.0965805489985494
1987-04-10,0.1040103206234897
1987-04-13,0.1308498991436901
1987-04-14,0.1425461223943352
1987-04-15,0.1612353356185201
1987-04-16,0.158365425255254
1987-04-17,0.1498146803471876
1987-04-20,0.1409169126102029
1987-04-21,0.1287457917698571
1987-04-22,0.1210005477135807
1987-04-23,0.1128671565199843
1987-04-24,0.1101679621013686
1987-04-27,0.1264119803931047
1987-04-28,0.1254620283431473
1987-04-29,0.1132016591474191
1987-04-30,0.1073304281684737
1987-05-01,0.100158654304241
1987-05-04,0.0998184458915943
1987-05-05,0.1012215767774939
1987-05-06,0.0989592755765549
1987-05-07,0.0971218949779818
1987-05-08,0.0845317299331629
1987-05-11,0.0820029327796972
1987-05-12,0.0721951306330913
1987-05-13,0.0649431755338281
1987-05-14,0.0608899974258967
1987-05-15,0.0595607548215135
1987-05-18,0.0522046148620526
1987-05-19,0.0519582228485082
1987-05-20,0.0541070665746575
1987-05-21,0.0539635601465304
1987-05-22,0.0538930057855281
1987-05-25,0.0531376228051857
1987-05-26,0.0424554599515832
1987-05-27,0.0312453215686105
1987-05-28,0.0351657579090707
1987-05-29,0.0284477196203824
1987-06-01,0.0257005876266388
1987-06-02,0.039988952391285
1987-06-03,0.044541194127343
1987-06-04,0.0486246754410195
1987-06-05,0.0498292749316472
1987-06-08,0.0478466225774238
1987-06-09,0.0497803761944956
1987-06-10,0.0506132976549301
1987-06-11,0.0482344257558466
1987-06-12,0.0471548870611793
1987-06-15,0.0652759158751244
1987-06-16,0.0808812243556331
1987-06-17,0.0882928562877413
1987-06-18,0.0915238283209368
1987-06-19,0.0838772099274711
1987-06-22,0.0826247495327784
1987-06-23,0.0727627506023962
1987-06-24,0.1087569958575202
1987-06-25,0.1145938124862373
1987-06-26,0.1114808543069149
1987-06-29,0.1050086912594509
1987-06-30,0.1035154868034554
1987-07-01,0.1102658001190577
1987-07-02,0.1136141981012391
1987-07-03,0.106801262578936
1987-07-06,0.1013355229672147
1987-07-07,0.1018007345947958
1987-07-08,0.0868320867528995
1987-07-09,0.083463855610791
1987-07-10,0.0726589132928364
1987-07-13,0.0703410996641525
1987-07-14,0.0669332277038102
1987-07-15,0.0709135290722646
1987-07-16,0.0599490814225955
1987-07-17,0.0435053022571691
1987-07-20,0.0451512766175674
1987-07-21,0.0408710200894065
1987-07-22,0.0374099659531925
1987-07-23,0.0402926668860872
1987-07-24,0.0333722941538294
1987-07-27,0.0322575289811783
1987-07-28,0.0262761886694542
1987-07-29,0.0275262639963231
1987-07-30,0.0290636864146231
1987-07-31,0.0231654242646758
1987-08-03,0.0215624120227853
1987-08-04,0.0145926904534609
1987-08-05,0.0104934345044557
1987-08-06,0.0169730695846324
1987-08-07,0.0163711338860027
1987-08-10,0.0147857639695911
1987-08-11,0.0119109624221985
1987-08-12,0.0095356141518247
1987-08-13,0.011693246557967
1987-08-14,0.0120693564913774
1987-08-17,0.0137267182616354
1987-08-18,0.017881779324653
1987-08-19,0.0271926149165854
1987-08-20,0.0281474698281722
1987-08-21,0.0217086460902107
1987-08-24,0.0203133340872421
1987-08-25,0.0180321892250051
1987-08-26,0.0160761997032505
1987-08-27,0.0136864085823793
1987-08-28,0.0112880454736838
1987-08-31,0.0098478382435978
1987-09-01,0.0144722475747692
1987-09-02,0.0147044999796524
1987-09-03,0.0137612476457524
1987-09-04,0.0158599915278582
1987-09-07,0.0205125804736342
1987-09-08,0.022248288607446
1987-09-09,0.0248755918248506
1987-09-10,0.025045766098447
1987-09-11,0.0231237518105245
1987-09-14,0.0255480408424334
1987-09-15,0.0228972513117954
1987-09-16,0.0193714801687429
1987-09-17,0.0166157382161791
1987-09-18,0.0123892211649412
1987-09-21,0.0125427715001844
1987-09-22,0.0082572021911008
1987-09-23,0.0087759533980426
1987-09-24,0.0075782123781145
1987-09-25,0.0066253835682684
1987-09-28,0.0054598276903597
1987-09-29,0.0091957038022611
1987-09-30,0.0104926965202538
1987-10-01,0.0220776781414545
1987-10-02,0.026836503882448
1987-10-05,0.0267867905422998
1987-10-06,0.0246698164658957
1987-10-07,0.0331196220461294
1987-10-08,0.0415357907415321
1987-10-09,0.0688615497469051
1987-10-12,0.0895327811342387
1987-10-13,0.0968319979437042
1987-10-14,0.0908662296563712
1987-10-15,0.1161489392762348
1987-10-16,0.1312953647828669
1987-10-19,0.1521973923877294
1987-10-20,0.1943588800421238
1987-10-21,0.2229735124228874
1987-10-22,0.2456136497388397
1987-10-23,0.257102398758246
1987-10-26,0.2679910231446374
1987-10-27,0.2907185843045535
1987-10-28,0.2839871455791525
1987-10-29,0.305337788697048
1987-10-30,0.3166706601482209
1987-11-02,0.345689256392415
1987-11-03,0.3550980932687183
1987-11-04,0.3621291228070104
1987-11-05,0.3701992435138363
1987-11-06,0.3619662905789158
1987-11-09,0.3702310795078
1987-11-10,0.3881536920558853
1987-11-11,0.3883558567962922
1987-11-12,0.3730611173260101
1987-11-13,0.3649896086407841
1987-11-16,0.3727637345333907
1987-11-17,0.3737566416179574
1987-11-18,0.3727595543306715
1987-11-19,0.3625928212681973
1987-11-20,0.3583048077478171
1987-11-23,0.3530779080195903
1987-11-24,0.3560563541295244
1987-11-25,0.3505670967641898
1987-11-26,0.3120259853869546
1987-11-27,0.2939909705310596
1987-11-30,0.3003171699247484
1987-12-01,0.2997075324317554
1987-12-02,0.2902892375027347
1987-12-03,0.2751891824255035
1987-12-04,0.2636909895946068
1987-12-07,0.2606706812364542
1987-12-08,0.2456693527436468
1987-12-09,0.2347483283210137
1987-12-10,0.2163435574912155
1987-12-11,0.2141390279240957
1987-12-14,0.2202901538715132
1987-12-15,0.2079413773427211
1987-12-16,0.2076413701125273
1987-12-17,0.1964040117981443
1987-12-18,0.1853061108924433
1987-12-21,0.1801612804037104
1987-12-22,0.1668864354116384
1987-12-23,0.151915255261289
1987-12-24,0.1380422018420322
1987-12-25,0.1209069373398662
1987-12-28,0.1457303661765919
1987-12-29,0.1447632844387445
1987-12-30,0.1369375436174765
1987-12-31,0.1398304761311296
1988-01-01,0.1368357403738022
1988-01-04,0.1426508558166892
1988-01-05,0.1611495601218468
1988-01-06,0.1705548404657127
1988-01-07,0.1821299506465548
1988-01-08,0.1976938197241958
1988-01-11,0.2191252645333202
1988-01-12,0.2143908163326433
1988-01-13,0.2201164506102073
1988-01-14,0.2146405395158763
1988-01-15,0.2180111186631159
1988-01-18,0.2196183356801116
1988-01-19,0.2209347288027418
1988-01-20,0.2194407776922591
1988-01-21,0.2159359968769272
1988-01-22,0.2193122973339563
1988-01-25,0.216687199354334
1988-01-26,0.2132441828684908
1988-01-27,0.2061123103274153
1988-01-28,0.2113636888086973
1988-01-29,0.2081609191667828
1988-02-01,0.2139066736127096
1988-02-02,0.2031254634937536
1988-02-03,0.1944803531439806
1988-02-04,0.1925357700226539
1988-02-05,0.1871259914084722
1988-02-08,0.1783296386530465
1988-02-09,0.1733551967928705
1988-02-10,0.1703829265009758
1988-02-11,0.1779632035507662
1988-02-12,0.1761523266245946
1988-02-15,0.1762811424076041
1988-02-16,0.1664575817330291
1988-02-17,0.1588733609962979
1988-02-18,0.150564092815095
1988-02-19,0.142060828126317
1988-02-22,0.1407074745541889
1988-02-23,0.1409783737523892
1988-02-24,0.1336379571574481
1988-02-25,0.1346821394575389
1988-02-26,0.1256082418824355
1988-02-29,0.1179886171704053
1988-03-01,0.1159820392286697
1988-03-02,0.1123933117903614
1988-03-03,0.1065541965628154
1988-03-04,0.1038568923338506
1988-03-07,0.0616577520743403
1988-03-08,0.0506112696938665
1988-03-09,0.0477770281084855
1988-03-10,0.0492160394480473
1988-03-11,0.0509351686627115
1988-03-14,0.0526521650235565
1988-03-15,0.0486147071958657
1988-03-16,0.0474436681043928
1988-03-17,0.0473346355858029
1988-03-18,0.0374779209437996
1988-03-21,0.0331454129633345
1988-03-22,0.0390237000638864
1988-03-23,0.0396327846966095
1988-03-24,0.0408340089906299
1988-03-25,0.0634718715048023
1988-03-28,0.0766584636311587
1988-03-29,0.0852204666818858
1988-03-30,0.0919213317346018
1988-03-31,0.091539698776195
1988-04-01,0.0941731355446171
1988-04-04,0.0952027104204459
1988-04-05,0.0922654070146001
1988-04-06,0.0907048362629096
1988-04-07,0.0852344271603911
1988-04-08,0.0826985569867697
1988-04-11,0.0750797369686508
1988-04-12,0.0790882088830683
1988-04-13,0.0773575021823181
1988-04-14,0.0740908859085547
1988-04-15,0.0718745566010165
1988-04-18,0.0721838919487201
1988-04-19,0.0798006712951716
1988-04-20,0.0839231819626883
1988-04-21,0.0847397697252804
1988-04-22,0.0794426002734915
1988-04-25,0.0674086316854949
1988-04-26,0.0617013769265697
1988-04-27,0.054234166802631
1988-04-28,0.0382445362040547
1988-04-29,0.0342864384959626
1988-05-02,0.0310428359187016
1988-05-03,0.0302037526127546
1988-05-04,0.0293221163045409
1988-05-05,0.0296604653682431
1988-05-06,0.0304995717027031
1988-05-09,0.0210711379668228
1988-05-10,0.0320704473575421
1988-05-11,0.0451043350068892
1988-05-12,0.0522030252356892
1988-05-13,0.0534436694915153
1988-05-16,0.0851537995604305
1988-05-17,0.09468274184367
1988-05-18,0.0950508542768453
1988-05-19,0.1085515015581027
1988-05-20,0.1115079208376442
1988-05-23,0.1137826622970478
1988-05-24,0.1098265868572678
1988-05-25,0.1082433379915088
1988-05-26,0.106371706649142
1988-05-27,0.0997639277640478
1988-05-30,0.09238294931576
1988-05-31,0.0894925291717741
1988-06-01,0.0839376650194747
1988-06-02,0.0735796348797539
1988-06-03,0.0724035698431371
1988-06-06,0.0739660634160062
1988-06-07,0.0767903831902651
1988-06-08,0.0732538095145519
1988-06-09,0.0851378707646176
1988-06-10,0.0856530178735492
1988-06-13,0.0793641562677288
1988-06-14,0.0722453243598506
1988-06-15,0.0601397254518408
1988-06-16,0.0932674541861229
1988-06-17,0.0929021348970031
1988-06-20,0.0978354420882397
1988-06-21,0.1000102783988294
1988-06-22,0.0922362289541913
1988-06-23,0.087133700918102
1988-06-24,0.0925757585737109
1988-06-27,0.0924521299982639
1988-06-28,0.1054134899650748
1988-06-29,0.1167719532293997
1988-06-30,0.1136171468107676
1988-07-01,0.1288796796440867
1988-07-04,0.1239653426072428
1988-07-05,0.1175526170808669
1988-07-06,0.1140815994383828
1988-07-07,0.1103897987076325
1988-07-08,0.1040638570950502
1988-07-11,0.1161023940751652
1988-07-12,0.1085644234022391
1988-07-13,0.0976790799774542
1988-07-14,0.0785262794632813
1988-07-15,0.0771518086985208
1988-07-18,0.0944340154260391
1988-07-19,0.0908997818819896
1988-07-20,0.0872645764622619
1988-07-21,0.0845604700509068
1988-07-22,0.0734379087619949
1988-07-25,0.0703332547260334
1988-07-26,0.0617885597070379
1988-07-27,0.0605410026286996
1988-07-28,0.0549336527260051
1988-07-29,0.0550853348797734
1988-08-01,0.0515837545306858
1988-08-02,0.0490144361955973
1988-08-03,0.0457247950931892
1988-08-04,0.0423524218495218
1988-08-05,0.0262716408204746
1988-08-08,0.0330817007057558
1988-08-09,0.0334129208836268
1988-08-10,0.0386343357908239
1988-08-11,0.0457722821790168
1988-08-12,0.0475323713467391
1988-08-15,0.0483368798556571
1988-08-16,0.0529915101705859
1988-08-17,0.0512841790429638
1988-08-18,0.0530151341640688
1988-08-19,0.0538466250910486
1988-08-22,0.0522563155302723
1988-08-23,0.0478517116689051
1988-08-24,0.0324453439078255
1988-08-25,0.0298529448057628
1988-08-26,0.0327326109790118
1988-08-29,0.0347910708287241
1988-08-30,0.0297095588513317
1988-08-31,0.0278800302961495
1988-09-01,0.0312928058019947
1988-09-02,0.0326509253703816
1988-09-05,0.0346024225243572
1988-09-06,0.038906541279761
1988-09-07,0.0429652753497949
1988-09-08,0.0422499693492556
1988-09-09,0.0386153182959625
1988-09-12,0.029901093242963
1988-09-13,0.0279989585886205
1988-09-14,0.0213043558814766
1988-09-15,0.0205625032072641
1988-09-16,0.0191737339220546
1988-09-19,0.0149330897677675
1988-09-20,0.0154461423824645
1988-09-21,0.0140005873424342
1988-09-22,0.014024951364443
1988-09-23,0.0159766329223508
1988-09-26,0.017743576908742
1988-09-27,0.0137735507792147
1988-09-28,0.0154350554138943
1988-09-29,0.0127434148846341
1988-09-30,0.0119983404816015
1988-10-03,0.0109712991176474
1988-10-04,0.0112332571966364
1988-10-05,0.0110180957268205
1988-10-06,0.010552475381135
1988-10-07,0.0096470947334704
1988-10-10,0.0042874402003384
1988-10-11,0.0042938879107641
1988-10-12,0.0042172476557566
1988-10-13,0.0056911762469168
1988-10-14,0.0083700030489122
1988-10-17,0.0078088638653843
1988-10-18,0.0064303385149543
1988-10-19,0.004961325009925
1988-10-20,0.0046640146647094
1988-10-21,0.0028641533728601
1988-10-24,0.0022080525638522
1988-10-25,0.001835572094723
1988-10-26,0.001892695757965
1988-10-27,0.0022725569953534
1988-10-28,0.0018711831210838
1988-10-31,0.0027911035050753
1988-11-01,0.0041935846394025
1988-11-02,0.0040915601080265
1988-11-03,0.0037275025028071
1988-11-04,0.0032323919665386
1988-11-07,0.0024141388579055
1988-11-08,0.001811995255508
1988-11-09,0.0018180621572232
1988-11-10,0.0020623422554982
1988-11-11,0.0043659556981439
1988-11-14,0.0042157832546364
1988-11-15,0.0035892521017447
1988-11-16,0.0040056105727653
1988-11-17,0.0055930612946184
1988-11-18,0.0067724427088255
1988-11-21,0.0068854448136328
1988-11-22,0.0077893537893286
1988-11-23,0.0082532729561864
1988-11-24,0.0090949557950218
1988-11-25,0.0085091185252124
1988-11-28,0.0037037157814804
1988-11-29,0.0031804191024444
1988-11-30,0.002415505681944
1988-12-01,0.0030329846673614
1988-12-02,0.0044412512232344
1988-12-05,0.003175566255432
1988-12-06,0.0035382590042489
1988-12-07,0.001836917629992
1988-12-08,0.002748617049933
1988-12-09,0.0018182176261739
1988-12-12,0.0037904726733742
1988-12-13,0.004008058220742
1988-12-14,0.0046749385542848
1988-12-15,0.00521453570767
1988-12-16,0.0023788518239599
1988-12-19,0.0013664110706265
1988-12-20,0.0026328234931837
1988-12-21,0.0032302676824605
1988-12-22,0.0036429975801608
1988-12-23,0.0044109401716018
1988-12-26,0.0055821469976716
1988-12-27,0.0055230084908068
1988-12-28,0.0054646683341758
1988-12-29,0.006779878334839
1988-12-30,0.0070484093521119
1989-01-02,0.0074116453842346
1989-01-03,0.0027139106860275
1989-01-04,0.0045223873162559
1989-01-05,0.004418751915646
1989-01-06,0.0062831983516266
1989-01-09,0.0064385529290853
1989-01-10,0.0078787422305834
1989-01-11,0.0069356016676368
1989-01-12,0.0056536944270344
1989-01-13,0.0062783538632801
1989-01-16,0.0056790859562624
1989-01-17,0.0067696028313632
1989-01-18,0.0078274199264808
1989-01-19,0.0078668238575808
1989-01-20,0.0095964310591019
1989-01-23,0.008786942127928
1989-01-24,0.0099573880680453
1989-01-25,0.0097164721594914
1989-01-26,0.0081495628746518
1989-01-27,0.0079572274209913
1989-01-30,0.0076918378692144
1989-01-31,0.0090473887783153
1989-02-01,0.0111406389528138
1989-02-02,0.0112155738493544
1989-02-03,0.011382851986579
1989-02-06,0.0085813034870578
1989-02-07,0.0078311492553308
1989-02-08,0.0070472979316944
1989-02-09,0.0076097391663473
1989-02-10,0.0087845242101209
1989-02-13,0.0126237949938705
1989-02-14,0.0127168393431664
1989-02-15,0.0222513488134136
1989-02-16,0.0287917716802237
1989-02-17,0.0306235425870116
1989-02-20,0.0323386816213975
1989-02-21,0.0349151942350799
1989-02-22,0.0260755457833752
1989-02-23,0.0532618609812319
1989-02-24,0.0642360304415238
1989-02-27,0.0903073365905021
1989-02-28,0.1129307714606471
1989-03-01,0.1243114247574611
1989-03-02,0.1246896405893899
1989-03-03,0.1076844209302208
1989-03-06,0.0973838551514979
1989-03-07,0.0909179129514213
1989-03-08,0.0822430650304303
1989-03-09,0.0719782710726647
1989-03-10,0.0630006964928905
1989-03-13,0.0463986498004046
1989-03-14,0.0420558237663647
1989-03-15,0.0362154940185327
1989-03-16,0.032320915923609
1989-03-17,0.0293259941360485
1989-03-20,0.0320724664729372
1989-03-21,0.0356171212715374
1989-03-22,0.0372702787944574
1989-03-23,0.0380631373051418
1989-03-24,0.0389176885304143
1989-03-27,0.0398958578397955
1989-03-28,0.0338587307393486
1989-03-29,0.0308279584753769
1989-03-30,0.0316779095611369
1989-03-31,0.0309510301290885
1989-04-03,0.0133904234886619
1989-04-04,0.0098268999106677
1989-04-05,0.0087951422026728
1989-04-06,0.0101386846942584
1989-04-07,0.0121763585372253
1989-04-10,0.0119490430519659
1989-04-11,0.0102889763001898
1989-04-12,0.0105152558098908
1989-04-13,0.0054229097828152
1989-04-14,0.0065660820907729
1989-04-17,0.003552354472916
1989-04-18,0.0060688691786064
1989-04-19,0.0066544949289704
1989-04-20,0.008116428720531
1989-04-21,0.0084526655507746
1989-04-24,0.0074538813724471
1989-04-25,0.0085611185298536
1989-04-26,0.0118276082165322
1989-04-27,0.0139994751739533
1989-04-28,0.0192380312366401
1989-05-01,0.0244929246579242
1989-05-02,0.021349289486578
1989-05-03,0.0261712973302295
1989-05-04,0.0309685510867786
1989-05-05,0.0307230288057515
1989-05-08,0.0340208273835513
1989-05-09,0.028756654666018
1989-05-10,0.0338147013360729
1989-05-11,0.0342914207810952
1989-05-12,0.0265789025202773
1989-05-15,0.033096230195053
1989-05-16,0.0325451957994803
1989-05-17,0.0374340673344891
1989-05-18,0.0387732225504702
1989-05-19,0.0467142651979702
1989-05-22,0.0552685973070289
1989-05-23,0.0597570338063428
1989-05-24,0.0560048707926669
1989-05-25,0.0637659506978358
1989-05-26,0.0665758549600401
1989-05-29,0.0639524911599189
1989-05-30,0.0613126112982642
1989-05-31,0.051433233267055
1989-06-01,0.0564518022002615
1989-06-02,0.0547314296111762
1989-06-05,0.050259987137423
1989-06-06,0.0550780246457948
1989-06-07,0.0493591356861748
1989-06-08,0.0484196307838756
1989-06-09,0.0516792936346899
1989-06-12,0.0486287842478473
1989-06-13,0.0472938253641922
1989-06-14,0.0499148754085903
1989-06-15,0.0496827031538007
1989-06-16,0.0453591689897133
1989-06-19,0.0279977551830035
1989-06-20,0.0247943473848484
1989-06-21,0.0262481162969577
1989-06-22,0.0280266913383117
1989-06-23,0.0288801050511505
1989-06-26,0.030069944552773
1989-06-27,0.0328575625120253
1989-06-28,0.0359776907487923
1989-06-29,0.0409933666023716
1989-06-30,0.0373424085397589
1989-07-03,0.038611289833927
1989-07-04,0.0425077402343867
1989-07-05,0.0381895679405467
1989-07-06,0.0390766750967327
1989-07-07,0.0390934063509809
1989-07-10,0.0426057538631939
1989-07-11,0.0377698449955857
1989-07-12,0.032485529092933
1989-07-13,0.0281960459318242
1989-07-14,0.0280687413475661
1989-07-17,0.0262951475616645
1989-07-18,0.0238627242776288
1989-07-19,0.0236865640337886
1989-07-20,0.0217840765799504
1989-07-21,0.0219159753633974
1989-07-24,0.0182651090476624
1989-07-25,0.018869391997912
1989-07-26,0.019393897275574
1989-07-27,0.0196560966959845
1989-07-28,0.0178361875515998
1989-07-31,0.0152860398849671
1989-08-01,0.0167651270144007
1989-08-02,0.016158740140756
1989-08-03,0.015624397162789
1989-08-04,0.0175084088020801
1989-08-07,0.0149918715883841
1989-08-08,0.0146470567593843
1989-08-09,0.0135921266869765
1989-08-10,0.0122404975365981
1989-08-11,0.0134661929922131
1989-08-14,0.0091297571320507
1989-08-15,0.0107145533513085
1989-08-16,0.0124054334715476
1989-08-17,0.0147900622868604
1989-08-18,0.0080918589046815
1989-08-21,0.0084161068337722
1989-08-22,0.0078425818930606
1989-08-23,0.0054063446379437
1989-08-24,0.0060840383273452
1989-08-25,0.0071222627932703
1989-08-28,0.0063583186142088
1989-08-29,0.0091774071601639
1989-08-30,0.0095734493968706
1989-08-31,0.0133524692282857
1989-09-01,0.0131655516019236
1989-09-04,0.0125312953183794
1989-09-05,0.0121481973344224
1989-09-06,0.0099279012334974
1989-09-07,0.0107299150145312
1989-09-08,0.0084316362876106
1989-09-11,0.0067033036545313
1989-09-12,0.0055365660829895
1989-09-13,0.0037432888971824
1989-09-14,0.0043785546327295
1989-09-15,0.0041532457539023
1989-09-18,0.0037851120458731
1989-09-19,0.0037061637339655
1989-09-20,0.0034414991282167
1989-09-21,0.0041916027973706
1989-09-22,0.0037576723166073
1989-09-25,0.0070665900025645
1989-09-26,0.0067254684852181
1989-09-27,0.0122987608709874
1989-09-28,0.015623651765239
1989-09-29,0.0174743200451364
1989-10-02,0.0176730756863952
1989-10-03,0.0140601650133819
1989-10-04,0.0112493773049775
1989-10-05,0.0101285941785601
1989-10-06,0.0088270021757332
1989-10-09,0.0099784958261893
1989-10-10,0.0097662140774738
1989-10-11,0.0166981430236573
1989-10-12,0.018444716983621
1989-10-13,0.0215818165141599
1989-10-16,0.1020524187189184
1989-10-17,0.1221291231448437
1989-10-18,0.1367502412119383
1989-10-19,0.1353921617186165
1989-10-20,0.1340364673703141
1989-10-23,0.1308314639201405
1989-10-24,0.1269006501270505
1989-10-25,0.1237023479697766
1989-10-26,0.1201467627712035
1989-10-27,0.1392178956385439
1989-10-30,0.1325674337905016
1989-10-31,0.1327794825852612
1989-11-01,0.1217701920195273
1989-11-02,0.1229514959810844
1989-11-03,0.1207301949209085
1989-11-06,0.1159037373101297
1989-11-07,0.1255642132029429
1989-11-08,0.1252807901082641
1989-11-09,0.1235651761662389
1989-11-10,0.1166596599045919
1989-11-13,0.1149373901782385
1989-11-14,0.1082213443955587
1989-11-15,0.1043886479454784
1989-11-16,0.1002930797713516
1989-11-17,0.0954329785219913
1989-11-20,0.1004352899193898
1989-11-21,0.0817560241526708
1989-11-22,0.075546161929765
1989-11-23,0.0882204679811596
1989-11-24,0.0997277846510582
1989-11-27,0.0956947780192644
1989-11-28,0.0920457422570751
1989-11-29,0.0848948150306574
1989-11-30,0.0734967375573521
1989-12-01,0.0887193908372331
1989-12-04,0.0915866483110262
1989-12-05,0.0815231699024286
1989-12-06,0.0827077801618463
1989-12-07,0.0709427171859536
1989-12-08,0.0627793059459163
1989-12-11,0.0585899384063486
1989-12-12,0.0406848730830695
1989-12-13,0.0374378902860779
1989-12-14,0.0343761849385016
1989-12-15,0.0339703984147236
1989-12-18,0.0313128369617565
1989-12-19,0.0284667510168964
1989-12-20,0.03355948104617
1989-12-21,0.0290976821342188
1989-12-22,0.0313315581653806
1989-12-25,0.0275522950812459
1989-12-26,0.024256748902639
1989-12-27,0.0442721754940633
1989-12-28,0.0595635921114757
1989-12-29,0.0591893416560233
1990-01-01,0.0512032682377066
1990-01-02,0.052135865303217
1990-01-03,0.0710889823215686
1990-01-04,0.0618055307272723
1990-01-05,0.0562956730466454
1990-01-08,0.0777022893751176
1990-01-09,0.0935740720436158
1990-01-10,0.0873622986429856
1990-01-11,0.0917019845350491
1990-01-12,0.0826838723609931
1990-01-15,0.0721861335672279
1990-01-16,0.0883564128435265
1990-01-17,0.0985587173829528
1990-01-18,0.0889464091318929
1990-01-19,0.0881232819285698
1990-01-22,0.0755491637581301
1990-01-23,0.0873758191170016
1990-01-24,0.0957273641042016
1990-01-25,0.0910531645172812
1990-01-26,0.0896252628487367
1990-01-29,0.0851114078852318
1990-01-30,0.0779961360193706
1990-01-31,0.0667824812534842
1990-02-01,0.0644363920719118
1990-02-02,0.0638265834980165
1990-02-05,0.058373871742793
1990-02-06,0.0583801271869461
1990-02-07,0.0621006566974636
1990-02-08,0.0675619952390778
1990-02-09,0.0594319452335628
1990-02-12,0.0507478831095216
1990-02-13,0.0518511002066528
1990-02-14,0.0512275049822281
1990-02-15,0.0442231056638795
1990-02-16,0.0551984989496013
1990-02-19,0.0642766236582383
1990-02-20,0.0663545280801211
1990-02-21,0.0685694641245042
1990-02-22,0.0624458387987889
1990-02-23,0.0574790895108973
1990-02-26,0.0512593519860419
1990-02-27,0.0450278854229798
1990-02-28,0.0428311362082601
1990-03-01,0.0399537302092844
1990-03-02,0.0386379435890455
1990-03-05,0.023284159201798
1990-03-06,0.0229226346859837
1990-03-07,0.0212090917656318
1990-03-08,0.0216632547547191
1990-03-09,0.0211689381905485
1990-03-12,0.0188983947523068
1990-03-13,0.0217031778608681
1990-03-14,0.0137199484779417
1990-03-15,0.0258001413726045
1990-03-16,0.0223181946321902
1990-03-19,0.0260096125119423
1990-03-20,0.0250227972229751
1990-03-21,0.0322737142925351
1990-03-22,0.0282444451655465
1990-03-23,0.0378564719715264
1990-03-26,0.0391917070367111
1990-03-27,0.0359579051869927
1990-03-28,0.0343846388214226
1990-03-29,0.0359485371478301
1990-03-30,0.0327422499510071
1990-04-02,0.0288056891434469
1990-04-03,0.0402828775671877
1990-04-04,0.037640122856387
1990-04-05,0.0358374622484989
1990-04-06,0.0370737587331049
1990-04-09,0.0297865333052329
1990-04-10,0.0288830987839455
1990-04-11,0.0259768313114487
1990-04-12,0.0267368053294277
1990-04-13,0.0246257562036487
1990-04-16,0.0197562627392826
1990-04-17,0.0198050003581198
1990-04-18,0.0163451263487222
1990-04-19,0.0170607144912985
1990-04-20,0.0135865205774777
1990-04-23,0.0145160101163646
1990-04-24,0.0142267779170284
1990-04-25,0.0159339789748525
1990-04-26,0.013073651688527
1990-04-27,0.0104399391676484
1990-04-30,0.0083235485047771
1990-05-01,0.0065578944556287
1990-05-02,0.010592830640456
1990-05-03,0.0108237179321318
1990-05-04,0.0105359334254175
1990-05-07,0.0152608734461594
1990-05-08,0.0181598229248356
1990-05-09,0.0161539424712092
1990-05-10,0.0138141012689875
1990-05-11,0.0190146989437936
1990-05-14,0.017868905776283
1990-05-15,0.0178601130807975
1990-05-16,0.0155509592324902
1990-05-17,0.0094954173786499
1990-05-18,0.0077228552152142
1990-05-21,0.0099554473116973
1990-05-22,0.009652425618062
1990-05-23,0.0102245813039097
1990-05-24,0.0085114711795025
1990-05-25,0.0070058368356881
1990-05-28,0.0062753748735719
1990-05-29,0.0057878419439918
1990-05-30,0.0053574165135465
1990-05-31,0.0037067730011221
1990-06-01,0.0034101718346388
1990-06-04,0.0043268389734881
1990-06-05,0.0055241508685659
1990-06-06,0.0053347880006614
1990-06-07,0.0089243814506487
1990-06-08,0.0082534666354815
1990-06-11,0.0072283360207948
1990-06-12,0.0071946823043128
1990-06-13,0.0065115514063588
1990-06-14,0.0054924886527568
1990-06-15,0.0055146125561595
1990-06-18,0.0061188469835049
1990-06-19,0.0110702230070382
1990-06-20,0.0115642760221712
1990-06-21,0.0108763069670671
1990-06-22,0.0130445940409384
1990-06-25,0.0155849485591292
1990-06-26,0.0143344059026815
1990-06-27,0.0177135456356215
1990-06-28,0.0162902226355445
1990-06-29,0.0383444453098805
1990-07-02,0.0412139349914349
1990-07-03,0.0333081260422022
1990-07-04,0.0265090035060224
1990-07-05,0.0207122652626921
1990-07-06,0.0242009703964253
1990-07-09,0.0254805713900657
1990-07-10,0.0228317484271985
1990-07-11,0.019578077462036
1990-07-12,0.014976304548877
1990-07-13,0.0153419670175134
1990-07-16,0.0107937430514386
1990-07-17,0.0096075963095358
1990-07-18,0.0072815650014646
1990-07-19,0.0048280163474831
1990-07-20,0.0047650732983176
1990-07-23,0.0094356070117916
1990-07-24,0.0123536083880671
1990-07-25,0.0121697941352783
1990-07-26,0.0126429099526376
1990-07-27,0.0115674522561099
1990-07-30,0.0087707241566725
1990-07-31,0.006648320198039
1990-08-01,0.0068748839275386
1990-08-02,0.0237277899255761
1990-08-03,0.0562724639186843
1990-08-06,0.1104002417437314
1990-08-07,0.0909786095541824
1990-08-08,0.1073220134271987
1990-08-09,0.108373974565956
1990-08-10,0.1040473008641229
1990-08-13,0.1192754401417299
1990-08-14,0.1159383043754991
1990-08-15,0.1034492564325378
1990-08-16,0.0957317979649888
1990-08-17,0.1019015525763922
1990-08-20,0.1087673111862126
1990-08-21,0.1351105282395188
1990-08-22,0.1417524481192645
1990-08-23,0.1781484557632133
1990-08-24,0.1847442689226772
1990-08-27,0.1863962872771844
1990-08-28,0.1936389469775121
1990-08-29,0.184474677953036
1990-08-30,0.1862490769025722
1990-08-31,0.1998336236399447
1990-09-03,0.2005689993432885
1990-09-04,0.2058225477723541
1990-09-05,0.2109975626441706
1990-09-06,0.209555792189847
1990-09-07,0.1980436808917764
1990-09-10,0.2088562076068976
1990-09-11,0.2130265442419448
1990-09-12,0.2157668529285079
1990-09-13,0.2047648075159094
1990-09-14,0.2035511328785008
1990-09-17,0.2023741696627378
1990-09-18,0.1926059400632519
1990-09-19,0.1846271152459505
1990-09-20,0.1886547719138467
1990-09-21,0.1975013475296256
1990-09-24,0.2110868018059503
1990-09-25,0.2271904825181877
1990-09-26,0.2192697613277022
1990-09-27,0.2128492382934382
1990-09-28,0.2032289012114572
1990-10-01,0.2024512173782814
1990-10-02,0.1859765156980891
1990-10-03,0.1791324205905992
1990-10-04,0.1855580080403909
1990-10-05,0.1939968425079082
1990-10-08,0.2076613961574393
1990-10-09,0.2042246143821824
1990-10-10,0.1921729005357206
1990-10-11,0.1803274667172277
1990-10-12,0.1793692160053776
1990-10-15,0.1714794566668491
1990-10-16,0.1598090800651394
1990-10-17,0.1705742249938324
1990-10-18,0.1563359291398417
1990-10-19,0.1539525332706839
1990-10-22,0.1435684290708845
1990-10-23,0.1409181820345435
1990-10-24,0.134792275429881
1990-10-25,0.130268220192482
1990-10-26,0.1239347190487385
1990-10-29,0.1147303939166191
1990-10-30,0.1052353836239905
1990-10-31,0.1003664302197205
1990-11-01,0.1016343113038741
1990-11-02,0.0836869097876427
1990-11-05,0.079587592016145
1990-11-06,0.0720559620405456
1990-11-07,0.0746606245304479
1990-11-08,0.0711526799195604
1990-11-09,0.0680792904751665
1990-11-12,0.0568020313708157
1990-11-13,0.0533057615984451
1990-11-14,0.0494006267180889
1990-11-15,0.0474440860099571
1990-11-16,0.0493940248911767
1990-11-19,0.0536417659397311
1990-11-20,0.0513734798691685
1990-11-21,0.0569904161540544
1990-11-22,0.0777276899015018
1990-11-23,0.0701422784560664
1990-11-26,0.0849479531175344
1990-11-27,0.0924219664935379
1990-11-28,0.0907607772698789
1990-11-29,0.0872907322054388
1990-11-30,0.0847998524225087
1990-12-03,0.0863245865232616
1990-12-04,0.090376771977359
1990-12-05,0.0931169405760644
1990-12-06,0.1046257304666705
1990-12-07,0.1017498737310336
1990-12-10,0.089843667041849
1990-12-11,0.0843451032043333
1990-12-12,0.0871173025571609
1990-12-13,0.0797492186330958
1990-12-14,0.0684035471530444
1990-12-17,0.0790886532443688
1990-12-18,0.072887788802218
1990-12-19,0.0780029085086337
1990-12-20,0.0930386161691514
1990-12-21,0.0960839466450178
1990-12-24,0.10971178639281
1990-12-25,0.1129171028215923
1990-12-26,0.1079957769745308
1990-12-27,0.1146428871034136
1990-12-28,0.1224777532804045
1990-12-31,0.1170742114529374
1991-01-01,0.1023491187657644
1991-01-02,0.1098610059210866
1991-01-03,0.1098104698815213
1991-01-04,0.1075618487498003
1991-01-07,0.1379580085481642
1991-01-08,0.1328430550495367
1991-01-09,0.1327284551827945
1991-01-10,0.1210779151994359
1991-01-11,0.1219717608790016
1991-01-14,0.1379738944342674
1991-01-15,0.1413301282115592
1991-01-16,0.1397632855207422
1991-01-17,0.1599542086782851
1991-01-18,0.1563950981243921
1991-01-21,0.1538164072167034
1991-01-22,0.1471058990688897
1991-01-23,0.1108735033644515
1991-01-24,0.1208879161612301
1991-01-25,0.1136922589342027
1991-01-28,0.1113277020029264
1991-01-29,0.1038623126882785
1991-01-30,0.0960055337077445
1991-01-31,0.101862263377313
1991-02-01,0.1057442470644864
1991-02-04,0.114713554924204
1991-02-05,0.1058055192681937
1991-02-06,0.0993414976119441
1991-02-07,0.093010290715017
1991-02-08,0.0936907239710821
1991-02-11,0.0980917885400963
1991-02-12,0.0877222639062275
1991-02-13,0.0847688521798548
1991-02-14,0.0929874851744609
1991-02-15,0.0865367285687205
1991-02-18,0.0903616047426082
1991-02-19,0.0860188967230903
1991-02-20,0.0837834739759152
1991-02-21,0.0768995541006827
1991-02-22,0.0880400383573123
1991-02-25,0.0785794402890911
1991-02-26,0.087639833868629
1991-02-27,0.0765268877176419
1991-02-28,0.0806816534365151
1991-03-01,0.0813106470043803
1991-03-04,0.0757018008932547
1991-03-05,0.0746423961301681
1991-03-06,0.0855903181991265
1991-03-07,0.0863801303156839
1991-03-08,0.0779300892995447
1991-03-11,0.0815186588256944
1991-03-12,0.0698999724137038
1991-03-13,0.0659257807899556
1991-03-14,0.0607257279670402
1991-03-15,0.0591384423448475
1991-03-18,0.0633940500712585
1991-03-19,0.0649447133855297
1991-03-20,0.0808689238500614
1991-03-21,0.0843931505350714
1991-03-22,0.0725957817548858
1991-03-25,0.0752075458115274
1991-03-26,0.0786703383587724
1991-03-27,0.0755384682295144
1991-03-28,0.0777102509214955
1991-03-29,0.0741845313036278
1991-04-01,0.065090618082471
1991-04-02,0.0640094830283006
1991-04-03,0.0757540022589571
1991-04-04,0.0822941728155495
1991-04-05,0.0753240772453253
1991-04-08,0.0864084918900627
1991-04-09,0.0867286322086949
1991-04-10,0.0914699936942651
1991-04-11,0.0880903622521338
1991-04-12,0.0806460638556778
1991-04-15,0.0751602337840323
1991-04-16,0.0662178836244406
1991-04-17,0.0623573012674565
1991-04-18,0.05588848138033
1991-04-19,0.0579734843852679
1991-04-22,0.0698226156961831
1991-04-23,0.0891214141441844
1991-04-24,0.0777512407079546
1991-04-25,0.0776874295863945
1991-04-26,0.0676747309496177
1991-04-29,0.0640973206761951
1991-04-30,0.0676239248006788
1991-05-01,0.0675871505869342
1991-05-02,0.0558673391066626
1991-05-03,0.0523484002826092
1991-05-06,0.0539036361649269
1991-05-07,0.053076381977423
1991-05-08,0.0419252852235526
1991-05-09,0.0444047292217621
1991-05-10,0.0432808654212852
1991-05-13,0.0434733867886455
1991-05-14,0.0403651280546889
1991-05-15,0.0404480020284766
1991-05-16,0.0403083998431877
1991-05-17,0.0432665601462315
1991-05-20,0.0443308560234754
1991-05-21,0.0414966603696183
1991-05-22,0.026941632738108
1991-05-23,0.0198712968376269
1991-05-24,0.0284217324315241
1991-05-27,0.0266752551708303
1991-05-28,0.0307814339845635
1991-05-29,0.0365537324426317
1991-05-30,0.0392998742927188
1991-05-31,0.0258345750936416
1991-06-03,0.0314383325320782
1991-06-04,0.0308816858498477
1991-06-05,0.0235978259159367
1991-06-06,0.0236983404164179
1991-06-07,0.0222567139368249
1991-06-10,0.023067472385586
1991-06-11,0.020668373657884
1991-06-12,0.0213638668028726
1991-06-13,0.0280294868454963
1991-06-14,0.0277665687104514
1991-06-17,0.0258563561891325
1991-06-18,0.0271168634251699
1991-06-19,0.0238172816654447
1991-06-20,0.0229411559602287
1991-06-21,0.0142430008392655
1991-06-24,0.0135602413682917
1991-06-25,0.0117802574513652
1991-06-26,0.0069847109466483
1991-06-27,0.0049094527601649
1991-06-28,0.0311460150220341
1991-07-01,0.0379414202588121
1991-07-02,0.0430455365869235
1991-07-03,0.0413195830164012
1991-07-04,0.0377926969847177
1991-07-05,0.0362086416939843
1991-07-08,0.0386830508057245
1991-07-09,0.0381490552248294
1991-07-10,0.0350680573815568
1991-07-11,0.0302299897475593
1991-07-12,0.0228537610840691
1991-07-15,0.017680562551179
1991-07-16,0.0148301700261984
1991-07-17,0.012789696542661
1991-07-18,0.0166373859260907
1991-07-19,0.0227042550409472
1991-07-22,0.025184653923329
1991-07-23,0.0218683022184241
1991-07-24,0.030354590662437
1991-07-25,0.0327136199295249
1991-07-26,0.0306742738494429
1991-07-29,0.0297489137711784
1991-07-30,0.0274684346554277
1991-07-31,0.024944181948214
1991-08-01,0.0215058633970328
1991-08-02,0.0250688365723447
1991-08-05,0.0418261643928871
1991-08-06,0.0505208107854302
1991-08-07,0.0360097316167464
1991-08-08,0.0402044781493527
1991-08-09,0.0413125322746692
1991-08-12,0.0398888477608795
1991-08-13,0.0337425614512258
1991-08-14,0.0367163072724533
1991-08-15,0.0347128417691032
1991-08-16,0.0377345185191595
1991-08-19,0.0957132243079265
1991-08-20,0.1235316343696052
1991-08-21,0.1350197094651522
1991-08-22,0.1345172981655716
1991-08-23,0.1374775523725018
1991-08-26,0.1370207233510866
1991-08-27,0.1384607116753356
1991-08-28,0.1403696024683905
1991-08-29,0.1434974052659073
1991-08-30,0.1230490344300883
1991-09-02,0.1244016330577806
1991-09-03,0.1205549042135484
1991-09-04,0.1190031598952261
1991-09-05,0.1103105179695249
1991-09-06,0.1093884405474587
1991-09-09,0.1210009599225833
1991-09-10,0.1160043580168361
1991-09-11,0.1054589837787826
1991-09-12,0.0976580121216939
1991-09-13,0.0721916735491176
1991-09-16,0.0650155356517083
1991-09-17,0.0636057647150381
1991-09-18,0.0585502718302595
1991-09-19,0.0490030071868508
1991-09-20,0.0423357632482958
1991-09-23,0.0381267504761601
1991-09-24,0.0383164659217626
1991-09-25,0.0345731269197573
1991-09-26,0.0313460779726121
1991-09-27,0.0279674613281141
1991-09-30,0.0241710009623935
1991-10-01,0.026119408948983
1991-10-02,0.027819358105065
1991-10-03,0.0264185431584533
1991-10-04,0.0329674125215896
1991-10-07,0.0284718540827568
1991-10-08,0.0325217581320235
1991-10-09,0.0373970474906734
1991-10-10,0.0436698847409623
1991-10-11,0.0477743618085727
1991-10-14,0.0449331382116954
1991-10-15,0.0406021879601957
1991-10-16,0.0368700672773198
1991-10-17,0.0361155669934559
1991-10-18,0.0428580979014069
1991-10-21,0.0374865765899117
1991-10-22,0.0347573364244644
1991-10-23,0.0313750779770144
1991-10-24,0.031605151101905
1991-10-25,0.0258510760543013
1991-10-28,0.0214026596411144
1991-10-29,0.0205778811805548
1991-10-30,0.0347947967718542
1991-10-31,0.0346145371643517
1991-11-01,0.0349151722924265
1991-11-04,0.0464984138346986
1991-11-05,0.0459935614440956
1991-11-06,0.0463744024020466
1991-11-07,0.0348846810470588
1991-11-08,0.0278608041567367
1991-11-11,0.0273208915959408
1991-11-12,0.0268767221618338
1991-11-13,0.0263707555327254
1991-11-14,0.0266874280117287
1991-11-15,0.0134306148930257
1991-11-18,0.0200949991694848
1991-11-19,0.020634811908764
1991-11-20,0.020548603064038
1991-11-21,0.0202018375394914
1991-11-22,0.0167464779364647
1991-11-25,0.0190426957019024
1991-11-26,0.0200510213172212
1991-11-27,0.0195109808481228
1991-11-28,0.0204574605377823
1991-11-29,0.0163597975058944
1991-12-02,0.0270809540773769
1991-12-03,0.0326925782143672
1991-12-04,0.0328067687570322
1991-12-05,0.0365432024789825
1991-12-06,0.0263574928675126
1991-12-09,0.0289955924085026
1991-12-10,0.0272454254793209
1991-12-11,0.0242229316895107
1991-12-12,0.0273975956648423
1991-12-13,0.0209156494327469
1991-12-16,0.0228906813509524
1991-12-17,0.025340014387714
1991-12-18,0.0241062811865478
1991-12-19,0.0247082558104804
1991-12-20,0.0175981577003894
1991-12-23,0.024666089511687
1991-12-24,0.0285250840725309
1991-12-25,0.0304635737332765
1991-12-26,0.030826853155093
1991-12-27,0.0190481971853188
1991-12-30,0.0175400311886645
1991-12-31,0.0203085621713478
1992-01-01,0.019556928886051
1992-01-02,0.010849954293527
1992-01-03,0.0222802156295225
1992-01-06,0.0325515046680906
1992-01-07,0.0390593580499773
1992-01-08,0.0438670471301778
1992-01-09,0.0430088702483342
1992-01-10,0.0492879821661484
1992-01-13,0.0538314565937284
1992-01-14,0.0534495036112695
1992-01-15,0.0488625693602414
1992-01-16,0.0579468297598357
1992-01-17,0.0581599867048943
1992-01-20,0.0576883716992078
1992-01-21,0.0480692992122856
1992-01-22,0.0520409002707072
1992-01-23,0.0475280453397785
1992-01-24,0.0510657144813701
1992-01-27,0.0474141388418034
1992-01-28,0.0456601822512879
1992-01-29,0.0475253200466
1992-01-30,0.0480828514649871
1992-01-31,0.0506545329413076
1992-02-03,0.0573850310113989
1992-02-04,0.0514715464073253
1992-02-05,0.0494798247714064
1992-02-06,0.0484169280913008
1992-02-07,0.0435202284316528
1992-02-10,0.0445726434798666
1992-02-11,0.046380600401235
1992-02-12,0.0459580637144117
1992-02-13,0.0412085229844144
1992-02-14,0.0456405452125107
1992-02-17,0.0416200976640712
1992-02-18,0.0459445533037289
1992-02-19,0.0434831201080224
1992-02-20,0.0369825173882826
1992-02-21,0.0319059278413088
1992-02-24,0.0272105251365835
1992-02-25,0.0269240781888886
1992-02-26,0.0198862794212961
1992-02-27,0.0222401810329966
1992-02-28,0.0205977281046643
1992-03-02,0.0184199317166224
1992-03-03,0.01758454888194
1992-03-04,0.0152101036227193
1992-03-05,0.0154776157877674
1992-03-06,0.0132805069731902
1992-03-09,0.012499899192049
1992-03-10,0.0105123266596015
1992-03-11,0.0105141990706291
1992-03-12,0.0092329850748804
1992-03-13,0.0085084748922358
1992-03-16,0.007341780310441
1992-03-17,0.0076332416448534
1992-03-18,0.0063239449313536
1992-03-19,0.0074786914054838
1992-03-20,0.0065567134057968
1992-03-23,0.0049152323720707
1992-03-24,0.0054158261276258
1992-03-25,0.005671160724353
1992-03-26,0.0058280202999258
1992-03-27,0.0060717449995222
1992-03-30,0.0056428584289796
1992-03-31,0.0058561191617069
1992-04-01,0.0057708393415654
1992-04-02,0.0054956864240895
1992-04-03,0.004247305899955
1992-04-06,0.0025080943330267
1992-04-07,0.0019683179379986
1992-04-08,0.0021131985973466
1992-04-09,0.0019971123144889
1992-04-10,0.0032535565095289
1992-04-13,0.0157714149188155
1992-04-14,0.0188727537456435
1992-04-15,0.0179608095218982
1992-04-16,0.0170741002855336
1992-04-17,0.015097750447482
1992-04-20,0.0124244066555654
1992-04-21,0.0095568945116767
1992-04-22,0.0079405902017371
1992-04-23,0.0066826060000631
1992-04-24,0.0075112909163926
1992-04-27,0.0073051045229043
1992-04-28,0.0072479181031732
1992-04-29,0.0072759132827389
1992-04-30,0.0071214201714447
1992-05-01,0.0070374199293282
1992-05-04,0.0056135990424577
1992-05-05,0.0053049008689659
1992-05-06,0.0058386210400478
1992-05-07,0.0061668429990859
1992-05-08,0.0061102305188411
1992-05-11,0.0051078977451456
1992-05-12,0.0040923872686587
1992-05-13,0.0030736369674084
1992-05-14,0.0047321764590108
1992-05-15,0.0063528150786067
1992-05-18,0.004139259037471
1992-05-19,0.0042317158936213
1992-05-20,0.0031832247956478
1992-05-21,0.0040530696459984
1992-05-22,0.0042121016907663
1992-05-25,0.0047603780497797
1992-05-26,0.0057146751215396
1992-05-27,0.0065338198836464
1992-05-28,0.0083306054460565
1992-05-29,0.0105995863973571
1992-06-01,0.012984153921234
1992-06-02,0.0160835196651469
1992-06-03,0.015554820428284
1992-06-04,0.0147031866498845
1992-06-05,0.0175753911799721
1992-06-08,0.0183595273803902
1992-06-09,0.0165030406073496
1992-06-10,0.0165135427105536
1992-06-11,0.0149838902918275
1992-06-12,0.016828879285196
1992-06-15,0.0068452828150426
1992-06-16,0.0086035095793398
1992-06-17,0.0088868391053701
1992-06-18,0.0088179238363644
1992-06-19,0.0089564863844146
1992-06-22,0.0094007527856358
1992-06-23,0.0083715918814955
1992-06-24,0.0090075419855328
1992-06-25,0.006122232294881
1992-06-26,0.0078333342252108
1992-06-29,0.0093879626348277
1992-06-30,0.0142319256014832
1992-07-01,0.0193542588363395
1992-07-02,0.0149000647888381
1992-07-03,0.0157443689856686
1992-07-06,0.0176331819177592
1992-07-07,0.0226940625441515
1992-07-08,0.0208840424124608
1992-07-09,0.0264692638752999
1992-07-10,0.0290868806235558
1992-07-13,0.0249105933154031
1992-07-14,0.029714118079825
1992-07-15,0.0317133765986876
1992-07-16,0.031200052922971
1992-07-17,0.0323272079050288
1992-07-20,0.0505067509599557
1992-07-21,0.0776366561178923
1992-07-22,0.0950652710262784
1992-07-23,0.0896863032879364
1992-07-24,0.0945852285531986
1992-07-27,0.0936466439341031
1992-07-28,0.0969494008537644
1992-07-29,0.0969425206459875
1992-07-30,0.0947245468068143
1992-07-31,0.0841899340668518
1992-08-03,0.0887586649355516
1992-08-04,0.0839468965246331
1992-08-05,0.0755043229799021
1992-08-06,0.0731442283723001
1992-08-07,0.0559604273020644
1992-08-10,0.063197105017425
1992-08-11,0.0659238168670507
1992-08-12,0.0599678062196721
1992-08-13,0.0548458287551839
1992-08-14,0.0575307745338331
1992-08-17,0.0492594520868869
1992-08-18,0.0504611536708716
1992-08-19,0.0438615925893847
1992-08-20,0.043780388171942
1992-08-21,0.0488457719704774
1992-08-24,0.0665389996035699
1992-08-25,0.1145245085494813
1992-08-26,0.1284710749994003
1992-08-27,0.1521865903794041
1992-08-28,0.1624306670505398
1992-08-31,0.1599125634024408
1992-09-01,0.168659087213331
1992-09-02,0.1664563927356975
1992-09-03,0.1522515805466557
1992-09-04,0.1451622805721425
1992-09-07,0.1680332023151957
1992-09-08,0.1698486524366813
1992-09-09,0.183276509415308
1992-09-10,0.175715398987071
1992-09-11,0.1668324435109716
1992-09-14,0.221145719439272
1992-09-15,0.2434180915751534
1992-09-16,0.2526687455214295
1992-09-17,0.2816158671591303
1992-09-18,0.2982930519351789
1992-09-21,0.3078224607303029
1992-09-22,0.3154733915233348
1992-09-23,0.3268129151732362
1992-09-24,0.3343299169577481
1992-09-25,0.3360731846102747
1992-09-28,0.3661719379126924
1992-09-29,0.3628340708444704
1992-09-30,0.3571397482195069
1992-10-01,0.3604611235680929
1992-10-02,0.3505550101096152
1992-10-05,0.3935351190261194
1992-10-06,0.3933497158342828
1992-10-07,0.3801934092524069
1992-10-08,0.3716677115535261
1992-10-09,0.3535868318352417
1992-10-12,0.3469316843394201
1992-10-13,0.3364499270700742
1992-10-14,0.322180741723891
1992-10-15,0.289447474691012
1992-10-16,0.2728577902103534
1992-10-19,0.2634106780161218
1992-10-20,0.2832311934658631
1992-10-21,0.2763666714868228
1992-10-22,0.2598011047154352
1992-10-23,0.2524768391997846
1992-10-26,0.2398238245624596
1992-10-27,0.2197410271783178
1992-10-28,0.2078970923968221
1992-10-29,0.1985773558743271
1992-10-30,0.1755297134892523
1992-11-02,0.1756722588045837
1992-11-03,0.1633711796630763
1992-11-04,0.1538120057158042
1992-11-05,0.1432399249487509
1992-11-06,0.1235398530442734
1992-11-09,0.1095628265842108
1992-11-10,0.0963436403597078
1992-11-11,0.084964352608177
1992-11-12,0.0713074285571174
1992-11-13,0.0779782605499166
1992-11-16,0.074077736665532
1992-11-17,0.0741389314300442
1992-11-18,0.0761699724583982
1992-11-19,0.0739959519263621
1992-11-20,0.0667460715973719
1992-11-23,0.0693866573234346
1992-11-24,0.0632184679482779
1992-11-25,0.0623736893377876
1992-11-26,0.0578475573985348
1992-11-27,0.0559230745351481
1992-11-30,0.0435936586674521
1992-12-01,0.0427136384430211
1992-12-02,0.0549685265326199
1992-12-03,0.0566155552826274
1992-12-04,0.053575770311832
1992-12-07,0.0448134695917336
1992-12-08,0.0546027744582767
1992-12-09,0.0727215159134406
1992-12-10,0.0785574741825975
1992-12-11,0.0724832338130338
1992-12-14,0.0756142713565309
1992-12-15,0.0727215174628853
1992-12-16,0.073788643425016
1992-12-17,0.0709596130369352
1992-12-18,0.0656188361790912
1992-12-21,0.0471210497349457
1992-12-22,0.0357816144782178
1992-12-23,0.0346354509142875
1992-12-24,0.0310795803335012
1992-12-25,0.0280843745592087
1992-12-28,0.018524875260814
1992-12-29,0.0241679366100099
1992-12-30,0.0219694744596238
1992-12-31,0.020548530045727
1993-01-01,0.0177017403884789
1993-01-04,0.0271538292297692
1993-01-05,0.0221891115155698
1993-01-06,0.0231828789086292
1993-01-07,0.0210932315433182
1993-01-08,0.020947782728682
1993-01-11,0.0262658208093834
1993-01-12,0.0280872266741627
1993-01-13,0.026175237811661
1993-01-14,0.0279677829450529
1993-01-15,0.0218162217139589
1993-01-18,0.013995996124145
1993-01-19,0.0135946120204644
1993-01-20,0.0159500116582187
1993-01-21,0.0172486381301296
1993-01-22,0.0155080983691767
1993-01-25,0.0192997878817839
1993-01-26,0.0246790171695136
1993-01-27,0.0285549480875604
1993-01-28,0.029115885355896
1993-01-29,0.0322604824650623
1993-02-01,0.0448906167412888
1993-02-02,0.0497233098751653
1993-02-03,0.0494369368277047
1993-02-04,0.0537282294485874
1993-02-05,0.0362720108347916
1993-02-08,0.0388652555535205
1993-02-09,0.0438459339028161
1993-02-10,0.0422318538665488
1993-02-11,0.0453241120486944
1993-02-12,0.0447431699295128
1993-02-15,0.0431230683381776
1993-02-16,0.0426640815962541
1993-02-17,0.0403985729143313
1993-02-18,0.0398408346383724
1993-02-19,0.0350496601603945
1993-02-22,0.0319063265349707
1993-02-23,0.0261459974436105
1993-02-24,0.0257675333388256
1993-02-25,0.0259322025827161
1993-02-26,0.0196442389117218
1993-03-01,0.028020046619762
1993-03-02,0.0287720203591161
1993-03-03,0.032584678876548
1993-03-04,0.0270603859037613
1993-03-05,0.0278828930916127
1993-03-08,0.028571747929833
1993-03-09,0.0201680510732612
1993-03-10,0.019998385657004
1993-03-11,0.0166709500356631
1993-03-12,0.0128344887313086
1993-03-15,0.0122093104074389
1993-03-16,0.010857006952297
1993-03-17,0.0089101739508725
1993-03-18,0.00886429273772
1993-03-19,0.0102725419587765
1993-03-22,0.0124266105723388
1993-03-23,0.0112816529762759
1993-03-24,0.0112876178869062
1993-03-25,0.0089232731007805
1993-03-26,0.0070574189899885
1993-03-29,0.0067670307972728
1993-03-30,0.0054796639654934
1993-03-31,0.0063858442884231
1993-04-01,0.0057201536497848
1993-04-02,0.0066560522848301
1993-04-05,0.005640463279575
1993-04-06,0.0045668896850504
1993-04-07,0.0038674088843872
1993-04-08,0.002937690264783
1993-04-09,0.0028106562918678
1993-04-12,0.0019473519006799
1993-04-13,0.0132789039097703
1993-04-14,0.0116811017306749
1993-04-15,0.0113729472443752
1993-04-16,0.0100755468088896
1993-04-19,0.0084970295069593
1993-04-20,0.0086483730663945
1993-04-21,0.0068351667895944
1993-04-22,0.0069783094314972
1993-04-23,0.0059057593026104
1993-04-26,0.0106475443196844
1993-04-27,0.0099471786197171
1993-04-28,0.0091656918611301
1993-04-29,0.0135800897971323
1993-04-30,0.0153044015487522
1993-05-03,0.0149702335554572
1993-05-04,0.0131879604041507
1993-05-05,0.0126747173308468
1993-05-06,0.0090679014084614
1993-05-07,0.0069322368439352
1993-05-10,0.0071851928107853
1993-05-11,0.0096158779907173
1993-05-12,0.0066226104428934
1993-05-13,0.005067973492394
1993-05-14,0.0040856654177309
1993-05-17,0.0035325363559029
1993-05-18,0.0044274785985948
1993-05-19,0.0037228993502613
1993-05-20,0.0031417297030377
1993-05-21,0.0039944987946653
1993-05-24,0.0048339078653219
1993-05-25,0.0037864898776201
1993-05-26,0.0044821058444485
1993-05-27,0.0038176871335678
1993-05-28,0.0054477710247749
1993-05-31,0.0044782550037043
1993-06-01,0.0038151930718084
1993-06-02,0.0042465846407927
1993-06-03,0.0030102008122528
1993-06-04,0.0027115555407875
1993-06-07,0.0058736716442048
1993-06-08,0.0046674201294992
1993-06-09,0.0044310992475633
1993-06-10,0.003961815265637
1993-06-11,0.0039366817693766
1993-06-14,0.0048024599301606
1993-06-15,0.0039864912966648
1993-06-16,0.005824528213581
1993-06-17,0.006974083164002
1993-06-18,0.0052734378140361
1993-06-21,0.0122753880077152
1993-06-22,0.0098665519779095
1993-06-23,0.0102762075790003
1993-06-24,0.0097594255932164
1993-06-25,0.0085580238706439
1993-06-28,0.0123910449623859
1993-06-29,0.0147989016783955
1993-06-30,0.0165147718738905
1993-07-01,0.0147117673817222
1993-07-02,0.0130476325321661
1993-07-05,0.0129837941580544
1993-07-06,0.0135413524067378
1993-07-07,0.0106885880857472
1993-07-08,0.002303637335991
1993-07-09,0.0022950372010358
1993-07-12,0.0022889881985221
1993-07-13,0.0019474341902603
1993-07-14,0.0021758272358281
1993-07-15,0.0026881095638318
1993-07-16,0.0036279907791327
1993-07-19,0.0035381815303105
1993-07-20,0.0035713017626531
1993-07-21,0.0032581544740186
1993-07-22,0.0041477899660531
1993-07-23,0.0046000294135967
1993-07-26,0.0028872106855749
1993-07-27,0.0022780088665124
1993-07-28,0.0027692211268035
1993-07-29,0.0027408713542477
1993-07-30,0.0106117486316566
1993-08-02,0.0086987248853437
1993-08-03,0.0112505905669893
1993-08-04,0.0105799187670734
1993-08-05,0.008049724014886
1993-08-06,0.006618591288033
1993-08-09,0.0058500308084161
1993-08-10,0.0056869891522624
1993-08-11,0.005151208567335
1993-08-12,0.0063606271255953
1993-08-13,0.0066146536478372
1993-08-16,0.0083625172423584
1993-08-17,0.0082688311008307
1993-08-18,0.0101080971986193
1993-08-19,0.0081558655182772
1993-08-20,0.007601608153611
1993-08-23,0.010881498202976
1993-08-24,0.0083829056635434
1993-08-25,0.0073425445128606
1993-08-26,0.00727117582819
1993-08-27,0.0058578951303807
1993-08-30,0.0052299109629253
1993-08-31,0.005561115130715
1993-09-01,0.0083862282974451
1993-09-02,0.007814457025273
1993-09-03,0.006960039337776
1993-09-06,0.0116046981444307
1993-09-07,0.0123128457417795
1993-09-08,0.0097213920965772
1993-09-09,0.0101001071957819
1993-09-10,0.0097892532250226
1993-09-13,0.0100972804715199
1993-09-14,0.0093277685526639
1993-09-15,0.0120914599281533
1993-09-16,0.0119248331272707
1993-09-17,0.0134474331699932
1993-09-20,0.0142034092822702
1993-09-21,0.0103258887049155
1993-09-22,0.0214042209278191
1993-09-23,0.0251580224292834
1993-09-24,0.0250732236098486
1993-09-27,0.0277973457040654
1993-09-28,0.0255158798643644
1993-09-29,0.0211644803816177
1993-09-30,0.0186821471376139
1993-10-01,0.0156026326046766
1993-10-04,0.0129795308416769
1993-10-05,0.0221324010398711
1993-10-06,0.0202533082140792
1993-10-07,0.0179916121294672
1993-10-08,0.0176439588038037
1993-10-11,0.0143916347513431
1993-10-12,0.0148438806389319
1993-10-13,0.0124383213466651
1993-10-14,0.0123445186037384
1993-10-15,0.0121788747044842
1993-10-18,0.0117893937604625
1993-10-19,0.0077433531289974
1993-10-20,0.0073244630546569
1993-10-21,0.0078337541631462
1993-10-22,0.0086666490435408
1993-10-25,0.0095458769033323
1993-10-26,0.0080839716690244
1993-10-27,0.0073108473415198
1993-10-28,0.0065994479450306
1993-10-29,0.0069255000764701
1993-11-01,0.0063055483297932
1993-11-02,0.0079078701337837
1993-11-03,0.0068677665774651
1993-11-04,0.0067880163903691
1993-11-05,0.0104058141091771
1993-11-08,0.0084713682112103
1993-11-09,0.0067240352924487
1993-11-10,0.0046405057331618
1993-11-11,0.0038309970894338
1993-11-12,0.0030867207233683
1993-11-15,0.0037219677062152
1993-11-16,0.0031115744288008
1993-11-17,0.003161364140446
1993-11-18,0.0024799136545728
1993-11-19,0.0025092445089387
1993-11-22,0.005702289257492
1993-11-23,0.007467650020668
1993-11-24,0.0098261533714675
1993-11-25,0.008308046123621
1993-11-26,0.0079758950734713
1993-11-29,0.0073855873114902
1993-11-30,0.0066434973769211
1993-12-01,0.0072829136686899
1993-12-02,0.0054693480928259
1993-12-03,0.0052068221823425
1993-12-06,0.007175311700487
1993-12-07,0.0063871896921093
1993-12-08,0.0083716596018988
1993-12-09,0.0079454143034663
1993-12-10,0.0115343133378785
1993-12-13,0.0082544362685156
1993-12-14,0.0111202450386479
1993-12-15,0.0168958285344972
1993-12-16,0.0125434710051377
1993-12-17,0.0090997978427021
1993-12-20,0.0068110182396888
1993-12-21,0.0062191508221776
1993-12-22,0.0057592911425915
1993-12-23,0.0054560885331452
1993-12-24,0.0039050477109265
1993-12-27,0.0034887770198335
1993-12-28,0.0036185033836233
1993-12-29,0.0081349102904544
1993-12-30,0.0101371912992066
1993-12-31,0.017395691685113
1994-01-03,0.014550279899434
1994-01-04,0.0130032238727625
1994-01-05,0.0117153126338818
1994-01-06,0.0105898717068047
1994-01-07,0.0089406794906185
1994-01-10,0.007939665369483
1994-01-11,0.0070222080919291
1994-01-12,0.0076272713826885
1994-01-13,0.0119664789027037
1994-01-14,0.0176123697468301
1994-01-17,0.0174716441905207
1994-01-18,0.0169710607343352
1994-01-19,0.0144995668619998
1994-01-20,0.0153520659388931
1994-01-21,0.0193355340232197
1994-01-24,0.0168670999466871
1994-01-25,0.0221996040401778
1994-01-26,0.0202056234353266
1994-01-27,0.0177299441669798
1994-01-28,0.0142161182800177
1994-01-31,0.0173002019681259
1994-02-01,0.0129965482197123
1994-02-02,0.0094761459149015
1994-02-03,0.0085816074205599
1994-02-04,0.0070530076156329
1994-02-07,0.0076777345035397
1994-02-08,0.0063664166117783
1994-02-09,0.0079638756684238
1994-02-10,0.0123305906511365
1994-02-11,0.0126517909116715
1994-02-14,0.0210598466638099
1994-02-15,0.0190114593011299
1994-02-16,0.0183770588342033
1994-02-17,0.016185009560027
1994-02-18,0.0153929046721863
1994-02-21,0.0159147847030172
1994-02-22,0.0125973038202585
1994-02-23,0.0106398989850563
1994-02-24,0.0115054472147735
1994-02-25,0.007392575174359
1994-02-28,0.0068229944737081
1994-03-01,0.0059983800962738
1994-03-02,0.0163041889671146
1994-03-03,0.0163412202063105
1994-03-04,0.0168739282369753
1994-03-07,0.0213643351022981
1994-03-08,0.0221716133145104
1994-03-09,0.0181506768885253
1994-03-10,0.0151464990032346
1994-03-11,0.0133891198400619
1994-03-14,0.0165023324423633
1994-03-15,0.0146896389712347
1994-03-16,0.0137176781727925
1994-03-17,0.0114516133522315
1994-03-18,0.0112195485818174
1994-03-21,0.0112958180676007
1994-03-22,0.0082386673207498
1994-03-23,0.0080547166806889
1994-03-24,0.0074865784629263
1994-03-25,0.0073076258467793
1994-03-28,0.0066991604716017
1994-03-29,0.007837680642441
1994-03-30,0.0074040239609712
1994-03-31,0.0055227836067021
1994-04-01,0.0045016020307669
1994-04-04,0.0040006514524235
1994-04-05,0.0042997247509311
1994-04-06,0.0096136627765705
1994-04-07,0.0071433830535054
1994-04-08,0.0060918489991279
1994-04-11,0.0057981384902125
1994-04-12,0.0050554555180826
1994-04-13,0.003989850946301
1994-04-14,0.0034352224108532
1994-04-15,0.0030583172468722
1994-04-18,0.0029758664222714
1994-04-19,0.0074497189548366
1994-04-20,0.0085890497282316
1994-04-21,0.0073467755627858
1994-04-22,0.0065235053053984
1994-04-25,0.0061666426253074
1994-04-26,0.0074331408617762
1994-04-27,0.0052080684466501
1994-04-28,0.0045325399385411
1994-04-29,0.0034383979090902
1994-05-02,0.0033258133720784
1994-05-03,0.0025881572027882
1994-05-04,0.0023019657503951
1994-05-05,0.0024314127693363
1994-05-06,0.0023049812808704
1994-05-09,0.0029660889734321
1994-05-10,0.0035045200006944
1994-05-11,0.0036128182625862
1994-05-12,0.0038894599019933
1994-05-13,0.0039123230309243
1994-05-16,0.0037701813070691
1994-05-17,0.003764409113257
1994-05-18,0.0036309322274352
1994-05-19,0.0043170897701585
1994-05-20,0.0024437497996308
1994-05-23,0.0016496500402227
1994-05-24,0.0043848628348741
1994-05-25,0.008520577094203
1994-05-26,0.0101652028443897
1994-05-27,0.0088783570179752
1994-05-30,0.0089467447514934
1994-05-31,0.0075791385835475
1994-06-01,0.0063563785641212
1994-06-02,0.0045916812406167
1994-06-03,0.0038776042463284
1994-06-06,0.0040796061838059
1994-06-07,0.0047906173105748
1994-06-08,0.0039397998316663
1994-06-09,0.0028536836551206
1994-06-10,0.0022453024386039
1994-06-13,0.0034924699730118
1994-06-14,0.0065972554644566
1994-06-15,0.004597207360865
1994-06-16,0.0078924439209972
1994-06-17,0.0064710487756504
1994-06-20,0.0506798790741379
1994-06-21,0.0521667720107222
1994-06-22,0.0587535040721338
1994-06-23,0.0485468110684134
1994-06-24,0.0477351660705935
1994-06-27,0.0488312681768803
1994-06-28,0.0454737847259436
1994-06-29,0.0462256779533744
1994-06-30,0.0532889992905163
1994-07-01,0.0495564703230871
1994-07-04,0.0458950819777772
1994-07-05,0.0429080524010922
1994-07-06,0.0365363466167686
1994-07-07,0.0329569302551532
1994-07-08,0.0258948374999484
1994-07-11,0.0290477079109366
1994-07-12,0.0271909551329155
1994-07-13,0.0221785731283284
1994-07-14,0.0181666576291423
1994-07-15,0.0208886794983174
1994-07-18,0.0198441631889407
1994-07-19,0.0183811503023042
1994-07-20,0.0184740780803034
1994-07-21,0.0141214724518274
1994-07-22,0.0199387124132901
1994-07-25,0.0173341858210777
1994-07-26,0.0167409155324945
1994-07-27,0.0141603254703966
1994-07-28,0.0128155815433913
1994-07-29,0.0163976613312043
1994-08-01,0.0143433569523552
1994-08-02,0.015822337123063
1994-08-03,0.0151239797035835
1994-08-04,0.0149894265581838
1994-08-05,0.0155213596788938
1994-08-08,0.0161447616781855
1994-08-09,0.0131146291698165
1994-08-10,0.0118852435619409
1994-08-11,0.0148280679633598
1994-08-12,0.0170456568036665
1994-08-15,0.0149637154832217
1994-08-16,0.0119237323839636
1994-08-17,0.0100032584344394
1994-08-18,0.0099258010024183
1994-08-19,0.0085513780959818
1994-08-22,0.0060987798534982
1994-08-23,0.0039808839226663
1994-08-24,0.0037570585366701
1994-08-25,0.0031924348852916
1994-08-26,0.0025682022500719
1994-08-29,0.0122808814061545
1994-08-30,0.0142019691698482
1994-08-31,0.012166504983829
1994-09-01,0.0101179209835035
1994-09-02,0.0088266828275725
1994-09-05,0.0115087894255745
1994-09-06,0.0130838143567473
1994-09-07,0.0109290374719286
1994-09-08,0.00996134411206
1994-09-09,0.0118417412130347
1994-09-12,0.009532046967873
1994-09-13,0.0089137862131176
1994-09-14,0.0088722977638374
1994-09-15,0.0086970038198049
1994-09-16,0.0100297814301641
1994-09-19,0.0043279623959052
1994-09-20,0.0030841036284674
1994-09-21,0.0021101480024746
1994-09-22,0.0021861680942282
1994-09-23,0.001690209832637
1994-09-26,0.0012439655893727
1994-09-27,0.0011834465234481
1994-09-28,0.001298488774445
1994-09-29,0.0015724876015336
1994-09-30,0.0028507683810684
1994-10-03,0.0040715897241688
1994-10-04,0.0039350559112366
1994-10-05,0.0064126738288112
1994-10-06,0.0067913611038424
1994-10-07,0.0071065299829825
1994-10-10,0.013706674983778
1994-10-11,0.0138262712283593
1994-10-12,0.0121587732680562
1994-10-13,0.0105586853866296
1994-10-14,0.0065401980089103
1994-10-17,0.0061903765891737
1994-10-18,0.0047832448319287
1994-10-19,0.0052367350898085
1994-10-20,0.004524818563848
1994-10-21,0.007829309441291
1994-10-24,0.0073649688535734
1994-10-25,0.0161153618874292
1994-10-26,0.0199797694929821
1994-10-27,0.0208861639905976
1994-10-28,0.0200686869181613
1994-10-31,0.0161373056872683
1994-11-01,0.0142543401065443
1994-11-02,0.0137317085723878
1994-11-03,0.0143549188780389
1994-11-04,0.0125369552641701
1994-11-07,0.0123196900922955
1994-11-08,0.0109717708115951
1994-11-09,0.0145704321704349
1994-11-10,0.0127874956738761
1994-11-11,0.010929182065754
1994-11-14,0.0116804884155693
1994-11-15,0.0112493815243539
1994-11-16,0.0089263955599239
1994-11-17,0.0088550151398224
1994-11-18,0.0065881365145
1994-11-21,0.0052724017302548
1994-11-22,0.0045699423017876
1994-11-23,0.0105896768357814
1994-11-24,0.0125204357097092
1994-11-25,0.0113175236115552
1994-11-28,0.0095447397722877
1994-11-29,0.0090383944460602
1994-11-30,0.0074733013766138
1994-12-01,0.0065603468230154
1994-12-02,0.0058879294419032
1994-12-05,0.0049239091967678
1994-12-06,0.0053268077654721
1994-12-07,0.0056258876010906
1994-12-08,0.0046111206020224
1994-12-09,0.003588108996529
1994-12-12,0.0054901409708828
1994-12-13,0.0055742514171438
1994-12-14,0.0059315773186806
1994-12-15,0.0046996886738729
1994-12-16,0.0047851811882662
1994-12-19,0.0054763652358802
1994-12-20,0.0055003771012332
1994-12-21,0.0050841421626039
1994-12-22,0.0045833903869398
1994-12-23,0.0042737006654385
1994-12-26,0.0038670399555704
1994-12-27,0.00334879261571
1994-12-28,0.0030263356137793
1994-12-29,0.0144218230119289
1994-12-30,0.013595027039407
1995-01-02,0.0171428768362479
1995-01-03,0.0198183166883925
1995-01-04,0.015557130019968
1995-01-05,0.0130759367416291
1995-01-06,0.0111089644535783
1995-01-09,0.0108802346089132
1995-01-10,0.0159338772275958
1995-01-11,0.0135781616832259
1995-01-12,0.0119486292897115
1995-01-13,0.0136504411018594
1995-01-16,0.0109241711729648
1995-01-17,0.0095538374431311
1995-01-18,0.0090718521998773
1995-01-19,0.0071370447745388
1995-01-20,0.0146069949067733
1995-01-23,0.0198974427199042
1995-01-24,0.0206931025110859
1995-01-25,0.0166286187608121
1995-01-26,0.0142350159511592
1995-01-27,0.011381779140535
1995-01-30,0.0091027501129998
1995-01-31,0.007530766902192
1995-02-01,0.0078840565730284
1995-02-02,0.0074901188178984
1995-02-03,0.006592810619749
1995-02-06,0.0105735879226105
1995-02-07,0.0081331097605718
1995-02-08,0.0084926354065665
1995-02-09,0.010159837645808
1995-02-10,0.0103920207642449
1995-02-13,0.0121554903471439
1995-02-14,0.0140127442951047
1995-02-15,0.0129117305910095
1995-02-16,0.0135192247439532
1995-02-17,0.0122644902803252
1995-02-20,0.0149800638029677
1995-02-21,0.013015865240296
1995-02-22,0.0131246357267516
1995-02-23,0.0118324176975717
1995-02-24,0.0089816488560283
1995-02-27,0.0139940631682478
1995-02-28,0.009476730511921
1995-03-01,0.008837005744077
1995-03-02,0.0061627200289547
1995-03-03,0.0096958061165287
1995-03-06,0.0292635117668665
1995-03-07,0.0422817076663764
1995-03-08,0.0595670435029844
1995-03-09,0.0565112267279077
1995-03-10,0.0612382550128053
1995-03-13,0.0665801394665749
1995-03-14,0.0656310580245859
1995-03-15,0.0636918439605316
1995-03-16,0.0671514349012639
1995-03-17,0.0640468352435035
1995-03-20,0.0622779978956003
1995-03-21,0.0591213998401297
1995-03-22,0.0595240481351566
1995-03-23,0.0501669056483635
1995-03-24,0.049598772377625
1995-03-27,0.0498532943179324
1995-03-28,0.0503784560544667
1995-03-29,0.0533083362305427
1995-03-30,0.0603607800957995
1995-03-31,0.0646951646835579
1995-04-03,0.0694150788987849
1995-04-04,0.0586824861821265
1995-04-05,0.049238940127452
1995-04-06,0.0453715935804139
1995-04-07,0.0472787830004869
1995-04-10,0.0494998485335258
1995-04-11,0.0425519996493073
1995-04-12,0.0456498682790004
1995-04-13,0.0432868517138531
1995-04-14,0.0396231732842303
1995-04-17,0.0351583334735049
1995-04-18,0.0349825715753895
1995-04-19,0.0326647911448226
1995-04-20,0.0380282181655936
1995-04-21,0.0314892681361121
1995-04-24,0.0321011840124567
1995-04-25,0.0204570138066984
1995-04-26,0.022607018685655
1995-04-27,0.0198755541614837
1995-04-28,0.0179708476729639
1995-05-01,0.0153775951115954
1995-05-02,0.0162339155706803
1995-05-03,0.0188822798755343
1995-05-04,0.0189123657544193
1995-05-05,0.0270902144539211
1995-05-08,0.021964447427862
1995-05-09,0.0168180252729531
1995-05-10,0.0122570371048503
1995-05-11,0.0133817602309566
1995-05-12,0.0104204450026892
1995-05-15,0.01246632627467
1995-05-16,0.0113379626230728
1995-05-17,0.0104198810344734
1995-05-18,0.0088493575316662
1995-05-19,0.0061940438033413
1995-05-22,0.0049001817105364
1995-05-23,0.0044500637522028
1995-05-24,0.0053893067016435
1995-05-25,0.0047452907346649
1995-05-26,0.0151062864478368
1995-05-29,0.0136477630922666
1995-05-30,0.0137789957382178
1995-05-31,0.014266416613453
1995-06-01,0.0113177267054344
1995-06-02,0.010449522450195
1995-06-05,0.0083486071023205
1995-06-06,0.010338664292812
1995-06-07,0.0096683392716493
1995-06-08,0.0100240422502952
1995-06-09,0.0109317598244781
1995-06-12,0.0121381522272023
1995-06-13,0.0100397834682375
1995-06-14,0.0109406435790731
1995-06-15,0.0104174753147778
1995-06-16,0.0107467463433509
1995-06-19,0.0082224255609233
1995-06-20,0.0074861346985766
1995-06-21,0.0065707311476561
1995-06-22,0.0065804805443082
1995-06-23,0.0091525833428451
1995-06-26,0.0092555759955819
1995-06-27,0.0091076493709039
1995-06-28,0.0059615428161609
1995-06-29,0.0047848051295104
1995-06-30,0.0040287578566484
1995-07-03,0.0030911416987197
1995-07-04,0.0021169730877171
1995-07-05,0.0014831983682516
1995-07-06,0.0011215222084015
1995-07-07,0.0029182673666414
1995-07-10,0.0046632237086876
1995-07-11,0.0031883680257076
1995-07-12,0.0027047136260643
1995-07-13,0.002819779985065
1995-07-14,0.0075565292891911
1995-07-17,0.0092722586467982
1995-07-18,0.0066803345146161
1995-07-19,0.0055329258056476
1995-07-20,0.0050754772145475
1995-07-21,0.0044039063973492
1995-07-24,0.0051343913506626
1995-07-25,0.0029693383631669
1995-07-26,0.0022944223687078
1995-07-27,0.0025586190255275
1995-07-28,0.0018687533049845
1995-07-31,0.0017931229221395
1995-08-01,0.0023285643390825
1995-08-02,0.0039468342299064
1995-08-03,0.0027645696764709
1995-08-04,0.0020962659965285
1995-08-07,0.0016819493112304
1995-08-08,0.0017544622560029
1995-08-09,0.002616256434491
1995-08-10,0.0028329050823048
1995-08-11,0.0053618493142511
1995-08-14,0.0057695435757112
1995-08-15,0.0088392906125949
1995-08-16,0.0100984907511051
1995-08-17,0.0070313611544288
1995-08-18,0.0055082295505886
1995-08-21,0.0047678294463861
1995-08-22,0.0038403141653276
1995-08-23,0.0031284197144536
1995-08-24,0.004195876027171
1995-08-25,0.0047079363099784
1995-08-28,0.0042354857485107
1995-08-29,0.0032852938419764
1995-08-30,0.0022146841782983
1995-08-31,0.0022489768982206
1995-09-01,0.0015449400459313
1995-09-04,0.0014299509367577
1995-09-05,0.0019132253566697
1995-09-06,0.0022704033437733
1995-09-07,0.0021216381602716
1995-09-08,0.0035482658604095
1995-09-11,0.0049357392192441
1995-09-12,0.0040196251474963
1995-09-13,0.0055553162582893
1995-09-14,0.0041030983329169
1995-09-15,0.002910302330114
1995-09-18,0.0037664174024305
1995-09-19,0.0031477268404489
1995-09-20,0.0046560185225838
1995-09-21,0.0167191014268052
1995-09-22,0.0440532531015642
1995-09-25,0.0489620940774892
1995-09-26,0.0460955515920824
1995-09-27,0.054386192324137
1995-09-28,0.0490487403414681
1995-09-29,0.0443528249271504
1995-10-02,0.0462727538761166
1995-10-03,0.0380542850595922
1995-10-04,0.0302693043861028
1995-10-05,0.0237415457064176
1995-10-06,0.0256914906739403
1995-10-09,0.0193922086020071
1995-10-10,0.0158527855433355
1995-10-11,0.0134262044287679
1995-10-12,0.0116761242363415
1995-10-13,0.0152069325602824
1995-10-16,0.0138752606888047
1995-10-17,0.0128529367895739
1995-10-18,0.0139109787706197
1995-10-19,0.0159334523796027
1995-10-20,0.0170151839276383
1995-10-23,0.0407642891610627
1995-10-24,0.0307058909491188
1995-10-25,0.0341523639988252
1995-10-26,0.0268324422162501
1995-10-27,0.0251507966204815
1995-10-30,0.0246379613883841
1995-10-31,0.0188549400080945
1995-11-01,0.0154421608697933
1995-11-02,0.013286034118542
1995-11-03,0.009584055159279
1995-11-06,0.0113266408650151
1995-11-07,0.0103396899720071
1995-11-08,0.0140255614492071
1995-11-09,0.0148393593141311
1995-11-10,0.0236794700140311
1995-11-13,0.0202893507270977
1995-11-14,0.0179409779651221
1995-11-15,0.0193067466263888
1995-11-16,0.0137118674441863
1995-11-17,0.0110500495108379
1995-11-20,0.0111554308074045
1995-11-21,0.0118011909325061
1995-11-22,0.0131555115511008
1995-11-23,0.0126694702232647
1995-11-24,0.0103679041104821
1995-11-27,0.0174863276542956
1995-11-28,0.0125128559779766
1995-11-29,0.0090408130500044
1995-11-30,0.0073214439270239
1995-12-01,0.0084698878702775
1995-12-04,0.007528124925918
1995-12-05,0.0062799114413869
1995-12-06,0.0051595012081961
1995-12-07,0.0044674969173634
1995-12-08,0.0052877019785757
1995-12-11,0.0075580453835246
1995-12-12,0.0084147992900489
1995-12-13,0.0092963864857946
1995-12-14,0.0098778782917063
1995-12-15,0.0097796248521288
1995-12-18,0.0083083651724535
1995-12-19,0.0160068456179085
1995-12-20,0.0173147492887778
1995-12-21,0.0149446596991554
1995-12-22,0.0143821754039419
1995-12-25,0.0109860805036061
1995-12-26,0.0084899374421621
1995-12-27,0.0091911604645094
1995-12-28,0.0083002865595848
1995-12-29,0.0096140387039522
1996-01-01,0.0095111477676554
1996-01-02,0.0178399841629901
1996-01-03,0.0265138287161837
1996-01-04,0.0309825441155986
1996-01-05,0.0315699785306606
1996-01-08,0.0275381844484301
1996-01-09,0.0282260246636479
1996-01-10,0.0316677336816701
1996-01-11,0.0297612806317531
1996-01-12,0.0313074318922624
1996-01-15,0.0260973857513031
1996-01-16,0.0275307599963996
1996-01-17,0.025057955958454
1996-01-18,0.0236279073358884
1996-01-19,0.0187684910387664
1996-01-22,0.0174424920087743
1996-01-23,0.013094761404617
1996-01-24,0.0175098065790215
1996-01-25,0.0210417170055562
1996-01-26,0.0245278658878186
1996-01-29,0.0197700112335496
1996-01-30,0.0185953297314883
1996-01-31,0.0179379207668493
1996-02-01,0.013722429500103
1996-02-02,0.0101034678244557
1996-02-05,0.0151471955413683
1996-02-06,0.0136747183113835
1996-02-07,0.0118255529145809
1996-02-08,0.0109110300474583
1996-02-09,0.0113368802166251
1996-02-12,0.0092778293108653
1996-02-13,0.0072817223142488
1996-02-14,0.0058685426270691
1996-02-15,0.0075374559701184
1996-02-16,0.0067821548572966
1996-02-19,0.0193982596935227
1996-02-20,0.020374407173446
1996-02-21,0.0160107797416389
1996-02-22,0.0134880593307112
1996-02-23,0.0109570157447527
1996-02-26,0.012777152102845
1996-02-27,0.0112985006855586
1996-02-28,0.0100693005536738
1996-02-29,0.0119032231583087
1996-03-01,0.0140236097138415
1996-03-04,0.013258477306617
1996-03-05,0.0110992379033318
1996-03-06,0.0121909093207018
1996-03-07,0.0097588629165053
1996-03-08,0.0070807272648534
1996-03-11,0.0245445829497365
1996-03-12,0.0199806808951796
1996-03-13,0.024087250408595
1996-03-14,0.0182026009779393
1996-03-15,0.0140184520433539
1996-03-18,0.0120459783537172
1996-03-19,0.0101829476767762
1996-03-20,0.012323208581429
1996-03-21,0.0129150620052914
1996-03-22,0.0126935845851638
1996-03-25,0.0194773584259875
1996-03-26,0.0202652734461623
1996-03-27,0.0193091285220378
1996-03-28,0.0214519040880248
1996-03-29,0.0245993525311498
1996-04-01,0.0283771483687632
1996-04-02,0.0231981962374693
1996-04-03,0.0220973437751243
1996-04-04,0.020517868988458
1996-04-05,0.0201168546100524
1996-04-08,0.0198140667208702
1996-04-09,0.0172856057682761
1996-04-10,0.0195209276568346
1996-04-11,0.0205146837649505
1996-04-12,0.0183743875261789
1996-04-15,0.0234200049387378
1996-04-16,0.021995143108307
1996-04-17,0.0235387129506264
1996-04-18,0.0214930746548881
1996-04-19,0.0209605632728932
1996-04-22,0.0311633140694596
1996-04-23,0.0278829833987697
1996-04-24,0.0320004289291987
1996-04-25,0.030258789215836
1996-04-26,0.0311791007715577
1996-04-29,0.0487018909499058
1996-04-30,0.0467123273202282
1996-05-01,0.0336373474162879
1996-05-02,0.0244703585790639
1996-05-03,0.0379605478794557
1996-05-06,0.0333329079026595
1996-05-07,0.0285226280352498
1996-05-08,0.0277069062450532
1996-05-09,0.0277148301420849
1996-05-10,0.0248981680939313
1996-05-13,0.0328890343690827
1996-05-14,0.0289547901442507
1996-05-15,0.0273353877123875
1996-05-16,0.0226635931021341
1996-05-17,0.0198159858562591
1996-05-20,0.0191932069392447
1996-05-21,0.0218510425708731
1996-05-22,0.0258988994689046
1996-05-23,0.0265629828820573
1996-05-24,0.0320455307420909
1996-05-27,0.026373303502187
1996-05-28,0.0276960625731228
1996-05-29,0.0305313260159294
1996-05-30,0.042086774462147
1996-05-31,0.0370444134419497
1996-06-03,0.02593974656419
1996-06-04,0.0294079562490772
1996-06-05,0.0245721574748577
1996-06-06,0.0194903284815798
1996-06-07,0.0181833188734449
1996-06-10,0.0191435273963684
1996-06-11,0.0180493301620734
1996-06-12,0.0191789778085354
1996-06-13,0.0194755787918481
1996-06-14,0.0266454030185934
1996-06-17,0.027657982905479
1996-06-18,0.0252884996429365
1996-06-19,0.02401755029056
1996-06-20,0.0260819025714787
1996-06-21,0.0230429143374439
1996-06-24,0.0263979148740658
1996-06-25,0.0249774043889327
1996-06-26,0.0274813789832072
1996-06-27,0.0361644244248285
1996-06-28,0.0322965153819612
1996-07-01,0.0306618098440725
1996-07-02,0.0265450409675765
1996-07-03,0.028527396567871
1996-07-04,0.0270341868416684
1996-07-05,0.0212553420809851
1996-07-08,0.0279309759539517
1996-07-09,0.0280893197960643
1996-07-10,0.0283960948762871
1996-07-11,0.0353075751495143
1996-07-12,0.0429327308983324
1996-07-15,0.0396913170747905
1996-07-16,0.0946511730761962
1996-07-17,0.0880901467247026
1996-07-18,0.0793247129884089
1996-07-19,0.0638298065919993
1996-07-22,0.0557614288455984
1996-07-23,0.04785714884722
1996-07-24,0.0451832961800725
1996-07-25,0.0453417225033123
1996-07-26,0.0466710566891233
1996-07-29,0.0417975395415807
1996-07-30,0.0447751432645276
1996-07-31,0.0482969446061784
1996-08-01,0.0449139234783144
1996-08-02,0.0519920622421524
1996-08-05,0.0458246074548401
1996-08-06,0.045828402260185
1996-08-07,0.0445844987676424
1996-08-08,0.0443547921960195
1996-08-09,0.0443863872378422
1996-08-12,0.0375549539192097
1996-08-13,0.0318998468097108
1996-08-14,0.0303774510597612
1996-08-15,0.0255006857649859
1996-08-16,0.029314465836752
1996-08-19,0.0252896473909226
1996-08-20,0.0210999812460643
1996-08-21,0.0294312527928258
1996-08-22,0.0299278112881075
1996-08-23,0.0254586889140364
1996-08-26,0.0292304317437737
1996-08-27,0.0214371615804682
1996-08-28,0.0181936476794493
1996-08-29,0.0146935948090142
1996-08-30,0.0182225817033589
1996-09-02,0.0208245994294196
1996-09-03,0.025003728664871
1996-09-04,0.027483783513633
1996-09-05,0.0268035209391828
1996-09-06,0.0277541759321482
1996-09-09,0.0321959416855098
1996-09-10,0.0396020632783516
1996-09-11,0.0394815850995305
1996-09-12,0.0383514524078317
1996-09-13,0.0366022825213778
1996-09-16,0.0333050962667663
1996-09-17,0.0282418543845101
1996-09-18,0.0266015744095883
1996-09-19,0.0271307094310863
1996-09-20,0.0252572021946387
1996-09-23,0.0258145534525351
1996-09-24,0.0216042889498138
1996-09-25,0.0211422893796404
1996-09-26,0.0296762833441971
1996-09-27,0.0253099437862921
1996-09-30,0.0263597151060236
1996-10-01,0.0230924709279823
1996-10-02,0.0228291830624921
1996-10-03,0.0271597513700975
1996-10-04,0.0198609283907102
1996-10-07,0.0180711211984638
1996-10-08,0.0193426278422075
1996-10-09,0.0182455483848138
1996-10-10,0.0213390163996608
1996-10-11,0.0216736375629399
1996-10-14,0.020649133534227
1996-10-15,0.0292078701738233
1996-10-16,0.0297173576891014
1996-10-17,0.0246997614371169
1996-10-18,0.0200951285326919
1996-10-21,0.0212834414907452
1996-10-22,0.0191254123034172
1996-10-23,0.0272598413766576
1996-10-24,0.0247210979329984
1996-10-25,0.0256087760718153
1996-10-28,0.0325899879608855
1996-10-29,0.0366533918900428
1996-10-30,0.0348109392638526
1996-10-31,0.0344478126882744
1996-11-01,0.0298507736154786
1996-11-04,0.0251418755845401
1996-11-05,0.0213940854593135
1996-11-06,0.0206571489765806
1996-11-07,0.022934992141832
1996-11-08,0.019793489699592
1996-11-11,0.0163568335151884
1996-11-12,0.0127503912444221
1996-11-13,0.0114675044766223
1996-11-14,0.011572277951663
1996-11-15,0.0105950704736788
1996-11-18,0.011632067612446
1996-11-19,0.010356438487507
1996-11-20,0.0094166182275051
1996-11-21,0.0087530530223468
1996-11-22,0.0091666167449419
1996-11-25,0.0099701053130393
1996-11-26,0.0132224721816709
1996-11-27,0.0125319643744504
1996-11-28,0.0113239480784387
1996-11-29,0.0161904157502703
1996-12-02,0.0112866256145882
1996-12-03,0.0189734516623838
1996-12-04,0.0218295018856656
1996-12-05,0.0317695616344518
1996-12-06,0.0669534120939381
1996-12-09,0.0726751245694204
1996-12-10,0.0681231527952001
1996-12-11,0.0644924521793089
1996-12-12,0.0540177584935849
1996-12-13,0.0480575239944679
1996-12-16,0.0496181151810155
1996-12-17,0.0443557849382309
1996-12-18,0.0386049015767335
1996-12-19,0.0318264831656417
1996-12-20,0.0298515449108025
1996-12-23,0.0247772861601391
1996-12-24,0.0194196377289588
1996-12-25,0.0147388681305858
1996-12-26,0.0112495153369254
1996-12-27,0.009221982370588
1996-12-30,0.0086968445845789
1996-12-31,0.0063201796884482
1997-01-01,0.0067654773926508
1997-01-02,0.0112288622180568
1997-01-03,0.0083302012217136
1997-01-06,0.0101569597674025
1997-01-07,0.0081668221099846
1997-01-08,0.0092999380851623
1997-01-09,0.0092797160070512
1997-01-10,0.0101460152866402
1997-01-13,0.0105083418637729
1997-01-14,0.0109507627079029
1997-01-15,0.0140675431130603
1997-01-16,0.0125661039179504
1997-01-17,0.0107548295802099
1997-01-20,0.0159076056597157
1997-01-21,0.0186942170896363
1997-01-22,0.0211999979341939
1997-01-23,0.0188711314215385
1997-01-24,0.0189866131175988
1997-01-27,0.0156968312399514
1997-01-28,0.0151357006052167
1997-01-29,0.0142363428478033
1997-01-30,0.0119662158784957
1997-01-31,0.0088850914153014
1997-02-03,0.0084362557749541
1997-02-04,0.0065025682446204
1997-02-05,0.0053094188380304
1997-02-06,0.0042653044699476
1997-02-07,0.0041880982154312
1997-02-10,0.0048958779338514
1997-02-11,0.0050542330778486
1997-02-12,0.0045712907146771
1997-02-13,0.0044140340875244
1997-02-14,0.0044045021256095
1997-02-17,0.0056499051644302
1997-02-18,0.0062974512357578
1997-02-19,0.0093592863329679
1997-02-20,0.0085655168802162
1997-02-21,0.007010111676824
1997-02-24,0.0073064114373221
1997-02-25,0.0053701611463772
1997-02-26,0.0050886104492122
1997-02-27,0.0119617745768454
1997-02-28,0.0100446104977973
1997-03-03,0.0075507760052746
1997-03-04,0.0070906482697458
1997-03-05,0.0067478404666317
1997-03-06,0.0067796194342309
1997-03-07,0.0057615157870317
1997-03-10,0.0096537579548421
1997-03-11,0.0105619165039901
1997-03-12,0.0085026175937484
1997-03-13,0.0072005350078578
1997-03-14,0.0044861580802698
1997-03-17,0.0088244206680228
1997-03-18,0.0093009403652681
1997-03-19,0.0080805869805189
1997-03-20,0.0069082234727397
1997-03-21,0.0057445431760562
1997-03-24,0.0048136168292627
1997-03-25,0.0046683775182242
1997-03-26,0.0063656837409843
1997-03-27,0.0042782757578023
1997-03-28,0.0033545342553557
1997-03-31,0.0045825653486586
1997-04-01,0.0074553451452605
1997-04-02,0.0073359185321712
1997-04-03,0.0068688646926147
1997-04-04,0.0063765510407627
1997-04-07,0.0127442313972089
1997-04-08,0.0127230916716688
1997-04-09,0.0103009473475279
1997-04-10,0.0082780514065673
1997-04-11,0.0064933484786123
1997-04-14,0.004853622526259
1997-04-15,0.006879106143331
1997-04-16,0.0055901659704755
1997-04-17,0.0053215755031041
1997-04-18,0.0033562184451175
1997-04-21,0.0021648327647202
1997-04-22,0.0021923146966662
1997-04-23,0.0027475593231338
1997-04-24,0.00282882738794
1997-04-25,0.0040844603607762
1997-04-28,0.0052104522763863
1997-04-29,0.0064901879307924
1997-04-30,0.0063927797176446
1997-05-01,0.0056490788803569
1997-05-02,0.0051339206429167
1997-05-05,0.0055149413128203
1997-05-06,0.0049631228676776
1997-05-07,0.0035300027025936
1997-05-08,0.0026421529370384
1997-05-09,0.0059025433058273
1997-05-12,0.0116711688183643
1997-05-13,0.0110992507740704
1997-05-14,0.0105033132932333
1997-05-15,0.0108891538036546
1997-05-16,0.0131915949563634
1997-05-19,0.0143813748920231
1997-05-20,0.0102521954480499
1997-05-21,0.012434824024956
1997-05-22,0.0100077084429342
1997-05-23,0.0095048277093367
1997-05-26,0.0099880809551611
1997-05-27,0.0073876449946874
1997-05-28,0.0049893675809102
1997-05-29,0.0058142464948878
1997-05-30,0.0049076651467387
1997-06-02,0.005377334983196
1997-06-03,0.008631385347896
1997-06-04,0.0098142507529931
1997-06-05,0.0081101678668056
1997-06-06,0.0066295542180698
1997-06-09,0.0049837853074065
1997-06-10,0.003996709665897
1997-06-11,0.0043541583470419
1997-06-12,0.0047106126329115
1997-06-13,0.0045221633646591
1997-06-16,0.0037325569666732
1997-06-17,0.0042086706851391
1997-06-18,0.0056866571940717
1997-06-19,0.0061757642466438
1997-06-20,0.0061354596387924
1997-06-23,0.0067962608514909
1997-06-24,0.0060638196297059
1997-06-25,0.0047697810974844
1997-06-26,0.0046598341087226
1997-06-27,0.0056679456015632
1997-06-30,0.0090347498610666
1997-07-01,0.0086497424099169
1997-07-02,0.0073947487132141
1997-07-03,0.0129767800964838
1997-07-04,0.0134539675721627
1997-07-07,0.0146729725354483
1997-07-08,0.0152880552983735
1997-07-09,0.0133523086451197
1997-07-10,0.0104580139559449
1997-07-11,0.0107064828699918
1997-07-14,0.0299634879868867
1997-07-15,0.0287982598972699
1997-07-16,0.0367974336846706
1997-07-17,0.0376085068185069
1997-07-18,0.0384971585848358
1997-07-21,0.0395644491762734
1997-07-22,0.0515771399532989
1997-07-23,0.0668185850508521
1997-07-24,0.0556093408775877
1997-07-25,0.0728389572798458
1997-07-28,0.066076304684826
1997-07-29,0.0781566372011455
1997-07-30,0.0697993754208912
1997-07-31,0.066882208261568
1997-08-01,0.0651310029947747
1997-08-04,0.0639220563238606
1997-08-05,0.0570877529808333
1997-08-06,0.0606337692021253
1997-08-07,0.0677612541444603
1997-08-08,0.0630520485089064
1997-08-11,0.0617795231447265
1997-08-12,0.0644196597452166
1997-08-13,0.0585591990466208
1997-08-14,0.054755334355554
1997-08-15,0.0496008721300468
1997-08-18,0.0581856941219627
1997-08-19,0.065141937086861
1997-08-20,0.0715745097344446
1997-08-21,0.0655311168963841
1997-08-22,0.0819353332300885
1997-08-25,0.0780121807549035
1997-08-26,0.0810007460865478
1997-08-27,0.0779026747501269
1997-08-28,0.0765173832898208
1997-08-29,0.0803487915083241
1997-09-01,0.0802827315369153
1997-09-02,0.082060950311473
1997-09-03,0.072933409338955
1997-09-04,0.0835424172155607
1997-09-05,0.0718269246576898
1997-09-08,0.0655332163868465
1997-09-09,0.0691471377920151
1997-09-10,0.0624928402443283
1997-09-11,0.0626504600433826
1997-09-12,0.0783469610637254
1997-09-15,0.1014989938849201
1997-09-16,0.1142254520960175
1997-09-17,0.1100088342903224
1997-09-18,0.1037184611139848
1997-09-19,0.0961419176751291
1997-09-22,0.0866628136009251
1997-09-23,0.0736040178703919
1997-09-24,0.0714196049496805
1997-09-25,0.0621895732161925
1997-09-26,0.0603334127126703
1997-09-29,0.0502212141340832
1997-09-30,0.0448236164519282
1997-10-01,0.0369545764028979
1997-10-02,0.0330632450439407
1997-10-03,0.0274058937148756
1997-10-06,0.0297856546249798
1997-10-07,0.0247704069445998
1997-10-08,0.0241394568973037
1997-10-09,0.0332303568483217
1997-10-10,0.0302574562145401
1997-10-13,0.027936166917565
1997-10-14,0.0226230377385807
1997-10-15,0.0192641818813383
1997-10-16,0.0193936196440163
1997-10-17,0.0203724034020219
1997-10-20,0.0201602593774596
1997-10-21,0.0266764230307898
1997-10-22,0.0246744660103986
1997-10-23,0.0364373382064932
1997-10-24,0.0399505711633939
1997-10-27,0.0496659800862697
1997-10-28,0.0877153308855459
1997-10-29,0.0941327226029754
1997-10-30,0.1172589569213193
1997-10-31,0.1258327053318507
1997-11-03,0.133994387122465
1997-11-04,0.1518726110536688
1997-11-05,0.1501251706459219
1997-11-06,0.148534443405427
1997-11-07,0.1593355170545351
1997-11-10,0.1519319481027679
1997-11-11,0.1535903107649073
1997-11-12,0.1378837009103772
1997-11-13,0.1295794108574183
1997-11-14,0.122165325515152
1997-11-17,0.1190124938023895
1997-11-18,0.1129050695281521
1997-11-19,0.1019672901333042
1997-11-20,0.0929222480872015
1997-11-21,0.1005145035986094
1997-11-24,0.110836106903626
1997-11-25,0.1055724689653073
1997-11-26,0.0982645864514482
1997-11-27,0.0973736730785796
1997-11-28,0.0856013709882523
1997-12-01,0.0909854998663735
1997-12-02,0.0765766108732883
1997-12-03,0.0646999919419031
1997-12-04,0.0513912597105187
1997-12-05,0.0440516343716772
1997-12-08,0.0381724492827106
1997-12-09,0.0354604207074601
1997-12-10,0.0364592635363151
1997-12-11,0.0364198022171166
1997-12-12,0.0425595778373526
1997-12-15,0.047290084057324
1997-12-16,0.0457295807933849
1997-12-17,0.0533588361939737
1997-12-18,0.056923497627095
1997-12-19,0.0630466639135838
1997-12-22,0.0630200367375269
1997-12-23,0.0618846528469815
1997-12-24,0.0584963947154021
1997-12-25,0.0536605888360991
1997-12-26,0.0467897370820086
1997-12-29,0.0478855944599906
1997-12-30,0.0446875755027648
1997-12-31,0.038522787778833
1998-01-02,0.0391052561764522
1998-01-05,0.0437777575176929
1998-01-06,0.0397924518772701
1998-01-07,0.0414526520735778
1998-01-08,0.0396491530961309
1998-01-09,0.0546289136534543
1998-01-12,0.0674328200403676
1998-01-13,0.0837044960071789
1998-01-14,0.0866611439142349
1998-01-15,0.0826209440114799
1998-01-16,0.0874839833352098
1998-01-19,0.0876076773906348
1998-01-20,0.0836080758100007
1998-01-21,0.0802561756969666
1998-01-22,0.0628638937744717
1998-01-23,0.0595729054078733
1998-01-26,0.0530498454308287
1998-01-27,0.0549189202664083
1998-01-28,0.067153464863653
1998-01-29,0.0596603971929494
1998-01-30,0.0613591316511565
1998-02-02,0.0638470469379316
1998-02-03,0.0558177253876057
1998-02-04,0.0462384545403817
1998-02-05,0.0601123780493482
1998-02-06,0.0539305171011705
1998-02-09,0.0622554281092338
1998-02-10,0.0593722030415188
1998-02-11,0.0569806521271648
1998-02-12,0.051448383692459
1998-02-13,0.0520669725527968
1998-02-16,0.0484194103871411
1998-02-17,0.0532258523757368
1998-02-18,0.0503810489434509
1998-02-19,0.0456470804432711
1998-02-20,0.0449146837328431
1998-02-23,0.0456295642896234
1998-02-24,0.039974910031576
1998-02-25,0.0352255148745359
1998-02-26,0.0331715200238806
1998-02-27,0.0300639073999977
1998-03-02,0.0263273552551613
1998-03-03,0.0195653427896614
1998-03-04,0.0121450827103468
1998-03-05,0.0126265513489658
1998-03-06,0.0145113587715154
1998-03-09,0.0153347410477999
1998-03-10,0.0161665548252684
1998-03-11,0.013860810777409
1998-03-12,0.0128301204096478
1998-03-13,0.0173549959669588
1998-03-16,0.0198254497042123
1998-03-17,0.0266356357374296
1998-03-18,0.0239785717008193
1998-03-19,0.0258035253160964
1998-03-20,0.0254757522383541
1998-03-23,0.0206051737836208
1998-03-24,0.0225923426726881
1998-03-25,0.0254114511466116
1998-03-26,0.0210364532833216
1998-03-27,0.0235239611490365
1998-03-30,0.0239078069412844
1998-03-31,0.0321166422906855
1998-04-01,0.0307942044923372
1998-04-02,0.0271692481337791
1998-04-03,0.0225735976180475
1998-04-06,0.0189180895814209
1998-04-07,0.0273592615152451
1998-04-08,0.0226565767996451
1998-04-09,0.0261504683424771
1998-04-10,0.024694457098385
1998-04-13,0.0205224164847938
1998-04-14,0.0178763411948818
1998-04-15,0.0170268463093021
1998-04-16,0.019460735826324
1998-04-17,0.0179041649895961
1998-04-20,0.0350521735287142
1998-04-21,0.0355873897636249
1998-04-22,0.0361330246975691
1998-04-23,0.0374385406468238
1998-04-24,0.0438199844875777
1998-04-27,0.0562583287228175
1998-04-28,0.0577539801151932
1998-04-29,0.0637220671105529
1998-04-30,0.0615699217300302
1998-05-01,0.0549933003051055
1998-05-04,0.0673766470335524
1998-05-05,0.0708962876685613
1998-05-06,0.0710876734625188
1998-05-07,0.0720268587910418
1998-05-08,0.0728167563620953
1998-05-11,0.0767112850129354
1998-05-12,0.0759723477489532
1998-05-13,0.0723602386119953
1998-05-14,0.0724429858025803
1998-05-15,0.0694770904619933
1998-05-18,0.0636722954444775
1998-05-19,0.0597223359401512
1998-05-20,0.0634972060656695
1998-05-21,0.0527020974934695
1998-05-22,0.0518428317387195
1998-05-25,0.0489702227075718
1998-05-26,0.0491575064296056
1998-05-27,0.044801617614814
1998-05-28,0.0323283773147836
1998-05-29,0.0343635859475436
1998-06-01,0.0274277338201725
1998-06-02,0.027785223779786
1998-06-03,0.0278426796564664
1998-06-04,0.0263800300745248
1998-06-05,0.0293842732123366
1998-06-08,0.0317904599220998
1998-06-09,0.0271883023768263
1998-06-10,0.0196142366151686
1998-06-11,0.0173844278719573
1998-06-12,0.0239575209906214
1998-06-15,0.037292119289736
1998-06-16,0.0363293257992983
1998-06-17,0.0401338466297405
1998-06-18,0.0491197806496673
1998-06-19,0.0497434235714278
1998-06-22,0.0441569736115671
1998-06-23,0.0505474704817918
1998-06-24,0.0550648267035559
1998-06-25,0.0606571887668096
1998-06-26,0.0567265790982013
1998-06-29,0.0605565800911254
1998-06-30,0.0556177840600416
1998-07-01,0.0491130659313903
1998-07-02,0.0407729813961955
1998-07-03,0.0440256727958376
1998-07-06,0.0397193493500617
1998-07-07,0.0414293290856623
1998-07-08,0.0418268050517291
1998-07-09,0.0333280465241644
1998-07-10,0.0360354239879671
1998-07-13,0.0367354728865832
1998-07-14,0.0432745418053722
1998-07-15,0.0423154982957897
1998-07-16,0.0408463515599457
1998-07-17,0.0435657868177178
1998-07-20,0.0397425294070318
1998-07-21,0.0375567890873575
1998-07-22,0.0300181194887198
1998-07-23,0.0256346751428831
1998-07-24,0.0219429163883956
1998-07-27,0.0298946281079002
1998-07-28,0.03135090431494
1998-07-29,0.03216712473319
1998-07-30,0.0372049891814443
1998-07-31,0.0371610828591203
1998-08-03,0.0430147077189469
1998-08-04,0.0431912947858605
1998-08-05,0.0454062044026982
1998-08-06,0.0491638736965767
1998-08-07,0.050527900243534
1998-08-10,0.049152548344036
1998-08-11,0.050689092747645
1998-08-12,0.069507750557944
1998-08-13,0.078747053907659
1998-08-14,0.084455614250598
1998-08-17,0.0824617336538994
1998-08-18,0.0818535955156048
1998-08-19,0.0897678832353598
1998-08-20,0.0859475819732359
1998-08-21,0.1217232025009742
1998-08-24,0.1298757373624088
1998-08-25,0.1323885668410127
1998-08-26,0.146903804491198
1998-08-27,0.1852835119560698
1998-08-28,0.2091611708655961
1998-08-31,0.2117145509078952
1998-09-01,0.2338657586021541
1998-09-02,0.234235532802198
1998-09-03,0.2587751711929221
1998-09-04,0.2670459819899343
1998-09-07,0.2849653524518298
1998-09-08,0.2868502845272048
1998-09-09,0.3061345145894559
1998-09-10,0.3453988462010376
1998-09-11,0.354912853677193
1998-09-14,0.3464019677486897
1998-09-15,0.3506229626389358
1998-09-16,0.3457886954617142
1998-09-17,0.3511646711600757
1998-09-18,0.3458572020830462
1998-09-21,0.3509997532360906
1998-09-22,0.3380523022554578
1998-09-23,0.3230462256343505
1998-09-24,0.312370844912368
1998-09-25,0.3095985837724557
1998-09-28,0.3082539529213599
1998-09-29,0.2921394859719793
1998-09-30,0.3083455293888781
1998-10-01,0.340398062171381
1998-10-02,0.3345204717812067
1998-10-05,0.3383689238025503
1998-10-06,0.3379381290905415
1998-10-07,0.3602851595573047
1998-10-08,0.3796783458400945
1998-10-09,0.3837585409059326
1998-10-12,0.3891052351755524
1998-10-13,0.3847252095177587
1998-10-14,0.376878864994941
1998-10-15,0.369691654297022
1998-10-16,0.3794977868925973
1998-10-19,0.3731440046468642
1998-10-20,0.3725713916288191
1998-10-21,0.3616272236910818
1998-10-22,0.3549077122799987
1998-10-23,0.3441314495767684
1998-10-26,0.3354943631142182
1998-10-27,0.3326635524724747
1998-10-28,0.3259973452510343
1998-10-29,0.3048945491718771
1998-10-30,0.2861477364241191
1998-11-02,0.2774025310758856
1998-11-03,0.2726454867824949
1998-11-04,0.2593696608922114
1998-11-05,0.2491506191969975
1998-11-06,0.2461578297553097
1998-11-09,0.2645084245210879
1998-11-10,0.257374429377569
1998-11-11,0.2402465706827081
1998-11-12,0.231921432005972
1998-11-13,0.2259111749752762
1998-11-16,0.2192157130387218
1998-11-17,0.2151414105550482
1998-11-18,0.2186308255363108
1998-11-19,0.2163305174835134
1998-11-20,0.2086762547388332
1998-11-23,0.211115132066333
1998-11-24,0.2072151562646153
1998-11-25,0.1961207999532316
1998-11-26,0.1861811437320603
1998-11-27,0.1722387810358799
1998-11-30,0.1754501816014501
1998-12-01,0.1928145324828331
1998-12-02,0.1845806707797537
1998-12-03,0.1945844982131626
1998-12-04,0.1874601129744559
1998-12-07,0.1843029792527675
1998-12-08,0.1852533476967882
1998-12-09,0.1735910361991074
1998-12-10,0.1656913809944094
1998-12-11,0.1662804620150591
1998-12-14,0.164613232452372
1998-12-15,0.1637475519018852
1998-12-16,0.159335270412518
1998-12-17,0.1525857754269864
1998-12-18,0.1487619650152484
1998-12-21,0.147303463654477
1998-12-22,0.14812122635583
1998-12-23,0.148227248318034
1998-12-24,0.1475768023031282
1998-12-25,0.1458934543191154
1998-12-28,0.139513610470553
1998-12-29,0.1339916898252371
1998-12-30,0.0751446133390108
1998-12-31,0.0853462241412996
1999-01-01,0.0838260047963073
1999-01-04,0.0842166420309428
1999-01-05,0.0881311538273945
1999-01-06,0.0958280157337496
1999-01-07,0.1054753253879958
1999-01-08,0.1121707519072578
1999-01-11,0.1248167211374712
1999-01-12,0.1382688381255231
1999-01-13,0.1672803813163754
1999-01-14,0.1936901467930081
1999-01-15,0.2070070545465382
1999-01-18,0.2085631160634433
1999-01-19,0.1987042841339703
1999-01-20,0.1883108868914566
1999-01-21,0.1743559741952525
1999-01-22,0.168987276164262
1999-01-25,0.153508518528342
1999-01-26,0.1418080487574665
1999-01-27,0.1360039959653486
1999-01-28,0.1321126764719879
1999-01-29,0.1216258001643186
1999-02-01,0.1186262166996588
1999-02-02,0.1202294564366189
1999-02-03,0.1155790228021716
1999-02-04,0.1005247926348094
1999-02-05,0.0957501555821238
1999-02-08,0.097258399174302
1999-02-09,0.1044946692620233
1999-02-10,0.1172843536728202
1999-02-11,0.1225040749405697
1999-02-12,0.1312473207396987
1999-02-15,0.1453074918346578
1999-02-16,0.1465657019896911
1999-02-17,0.1547202910218345
1999-02-18,0.1536886990257814
1999-02-19,0.1546223941562721
1999-02-22,0.1517654305619355
1999-02-23,0.156078296735603
1999-02-24,0.1508947962845014
1999-02-25,0.1600830234531398
1999-02-26,0.1620801163388299
1999-03-01,0.1782154993327377
1999-03-02,0.1796017281406429
1999-03-03,0.191534517565448
1999-03-04,0.1921097388469521
1999-03-05,0.2085472352825041
1999-03-08,0.2068751851907951
1999-03-09,0.2001441185620493
1999-03-10,0.2006842852855013
1999-03-11,0.181796587038676
1999-03-12,0.2053605539704089
1999-03-15,0.2144890299886839
1999-03-16,0.2030807835422886
1999-03-17,0.2006245830371609
1999-03-18,0.1947549742011859
1999-03-19,0.1903296324663501
1999-03-22,0.186962807684589
1999-03-23,0.1802248552062034
1999-03-24,0.1886326098760782
1999-03-25,0.1796080368569879
1999-03-26,0.1762336718545475
1999-03-29,0.1663003042601668
1999-03-30,0.1424756851444628
1999-03-31,0.1255007553609918
1999-04-01,0.1247493352264442
1999-04-02,0.1236659829446303
1999-04-05,0.1171825154107469
1999-04-06,0.1488358600063229
1999-04-07,0.150345945428236
1999-04-08,0.1376098989617706
1999-04-09,0.140234076425659
1999-04-12,0.1291898429739025
1999-04-13,0.1276126691613885
1999-04-14,0.1251946313253788
1999-04-15,0.1151929133269619
1999-04-16,0.11694651150863
1999-04-19,0.1145801166143902
1999-04-20,0.1241317700048876
1999-04-21,0.122003580235015
1999-04-22,0.111018273545508
1999-04-23,0.0991260938707142
1999-04-26,0.0978478117973372
1999-04-27,0.0892344844075829
1999-04-28,0.078627399778564
1999-04-29,0.0678739771659721
1999-04-30,0.0625921526708107
1999-05-03,0.0556222047032055
1999-05-04,0.0496169975658262
1999-05-05,0.0475440611252019
1999-05-06,0.0495108218068654
1999-05-07,0.048202808624867
1999-05-10,0.0474743522163924
1999-05-11,0.0391589311105536
1999-05-12,0.0361853665731431
1999-05-13,0.0310849086700098
1999-05-14,0.0539346329152179
1999-05-17,0.0575159838759489
1999-05-18,0.0561729360376044
1999-05-19,0.0505582747239239
1999-05-20,0.0472126753566631
1999-05-21,0.0439043955971279
1999-05-24,0.0390641799993073
1999-05-25,0.0476792834398983
1999-05-26,0.0515748591196146
1999-05-27,0.0572752425438825
1999-05-28,0.05604706137615
1999-05-31,0.0509944733172774
1999-06-01,0.0445609823039413
1999-06-02,0.0523776937114512
1999-06-03,0.0540549968619193
1999-06-04,0.0617862039804255
1999-06-07,0.066318819139306
1999-06-08,0.0684861358131631
1999-06-09,0.0664625537820523
1999-06-10,0.0721098861205835
1999-06-11,0.0677297692800951
1999-06-14,0.0679384320161173
1999-06-15,0.0715823443245886
1999-06-16,0.0648567722524199
1999-06-17,0.0645713393045188
1999-06-18,0.0585552489553107
1999-06-21,0.0643740249538236
1999-06-22,0.057816600930303
1999-06-23,0.055290169281451
1999-06-24,0.0518138376258166
1999-06-25,0.0378956604951105
1999-06-28,0.0350484032185575
1999-06-29,0.0338008616610096
1999-06-30,0.0289207979002126
1999-07-01,0.0303135616475118
1999-07-02,0.0292209184502877
1999-07-05,0.0384313230922588
1999-07-06,0.0462030815367331
1999-07-07,0.0501746659144633
1999-07-08,0.0471610122908702
1999-07-09,0.0381916792829785
1999-07-12,0.039348611311709
1999-07-13,0.0333414716160244
1999-07-14,0.0332349175556944
1999-07-15,0.0356310591279826
1999-07-16,0.0274100287020682
1999-07-19,0.0267656388350423
1999-07-20,0.0564345648079341
1999-07-21,0.0848363849066472
1999-07-22,0.1013737096654819
1999-07-23,0.1146691133735756
1999-07-26,0.1395402135609068
1999-07-27,0.1381539408895005
1999-07-28,0.1331548728118302
1999-07-29,0.1430247084417323
1999-07-30,0.1412771759832587
1999-08-02,0.1341736524647747
1999-08-03,0.1219118393837209
1999-08-04,0.1182398965190672
1999-08-05,0.1249087936417946
1999-08-06,0.1245124009600316
1999-08-09,0.115641573432771
1999-08-10,0.105581616204436
1999-08-11,0.1012151141718811
1999-08-12,0.1008010394555306
1999-08-13,0.0929284498620454
1999-08-16,0.1005499930834185
1999-08-17,0.0918023743782896
1999-08-18,0.0879632087038159
1999-08-19,0.0873605582020329
1999-08-20,0.0942201507447198
1999-08-23,0.0890836935269725
1999-08-24,0.0813837648274678
1999-08-25,0.0903035873289331
1999-08-26,0.0815500468395474
1999-08-27,0.0715397923609322
1999-08-30,0.065110921439501
1999-08-31,0.072507198606673
1999-09-01,0.0656782879293117
1999-09-02,0.0668388718794394
1999-09-03,0.0808669426946091
1999-09-06,0.0814885335683172
1999-09-07,0.0711396705815941
1999-09-08,0.0654534063992379
1999-09-09,0.065880236623682
1999-09-10,0.0674365508199668
1999-09-13,0.090866669584373
1999-09-14,0.0953592702213933
1999-09-15,0.0905183000060095
1999-09-16,0.1109576140761623
1999-09-17,0.1060623605278992
1999-09-20,0.0998479877855617
1999-09-21,0.0924771904770372
1999-09-22,0.099014051752124
1999-09-23,0.0985847824770412
1999-09-24,0.0960872451520868
1999-09-27,0.105815732045615
1999-09-28,0.1083446431814246
1999-09-29,0.1469872467273225
1999-09-30,0.1665435871286733
1999-10-01,0.1825224328509601
1999-10-04,0.1808655511773751
1999-10-05,0.1749662782385855
1999-10-06,0.1705712420305407
1999-10-07,0.1623269462966704
1999-10-08,0.1581219617496222
1999-10-11,0.1430035749001787
1999-10-12,0.1533730943725031
1999-10-13,0.1615630257512794
1999-10-14,0.1614798545714197
1999-10-15,0.1880433443490834
1999-10-18,0.1908048606113254
1999-10-19,0.1972813672507352
1999-10-20,0.1852339172106199
1999-10-21,0.1759263333378813
1999-10-22,0.1695959893657894
1999-10-25,0.1615180795925987
1999-10-26,0.1562277600956872
1999-10-27,0.1552300694054628
1999-10-28,0.1620500750791383
1999-10-29,0.1547725001212794
1999-11-01,0.1557936356208671
1999-11-02,0.1576282682902994
1999-11-03,0.1565641096206979
1999-11-04,0.1607035781619164
1999-11-05,0.1535791664553764
1999-11-08,0.1406944466086519
1999-11-09,0.1302848167702011
1999-11-10,0.1090825494642251
1999-11-11,0.1000778372085988
1999-11-12,0.0984289596567135
1999-11-15,0.0904243674873724
1999-11-16,0.0884684684161549
1999-11-17,0.0771774901438901
1999-11-18,0.0749071481215947
1999-11-19,0.0672335676918885
1999-11-22,0.0727352999140061
1999-11-23,0.069682883519124
1999-11-24,0.0736275267822579
1999-11-25,0.0845046223690487
1999-11-26,0.0928389060753481
1999-11-29,0.0920024620325681
1999-11-30,0.0855955553114622
1999-12-01,0.0823329089704753
1999-12-02,0.0807686429822407
1999-12-03,0.0838177594339156
1999-12-06,0.1106424758096866
1999-12-07,0.1145900216591539
1999-12-08,0.112548271826969
1999-12-09,0.1134196832986933
1999-12-10,0.1112328143116292
1999-12-13,0.1048244986531591
1999-12-14,0.1120786816862188
1999-12-15,0.1078105618819991
1999-12-16,0.1434944450647587
1999-12-17,0.1319459178874041
1999-12-20,0.1215323050860323
1999-12-21,0.1076498107195865
1999-12-22,0.1088885767153114
1999-12-23,0.0833183877529404
1999-12-24,0.0783116093650918
1999-12-27,0.0695943945937334
1999-12-28,0.0588326224125501
1999-12-29,0.0688551169032766
1999-12-30,0.0731813022396948
1999-12-31,0.0710879456398626
2000-01-03,0.0543243249892491
2000-01-04,0.0895208727400035
2000-01-05,0.1077336284000956
2000-01-06,0.1192191069083703
2000-01-07,0.1172315387842173
2000-01-10,0.1231286797945829
2000-01-11,0.1263745706686676
2000-01-12,0.1179473464615536
2000-01-13,0.1160854698038006
2000-01-14,0.1263599384116071
2000-01-17,0.1385537482359699
2000-01-18,0.1206348404024896
2000-01-19,0.1124150815809426
2000-01-20,0.1111600623593577
2000-01-21,0.0978250717451775
2000-01-24,0.0975376915898718
2000-01-25,0.0875917655659734
2000-01-26,0.0828312516102436
2000-01-27,0.1045032044611875
2000-01-28,0.1198064856128341
2000-01-31,0.1226562950290853
2000-02-01,0.1498865646378402
2000-02-02,0.1658383252256752
2000-02-03,0.1621260102704934
2000-02-04,0.1776500420042878
2000-02-07,0.1582233421502019
2000-02-08,0.1858604372071965
2000-02-09,0.1856164992315695
2000-02-10,0.1942803370990375
2000-02-11,0.191607789074687
2000-02-14,0.186868349821688
2000-02-15,0.1762594693441683
2000-02-16,0.1650806357542925
2000-02-17,0.1826615415807738
2000-02-18,0.178635446118898
2000-02-21,0.176209838324337
2000-02-22,0.2052423771527428
2000-02-23,0.2037266437446853
2000-02-24,0.2069102455902028
2000-02-25,0.2076273375728079
2000-02-28,0.198889599131567
2000-02-29,0.1914861760595062
2000-03-01,0.1951972015058988
2000-03-02,0.2095738898135059
2000-03-03,0.2134866255972373
2000-03-06,0.2042621315424521
2000-03-07,0.2185689197384059
2000-03-08,0.2130051186672278
2000-03-09,0.2214711986517707
2000-03-10,0.2096949723886593
2000-03-13,0.210222117866882
2000-03-14,0.2077963239950298
2000-03-15,0.1956967420546218
2000-03-16,0.1951452462450242
2000-03-17,0.1900587968451872
2000-03-20,0.1792889599906892
2000-03-21,0.1413800841928456
2000-03-22,0.1569660486789981
2000-03-23,0.1518017674735652
2000-03-24,0.1532094452535974
2000-03-27,0.1491109724825738
2000-03-28,0.147532131508787
2000-03-29,0.1440947601471492
2000-03-30,0.1381926251638084
2000-03-31,0.1206232704027701
2000-04-03,0.1090345259868918
2000-04-04,0.1249804720859105
2000-04-05,0.126729796111519
2000-04-06,0.1419460055943406
2000-04-07,0.1433773858788517
2000-04-10,0.139103863471245
2000-04-11,0.1422031509247541
2000-04-12,0.136586227267685
2000-04-13,0.125182998696945
2000-04-14,0.1248241950650494
2000-04-17,0.1200331050728523
2000-04-18,0.1053574519874264
2000-04-19,0.1134149751280746
2000-04-20,0.1151043925634881
2000-04-21,0.1130480424955469
2000-04-24,0.1090212822191236
2000-04-25,0.1074819533089231
2000-04-26,0.1117163191744156
2000-04-27,0.1145249128702575
2000-04-28,0.1234959249007375
2000-05-01,0.1176323781532392
2000-05-02,0.1201393013267596
2000-05-03,0.1490273206599203
2000-05-04,0.1713077709838729
2000-05-05,0.1750062516818098
2000-05-08,0.1757864714549479
2000-05-09,0.1849693691638631
2000-05-10,0.2023319720750524
2000-05-11,0.2067416149179007
2000-05-12,0.2065086310553778
2000-05-15,0.2235944379590411
2000-05-16,0.2381539564995482
2000-05-17,0.2618781260466926
2000-05-18,0.2692682724234405
2000-05-19,0.283507035572284
2000-05-22,0.3003008657915356
2000-05-23,0.3070124354544975
2000-05-24,0.306893194321548
2000-05-25,0.3207702132190076
2000-05-26,0.3333594245192173
2000-05-29,0.2897039554941771
2000-05-30,0.2871868792231704
2000-05-31,0.2887216858311544
2000-06-01,0.2948784588851548
2000-06-02,0.2919408340322325
2000-06-05,0.2830441915687208
2000-06-06,0.2723916589311478
2000-06-07,0.256253136043695
2000-06-08,0.2540105239566976
2000-06-09,0.2648489732197038
2000-06-12,0.2501039266481239
2000-06-13,0.2433550402112113
2000-06-14,0.2225972447940869
2000-06-15,0.2208943451823564
2000-06-16,0.2211131909216347
2000-06-19,0.206355327078297
2000-06-20,0.18308654739259
2000-06-21,0.1792157905112473
2000-06-22,0.1854139271078197
2000-06-23,0.1795870256898623
2000-06-26,0.1868251940446902
2000-06-27,0.185154144131449
2000-06-28,0.1735777444909421
2000-06-29,0.1984439239914833
2000-06-30,0.2057045977785664
2000-07-03,0.1946689481107813
2000-07-04,0.1751669406317708
2000-07-05,0.1730556950730526
2000-07-06,0.1682657341329297
2000-07-07,0.1557373262880633
2000-07-10,0.1451294798209167
2000-07-11,0.1352966066312639
2000-07-12,0.1264956838618658
2000-07-13,0.1537273255369018
2000-07-14,0.1775664443243177
2000-07-17,0.1829946437808255
2000-07-18,0.1653191981349097
2000-07-19,0.1799653591190463
2000-07-20,0.1878858239333888
2000-07-21,0.2035272186681956
2000-07-24,0.2018095629173536
2000-07-25,0.2038076503138731
2000-07-26,0.1927852145251244
2000-07-27,0.1815922969336241
2000-07-28,0.1916051185386598
2000-07-31,0.1917867479005278
2000-08-01,0.1852518158164824
2000-08-02,0.20225241745326
2000-08-03,0.1959324641830389
2000-08-04,0.2050719450809062
2000-08-07,0.205807406038647
2000-08-08,0.173166509067186
2000-08-09,0.1692075475397677
2000-08-10,0.1735946208841366
2000-08-11,0.1864119936736501
2000-08-14,0.2007477924135272
2000-08-15,0.178055759752526
2000-08-16,0.191369236148001
2000-08-17,0.183866554384597
2000-08-18,0.1720547071726011
2000-08-21,0.1573247785610058
2000-08-22,0.1460295670551224
2000-08-23,0.1328677934509967
2000-08-24,0.1517762648340451
2000-08-25,0.1336021818621753
2000-08-28,0.1284133981103728
2000-08-29,0.1215195969519587
2000-08-30,0.09996441828848
2000-08-31,0.093684226825769
2000-09-01,0.0935907063941417
2000-09-04,0.1096966754359748
2000-09-05,0.1233425955921443
2000-09-06,0.1193531405002312
2000-09-07,0.1420634401830983
2000-09-08,0.1707844516112617
2000-09-11,0.1710768139270223
2000-09-12,0.1478675425839743
2000-09-13,0.1525993703564067
2000-09-14,0.1522596974149807
2000-09-15,0.1602498042716647
2000-09-18,0.1543155737596793
2000-09-19,0.1423528105622114
2000-09-20,0.149421906931466
2000-09-21,0.1477634248459509
2000-09-22,0.180778723771418
2000-09-25,0.1882332621200199
2000-09-26,0.2053909655365813
2000-09-27,0.2085133470500662
2000-09-28,0.2185563986481273
2000-09-29,0.2185412391302901
2000-10-02,0.2333829445201677
2000-10-03,0.2283721622168123
2000-10-04,0.2187076882699385
2000-10-05,0.2140565454990629
2000-10-06,0.2172020115329055
2000-10-09,0.2067660752883823
2000-10-10,0.200034049153424
2000-10-11,0.1941718787025314
2000-10-12,0.1933907802233734
2000-10-13,0.1866516715246461
2000-10-16,0.1892668739597544
2000-10-17,0.182703886497405
2000-10-18,0.1798183967063915
2000-10-19,0.2057465613375596
2000-10-20,0.202013994621421
2000-10-23,0.203990189306175
2000-10-24,0.2166329563242761
2000-10-25,0.2154680587838547
2000-10-26,0.2136407417468703
2000-10-27,0.2223147052915873
2000-10-30,0.2344663895412103
2000-10-31,0.2438206446649642
2000-11-01,0.2547483028914587
2000-11-02,0.2519611454154873
2000-11-03,0.2435899722748153
2000-11-06,0.2273842067606991
2000-11-07,0.2176842915626985
2000-11-08,0.2091725306715431
2000-11-09,0.2198732595488297
2000-11-10,0.2266113892812961
2000-11-13,0.2102529973933366
2000-11-14,0.2149423279148922
2000-11-15,0.207903427200874
2000-11-16,0.193602149477219
2000-11-17,0.1841661945175665
2000-11-20,0.181647297097243
2000-11-21,0.1685335553872151
2000-11-22,0.1567157122281957
2000-11-23,0.1546628059714302
2000-11-24,0.1508222315679643
2000-11-27,0.1406473842348745
2000-11-28,0.1654462654390046
2000-11-29,0.1612460008987422
2000-11-30,0.1511110583979062
2000-12-01,0.1631330895482634
2000-12-04,0.1643209224988662
2000-12-05,0.1942765662215313
2000-12-06,0.186182325179935
2000-12-07,0.1971211343592672
2000-12-08,0.1940427501437929
2000-12-11,0.2062617422806903
2000-12-12,0.2049893666219206
2000-12-13,0.1870050535829388
2000-12-14,0.1933924375880982
2000-12-15,0.2042312530301426
2000-12-18,0.1977374489376255
2000-12-19,0.2048929479277862
2000-12-20,0.2204492332072377
2000-12-21,0.2250447435447616
2000-12-22,0.2289126774202259
2000-12-25,0.2234631045232232
2000-12-26,0.2149186092757528
2000-12-27,0.2225516929113848
2000-12-28,0.216965995665942
2000-12-29,0.2033853960476317
2001-01-01,0.191171838079612
2001-01-02,0.1982015275950913
2001-01-03,0.1987786568002048
2001-01-04,0.1962501028372184
2001-01-05,0.1996832913348521
2001-01-08,0.1692659392857491
2001-01-09,0.1534344277816251
2001-01-10,0.1412243901600341
2001-01-11,0.1530332950498369
2001-01-12,0.1568554037338484
2001-01-15,0.1549054751430612
2001-01-16,0.1463662508827586
2001-01-17,0.1503387287756841
2001-01-18,0.1356511616628161
2001-01-19,0.124184151344555
2001-01-22,0.1331418013741912
2001-01-23,0.1253759503821327
2001-01-24,0.1256360987532419
2001-01-25,0.1283195654743293
2001-01-26,0.1110437369501839
2001-01-29,0.1198520941263866
2001-01-30,0.0987107079036922
2001-01-31,0.1109729110582127
2001-02-01,0.1113461870178033
2001-02-02,0.1065758092456086
2001-02-05,0.0988347450127159
2001-02-06,0.102159794724911
2001-02-07,0.0965547556985046
2001-02-08,0.0854500751307067
2001-02-09,0.0844395595866532
2001-02-12,0.084151000009857
2001-02-13,0.0772836964709312
2001-02-14,0.0906316206351392
2001-02-15,0.0861607959987809
2001-02-16,0.0759420308601879
2001-02-19,0.0774429652668013
2001-02-20,0.086425375126658
2001-02-21,0.0871548911094202
2001-02-22,0.0904306002484522
2001-02-23,0.0966369210288224
2001-02-26,0.0909984653413879
2001-02-27,0.0902578026877568
2001-02-28,0.0969079188599859
2001-03-01,0.1077068218170128
2001-03-02,0.1009006416373763
2001-03-05,0.111088117189721
2001-03-06,0.1123630780634467
2001-03-07,0.111707577520399
2001-03-08,0.1006809619335152
2001-03-09,0.0959840404918581
2001-03-12,0.1008580202161468
2001-03-13,0.1047477605987559
2001-03-14,0.1150509522193231
2001-03-15,0.1303021352577344
2001-03-16,0.1390459898595039
2001-03-19,0.1449977139540772
2001-03-20,0.1417934255620458
2001-03-21,0.1412307939025045
2001-03-22,0.1733287739293307
2001-03-23,0.1542402546199022
2001-03-26,0.1555752014221613
2001-03-27,0.1679542234844533
2001-03-28,0.1790539986427365
2001-03-29,0.1941312019938833
2001-03-30,0.1916316563637657
2001-04-02,0.1901809464691569
2001-04-03,0.1919976364452812
2001-04-04,0.220395153694714
2001-04-05,0.2048571690064008
2001-04-06,0.1766095895456775
2001-04-09,0.2010057383030062
2001-04-10,0.2004080526776304
2001-04-11,0.1789040461794916
2001-04-12,0.1930347355386092
2001-04-13,0.1923714492646865
2001-04-16,0.1855616581188676
2001-04-17,0.1896482047568816
2001-04-18,0.192514429464457
2001-04-19,0.2024106004988546
2001-04-20,0.2262058446989777
2001-04-23,0.2312577429716523
2001-04-24,0.2147736327136824
2001-04-25,0.2166861779923743
2001-04-26,0.186981121210868
2001-04-27,0.1844491515460808
2001-04-30,0.2029203719404284
2001-05-01,0.1894256656419966
2001-05-02,0.1687290033012966
2001-05-03,0.1658115422974255
2001-05-04,0.1446478539775325
2001-05-07,0.1372603633799254
2001-05-08,0.1328065293663695
2001-05-09,0.1273899865492291
2001-05-10,0.1245548990119897
2001-05-11,0.1320274593151553
2001-05-14,0.1271690482137056
2001-05-15,0.1176294813001444
2001-05-16,0.1138762710578757
2001-05-17,0.1099712589315344
2001-05-18,0.1003833429189847
2001-05-21,0.0937235352961392
2001-05-22,0.0895683448066697
2001-05-23,0.0896339993816196
2001-05-24,0.0981639364908463
2001-05-25,0.0915896196935471
2001-05-28,0.077441290821347
2001-05-29,0.0839463096228198
2001-05-30,0.0808413120669312
2001-05-31,0.0800624049876307
2001-06-01,0.0647152587281901
2001-06-04,0.0614461734652507
2001-06-05,0.0546042014289206
2001-06-06,0.0572970020282186
2001-06-07,0.0557505925196935
2001-06-08,0.052254313758358
2001-06-11,0.0477587251439977
2001-06-12,0.0447594853206622
2001-06-13,0.0565883472064772
2001-06-14,0.0481397145373818
2001-06-15,0.0747443934116335
2001-06-18,0.0707600340733047
2001-06-19,0.0763707340093045
2001-06-20,0.0768219386350379
2001-06-21,0.0802828819756745
2001-06-22,0.0783203460452379
2001-06-25,0.0838649725129972
2001-06-26,0.0746959065605518
2001-06-27,0.075089896991208
2001-06-28,0.0835092574982005
2001-06-29,0.0732956071775085
2001-07-02,0.0736616390492243
2001-07-03,0.0674537222623996
2001-07-04,0.0573698316524935
2001-07-05,0.0629605663059267
2001-07-06,0.0556822004617145
2001-07-09,0.061942622283346
2001-07-10,0.0735452223990073
2001-07-11,0.0736237653142324
2001-07-12,0.0876854136112337
2001-07-13,0.0821656970910608
2001-07-16,0.0870195878420102
2001-07-17,0.0897930851653541
2001-07-18,0.1076700033639203
2001-07-19,0.1192118232461539
2001-07-20,0.1239579072840066
2001-07-23,0.1320906212203374
2001-07-24,0.1394540304295117
2001-07-25,0.1472764729131224
2001-07-26,0.1399112367703276
2001-07-27,0.1278022686582108
2001-07-30,0.1204106500399056
2001-07-31,0.1063107245759784
2001-08-01,0.1009652351226675
2001-08-02,0.0950971614440861
2001-08-03,0.0869798355474392
2001-08-06,0.0761654143892044
2001-08-07,0.0664585832500036
2001-08-08,0.0639378483989979
2001-08-09,0.0797912128706393
2001-08-10,0.0905455173663833
2001-08-13,0.0948357810921703
2001-08-14,0.0897429197184126
2001-08-15,0.0986171863857248
2001-08-16,0.0913136097813101
2001-08-17,0.0881152039420698
2001-08-20,0.0881973942094233
2001-08-21,0.0777747301123699
2001-08-22,0.086471141525262
2001-08-23,0.0867179295513474
2001-08-24,0.0890713606696803
2001-08-27,0.0813980136720803
2001-08-28,0.0714653952386353
2001-08-29,0.0692414710111042
2001-08-30,0.0662115860379413
2001-08-31,0.0617343154585612
2001-09-03,0.0770828412831866
2001-09-04,0.0847055421330325
2001-09-05,0.1115368996431127
2001-09-06,0.123435096854335
2001-09-07,0.1469511179544064
2001-09-10,0.1686937980980423
2001-09-11,0.1821725628715238
2001-09-12,0.2446439591023058
2001-09-13,0.2579677263034831
2001-09-14,0.3017292748952371
2001-09-17,0.3058987234874718
2001-09-18,0.3018695003089873
2001-09-19,0.2909200832437363
2001-09-20,0.3049102607625598
2001-09-21,0.3148826551637121
2001-09-24,0.2997784954338136
2001-09-25,0.2886296658767864
2001-09-26,0.2938271582381295
2001-09-27,0.2941958875187268
2001-09-28,0.2978625404329935
2001-10-01,0.261352893448778
2001-10-02,0.272407099567293
2001-10-03,0.2960282371934297
2001-10-04,0.3101219204411153
2001-10-05,0.3073352001903424
2001-10-08,0.3068558745030779
2001-10-09,0.2958550126082661
2001-10-10,0.2905952743934205
2001-10-11,0.2882423505350304
2001-10-12,0.2743937287146428
2001-10-15,0.2711562015239213
2001-10-16,0.2582709411723769
2001-10-17,0.2414350824398614
2001-10-18,0.2095071780857338
2001-10-19,0.2088986890412148
2001-10-22,0.1847767873085383
2001-10-23,0.1795189399051714
2001-10-24,0.1586379979890848
2001-10-25,0.1436288880240339
2001-10-26,0.1360679950580563
2001-10-29,0.1295527759547919
2001-10-30,0.1372643743442386
2001-10-31,0.1397948864787556
2001-11-01,0.1377627668526895
2001-11-02,0.1487227587653617
2001-11-05,0.1510909886726046
2001-11-06,0.1538122316472689
2001-11-07,0.1598540988248155
2001-11-08,0.1507175602837195
2001-11-09,0.1368514781582611
2001-11-12,0.1360136079862131
2001-11-13,0.1418544624720432
2001-11-14,0.1427520275051711
2001-11-15,0.1346126288125618
2001-11-16,0.1208234871028645
2001-11-19,0.1155049439495758
2001-11-20,0.1095190257614999
2001-11-21,0.1120671752458707
2001-11-22,0.1053371818054287
2001-11-23,0.1062881085563824
2001-11-26,0.0999265547334351
2001-11-27,0.1084439574724878
2001-11-28,0.1212550952868196
2001-11-29,0.1188224345523268
2001-11-30,0.1137490594251787
2001-12-03,0.1101754531610018
2001-12-04,0.108153397229344
2001-12-05,0.1335668149584417
2001-12-06,0.125997146702543
2001-12-07,0.1147083718784276
2001-12-10,0.1104167524805569
2001-12-11,0.106582112507745
2001-12-12,0.1143094414492392
2001-12-13,0.1116275884124691
2001-12-14,0.1017111217597507
2001-12-17,0.1068750398452698
2001-12-18,0.1080049063654039
2001-12-19,0.1109105985194621
2001-12-20,0.1147532164845246
2001-12-21,0.1057863949528565
2001-12-24,0.0746899394917188
2001-12-25,0.0780515908058376
2001-12-26,0.0741226556707418
2001-12-27,0.0867543751526474
2001-12-28,0.1014393804875053
2001-12-31,0.0988160523546836
2002-01-01,0.0831727679443208
2002-01-02,0.096771127364708
2002-01-03,0.1190310031227588
2002-01-04,0.1245846317063997
2002-01-07,0.136454691932099
2002-01-08,0.1397319597338622
2002-01-09,0.1411734235751193
2002-01-10,0.136401845286417
2002-01-11,0.1405439307685615
2002-01-14,0.1575481537182
2002-01-15,0.1522650286094973
2002-01-16,0.1614210170418578
2002-01-17,0.1596700584615394
2002-01-18,0.1520792991948247
2002-01-21,0.138482293218008
2002-01-22,0.1345293002657677
2002-01-23,0.1274942023634771
2002-01-24,0.1360661475534346
2002-01-25,0.1532696400078141
2002-01-28,0.1528694245790378
2002-01-29,0.1404560315723217
2002-01-30,0.1275394661356208
2002-01-31,0.1171552824275818
2002-02-01,0.1021648565801233
2002-02-04,0.1019101871388983
2002-02-05,0.0954200313896369
2002-02-06,0.083230540462998
2002-02-07,0.0866031994872554
2002-02-08,0.0923763818519504
2002-02-11,0.0916303928199526
2002-02-12,0.0884880614450026
2002-02-13,0.0827071614657788
2002-02-14,0.0799058287867504
2002-02-15,0.0789543163273421
2002-02-18,0.0700697660968964
2002-02-19,0.0673951868501684
2002-02-20,0.0540354799766329
2002-02-21,0.0512339144024228
2002-02-22,0.0449029414620965
2002-02-25,0.0430300355574668
2002-02-26,0.0292630101467572
2002-02-27,0.0275718011076493
2002-02-28,0.030328446406869
2002-03-01,0.0265584496651197
2002-03-04,0.032901083177596
2002-03-05,0.0308797874282727
2002-03-06,0.032629381654497
2002-03-07,0.0321679030127639
2002-03-08,0.0305225962384122
2002-03-11,0.0257875312551995
2002-03-12,0.0232370479944909
2002-03-13,0.02265703510063
2002-03-14,0.0167743366635143
2002-03-15,0.0184458404587766
2002-03-18,0.0150990895223422
2002-03-19,0.0147527329317324
2002-03-20,0.0163595294842674
2002-03-21,0.013841437761807
2002-03-22,0.012922320980524
2002-03-25,0.007388294641824
2002-03-26,0.0065468331936892
2002-03-27,0.0089703842729632
2002-03-28,0.0048672670374502
2002-03-29,0.0041628019588485
2002-04-01,0.003213851190196
2002-04-02,0.0058116868752435
2002-04-03,0.0057890786072685
2002-04-04,0.0047918353301962
2002-04-05,0.0051078876489424
2002-04-08,0.0043992298756817
2002-04-09,0.0041914537268051
2002-04-10,0.0033911208988322
2002-04-11,0.0058189747486785
2002-04-12,0.0054174287717917
2002-04-15,0.0065259215844813
2002-04-16,0.0068214520630424
2002-04-17,0.0036030103377643
2002-04-18,0.0033845613219666
2002-04-19,0.0028930864091821
2002-04-22,0.0027588234191605
2002-04-23,0.0026658956598447
2002-04-24,0.0025957776443116
2002-04-25,0.0038273714799218
2002-04-26,0.0031758691688421
2002-04-29,0.0032640329151214
2002-04-30,0.004241507489029
2002-05-01,0.0041844891102563
2002-05-02,0.003428216763732
2002-05-03,0.0106202421430755
2002-05-06,0.0091125056097992
2002-05-07,0.0084952609806272
2002-05-08,0.0124558841859111
2002-05-09,0.0126979759334524
2002-05-10,0.0145194451517048
2002-05-13,0.0146392292908543
2002-05-14,0.0176271214408874
2002-05-15,0.0158889503900617
2002-05-16,0.0111957832535123
2002-05-17,0.008042011833911
2002-05-20,0.0074725078899483
2002-05-21,0.0060537969345848
2002-05-22,0.0055380229405813
2002-05-23,0.0075858816356093
2002-05-24,0.0069290014842086
2002-05-27,0.0071155467661545
2002-05-28,0.0043800814011142
2002-05-29,0.0033894668395626
2002-05-30,0.0042868895191105
2002-05-31,0.0041141301757258
2002-06-03,0.0062122929039279
2002-06-04,0.036779498891966
2002-06-05,0.0372837835614209
2002-06-06,0.0335087576465517
2002-06-07,0.034873420487093
2002-06-10,0.0304791710909603
2002-06-11,0.0315483205863062
2002-06-12,0.0374129990026387
2002-06-13,0.0340159442841417
2002-06-14,0.0385537259133269
2002-06-17,0.0406332027380753
2002-06-18,0.0375729433216979
2002-06-19,0.0403155105251818
2002-06-20,0.04039831655085
2002-06-21,0.0372738104341056
2002-06-24,0.0646379573519408
2002-06-25,0.0720709640097436
2002-06-26,0.0908680736652359
2002-06-27,0.0993252284235766
2002-06-28,0.1084593664532134
2002-07-01,0.1093814649948698
2002-07-02,0.1208607176460703
2002-07-03,0.1173359016065899
2002-07-04,0.1133252112504404
2002-07-05,0.1106514866636355
2002-07-08,0.1063632147904526
2002-07-09,0.0972479278816519
2002-07-10,0.1001983395064866
2002-07-11,0.0958169692479766
2002-07-12,0.0905950569892384
2002-07-15,0.1030061378490946
2002-07-16,0.1141025292330685
2002-07-17,0.1067306980602828
2002-07-18,0.0942747585689908
2002-07-19,0.0937796440516115
2002-07-22,0.1046261188977884
2002-07-23,0.1274513219852262
2002-07-24,0.1672716962903289
2002-07-25,0.1872419183904407
2002-07-26,0.2060604786350775
2002-07-29,0.2137528294463853
2002-07-30,0.2059912663000017
2002-07-31,0.2052430344976565
2002-08-01,0.211132559881783
2002-08-02,0.2421489165386152
2002-08-05,0.2407921116263765
2002-08-06,0.2472352224996443
2002-08-07,0.2529406822336356
2002-08-08,0.2512619342843988
2002-08-09,0.2386050841608445
2002-08-12,0.2391336592943541
2002-08-13,0.2339835700206838
2002-08-14,0.214991644137379
2002-08-15,0.2318965290380675
2002-08-16,0.2268692952222898
2002-08-19,0.2143042345846931
2002-08-20,0.2241670868523497
2002-08-21,0.1964875484840922
2002-08-22,0.1769513411169236
2002-08-23,0.1732694615286354
2002-08-26,0.1593818162632772
2002-08-27,0.1465757887728711
2002-08-28,0.1533702164958746
2002-08-29,0.1429582530557918
2002-08-30,0.1368485410528972
2002-09-02,0.1336594241901844
2002-09-03,0.1481735086826114
2002-09-04,0.14279041749143
2002-09-05,0.148614611292355
2002-09-06,0.1377369145645254
2002-09-09,0.1365299977941366
2002-09-10,0.1432304497295344
2002-09-11,0.1422477512823398
2002-09-12,0.155839000899782
2002-09-13,0.1465775805302125
2002-09-16,0.170848780284628
2002-09-17,0.1762742120792129
2002-09-18,0.1891577085619954
2002-09-19,0.1861374754556978
2002-09-20,0.1662253318539809
2002-09-23,0.1788877327060647
2002-09-24,0.1881075439700076
2002-09-25,0.1760124021768478
2002-09-26,0.1674348601568406
2002-09-27,0.1561364522499814
2002-09-30,0.1669545323796512
2002-10-01,0.1619490416925461
2002-10-02,0.1607959936190885
2002-10-03,0.1660477009155445
2002-10-04,0.1727093429616744
2002-10-07,0.1779965088594472
2002-10-08,0.1890271663028107
2002-10-09,0.1761449015792709
2002-10-10,0.1808979451848632
2002-10-11,0.1872952053928478
2002-10-14,0.1946479041617444
2002-10-15,0.1832061268418631
2002-10-16,0.1866290635870373
2002-10-17,0.1707780955207748
2002-10-18,0.1768365623188045
2002-10-21,0.1786528891469557
2002-10-22,0.1717698726053892
2002-10-23,0.1719777376374948
2002-10-24,0.1732861942361712
2002-10-25,0.1741605756105287
2002-10-28,0.1739861579667048
2002-10-29,0.1739726288443552
2002-10-30,0.1764517008223639
2002-10-31,0.1798975220955372
2002-11-01,0.1617876460317621
2002-11-04,0.1611593705177871
2002-11-05,0.1626954401570048
2002-11-06,0.1591954741651486
2002-11-07,0.1792028683228015
2002-11-08,0.1882701396553157
2002-11-11,0.1834622693059867
2002-11-12,0.1865187411832718
2002-11-13,0.1866925514640512
2002-11-14,0.1923491869908577
2002-11-15,0.1861391145948732
2002-11-18,0.1711654722444045
2002-11-19,0.1651360987773763
2002-11-20,0.16047567714058
2002-11-21,0.1704062619212866
2002-11-22,0.1650059682215967
2002-11-25,0.1515758561528666
2002-11-26,0.1566399020588478
2002-11-27,0.1471424949229059
2002-11-28,0.1401800013173131
2002-11-29,0.1400691932933012
2002-12-02,0.136999800682248
2002-12-03,0.1523020343027868
2002-12-04,0.1606672743289419
2002-12-05,0.1666306500528097
2002-12-06,0.1684120842966153
2002-12-09,0.1728075568846942
2002-12-10,0.1660957387887291
2002-12-11,0.1560467566775834
2002-12-12,0.1500477931166839
2002-12-13,0.1578906224434167
2002-12-16,0.1595010599243072
2002-12-17,0.1576269961756437
2002-12-18,0.1574976868245388
2002-12-19,0.1548674576558786
2002-12-20,0.1432337293444253
2002-12-23,0.1347275066025906
2002-12-24,0.1269721396726651
2002-12-25,0.1173494484751392
2002-12-26,0.1225247890827157
2002-12-27,0.1130680899518305
2002-12-30,0.1188776389875109
2002-12-31,0.1115591716348254
2003-01-01,0.1077527987717747
2003-01-02,0.1480275641415055
2003-01-03,0.1416995555959936
2003-01-06,0.136913615435721
2003-01-07,0.1427548812884749
2003-01-08,0.1547914806024874
2003-01-09,0.1614419819340274
2003-01-10,0.1653169969915966
2003-01-13,0.16185436469509
2003-01-14,0.1511566813976313
2003-01-15,0.1459303612229334
2003-01-16,0.1455236571582008
2003-01-17,0.1529310498946507
2003-01-20,0.1377717645675
2003-01-21,0.1282048716855957
2003-01-22,0.1293884878987902
2003-01-23,0.1178469180372416
2003-01-24,0.1213228399852571
2003-01-27,0.1300823359804649
2003-01-28,0.1279629552093951
2003-01-29,0.1276289833338811
2003-01-30,0.1356085408785994
2003-01-31,0.1340861258014963
2003-02-03,0.1351315653733081
2003-02-04,0.1474948218727126
2003-02-05,0.1580101461640434
2003-02-06,0.1616852786710007
2003-02-07,0.1739572462583814
2003-02-10,0.1812639053002279
2003-02-11,0.1848188729033172
2003-02-12,0.1970489233225
2003-02-13,0.1965138064895
2003-02-14,0.2174644490995791
2003-02-17,0.2115129084671985
2003-02-18,0.1920600367876894
2003-02-19,0.1938772315033311
2003-02-20,0.1936366665035349
2003-02-21,0.1968632723206737
2003-02-24,0.2212993778424122
2003-02-25,0.2483016528861765
2003-02-26,0.2511913068214351
2003-02-27,0.266668420052489
2003-02-28,0.242043387491554
2003-03-10,0.181044192685626
2003-03-11,0.1833339125730695
2003-03-12,0.1998631540016082
2003-03-13,0.2400784474223253
2003-03-14,0.259876912877556
2003-03-17,0.2824051456950797
2003-03-18,0.3040837371402771
2003-03-19,0.309084284804909
2003-03-20,0.3165531732029759
2003-03-21,0.325377291930418
2003-03-24,0.3256180750482553
2003-03-25,0.3176108625844217
2003-03-26,0.2935414332081849
2003-03-27,0.2870061905811697
2003-03-28,0.2768336917018461
2003-03-31,0.2964243898008045
2003-04-01,0.2807152385270977
2003-04-02,0.2877513283496348
2003-04-03,0.284691612456789
2003-04-04,0.266605161036053
2003-04-07,0.2635871714853424
2003-04-08,0.2692714281582433
2003-04-09,0.2639360991679103
2003-04-10,0.2719534737955436
2003-04-11,0.2792557326093568
2003-04-14,0.2638679923436304
2003-04-15,0.2484579071278175
2003-04-16,0.2408382597064466
2003-04-17,0.256185232466943
2003-04-18,0.23897255610469
2003-04-21,0.2190959200997581
2003-04-22,0.2145481966644332
2003-04-23,0.21260725518537
2003-04-24,0.2115884490085057
2003-04-25,0.1972571068041687
2003-04-28,0.1932522884692336
2003-04-29,0.1866454694149089
2003-04-30,0.2031383324561829
2003-05-01,0.2022578561411263
2003-05-02,0.2120842598174845
2003-05-05,0.205602523846994
2003-05-06,0.212474807180083
2003-05-07,0.2368779709852725
2003-05-08,0.2431450380193552
2003-05-09,0.2276377694494489
2003-05-12,0.2394124897340013
2003-05-13,0.2176409535669496
2003-05-14,0.2153722919425948
2003-05-15,0.2224326907242897
2003-05-16,0.2203494669505985
2003-05-19,0.2863569314844861
2003-05-20,0.2852776627587524
2003-05-21,0.2829042876515407
2003-05-22,0.2754636973572973
2003-05-23,0.2805639038013002
2003-05-26,0.2633120603843621
2003-05-27,0.2691914033918222
2003-05-28,0.2982979496742857
2003-05-29,0.2663497921339725
2003-05-30,0.2672055696309801
2003-06-02,0.297975827565117
2003-06-03,0.2866225212207918
2003-06-04,0.2929418720653216
2003-06-05,0.2994118261108027
2003-06-06,0.3001797865502969
2003-06-09,0.2999810722897936
2003-06-10,0.2777637472885496
2003-06-11,0.2721841151744401
2003-06-12,0.248633284408924
2003-06-13,0.2346329572161953
2003-06-16,0.2341014303866749
2003-06-17,0.2190129551719031
2003-06-18,0.2196270322814809
2003-06-19,0.2215819859658524
2003-06-20,0.2123555952356876
2003-06-23,0.2165056055663322
2003-06-24,0.2028107348639595
2003-06-25,0.1908739846949476
2003-06-26,0.2169353907436944
2003-06-27,0.2138918421928201
2003-06-30,0.1883157752565759
2003-07-01,0.2116578460139383
2003-07-02,0.2235111894134992
2003-07-03,0.2413416077182508
2003-07-04,0.2344568221946188
2003-07-07,0.2584904834790144
2003-07-08,0.2535755986710194
2003-07-09,0.2518837758953658
2003-07-10,0.2366557450042113
2003-07-11,0.2316512661415923
2003-07-14,0.2199497469495183
2003-07-15,0.2320968219380941
2003-07-16,0.2110227946955198
2003-07-17,0.2303909990134864
2003-07-18,0.2312328109662116
2003-07-21,0.2388991744706433
2003-07-22,0.238052043167684
2003-07-23,0.2341895527221386
2003-07-24,0.2498514069425323
2003-07-25,0.2314043933548975
2003-07-28,0.2273667138298258
2003-07-29,0.2048574377828657
2003-07-30,0.1822911573471536
2003-07-31,0.1922930884861017
2003-08-01,0.2097952896394689
2003-08-04,0.2102947828056033
2003-08-05,0.2153675165559376
2003-08-06,0.2248107614672922
2003-08-07,0.2306271318757457
2003-08-08,0.2337743411982337
2003-08-11,0.2270588836120543
2003-08-12,0.2113091049031144
2003-08-13,0.2079063771570566
2003-08-14,0.1926352056213672
2003-08-15,0.1779737666023127
2003-08-18,0.16632992249023
2003-08-19,0.1705167213627708
2003-08-20,0.1675395858127041
2003-08-21,0.1729345268327843
2003-08-22,0.1722726425922919
2003-08-25,0.1693098583448946
2003-08-26,0.1706742050152257
2003-08-27,0.172750297145246
2003-08-28,0.1789394315904635
2003-08-29,0.177559825098528
2003-09-01,0.2082918060324647
2003-09-02,0.2332115659261876
2003-09-03,0.2350317589984612
2003-09-04,0.220198314718378
2003-09-05,0.2317146217285135
2003-09-08,0.2469531137849023
2003-09-09,0.2536319218480847
2003-09-10,0.25577380848203
2003-09-11,0.2474410570592118
2003-09-12,0.2503062874229633
2003-09-15,0.2566516442240254
2003-09-16,0.2464268519549088
2003-09-17,0.2319651400319244
2003-09-18,0.2236832733555963
2003-09-19,0.2083738972983511
2003-09-22,0.260098440505598
2003-09-23,0.2544291348143016
2003-09-24,0.243505538211203
2003-09-25,0.2227714387551685
2003-09-26,0.2097773857978017
2003-09-29,0.2058907539895384
2003-09-30,0.2477049639554833
2003-10-01,0.2611318702065424
2003-10-02,0.2620842108175842
2003-10-03,0.2708417366271644
2003-10-06,0.2537409416399858
2003-10-07,0.2788042275495991
2003-10-08,0.2692814372988101
2003-10-09,0.2732568800881312
2003-10-10,0.2609833964442161
2003-10-13,0.2676368598748633
2003-10-14,0.2586932704588709
2003-10-15,0.251017023591111
2003-10-16,0.2363678024487231
2003-10-17,0.2170803604940283
2003-10-20,0.2102023919641809
2003-10-21,0.1875492768973018
2003-10-22,0.1848659168283341
2003-10-23,0.1983488344747966
2003-10-24,0.1744535056372584
2003-10-27,0.1713133916513327
2003-10-28,0.1748767750648908
2003-10-29,0.1696461731857999
2003-10-30,0.1616824125558446
2003-10-31,0.1522716052891356
2003-11-03,0.1666369096728859
2003-11-04,0.1640152075104257
2003-11-05,0.1529696506987034
2003-11-06,0.1476730674129638
2003-11-07,0.1326795403478937
2003-11-10,0.1256226991867136
2003-11-11,0.1126651573844207
2003-11-12,0.1057306894642461
2003-11-13,0.0921213565820175
2003-11-14,0.0859136876405504
2003-11-17,0.1100063519190361
2003-11-18,0.0948911797524852
2003-11-19,0.1110345219008845
2003-11-20,0.1002385620186376
2003-11-21,0.0881112799408615
2003-11-24,0.1042579223601137
2003-11-25,0.0993128950229283
2003-11-26,0.0920485941680274
2003-11-27,0.0859307386549733
2003-11-28,0.0836121118341265
2003-12-01,0.0717234437611166
2003-12-02,0.0570158383534764
2003-12-03,0.0537169427879189
2003-12-04,0.0450779628173757
2003-12-05,0.0389205005413724
2003-12-08,0.039550342650689
2003-12-09,0.0325445243993645
2003-12-10,0.0281099618941144
2003-12-11,0.0225759926234416
2003-12-12,0.0194469810595874
2003-12-15,0.0141507131773849
2003-12-16,0.013926755595442
2003-12-17,0.0121896942423844
2003-12-18,0.0099100155683483
2003-12-19,0.0081951313863624
2003-12-22,0.0094073362418427
2003-12-23,0.0084308857179128
2003-12-24,0.0080491211032609
2003-12-25,0.0072398439760296
2003-12-26,0.0071015022550252
2003-12-29,0.0054900569348757
2003-12-30,0.0049411819765638
2003-12-31,0.0031770568625942
2004-01-01,0.00338355781634
2004-01-02,0.0027649730272993
2004-01-05,0.0038405126286791
2004-01-06,0.0046428077696697
2004-01-07,0.0077181325259482
2004-01-08,0.0075935422391531
2004-01-09,0.0142270346390696
2004-01-12,0.0182404653608897
2004-01-13,0.0222812348810081
2004-01-14,0.0193929175478644
2004-01-15,0.0175416150742118
2004-01-16,0.0244211604333955
2004-01-19,0.0261749634689625
2004-01-20,0.0343371599383545
2004-01-21,0.0360885867638564
2004-01-22,0.0368651033619255
2004-01-23,0.0393262208221228
2004-01-26,0.0380413054574025
2004-01-27,0.0408813510453578
2004-01-28,0.0349957016764336
2004-01-29,0.0292703745341331
2004-01-30,0.035966326212126
2004-02-02,0.0398959355817296
2004-02-03,0.0456563032295478
2004-02-04,0.0466296014970002
2004-02-05,0.0447565668904011
2004-02-06,0.0445358257602279
2004-02-09,0.0474376949998166
2004-02-10,0.0441451917047493
2004-02-11,0.0360343895419359
2004-02-12,0.0400416369553952
2004-02-13,0.0333140879021382
2004-02-16,0.0310785444679033
2004-02-17,0.0320402700122336
2004-02-18,0.0317079935730286
2004-02-19,0.0264561399881214
2004-02-20,0.0225042792314162
2004-02-23,0.0201389915458079
2004-02-24,0.0151897455927707
2004-02-25,0.0156230283963861
2004-02-26,0.0232535609271347
2004-02-27,0.0212078783754269
2004-03-01,0.0204871069677642
2004-03-02,0.0200058583090572
2004-03-03,0.0300319999761046
2004-03-04,0.0294636647366443
2004-03-05,0.0342306501372732
2004-03-08,0.0512531664073317
2004-03-09,0.0559333714686576
2004-03-10,0.0632967044692346
2004-03-11,0.0854865605760508
2004-03-12,0.0980528826375577
2004-03-15,0.1279987822504764
2004-03-16,0.1359200511714883
2004-03-17,0.1462773170919527
2004-03-18,0.1503680044604584
2004-03-19,0.1566973972138128
2004-03-22,0.1712215899796418
2004-03-23,0.1744129000081394
2004-03-24,0.1645106026057414
2004-03-25,0.1626195382231308
2004-03-26,0.1522271118347987
2004-03-29,0.1468915558523115
2004-03-30,0.1437987092575649
2004-03-31,0.141694776548595
2004-04-01,0.1548781799634269
2004-04-02,0.1219885143161982
2004-04-05,0.1448538000296841
2004-04-06,0.164574594108543
2004-04-07,0.1686148657791716
2004-04-08,0.162115415931048
2004-04-09,0.1538533285516917
2004-04-12,0.1364868427267322
2004-04-13,0.1390404345999238
2004-04-14,0.1389504280964986
2004-04-15,0.1235800444684791
2004-04-16,0.1103540861978242
2004-04-19,0.0980658252533179
2004-04-20,0.0905936400054315
2004-04-21,0.0828606003729295
2004-04-22,0.0685853698898832
2004-04-23,0.0536120872098043
2004-04-26,0.0488537668945346
2004-04-27,0.0397880979101334
2004-04-28,0.0360543822184572
2004-04-29,0.0400761397091085
2004-04-30,0.0370090192808798
2004-05-03,0.0294991262907808
2004-05-04,0.0310698874405108
2004-05-05,0.0278391232948144
2004-05-06,0.040886756488271
2004-05-07,0.0497969920396652
2004-05-10,0.0916536531058446
2004-05-11,0.1008640690657958
2004-05-12,0.1077261915004526
2004-05-13,0.1054454473971329
2004-05-14,0.1035952502370516
2004-05-17,0.1363256613460479
2004-05-18,0.1268559993102667
2004-05-19,0.1265840746665472
2004-05-20,0.1220055580502755
2004-05-21,0.1135500319572733
2004-05-24,0.1024635470425972
2004-05-25,0.106522534998756
2004-05-26,0.1066038554710899
2004-05-27,0.084490012182843
2004-05-28,0.0700438373551925
2004-05-31,0.0672251649156786
2004-06-01,0.0650769837463743
2004-06-02,0.0588323882774055
2004-06-03,0.048914322324091
2004-06-04,0.0410568358892445
2004-06-07,0.0507034300615702
2004-06-08,0.043461991164851
2004-06-09,0.0480983324922369
2004-06-10,0.0446113394941497
2004-06-11,0.0393867074983597
2004-06-14,0.0433680109688454
2004-06-15,0.0380745889322175
2004-06-16,0.0363325018657369
2004-06-17,0.0350565184238784
2004-06-18,0.0283031772864356
2004-06-21,0.0290839518172136
2004-06-22,0.026203149223961
2004-06-23,0.0242841929835756
2004-06-24,0.0215387174653139
2004-06-25,0.0200099202913448
2004-06-28,0.0156098564894981
2004-06-29,0.0138715063445481
2004-06-30,0.0139907982268128
2004-07-01,0.0118385953276808
2004-07-02,0.0124102746192206
2004-07-05,0.0124515850786445
2004-07-06,0.0094958150741032
2004-07-07,0.0071430928357225
2004-07-08,0.0069892013315795
2004-07-09,0.0079169677833493
2004-07-12,0.0081279062662721
2004-07-13,0.0057579795557601
2004-07-14,0.0077904751530689
2004-07-15,0.005240847642818
2004-07-16,0.0028470205730438
2004-07-19,0.0037694017688935
2004-07-20,0.0023135640483729
2004-07-21,0.0017640289063815
2004-07-22,0.0021812573828773
2004-07-23,0.0019187229669667
2004-07-26,0.0019077825798074
2004-07-27,0.0024456285026837
2004-07-28,0.0018860725534687
2004-07-29,0.0030867584679792
2004-07-30,0.0029975210891944
2004-08-02,0.0026221904798245
2004-08-03,0.0024365026382551
2004-08-04,0.0034624938188885
2004-08-05,0.0033052941227113
2004-08-06,0.0097354472833194
2004-08-09,0.0198350834196015
2004-08-10,0.0229576423932052
2004-08-11,0.0251527413814628
2004-08-12,0.0252246620257594
2004-08-13,0.0230108998072265
2004-08-16,0.0262353851279964
2004-08-17,0.0237382667878659
2004-08-18,0.0183524952788759
2004-08-19,0.0149468585092267
2004-08-20,0.0113779473373827
2004-08-23,0.0095447172746933
2004-08-24,0.0071835104335735
2004-08-25,0.0080787701532456
2004-08-26,0.0079848274421765
2004-08-27,0.00732674656605
2004-08-30,0.0072563985308238
2004-08-31,0.0071972715491637
2004-09-01,0.0063095761754028
2004-09-02,0.0057453978106038
2004-09-03,0.0047555041592271
2004-09-06,0.0047265519020314
2004-09-07,0.0044170106627708
2004-09-08,0.0041424687372572
2004-09-09,0.0063452781640724
2004-09-10,0.0051585319182921
2004-09-13,0.0052397144515434
2004-09-14,0.0041866627483905
2004-09-15,0.0036138775550556
2004-09-16,0.0045010140643556
2004-09-17,0.0042611814734851
2004-09-20,0.0041572450842543
2004-09-21,0.0070090497894018
2004-09-22,0.0068422447382594
2004-09-23,0.0077325488744586
2004-09-24,0.0070188510484162
2004-09-27,0.0071419892610827
2004-09-28,0.0089817161950266
2004-09-29,0.0056474487008817
2004-09-30,0.008314106533834
2004-10-01,0.0087741333583798
2004-10-04,0.0096783235465253
2004-10-05,0.0075963317369847
2004-10-06,0.0065816266932702
2004-10-07,0.0060470206591222
2004-10-08,0.0055024756315232
2004-10-11,0.0056585533383031
2004-10-12,0.0053226377909482
2004-10-13,0.0040830609210582
2004-10-14,0.0037326937924355
2004-10-15,0.0027029186798811
2004-10-18,0.0024896633685054
2004-10-19,0.0020217774088857
2004-10-20,0.0017776164682139
2004-10-21,0.0029509330891309
2004-10-22,0.0035226738609767
2004-10-25,0.0091903025278803
2004-10-26,0.0092611821011721
2004-10-27,0.0084239857454733
2004-10-28,0.0065603060016084
2004-10-29,0.0063148943329472
2004-11-01,0.0055207378516061
2004-11-02,0.0061550707457986
2004-11-03,0.0062185942912262
2004-11-04,0.0075320554333994
2004-11-05,0.0071078797824074
2004-11-08,0.0077863032865532
2004-11-09,0.0081472380126867
2004-11-10,0.0085889853972395
2004-11-11,0.0110230733179767
2004-11-12,0.0102839513293062
2004-11-15,0.0064676786825323
2004-11-16,0.0079889161178474
2004-11-17,0.0096202879392741
2004-11-18,0.0094538003355235
2004-11-19,0.0105058975474547
2004-11-22,0.009187294337516
2004-11-23,0.0095531192604065
2004-11-24,0.0073162538456623
2004-11-25,0.0067731438209657
2004-11-26,0.0043343533221894
2004-11-29,0.0033612041500448
2004-11-30,0.0046198076532811
2004-12-01,0.0057183598358151
2004-12-02,0.0052480593082423
2004-12-03,0.0062728781411489
2004-12-06,0.0059683098741617
2004-12-07,0.0043985506452662
2004-12-08,0.0072615203628632
2004-12-09,0.0091125295386088
2004-12-10,0.0076090740205804
2004-12-13,0.0071906787656764
2004-12-14,0.0052603099777197
2004-12-15,0.0046671439789053
2004-12-16,0.0053148120098067
2004-12-17,0.0092166574461285
2004-12-20,0.0109969546760732
2004-12-21,0.0106906617971192
2004-12-22,0.0139515160260385
2004-12-23,0.0137766173631772
2004-12-24,0.0145612378416359
2004-12-27,0.0135150992422292
2004-12-28,0.0135574375790037
2004-12-29,0.0143828114538097
2004-12-30,0.0103763038153897
2004-12-31,0.0087952791350557
2005-01-03,0.0110747649564777
2005-01-04,0.0112614837705998
2005-01-05,0.0130986496375495
2005-01-06,0.0124105878065005
2005-01-07,0.0119140825142412
2005-01-10,0.0125837197679493
2005-01-11,0.0064119169195909
2005-01-12,0.0048398365544549
2005-01-13,0.0057924053489309
2005-01-14,0.0088174809194049
2005-01-17,0.010298415475918
2005-01-18,0.0130284441708654
2005-01-19,0.0102501998139089
2005-01-20,0.0100517065388067
2005-01-21,0.0138073748135408
2005-01-24,0.0152633314037032
2005-01-25,0.0154458498297974
2005-01-26,0.0125196800158538
2005-01-27,0.0094436747570392
2005-01-28,0.0046969495099991
2005-01-31,0.003134548232364
2005-02-01,0.0028265980272424
2005-02-02,0.0029704538679116
2005-02-03,0.003188446180589
2005-02-04,0.0013298489840844
2005-02-07,0.0016681246933435
2005-02-08,0.0017394844191215
2005-02-09,0.0018254449590178
2005-02-10,0.0021141961944877
2005-02-11,0.001807786661594
2005-02-14,0.0020638079105393
2005-02-15,0.0019883919107174
2005-02-16,0.0017480859560167
2005-02-17,0.0021057024396162
2005-02-18,0.0019087447532194
2005-02-21,0.0032577205079183
2005-02-22,0.0020333881229894
2005-02-23,0.0026291758735924
2005-02-24,0.0025768185973605
2005-02-25,0.0017869390089267
2005-02-28,0.0020976981621775
2005-03-01,0.0022230175468607
2005-03-02,0.0018650503896464
2005-03-03,0.0011872373893834
2005-03-04,0.0008353980500654
2005-03-07,0.0013796837172479
2005-03-08,0.0016750903277093
2005-03-09,0.0031676267701487
2005-03-10,0.0036877490515667
2005-03-11,0.0035692332029574
2005-03-14,0.0025203919189694
2005-03-15,0.0030900779798668
2005-03-16,0.0012774247659216
2005-03-17,0.0012922418040906
2005-03-18,0.0014076819778331
2005-03-21,0.0011360970437569
2005-03-22,0.0011963791939199
2005-03-23,0.0007179542325163
2005-03-24,0.0011948130940158
2005-03-25,0.0012222729886318
2005-03-28,0.0014599677963733
2005-03-29,0.0009431227992656
2005-03-30,0.0007453697639565
2005-03-31,0.000671261835698
2005-04-01,0.0011669130469098
2005-04-04,0.0007159547664643
2005-04-05,0.0007411979103557
2005-04-06,0.0009192128806321
2005-04-07,0.0010235312958345
2005-04-08,0.0007031084391822
2005-04-11,0.0018518268585229
2005-04-12,0.002645947927105
2005-04-13,0.0029951043491308
2005-04-14,0.002488354868162
2005-04-15,0.0042913729069865
2005-04-18,0.0087568951368116
2005-04-19,0.0077249010530158
2005-04-20,0.0074393329687225
2005-04-21,0.0065010333067367
2005-04-22,0.0058124781563245
2005-04-25,0.0081367858035514
2005-04-26,0.0068123920149142
2005-04-27,0.0076912083967609
2005-04-28,0.0082899061680453
2005-04-29,0.0065848601287323
2005-05-02,0.0057493337757922
2005-05-03,0.0055434607408463
2005-05-04,0.004564879085133
2005-05-05,0.0029236340373735
2005-05-06,0.0026860235214204
2005-05-09,0.0013484442009639
2005-05-10,0.0010686950155404
2005-05-11,0.00124750409445
2005-05-12,0.0003799512228072
2005-05-13,0.0016327624128637
2005-05-16,0.0043732149015867
2005-05-17,0.0032660337607457
2005-05-18,0.0021390623958047
2005-05-19,0.001761415950128
2005-05-20,0.0013022189842179
2005-05-23,0.0009854533258741
2005-05-24,0.0007205459059027
2005-05-25,0.0009351391889272
2005-05-26,0.0007510112952405
2005-05-27,0.0018460543438724
2005-05-30,0.0015351115728811
2005-05-31,0.0058103509838396
2005-06-01,0.0066771105530061
2005-06-02,0.005488837446913
2005-06-03,0.0043731500945487
2005-06-06,0.0036054556190094
2005-06-07,0.0030951033309807
2005-06-08,0.0025464041206722
2005-06-09,0.0028581062346493
2005-06-10,0.0031614565143536
2005-06-13,0.003609559371617
2005-06-14,0.0031274015420644
2005-06-15,0.0046910036084212
2005-06-16,0.0046083425532472
2005-06-17,0.00550602848879
2005-06-20,0.0037147944132472
2005-06-21,0.0078189460658391
2005-06-22,0.0089882098038893
2005-06-23,0.0078504636700262
2005-06-24,0.0045488868137365
2005-06-27,0.0044480410917437
2005-06-28,0.0035765536632474
2005-06-29,0.003473211475247
2005-06-30,0.0068620148887828
2005-07-01,0.0084828145847877
2005-07-04,0.0124506887125994
2005-07-05,0.0145283561428963
2005-07-06,0.0141073412779561
2005-07-07,0.0133775023640728
2005-07-08,0.0075089490604842
2005-07-11,0.0087231108720498
2005-07-12,0.0099846974787243
2005-07-13,0.0091758182350294
2005-07-14,0.0086383239387358
2005-07-15,0.008367256830505
2005-07-18,0.0095759014109851
2005-07-19,0.0066082805293929
2005-07-20,0.0071272458690908
2005-07-21,0.0088648577052251
2005-07-22,0.0073187581534242
2005-07-25,0.0054892204683101
2005-07-26,0.0074117377919748
2005-07-27,0.0058078448555659
2005-07-28,0.0046877000657916
2005-07-29,0.0058266480375987
2005-08-01,0.0048617313695647
2005-08-02,0.0044069192161149
2005-08-03,0.0039006921451991
2005-08-04,0.0024312816007974
2005-08-05,0.0020582807441227
2005-08-08,0.0023235870773206
2005-08-09,0.0022086451808831
2005-08-10,0.0037690099143691
2005-08-11,0.0034618900878774
2005-08-12,0.0048959868526349
2005-08-15,0.003875734701503
2005-08-16,0.0066274288834166
2005-08-17,0.0047234569955096
2005-08-18,0.0061358488522294
2005-08-19,0.0063964421201078
2005-08-22,0.0064853583288186
2005-08-23,0.00567608369006
2005-08-24,0.0034699448133097
2005-08-25,0.0076790724248376
2005-08-26,0.0063626734620735
2005-08-29,0.0047268898091637
2005-08-30,0.005870997058335
2005-08-31,0.0052635558062799
2005-09-01,0.0094854575184678
2005-09-02,0.0077031891982879
2005-09-05,0.009225537609152
2005-09-06,0.00807216927197
2005-09-07,0.0050235546735287
2005-09-08,0.0026009300081472
2005-09-09,0.0019828884639839
2005-09-12,0.0067868076936573
2005-09-13,0.0123754504244452
2005-09-14,0.0087218250722091
2005-09-15,0.0090017225845408
2005-09-16,0.00991344910621
2005-09-19,0.0117588960221522
2005-09-20,0.0091917157645053
2005-09-21,0.0163319689996738
2005-09-22,0.0144952678223903
2005-09-23,0.0133072557372985
2005-09-26,0.0126774594736151
2005-09-27,0.0103161144205338
2005-09-28,0.0084156265390791
2005-09-29,0.0095653520603404
2005-09-30,0.0079746856952831
2005-10-03,0.0087022154102419
2005-10-04,0.0067499006551345
2005-10-05,0.0076070044144915
2005-10-06,0.0177878837674464
2005-10-07,0.0214181996476339
2005-10-10,0.0157305164592972
2005-10-11,0.0142738183707739
2005-10-12,0.0141061966576764
2005-10-13,0.0139269398187729
2005-10-14,0.0095728703194566
2005-10-17,0.00729794205871
2005-10-18,0.0082751278043175
2005-10-19,0.0144331423075837
2005-10-20,0.0121919411617312
2005-10-21,0.0139134428454317
2005-10-24,0.0136239634607486
2005-10-25,0.0146540210937532
2005-10-26,0.0170969435622734
2005-10-27,0.0224939765626461
2005-10-28,0.0164696631941615
2005-10-31,0.0211955449617922
2005-11-01,0.0175081052697403
2005-11-02,0.0123931143239759
2005-11-03,0.0107120763650612
2005-11-04,0.0114280276250804
2005-11-07,0.0125929091115369
2005-11-08,0.0135938282163028
2005-11-09,0.0120312443889937
2005-11-10,0.0072023538583359
2005-11-11,0.0047734429875843
2005-11-14,0.0061005842553733
2005-11-15,0.0066865465860578
2005-11-16,0.008523303483038
2005-11-17,0.0068285127859673
2005-11-18,0.0034897304508932
2005-11-21,0.0175847000648549
2005-11-22,0.0192559557783224
2005-11-23,0.0170029295677253
2005-11-24,0.0161402516297009
2005-11-25,0.0132639456472965
2005-11-28,0.0107780169350799
2005-11-29,0.0118386045501947
2005-11-30,0.0095029415591329
2005-12-01,0.0075514457082481
2005-12-02,0.0059948285971783
2005-12-05,0.0054317417945913
2005-12-06,0.0058634030405118
2005-12-07,0.0061447455107954
2005-12-08,0.0058544440282137
2005-12-09,0.004619234606878
2005-12-12,0.0062437427792416
2005-12-13,0.0046263864934435
2005-12-14,0.0067724557233664
2005-12-15,0.0091975168399892
2005-12-16,0.0062970276042742
2005-12-19,0.0051144415332379
2005-12-20,0.0039308548889575
2005-12-21,0.0036460464287407
2005-12-22,0.0030115749071173
2005-12-23,0.0024744484972774
2005-12-26,0.0021965800406054
2005-12-27,0.0021097243380317
2005-12-28,0.0026334277374015
2005-12-29,0.0021127464782332
2005-12-30,0.0015551625942997
2006-01-02,0.0016628861034117
2006-01-03,0.0011859256670507
2006-01-04,0.0028185825310514
2006-01-05,0.0025172421541729
2006-01-06,0.0026628683815439
2006-01-09,0.0069406310719214
2006-01-10,0.0067888739688668
2006-01-11,0.0062648398886287
2006-01-12,0.0081111547313235
2006-01-13,0.0078823192494049
2006-01-16,0.0079568086076903
2006-01-17,0.0062907194606712
2006-01-18,0.0057501392219296
2006-01-19,0.0061438029029158
2006-01-20,0.0085959808580179
2006-01-23,0.0108926145913744
2006-01-24,0.0087218008489998
2006-01-25,0.010690940273121
2006-01-26,0.0110886935561681
2006-01-27,0.0111664566136976
2006-01-30,0.0115170046469195
2006-01-31,0.0097648060324368
2006-02-01,0.0093546589033042
2006-02-02,0.007114946319685
2006-02-03,0.006272565054717
2006-02-06,0.0051384111600578
2006-02-07,0.0038638702697089
2006-02-08,0.0037091474242501
2006-02-09,0.0040088987428366
2006-02-10,0.0029753634735141
2006-02-13,0.0028202693201791
2006-02-14,0.0028162553036214
2006-02-15,0.00237039779068
2006-02-16,0.0022406400894476
2006-02-17,0.0016054670428435
2006-02-20,0.0015758711075011
2006-02-21,0.0013052370014803
2006-02-22,0.0012637730189289
2006-02-23,0.0014847219758729
2006-02-24,0.0011329234528684
2006-02-27,0.0015359513980837
2006-02-28,0.0050408334668013
2006-03-01,0.0059007536175336
2006-03-02,0.0093221763230756
2006-03-03,0.0124479543476245
2006-03-06,0.0088348108241241
2006-03-07,0.010096579532238
2006-03-08,0.0100951188647449
2006-03-09,0.0071912752754609
2006-03-10,0.0083065248668978
2006-03-13,0.0072563844058682
2006-03-14,0.0058728022773474
2006-03-15,0.0047000326108301
2006-03-16,0.0039251692021383
2006-03-17,0.004562709654251
2006-03-20,0.0027847866623178
2006-03-21,0.0017844729390341
2006-03-22,0.0017223348543448
2006-03-23,0.0009410531867449
2006-03-24,0.0007323978414018
2006-03-27,0.0018467954032424
2006-03-28,0.0052454842782804
2006-03-29,0.004572545019487
2006-03-30,0.0041627275746477
2006-03-31,0.0028684409835319
2006-04-03,0.0026468194385476
2006-04-04,0.0035469543262667
2006-04-05,0.0025545842747248
2006-04-06,0.0022663314362276
2006-04-07,0.0088211164763827
2006-04-10,0.0079010261319024
2006-04-11,0.0098534157209357
2006-04-12,0.0070377418942549
2006-04-13,0.0054466140776031
2006-04-14,0.0034186082908841
2006-04-17,0.0022810772630206
2006-04-18,0.0043916457387133
2006-04-19,0.0034730636600707
2006-04-20,0.0028135974571129
2006-04-21,0.0022954461516319
2006-04-24,0.0028482230575968
2006-04-25,0.002533844800198
2006-04-26,0.0019669613231005
2006-04-27,0.0014757021479559
2006-04-28,0.0022280983380129
2006-05-01,0.0015037640298306
2006-05-02,0.0020110560740526
2006-05-03,0.0025455630903015
2006-05-04,0.0019867626733824
2006-05-05,0.0034105868504789
2006-05-08,0.0049897884618256
2006-05-09,0.0038396511046466
2006-05-10,0.003637578795555
2006-05-11,0.0037204551250441
2006-05-12,0.0157900205814133
2006-05-15,0.0176180583958323
2006-05-16,0.0153746034007501
2006-05-17,0.0272209084259956
2006-05-18,0.0315227455876036
2006-05-19,0.0301352111041977
2006-05-22,0.0417381322120198
2006-05-23,0.0404032993013677
2006-05-24,0.0443627313742141
2006-05-25,0.0426460147180377
2006-05-26,0.0377039535595148
2006-05-29,0.0320836660444063
2006-05-30,0.0326049149682852
2006-05-31,0.0314902328563849
2006-06-01,0.0285882597651877
2006-06-02,0.0291500600481982
2006-06-05,0.0330151883853286
2006-06-06,0.0395628621185393
2006-06-07,0.0392155599837266
2006-06-08,0.0504021050235002
2006-06-09,0.0407540430945703
2006-06-12,0.042837982370513
2006-06-13,0.0449486218746703
2006-06-14,0.0441518137349427
2006-06-15,0.0443546650432212
2006-06-16,0.0388115264346984
2006-06-19,0.0383836811048958
2006-06-20,0.0314519716209024
2006-06-21,0.0272200356646913
2006-06-22,0.0238314214955325
2006-06-23,0.0211069275961012
2006-06-26,0.0197884391935817
2006-06-27,0.0200628961848232
2006-06-28,0.0186758992020833
2006-06-29,0.0195816747010739
2006-06-30,0.0174588994718596
2006-07-03,0.0164598262639446
2006-07-04,0.0155688058884343
2006-07-05,0.014179827715734
2006-07-06,0.0138419904888385
2006-07-07,0.0117924216675042
2006-07-10,0.0073100436729049
2006-07-11,0.0074106617707507
2006-07-12,0.0062551623202707
2006-07-13,0.0081819236894534
2006-07-14,0.013016205824519
2006-07-17,0.0122941372725412
2006-07-18,0.0109936757945395
2006-07-19,0.0158358490124805
2006-07-20,0.0156426318575055
2006-07-21,0.0176308530035067
2006-07-24,0.0181737873848815
2006-07-25,0.0166734019057229
2006-07-26,0.0170427105076527
2006-07-27,0.0187092027427039
2006-07-28,0.0191167786911343
2006-07-31,0.0157739769640639
2006-08-01,0.0165565563871575
2006-08-02,0.0177194081063531
2006-08-03,0.0124318132588282
2006-08-04,0.0084828367755045
2006-08-07,0.0087727390472564
2006-08-08,0.0089333979701406
2006-08-09,0.008884680576974
2006-08-10,0.008903716183724
2006-08-11,0.0080850697476982
2006-08-14,0.0099241254025424
2006-08-15,0.0094744234160693
2006-08-16,0.0082885546045825
2006-08-17,0.0070672546183434
2006-08-18,0.0059569677962076
2006-08-21,0.006533840704457
2006-08-22,0.0058029502055627
2006-08-23,0.0035852571166413
2006-08-24,0.0024055758004416
2006-08-25,0.0020468732202752
2006-08-28,0.0017030731215054
2006-08-29,0.0012820235135404
2006-08-30,0.001027448536746
2006-08-31,0.0008468000279732
2006-09-01,0.0007531204098771
2006-09-04,0.0006799376069701
2006-09-05,0.0005131854003047
2006-09-06,0.0024234249462127
2006-09-07,0.0028089452947445
2006-09-08,0.0014405318278011
2006-09-11,0.0016545380724246
2006-09-12,0.002457089680534
2006-09-13,0.0019563296449064
2006-09-14,0.0011660672941725
2006-09-15,0.0007067189710058
2006-09-18,0.0007472647862413
2006-09-19,0.0018443686186381
2006-09-20,0.0020991217118889
2006-09-21,0.0037371204038994
2006-09-22,0.0043685076567224
2006-09-25,0.0037882214381414
2006-09-26,0.0034923174283228
2006-09-27,0.0028317031280082
2006-09-28,0.0064528684510576
2006-09-29,0.005869616250461
2006-10-02,0.0039090490708657
2006-10-03,0.0043276101043192
2006-10-04,0.0050336755343418
2006-10-05,0.0038354584089324
2006-10-06,0.0029627040820215
2006-10-09,0.0033366176757966
2006-10-10,0.0024973746206819
2006-10-11,0.0019914476468485
2006-10-12,0.0017307550851
2006-10-13,0.0016654875988895
2006-10-16,0.0019313132028315
2006-10-17,0.0010910709345689
2006-10-18,0.0009277791451632
2006-10-19,0.0010109215592641
2006-10-20,0.0010843855405299
2006-10-23,0.0007810004721269
2006-10-24,0.0014970821405574
2006-10-25,0.0016966736903701
2006-10-26,0.0022064561217702
2006-10-27,0.0011565189434044
2006-10-30,0.0006018971123779
2006-10-31,0.000686395996916
2006-11-01,0.0010416968215328
2006-11-02,0.0004894016113902
2006-11-03,0.0007870683083855
2006-11-06,0.0002682857901116
2006-11-07,0.0003565340526229
2006-11-08,0.0005921453224264
2006-11-09,0.0007180422587979
2006-11-10,0.0010294012095152
2006-11-13,0.0018180906011899
2006-11-14,0.0019953695097549
2006-11-15,0.0013829922544268
2006-11-16,0.0020778278134123
2006-11-17,0.0013898297970611
2006-11-20,0.001802165120627
2006-11-21,0.0019818738224276
2006-11-22,0.0021660156435937
2006-11-23,0.0018486016910187
2006-11-24,0.0004392844712865
2006-11-27,0.0053885789094166
2006-11-28,0.0036123145650788
2006-11-29,0.0041238234140315
2006-11-30,0.0031232554705325
2006-12-01,0.0037196978267357
2006-12-04,0.0029427130643669
2006-12-05,0.0033661258383894
2006-12-06,0.0023737630575738
2006-12-07,0.0019751278968356
2006-12-08,0.0013686907875161
2006-12-11,0.0013988091803781
2006-12-12,0.0009851621500628
2006-12-13,0.0010081863676874
2006-12-14,0.0007669428748825
2006-12-15,0.0006070117892602
2006-12-18,0.0003582277151394
2006-12-19,0.0007158677122904
2006-12-20,0.0003798938295597
2006-12-21,0.0007959566962087
2006-12-22,0.0008631328538551
2006-12-25,0.0009096304044761
2006-12-26,0.0014548952042204
2006-12-27,0.0007863068101999
2006-12-28,0.0010733494231044
2006-12-29,0.0014393831494299
2007-01-01,0.0018465816038609
2007-01-02,0.0004934681332444
2007-01-03,0.0008364675702612
2007-01-04,0.0006992784500163
2007-01-05,0.0030039866755314
2007-01-08,0.0021593102911646
2007-01-09,0.0018988723034858
2007-01-10,0.0013457743976334
2007-01-11,0.003554975705401
2007-01-12,0.0052695583829612
2007-01-15,0.0049658408293
2007-01-16,0.0037434836569589
2007-01-17,0.002514070741117
2007-01-18,0.0021517949735327
2007-01-19,0.0015908969891609
2007-01-22,0.0015165816708924
2007-01-23,0.0014001991531072
2007-01-24,0.0014316325719093
2007-01-25,0.0024645494743144
2007-01-26,0.0018715022336989
2007-01-29,0.0016839970975705
2007-01-30,0.0010028907688109
2007-01-31,0.0009217026059179
2007-02-01,0.0009226806198644
2007-02-02,0.0007654460590285
2007-02-05,0.0015256470128855
2007-02-06,0.0016780446567653
2007-02-07,0.0011832870497883
2007-02-08,0.0024319176219055
2007-02-09,0.0026089259405787
2007-02-12,0.0021192848673293
2007-02-13,0.0015004342034722
2007-02-14,0.0011555028991472
2007-02-15,0.0012813474204991
2007-02-16,0.0014120707440159
2007-02-19,0.001398829876911
2007-02-20,0.0014664488778293
2007-02-21,0.001384717470767
2007-02-22,0.0010928306564836
2007-02-23,0.001364764160762
2007-02-26,0.0015078000035722
2007-02-27,0.0347817631039328
2007-02-28,0.0297093865710421
2007-03-01,0.0296104065932959
2007-03-02,0.0310189134167695
2007-03-05,0.0385679096841759
2007-03-06,0.0334402194402054
2007-03-07,0.0309857019006612
2007-03-08,0.0299453968921353
2007-03-09,0.0248449815798911
2007-03-12,0.020611745961029
2007-03-13,0.0228796052006772
2007-03-14,0.0198862389048336
2007-03-15,0.0189889406902085
2007-03-16,0.0156611334202118
2007-03-19,0.0172080498835051
2007-03-20,0.0142499585652701
2007-03-21,0.0160522952568987
2007-03-22,0.0133579502222818
2007-03-23,0.0130173260656972
2007-03-26,0.0113006839476879
2007-03-27,0.0108487697637836
2007-03-28,0.0109397912651646
2007-03-29,0.0100766778164162
2007-03-30,0.0096972109629923
2007-04-02,0.0077747042792563
2007-04-03,0.009825184801626
2007-04-04,0.0076997135119361
2007-04-05,0.0057554144534893
2007-04-06,0.0038423885517297
2007-04-09,0.002746408809491
2007-04-10,0.002473165135065
2007-04-11,0.0018412583184817
2007-04-12,0.001372664720869
2007-04-13,0.0018742358125608
2007-04-16,0.0028786563077349
2007-04-17,0.0022355377657539
2007-04-18,0.0021237550886043
2007-04-19,0.0024124364340401
2007-04-20,0.002499468929278
2007-04-23,0.0017765520000918
2007-04-24,0.0016307234314127
2007-04-25,0.0015129740051352
2007-04-26,0.001477449808765
2007-04-27,0.001524774930763
2007-04-30,0.0015842279291594
2007-05-01,0.0022953706290528
2007-05-02,0.0027038182240347
2007-05-03,0.002392160762715
2007-05-04,0.0030843336487184
2007-05-07,0.0041114212688334
2007-05-08,0.003084378873582
2007-05-09,0.0018837520422009
2007-05-10,0.0023030346702843
2007-05-11,0.0011593864944063
2007-05-14,0.0022306893938274
2007-05-15,0.0014944128057546
2007-05-16,0.0011399795029342
2007-05-17,0.0011627301257213
2007-05-18,0.0012815542429977
2007-05-21,0.0018335043900033
2007-05-22,0.002214387789985
2007-05-23,0.0014948458235578
2007-05-24,0.003392914628756
2007-05-25,0.0033869622856534
2007-05-28,0.0032379514076551
2007-05-29,0.003111032304839
2007-05-30,0.0035578924390478
2007-05-31,0.0033189109528159
2007-06-01,0.0031453435229091
2007-06-04,0.003335945419609
2007-06-05,0.0021417384548783
2007-06-06,0.0032632751460201
2007-06-07,0.0104665775827637
2007-06-08,0.0127114898231968
2007-06-11,0.0136899961794617
2007-06-12,0.0158009061224092
2007-06-13,0.0153934097461477
2007-06-14,0.0174159852942416
2007-06-15,0.020356907749486
2007-06-18,0.0181788137626351
2007-06-19,0.0171272836164915
2007-06-20,0.0182854636654166
2007-06-21,0.0147903958333248
2007-06-22,0.0137471255096777
2007-06-25,0.0135676458612922
2007-06-26,0.0138039959691864
2007-06-27,0.0127545482586118
2007-06-28,0.0195733453570577
2007-06-29,0.0200833269484466
2007-07-02,0.0154572238512774
2007-07-03,0.017165562676305
2007-07-04,0.0173870408940464
2007-07-05,0.0169519807410161
2007-07-06,0.0178757780049242
2007-07-09,0.0181102138912772
2007-07-10,0.0212302924447521
2007-07-11,0.0201618375864023
2007-07-12,0.0250720987153337
2007-07-13,0.0259010997199091
2007-07-16,0.0252372119049285
2007-07-17,0.0213618526309522
2007-07-18,0.0237900307778352
2007-07-19,0.0240175392918779
2007-07-20,0.0346847260820599
2007-07-23,0.0353278310052327
2007-07-24,0.0384987237293484
2007-07-25,0.0325833269536101
2007-07-26,0.0550375645300898
2007-07-27,0.0581006490433021
2007-07-30,0.0558097263619218
2007-07-31,0.0630902609049314
2007-08-01,0.0694371391481742
2007-08-02,0.0662589204163415
2007-08-03,0.0687484394230332
2007-08-06,0.0530827623112099
2007-08-07,0.0536369690525457
2007-08-08,0.055456355155666
2007-08-09,0.0666574103842048
2007-08-10,0.0723171554573849
2007-08-13,0.0823726625292206
2007-08-14,0.0806012059006431
2007-08-15,0.0835887906344901
2007-08-16,0.1171398802808928
2007-08-17,0.1296000783683832
2007-08-20,0.1344152786900706
2007-08-21,0.1385279984369994
2007-08-22,0.1368800340417178
2007-08-23,0.1299781598790271
2007-08-24,0.120879884251958
2007-08-27,0.1118584137786562
2007-08-28,0.1099458358752142
2007-08-29,0.1019020244487456
2007-08-30,0.1005232883841675
2007-08-31,0.0986035370160678
2007-09-03,0.0910353642183209
2007-09-04,0.0869475314540622
2007-09-05,0.0833170811807282
2007-09-06,0.0734411374167157
2007-09-07,0.0833894028792805
2007-09-10,0.0750092341283672
2007-09-11,0.0789854294566121
2007-09-12,0.0739764766342374
2007-09-13,0.0758827894612589
2007-09-14,0.0705043289354632
2007-09-17,0.0643372039986807
2007-09-18,0.0710531370284576
2007-09-19,0.0843323896460983
2007-09-20,0.0768700398990247
2007-09-21,0.0777518068210465
2007-09-24,0.0748652865937407
2007-09-25,0.0730295332531055
2007-09-26,0.075932472349927
2007-09-27,0.0599924878145749
2007-09-28,0.0502484347434006
2007-10-01,0.0459599697672057
2007-10-02,0.0364083250778455
2007-10-03,0.0319406788016911
2007-10-04,0.0258290220978529
2007-10-05,0.0239798692524931
2007-10-08,0.0216569006467177
2007-10-09,0.0186809485125802
2007-10-10,0.0168509381228354
2007-10-11,0.0142231734135045
2007-10-12,0.0108981544295811
2007-10-15,0.0103307831742196
2007-10-16,0.0102271835969245
2007-10-17,0.0103658201105533
2007-10-18,0.0102665380226173
2007-10-19,0.0164441032010396
2007-10-22,0.020091343363965
2007-10-23,0.0226558852174001
2007-10-24,0.0235665387159015
2007-10-25,0.0236381013624206
2007-10-26,0.0183503100030853
2007-10-29,0.0177234192161
2007-10-30,0.0155156360819446
2007-10-31,0.0184800491933412
2007-11-01,0.0186849323747093
2007-11-02,0.0226968086664305
2007-11-05,0.0290762627610093
2007-11-06,0.0328644176049154
2007-11-07,0.037300267006125
2007-11-08,0.0400056671683172
2007-11-09,0.0494680946991041
2007-11-12,0.0541839435895842
2007-11-13,0.0544565257495526
2007-11-14,0.0588343330276447
2007-11-15,0.0657742910403854
2007-11-16,0.067025427956459
2007-11-19,0.0870256606745449
2007-11-20,0.0904392443103657
2007-11-21,0.1019841018043305
2007-11-22,0.101844578462943
2007-11-23,0.1030629771809577
2007-11-26,0.1006891040292427
2007-11-27,0.0961351673557129
2007-11-28,0.1147184298775157
2007-11-29,0.1135105023473988
2007-11-30,0.1196251024468628
2007-12-03,0.1306037564453879
2007-12-04,0.1374384741182324
2007-12-05,0.1567705141683345
2007-12-06,0.1478356490351646
2007-12-07,0.1554387864536968
2007-12-10,0.1523835180945361
2007-12-11,0.1442924752066043
2007-12-12,0.1396745606434525
2007-12-13,0.1419881679607327
2007-12-14,0.1261335938851093
2007-12-17,0.1404168205369091
2007-12-18,0.1439367187494507
2007-12-19,0.1487286414802359
2007-12-20,0.1438736148055362
2007-12-21,0.1527839194050538
2007-12-24,0.1444540495686681
2007-12-25,0.1278814571092619
2007-12-26,0.1085771361865102
2007-12-27,0.0978723375392502
2007-12-28,0.0963078375111026
2007-12-31,0.0861379270244459
2008-01-01,0.0750890113232162
2008-01-02,0.0871587596222933
2008-01-03,0.0989907085071315
2008-01-04,0.1066591383593052
2008-01-07,0.1101425646078472
2008-01-08,0.1120985642319162
2008-01-09,0.1154689723549561
2008-01-10,0.1129021714395462
2008-01-11,0.1029381467836102
2008-01-14,0.090851985790653
2008-01-15,0.1049522151248237
2008-01-16,0.1336676468243731
2008-01-17,0.1637090706374624
2008-01-18,0.1728263662094679
2008-01-21,0.2566766702388081
2008-01-22,0.2993927712782229
2008-01-23,0.3433048791526455
2008-01-24,0.344242690256355
2008-01-25,0.3695624734986407
2008-01-28,0.3638801491874655
2008-01-29,0.3522079727123669
2008-01-30,0.3399781529470769
2008-01-31,0.3417101386806405
2008-02-01,0.3312439176541841
2008-02-04,0.3206011148571656
2008-02-05,0.335762942181982
2008-02-06,0.3350261667632804
2008-02-07,0.3193710882513814
2008-02-08,0.3289146448075923
2008-02-11,0.321960566862379
2008-02-12,0.309917532082641
2008-02-13,0.2979260383944838
2008-02-14,0.290435075113167
2008-02-15,0.3012743740411758
2008-02-18,0.2869462331988111
2008-02-19,0.2668735482702244
2008-02-20,0.256870075337266
2008-02-21,0.2586750750949306
2008-02-22,0.240603378910731
2008-02-25,0.2341794099446321
2008-02-26,0.2271522816233923
2008-02-27,0.2106224897200016
2008-02-28,0.2338976323494521
2008-02-29,0.2846188399026917
2008-03-03,0.2887836908631873
2008-03-04,0.301153954760339
2008-03-05,0.3023155550905018
2008-03-06,0.3008068959082917
2008-03-07,0.2991161507588477
2008-03-10,0.3201470995053335
2008-03-11,0.3514801619535388
2008-03-12,0.3476034831722071
2008-03-13,0.3526864520132615
2008-03-14,0.3659953903122651
2008-03-17,0.4332557781240937
2008-03-18,0.4559735632889368
2008-03-19,0.472978980870826
2008-03-20,0.4913217815069465
2008-03-21,0.4874514302576947
2008-03-24,0.462814127710655
2008-03-25,0.501424862469803
2008-03-26,0.5083557099624293
2008-03-27,0.4986814516723614
2008-03-28,0.4817153873052537
2008-03-31,0.4622420600857373
2008-04-01,0.4624832833947707
2008-04-02,0.4403266472123346
2008-04-03,0.4252637982151767
2008-04-04,0.4189741755350016
2008-04-07,0.4068220155728654
2008-04-08,0.4024558749126229
2008-04-09,0.3882666425280817
2008-04-10,0.3871534789112034
2008-04-11,0.4010749872342009
2008-04-14,0.3809376447508039
2008-04-15,0.3687052359630109
2008-04-16,0.375867990564015
2008-04-17,0.3573818358258648
2008-04-18,0.3649557277086633
2008-04-21,0.3581491108503277
2008-04-22,0.341917297518682
2008-04-23,0.3226902857274041
2008-04-24,0.3191230678275406
2008-04-25,0.3151524738184345
2008-04-28,0.2974469474858308
2008-04-29,0.3131536072826071
2008-04-30,0.294444531779469
2008-05-01,0.2658383498490581
2008-05-02,0.2651435762081881
2008-05-05,0.2505807073609513
2008-05-06,0.2376597434353063
2008-05-07,0.2226618238929836
2008-05-08,0.2492381162617478
2008-05-09,0.2543236077937759
2008-05-12,0.2529838519105295
2008-05-13,0.24865345363201
2008-05-14,0.2425517622395309
2008-05-15,0.2328872036696143
2008-05-16,0.2245391647942955
2008-05-19,0.2014530372104501
2008-05-20,0.1938910465515021
2008-05-21,0.1947335399997022
2008-05-22,0.200583178087019
2008-05-23,0.2079439632827006
2008-05-26,0.20220878457351
2008-05-27,0.2022445199609012
2008-05-28,0.1913898141837028
2008-05-29,0.1909879491574052
2008-05-30,0.1834882231539053
2008-06-02,0.1945824703147755
2008-06-03,0.1909874200659581
2008-06-04,0.1706904922189103
2008-06-05,0.1622251450083081
2008-06-06,0.1717777793150433
2008-06-09,0.2177408627464215
2008-06-10,0.2484371548857475
2008-06-11,0.2890608185253328
2008-06-12,0.2963051299775505
2008-06-13,0.3003556164889323
2008-06-16,0.2994227621674648
2008-06-17,0.3030154544734563
2008-06-18,0.2936781334561538
2008-06-19,0.2886412816710657
2008-06-20,0.3147925872717593
2008-06-23,0.2996581109472457
2008-06-24,0.2847393233233182
2008-06-25,0.2649747553445243
2008-06-26,0.3039085224487619
2008-06-27,0.2955565679750203
2008-06-30,0.2867561610777935
2008-07-01,0.2842781806237904
2008-07-02,0.285306850913045
2008-07-03,0.2904792634439539
2008-07-04,0.3205726635956017
2008-07-07,0.3281563165152422
2008-07-08,0.3215835076431055
2008-07-09,0.3118373695704829
2008-07-10,0.2934385612870723
2008-07-11,0.3116839293631976
2008-07-14,0.306484487930349
2008-07-15,0.3159811795387497
2008-07-16,0.3210504061628639
2008-07-17,0.3352063102786165
2008-07-18,0.339032029406384
2008-07-21,0.3263034237826059
2008-07-22,0.3090424536869196
2008-07-23,0.3126500790261982
2008-07-24,0.329970343610344
2008-07-25,0.3232547527466774
2008-07-28,0.3371240874197005
2008-07-29,0.3298723061703409
2008-07-30,0.3271043659028823
2008-07-31,0.3164546737877088
2008-08-01,0.3213374422677504
2008-08-04,0.3174412271458099
2008-08-05,0.32260735023382
2008-08-06,0.3113426886155519
2008-08-07,0.3116901111707736
2008-08-08,0.3249842050436705
2008-08-11,0.3474098307420328
2008-08-12,0.3553835173881268
2008-08-13,0.392460522940709
2008-08-14,0.3941090902573991
2008-08-15,0.4034081113865407
2008-08-18,0.3914936619560219
2008-08-19,0.3953126487595523
2008-08-20,0.3949202757847389
2008-08-21,0.3937751370846202
2008-08-22,0.3983513613409059
2008-08-25,0.3984971736239228
2008-08-26,0.3970352663898043
2008-08-27,0.4001851965154486
2008-08-28,0.4009876609646879
2008-08-29,0.3735977141499143
2008-09-01,0.382871540619452
2008-09-02,0.3640106699920475
2008-09-03,0.3393655136514991
2008-09-04,0.3799715732313121
2008-09-05,0.427639893972184
2008-09-08,0.4308789046670766
2008-09-09,0.4270165062428596
2008-09-10,0.4093560087738618
2008-09-11,0.4239097996028134
2008-09-12,0.4430202020731613
2008-09-15,0.5018756491552169
2008-09-16,0.509530325920438
2008-09-17,0.514212558450826
2008-09-18,0.5153762309668775
2008-09-19,0.5510712927340882
2008-09-22,0.5529686944409569
2008-09-23,0.5458183294873039
2008-09-24,0.5487698875650067
2008-09-25,0.5296435246662259
2008-09-26,0.5373805484130891
2008-09-29,0.5643884420470509
2008-09-30,0.5966505146683565
2008-10-01,0.6040013728800869
2008-10-02,0.6278460176099796
2008-10-03,0.6354265482054009
2008-10-06,0.677745131919631
2008-10-07,0.6823536138136043
2008-10-08,0.6861390202434224
2008-10-09,0.6997434423425715
2008-10-10,0.7345227273631258
2008-10-13,0.7334188125776319
2008-10-14,0.7440521429242981
2008-10-15,0.7544119714891797
2008-10-16,0.7749586415693343
2008-10-17,0.7796146857583395
2008-10-20,0.7770752758089872
2008-10-21,0.8057589777273598
2008-10-22,0.8391149790984834
2008-10-23,0.845977801054354
2008-10-24,0.8581598016829078
2008-10-27,0.8512082084971286
2008-10-28,0.8007254868342739
2008-10-29,0.8025710777331445
2008-10-30,0.7899871270727329
2008-10-31,0.7963691609764878
2008-11-03,0.7929052887228814
2008-11-04,0.7752092548582334
2008-11-05,0.769859127322988
2008-11-06,0.788389957982208
2008-11-07,0.7845839981424569
2008-11-10,0.7782963522320597
2008-11-11,0.7783681111530695
2008-11-12,0.7915835419797468
2008-11-13,0.8011059246352454
2008-11-14,0.8042597184074387
2008-11-17,0.8028121226808242
2008-11-18,0.7989638742981298
2008-11-19,0.8287897222875742
2008-11-20,0.8554457656676144
2008-11-21,0.8556179111646242
2008-11-24,0.8599292559024391
2008-11-25,0.8618311282781901
2008-11-26,0.8580680191581697
2008-11-27,0.8446091382645826
2008-11-28,0.8551347237904168
2008-12-01,0.871679577653051
2008-12-02,0.8619477945705483
2008-12-03,0.8344684358525698
2008-12-04,0.8496209630724545
2008-12-05,0.8547824396896886
2008-12-08,0.8780535271123189
2008-12-09,0.8690192083789827
2008-12-10,0.8612839266943408
2008-12-11,0.8785622360724477
2008-12-12,0.8773444414376126
2008-12-15,0.8787881061931188
2008-12-16,0.8705745967940145
2008-12-17,0.8791088751068878
2008-12-18,0.8783855188867551
2008-12-19,0.8770884688546832
2008-12-22,0.871870506409899
2008-12-23,0.8641841246431304
2008-12-24,0.8497386598610339
2008-12-25,0.8315078263449993
2008-12-26,0.8102495186745087
2008-12-29,0.8083929525727802
2008-12-30,0.7980231250732566
2008-12-31,0.7808201540310203
2009-01-01,0.7541965652386794
2009-01-02,0.7633066735920675
2009-01-05,0.7600435976780544
2009-01-06,0.7871312569706419
2009-01-07,0.7939523837153799
2009-01-08,0.8020047627313529
2009-01-09,0.8179309408845008
2009-01-12,0.8279320109945443
2009-01-13,0.828723695425875
2009-01-14,0.8521832241016206
2009-01-15,0.8643536074455132
2009-01-16,0.8620217971445805
2009-01-19,0.8603651244117025
2009-01-20,0.8605976260049077
2009-01-21,0.8574346675594458
2009-01-22,0.8584181796198256
2009-01-23,0.8688399588745797
2009-01-26,0.8695332467389405
2009-01-27,0.8630673531826701
2009-01-28,0.8603849883565193
2009-01-29,0.8647605886059491
2009-01-30,0.8583873892514393
2009-02-02,0.8512120922463238
2009-02-03,0.8405898796811717
2009-02-04,0.8177636495811209
2009-02-05,0.8084143448145198
2009-02-06,0.7909177283270705
2009-02-09,0.7826499761439132
2009-02-10,0.771132552163555
2009-02-11,0.7910844225437492
2009-02-12,0.8039662340837364
2009-02-13,0.7959355136191654
2009-02-16,0.7918895625930816
2009-02-17,0.796556473733848
2009-02-18,0.7854730307041018
2009-02-19,0.781629618304458
2009-02-20,0.789995677655371
2009-02-23,0.7967375990956649
2009-02-24,0.7682146736351105
2009-02-25,0.7449323915944746
2009-02-26,0.7435400356634856
2009-02-27,0.7393714202838302
2009-03-02,0.7376490288829937
2009-03-03,0.7186569875730852
2009-03-04,0.698550990766851
2009-03-05,0.6900371555600948
2009-03-06,0.6969754385103588
2009-03-09,0.7079150651884896
2009-03-10,0.7291435715897642
2009-03-11,0.7278411791936258
2009-03-12,0.7209335741598548
2009-03-13,0.7224392141708984
2009-03-16,0.7196026795331525
2009-03-17,0.7116001018695487
2009-03-18,0.7150173741995864
2009-03-19,0.7350029394011701
2009-03-20,0.7335987726446593
2009-03-23,0.7382549964137215
2009-03-24,0.7358445055699826
2009-03-25,0.7209554005373837
2009-03-26,0.716680944842299
2009-03-27,0.7370486718515512
2009-03-30,0.739891750391747
2009-03-31,0.7360046030020353
2009-04-01,0.7282474335560976
2009-04-02,0.7432380734624934
2009-04-03,0.7426844212190966
2009-04-06,0.7264319676537528
2009-04-07,0.7125062657365425
2009-04-08,0.7185346309146221
2009-04-09,0.6985972642755754
2009-04-10,0.6900944118377192
2009-04-13,0.6722114507119679
2009-04-14,0.6535698242623456
2009-04-15,0.6582610069570213
2009-04-16,0.639097039000806
2009-04-17,0.6458219369773444
2009-04-20,0.6840635207630429
2009-04-21,0.6756691868939905
2009-04-22,0.6514959419554261
2009-04-23,0.6508320429053661
2009-04-24,0.6527391122479846
2009-04-27,0.6554618332197268
2009-04-28,0.6591029207109734
2009-04-29,0.6621031521468912
2009-04-30,0.6460454409794252
2009-05-01,0.638729571671025
2009-05-04,0.6390298150648721
2009-05-05,0.6344340493483266
2009-05-06,0.5911475461860595
2009-05-07,0.6004274210852438
2009-05-08,0.5900308161405743
2009-05-11,0.5844883947135197
2009-05-12,0.5782986832725405
2009-05-13,0.5889180245297776
2009-05-14,0.5733984951801153
2009-05-15,0.5601274458833025
2009-05-18,0.554086578012833
2009-05-19,0.5671827089429008
2009-05-20,0.5392865180131694
2009-05-21,0.5258696072860032
2009-05-22,0.5549598364608324
2009-05-25,0.560594378067823
2009-05-26,0.547623147081238
2009-05-27,0.5361339295922627
2009-05-28,0.5150709821743904
2009-05-29,0.5262577082816404
2009-06-01,0.5455002811716035
2009-06-02,0.5340371110397033
2009-06-03,0.5419945757337168
2009-06-04,0.5372489684971347
2009-06-05,0.5457788337809331
2009-06-08,0.5594414964185649
2009-06-09,0.5423333375195161
2009-06-10,0.5363201349715487
2009-06-11,0.531577789058201
2009-06-12,0.5196787160918743
2009-06-15,0.5624458547752045
2009-06-16,0.5567130395103738
2009-06-17,0.5456300043504265
2009-06-18,0.5377457475156127
2009-06-19,0.5303060924591839
2009-06-22,0.5486637926326543
2009-06-23,0.5454346502613221
2009-06-24,0.5394408274417072
2009-06-25,0.5088165706882041
2009-06-26,0.511214870182483
2009-06-29,0.5019756040230218
2009-06-30,0.5024016335356881
2009-07-01,0.4902947876764231
2009-07-02,0.5103913160946716
2009-07-03,0.5022252864595655
2009-07-06,0.512881980712256
2009-07-07,0.5106580177557807
2009-07-08,0.5125048187025345
2009-07-09,0.5074149182445029
2009-07-10,0.5090723011784903
2009-07-13,0.5180851541898301
2009-07-14,0.5097111372226624
2009-07-15,0.520325162647606
2009-07-16,0.5041120917687043
2009-07-17,0.4907173847253464
2009-07-20,0.4860860703536995
2009-07-21,0.461064472125372
2009-07-22,0.4386949032008921
2009-07-23,0.4330830369604198
2009-07-24,0.4156575522445944
2009-07-27,0.3996169534871943
2009-07-28,0.405509344113506
2009-07-29,0.3818825771022667
2009-07-30,0.3790744550784489
2009-07-31,0.3867642676154976
2009-08-03,0.3896393970876363
2009-08-04,0.3827622031569645
2009-08-05,0.3853079495221627
2009-08-06,0.3736287479166651
2009-08-07,0.3956408721486958
2009-08-10,0.4002644033257646
2009-08-11,0.4151634626806313
2009-08-12,0.40398745248002
2009-08-13,0.3978942228607897
2009-08-14,0.4064228467142724
2009-08-17,0.4374007562687195
2009-08-18,0.4544294562499337
2009-08-19,0.4520416447322365
2009-08-20,0.455303091596309
2009-08-21,0.4604749106283753
2009-08-24,0.4572639266365988
2009-08-25,0.443606097034398
2009-08-26,0.4323508628268619
2009-08-27,0.4046783375083654
2009-08-28,0.3925256812402716
2009-08-31,0.3863799499453285
2009-09-01,0.3903620698304764
2009-09-02,0.3855846183904922
2009-09-03,0.367087185950555
2009-09-04,0.3507346476315413
2009-09-07,0.3415389388330841
2009-09-08,0.3252704971113719
2009-09-09,0.3353739796816714
2009-09-10,0.3241137484651321
2009-09-11,0.3137135682884633
2009-09-14,0.3050922394609383
2009-09-15,0.3010399124990041
2009-09-16,0.3038211124940888
2009-09-17,0.3026235288413494
2009-09-18,0.2951256833632428
2009-09-21,0.2998447902806291
2009-09-22,0.2860622806048912
2009-09-23,0.2791058541875836
2009-09-24,0.298554927295648
2009-09-25,0.2948941499722526
2009-09-28,0.3159751932650513
2009-09-29,0.3020222366166195
2009-09-30,0.2856070876952644
2009-10-01,0.2988083760279362
2009-10-02,0.3069571597181817
2009-10-05,0.3146241227366811
2009-10-06,0.3187633970133708
2009-10-07,0.315518880183882
2009-10-08,0.3160971653247156
2009-10-09,0.2973006242310044
2009-10-12,0.3254144078245289
2009-10-13,0.3204985483877541
2009-10-14,0.3352942949601376
2009-10-15,0.3379250845202695
2009-10-16,0.3504731922801321
2009-10-19,0.3430552904586041
2009-10-20,0.3392185369124719
2009-10-21,0.3380042613903266
2009-10-22,0.3423224648298647
2009-10-23,0.35172721172179
2009-10-26,0.3637136571349538
2009-10-27,0.3697733533036532
2009-10-28,0.4144911433432536
2009-10-29,0.4317367661950085
2009-10-30,0.4519877192381208
2009-11-02,0.4681578906164182
2009-11-03,0.466119417458864
2009-11-04,0.4676436979022428
2009-11-05,0.4521520269158107
2009-11-06,0.4518136975056384
2009-11-09,0.441813046220323
2009-11-10,0.4419567860335939
2009-11-11,0.4226179292344048
2009-11-12,0.3955704668102345
2009-11-13,0.3918446247522978
2009-11-16,0.382825704652764
2009-11-17,0.3757052831707531
2009-11-18,0.3637323370235021
2009-11-19,0.3675551885358596
2009-11-20,0.3574840693599349
2009-11-23,0.3559460510736691
2009-11-24,0.3447885745617197
2009-11-25,0.3220930163834059
2009-11-26,0.3837301090372772
2009-11-27,0.3965738379069934
2009-11-30,0.3983508351796959
2009-12-01,0.405186432880692
2009-12-02,0.3977927003105514
2009-12-03,0.3878424772350606
2009-12-04,0.3717964522777989
2009-12-07,0.3782887924384737
2009-12-08,0.4156914156296459
2009-12-09,0.4213039387133401
2009-12-10,0.4127760994196126
2009-12-11,0.3980316640582056
2009-12-14,0.3971555843613831
2009-12-15,0.3885887036566861
2009-12-16,0.3984431589301778
2009-12-17,0.4127058750559986
2009-12-18,0.3985667467837163
2009-12-21,0.3911186792007534
2009-12-22,0.3693102818441791
2009-12-23,0.3494057893783514
2009-12-24,0.3366905752038421
2009-12-25,0.2919883775411174
2009-12-28,0.253924871239414
2009-12-29,0.2159300395328487
2009-12-30,0.1873061398345268
2009-12-31,0.1869330171096027
2010-01-01,0.1851088239849708
2010-01-04,0.1706998557757137
2010-01-05,0.1752800228089296
2010-01-06,0.169502235291492
2010-01-07,0.172118421501114
2010-01-08,0.1727730283291021
2010-01-11,0.1697289020700702
2010-01-12,0.163212889140416
2010-01-13,0.1760150319587069
2010-01-14,0.1836632357765986
2010-01-15,0.2107314925984224
2010-01-18,0.2173419872813236
2010-01-19,0.2205106044567336
2010-01-20,0.2292874703778204
2010-01-21,0.2572615689864284
2010-01-22,0.2834130889953772
2010-01-25,0.2918349106709942
2010-01-26,0.2975583518859985
2010-01-27,0.2983931260318634
2010-01-28,0.3021950039522863
2010-01-29,0.2938015246271417
2010-02-01,0.2899364224703759
2010-02-02,0.2904564705013878
2010-02-03,0.2829586579340393
2010-02-04,0.3096052028146209
2010-02-05,0.3286380594261563
2010-02-08,0.3277960105981437
2010-02-09,0.339806327444875
2010-02-10,0.334680166603256
2010-02-11,0.3218453800141962
2010-02-12,0.3308261521605579
2010-02-15,0.3233768359399898
2010-02-16,0.3197740557820765
2010-02-17,0.327200948615355
2010-02-18,0.3293437699996341
2010-02-19,0.3298497673833596
2010-02-22,0.3316372761932974
2010-02-23,0.3253062121550307
2010-02-24,0.3245040727983717
2010-02-25,0.3263124465462119
2010-02-26,0.3407616742454377
2010-03-01,0.3466864401590409
2010-03-02,0.3269428662037033
2010-03-03,0.3125916763855721
2010-03-04,0.2952422872047896
2010-03-05,0.2948732457351557
2010-03-08,0.2947554417892837
2010-03-09,0.2813226267107191
2010-03-10,0.2691406416880978
2010-03-11,0.2523409220670016
2010-03-12,0.2369038670158439
2010-03-15,0.2179829099980036
2010-03-16,0.2153722126940692
2010-03-17,0.2140428649442803
2010-03-18,0.2047217906093326
2010-03-19,0.1951045405130626
2010-03-22,0.1922927695836827
2010-03-23,0.1913470044799936
2010-03-24,0.2003183517723495
2010-03-25,0.1803243611963192
2010-03-26,0.187065081221823
2010-03-29,0.1866200457172681
2010-03-30,0.1980475573402631
2010-03-31,0.1994335522977817
2010-04-01,0.1888803575317053
2010-04-02,0.1824378187424567
2010-04-05,0.1784003426040866
2010-04-06,0.1494490014290832
2010-04-07,0.1592337475551576
2010-04-08,0.1588304567413067
2010-04-09,0.1511815346526884
2010-04-12,0.1767194508633564
2010-04-13,0.1826103277959451
2010-04-14,0.1742090549490213
2010-04-15,0.1831549773631866
2010-04-16,0.1629503106497444
2010-04-19,0.1799110621315167
2010-04-20,0.1753896796396312
2010-04-21,0.1956368423780678
2010-04-22,0.2031559218225781
2010-04-23,0.2039644082777024
2010-04-26,0.2045772360406747
2010-04-27,0.2374805418338213
2010-04-28,0.2488168639283733
2010-04-29,0.2544168781305317
2010-04-30,0.250375286140232
2010-05-03,0.2365127185848403
2010-05-04,0.261891442428207
2010-05-05,0.3112940902072038
2010-05-06,0.387793201977008
2010-05-07,0.4478668143112477
2010-05-10,0.4898975133512688
2010-05-11,0.5169131111642788
2010-05-12,0.5259566671936753
2010-05-13,0.5302235723702761
2010-05-14,0.558172225237954
2010-05-17,0.5675562220341319
2010-05-18,0.5562421733141358
2010-05-19,0.5642367359332057
2010-05-20,0.5900824163108023
2010-05-21,0.5988310251754299
2010-05-24,0.6026945084472417
2010-05-25,0.6344276797472588
2010-05-26,0.6276532009936818
2010-05-27,0.6247729717270438
2010-05-28,0.6132116005387038
2010-05-31,0.6064467789557365
2010-06-01,0.6095835896067838
2010-06-02,0.5973786752359046
2010-06-03,0.586142212517597
2010-06-04,0.6275510113988267
2010-06-07,0.6217334377044232
2010-06-08,0.6226733005768066
2010-06-09,0.6075654141244071
2010-06-10,0.5956820111769301
2010-06-11,0.5819432655744893
2010-06-14,0.5669912875383538
2010-06-15,0.5512979001147901
2010-06-16,0.5192758777677604
2010-06-17,0.4985166609762718
2010-06-18,0.4653332189415999
2010-06-21,0.4386076322896499
2010-06-22,0.4413290412102438
2010-06-23,0.4609254967974405
2010-06-24,0.4651355070359186
2010-06-25,0.4496118422808164
2010-06-28,0.4239579860161623
2010-06-29,0.4907997147978253
2010-06-30,0.4753740005044725
2010-07-01,0.4610042575228844
2010-07-02,0.4691955450082428
2010-07-05,0.4552347022354709
2010-07-06,0.4446745708018909
2010-07-07,0.4415227464030422
2010-07-08,0.4302585234268347
2010-07-09,0.3992606581567061
2010-07-12,0.3735216821143631
2010-07-13,0.356118500040075
2010-07-14,0.3486469805358337
2010-07-15,0.3399254445588991
2010-07-16,0.3748448390786518
2010-07-19,0.3605309653006749
2010-07-20,0.3620354931752138
2010-07-21,0.3541230039725082
2010-07-22,0.3647179019455289
2010-07-23,0.3513989851785082
2010-07-26,0.3191974394380312
2010-07-27,0.328212914148242
2010-07-28,0.3164769609899059
2010-07-29,0.3094203520145608
2010-07-30,0.2914469556901726
2010-08-02,0.3121222970859826
2010-08-03,0.3201350307826888
2010-08-04,0.3180008105937143
2010-08-05,0.3105648428591533
2010-08-06,0.2999100644555813
2010-08-09,0.2898616234684706
2010-08-10,0.2906365739183764
2010-08-11,0.392311709427684
2010-08-12,0.4330120170119407
2010-08-13,0.421435561505043
2010-08-16,0.3995810877606873
2010-08-17,0.3897817439617683
2010-08-18,0.377983677939031
2010-08-19,0.3856250689392884
2010-08-20,0.3885894001537377
2010-08-23,0.3580163795879209
2010-08-24,0.4107094726574285
2010-08-25,0.3885263434151131
2010-08-26,0.3675362508376651
2010-08-27,0.3351826527625086
2010-08-30,0.31923986895486
2010-08-31,0.2995631260050269
2010-09-01,0.3434053579231753
2010-09-02,0.3253965687481492
2010-09-03,0.3022886097406254
2010-09-06,0.2929432694228499
2010-09-07,0.3248556048462324
2010-09-08,0.3194535469155375
2010-09-09,0.2986594580590844
2010-09-10,0.2856668839534606
2010-09-13,0.2682813926209844
2010-09-14,0.2550331919111245
2010-09-15,0.2586426819108289
2010-09-16,0.2574965994871688
2010-09-17,0.2522409403842474
2010-09-20,0.2345837332975001
2010-09-21,0.2241590249270965
2010-09-22,0.2571143057427457
2010-09-23,0.2720069757046326
2010-09-24,0.2622750602946049
2010-09-27,0.2609827072695863
2010-09-28,0.2520422535626563
2010-09-29,0.2630825631886254
2010-09-30,0.2580624571950233
2010-10-01,0.2328272491256657
2010-10-04,0.2203893794975795
2010-10-05,0.2106114898862917
2010-10-06,0.213757910201175
2010-10-07,0.2102657712437673
2010-10-08,0.2120192162391296
2010-10-11,0.2004027337237789
2010-10-12,0.2014282938991659
2010-10-13,0.1874510653092812
2010-10-14,0.1898542553322257
2010-10-15,0.1834348686455053
2010-10-18,0.1899040913487558
2010-10-19,0.1768146220521361
2010-10-20,0.1655275956375187
2010-10-21,0.1727196168517003
2010-10-22,0.1546309652001998
2010-10-25,0.1425089429881885
2010-10-26,0.1371774942704264
2010-10-27,0.1275073919188862
2010-10-28,0.1187531205737064
2010-10-29,0.117461185216677
2010-11-01,0.1148491970975346
2010-11-02,0.1193533724587454
2010-11-03,0.1134382820025495
2010-11-04,0.1228609921396282
2010-11-05,0.1276847726106741
2010-11-08,0.1382379059199627
2010-11-09,0.1388309365086441
2010-11-10,0.1343218836698473
2010-11-11,0.1401176487279032
2010-11-12,0.1294403644201436
2010-11-15,0.1270501363453669
2010-11-16,0.1092337276692207
2010-11-17,0.1208433422321159
2010-11-18,0.1526974319688274
2010-11-19,0.156103499027095
2010-11-22,0.1504296452003446
2010-11-23,0.1800701352504536
2010-11-24,0.2137573536736885
2010-11-25,0.216712545505297
2010-11-26,0.2069758296170664
2010-11-29,0.2018806364934945
2010-11-30,0.243513892343059
2010-12-01,0.2800057922135585
2010-12-02,0.2919128624602988
2010-12-03,0.2853044655045237
2010-12-06,0.2784637367808364
2010-12-07,0.2704086656070886
2010-12-08,0.2825537033247903
2010-12-09,0.2730959404597025
2010-12-10,0.2677021484426251
2010-12-13,0.255614993610094
2010-12-14,0.2578339991845845
2010-12-15,0.2331428310252417
2010-12-16,0.2168908134176026
2010-12-17,0.1974832505088259
2010-12-20,0.2048343370809003
2010-12-21,0.19463100746957
2010-12-22,0.1772222158359294
2010-12-23,0.1638774775616494
2010-12-24,0.1479826041536492
2010-12-27,0.1275929923006893
2010-12-28,0.1256534229017881
2010-12-29,0.1076940519775225
2010-12-30,0.1161118772138176
2010-12-31,0.108893666396145
2011-01-03,0.0938433622827746
2011-01-04,0.089067994412023
2011-01-05,0.1275537403561594
2011-01-06,0.1336448384502262
2011-01-07,0.1495491608925192
2011-01-10,0.1375565035455052
2011-01-11,0.1420955138773016
2011-01-12,0.150728722382808
2011-01-13,0.1699958419525485
2011-01-14,0.1865781945682994
2011-01-17,0.1885845944249702
2011-01-18,0.1836392636994688
2011-01-19,0.1754048796836519
2011-01-20,0.1666078660971766
2011-01-21,0.1597820057624155
2011-01-24,0.1537267222102735
2011-01-25,0.1405082235381719
2011-01-26,0.1314979385104577
2011-01-27,0.1304915931455418
2011-01-28,0.1239534697107165
2011-01-31,0.1154318867129415
2011-02-01,0.1285376040115174
2011-02-02,0.1216905504150089
2011-02-03,0.1217893499395914
2011-02-04,0.1359475096322982
2011-02-07,0.1329725045867104
2011-02-08,0.1290365333959047
2011-02-09,0.1162832873626977
2011-02-10,0.1055161075398661
2011-02-11,0.09490064094636
2011-02-14,0.0919995072210815
2011-02-15,0.0852747523133957
2011-02-16,0.0816235018116599
2011-02-17,0.0757774943804048
2011-02-18,0.0716092718454862
2011-02-21,0.0577797677357176
2011-02-22,0.0623589840463585
2011-02-23,0.0536072491811107
2011-02-24,0.0560489230918152
2011-02-25,0.0644453458190985
2011-02-28,0.0593962586754216
2011-03-01,0.05120823916489
2011-03-02,0.0484781573929641
2011-03-03,0.0530080918362175
2011-03-04,0.0485779765454872
2011-03-07,0.0548850520813277
2011-03-08,0.052032045072008
2011-03-09,0.0501284645792051
2011-03-10,0.0505571514584767
2011-03-11,0.0767169879761398
2011-03-14,0.0916262653415923
2011-03-15,0.1548503909714654
2011-03-16,0.1804600458730758
2011-03-17,0.2016614517561243
2011-03-18,0.2271965383751564
2011-03-21,0.2354024537396239
2011-03-22,0.2318950106429189
2011-03-23,0.2219889887445721
2011-03-24,0.2164062003155509
2011-03-25,0.2035251934586192
2011-03-28,0.1843431318434808
2011-03-29,0.1745926336739109
2011-03-30,0.1657604200503202
2011-03-31,0.1566768811197182
2011-04-01,0.1527135645619033
2011-04-04,0.1387938205739183
2011-04-05,0.1382271211647834
2011-04-06,0.1332976582082868
2011-04-07,0.1255776043395466
2011-04-08,0.1169874075018618
2011-04-11,0.1067354126584261
2011-04-12,0.1055688711682165
2011-04-13,0.0975844510491197
2011-04-14,0.103607659518274
2011-04-15,0.0957792829130614
2011-04-18,0.1388411657211014
2011-04-19,0.1503087160071296
2011-04-20,0.2045138252173362
2011-04-21,0.2109086976407931
2011-04-22,0.2049737565575914
2011-04-25,0.1918930002117879
2011-04-26,0.1918390542314832
2011-04-27,0.1854231533685902
2011-04-28,0.1918568549564013
2011-04-29,0.1797881635606202
2011-05-02,0.1590605444449317
2011-05-03,0.1529125090267347
2011-05-04,0.1414801975827986
2011-05-05,0.1456407208917376
2011-05-06,0.1691660739019923
2011-05-09,0.1689049071135909
2011-05-10,0.1671536986310456
2011-05-11,0.1534080020341642
2011-05-12,0.1589554753512693
2011-05-13,0.1469913225631893
2011-05-16,0.1493391396155073
2011-05-17,0.1385641766601867
2011-05-18,0.136494421189863
2011-05-19,0.1263928833598419
2011-05-20,0.122821605319214
2011-05-23,0.1614446046449258
2011-05-24,0.1790508020026872
2011-05-25,0.1898604663138692
2011-05-26,0.1880977679738819
2011-05-27,0.1804861231588582
2011-05-30,0.1648069445465358
2011-05-31,0.1838637520820717
2011-06-01,0.1753600236613163
2011-06-02,0.1768564539622361
2011-06-03,0.1634794510148459
2011-06-06,0.1632383204798359
2011-06-07,0.1565366952121841
2011-06-08,0.1612733389586716
2011-06-09,0.1618802511689325
2011-06-10,0.1742657017796089
2011-06-13,0.1867523755773156
2011-06-14,0.1952127205521909
2011-06-15,0.2040640273344326
2011-06-16,0.2440796636537458
2011-06-17,0.2546378098917137
2011-06-20,0.2406393418530624
2011-06-21,0.2535770266270029
2011-06-22,0.2486490716999305
2011-06-23,0.283951654892303
2011-06-24,0.2812098436166381
2011-06-27,0.2760692084631995
2011-06-28,0.2700666772947735
2011-06-29,0.3023399148926955
2011-06-30,0.2931111593692032
2011-07-01,0.2728803778988957
2011-07-04,0.2572683545206236
2011-07-05,0.2319197392780546
2011-07-06,0.2549965776663659
2011-07-07,0.2386516753949422
2011-07-08,0.2346546074965327
2011-07-11,0.3414999884353567
2011-07-12,0.3568338314550429
2011-07-13,0.3604735872835298
2011-07-14,0.3666731689450531
2011-07-15,0.361930244460787
2011-07-18,0.3740974255199397
2011-07-19,0.3837240191365841
2011-07-20,0.3671850238726803
2011-07-21,0.3531397310717223
2011-07-22,0.3581269279723545
2011-07-25,0.3491725995755821
2011-07-26,0.3304558312883912
2011-07-27,0.3256372260608154
2011-07-28,0.367869217402092
2011-07-29,0.3573776623537995
2011-08-01,0.3790802726126114
2011-08-02,0.4239447743856004
2011-08-03,0.4301270346092868
2011-08-04,0.4927577953421331
2011-08-05,0.4891332423593337
2011-08-08,0.5392224003999726
2011-08-09,0.553926289091041
2011-08-10,0.6093924458637234
2011-08-11,0.6400247548309624
2011-08-12,0.6341196097940933
2011-08-15,0.6328060493478327
2011-08-16,0.635793638861747
2011-08-17,0.6340815478438119
2011-08-18,0.6675553697295563
2011-08-19,0.6613675369757348
2011-08-22,0.6506799931026096
2011-08-23,0.6305837482845704
2011-08-24,0.6077796433868675
2011-08-25,0.5952782823691672
2011-08-26,0.5862664497552708
2011-08-29,0.576075525921734
2011-08-30,0.5646726565894202
2011-08-31,0.5403199033721591
2011-09-01,0.5493698620484557
2011-09-02,0.5589812348644194
2011-09-05,0.5909805367585782
2011-09-06,0.580404581526321
2011-09-07,0.5664989789921896
2011-09-08,0.5360841320991867
2011-09-09,0.6135344918925291
2011-09-12,0.6684728759060834
2011-09-13,0.668703138868604
2011-09-14,0.6746533879021548
2011-09-15,0.6670010051288005
2011-09-16,0.6525062278854892
2011-09-19,0.6708637370241
2011-09-20,0.6576766936205403
2011-09-21,0.6534770665794718
2011-09-22,0.6931080492561748
2011-09-23,0.6759090681830532
2011-09-26,0.6635533021340799
2011-09-27,0.6450314455241668
2011-09-28,0.6277370844827124
2011-09-29,0.5950227254636621
2011-09-30,0.608463010932953
2011-10-03,0.6602710382868824
2011-10-04,0.6802631238305891
2011-10-05,0.6962750525515748
2011-10-06,0.688384184678315
2011-10-07,0.6824980467050901
2011-10-10,0.6828648657701921
2011-10-11,0.6680847657175146
2011-10-12,0.6763066959806905
2011-10-13,0.6689680121735284
2011-10-14,0.658268595987689
2011-10-17,0.6435751613081171
2011-10-18,0.6472371429222253
2011-10-19,0.653929942427714
2011-10-20,0.6454490245125685
2011-10-21,0.6427287899577471
2011-10-24,0.6220375421501423
2011-10-25,0.6044531434385652
2011-10-26,0.5800709140643064
2011-10-27,0.5798251343644004
2011-10-28,0.5852955906124255
2011-10-31,0.6423966019388329
2011-11-01,0.7229696541643273
2011-11-02,0.7207476321881141
2011-11-03,0.7040668160262726
2011-11-04,0.6618981118071529
2011-11-07,0.6799902290488338
2011-11-08,0.681890214029073
2011-11-09,0.7124113370420131
2011-11-10,0.706796161190689
2011-11-11,0.6918224075263533
2011-11-14,0.6832888463770188
2011-11-15,0.685325018190156
2011-11-16,0.6704440174118697
2011-11-17,0.6546462963068627
2011-11-18,0.6431875401562757
2011-11-21,0.6526470383242612
2011-11-22,0.6497177225277452
2011-11-23,0.6669219559628183
2011-11-24,0.6383997399490338
2011-11-25,0.6344069161634776
2011-11-28,0.642268463010977
2011-11-29,0.6326994427395412
2011-11-30,0.6103196688855541
2011-12-01,0.6110280718612859
2011-12-02,0.5904037264352635
2011-12-05,0.568557885632002
2011-12-06,0.5566898671285363
2011-12-07,0.5302643862839369
2011-12-08,0.5260289278863169
2011-12-09,0.4784151951401725
2011-12-12,0.5095608996975282
2011-12-13,0.4967966200872162
2011-12-14,0.5562458743177191
2011-12-15,0.5519538060944726
2011-12-16,0.5489140220799819
2011-12-19,0.5280731665653619
2011-12-20,0.5152511119562055
2011-12-21,0.5000373051481442
2011-12-22,0.4658097158050228
2011-12-23,0.4362869527338693
2011-12-26,0.4116683963424944
2011-12-27,0.3900400014076454
2011-12-28,0.3859751895981179
2011-12-29,0.3475660529717533
2011-12-30,0.3403446340715355
2012-01-02,0.3616459595259819
2012-01-03,0.3522710378104929
2012-01-04,0.3407536728496021
2012-01-05,0.3388382777864798
2012-01-06,0.3381184806643533
2012-01-09,0.3278330966291074
2012-01-10,0.3225377605727014
2012-01-11,0.3245232600784737
2012-01-12,0.3043130077983198
2012-01-13,0.3095359843510409
2012-01-16,0.3019422838945731
2012-01-17,0.3172872158814961
2012-01-18,0.317358848866812
2012-01-19,0.3321146771119633
2012-01-20,0.3299270608801353
2012-01-23,0.3308977673107218
2012-01-24,0.3271324823319371
2012-01-25,0.3147886521195589
2012-01-26,0.3569515323836787
2012-01-27,0.3638086714324308
2012-01-30,0.3782190574644222
2012-01-31,0.3574018175783627
2012-02-01,0.3529774263427883
2012-02-02,0.3435880299286824
2012-02-03,0.3616569188051197
2012-02-06,0.3658662862582614
2012-02-07,0.3680944942069926
2012-02-08,0.3950885210291307
2012-02-09,0.381113538798104
2012-02-10,0.4067563786054393
2012-02-13,0.3952887654343288
2012-02-14,0.3777655025009594
2012-02-15,0.3611238678991539
2012-02-16,0.3593310947592006
2012-02-17,0.3790776338444659
2012-02-20,0.3770588540927418
2012-02-21,0.3690996243143996
2012-02-22,0.3875175687583155
2012-02-23,0.3763857749513926
2012-02-24,0.3635866957721129
2012-02-27,0.3531748894378907
2012-02-28,0.3368851076461776
2012-02-29,0.3124885979880484
2012-03-01,0.3096164137357152
2012-03-02,0.3025162692916426
2012-03-05,0.286382336869186
2012-03-06,0.3440210981813461
2012-03-07,0.34985352440914
2012-03-08,0.3742746134899162
2012-03-09,0.3584630789358171
2012-03-12,0.3488058513079408
2012-03-13,0.3374027585410457
2012-03-14,0.3376421338465269
2012-03-15,0.3174225024044218
2012-03-16,0.3092630476360548
2012-03-19,0.2932918829737148
2012-03-20,0.2940410881666839
2012-03-21,0.2873335701773118
2012-03-22,0.3044159637506885
2012-03-23,0.2901209355633899
2012-03-26,0.2846398726509643
2012-03-27,0.2689625722738832
2012-03-28,0.2722815107196192
2012-03-29,0.2860566000187715
2012-03-30,0.2729124340833638
2012-04-02,0.2651775363551757
2012-04-03,0.2608712913204288
2012-04-04,0.2548236373152332
2012-04-05,0.2771096713919544
2012-04-06,0.2738115418654971
2012-04-09,0.2642143727008396
2012-04-10,0.3123918568243004
2012-04-11,0.316062081282883
2012-04-12,0.3164152361154684
2012-04-13,0.3350746414744117
2012-04-16,0.3327498201947412
2012-04-17,0.3308126789452432
2012-04-18,0.3274559194546637
2012-04-19,0.3314731454214027
2012-04-20,0.3242212559523997
2012-04-23,0.36479399184196
2012-04-24,0.3645812952656436
2012-04-25,0.3511599550473157
2012-04-26,0.3474767357085081
2012-04-27,0.3322914010905717
2012-04-30,0.3354844433399162
2012-05-01,0.3257564798102943
2012-05-02,0.3214905576219079
2012-05-03,0.3120101921202067
2012-05-04,0.3181281101743987
2012-05-07,0.2944593079971361
2012-05-08,0.3274012417180797
2012-05-09,0.327740012854071
2012-05-10,0.3114745791154283
2012-05-11,0.2975305266459189
2012-05-14,0.3169238380845945
2012-05-15,0.3148480169056158
2012-05-16,0.2892223551884553
2012-05-17,0.3047781567684134
2012-05-18,0.3027200682893505
2012-05-21,0.2957126468670823
2012-05-22,0.2988698879299304
2012-05-23,0.3157762395974201
2012-05-24,0.3137290635825646
2012-05-25,0.3152743092628038
2012-05-28,0.3094603516215862
2012-05-29,0.2990121862826937
2012-05-30,0.3326259298603571
2012-05-31,0.3396567513085887
2012-06-01,0.3817647865543894
2012-06-04,0.3865071262912348
2012-06-05,0.3863757340270062
2012-06-06,0.4111082005201594
2012-06-07,0.4118627042135737
2012-06-08,0.4205420238166967
2012-06-11,0.4221002138434531
2012-06-12,0.4307658372420159
2012-06-13,0.4227035656550928
2012-06-14,0.4113822931556197
2012-06-15,0.401935134728433
2012-06-18,0.3889201604415918
2012-06-19,0.4002388589213593
2012-06-20,0.3859632646985195
2012-06-21,0.395117679208526
2012-06-22,0.3764464137717697
2012-06-25,0.419295512974433
2012-06-26,0.4125902955856521
2012-06-27,0.4064722111341864
2012-06-28,0.4236717340641837
2012-06-29,0.4336794469673665
2012-07-02,0.4536072488460421
2012-07-03,0.4450853195393588
2012-07-04,0.4431681057433587
2012-07-05,0.4596751296556848
2012-07-06,0.4303417960942413
2012-07-09,0.4440981704518428
2012-07-10,0.4340433688542804
2012-07-11,0.4310310021887718
2012-07-12,0.4186396117994399
2012-07-13,0.3960327169472651
2012-07-16,0.3787231733051067
2012-07-17,0.3574178128519321
2012-07-18,0.3396473179230913
2012-07-19,0.3137537003553162
2012-07-20,0.3281333297937484
2012-07-23,0.3651390877092291
2012-07-24,0.363167630644394
2012-07-25,0.3505804903148547
2012-07-26,0.3533381787509921
2012-07-27,0.3559133528068373
2012-07-30,0.3404320084626017
2012-07-31,0.3432107515144692
2012-08-01,0.3329788686211521
2012-08-02,0.3545571875896702
2012-08-03,0.3546446525163458
2012-08-06,0.3924705760770401
2012-08-07,0.3964444521655321
2012-08-08,0.4145199597619103
2012-08-09,0.4014067970087573
2012-08-10,0.3929858532039882
2012-08-13,0.3761618348847699
2012-08-14,0.3524458600575356
2012-08-15,0.3365848068970288
2012-08-16,0.3105113206617486
2012-08-17,0.2935195144501963
2012-08-20,0.2603458554709139
2012-08-21,0.2536508058356765
2012-08-22,0.2529751251585323
2012-08-23,0.2552875013593667
2012-08-24,0.2382287861587814
2012-08-27,0.2224657477349456
2012-08-28,0.2040519846100719
2012-08-29,0.1794979046444423
2012-08-30,0.1867883016407466
2012-08-31,0.1836143199746565
2012-09-03,0.1781226309771618
2012-09-04,0.179409107483829
2012-09-05,0.1735337196877419
2012-09-06,0.1815116271738707
2012-09-07,0.1746020796752694
2012-09-10,0.1610261124347149
2012-09-11,0.15671691129819
2012-09-12,0.1464859795385933
2012-09-13,0.1475325616551559
2012-09-14,0.1436638612214531
2012-09-17,0.1470791102029158
2012-09-18,0.1544565469722671
2012-09-19,0.1447052446470706
2012-09-20,0.1448966898652181
2012-09-21,0.1304145986433992
2012-09-24,0.1224496023221788
2012-09-25,0.1127293715411558
2012-09-26,0.1262145717759255
2012-09-27,0.1269149590678953
2012-09-28,0.1248816655726781
2012-10-01,0.1207093156531333
2012-10-02,0.1151088522330598
2012-10-03,0.1111159885000296
2012-10-04,0.105849011982655
2012-10-05,0.0979573345073749
2012-10-08,0.089187033335998
2012-10-09,0.084742489836703
2012-10-10,0.0776930712190953
2012-10-11,0.0708171146150772
2012-10-12,0.0732639035202756
2012-10-15,0.0706926496988454
2012-10-16,0.067444044021048
2012-10-17,0.0661434354277609
2012-10-18,0.0621151971053943
2012-10-19,0.0555501077583186
2012-10-22,0.0562252846888825
2012-10-23,0.060925956795339
2012-10-24,0.0577210471839366
2012-10-25,0.0562851102966272
2012-10-26,0.0555994220487919
2012-10-29,0.0764756082361252
2012-10-30,0.0780955414573581
2012-10-31,0.084388390369017
2012-11-01,0.0803694995560128
2012-11-02,0.0650721545274963
2012-11-05,0.0616381312878038
2012-11-06,0.0581537734823804
2012-11-07,0.0572870087564649
2012-11-08,0.063448264052241
2012-11-09,0.084804574521337
2012-11-12,0.0843795910737757
2012-11-13,0.0861693944595915
2012-11-14,0.0924100989401686
2012-11-15,0.0975268927731676
2012-11-16,0.1163685741258929
2012-11-19,0.1180224186647531
2012-11-20,0.1152440522137007
2012-11-21,0.1192964980123154
2012-11-22,0.1139333168123498
2012-11-23,0.1122372265658235
2012-11-26,0.1092351759250039
2012-11-27,0.1008132392983866
2012-11-28,0.0913289908109978
2012-11-29,0.080247368305131
2012-11-30,0.0772414952350931
2012-12-03,0.0684599616144784
2012-12-04,0.0698264591434039
2012-12-05,0.0636521104338012
2012-12-06,0.0613243951550588
2012-12-07,0.0499523286326468
2012-12-10,0.0524768099545812
2012-12-11,0.0511737337520757
2012-12-12,0.0557303220301051
2012-12-13,0.0555863664597498
2012-12-14,0.0600974459048906
2012-12-17,0.0614076448752777
2012-12-18,0.0513103439241827
2012-12-19,0.0490456300187904
2012-12-20,0.0479613756590907
2012-12-21,0.0470981435795316
2012-12-24,0.0478666557337396
2012-12-25,0.0502128358643008
2012-12-26,0.0514480594466861
2012-12-27,0.0537331409037562
2012-12-28,0.0467553369820259
2012-12-31,0.0529334515197339
2013-01-01,0.0551408351751467
2013-01-02,0.0289692379258224
2013-01-03,0.027200469740431
2013-01-04,0.0327126873764732
2013-01-07,0.0326173702741783
2013-01-08,0.0321586258168528
2013-01-09,0.033875694139909
2013-01-10,0.0337571289610881
2013-01-11,0.0301856351991806
2013-01-14,0.0324651085812454
2013-01-15,0.0365768676975016
2013-01-16,0.0381053829474936
2013-01-17,0.0403164179094617
2013-01-18,0.0449889213972846
2013-01-21,0.0467149323869336
2013-01-22,0.0416205705212
2013-01-23,0.0399243140406423
2013-01-24,0.0392706641297044
2013-01-25,0.0320584185958719
2013-01-28,0.03505418365506
2013-01-29,0.0366691591353568
2013-01-30,0.0363784806159064
2013-01-31,0.0316396159738928
2013-02-01,0.0301793025128544
2013-02-04,0.0203087792159467
2013-02-05,0.0253034322205432
2013-02-06,0.0289473396215644
2013-02-07,0.0335639591398232
2013-02-08,0.0501248215481908
2013-02-11,0.0569602699378743
2013-02-12,0.0592112039938274
2013-02-13,0.0590640984200593
2013-02-14,0.0594626379013984
2013-02-15,0.0603655661031472
2013-02-18,0.0582308214371744
2013-02-19,0.0616860614743464
2013-02-20,0.0586881270345661
2013-02-21,0.0717906386393913
2013-02-22,0.0864996178952829
2013-02-25,0.0875825488446152
2013-02-26,0.1196689265040693
2013-02-27,0.1362546985320361
2013-02-28,0.1415747419462276
2013-03-01,0.1385597390060525
2013-03-04,0.1328905593461775
2013-03-05,0.1450276265338373
2013-03-06,0.1454638287491877
2013-03-07,0.1428054110490532
2013-03-08,0.1388852403113896
2013-03-11,0.1356674211692082
2013-03-12,0.1233187937042461
2013-03-13,0.119404645792521
2013-03-14,0.1150780227702107
2013-03-15,0.1128296154741624
2013-03-18,0.1205062557749328
2013-03-19,0.1160099732922123
2013-03-20,0.1121411520126499
2013-03-21,0.0983471245179127
2013-03-22,0.0909652287847823
2013-03-25,0.0818057048669713
2013-03-26,0.0808866093425046
2013-03-27,0.0797289303435204
2013-03-28,0.0756265570473466
2013-03-29,0.067839131610396
2013-04-01,0.0612269874932968
2013-04-02,0.0585760312455069
2013-04-03,0.055080119040562
2013-04-04,0.0572392210904842
2013-04-05,0.0454941826328298
2013-04-08,0.0482912034819762
2013-04-09,0.0487144513721656
2013-04-10,0.0572827643460499
2013-04-11,0.0609625034109175
2013-04-12,0.0586281731688572
2013-04-15,0.05852852390772
2013-04-16,0.055710917037764
2013-04-17,0.0633544753848004
2013-04-18,0.0671193359223187
2013-04-19,0.0724975488150009
2013-04-22,0.0728506430750087
2013-04-23,0.0861341043518689
2013-04-24,0.0889014432973537
2013-04-25,0.0934249753938199
2013-04-26,0.0974013418077766
2013-04-29,0.0963308128898289
2013-04-30,0.0965572607809223
2013-05-01,0.0922536808108702
2013-05-02,0.0804778502852185
2013-05-03,0.0780452687916273
2013-05-06,0.0802171528686795
2013-05-07,0.0749928265827257
2013-05-08,0.0742245142032482
2013-05-09,0.069944820732838
2013-05-10,0.0479456803268248
2013-05-13,0.0436168908043624
2013-05-14,0.0417780088458344
2013-05-15,0.0336720196058588
2013-05-16,0.0306331977674975
2013-05-17,0.030787334083183
2013-05-20,0.0263163986262329
2013-05-21,0.0232653184179332
2013-05-22,0.0243139924019318
2013-05-23,0.0246987236880853
2013-05-24,0.0224676150108891
2013-05-27,0.0213355517599826
2013-05-28,0.0218530628152708
2013-05-29,0.0192584303614375
2013-05-30,0.0198097897142045
2013-05-31,0.0182986002307702
2013-06-03,0.0161974484332745
2013-06-04,0.0140067307768629
2013-06-05,0.0120275918636307
2013-06-06,0.0104228259835248
2013-06-07,0.016871173284334
2013-06-10,0.0169722323004439
2013-06-11,0.0168231023609106
2013-06-12,0.0187823583537115
2013-06-13,0.0189539399039552
2013-06-14,0.0165874247311871
2013-06-17,0.0216087744851234
2013-06-18,0.0225743598152228
2013-06-19,0.0251802242674071
2013-06-20,0.0391783194843659
2013-06-21,0.0545939407683326
2013-06-24,0.0641349245161753
2013-06-25,0.0687425105940216
2013-06-26,0.069866957936223
2013-06-27,0.0688787406031669
2013-06-28,0.0696620536643424
2013-07-01,0.0701854143160161
2013-07-02,0.062537192208348
2013-07-03,0.075502719143902
2013-07-04,0.0892438660104928
2013-07-05,0.0905486385103863
2013-07-08,0.0927823131225287
2013-07-09,0.0942116576411351
2013-07-10,0.0960946969452321
2013-07-11,0.0920216737459972
2013-07-12,0.0995164105376935
2013-07-15,0.0973694548963701
2013-07-16,0.0927508458319283
2013-07-17,0.0884544450879967
2013-07-18,0.085595410315625
2013-07-19,0.0715908630199618
2013-07-22,0.0592347805564351
2013-07-23,0.0462858075840923
2013-07-24,0.0420455279223966
2013-07-25,0.0360510554540928
2013-07-26,0.034007153347475
2013-07-29,0.030662433416466
2013-07-30,0.0281983286841223
2013-07-31,0.0257801640539075
2013-08-01,0.0289673035175618
2013-08-02,0.0284785191088256
2013-08-05,0.032432049577672
2013-08-06,0.0286638663079659
2013-08-07,0.0322149194569642
2013-08-08,0.0341991746003285
2013-08-09,0.0325860832152036
2013-08-12,0.0291661679843274
2013-08-13,0.0245325904938583
2013-08-14,0.0273851217244713
2013-08-15,0.0223607840681784
2013-08-16,0.0245382997137857
2013-08-19,0.0228375126479943
2013-08-20,0.0180338689076761
2013-08-21,0.0168553077144329
2013-08-22,0.0144987364734025
2013-08-23,0.0158688113358564
2013-08-26,0.0158713066026953
2013-08-27,0.0168854664026498
2013-08-28,0.0227502020163311
2013-08-29,0.0272580501478869
2013-08-30,0.028023180373529
2013-09-02,0.0385066339404664
2013-09-03,0.0363473150833145
2013-09-04,0.0351907416579106
2013-09-05,0.0360359358378152
2013-09-06,0.037506509574476
2013-09-09,0.0335951475049802
2013-09-10,0.0493277409721385
2013-09-11,0.0476612633712191
2013-09-12,0.0467020844597482
2013-09-13,0.0394100491824141
2013-09-16,0.0379532429757945
2013-09-17,0.0318912935602865
2013-09-18,0.0223905813115272
2013-09-19,0.0274978031426444
2013-09-20,0.0257103374645665
2013-09-23,0.0260309148095553
2013-09-24,0.0291256186017142
2013-09-25,0.0262871766671603
2013-09-26,0.0263318896991365
2013-09-27,0.025591944519985
2013-09-30,0.0236116717652636
2013-10-01,0.0228018347665856
2013-10-02,0.0211738504579809
2013-10-03,0.0188586446870832
2013-10-04,0.0244117941822051
2013-10-07,0.0249469792855337
2013-10-08,0.0223508443181098
2013-10-09,0.0241552450535947
2013-10-10,0.0176194375253243
2013-10-11,0.0224825239618461
2013-10-14,0.0217207785152476
2013-10-15,0.0166392641802101
2013-10-16,0.0135453270786927
2013-10-17,0.0098998458246205
2013-10-18,0.0089783598560396
2013-10-21,0.0095131779932072
2013-10-22,0.0088734756089458
2013-10-23,0.0071534299187117
2013-10-24,0.0082387299961917
2013-10-25,0.0083726770985773
2013-10-28,0.0105799646783919
2013-10-29,0.0116868627500887
2013-10-30,0.0123386486376036
2013-10-31,0.0079899932527528
2013-11-01,0.0063229262509556
2013-11-04,0.0078688939484215
2013-11-05,0.0056993256363874
2013-11-06,0.0078389739713595
2013-11-07,0.0125065880783895
2013-11-08,0.0120789640200713
2013-11-11,0.0155051713481474
2013-11-12,0.0171566581022215
2013-11-13,0.0191073643395893
2013-11-14,0.0238047850108057
2013-11-15,0.0247277667983104
2013-11-18,0.0214928932833886
2013-11-19,0.0174933933176406
2013-11-20,0.0170430378843201
2013-11-21,0.0149144152959323
2013-11-22,0.0131637149728655
2013-11-25,0.0118637892522889
2013-11-26,0.0118144822196425
2013-11-27,0.0127709261969341
2013-11-28,0.0118565806605055
2013-11-29,0.0104288531672066
2013-12-02,0.010696877763577
2013-12-03,0.0056646944372848
2013-12-04,0.0067597386546847
2013-12-05,0.0051445076113414
2013-12-06,0.0056521695974995
2013-12-09,0.0057797706014665
2013-12-10,0.0048836220412103
2013-12-11,0.0045299755686409
2013-12-12,0.0045233360267705
2013-12-13,0.0040036261051276
2013-12-16,0.0045668780841062
2013-12-17,0.0039829112535231
2013-12-18,0.0042311523444708
2013-12-19,0.006783360530489
2013-12-20,0.0062705636412859
2013-12-23,0.0073458187973673
2013-12-24,0.0062391629920151
2013-12-25,0.005419189529999
2013-12-26,0.004436475220973
2013-12-27,0.0054195067497335
2013-12-30,0.0034650863473019
2013-12-31,0.0025269285300078
2014-01-01,0.0026180888836996
2014-01-02,0.0066581460384972
2014-01-03,0.0060920825150147
2014-01-06,0.0048330256255178
2014-01-07,0.0037771221031008
2014-01-08,0.0032278836464693
2014-01-09,0.0028974681197361
2014-01-10,0.0024892080570921
2014-01-13,0.0025044158535494
2014-01-14,0.0033114585050119
2014-01-15,0.0024166905515835
2014-01-16,0.0029458777696423
2014-01-17,0.0037347750142758
2014-01-20,0.0047026740149561
2014-01-21,0.0049598688237021
2014-01-22,0.0062000644746236
2014-01-23,0.0041192153363683
2014-01-24,0.0169718131385869
2014-01-27,0.0220174503788149
2014-01-28,0.0268739748401871
2014-01-29,0.0287898682031355
2014-01-30,0.0341551345311361
2014-01-31,0.0314505625145966
2014-02-03,0.0333143052449962
2014-02-04,0.0327372676932819
2014-02-05,0.0300372409421913
2014-02-06,0.0284858535462236
2014-02-07,0.0270559757696621
2014-02-10,0.0230384549967926
2014-02-11,0.0264780906119333
2014-02-12,0.0305725655797786
2014-02-13,0.0247139929552794
2014-02-14,0.0222687149776947
2014-02-17,0.0203472207968988
2014-02-18,0.0202444489334506
2014-02-19,0.0177773248920034
2014-02-20,0.0152347657707687
2014-02-21,0.012560696163261
2014-02-24,0.0116705093212951
2014-02-25,0.0091029541112171
2014-02-26,0.0079048679164589
2014-02-27,0.0050049199706702
2014-02-28,0.0067076186212923
2014-03-03,0.0293526492059884
2014-03-04,0.0343614456419707
2014-03-05,0.0348252047513846
2014-03-06,0.0311066919159386
2014-03-07,0.0340882357778017
2014-03-10,0.0348944346514677
2014-03-11,0.0310466657104393
2014-03-12,0.0272401494933729
2014-03-13,0.0276882880515996
2014-03-14,0.0289053628994695
2014-03-17,0.0270949474066909
2014-03-18,0.0248371826058616
2014-03-19,0.0223694213254331
2014-03-20,0.0150096426553431
2014-03-21,0.0133243078010504
2014-03-24,0.0102940195093273
2014-03-25,0.0121736012724547
2014-03-26,0.0122619487255136
2014-03-27,0.008046007025178
2014-03-28,0.0085156264112861
2014-03-31,0.0097101773458104
2014-04-01,0.0101392927726992
2014-04-02,0.0088423819527568
2014-04-03,0.0077302524174185
2014-04-04,0.0059502769864074
2014-04-07,0.0082203273987284
2014-04-08,0.0070949671875366
2014-04-09,0.0064698393489923
2014-04-10,0.0056095370764639
2014-04-11,0.0051651222085807
2014-04-14,0.0045088473381866
2014-04-15,0.0075178917070238
2014-04-16,0.0093711154818229
2014-04-17,0.0118054097807219
2014-04-18,0.0124702166531919
2014-04-21,0.0129252697086997
2014-04-22,0.0150404209939472
2014-04-23,0.0121528666225273
2014-04-24,0.0112321234698799
2014-04-25,0.00881050103674
2014-04-28,0.0079558267654474
2014-04-29,0.0115155844892485
2014-04-30,0.0100441888774957
2014-05-01,0.0095364723123031
2014-05-02,0.0081294074065729
2014-05-05,0.0065220687983837
2014-05-06,0.0050390140584946
2014-05-07,0.0048961060284803
2014-05-08,0.0044215103008309
2014-05-09,0.0021232235524443
2014-05-12,0.0014843250260951
2014-05-13,0.0012069492260324
2014-05-14,0.0008984296133112
2014-05-15,0.002744736651933
2014-05-16,0.0026726400152279
2014-05-19,0.0018333790406751
2014-05-20,0.0012911120794769
2014-05-21,0.0013298470769285
2014-05-22,0.0011646521841274
2014-05-23,0.0010873622602013
2014-05-26,0.0011686495682096
2014-05-27,0.0020682116377806
2014-05-28,0.0018958574831071
2014-05-29,0.0026242211597641
2014-05-30,0.0038463780192071
2014-06-02,0.0046872946512222
2014-06-03,0.0027213198506002
2014-06-04,0.0037580821236785
2014-06-05,0.0039381909091631
2014-06-06,0.001077013628745
2014-06-09,0.001677861889806
2014-06-10,0.0014566952151632
2014-06-11,0.0013663198767559
2014-06-12,0.0013936507784183
2014-06-13,0.0011323880186739
2014-06-16,0.0012118604063954
2014-06-17,0.0010750596797786
2014-06-18,0.0012746355513484
2014-06-19,0.0013309302359319
2014-06-20,0.0013002246014454
2014-06-23,0.0012076036656315
2014-06-24,0.0014863600584364
2014-06-25,0.0010893386185305
2014-06-26,0.0010345811794807
2014-06-27,0.0013460832546788
2014-06-30,0.0015357433594847
2014-07-01,0.0014370138823852
2014-07-02,0.0015936884113473
2014-07-03,0.0015032947862294
2014-07-04,0.0010611171521717
2014-07-07,0.0008558930747673
2014-07-08,0.0014357727794023
2014-07-09,0.0013627559899012
2014-07-10,0.0023372718837766
2014-07-11,0.0021585237882576
2014-07-14,0.0024794880102728
2014-07-15,0.0024218110272177
2014-07-16,0.002815310783254
2014-07-17,0.0033046907228639
2014-07-18,0.0031330794945982
2014-07-21,0.0035437427373625
2014-07-22,0.0043153372862422
2014-07-23,0.0038688306992047
2014-07-24,0.0033245508361641
2014-07-25,0.0037046440992337
2014-07-28,0.0033760864581973
2014-07-29,0.0031457427257958
2014-07-30,0.0023777254970695
2014-07-31,0.0051431225487784
2014-08-01,0.0113996006540774
2014-08-04,0.0125878434141497
2014-08-05,0.011291554532931
2014-08-06,0.0118772939618834
2014-08-07,0.0134344255030529
2014-08-08,0.0135851764225958
2014-08-11,0.0154029168321048
2014-08-12,0.0159732866064324
2014-08-13,0.0142316603881573
2014-08-14,0.013381196797151
2014-08-15,0.0142359460444524
2014-08-18,0.0134025893113688
2014-08-19,0.0116749932806914
2014-08-20,0.0089411111124667
2014-08-21,0.0086546211652739
2014-08-22,0.0091441958420807
2014-08-25,0.0063020467433477
2014-08-26,0.0067396443802235
2014-08-27,0.0069825927592468
2014-08-28,0.0075449808194371
2014-08-29,0.0081393637417321
2014-09-01,0.0074687505652426
2014-09-02,0.0085216042961118
2014-09-03,0.0084945066855401
2014-09-04,0.0092351596742344
2014-09-05,0.0102088917451065
2014-09-08,0.0076348006870476
2014-09-09,0.0075877810003037
2014-09-10,0.0073079612552264
2014-09-11,0.0055526032560525
2014-09-12,0.0064800073820485
2014-09-15,0.0048063631112875
2014-09-16,0.0037419347132547
2014-09-17,0.0027280289839465
2014-09-18,0.0039848221011973
2014-09-19,0.0039328255525975
2014-09-22,0.0035549700207512
2014-09-23,0.007484292810164
2014-09-24,0.0062623126715984
2014-09-25,0.0118702883220779
2014-09-26,0.0132075781475785
2014-09-29,0.0125153783053251
2014-09-30,0.0130044184098138
2014-10-01,0.0137398141903849
2014-10-02,0.0191914086722343
2014-10-03,0.0145210741609041
2014-10-06,0.0133801591153756
2014-10-07,0.0133436911354635
2014-10-08,0.0122418789504776
2014-10-09,0.0165522677392518
2014-10-10,0.0201821832905174
2014-10-13,0.0190579581595385
2014-10-14,0.0149284666376539
2014-10-15,0.0415665321940383
2014-10-16,0.0464411401781718
2014-10-17,0.0470385806518532
2014-10-20,0.046758608231138
2014-10-21,0.0443016132811784
2014-10-22,0.0377406423454535
2014-10-23,0.034390671897398
2014-10-24,0.0290807285159723
2014-10-27,0.0262291148830281
2014-10-28,0.0230240941953156
2014-10-29,0.0197353098396582
2014-10-30,0.0176534297665717
2014-10-31,0.0164335566150021
2014-11-03,0.0145759946722946
2014-11-04,0.0139281018791907
2014-11-05,0.0123995137164003
2014-11-06,0.0112155916460544
2014-11-07,0.0095681908899436
2014-11-10,0.008237879714448
2014-11-11,0.0076983358559919
2014-11-12,0.007771634888161
2014-11-13,0.00714574908136
2014-11-14,0.0061408616851102
2014-11-17,0.0064620956147105
2014-11-18,0.0072428004394311
2014-11-19,0.0065891325828873
2014-11-20,0.0049726068466381
2014-11-21,0.0056464163562599
2014-11-24,0.0054099562770358
2014-11-25,0.0047312593082265
2014-11-26,0.0039766010976058
2014-11-27,0.0044057227863758
2014-11-28,0.0052986413579419
2014-12-01,0.0057962719679731
2014-12-02,0.0068891579273492
2014-12-03,0.0059780280061205
2014-12-04,0.0048819837645767
2014-12-05,0.0057604287751081
2014-12-08,0.0093169526418298
2014-12-09,0.0140446038073042
2014-12-10,0.0117044206835266
2014-12-11,0.0098332729566319
2014-12-12,0.0166338457511487
2014-12-15,0.0164446716647628
2014-12-16,0.0174292275301249
2014-12-17,0.0163101025504687
2014-12-18,0.0280309216066824
2014-12-19,0.0315697057257598
2014-12-22,0.030646973194835
2014-12-23,0.0294218147493394
2014-12-24,0.025018697847425
2014-12-25,0.0198043499638717
2014-12-26,0.0154808607388648
2014-12-29,0.0116878756850631
2014-12-30,0.0075041226606012
2014-12-31,0.0059363838606086
2015-01-01,0.0044431907093733
2015-01-02,0.0038247904677921
2015-01-05,0.0143281093462138
2015-01-06,0.0153451434597183
2015-01-07,0.016590953168143
2015-01-08,0.017987208503427
2015-01-09,0.0174389699160176
2015-01-12,0.0137789995067522
2015-01-13,0.0140177097164259
2015-01-14,0.015377380152502
2015-01-15,0.016099615342559
2015-01-16,0.0209230709344688
2015-01-19,0.0230559274695247
2015-01-20,0.0234732466424329
2015-01-21,0.0224446620045433
2015-01-22,0.0308196941408563
2015-01-23,0.0729902523685061
2015-01-26,0.0988601933966518
2015-01-27,0.1034093417539936
2015-01-28,0.1067174261619747
2015-01-29,0.111202885219816
2015-01-30,0.1067366022965963
2015-02-02,0.109355613913702
2015-02-03,0.1149808933359368
2015-02-04,0.1051815474235982
2015-02-05,0.0948152738758681
2015-02-06,0.0810436596140912
2015-02-09,0.0830856692587913
2015-02-10,0.0842442164986501
2015-02-11,0.0739859574804221
2015-02-12,0.0821129540410202
2015-02-13,0.0733996505425018
2015-02-16,0.0597873080305736
2015-02-17,0.0533414809006582
2015-02-18,0.0535672665263741
2015-02-19,0.0453421978778237
2015-02-20,0.0528929806137986
2015-02-23,0.0445784090467599
2015-02-24,0.0385745430691121
2015-02-25,0.0311344236933754
2015-02-26,0.0293878438184338
2015-02-27,0.0271777233026736
2015-03-02,0.0208708226016394
2015-03-03,0.0156689884023123
2015-03-04,0.0139707782034379
2015-03-05,0.0125799407095064
2015-03-06,0.0150053914633549
2015-03-09,0.0153796308362216
2015-03-10,0.0254267966271082
2015-03-11,0.0635397913370034
2015-03-12,0.0712884800016423
2015-03-13,0.0719400540657868
2015-03-16,0.0726440393319328
2015-03-17,0.0726875384157851
2015-03-18,0.0746808995292558
2015-03-19,0.0768864047118501
2015-03-20,0.0870850890029461
2015-03-23,0.0874530970799375
2015-03-24,0.083244365543705
2015-03-25,0.0725974595598749
2015-03-26,0.0614236632137221
2015-03-27,0.0658374488283539
2015-03-30,0.0716367283238155
2015-03-31,0.0708609688132042
2015-04-01,0.067184005628633
2015-04-02,0.0612402637767315
2015-04-03,0.0515231204071334
2015-04-06,0.0414097016587424
2015-04-07,0.0376253553043001
2015-04-08,0.0300005342311145
2015-04-09,0.0323567973006851
2015-04-10,0.0512089686651462
2015-04-13,0.0497375464826076
2015-04-14,0.0429993163911312
2015-04-15,0.0401931428981718
2015-04-16,0.0413103147937631
2015-04-17,0.0493071377965013
2015-04-20,0.0572868115143228
2015-04-21,0.0543146390301476
2015-04-22,0.0524194986148787
2015-04-23,0.0548809952713561
2015-04-24,0.052195991526078
2015-04-27,0.0502114626055442
2015-04-28,0.0516758817452183
2015-04-29,0.0432551883771441
2015-04-30,0.0795810005737052
2015-05-01,0.0846588548061236
2015-05-04,0.0981238335628258
2015-05-05,0.1087581377548077
2015-05-06,0.1164293683433959
2015-05-07,0.1108541325333666
2015-05-08,0.118939600241506
2015-05-11,0.1234466292548633
2015-05-12,0.126970753063977
2015-05-13,0.1220171886138621
2015-05-14,0.1319473151731888
2015-05-15,0.1270073303571659
2015-05-18,0.119745628870223
2015-05-19,0.1388531451559512
2015-05-20,0.1310349909209215
2015-05-21,0.1205309568139789
2015-05-22,0.1081916579749655
2015-05-25,0.1036150675147054
2015-05-26,0.1015900440325258
2015-05-27,0.0955504606871033
2015-05-28,0.0899604160072432
2015-05-29,0.0981716155313184
2015-06-01,0.0940508148871482
2015-06-02,0.111451800199297
2015-06-03,0.1118035460826738
2015-06-04,0.1250754665128374
2015-06-05,0.125662696468622
2015-06-08,0.1292027816594523
2015-06-09,0.1314550105077886
2015-06-10,0.136681806976791
2015-06-11,0.1314275602462932
2015-06-12,0.135654726234705
2015-06-15,0.1477077965750748
2015-06-16,0.1432077059803223
2015-06-17,0.1468382046427169
2015-06-18,0.1544767884793551
2015-06-19,0.1579166473653842
2015-06-22,0.1674602436023538
2015-06-23,0.1737054713757774
2015-06-24,0.1587005424386547
2015-06-25,0.1437913096752596
2015-06-26,0.1299153990042703
2015-06-29,0.1657574529444987
2015-06-30,0.174010596218977
2015-07-01,0.1767067201461516
2015-07-02,0.1689808424115404
2015-07-03,0.1588539286195776
2015-07-06,0.1689666230609913
2015-07-07,0.1892524351322368
2015-07-08,0.2092406172240909
2015-07-09,0.2128698883411408
2015-07-10,0.2350694364447784
2015-07-13,0.2354193423468463
2015-07-14,0.2189902244944585
2015-07-15,0.2004455535447101
2015-07-16,0.1943420054593775
2015-07-17,0.169310291592242
2015-07-20,0.1509813972592113
2015-07-21,0.1371735372190903
2015-07-22,0.1218636796052914
2015-07-23,0.1200965596514747
2015-07-24,0.1148257415912819
2015-07-27,0.1314255440688202
2015-07-28,0.1281352051407842
2015-07-29,0.112505831946836
2015-07-30,0.1118820745289114
2015-07-31,0.0972684736683077
2015-08-03,0.0864258611413786
2015-08-04,0.0733505008328293
2015-08-05,0.0795783015330763
2015-08-06,0.0687864597552905
2015-08-07,0.0629035677516814
2015-08-10,0.0550192986888701
2015-08-11,0.0642155320311023
2015-08-12,0.0882087038417569
2015-08-13,0.0903865430024432
2015-08-14,0.0882849349449138
2015-08-17,0.0873145305773419
2015-08-18,0.0807035209298452
2015-08-19,0.0739165866421794
2015-08-20,0.1087664406462434
2015-08-21,0.1297755829186866
2015-08-24,0.1585140798736485
2015-08-25,0.174673232174277
2015-08-26,0.1870786117911931
2015-08-27,0.1866505961196565
2015-08-28,0.1879039943067567
2015-08-31,0.1868594453434355
2015-09-01,0.1895767077482222
2015-09-02,0.183585458802869
2015-09-03,0.1787485044056926
2015-09-04,0.1972825640787969
2015-09-07,0.1964948226197428
2015-09-08,0.1953934712098445
2015-09-09,0.1835334916079516
2015-09-10,0.1745764257805626
2015-09-11,0.1734481251616159
2015-09-14,0.160754123080243
2015-09-15,0.1578813915835199
2015-09-16,0.1529980930430741
2015-09-17,0.1397903807389981
2015-09-18,0.1808678605434606
2015-09-21,0.1964550870835705
2015-09-22,0.2411751584139458
2015-09-23,0.2514992899685046
2015-09-24,0.2629837688755544
2015-09-25,0.269204413681682
2015-09-28,0.2781616948100677
2015-09-29,0.2683438807295217
2015-09-30,0.2549042473438514
2015-10-01,0.253741715154717
2015-10-02,0.2368310934039994
2015-10-05,0.2446912616492977
2015-10-06,0.2220001704901716
2015-10-07,0.2054150042914369
2015-10-08,0.1825406938753593
2015-10-09,0.1829549429357365
2015-10-12,0.1724824698391296
2015-10-13,0.1726882345184046
2015-10-14,0.1649490523243291
2015-10-15,0.1589296715533962
2015-10-16,0.1456009378351808
2015-10-19,0.13428973292836
2015-10-20,0.1214385303941031
2015-10-21,0.1124370169283091
2015-10-22,0.130280938458515
2015-10-23,0.1424906255819236
2015-10-26,0.1452901020952568
2015-10-27,0.1500981959387276
2015-10-28,0.1488683509366765
2015-10-29,0.1649226233763243
2015-10-30,0.1635518597683194
2015-11-02,0.1565082494586194
2015-11-03,0.1392341807882786
2015-11-04,0.1307887945364831
2015-11-05,0.1164726571568484
2015-11-06,0.1086074996470426
2015-11-09,0.1116064235343826
2015-11-10,0.104233709875977
2015-11-11,0.0960995114587819
2015-11-12,0.0883808407750261
2015-11-13,0.0838566695803628
2015-11-16,0.0775813237626222
2015-11-17,0.0727339437686498
2015-11-18,0.0646839219363465
2015-11-19,0.059774129690389
2015-11-20,0.0533567190335403
2015-11-23,0.0467455703170109
2015-11-24,0.0482986501155693
2015-11-25,0.049555874078234
2015-11-26,0.0498798240646786
2015-11-27,0.0472795959403449
2015-11-30,0.0451322146471946
2015-12-01,0.0431605711534217
2015-12-02,0.0423027003312727
2015-12-03,0.0500128879379246
2015-12-04,0.0661722474232713
2015-12-07,0.0843859349249896
2015-12-08,0.1069646827759578
2015-12-09,0.1176341967757095
2015-12-10,0.125707039491711
2015-12-11,0.1359639941233916
2015-12-14,0.1428037272092242
2015-12-15,0.1434731318894256
2015-12-16,0.1358617225215458
2015-12-17,0.1368916060972123
2015-12-18,0.1339067489654685
2015-12-21,0.1250216632317615
2015-12-22,0.1274451641374363
2015-12-23,0.1214349801775917
2015-12-24,0.1070711106335437
2015-12-25,0.0915669597852959
2015-12-28,0.0849555523589374
2015-12-29,0.0896779692966472
2015-12-30,0.0830125835879664
2015-12-31,0.0752416736155765
2016-01-01,0.0643796742722102
2016-01-04,0.0949960206353017
2016-01-05,0.0969461797615121
2016-01-06,0.1061968360968116
2016-01-07,0.1368231837576915
2016-01-08,0.1435372150508807
2016-01-11,0.1400917154486896
2016-01-12,0.1347959674294835
2016-01-13,0.1245791129330605
2016-01-14,0.1240053785570377
2016-01-15,0.1407073385861682
2016-01-18,0.1362740128258453
2016-01-19,0.1341134804199915
2016-01-20,0.1430823088938258
2016-01-21,0.143555065441373
2016-01-22,0.1433306602197588
2016-01-25,0.1483013775330636
2016-01-26,0.1510480472936246
2016-01-27,0.1462676420058187
2016-01-28,0.1509216282856828
2016-01-29,0.1418816212354509
2016-02-01,0.1453228689673116
2016-02-02,0.1564924886348618
2016-02-03,0.1710427178753574
2016-02-04,0.1577208402656633
2016-02-05,0.1786850274808716
2016-02-08,0.2358190718891278
2016-02-09,0.2728109233791264
2016-02-10,0.2858878829584051
2016-02-11,0.3386491753379407
2016-02-12,0.3540564809894596
2016-02-15,0.3730286711678271
2016-02-16,0.3690492731958256
2016-02-17,0.3600891413594209
2016-02-18,0.36405327750295
2016-02-19,0.3569929626567675
2016-02-22,0.3535588426852127
2016-02-23,0.3540781456245152
2016-02-24,0.3530660141613707
2016-02-25,0.3408798248418219
2016-02-26,0.3222536136767274
2016-02-29,0.3247419962771907
2016-03-01,0.3123085977538919
2016-03-02,0.3005190716729543
2016-03-03,0.2819352717481109
2016-03-04,0.2690358879474501
2016-03-07,0.2620237330304406
2016-03-08,0.2500506923692337
2016-03-09,0.2485395389577112
2016-03-10,0.2534990189443448
2016-03-11,0.3097298691472089
2016-03-14,0.3007438062173814
2016-03-15,0.2997467069642638
2016-03-16,0.2856854748881167
2016-03-17,0.3034400212616063
2016-03-18,0.2962851197128729
2016-03-21,0.28510922572143
2016-03-22,0.2808390097089565
2016-03-23,0.2653320920601523
2016-03-24,0.2646732369128674
2016-03-25,0.2432089238822707
2016-03-28,0.2215601787617808
2016-03-29,0.2214324442475935
2016-03-30,0.2247041791172968
2016-03-31,0.2239298844385385
2016-04-01,0.2308967066535099
2016-04-04,0.2256711401181197
2016-04-05,0.2454588184812373
2016-04-06,0.248018950411867
2016-04-07,0.2513635888127912
2016-04-08,0.2426513429001208
2016-04-11,0.23414784422912
2016-04-12,0.2161059735098117
2016-04-13,0.2234552522440887
2016-04-14,0.2116824126074509
2016-04-15,0.1998056872330793
2016-04-18,0.1871182898124661
2016-04-19,0.2158948711728929
2016-04-20,0.2135285790613047
2016-04-21,0.1861989736599859
2016-04-22,0.1740768241593886
2016-04-25,0.167012873125215
2016-04-26,0.1542431791060788
2016-04-27,0.1473140137191583
2016-04-28,0.1542535644328297
2016-04-29,0.1664748312196551
2016-05-02,0.15859253419864
2016-05-03,0.1699460682056008
2016-05-04,0.1780950399535741
2016-05-05,0.1871312668389699
2016-05-06,0.187194836327355
2016-05-09,0.1852700067954749
2016-05-10,0.1824936977160918
2016-05-11,0.1837843798388087
2016-05-12,0.1763488704716572
2016-05-13,0.1660674391706948
2016-05-16,0.1490395071958432
2016-05-17,0.1500005765742648
2016-05-18,0.1475593879969405
2016-05-19,0.1355926032542962
2016-05-20,0.1300118618399302
2016-05-23,0.1354367111044804
2016-05-24,0.1305929852933586
2016-05-25,0.1329174554841846
2016-05-26,0.1325274716390279
2016-05-27,0.1285845303917985
2016-05-30,0.1268105162926828
2016-05-31,0.1227832399608127
2016-06-01,0.1393937349915309
2016-06-02,0.1405999496459793
2016-06-03,0.136168526778587
2016-06-06,0.1166062745771095
2016-06-07,0.1153518828620764
2016-06-08,0.1184992972767744
2016-06-09,0.1259280377775375
2016-06-10,0.1421344514638844
2016-06-13,0.1948000864050088
2016-06-14,0.2181866215020854
2016-06-15,0.2263232420144569
2016-06-16,0.2503096951338698
2016-06-17,0.2405018727503559
2016-06-20,0.2587812256640225
2016-06-21,0.2679662469304203
2016-06-22,0.2662840328747039
2016-06-23,0.2581284171343996
2016-06-24,0.317894255894237
2016-06-27,0.366388378718956
2016-06-28,0.3893478547423959
2016-06-29,0.3995363012820678
2016-06-30,0.4065604149991829
2016-07-01,0.4013275950562338
2016-07-04,0.3961413865369164
2016-07-05,0.4029640257801736
2016-07-06,0.4020469832207796
2016-07-07,0.3919100611877967
2016-07-08,0.38473408356769
2016-07-11,0.3721153727440677
2016-07-12,0.362653577957261
2016-07-13,0.3512660713087707
2016-07-14,0.3538776445954839
2016-07-15,0.3408922884924995
2016-07-18,0.3328532776791421
2016-07-19,0.3265523678334996
2016-07-20,0.316631420137677
2016-07-21,0.2956026739280314
2016-07-22,0.2830372431668971
2016-07-25,0.2649052982240302
2016-07-26,0.2494524381107098
2016-07-27,0.2412746334486759
2016-07-28,0.2136238772605264
2016-07-29,0.2012979510737859
2016-08-01,0.1801712210249514
2016-08-02,0.1856467948705852
2016-08-03,0.1735548601016625
2016-08-04,0.1691548975743481
2016-08-05,0.1629259412382015
2016-08-08,0.1499916916270901
2016-08-09,0.1524252583998091
2016-08-10,0.1342965433223446
2016-08-11,0.1324410074636813
2016-08-12,0.1280328187657199
2016-08-15,0.125201118012375
2016-08-16,0.1083956387013031
2016-08-17,0.1095420438081254
2016-08-18,0.1029003930933225
2016-08-19,0.0923099568848164
2016-08-22,0.0865936387037445
2016-08-23,0.0801427692427716
2016-08-24,0.082378033261451
2016-08-25,0.0813661489005911
2016-08-26,0.084824713184131
2016-08-29,0.0721673168786997
2016-08-30,0.070173387536159
2016-08-31,0.0677308595555223
2016-09-01,0.0752119439954093
2016-09-02,0.0694360366790384
2016-09-05,0.074532419291337
2016-09-06,0.0713975746681311
2016-09-07,0.0678178810054589
2016-09-08,0.0641863665693272
2016-09-09,0.053249497578209
2016-09-12,0.057742639691458
2016-09-13,0.0629292760930666
2016-09-14,0.0696229102385316
2016-09-15,0.0709607961723032
2016-09-16,0.0655531314713959
2016-09-19,0.0658659925523177
2016-09-20,0.0768273535155334
2016-09-21,0.0934935180266813
2016-09-22,0.0814895189080224
2016-09-23,0.0986864830007251
2016-09-26,0.1159222799200025
2016-09-27,0.1360867316217745
2016-09-28,0.135414582484338
2016-09-29,0.1501435458312352
2016-09-30,0.1661215155712259
2016-10-03,0.1780846929798871
2016-10-04,0.1811245065034347
2016-10-05,0.1703203679456441
2016-10-06,0.1698276155421935
2016-10-07,0.1710488993963944
2016-10-10,0.1665902381792253
2016-10-11,0.1570935765128572
2016-10-12,0.1410258621424323
2016-10-13,0.1365673934920466
2016-10-14,0.1330305982389887
2016-10-17,0.1307732765141101
2016-10-18,0.1320056818840187
2016-10-19,0.1296450161605165
2016-10-20,0.1262830221917391
2016-10-21,0.1156600290330819
2016-10-24,0.1117279871778357
2016-10-25,0.1150035031096207
2016-10-26,0.106345425623638
2016-10-27,0.0998865637323322
2016-10-28,0.1085447800966664
2016-10-31,0.112149988675647
2016-11-01,0.0929675228289268
2016-11-02,0.0845675462641454
2016-11-03,0.1009083244547402
2016-11-04,0.1061324667956765
2016-11-07,0.0996355638937859
2016-11-08,0.1054610032465866
2016-11-09,0.1192735564490891
2016-11-10,0.1268558362540822
2016-11-11,0.1523530301054326
2016-11-14,0.1517485989321705
2016-11-15,0.1608398228320986
2016-11-16,0.1670635080080194
2016-11-17,0.1654548432691537
2016-11-18,0.159235007007964
2016-11-21,0.1537538425021127
2016-11-22,0.1480359945485674
2016-11-23,0.136500189028513
2016-11-24,0.1445400402651528
2016-11-25,0.146425438863057
2016-11-28,0.1423166531121369
2016-11-29,0.1365472121388157
2016-11-30,0.1397001013030731
2016-12-01,0.1501147504411133
2016-12-02,0.1657360125311569
2016-12-05,0.1540056735462008
2016-12-06,0.1489352336531751
2016-12-07,0.1498165201024189
2016-12-08,0.1448698265722075
2016-12-09,0.143421105187952
2016-12-12,0.1645137764524742
2016-12-13,0.1788171274170553
2016-12-14,0.1900797740928266
2016-12-15,0.1960240801403108
2016-12-16,0.1939409822907051
2016-12-19,0.2039977440397942
2016-12-20,0.1964856210555716
2016-12-21,0.186853859220465
2016-12-22,0.1795395656270866
2016-12-23,0.1753224410695259
2016-12-26,0.1632072230243479
2016-12-27,0.1528957443616117
2016-12-28,0.1401217939535407
2016-12-29,0.1332796451583442
2016-12-30,0.1260625803747858
2017-01-02,0.1090486060580365
2017-01-03,0.1110211308726097
2017-01-04,0.1079187103619679
2017-01-05,0.1109456783587949
2017-01-06,0.1127390104313675
2017-01-09,0.1223079715692108
2017-01-10,0.1188711854167461
2017-01-11,0.1106692009262159
2017-01-12,0.115594430277521
2017-01-13,0.109553062566975
2017-01-16,0.1097484725585291
2017-01-17,0.1200853793202347
2017-01-18,0.1193778212695491
2017-01-19,0.1078380251433183
2017-01-20,0.104069029099681
2017-01-23,0.109846512916657
2017-01-24,0.1042033496127176
2017-01-25,0.090014043099535
2017-01-26,0.084983763347192
2017-01-27,0.081900571201565
2017-01-30,0.0672521890554705
2017-01-31,0.0746268409766876
2017-02-01,0.0683368380803343
2017-02-02,0.0700639070095166
2017-02-03,0.070561651907903
2017-02-06,0.0612332905368104
2017-02-07,0.062596908564732
2017-02-08,0.0641501092561925
2017-02-09,0.0634321786490383
2017-02-10,0.0647435511336814
2017-02-13,0.0619132660750848
2017-02-14,0.0634134168901837
2017-02-15,0.0591842011345541
2017-02-16,0.0555747368328956
2017-02-17,0.0520129770795064
2017-02-20,0.0516630367960703
2017-02-21,0.0474045602540691
2017-02-22,0.0444544900493226
2017-02-23,0.0413597625879945
2017-02-24,0.0346039074086595
2017-02-27,0.0416683354697307
2017-02-28,0.0451389510504354
2017-03-01,0.0230416324525425
2017-03-02,0.0255474003829497
2017-03-03,0.0288938318070061
2017-03-06,0.0279108750754798
2017-03-07,0.0309816963997216
2017-03-08,0.029098840796017
2017-03-09,0.0274090302889785
2017-03-10,0.022926679546892
2017-03-13,0.023268287245407
2017-03-14,0.0237683351028242
2017-03-15,0.0255486563726267
2017-03-16,0.020574530886016
2017-03-17,0.0210038617407517
2017-03-20,0.0205853263372945
2017-03-21,0.0144538808029025
2017-03-22,0.0105636286919453
2017-03-23,0.0116927211529792
2017-03-24,0.0124906713858376
2017-03-27,0.0101469904273775
2017-03-28,0.0093232215904862
2017-03-29,0.0057215081029016
2017-03-30,0.0068315822964665
2017-03-31,0.0075412282810415
2017-04-03,0.0071275647640104
2017-04-04,0.00853641608763
2017-04-05,0.0099528632211092
2017-04-06,0.0114478107154883
2017-04-07,0.0116333912328594
2017-04-10,0.0104563530030064
2017-04-11,0.0101903387814295
2017-04-12,0.0121009544191653
2017-04-13,0.0137336445649027
2017-04-14,0.0155392213660782
2017-04-17,0.0164138751117354
2017-04-18,0.0127978667521012
2017-04-19,0.0128515035360631
2017-04-20,0.0168971226714359
2017-04-21,0.019967254230964
2017-04-24,0.016127294684426
2017-04-25,0.0247404769974897
2017-04-26,0.0282688104294638
2017-04-27,0.0286100467480989
2017-04-28,0.0284728084994092
2017-05-01,0.0272586037974126
2017-05-02,0.0275819572512625
2017-05-03,0.0264885698405277
2017-05-04,0.0260215239452106
2017-05-05,0.0234338533396161
2017-05-08,0.0211353749639931
2017-05-09,0.02349638018095
2017-05-10,0.0237287051093323
2017-05-11,0.0209599656602958
2017-05-12,0.0184996681527591
2017-05-15,0.0157765333348585
2017-05-16,0.0209613330760549
2017-05-17,0.0147102682444852
2017-05-18,0.019169601523283
2017-05-19,0.0225755450743554
2017-05-22,0.0221507043567999
2017-05-23,0.023371412607307
2017-05-24,0.0235366843538455
2017-05-25,0.0222874905812897
2017-05-26,0.025729735495098
2017-05-29,0.0254060277520727
2017-05-30,0.0259395555662007
2017-05-31,0.0275395749887009
2017-06-01,0.0266543588054104
2017-06-02,0.023390855499692
2017-06-05,0.0225474962857309
2017-06-06,0.0150233699077371
2017-06-07,0.0154635224236666
2017-06-08,0.0153936184968465
2017-06-09,0.020590562266135
2017-06-12,0.0189000183138849
2017-06-13,0.0185841044577623
2017-06-14,0.0180392844075844
2017-06-15,0.0107561980455747
2017-06-16,0.0131166034240461
2017-06-19,0.0138091379724595
2017-06-20,0.0140758944214574
2017-06-21,0.0131099150647495
2017-06-22,0.0138584940858303
2017-06-23,0.0138736814316879
2017-06-26,0.0145002242355672
2017-06-27,0.0049051259800981
2017-06-28,0.0060062728628373
2017-06-29,0.0126945079137036
2017-06-30,0.0169269306553353
2017-07-03,0.0180557555860453
2017-07-04,0.017756386953951
2017-07-05,0.0153158176233389
2017-07-06,0.0159165143633759
2017-07-07,0.0165211773721197
2017-07-10,0.0138172238387837
2017-07-11,0.0115619855771543
2017-07-12,0.0132501523813238
2017-07-13,0.0140597278563534
2017-07-14,0.013504068793059
2017-07-17,0.01245922779223
2017-07-18,0.0100180363224739
2017-07-19,0.0104397401791506
2017-07-20,0.0102518892301858
2017-07-21,0.0071001010384033
2017-07-24,0.0071754728771043
2017-07-25,0.0063926366858059
2017-07-26,0.0061668908880957
2017-07-27,0.0059888125769976
2017-07-28,0.0053952013025522
2017-07-31,0.0058012638801812
2017-08-01,0.0044083109420384
2017-08-02,0.0038904044130531
2017-08-03,0.0063525363356646
2017-08-04,0.0062483419959841
2017-08-07,0.0065295267207878
2017-08-08,0.0074312882433446
2017-08-09,0.0027892445060666
2017-08-10,0.0020501038551743
2017-08-11,0.0021735906615707
2017-08-14,0.0029558724714406
2017-08-15,0.0026514121029781
2017-08-16,0.0028927045338651
2017-08-17,0.0024289921197798
2017-08-18,0.0022353635267624
2017-08-21,0.0019213739744146
2017-08-22,0.0017218994424853
2017-08-23,0.0015484041868587
2017-08-24,0.0018764310958482
2017-08-25,0.0021376359751806
2017-08-28,0.0009515823183338
2017-08-29,0.0034228272038256
2017-08-30,0.0065182996525887
2017-08-31,0.0070853769463634
2017-09-01,0.0071668682513602
2017-09-04,0.0066643538815573
2017-09-05,0.0048966901007982
2017-09-06,0.0048695635531521
2017-09-07,0.0037546072766993
2017-09-08,0.0034568771244674
2017-09-11,0.0047784223938422
2017-09-12,0.0083196214894248
2017-09-13,0.0083794836243595
2017-09-14,0.0115706161252375
2017-09-15,0.0126942972108533
2017-09-18,0.0122179561562718
2017-09-19,0.0121263712527443
2017-09-20,0.0120284120631505
2017-09-21,0.0134940402275999
2017-09-22,0.0142432115437282
2017-09-25,0.0126392960575975
2017-09-26,0.012922039290483
2017-09-27,0.0120453558697538
2017-09-28,0.0118856096348699
2017-09-29,0.0140477280778224
2017-10-02,0.0135626908852599
2017-10-03,0.014735374980666
2017-10-04,0.0149035694241941
2017-10-05,0.0152518014316973
2017-10-06,0.0152258537554865
2017-10-09,0.016985075693374
2017-10-10,0.0165907553305873
2017-10-11,0.0185435699323822
2017-10-12,0.0197450763203908
2017-10-13,0.0222849360452399
2017-10-16,0.0233194338160597
2017-10-17,0.0242047844963921
2017-10-18,0.0231627598155434
2017-10-19,0.0182748052029296
2017-10-20,0.0165232712784596
2017-10-23,0.0152227917453056
2017-10-24,0.0150817775537856
2017-10-25,0.0155953375497056
2017-10-26,0.0109338178372932
2017-10-27,0.0055237997060007
2017-10-30,0.008816720017274
2017-10-31,0.0109373815145511
2017-11-01,0.0093051900429793
2017-11-02,0.0134176361596712
2017-11-03,0.0172367190668535
2017-11-06,0.0168622877837308
2017-11-07,0.0175784122177815
2017-11-08,0.0203237484156124
2017-11-09,0.0110465389606366
2017-11-10,0.0125471522149213
2017-11-13,0.015166188230162
2017-11-14,0.0111890413289216
2017-11-15,0.0103648273155642
2017-11-16,0.0127148682050216
2017-11-17,0.0141116038339078
2017-11-20,0.0155514896270302
2017-11-21,0.0157689220440263
2017-11-22,0.0134971327583116
2017-11-23,0.0116177862057816
2017-11-24,0.0118163579877998
2017-11-27,0.0107312454686401
2017-11-28,0.0109942668781776
2017-11-29,0.0153608931176036
2017-11-30,0.0174129556465299
2017-12-01,0.0101177800652358
2017-12-04,0.010292370805709
2017-12-05,0.01216183987642
2017-12-06,0.0118518657694719
2017-12-07,0.0141134949327772
2017-12-08,0.0160944073801221
2017-12-11,0.0180162231197372
2017-12-12,0.0198285941061842
2017-12-13,0.0179610297687071
2017-12-14,0.0136371027174073
2017-12-15,0.0124008867231198
2017-12-18,0.0089171760326494
2017-12-19,0.0052843821928019
2017-12-20,0.0029693305207548
2017-12-21,0.0050262093741903
2017-12-22,0.0063877168710721
2017-12-25,0.0075554552296516
2017-12-26,0.0083483607531175
2017-12-27,0.0067876920394173
2017-12-28,0.0046102344654833
2017-12-29,0.005191264005938
2018-01-01,0.0056562799641084
2018-01-02,0.0054687472760874
2018-01-03,0.0049370810300827
2018-01-04,0.0023139348766388
2018-01-05,0.0022826974937361
2018-01-08,0.0025077666769894
2018-01-09,0.0024526335126366
2018-01-10,0.0018814831937803
2018-01-11,0.0020133412273653
2018-01-12,0.0017953402823786
2018-01-15,0.0020915599615401
2018-01-16,0.001860490009441
2018-01-17,0.0022467771348226
2018-01-18,0.0026076520252931
2018-01-19,0.0034585700734099
2018-01-22,0.0043434684416943
2018-01-23,0.0049137994200618
2018-01-24,0.0019466076183641
2018-01-25,0.0016352989269072
2018-01-26,0.0017669429660228
2018-01-29,0.0018558714976041
2018-01-30,0.0020535360460005
2018-01-31,0.0017822996962255
2018-02-01,0.0022383407911756
2018-02-02,0.005187133929173
2018-02-05,0.0108004556900101
2018-02-06,0.0233132640694144
2018-02-07,0.0259877643474314
2018-02-08,0.0427188586899266
2018-02-09,0.0525347434415051
2018-02-12,0.0561979041512913
2018-02-13,0.0544434961229183
2018-02-14,0.0537022137977074
2018-02-15,0.047801589191211
2018-02-16,0.0439679292800756
2018-02-19,0.0405602212354048
2018-02-20,0.0381130658887436
2018-02-21,0.0363307178451633
2018-02-22,0.030583020752519
2018-02-23,0.0271080467660675
2018-02-26,0.0252837806085861
2018-02-27,0.0249268439620136
2018-02-28,0.0179575557295538
2018-03-01,0.0259502649562802
2018-03-02,0.0334399140467222
2018-03-05,0.0396851253984848
2018-03-06,0.0359918101641461
2018-03-07,0.0373807636631477
2018-03-08,0.0361026716026322
2018-03-09,0.0358101461469964
2018-03-12,0.0325071837640107
2018-03-13,0.0389129865519886
2018-03-14,0.0353524442358701
2018-03-15,0.0316674762563637
2018-03-16,0.0286257926064836
2018-03-19,0.0354050683597034
2018-03-20,0.0339163669899582
2018-03-21,0.0295949671022827
2018-03-22,0.0287690018762944
2018-03-23,0.0322161372988354
2018-03-26,0.0290171336125939
2018-03-27,0.0336014837505395
2018-03-28,0.03495247145259
2018-03-29,0.0337218769953753
2018-03-30,0.0313092765584339
2018-04-02,0.0269511908487359
2018-04-03,0.0225757812588727
2018-04-04,0.0198240814554105
2018-04-05,0.0239456159863455
2018-04-06,0.0229492537075481
2018-04-09,0.0200966031261041
2018-04-10,0.0186449854352014
2018-04-11,0.0185550581074879
2018-04-12,0.0142375725448938
2018-04-13,0.012555211580213
2018-04-16,0.0121274834878225
2018-04-17,0.0119936351828254
2018-04-18,0.0083543213602801
2018-04-19,0.005821475972767
2018-04-20,0.0051042300904874
2018-04-23,0.0033269495772372
2018-04-24,0.0035113160505487
2018-04-25,0.0041066643617387
2018-04-26,0.00370120345842
2018-04-27,0.0024350055363694
2018-04-30,0.003051745900721
2018-05-01,0.0038836229208215
2018-05-02,0.002817254336588
2018-05-03,0.0018734322493408
2018-05-04,0.0020825449005836
2018-05-07,0.0021225709466235
2018-05-08,0.0018697921517356
2018-05-09,0.0021331610340288
2018-05-10,0.0021072150459872
2018-05-11,0.0019760524862251
2018-05-14,0.0018915099887193
2018-05-15,0.0024858787681572
2018-05-16,0.0049245564348951
2018-05-17,0.0034666423114096
2018-05-18,0.0032294204762209
2018-05-21,0.0027636088467878
2018-05-22,0.0020008845699392
2018-05-23,0.0099227701423874
2018-05-24,0.011761413438475
2018-05-25,0.012272589019849
2018-05-28,0.0117703098888544
2018-05-29,0.0303900556636259
2018-05-30,0.0358381950139833
2018-05-31,0.040936446760067
2018-06-01,0.0384479996103577
2018-06-04,0.0365184471215051
2018-06-05,0.0337385688557391
2018-06-06,0.0363303410725276
2018-06-07,0.0332372265737606
2018-06-08,0.034015866186831
2018-06-11,0.0315491866565508
2018-06-12,0.0271299746771296
2018-06-13,0.0231355941336286
2018-06-14,0.0183687037195264
2018-06-15,0.015365271365074
2018-06-18,0.0134245751664299
2018-06-19,0.0145944318943812
2018-06-20,0.0127017127216472
2018-06-21,0.0143756308709753
2018-06-22,0.0142839603631168
2018-06-25,0.0250057372572604
2018-06-26,0.0256357741457833
2018-06-27,0.0257796970684831
2018-06-28,0.0276565462924454
2018-06-29,0.0280512134865458
2018-07-02,0.030525858457396
2018-07-03,0.029305907046179
2018-07-04,0.023958459426338
2018-07-05,0.0247708981714482
2018-07-06,0.022865059999158
2018-07-09,0.0209014111968851
2018-07-10,0.0193740944494913
2018-07-11,0.0209599770603098
2018-07-12,0.0189308863553827
2018-07-13,0.0180894638090288
2018-07-16,0.0146878866596871
2018-07-17,0.0135489183927145
2018-07-18,0.011522612399448
2018-07-19,0.0114306260636485
2018-07-20,0.0099144223096526
2018-07-23,0.0084345427361424
2018-07-24,0.0090140566341474
2018-07-25,0.0087494488450621
2018-07-26,0.0085353786512662
2018-07-27,0.0080616773311252
2018-07-30,0.0091556456966292
2018-07-31,0.0088295408252648
2018-08-01,0.0078227625508814
2018-08-02,0.0109273869876302
2018-08-03,0.0091037193011613
2018-08-06,0.0073306788425976
2018-08-07,0.006026364062147
2018-08-08,0.0058350084380799
2018-08-09,0.0045613691436524
2018-08-10,0.0247977637893151
2018-08-13,0.0256318461897746
2018-08-14,0.0207402708573752
2018-08-15,0.0280731605373417
2018-08-16,0.0265466840061839
2018-08-17,0.0229110583002461
2018-08-20,0.0208333925099064
2018-08-21,0.0199694316429443
2018-08-22,0.0223486749352073
2018-08-23,0.0204897611862609
2018-08-24,0.018523916671792
2018-08-27,0.0142266730605206
2018-08-28,0.0153584813112206
2018-08-29,0.0134002343564169
2018-08-30,0.0105373761778521
2018-08-31,0.0129982911356313
2018-09-03,0.0110841581625931
2018-09-04,0.0090641652999214
2018-09-05,0.0090794038653381
2018-09-06,0.0074806800965873
2018-09-07,0.006744363536614
2018-09-10,0.0048960452713071
2018-09-11,0.004131409370745
2018-09-12,0.0038870561554173
2018-09-13,0.0040035146114436
2018-09-14,0.0030670644846488
2018-09-17,0.0031542168009215
2018-09-18,0.0030736229903135
2018-09-19,0.0035637629329164
2018-09-20,0.002229042313388
2018-09-21,0.0027753037884471
2018-09-24,0.0024680573152113
2018-09-25,0.0030297599769867
2018-09-26,0.0037939668448117
2018-09-27,0.0044817824220821
2018-09-28,0.0016151007961178
2018-10-01,0.0017493211690178
2018-10-02,0.0021625088519909
2018-10-03,0.0014760717023309
2018-10-04,0.0019151742535387
2018-10-05,0.0026741473413195
2018-10-08,0.0091541556335063
2018-10-09,0.0093645681119336
2018-10-10,0.0166384445946031
2018-10-11,0.0245466665765941
2018-10-12,0.0278357577989875
2018-10-15,0.0272481316183977
2018-10-16,0.0301334497911121
2018-10-17,0.0297409129414965
2018-10-18,0.0321847932082606
2018-10-19,0.0322602584050472
2018-10-22,0.0299224969326197
2018-10-23,0.0349346295177404
2018-10-24,0.0372176716817405
2018-10-25,0.0405824410311076
2018-10-26,0.0403974457052458
2018-10-29,0.0434829860710817
2018-10-30,0.0446441328028887
2018-10-31,0.0464023246109077
2018-11-01,0.0388478755157741
2018-11-02,0.0348204145784398
2018-11-05,0.0332588751116851
2018-11-06,0.0300226837469657
2018-11-07,0.0258093738409361
2018-11-08,0.0233190354434732
2018-11-09,0.0184831841451735
2018-11-12,0.0163989123284192
2018-11-13,0.0198074326773028
2018-11-14,0.0216893932951724
2018-11-15,0.0297590758537562
2018-11-16,0.0350566188317451
2018-11-19,0.0384078584651972
2018-11-20,0.0500970786850352
2018-11-21,0.058486156631708
2018-11-22,0.0707611577031709
2018-11-23,0.0703516328040856
2018-11-26,0.0731236356987203
2018-11-27,0.074476247787125
2018-11-28,0.0746185789619639
2018-11-29,0.0654565675250374
2018-11-30,0.0635187231815677
2018-12-03,0.0661671387158135
2018-12-04,0.0767453243152433
2018-12-05,0.0822869484065676
2018-12-06,0.1125307754142263
2018-12-07,0.1294393509365295
2018-12-10,0.1592598636690384
2018-12-11,0.1668158556444452
2018-12-12,0.1736027771990166
2018-12-13,0.1757277246596232
2018-12-14,0.1598392715950551
2018-12-17,0.1687389615493827
2018-12-18,0.1655492036275721
2018-12-19,0.1673020884195483
2018-12-20,0.1877227935936068
2018-12-21,0.1700416254926756
2018-12-24,0.1635877722184645
2018-12-25,0.1550728577076499
2018-12-26,0.1442354867632463
2018-12-27,0.165867200871187
2018-12-28,0.1650846945780246
2018-12-31,0.1665805825041604
2019-01-01,0.1730008896116131
2019-01-02,0.1410938938542432
2019-01-03,0.1468699054911844
2019-01-04,0.159690257408114
2019-01-07,0.1665235680978469
2019-01-08,0.1675405722448115
2019-01-09,0.1658749712508103
2019-01-10,0.1577604055103057
2019-01-11,0.1558091366437892
2019-01-14,0.1430375469414662
2019-01-15,0.1359750197550343
2019-01-16,0.1287276235905796
2019-01-17,0.1228967082631034
2019-01-18,0.1259097299759763
2019-01-21,0.1180527390718667
2019-01-22,0.1138350298381438
2019-01-23,0.1157004497979961
2019-01-24,0.1031978884773617
2019-01-25,0.0997723616164357
2019-01-28,0.0946214444724792
2019-01-29,0.089160777180335
2019-01-30,0.0901414866435998
2019-01-31,0.0789800648453066
2019-02-01,0.080644686194948
2019-02-04,0.0676286260310218
2019-02-05,0.0651776972272105
2019-02-06,0.0591225276322982
2019-02-07,0.0557870607754014
2019-02-08,0.0578565867842592
2019-02-11,0.0543686062553927
2019-02-12,0.0533420805699213
2019-02-13,0.0520333238492012
2019-02-14,0.0498063241743495
2019-02-15,0.0465068046077824
2019-02-18,0.040945377251151
2019-02-19,0.038978162924491
2019-02-20,0.0365200741348585
2019-02-21,0.0349152167887785
2019-02-22,0.0317799585648145
2019-02-25,0.0314759088060715
2019-02-26,0.032204414468306
2019-02-27,0.0346490742119434
2019-02-28,0.0345322440879483
2019-03-01,0.0302776278879402
2019-03-04,0.0304842457298502
2019-03-05,0.0339044971941597
2019-03-06,0.0345073660099253
2019-03-07,0.030673834236508
2019-03-08,0.0260347208127749
2019-03-11,0.0273061790416241
2019-03-12,0.0289257352298009
2019-03-13,0.0287110020706525
2019-03-14,0.0337898521883216
2019-03-15,0.0338583158446953
2019-03-18,0.0329989056281503
2019-03-19,0.0303479913032668
2019-03-20,0.0310697862759217
2019-03-21,0.0298910555197806
2019-03-22,0.0261542363351951
2019-03-25,0.030999827616733
2019-03-26,0.0327067977865711
2019-03-27,0.0321760404691288
2019-03-28,0.03519401967851
2019-03-29,0.0367900344533843
2019-04-01,0.0307437803136842
2019-04-02,0.0309882770585713
2019-04-03,0.0257955309930791
2019-04-04,0.0276427733432982
2019-04-05,0.0284700639826163
2019-04-08,0.026889333249947
2019-04-09,0.0265271957601593
2019-04-10,0.0263158028709681
2019-04-11,0.0249359970066675
2019-04-12,0.013035131328414
2019-04-15,0.012898947156995
2019-04-16,0.0121601020068047
2019-04-17,0.0118799738504568
2019-04-18,0.009380007283475
2019-04-19,0.0105199687651428
2019-04-22,0.0118156140030921
2019-04-23,0.0132153277334449
2019-04-24,0.0103030252541435
2019-04-25,0.0094140163390836
2019-04-26,0.0098741336581936
2019-04-29,0.0099515148275932
2019-04-30,0.0098285774583159
2019-05-01,0.0115856174408908
2019-05-02,0.0132916990943454
2019-05-03,0.0109848886248787
2019-05-06,0.0077748640609537
2019-05-07,0.0076165750718989
2019-05-08,0.0082867780889143
2019-05-09,0.0101590321098566
2019-05-10,0.0127302666757219
2019-05-13,0.0218283051097614
2019-05-14,0.0279484731506574
2019-05-15,0.0295697283840124
2019-05-16,0.0280475955863693
2019-05-17,0.0279532524712972
2019-05-20,0.032262933760649
2019-05-21,0.0311596452009448
2019-05-22,0.0284639589045158
2019-05-23,0.0364172600029713
2019-05-24,0.03885030440535
2019-05-27,0.0384818357261487
2019-05-28,0.0355890180534342
2019-05-29,0.0412852622108022
2019-05-30,0.0421834338239872
2019-05-31,0.0412495056923407
2019-06-03,0.0414245562058129
2019-06-04,0.0427281264377502
2019-06-05,0.0414413699938111
2019-06-06,0.0427224837860384
2019-06-07,0.0427330925603966
2019-06-10,0.0335297122139139
2019-06-11,0.0312837131118309
2019-06-12,0.0316785690610034
2019-06-13,0.029779647992208
2019-06-14,0.0310913811946179
2019-06-17,0.0300891298555227
2019-06-18,0.0198843131915691
2019-06-19,0.0149440289688082
2019-06-20,0.0124457408087481
2019-06-21,0.0158707397106637
2019-06-24,0.0116428357932262
2019-06-25,0.0121390234313257
2019-06-26,0.0114719058555941
2019-06-27,0.01146334193435
2019-06-28,0.0112686089783199
2019-07-01,0.0093716063068734
2019-07-02,0.0086272306526145
2019-07-03,0.0069552199942826
2019-07-04,0.0083948547781698
2019-07-05,0.0084027952519301
2019-07-08,0.0086532469352336
2019-07-09,0.0092366511352584
2019-07-10,0.0077255903928489
2019-07-11,0.0063716356797533
2019-07-12,0.0071179770651341
2019-07-15,0.0061871712955843
2019-07-16,0.0050540474596406
2019-07-17,0.0051383368391471
2019-07-18,0.0049074215794351
2019-07-19,0.0058181902894813
2019-07-22,0.0064109103140721
2019-07-23,0.0048337403493199
2019-07-24,0.0028836029384912
2019-07-25,0.0025668300462394
2019-07-26,0.0021237382024056
2019-07-29,0.0029797047793117
2019-07-30,0.0100414124355077
2019-07-31,0.012646815036193
2019-08-01,0.0117496681093123
2019-08-02,0.0209116250786933
2019-08-05,0.0330845316520932
2019-08-06,0.0372247087797511
2019-08-07,0.0382023190777842
2019-08-08,0.0354732774851922
2019-08-09,0.0396319349217026
2019-08-12,0.0373757124835722
2019-08-13,0.0376060013207808
2019-08-14,0.0427949923653659
2019-08-15,0.0480940338609292
2019-08-16,0.0500471878158639
2019-08-19,0.0551676239285876
2019-08-20,0.0588248339906836
2019-08-21,0.0579536635062442
2019-08-22,0.0569320092900098
2019-08-23,0.0610691675535684
2019-08-26,0.0539803718717158
2019-08-27,0.0529669753183581
2019-08-28,0.0544033614603141
2019-08-29,0.0532085425465573
2019-08-30,0.0510356668152305
2019-09-02,0.0484695598519667
2019-09-03,0.0441656748625282
2019-09-04,0.0398776162100785
2019-09-05,0.0335075358449303
2019-09-06,0.0304734426975049
2019-09-09,0.0264064037768545
2019-09-10,0.0251938353897408
2019-09-11,0.0243127817935842
2019-09-12,0.0217007706830665
2019-09-13,0.0075198983889223
2019-09-16,0.0089365478320866
2019-09-17,0.0093081707877127
2019-09-18,0.0096119384036723
2019-09-19,0.0092024566213158
2019-09-20,0.0092060053913949
2019-09-23,0.008975577902044
2019-09-24,0.0081534543260242
2019-09-25,0.0106872204173452
2019-09-26,0.0096005773647735
2019-09-27,0.009516030500385
2019-09-30,0.0083517517653228
2019-10-01,0.0078264561021326
2019-10-02,0.0066621274377294
2019-10-03,0.0080371009077211
2019-10-04,0.0102152779690621
2019-10-07,0.012941185434257
2019-10-08,0.0145851483120792
2019-10-09,0.013936320791735
2019-10-10,0.0103152950154537
2019-10-11,0.0127721776600479
2019-10-14,0.012603320033047
2019-10-15,0.0126136771966921
2019-10-16,0.0107980889146271
2019-10-17,0.0088036369495592
2019-10-18,0.0090793041190059
2019-10-21,0.0101639416272706
2019-10-22,0.0096711696204504
2019-10-23,0.0101975647907748
2019-10-24,0.0112254874662606
2019-10-25,0.0096748388667724
2019-10-28,0.0093138952710154
2019-10-29,0.0093152255702458
2019-10-30,0.009211419734509
2019-10-31,0.0065204410590159
2019-11-01,0.0069884356022463
2019-11-04,0.0059203045921844
2019-11-05,0.005501306596694
2019-11-06,0.0052105384185815
2019-11-07,0.0044392901499115
2019-11-08,0.0042067540837378
2019-11-11,0.0048726097396959
2019-11-12,0.0049856680660745
2019-11-13,0.0044362563080469
2019-11-14,0.0046717017556276
2019-11-15,0.003965022767348
2019-11-18,0.0039765262921265
2019-11-19,0.0043402213380324
2019-11-20,0.0031409253787426
2019-11-21,0.002580530958117
2019-11-22,0.0025337832357451
2019-11-25,0.002667976213794
2019-11-26,0.0025082822948088
2019-11-27,0.0024420042762035
2019-11-28,0.0026365498161115
2019-11-29,0.0023891526800197
2019-12-02,0.0014250398354585
2019-12-03,0.0024103896735157
2019-12-04,0.0042540389235565
2019-12-05,0.0037061800503153
2019-12-06,0.0035591958707176
2019-12-09,0.0034847524507617
2019-12-10,0.0036260879526722
2019-12-11,0.0037013192661265
2019-12-12,0.0033467761050955
2019-12-13,0.0043669666628681
2019-12-16,0.0039787940533662
2019-12-17,0.005520177628874
2019-12-18,0.0060533859167707
2019-12-19,0.0066420021359845
2019-12-20,0.0077477430638876
2019-12-23,0.0090987921310744
2019-12-24,0.0119217468585812
2019-12-25,0.0141326428655979
2019-12-26,0.0158855845540887
2019-12-27,0.0122479345999318
2019-12-30,0.0088864475653572
2019-12-31,0.0101384552820838
2020-01-01,0.0116252636496139
2020-01-02,0.0072399213188881
2020-01-03,0.0020430410625697
2020-01-06,0.0015161095682923
2020-01-07,0.0012718724498578
2020-01-08,0.0016275778680882
2020-01-09,0.0029207976389647
2020-01-10,0.0033372070139141
2020-01-13,0.0032698377075788
2020-01-14,0.0024770615103679
2020-01-15,0.0022612580626913
2020-01-16,0.0023985401853394
2020-01-17,0.0022466201616775
2020-01-20,0.0025113832481052
2020-01-21,0.0025331658142742
2020-01-22,0.0027988504603368
2020-01-23,0.0019116422067733
2020-01-24,0.0015857294102026
2020-01-27,0.0083262034016604
2020-01-28,0.0053645317775254
2020-01-29,0.0039482832941501
2020-01-30,0.0050711791573074
2020-01-31,0.0065820881902276
2020-02-03,0.0051057203249033
2020-02-04,0.0050700162578247
2020-02-05,0.0048876625850264
2020-02-06,0.0053048163454653
2020-02-07,0.0048788296246754
2020-02-10,0.003591598304599
2020-02-11,0.0037994665686176
2020-02-12,0.0037087321020302
2020-02-13,0.0038361718165119
2020-02-14,0.0031534565914409
2020-02-17,0.0031207191705567
2020-02-18,0.0027467758610724
2020-02-19,0.0030537490424515
2020-02-20,0.0033997412145646
2020-02-21,0.0034277203056725
2020-02-24,0.0230123863299284
2020-02-25,0.0324272023627906
2020-02-26,0.0396138698835033
2020-02-27,0.0564964812689633
2020-02-28,0.0818574441912909
2020-03-02,0.0958034736150754
2020-03-03,0.1024703759245266
2020-03-04,0.1007467308508439
2020-03-05,0.1141719745595978
2020-03-06,0.1396446914028782
2020-03-09,0.2420431683823509
2020-03-10,0.2880485151545228
2020-03-11,0.3263378440413836
2020-03-12,0.3900075862951352
2020-03-13,0.4612297227860259
2020-03-16,0.5335027934902352
2020-03-17,0.5871412090260808
2020-03-18,0.6137519661182614
2020-03-19,0.614384416334892
2020-03-20,0.6431200587138233
2020-03-23,0.6481720912016955
2020-03-24,0.6383909973242505
2020-03-25,0.6287197985353847
2020-03-26,0.6469886223978621
2020-03-27,0.6668781753071522
2020-03-30,0.6656133029524753
2020-03-31,0.6549116347739687
2020-04-01,0.6712068114744891
2020-04-02,0.6527998581253008
2020-04-03,0.6526254009612398
2020-04-06,0.6246927614535822
2020-04-07,0.6367102393505768
2020-04-08,0.6256653654514833
2020-04-09,0.6066517719581336
2020-04-10,0.5792247350447663
2020-04-13,0.5469941265845017
2020-04-14,0.5371120432762106
2020-04-15,0.5614320563772177
2020-04-16,0.5354485215884567
2020-04-17,0.5046143651090861
2020-04-20,0.4797822540212325
2020-04-21,0.487761714792945
2020-04-22,0.4863788595566166
2020-04-23,0.4789880395625707
2020-04-24,0.4803793695719097
2020-04-27,0.4589271291058139
2020-04-28,0.4348151479738196
2020-04-29,0.4134323893269784
2020-04-30,0.4405709326359162
2020-05-01,0.4258743477996973
2020-05-04,0.4285220498476765
2020-05-05,0.4063062842656583
2020-05-06,0.4272946931683044
2020-05-07,0.4335865508381072
2020-05-08,0.4201349634078316
2020-05-11,0.4126911195407106
2020-05-12,0.3959411556759484
2020-05-13,0.4010909619357068
2020-05-14,0.3825528456688001
2020-05-15,0.3594570515182562
2020-05-18,0.3512401844018397
2020-05-19,0.3399862348853201
2020-05-20,0.3317858477780413
2020-05-21,0.332574303167477
2020-05-22,0.3278213994847676
2020-05-25,0.2973503668348262
2020-05-26,0.2862656614989055
2020-05-27,0.2744397742554949
2020-05-28,0.2590999107639465
2020-05-29,0.255405522763081
2020-06-01,0.2413614003282526
2020-06-02,0.2462034629950643
2020-06-03,0.2124931632260332
2020-06-04,0.2091607894549193
2020-06-05,0.180898892021695
2020-06-08,0.1701018762036187
2020-06-09,0.171347260804965
2020-06-10,0.1615273305541191
2020-06-11,0.1993567432677364
2020-06-12,0.2001392902569282
2020-06-15,0.1934931846597356
2020-06-16,0.1748300340890399
2020-06-17,0.1663028131214549
2020-06-18,0.1767345792608139
2020-06-19,0.1754990429040497
2020-06-22,0.1690952724569949
2020-06-23,0.1495075844884195
2020-06-24,0.1608672429542953
2020-06-25,0.1487562238423099
2020-06-26,0.1534910143204264
2020-06-29,0.1622549916797636
2020-06-30,0.1545272333315542
2020-07-01,0.1396560756268431
2020-07-02,0.1330709789051403
2020-07-03,0.1295954214331247
2020-07-06,0.1232827969960959
2020-07-07,0.1188137904604941
2020-07-08,0.1137099646544478
2020-07-09,0.1011887036302867
2020-07-10,0.0950888534715255
2020-07-13,0.081301155146624
2020-07-14,0.0826641398759108
2020-07-15,0.0752076673208904
2020-07-16,0.0670199355970201
2020-07-17,0.0596451785506966
2020-07-20,0.0561489861708884
2020-07-21,0.0496538468610469
2020-07-22,0.0437240469652867
2020-07-23,0.039084166715021
2020-07-24,0.0389248289761505
2020-07-27,0.0339356083458315
2020-07-28,0.0297696474871353
2020-07-29,0.0260276832149852
2020-07-30,0.0449460019431565
2020-07-31,0.0604092572097015
2020-08-03,0.0693980376192748
2020-08-04,0.0681291037915231
2020-08-05,0.0608323734642091
2020-08-06,0.0588499709055532
2020-08-07,0.0533737797978095
2020-08-10,0.048122941039934
2020-08-11,0.0417111788548734
2020-08-12,0.0348894115195314
2020-08-13,0.0286382185471678
2020-08-14,0.0262226705533597
2020-08-17,0.0240145516534428
2020-08-18,0.0222461488267145
2020-08-19,0.0204843700963632
2020-08-20,0.0205315564427381
2020-08-21,0.0175422841462725
2020-08-24,0.0211991190284199
2020-08-25,0.0152341727508796
2020-08-26,0.0151610814458729
2020-08-27,0.0145373787474839
2020-08-28,0.0136761208125032
2020-08-31,0.0114579312027813
2020-09-01,0.0108499025054609
2020-09-02,0.0127148709342742
2020-09-03,0.0144808736228704
2020-09-04,0.0140712091257479
2020-09-07,0.0140114382690632
2020-09-08,0.0141081948096652
2020-09-09,0.019718488763917
2020-09-10,0.0158166088715354
2020-09-11,0.0157432336095572
2020-09-14,0.016410417801571
2020-09-15,0.0161748679988003
2020-09-16,0.0161032806512524
2020-09-17,0.0097730411954417
2020-09-18,0.0086561605567038
2020-09-21,0.0291071403428776
2020-09-22,0.0301310050130547
2020-09-23,0.0286020995552671
2020-09-24,0.0323965234630821
2020-09-25,0.0366811516705992
2020-09-28,0.0499586548699895
2020-09-29,0.053271840589944
2020-09-30,0.0527880038693172
2020-10-01,0.0563279789325253
2020-10-02,0.0531584178784939
2020-10-05,0.0487420044648022
2020-10-06,0.0429098529388511
2020-10-07,0.0436145640594603
2020-10-08,0.0422819733713735
2020-10-09,0.0375765512224334
2020-10-12,0.0364712597583515
2020-10-13,0.0329993429082267
2020-10-14,0.0260993233346864
2020-10-15,0.027207349840316
2020-10-16,0.0284892339501997
2020-10-19,0.0252263862893004
2020-10-20,0.0243261229271974
2020-10-21,0.0268193906889028
2020-10-22,0.0247669371369481
2020-10-23,0.0232486468927964
2020-10-26,0.0334737894096798
2020-10-27,0.0371178838342573
2020-10-28,0.0500107018472249
2020-10-29,0.0630470760750172
2020-10-30,0.0698945394492733
2020-11-02,0.0745983194793814
2020-11-03,0.0707462629856554
2020-11-04,0.0688409965745771
2020-11-05,0.0468281382586298
2020-11-06,0.0438803576917895
2020-11-09,0.0221503390110969
2020-11-10,0.020496808526781
2020-11-11,0.0236318716174092
2020-11-12,0.0275653322462201
2020-11-13,0.0288212589447696
2020-11-14,0.028092
2020-11-16,0.0291070326493799
2020-11-17,0.0269191486645957
2020-11-18,0.0267753704829559
2020-11-19,0.0269426478373625
2020-11-20,0.0254912106056614
2020-11-23,0.0256479982287454
2020-11-24,0.0236535003576408
2020-11-25,0.0217945736566415
2020-11-26,0.0188993015513675
2020-11-27,0.0185828007941514
2020-11-30,0.0156322147099385
2020-12-01,0.0130565873579735
2020-12-02,0.0116921431803137
2020-12-03,0.0092532340165421
2020-12-04,0.0082997043852844
2020-12-07,0.009030727623599
2020-12-08,0.0081502785174974
2020-12-09,0.0082078461505378
2020-12-10,0.0085180802221891
2020-12-11,0.0129797828142871
2020-12-14,0.0144065889564845
2020-12-15,0.0162961670380724
2020-12-16,0.0164808364855312
2020-12-17,0.0165491446271724
2020-12-18,0.0173972454743444
2020-12-21,0.0183865018919794
2020-12-22,0.0198669311033791
2020-12-23,0.0181387658780451
2020-12-24,0.0185215936517829
2020-12-25,0.0190354336137846
2020-12-28,0.0233169824621596
2020-12-29,0.0196590228461498
2020-12-30,0.018399347776251
2020-12-31,0.0174022372326214
2021-01-01,0.0158350667163675
2021-01-04,0.0236129968656742
2021-01-05,0.02037681655222
2021-01-06,0.0185279535039106
2021-01-07,0.0192848337003736
2021-01-08,0.0177450428485685
2021-01-11,0.0121018922880106
2021-01-12,0.0141611715155042
2021-01-13,0.0138860326180606
2021-01-14,0.0146604798173876
2021-01-15,0.010408203539645
2021-01-18,0.0093943183120196
2021-01-19,0.0063977414407511
2021-01-20,0.0071504669912819
2021-01-21,0.0061861036466124
2021-01-22,0.0080579194957826
2021-01-25,0.0088981245363368
2021-01-26,0.0089309729917436
2021-01-27,0.0098440897745215
2021-01-28,0.0101239621503759
2021-01-29,0.010019631120929
2021-02-01,0.0115238494600876
2021-02-02,0.0139087838305214
2021-02-03,0.0163377789905945
2021-02-04,0.015315612798064
2021-02-05,0.0149319748470073
2021-02-08,0.0140662888893696
2021-02-09,0.0107637441332498
2021-02-10,0.0099023959152804
2021-02-11,0.0107764477693637
2021-02-12,0.0097374320839302
2021-02-15,0.0076624038883179
2021-02-16,0.0068867913317089
2021-02-17,0.0053811073291894
2021-02-18,0.0048428437558145
2021-02-19,0.0050324658977586
2021-02-21,0.004856
2021-02-22,0.0042197037417532
2021-02-23,0.0032912186866582
2021-02-24,0.0044047353566221
2021-02-25,0.004160133166433
2021-02-26,0.0065134710151933
2021-03-01,0.0086382126752103
2021-03-02,0.0068067726708526
2021-03-03,0.0058942369570321
2021-03-04,0.004827232522518
2021-03-05,0.0041048607713145
2021-03-08,0.0082611525903373
2021-03-09,0.0067113432560915
2021-03-10,0.0052354245969846
2021-03-11,0.0039286724755766
2021-03-12,0.0036146184742567
2021-03-13,0.00359
2021-03-15,0.0032543153554418
2021-03-16,0.0032832193943915
2021-03-17,0.0029903478117536
2021-03-18,0.0027141208744818
2021-03-19,0.0020408737716088
2021-03-22,0.0023727066145169
2021-03-23,0.0015396462828831
2021-03-24,0.0009892437394261
2021-03-25,0.0007214338631738
2021-03-26,0.0008080094020847
2021-03-29,0.0006802120428447
2021-03-30,0.0006762614660255
2021-03-31,0.0005730253534769
2021-04-01,0.000870984247065
2021-04-02,0.0014864170505266
2021-04-05,0.0016810223800981
2021-04-06,0.0018254734174703
2021-04-07,0.0020808665439283
2021-04-08,0.0014543942389793
2021-04-09,0.0012848660800556
2021-04-12,0.0007810182845885
2021-04-13,0.0005314617433126
2021-04-14,0.0004135739089297
2021-04-15,0.0003331286178734
2021-04-16,0.0004778143730135
2021-04-19,0.0009824488000994
2021-04-20,0.0044150832126009
2021-04-21,0.0036789165035842
2021-04-22,0.0047207225899417
2021-04-23,0.0027152922756581
2021-04-26,0.0019013530570825
2021-04-27,0.0010400936016095
2021-04-28,0.0012267147159625
2021-04-29,0.0030650831509421
2021-04-30,0.0022880181112561
2021-05-03,0.0015602220916325
2021-05-04,0.0073596473928054
2021-05-05,0.0067698943953614
2021-05-06,0.0083945185185134
2021-05-07,0.0066192028351415
2021-05-10,0.0077465916129423
2021-05-11,0.0115509641596239
2021-05-12,0.0101335639174053
2021-05-13,0.0082908263476042
2021-05-14,0.0070927393200108
2021-05-17,0.0051245476477051
2021-05-18,0.0043650423636125
2021-05-19,0.0048594323579125
2021-05-20,0.0039306076435374
2021-05-21,0.0038236631216754
2021-05-24,0.0033044063374169
2021-05-25,0.0029476478761225
2021-05-26,0.0031626511907445
2021-05-27,0.003234676499602
2021-05-28,0.0026429296198659
2021-05-31,0.0026067916906458
2021-06-01,0.0028334583989277
2021-06-02,0.0019924623600526
2021-06-03,0.0013222743956511
2021-06-04,0.0010594994728354
2021-06-05,0.000615
2021-06-07,0.0006538594955742
2021-06-08,0.0005616703437399
2021-06-09,0.0006930872170346
2021-06-10,0.0004385801932737
2021-06-11,0.0011895943726641
2021-06-14,0.0007685616634402
2021-06-15,0.000674615258455
2021-06-16,0.000714615258753
2021-06-17,0.0070641061872187
2021-06-18,0.0123911154350051
2021-06-21,0.0095804777104939
2021-06-22,0.007600363273824
2021-06-23,0.0095030386901505
2021-06-24,0.0084985962575026
2021-06-25,0.006019405665213
2021-06-28,0.0053578312097546
2021-06-29,0.0039796374344753
2021-06-30,0.0060166549956067
2021-07-01,0.0058263041351954
2021-07-02,0.0050043426069081
2021-07-05,0.0047737874781574
2021-07-06,0.0080504110097675
2021-07-07,0.0062769042312529
2021-07-08,0.0194931747147787
2021-07-09,0.017959798926045
2021-07-12,0.0128756611485499
2021-07-13,0.0090750779199243
2021-07-14,0.0079454159199962
2021-07-15,0.0079868113258162
2021-07-16,0.0064858503084407
2021-07-19,0.0283973495677791
2021-07-20,0.0316865998072071
2021-07-21,0.0306154320747475
2021-07-22,0.0312872018486923
2021-07-23,0.0267726282772308
2021-07-26,0.0237734023139436
2021-07-27,0.0205624821737624
2021-07-28,0.0190741733689104
2021-07-29,0.0161524078375278
2021-07-30,0.0136628242885083
2021-08-02,0.0195417303578515
2021-08-03,0.0171473823383829
2021-08-04,0.0167286813895079
2021-08-05,0.0142248811458177
2021-08-06,0.0110970664128195
2021-08-09,0.0098035059090462
2021-08-10,0.0081813926795836
2021-08-11,0.0074743513980635
2021-08-12,0.0065604745173383
2021-08-13,0.005729088424872
2021-08-16,0.0037447018513046
2021-08-17,0.0034371019007954
2021-08-18,0.0032723581836232
2021-08-19,0.0029508386288599
2021-08-20,0.0023222559164742
2021-08-23,0.0022109678129494
2021-08-24,0.0015904594231881
2021-08-25,0.0017341131295551
2021-08-26,0.0021061268500389
2021-08-27,0.0014726428011377
2021-08-30,0.0009736962639102
2021-08-31,0.0012916224557256
2021-09-01,0.0007368897552981
2021-09-02,0.0005044055790168
2021-09-03,0.0004081521062728
2021-09-06,0.0003483183926499
2021-09-07,0.0004381017095617
2021-09-08,0.0022571658313833
2021-09-09,0.0024303435207214
2021-09-10,0.0019307496179251
2021-09-13,0.0011253958152061
2021-09-14,0.0010027178722009
2021-09-15,0.0016505371820132
2021-09-16,0.0014227977471789
2021-09-17,0.0033325680859171
2021-09-20,0.0314355621989287
2021-09-21,0.029356047169871
2021-09-22,0.0258592134420657
2021-09-23,0.0259607555055085
2021-09-24,0.0245677697813941
2021-09-27,0.0203871438421606
2021-09-28,0.0237143459322865
2021-09-29,0.0222617577161514
2021-09-30,0.0198146970972931
2021-10-01,0.0193954605853022
2021-10-04,0.0175600293208537
2021-10-05,0.0150793234101819
2021-10-06,0.0150438155363659
2021-10-07,0.0140312398908919
2021-10-08,0.0101394096893796
2021-10-11,0.0069748779810457
2021-10-12,0.0052100613807226
2021-10-13,0.0050059060802756
2021-10-14,0.0042954481662696
2021-10-15,0.0036589561715494
2021-10-18,0.0031670697299145
2021-10-19,0.0032629694997862
2021-10-20,0.0034865418571402
2021-10-21,0.0039939708587044
2021-10-22,0.0039095245669526
2021-10-25,0.0031414931294661
2021-10-26,0.0037065728135305
2021-10-27,0.0050372582106845
2021-10-28,0.0030818993551473
2021-10-29,0.00428028785192
2021-11-01,0.0036946109665316
2021-11-02,0.0041175334975049
2021-11-03,0.0024110463450748
2021-11-04,0.0038925023580733
2021-11-05,0.0038633861638747
2021-11-08,0.0027243335212399
2021-11-09,0.0026697885829824
2021-11-10,0.0023475169118592
2021-11-11,0.0025261859495784
2021-11-12,0.0035519530076077
2021-11-15,0.0041250059150632
2021-11-16,0.0040118863831186
2021-11-17,0.0040958794616556
2021-11-18,0.0041597051594475
2021-11-19,0.0044314161060729
2021-11-22,0.0046058399479309
2021-11-23,0.0060841101766434
2021-11-24,0.0059172081869155
2021-11-25,0.0057236319651428
2021-11-26,0.0317635733406499
2021-11-29,0.0348262789663499
2021-11-30,0.0424257658259499
2021-12-01,0.041483555141561
2021-12-02,0.0399584278265871
2021-12-03,0.0375445726922177
2021-12-06,0.0340627007228952
2021-12-07,0.0323200552042478
2021-12-08,0.0306398908237739
2021-12-09,0.0289028871020342
2021-12-10,0.0265294351582421
2021-12-13,0.0182015110039997
2021-12-14,0.0153172532182332
2021-12-15,0.0128107207918895
2021-12-16,0.009671200257656
2021-12-17,0.0085496095703983
2021-12-20,0.0075143747232517
2021-12-21,0.0076813566249683
2021-12-22,0.0062573077153469
2021-12-23,0.0068903121517354
2021-12-24,0.0061670384483666
2021-12-27,0.0068656743322493
2021-12-28,0.0069434275312271
2021-12-29,0.0062409283943149
2021-12-30,0.0058374427008832
2021-12-31,0.005247400045372
2022-01-03,0.0077521758853415
2022-01-04,0.0082265226531893
2022-01-05,0.0066653655204392
2022-01-06,0.006404866631784
2022-01-07,0.0054074881242013
2022-01-10,0.0056147403624462
2022-01-11,0.0053254265511424
2022-01-12,0.0047847317893673
2022-01-13,0.004751112481931
2022-01-14,0.0045638211482918
2022-01-17,0.0038140778645955
2022-01-18,0.0045874107545842
2022-01-19,0.0047336074110064
2022-01-20,0.0029056664906885
2022-01-21,0.0089368372747917
2022-01-24,0.0204268433283639
2022-01-25,0.018928795712668
2022-01-26,0.017611561408495
2022-01-27,0.0157715340779216
2022-01-28,0.0152436436706161
2022-01-31,0.0126038394190345
2022-02-01,0.0106380451368582
2022-02-02,0.0094340086885091
2022-02-03,0.0098195299425966
2022-02-04,0.0303339136773204
2022-02-07,0.0370619265137954
2022-02-08,0.0401485993924315
2022-02-09,0.0389685192487452
2022-02-10,0.0374601904951744
2022-02-11,0.0363507174847524
2022-02-14,0.0491616047756513
2022-02-15,0.0505324382647821
2022-02-16,0.0462660422305138
2022-02-17,0.0479199530668908
2022-02-18,0.0437837940005231
2022-02-21,0.0496212336761705
2022-02-22,0.0508224067824511
2022-02-23,0.0475587235323188
2022-02-24,0.0679557053331865
2022-02-25,0.0802063771595289
2022-02-28,0.0925587965985505
2022-03-01,0.1194080450467492
2022-03-02,0.1224143453172364
2022-03-03,0.1280720358028189
2022-03-04,0.189527177664971
2022-03-07,0.2308219575180102
2022-03-08,0.255720409712925
2022-03-09,0.2656528076109651
2022-03-10,0.2979483806353285
2022-03-11,0.3050203729565136
2022-03-14,0.293711347903284
2022-03-15,0.2840218595160875
2022-03-16,0.2520003780895304
2022-03-17,0.2480292494461432
2022-03-18,0.2408575612769866
2022-03-21,0.221185924957526
2022-03-22,0.2163988301194579
2022-03-23,0.2044429162125489
2022-03-24,0.1910518878513075
2022-03-25,0.1713024922265369
2022-03-28,0.1697391586145815
2022-03-29,0.1670980935650238
2022-03-30,0.1649167108849897
2022-03-31,0.1675191583879779
2022-04-01,0.1562125582962384
2022-04-04,0.1487408134205984
2022-04-05,0.136699461360839
2022-04-06,0.125869503747689
2022-04-07,0.1116161370789181
2022-04-08,0.094797658575015
2022-04-11,0.1050093202395817
2022-04-12,0.1012637679409098
2022-04-13,0.0887389513230269
2022-04-14,0.0803507906180797
2022-04-15,0.0700153740145753
2022-04-18,0.061109367237923
2022-04-19,0.0629030964987477
2022-04-20,0.0630795198454115
2022-04-21,0.0558237664285651
2022-04-22,0.0741513611718904
2022-04-25,0.1127528954696839
2022-04-26,0.1508748514737735
2022-04-27,0.1699190945872772
2022-04-28,0.1897967907156357
2022-04-29,0.2027931653340908
2022-05-02,0.2081552609921324
2022-05-03,0.2022357121565536
2022-05-04,0.1900873060823822
2022-05-05,0.2276604341420628
2022-05-06,0.2407362702238816
2022-05-09,0.2546148817387517
2022-05-10,0.2607154093689414
2022-05-11,0.2513839002051106
2022-05-12,0.2744516183508982
2022-05-13,0.2644737111702608
2022-05-16,0.2561706766633504
2022-05-17,0.2668699540166007
2022-05-18,0.280832596649864
2022-05-19,0.2835523875206948
2022-05-20,0.2771678122251414
2022-05-23,0.2622081805242386
2022-05-24,0.2840307360326518
2022-05-25,0.2830055319577605
2022-05-26,0.2681826532881333
2022-05-27,0.2559475943028263
2022-05-30,0.2506289527193384
2022-05-31,0.2473063685413483
2022-06-01,0.2373285200567969
2022-06-02,0.2139912104824335
2022-06-03,0.1930981535409747
2022-06-06,0.1835659220595741
2022-06-07,0.1797434329991504
2022-06-08,0.1844376599089611
2022-06-09,0.2067329885245811
2022-06-10,0.2584641264004174
2022-06-13,0.3181960153874681
2022-06-14,0.360369379864202
2022-06-15,0.3831076013378844
2022-06-16,0.4351182765373994
2022-06-17,0.4511682387082739
2022-06-20,0.4546882495477999
2022-06-21,0.450750052760976
2022-06-22,0.4513743154710796
2022-06-23,0.4633836711097142
2022-06-24,0.4476886704786011
2022-06-27,0.4443502299254443
2022-06-28,0.4305138141358236
2022-06-29,0.4276714344039658
2022-06-30,0.4639716390606803
2022-07-01,0.4676758667940427
2022-07-04,0.4255328065054469
2022-07-05,0.4848351036826109
2022-07-06,0.4997650407490682
2022-07-07,0.5058414156573341
2022-07-08,0.510210386661511
2022-07-11,0.5098495166942756
2022-07-12,0.503786893151769
2022-07-13,0.4992255329721692
2022-07-14,0.5200265647685909
2022-07-15,0.511529962818782
2022-07-18,0.5042144398747264
2022-07-19,0.5276693669380734
2022-07-20,0.5091338217067879
2022-07-21,0.4940447474683943
2022-07-22,0.4989573493627539
2022-07-25,0.4881309361074342
2022-07-26,0.5081452575021872
2022-07-27,0.4961086575568914
2022-07-28,0.5026556912666048
2022-07-29,0.5145310570733048
2022-08-01,0.5013586614097022
2022-08-02,0.482331909198497
2022-08-03,0.4729507211380366
2022-08-04,0.4629586230692007
2022-08-05,0.4424655767346021
2022-08-08,0.4209598274593535
2022-08-09,0.4138499534588432
2022-08-10,0.3899745648753887
2022-08-11,0.3683188718083311
2022-08-12,0.3431340427642139
2022-08-15,0.3258197896686186
2022-08-16,0.3063074110077023
2022-08-17,0.3019994348419161
2022-08-18,0.3054991084337983
2022-08-19,0.324976164653464
2022-08-22,0.3700041659265904
2022-08-23,0.3870108016359937
2022-08-24,0.3872035763444459
2022-08-25,0.3779935316372979
2022-08-26,0.3880912392272313
2022-08-29,0.4031522298150273
2022-08-30,0.4029899911818711
2022-08-31,0.3970261784867662
2022-09-01,0.4114146039185335
2022-09-02,0.407289291380931
2022-09-05,0.3982419437936909
2022-09-06,0.4129066217108949
2022-09-07,0.4251084316121296
2022-09-08,0.4091495637000341
2022-09-09,0.4243238628526761
2022-09-12,0.4205563685132668
2022-09-13,0.44555172775893
2022-09-14,0.4916426059284953
2022-09-15,0.5045385659626348
2022-09-16,0.5264096485680219
2022-09-19,0.5130747157252971
2022-09-20,0.5418036104319957
2022-09-21,0.5324008049239528
2022-09-22,0.5462278893997243
2022-09-23,0.6234734015086261
2022-09-26,0.64827565501748
2022-09-27,0.6752761997926957
2022-09-28,0.6833714430297624
2022-09-29,0.7079541151374525
2022-09-30,0.7050758270011463
2022-10-03,0.7049053769127729
2022-10-04,0.7260859428593033
2022-10-05,0.7197570337831682
2022-10-06,0.727027235080676
2022-10-07,0.7248690682702337
2022-10-10,0.7182257284818463
2022-10-11,0.7100436380785595
2022-10-12,0.6914648645814381
2022-10-13,0.6913526403223543
2022-10-14,0.6731807572273956
2022-10-17,0.6796096705959223
2022-10-18,0.6900262968268118
2022-10-19,0.6742656986198658
2022-10-20,0.6623820363521309
2022-10-21,0.6593414965653928
2022-10-24,0.6660571904798517
2022-10-25,0.6459176682416672
2022-10-26,0.6416825181370189
2022-10-27,0.6125817143412395
2022-10-28,0.5968035793481606
2022-10-29,0.576728
2022-10-31,0.5792636519514237
2022-11-01,0.5596800165557306
2022-11-02,0.546502530951977
2022-11-03,0.5796146642875226
2022-11-04,0.571054722527201
2022-11-07,0.5579471891792943
2022-11-08,0.5380874095717791
2022-11-09,0.5197951671781411
2022-11-10,0.5402171864975003
2022-11-11,0.5556610657329706
2022-11-14,0.5307289259551244
2022-11-15,0.5155464860289486
2022-11-16,0.5004433179977833
2022-11-17,0.4721288840103556
2022-11-18,0.4565744451542611
2022-11-21,0.4327418785818259
2022-11-22,0.4126499907435156
2022-11-23,0.3840529871830397
2022-11-24,0.3808436325240556
2022-11-25,0.3653204815650216
2022-11-26,0.369695
2022-11-28,0.3837815462001705
2022-11-29,0.3892902782737855
2022-11-30,0.379060201657089
2022-12-01,0.4081419818723716
2022-12-02,0.3968579495666188
2022-12-05,0.3802003172748491
2022-12-06,0.3831727799115829
2022-12-07,0.3691870489100465
2022-12-08,0.3484091037646614
2022-12-09,0.3328877943009031
2022-12-12,0.3250878151233358
2022-12-13,0.2980952904677513
2022-12-14,0.3080986594784803
2022-12-15,0.2899926142313621
2022-12-16,0.3233091972524642
2022-12-19,0.3263405718940446
2022-12-20,0.3355392162592287
2022-12-21,0.3347024547606714
2022-12-22,0.3477895932520461
2022-12-23,0.3349545108342506
2022-12-26,0.3242850412793224
2022-12-27,0.3285090262708661
2022-12-28,0.3308822529575592
2022-12-29,0.3331327428066179
2022-12-30,0.3264672299468376
2023-01-02,0.3394530270374987
2023-01-03,0.2857590138303986
2023-01-04,0.2786137421351666
2023-01-05,0.2837009107888298
2023-01-06,0.2885292319720646
2023-01-09,0.2997420688381302
2023-01-10,0.3002084508162669
2023-01-11,0.304899801275975
2023-01-12,0.2978850412012123
2023-01-13,0.285855833973986
2023-01-16,0.268397045873554
2023-01-17,0.2548656877267447
2023-01-18,0.242894845549673
2023-01-19,0.255846185220446
2023-01-20,0.2566590807085749
2023-01-23,0.2583989657699673
2023-01-24,0.260795874094367
2023-01-25,0.2486427716609361
2023-01-26,0.2402714676838085
2023-01-27,0.2289895521883324
2023-01-30,0.2221313016546416
2023-01-31,0.2113766233420629
2023-02-01,0.1937801012672388
2023-02-02,0.196899496283642
2023-02-03,0.1977746029242452
2023-02-06,0.1963898040608428
2023-02-07,0.1996063305083076
2023-02-08,0.1989962152782797
2023-02-09,0.2037044898189582
2023-02-10,0.2083207944740714
2023-02-13,0.2115782511696596
2023-02-14,0.2042580643949047
2023-02-15,0.2115297811191344
2023-02-16,0.1954412784300941
2023-02-17,0.1945964892809367
2023-02-20,0.1823212385052335
2023-02-21,0.1868742417887126
2023-02-22,0.170077760498342
2023-02-23,0.1585005979190489
2023-02-24,0.1472795974198536
2023-02-27,0.1314058475741052
2023-02-28,0.1329327212747972
2023-03-01,0.1347393035781905
2023-03-02,0.1291577790646446
2023-03-03,0.1239297755424523
2023-03-06,0.1204118282354457
2023-03-07,0.1133871480949089
2023-03-08,0.1086813392901812
2023-03-09,0.1051583075689642
2023-03-10,0.1133637593422197
2023-03-13,0.1598663614548645
2023-03-14,0.2160195766116514
2023-03-15,0.3279089805166461
2023-03-16,0.3767419862257327
2023-03-17,0.3960180921527206
2023-03-20,0.4160652302453659
2023-03-21,0.4379776713955032
2023-03-22,0.4398621508874348
2023-03-23,0.4586783401866883
2023-03-24,0.4917185217162357
2023-03-27,0.4860330694794729
2023-03-28,0.4739115935777901
2023-03-29,0.4659079771536102
2023-03-30,0.4477262181856554
2023-03-31,0.4304596727798727
2023-04-03,0.4028194943796702
2023-04-04,0.3781620414214569
2023-04-05,0.3651986384144151
2023-04-06,0.3482577661305387
2023-04-07,0.3152504702086774
2023-04-10,0.2882121541857523
2023-04-11,0.2782135640429796
2023-04-12,0.2725907088836099
2023-04-13,0.2597154951563921
2023-04-14,0.2403172563019041
2023-04-17,0.2316890883144364
2023-04-18,0.2235060326793946
2023-04-19,0.2183084871284643
2023-04-20,0.2126456039506042
2023-04-21,0.204494584683904
2023-04-24,0.2070844239366149
2023-04-25,0.2101619070688752
2023-04-26,0.2050994830926097
2023-04-27,0.2022521432743432
2023-04-28,0.2126610599106991
2023-05-01,0.2157082859539829
2023-05-02,0.207505653216564
2023-05-03,0.1976326002108042
2023-05-04,0.1865278797671324
2023-05-05,0.1702834520745406
2023-05-08,0.1855013704206198
2023-05-09,0.1827169886875581
2023-05-10,0.1866804470305957
2023-05-11,0.2056137358594338
2023-05-12,0.2038912729872795
2023-05-15,0.2081147588588464
2023-05-16,0.2044625305729723
2023-05-17,0.1952749468896874
2023-05-18,0.1956718189785967
2023-05-19,0.1783800793193252
2023-05-22,0.1724627852541367
2023-05-23,0.1624385983309939
2023-05-24,0.131019090991255
2023-05-25,0.139373977319006
2023-05-26,0.1392500262140474
2023-05-29,0.1561505607522526
2023-05-30,0.158389537877845
2023-05-31,0.1533776773745138
2023-06-01,0.1338070167914814
2023-06-02,0.1377898761599057
2023-06-03,0.130089
2023-06-05,0.1317685719209408
2023-06-06,0.135920866879204
2023-06-07,0.1401475598653187
2023-06-08,0.1456727864502838
2023-06-09,0.1417120555101062
2023-06-12,0.1323947529566536
2023-06-13,0.1370397032583094
2023-06-14,0.1303164188578024
2023-06-15,0.1264623881478691
2023-06-16,0.1116447039275553
2023-06-19,0.1173359408900767
2023-06-20,0.1330562374532489
2023-06-21,0.1352934887765992
2023-06-22,0.1410150235375808
2023-06-23,0.1416930050311447
2023-06-26,0.1453539162631453
2023-06-27,0.1416680678470459
2023-06-28,0.1424690765232643
2023-06-29,0.1464571519752528
2023-06-30,0.1282238730180646
2023-07-03,0.1312596077242505
2023-07-04,0.1327316377972642
2023-07-05,0.1231127101682597
2023-07-06,0.1074947424460761
2023-07-07,0.1127936427819295
2023-07-10,0.1182279804988773
2023-07-11,0.116500259144148
2023-07-12,0.1236163732201202
2023-07-13,0.1111987564134377
2023-07-14,0.1187057811787606
2023-07-17,0.1183576939221027
2023-07-18,0.1169125875223473
2023-07-19,0.1352576517644735
2023-07-20,0.1374400246181532
2023-07-21,0.1404924055144486
2023-07-24,0.1428125000624457
2023-07-25,0.1408657410635076
2023-07-26,0.147491825567068
2023-07-27,0.13612313839593
2023-07-28,0.1444134086129369
2023-07-31,0.1412309135948449
2023-08-01,0.1450486142500054
2023-08-02,0.1255219821466731
2023-08-03,0.1318967189269835
2023-08-04,0.1325526148582414
2023-08-07,0.1293463623646062
2023-08-08,0.1317106053268624
2023-08-09,0.1271976564186009
2023-08-10,0.1288624640578172
2023-08-11,0.1370595519196847
2023-08-14,0.1394060847324743
2023-08-15,0.1382041520366038
2023-08-16,0.1357960683471713
2023-08-17,0.1309145011974475
2023-08-18,0.1295666212732665
2023-08-21,0.1331569184446418
2023-08-22,0.1312823763894831
2023-08-23,0.1283163724036429
2023-08-24,0.136944371303617
2023-08-25,0.140955910455181
2023-08-28,0.1412328225786476
2023-08-29,0.1325948430943121
2023-08-30,0.1265722425699201
2023-08-31,0.1236916422220189
2023-09-01,0.1263618250484046
2023-09-04,0.1307550491118883
2023-09-05,0.1247161671690768
2023-09-06,0.1287352468030119
2023-09-07,0.1247904031995383
2023-09-08,0.1283731095714599
2023-09-11,0.1197015392534129
2023-09-12,0.1197847296133478
2023-09-13,0.1153236021433866
2023-09-14,0.120007781109519
2023-09-15,0.1179973509620175
2023-09-18,0.1142926026462383
2023-09-19,0.1136983805397616
2023-09-20,0.1078874095354817
2023-09-21,0.1003303146137765
2023-09-22,0.1087638174783593
2023-09-25,0.116715666928436
2023-09-26,0.126588073119528
2023-09-27,0.1278781216978757
2023-09-28,0.1413568769779682
2023-09-29,0.1508900177135606
2023-10-02,0.1426466698913825
2023-10-03,0.1451213583104038
2023-10-04,0.1470865508401631
2023-10-05,0.153738555510455
2023-10-06,0.1446830774329968
2023-10-09,0.1563393528329986
2023-10-10,0.1465241019873201
2023-10-11,0.1576134973831305
2023-10-12,0.1635718245539105
2023-10-13,0.1470108339150587
2023-10-16,0.1548239465504381
2023-10-17,0.1596420743818444
2023-10-18,0.1643376431536583
2023-10-19,0.1600488625392676
2023-10-20,0.1529751167377419
2023-10-23,0.1499551816984491
2023-10-24,0.1456764725980754
2023-10-25,0.1341482399523446
2023-10-26,0.1369832769690002
2023-10-27,0.1361369434723214
2023-10-30,0.1247249210750972
2023-10-31,0.1132249732722406
2023-11-01,0.0953126906809921
2023-11-02,0.0985589793826722
2023-11-03,0.1073793060920725
2023-11-06,0.1159017956624832
2023-11-07,0.1207850190729885
2023-11-08,0.1240528326472477
2023-11-09,0.1244865600136172
2023-11-10,0.1254146195031198
2023-11-13,0.1201760377967366
2023-11-14,0.1306317214995033
2023-11-15,0.1223620033490124
2023-11-16,0.1212719897446348
2023-11-17,0.1083702678180923
2023-11-20,0.1135678801931036
2023-11-21,0.1203324653639794
2023-11-22,0.1202064703696182
2023-11-23,0.1186484527638453
2023-11-24,0.1203097007119894
2023-11-27,0.1272724787351111
2023-11-28,0.1360816772842332
2023-11-29,0.1390406633094177
2023-11-30,0.1352604345286437
2023-12-01,0.1221311606892917
2023-12-04,0.1131526651811183
2023-12-05,0.1182971507621072
2023-12-06,0.1154667403038823
2023-12-07,0.1107408146162121
2023-12-08,0.1257043088381825
2023-12-11,0.1320667023846649
2023-12-12,0.1339087882333305
2023-12-13,0.1371462049551437
2023-12-14,0.1024056538473575
2023-12-15,0.1232432491863356
2023-12-18,0.1296715184929984
2023-12-19,0.1473442732595821
2023-12-20,0.1524261947681781
2023-12-21,0.1595284234093522
2023-12-22,0.1640640366013382
2023-12-25,0.1649634878564677
2023-12-26,0.1606547800981444
2023-12-27,0.1636128611008517
2023-12-28,0.1651312819950506
2023-12-29,0.1653601221025487
2024-01-01,0.1651531320349819
2024-01-02,0.1415062063780769
2024-01-03,0.1357052220454501
2024-01-04,0.1480041183496593
2024-01-05,0.1580411361383555
2024-01-08,0.1507532363418229
2024-01-09,0.1322206938387018
2024-01-10,0.1350052169903907
2024-01-11,0.1194617527371968
2024-01-12,0.1249606237776971
2024-01-15,0.1193948064564499
2024-01-16,0.1172283980736439
2024-01-17,0.1125241642471081
2024-01-18,0.1043593958954736
2024-01-19,0.1026189047761865
2024-01-22,0.1024836595590835
2024-01-23,0.0985634557437215
2024-01-24,0.0875777805517946
2024-01-25,0.0859837558099775
2024-01-26,0.0863520428335327
2024-01-29,0.0853786190370963
2024-01-30,0.0821318387407271
2024-01-31,0.0901150783273348
2024-02-01,0.0854934298223314
2024-02-02,0.0833791097148888
2024-02-05,0.072060973410546
2024-02-06,0.0736650510081612
2024-02-07,0.090357645303902
2024-02-08,0.0780859341989748
2024-02-09,0.0847976032155027
2024-02-12,0.0790606994544383
2024-02-13,0.075473527348249
2024-02-14,0.0659675503374664
2024-02-15,0.0632540840393821
2024-02-16,0.0573015283664717
2024-02-19,0.0506699104149004
2024-02-20,0.0471415420777793
2024-02-21,0.0520364921525623
2024-02-22,0.0303463621417564
2024-02-23,0.0313320065433197
2024-02-26,0.0349282553716245
2024-02-27,0.0322055216493782
2024-02-28,0.0323042197865466
2024-02-29,0.0323770050705996
2024-03-01,0.0289407124966245
2024-03-03,0.024273
2024-03-04,0.0272451819182559
2024-03-05,0.0288242855761572
2024-03-06,0.027737762069508
2024-03-07,0.0227209437285659
2024-03-08,0.0196071277383034
2024-03-11,0.0187861184424127
2024-03-12,0.0112460826679984
2024-03-13,0.0110010541542524
2024-03-14,0.0114934529434957
2024-03-15,0.0105799481330634
2024-03-18,0.0091494445419218
2024-03-19,0.0059590811454594
2024-03-20,0.0050091293806763
2024-03-21,0.0045256137052975
2024-03-22,0.0073487218402332
2024-03-25,0.0074947993811542
2024-03-26,0.0073693051081993
2024-03-27,0.0078281184213564
2024-03-28,0.0081346313713531
2024-03-29,0.0082992947270635
2024-04-01,0.008176559363776
2024-04-02,0.0083425640214815
2024-04-03,0.0094300130476236
2024-04-04,0.0090595280456149
2024-04-05,0.0141687840622947
2024-04-08,0.0122996341053563
2024-04-09,0.0126078974016634
2024-04-10,0.0146405739457942
2024-04-11,0.0138540023352135
2024-04-12,0.0175988375293551
2024-04-15,0.0173376688054544
2024-04-16,0.0191304002811514
2024-04-17,0.0194811428260652
2024-04-18,0.0194848706232648
2024-04-19,0.0192416803954263
2024-04-22,0.0129273069651163
2024-04-23,0.0138591854958649
2024-04-24,0.0182540830475174
2024-04-25,0.0162740940712329
2024-04-26,0.0149366681792737
2024-04-29,0.0159353808768065
2024-04-30,0.0140721574953186
2024-05-01,0.0141891870324361
2024-05-02,0.0109887375210548
2024-05-03,0.0121504196685808
2024-05-06,0.0144739039204396
2024-05-07,0.0253378393796027
2024-05-08,0.0217957161108477
2024-05-09,0.0232537588291083
2024-05-10,0.0221514673030068
2024-05-13,0.0202396392875784
2024-05-14,0.0193682594124831
2024-05-15,0.0213061256707558
2024-05-16,0.0159085179332113
2024-05-17,0.0154204821785709
2024-05-20,0.0151957463164174
2024-05-21,0.0144809657402346
2024-05-22,0.0133147329953655
2024-05-23,0.0150537881382499
2024-05-24,0.0141496312301206
2024-05-27,0.0152536737210984
2024-05-28,0.0132005399601502
2024-05-29,0.0108250292975837
2024-05-30,0.0095897516991279
2024-05-31,0.0082544917326317
2024-06-03,0.0089384363115903
2024-06-04,0.0060260651979662
2024-06-05,0.0073267235179027
2024-06-06,0.007564126111817
2024-06-07,0.0082690036503631
2024-06-10,0.0043764813005185
2024-06-11,0.0042751184204417
2024-06-12,0.0053967671093281
2024-06-13,0.0072779973357086
2024-06-14,0.0252355610594295
2024-06-17,0.0334033673985625
2024-06-18,0.0340393351583912
2024-06-19,0.0336249152440841
2024-06-20,0.0327462167604274
2024-06-21,0.02903859792113
2024-06-24,0.0274436894358257
2024-06-25,0.0232267227757459
2024-06-26,0.0217349225224917
2024-06-27,0.0226175501636991
2024-06-28,0.0271997375516517
2024-07-01,0.0260479769419226
2024-07-02,0.0233455789719351
2024-07-03,0.022566429618759
2024-07-04,0.0229902821968592
2024-07-05,0.0242954709329488
2024-07-08,0.0207331103939925
2024-07-09,0.0188835251090759
2024-07-10,0.0167406096045049
2024-07-11,0.0189777753318775
2024-07-12,0.0137922686799253
2024-07-15,0.0130400380159014
2024-07-16,0.013974041573568
2024-07-17,0.0132188268464585
2024-07-18,0.0119942707541653
2024-07-19,0.0109020437463657
2024-07-22,0.0090847955518372
2024-07-23,0.0090068967008625
2024-07-24,0.0101616479209355
2024-07-25,0.0137936626408425
2024-07-26,0.0151985112757979
2024-07-29,0.0194723089029393
2024-07-30,0.0221051089795687
2024-07-31,0.0265640119705108
2024-08-01,0.0261007507162169
2024-08-02,0.0544215545961644
2024-08-05,0.110273011361486
2024-08-06,0.132600085841782
2024-08-07,0.1535931368880845
2024-08-08,0.1462558130750648
2024-08-09,0.1428076357345585
2024-08-12,0.1277896147019301
2024-08-13,0.1177032705182374
2024-08-14,0.1042296469410379
2024-08-15,0.1121144663173533
2024-08-16,0.1057431699704717
2024-08-19,0.1005101121142498
2024-08-20,0.0926379571655255
2024-08-21,0.0840482819935084
2024-08-22,0.0762893494318924
2024-08-23,0.070533217064659
2024-08-26,0.0621794137064514
2024-08-27,0.0558925934110118
2024-08-28,0.0493633536404642
2024-08-29,0.0432626223193041
2024-08-30,0.0367763147368028
2024-09-02,0.0381551952334783
2024-09-03,0.0363502131978372
2024-09-04,0.0327459685350879
2024-09-05,0.0317426370119629
2024-09-06,0.0346401010991806
2024-09-09,0.0278053506473404
2024-09-10,0.0241150132052257
2024-09-11,0.0233490546797378
2024-09-12,0.022563650123804
2024-09-13,0.0197317387661912
2024-09-16,0.0173860471862278
2024-09-17,0.0156683267069693
2024-09-18,0.0163311867784604
2024-09-19,0.0143731775292927
2024-09-20,0.0138048698253932
2024-09-23,0.0119616695595951
2024-09-24,0.0119027535657879
2024-09-25,0.0121514902857115
2024-09-26,0.0137781404685426
2024-09-27,0.0182015766113953
2024-09-30,0.015549931155234
2024-10-01,0.0128573900900685
2024-10-02,0.0125440820826071
2024-10-03,0.0121923676656542
2024-10-04,0.0131782002867603
2024-10-07,0.0147484046918
2024-10-08,0.0133249052904141
2024-10-09,0.0123858660021684
2024-10-10,0.0116601208861965
2024-10-11,0.0114257570632255
2024-10-14,0.0099800861435985
2024-10-15,0.0100523008586468
2024-10-16,0.0096390905438319
2024-10-17,0.0083842767736215
2024-10-18,0.0072347050116031
2024-10-21,0.0070517735300221
2024-10-22,0.0047044995813828
2024-10-23,0.0042582681980959
2024-10-24,0.0036845689449675
2024-10-25,0.0030025070171043
2024-10-28,0.0026880130765235
2024-10-29,0.0026616017013039
2024-10-30,0.0028423601617899
2024-10-31,0.0039939921297247
2024-11-01,0.0032747900018964
2024-11-04,0.0022765850221219
2024-11-05,0.0016466524759513
2024-11-06,0.008984442889143
2024-11-07,0.0110382555380546
2024-11-08,0.0123329788896937
2024-11-11,0.0138084159047418
2024-11-12,0.0155890944276717
2024-11-13,0.0171195330714423
2024-11-14,0.018416974448727
2024-11-15,0.0141723850299969
2024-11-18,0.0102229502159462
2024-11-19,0.008068713890851
2024-11-20,0.007699678009132
2024-11-21,0.0077539368482496
2024-11-22,0.0090802381553509
2024-11-25,0.0100542050055403
2024-11-26,0.0120161985514953
2024-11-27,0.0109258259377493
2024-11-28,0.0097734901765037
2024-11-29,0.0102668994816947
2024-12-02,0.0082661794536492
2024-12-03,0.0072117904898555
2024-12-04,0.0070658864132042
2024-12-05,0.0064351182129919
2024-12-06,0.0048215171318797
2024-12-09,0.0065539168516524
2024-12-10,0.0077196094961164
2024-12-11,0.0068270831325682
2024-12-12,0.0062892955747329
2024-12-13,0.010643757952775
2024-12-16,0.0088591628448644
2024-12-17,0.0071305976796421
2024-12-18,0.0057414234926783
2024-12-19,0.0081139337765974
2024-12-20,0.0081836475210894
2024-12-23,0.0070458757897695
2024-12-24,0.0058354771820825
2024-12-25,0.004127477788367
2024-12-26,0.0029834425399777
2024-12-27,0.0046524428225546
2024-12-30,0.0035258448155541
2024-12-31,0.0036415464489395
2025-01-01,0.002654649240044
2025-01-02,0.0026492682727513
2025-01-03,0.0021686153465861
2025-01-06,0.0065567950603536
2025-01-07,0.0044331336994039
2025-01-08,0.0055380185238546
2025-01-09,0.003993200252919
2025-01-10,0.0027511038740631
2025-01-13,0.0084194884264748
2025-01-14,0.007588412788324
2025-01-15,0.010107476474397
2025-01-16,0.0093955243382787
2025-01-17,0.0088651931486076
2025-01-20,0.0085534540658928
2025-01-21,0.0076358896504364
2025-01-22,0.0082406799018399
2025-01-23,0.0067006365980126
2025-01-24,0.0079518558584462
2025-01-27,0.0079284398844909
2025-01-28,0.0092096314797735
2025-01-29,0.0077178739991665
2025-01-30,0.0071281577874858
2025-01-31,0.0064232474862078
2025-02-03,0.0122970311848072
2025-02-04,0.0137201113554778
2025-02-05,0.01452674013461
2025-02-06,0.0111421171468396
2025-02-07,0.0082939976546764
2025-02-10,0.0077180147005794
2025-02-11,0.0077571468975822
2025-02-12,0.0073589432047399
2025-02-13,0.0060715700624709
2025-02-14,0.0054697653672358
2025-02-17,0.0038489133789687
2025-02-18,0.0037109339117474
2025-02-19,0.0073848597286983
2025-02-20,0.0065543969191729
2025-02-21,0.0051750711812267
2025-02-24,0.0055218423025769
2025-02-25,0.0045358104562645
2025-02-26,0.0035747826295352
2025-02-27,0.0035092762827529
2025-02-28,0.0051804816481495
2025-03-03,0.009483859967106
2025-03-04,0.0174799589968492
2025-03-05,0.0459834112873723
2025-03-06,0.0507792945308603
2025-03-07,0.0559005793960954
2025-03-10,0.0581598339725978
2025-03-11,0.0631380639025793
2025-03-12,0.0638142760642972
2025-03-13,0.0689471273050605
2025-03-14,0.0763060822299572
2025-03-17,0.07235484691857
2025-03-18,0.0650359006928717
2025-03-19,0.0514065653432386
2025-03-20,0.0530141999820799
2025-03-21,0.0468082012898827
2025-03-24,0.0338556375739416
2025-03-25,0.0331949175669501
2025-03-26,0.029025959360488
2025-03-27,0.0263917115832208
2025-03-28,0.0243322147473594
2025-03-31,0.0220167099240402
2025-04-01,0.0228540866068954
2025-04-02,0.0205257236880592
2025-04-03,0.0393434612742827
2025-04-04,0.1073270807867467
2025-04-07,0.1557115824724053
2025-04-08,0.162264472997941
2025-04-09,0.1673034426914984
2025-04-10,0.1752050506476505
2025-04-11,0.1866070660677941
2025-04-14,0.1869439261178316
2025-04-15,0.1897169954775985
2025-04-16,0.1903204029457412
2025-04-17,0.1847490305678388
2025-04-18,0.1706606600138869
2025-04-21,0.1538085953266189
2025-04-22,0.1551681343959707
2025-04-23,0.1406883899505085
2025-04-24,0.1286047830715097
2025-04-25,0.1145598421527281
2025-04-28,0.0972680666579771
2025-04-29,0.0857700898697723
2025-04-30,0.0773018750509904
2025-05-01,0.0642802142750465
2025-05-02,0.0544191629167801
2025-05-05,0.049313445190981
2025-05-06,0.0429924079429537
2025-05-07,0.040655668796846
2025-05-08,0.0383531484671297
2025-05-09,0.0330194814702789
2025-05-12,0.0399171683328152
2025-05-13,0.0351670233312807
2025-05-14,0.0313854133481483
2025-05-15,0.0269688065421359
2025-05-16,0.0226041885278458
2025-05-19,0.0194507633941738
2025-05-20,0.0170055733689477
2025-05-21,0.0165823325390211
2025-05-22,0.0165799569246184
2025-05-23,0.0247856621274635
2025-05-26,0.0243811601023857
2025-05-27,0.0193744814092079
2025-05-28,0.0179595570296374
2025-05-29,0.0176469090975622
2025-05-30,0.0203330364826844
2025-06-02,0.0254246464455242
2025-06-03,0.0251084173472019
2025-06-04,0.0261120633832514
2025-06-05,0.0293173961791068
2025-06-06,0.0297120279959484
2025-06-09,0.0245746811295379
2025-06-10,0.0381024192911142
2025-06-11,0.0356514608764368
2025-06-12,0.0650214463889633
2025-06-13,0.0820625051324077
2025-06-16,0.0777606208549162
2025-06-17,0.0712679390238228
2025-06-18,0.0603833765628544
2025-06-19,0.0549011187078711
2025-06-20,0.0439401710640455
2025-06-23,0.0356645826479041
2025-06-24,0.0418033418135387
2025-06-25,0.0313486705544612
2025-06-26,0.024182306996795
2025-06-27,0.0249905675744234
2025-06-30,0.0142533722133412
2025-07-01,0.0146117812563341
2025-07-02,0.0133713420400976
2025-07-03,0.0123389827906925
2025-07-04,0.0131299825433001
2025-07-07,0.0114101108944488
2025-07-08,0.0105392280165231
2025-07-09,0.0084760064236885
2025-07-10,0.0067990272129195
2025-07-11,0.0074613343839938
2025-07-14,0.0082349321318666
2025-07-15,0.0080418783045734
2025-07-16,0.0062014376667584
2025-07-17,0.00520301926778
2025-07-18,0.0054303894035726
2025-07-21,0.0078092311291475
2025-07-22,0.0082431250730606
2025-07-23,0.0071848810592673
2025-07-24,0.0060180068186133
2025-07-25,0.0064977826618451
2025-07-28,0.0081380301042731
2025-07-29,0.0124818756062436
2025-07-30,0.0105812375829662
2025-07-31,0.0127277628854621
2025-08-01,0.0195714371970336
2025-08-04,0.0228911749896548
2025-08-05,0.0184051034170831
2025-08-06,0.015496192809779
2025-08-07,0.0146263908184193
2025-08-08,0.0107487420672953
2025-08-11,0.010643078324838
2025-08-12,0.0100663179988926
2025-08-13,0.0083362662122458
2025-08-14,0.0081951790911997
2025-08-15,0.0063648605967632
2025-08-18,0.0067305143541189
2025-08-19,0.0052463973435441
2025-08-20,0.0045439696122034
2025-08-21,0.0045980937535304
2025-08-22,0.0049308889968414
2025-08-25,0.0100833266970593
2025-08-26,0.011870030167332
2025-08-27,0.0142728390311509
2025-08-28,0.0165479692345539
2025-08-29,0.0202823092475541
2025-09-01,0.0225289888063674
2025-09-02,0.0397374321310507
2025-09-03,0.0327723222420179
2025-09-04,0.0279531461864281
2025-09-05,0.0262261036931615
2025-09-08,0.0233292052123012
2025-09-09,0.022337889576277
2025-09-10,0.0223341531036238
2025-09-11,0.0196962511045264
2025-09-12,0.0198630005130431
2025-09-15,0.0160096584254607
2025-09-16,0.0173783772400959
2025-09-17,0.015860825126101
2025-09-18,0.0122492723648688
2025-09-19,0.0120394927696164
2025-09-22,0.0105308408937335
2025-09-23,0.009859007781978
2025-09-24,0.0100345481871855
2025-09-25,0.010527352465019
2025-09-26,0.0107281654577448
2025-09-29,0.0110432368850188
2025-09-30,0.0097120245779349
2025-10-01,0.0110461673315568
2025-10-02,0.0117618551856587
2025-10-03,0.010032301103425
2025-10-06,0.0139533726354125
2025-10-07,0.0115670435179381
2025-10-08,0.0119142708384466
2025-10-09,0.01021431141407
2025-10-10,0.0208972138795112
2025-10-13,0.0165800513958171
2025-10-14,0.0158366003465817
2025-10-15,0.018319761163892
2025-10-16,0.0184230568149903
2025-10-17,0.0176769807707133
2025-10-20,0.0142870383236103
2025-10-21,0.0121652211966868
2025-10-22,0.0112336609215997
2025-10-23,0.0092835654838544
2025-10-24,0.0098296998440784
2025-10-27,0.0079538102601745
2025-10-28,0.0087676642137669
2025-10-29,0.0104989510827767
2025-10-30,0.0132899884189462
2025-10-31,0.0120629820574995
2025-11-03,0.0177389616630627
2025-11-04,0.0231206961085952
2025-11-05,0.0188493236519868
2025-11-06,0.0193120957246947
2025-11-07,0.0155425250415651
2025-11-10,0.0159847874956742
2025-11-11,0.0122399217725646
2025-11-12,0.0101784879726316
2025-11-13,0.0094581772705726
2025-11-14,0.0091269442114141
2025-11-17,0.0148776720621599
2025-11-18,0.0160706802397595
2025-11-19,0.0134346472715357
2025-11-20,0.0124414012185441
2025-11-21,0.0099634898582395
2025-11-24,0.0085518382573915
2025-11-25,0.007571667800423
2025-11-26,0.0065792256875281
2025-11-27,0.0064593613642963
2025-11-28,0.0071377034459931
2025-12-01,0.0084108153152272
2025-12-02,0.0090527907231245
2025-12-03,0.0091401488497126
2025-12-04,0.0102311304892661
2025-12-05,0.00902867356203
2025-12-08,0.0106613054611029
2025-12-09,0.0078656725891868
2025-12-10,0.0060205591020336
2025-12-11,0.005823034202591
2025-12-12,0.0057216520783184
2025-12-15,0.0049657513223946
2025-12-16,0.0038449315527856
2025-12-17,0.003880332664428
2025-12-18,0.0038144892216368
2025-12-19,0.0047801462845831
2025-12-22,0.0034067496161344
2025-12-23,0.0029863780115551
2025-12-24,0.0018235442114252
2025-12-25,0.0014020177432147
2025-12-26,0.0013371422560043
2025-12-29,0.0023954520096879
2025-12-30,0.0035886331963177
2025-12-31,0.0044807702654114
2026-01-01,0.0052722812248067
2026-01-02,0.007249914360068
2026-01-05,0.0108149164436172
2026-01-06,0.0110932971368431
2026-01-07,0.0180273833458643
2026-01-08,0.0174650794280869
2026-01-09,0.0180211325766571
2026-01-12,0.0179732688036938
2026-01-13,0.0185088440737036
2026-01-14,0.0171871809123267
2026-01-15,0.0151303002987287
2026-01-16,0.0132537724119209
2026-01-19,0.0199624744754876
2026-01-20,0.038453555245543
2026-01-21,0.0329475386425845
2026-01-22,0.029194693060389
2026-01-23,0.0301782607087628
2026-01-26,0.043227736080118
2026-01-27,0.0380835027305455
2026-01-28,0.0320211329675584
2026-01-29,0.0327995591783956
2026-01-30,0.02874426637771
2026-02-02,0.0307586751151505
2026-02-03,0.0299300810529298
2026-02-04,0.0274814755349051
2026-02-05,0.0387409779402242
2026-02-06,0.0333121818053291
2026-02-09,0.0310581314222532
2026-02-10,0.0310221547505032
2026-02-11,0.0335808228561217
2026-02-12,0.0300350622658563
2026-02-13,0.0290635367341329
2026-02-16,0.0274014774453871
2026-02-17,0.0276547703322129
2026-02-18,0.0253205233040621
2026-02-19,0.0277791794152472
2026-02-20,0.0231564657765751
2026-02-23,0.0257019034680986
2026-02-24,0.0243381345435715
2026-02-25,0.0220735408765693
2026-02-26,0.017705882990428
2026-02-27,0.0193213492955049
2026-03-02,0.0439012430771504
2026-03-03,0.0728187579369603
2026-03-04,0.0579871909895573
2026-03-05,0.0627060293196241
2026-03-06,0.05951393692971
2026-03-09,0.0536790077763085
2026-03-10,0.0515468740014335
2026-03-11,0.0521189934758345
2026-03-12,0.0486717078795697
2026-03-13,0.0460497948125882
2026-03-16,0.0409200993526821
2026-03-17,0.0358740015390709
2026-03-18,0.0361025074108989
2026-03-19,0.034684772056074
2026-03-20,0.0514175988096574
2026-03-23,0.0482460507123171
2026-03-24,0.0473298979474784
2026-03-25,0.0476710514839134
2026-03-26,0.0543744850198766
2026-03-27,0.0603941832628506
2026-03-30,0.0581325255132913
2026-03-31,0.0535368413073617
