market,drawdown_threshold,freq,horizon,target,indicator,pseudo_r2,p_value,z_score,coef,odds_ratio,n_obs,n_crisis
CAC40,0.03,D,5,Crisis_next_5D,HY_Spread,0.01834787236370128,3.149356208144615e-15,7.884841253031096,0.09858350371298262,1.1036065557919266,4401,454
CAC40,0.03,D,5,Crisis_next_5D,Yield_Curve,0.009326274753430841,2.670604252762171e-07,5.145323335157935,0.2923415231205253,1.339560430384651,4401,454
CAC40,0.03,D,5,Crisis_next_5D,Neely,0.01807663318353725,2.591983960219845e-13,7.3140552974719295,0.7298832799329562,2.074838418260931,4401,454
CAC40,0.03,D,5,Crisis_next_5D,PatroCorr,0.0013368812355404325,0.05016611422362912,1.9585448454506673,0.6513485789274917,1.918125829657581,4401,454
CAC40,0.03,D,5,Crisis_next_5D,SahmIndicator,7.001888315016913e-05,0.6480884520945529,0.4564193524105285,0.05148810445284073,1.0528366621494771,4401,454
CAC40,0.03,D,5,Crisis_next_5D,VIX,0.0239724157838066,2.209610203040001e-18,8.746045000167983,0.04627186335055699,1.0473591108125573,4401,454
CAC40,0.03,D,5,Crisis_next_5D,M2_Growth,0.0003864392608183831,0.28614483904937793,-1.0666169593656896,-0.04005768842097917,0.9607340143253857,4401,454
CAC40,0.03,D,5,Crisis_next_5D,BuffettDeviation,0.01600695071812186,4.85040828904523e-12,-6.909886731547803,-1.7708325150945203,0.17019124305205224,4401,454
CAC40,0.03,D,5,Crisis_next_5D,Systemic_Corr,0.006881040711062214,1.08556137955525e-05,4.399388894549049,2.261552195437604,9.597975544342034,4401,454
CAC40,0.03,D,5,Crisis_next_5D,Shiller_CAPE,0.02442309082854488,3.9179660289276264e-17,-8.415328143181386,-0.08143035767457864,0.9217969036984968,4401,454
CAC40,0.03,D,5,Crisis_next_5D,YC_10Y3M,0.009326274753430841,2.670604252762171e-07,5.145323335157935,0.2923415231205253,1.339560430384651,4401,454
CAC40,0.03,D,5,Crisis_next_5D,CFNAI,0.0025371606171864514,0.004603140156273982,-2.83356877544483,-0.10515083918870329,0.9001887286074933,4401,454
CAC40,0.03,D,5,Crisis_next_5D,CISS,0.020624639537512812,3.304103697619847e-16,8.161674952380507,2.2562929419556723,9.54762986443282,4401,454
CAC40,0.03,D,5,Crisis_next_5D,Downside_Beta,0.014621568999267476,2.0594330874150534e-10,-6.356842235734558,-1.5185662118868537,0.2190256983717124,4401,454
CAC40,0.03,D,5,Crisis_next_5D,NFCI,0.018623348221923797,1.208635969483456e-15,8.003569313765468,0.6616472363655236,1.9379820210576837,4401,454
CAC40,0.03,D,5,Crisis_next_5D,EPU,2.1134359354912924e-05,0.8030457017663624,0.249407348079038,0.00011323471573276228,1.0001132411270253,4401,454
CAC40,0.03,D,5,Crisis_next_5D,RSkew,0.000522750048414844,0.21584644663546249,1.2376484353703345,0.0865754643580389,1.0904336534885635,4401,454
CAC40,0.03,D,5,Crisis_next_5D,RSV_Ratio,0.003143703423791888,0.0024757068772819535,3.0262949339210685,1.3797893243721597,3.9740643008040326,4401,454
CAC40,0.03,D,5,Crisis_next_5D,HillTail,1.3201092951997673e-05,0.8414314653318821,0.20006280145257258,0.1133080348755774,1.119976871755608,4401,454
CAC40,0.03,D,10,Crisis_next_10D,HY_Spread,0.007468767211679772,3.545063906313059e-08,5.512135218274528,0.06595776337416165,1.0681815998266386,4396,652
CAC40,0.03,D,10,Crisis_next_10D,Yield_Curve,0.009315185618689159,7.36314175303903e-09,5.782424959188945,0.2804192442597166,1.3236846432128224,4396,652
CAC40,0.03,D,10,Crisis_next_10D,Neely,0.003232869872382027,0.0005017464384139349,3.479822310905205,0.3024586916418238,1.3531817775490904,4396,652
CAC40,0.03,D,10,Crisis_next_10D,PatroCorr,0.0004985164091306782,0.17695139201638876,1.3502013913813518,0.3797558775665882,1.4619276565313484,4396,652
CAC40,0.03,D,10,Crisis_next_10D,SahmIndicator,0.00013818433899637217,0.47220856793330457,0.7188902117097106,0.06919949016211242,1.0716499714524317,4396,652
CAC40,0.03,D,10,Crisis_next_10D,VIX,0.0033098365516966988,0.000327255468328619,3.5927110035111784,0.018250243352309133,1.0184177967884283,4396,652
CAC40,0.03,D,10,Crisis_next_10D,M2_Growth,0.0007666897662763628,0.09117601215466543,-1.6892266059752614,-0.05420625720834686,0.947236711951873,4396,652
CAC40,0.03,D,10,Crisis_next_10D,BuffettDeviation,0.004621120730466943,3.1477454997459174e-05,-4.162505505496398,-0.9307940944560262,0.39424052182469255,4396,652
CAC40,0.03,D,10,Crisis_next_10D,Systemic_Corr,0.0019558948936130305,0.0076855516817793705,2.6655805531752317,1.1393399356199394,3.1247051777567703,4396,652
CAC40,0.03,D,10,Crisis_next_10D,Shiller_CAPE,0.011085846031466784,1.624122527673904e-10,-6.393235096965685,-0.052936650176234126,0.9484400940920116,4396,652
CAC40,0.03,D,10,Crisis_next_10D,YC_10Y3M,0.009315185618689159,7.36314175303903e-09,5.782424959188945,0.2804192442597166,1.3236846432128224,4396,652
CAC40,0.03,D,10,Crisis_next_10D,CFNAI,0.0003069573414953286,0.2810652426901771,-1.0779294475788235,-0.03731856947353336,0.9633691864448299,4396,652
CAC40,0.03,D,10,Crisis_next_10D,CISS,0.004700942231888328,1.8539380278330428e-05,4.281792522530733,1.1138167715372649,3.0459619772151605,4396,652
CAC40,0.03,D,10,Crisis_next_10D,Downside_Beta,0.017615936474454585,5.241229551213854e-15,-7.820983307210527,-1.6055900763657869,0.2007710496987469,4396,652
CAC40,0.03,D,10,Crisis_next_10D,NFCI,0.006408898151775588,2.752498808942291e-07,5.139650550704942,0.4178492856670793,1.5186917685361687,4396,652
CAC40,0.03,D,10,Crisis_next_10D,EPU,0.0011128152718534734,0.048175939947616736,-1.9758131815858424,-0.0008389847432889087,0.9991613671060052,4396,652
CAC40,0.03,D,10,Crisis_next_10D,RSkew,0.00041824093527709216,0.2143920052368895,1.2415788065937097,0.0745835126564639,1.0774353192508253,4396,652
CAC40,0.03,D,10,Crisis_next_10D,RSV_Ratio,1.8640967927030516e-06,0.933776189918351,0.08309476306163194,0.03239294744815664,1.0329233101487725,4396,652
CAC40,0.03,D,10,Crisis_next_10D,HillTail,0.002554611286752717,0.0023981498239645845,-3.035904910393924,-1.529570311428606,0.21662873021015105,4396,652
CAC40,0.03,D,15,Crisis_next_15D,HY_Spread,0.00464483132278426,7.155230731265059e-06,4.489017834837034,0.0528554841688988,1.0542772743531128,4391,751
CAC40,0.03,D,15,Crisis_next_15D,Yield_Curve,0.007076549934894927,1.3394947722930343e-07,5.273358584387366,0.2396777627019715,1.2708395724242656,4391,751
CAC40,0.03,D,15,Crisis_next_15D,Neely,0.0019951826683080043,0.004396680862086217,2.848203442799983,0.23519589446929282,1.2651565816366426,4391,751
CAC40,0.03,D,15,Crisis_next_15D,PatroCorr,0.002741490027150406,0.001039272896259668,3.2796734877365417,0.8893332176826129,2.4335064911052418,4391,751
CAC40,0.03,D,15,Crisis_next_15D,SahmIndicator,0.00046110282857103613,0.1789635713883767,-1.3439530444216228,-0.12920355655696697,0.8787950628405202,4391,751
CAC40,0.03,D,15,Crisis_next_15D,VIX,0.00147320005581697,0.01319764891534637,2.4783908374522126,0.01227507828094174,1.0123507262657727,4391,751
CAC40,0.03,D,15,Crisis_next_15D,M2_Growth,0.0016823413804192278,0.008964476058841457,-2.6134059203675135,-0.0788780048942705,0.9241526596698008,4391,751
CAC40,0.03,D,15,Crisis_next_15D,BuffettDeviation,0.0025646941586860983,0.0012398871830152482,-3.229541884432459,-0.6868781126573057,0.5031443798184618,4391,751
CAC40,0.03,D,15,Crisis_next_15D,Systemic_Corr,0.00036319013360841534,0.2282984038042969,1.2047536866543638,0.4801729828878647,1.6163539795903445,4391,751
CAC40,0.03,D,15,Crisis_next_15D,Shiller_CAPE,0.007900667871634126,1.7621605597369275e-08,-5.633863949911313,-0.044085949746433706,0.956871711057633,4391,751
CAC40,0.03,D,15,Crisis_next_15D,YC_10Y3M,0.007076549934894927,1.3394947722930343e-07,5.273358584387366,0.2396777627019715,1.2708395724242656,4391,751
CAC40,0.03,D,15,Crisis_next_15D,CFNAI,0.00013945297719786254,0.4505566309341099,-0.7544873625021659,-0.025016258247436845,0.9752940553273567,4391,751
CAC40,0.03,D,15,Crisis_next_15D,CISS,0.0031125636599838025,0.000301271415185922,3.6142043187136212,0.9062445085598732,2.475010178555498,4391,751
CAC40,0.03,D,15,Crisis_next_15D,Downside_Beta,0.017910810394129006,1.9064692621269796e-16,-8.22782273789558,-1.5923547197794055,0.20344598897295071,4391,751
CAC40,0.03,D,15,Crisis_next_15D,NFCI,0.003915588294478467,3.387875181398506e-05,4.14569298586631,0.33395234117513367,1.3964765875554108,4391,751
CAC40,0.03,D,15,Crisis_next_15D,EPU,0.0017782523242617643,0.009553293206138923,-2.5915922245503458,-0.0010572435587582153,0.998943315126307,4391,751
CAC40,0.03,D,15,Crisis_next_15D,RSkew,0.00014714579694086183,0.4428466824637143,0.7673950302165388,0.04367172436782957,1.0446393689453297,4391,751
CAC40,0.03,D,15,Crisis_next_15D,RSV_Ratio,7.635171403908014e-05,0.5783972673387912,0.555727334470012,0.20478036575136016,1.227255488023096,4391,751
CAC40,0.03,D,15,Crisis_next_15D,HillTail,0.005918262596314672,1.6903327335180754e-06,-4.787308054986529,-2.3219601123091476,0.09808114700180423,4391,751
CAC40,0.03,W,4,Crisis_next_4W,HY_Spread,0.0020452561826573845,0.49575106567512117,0.6811903304545097,0.034162738919901306,1.0347529876102532,210,44
CAC40,0.03,W,4,Crisis_next_4W,Yield_Curve,0.0008977294960221816,0.6608530774279101,0.4387356705478256,0.08321072477352687,1.086770793950373,210,44
CAC40,0.03,W,4,Crisis_next_4W,Neely,1.0217966525338795e-05,0.9626027844310078,-0.04688763332574532,-0.01651954811239417,0.9836161513636577,210,44
CAC40,0.03,W,4,Crisis_next_4W,PatroCorr,6.279323196800579e-05,0.9077298087410193,-0.11590250706220807,-0.12595107802267672,0.8816579781799863,210,44
CAC40,0.03,W,4,Crisis_next_4W,SahmIndicator,0.0018533168829449886,0.5371639646465302,-0.6171072838381121,-0.26138469587289276,0.7699846527143159,210,44
CAC40,0.03,W,4,Crisis_next_4W,VIX,0.005309535777898611,0.2758936100161561,1.089590408519553,0.02295811888900119,1.0232236849050995,210,44
CAC40,0.03,W,4,Crisis_next_4W,M2_Growth,0.002822204677789375,0.44020239110718784,0.7718514904563306,0.10392665082930092,1.1095190696272152,210,44
CAC40,0.03,W,4,Crisis_next_4W,BuffettDeviation,0.005273116279834067,0.29396137301275227,1.049471049110975,1.004557948113972,2.7306998949450163,210,44
CAC40,0.03,W,4,Crisis_next_4W,Systemic_Corr,0.007482783396403958,0.20188728635712128,-1.2761930457092863,-2.0296588525129104,0.1313803335748872,210,44
CAC40,0.03,W,4,Crisis_next_4W,Shiller_CAPE,8.734036635715814e-05,0.8907950512467138,-0.13729825302239146,-0.004592935990403038,0.9954175954105835,210,44
CAC40,0.03,W,4,Crisis_next_4W,YC_10Y3M,0.0008977294960221816,0.6608530774279101,0.4387356705478256,0.08321072477352687,1.086770793950373,210,44
CAC40,0.03,W,4,Crisis_next_4W,CFNAI,3.507660998325335e-06,0.9780356156730816,-0.0275317511645371,-0.003935896819997046,0.9960718386698674,210,44
CAC40,0.03,W,4,Crisis_next_4W,CISS,0.0011718851772309913,0.6105202009708276,0.5093310446448887,0.5539606752731002,1.7401314829286898,210,44
CAC40,0.03,W,4,Crisis_next_4W,Downside_Beta,0.011242531916659027,0.12753380488562605,-1.523899554088535,-1.2262778221252695,0.2933825699605736,210,44
CAC40,0.03,W,4,Crisis_next_4W,NFCI,0.007677245419493883,0.18404190135121623,1.3284124118356544,0.44396818464501303,1.5588808884840946,210,44
CAC40,0.03,W,4,Crisis_next_4W,EPU,0.005504973438869687,0.2642281099373647,1.1164533922656152,0.0013427342797458456,1.0013436361510315,210,44
CAC40,0.03,W,4,Crisis_next_4W,RSkew,0.0005163908929100014,0.7380597520302198,0.3344238402945194,0.07924730954888454,1.0824719946306327,210,44
CAC40,0.03,W,4,Crisis_next_4W,RSV_Ratio,7.843426783060714e-06,0.9671690591674018,0.041159100411234585,0.06369302889507843,1.0657651894243843,210,44
CAC40,0.03,W,4,Crisis_next_4W,HillTail,4.421254666264751e-05,0.9227673019943142,-0.09694848835764369,-0.18964743408693122,0.8272507429481685,210,44
CAC40,0.03,W,8,Crisis_next_8W,HY_Spread,0.0011307901578220259,0.636218683438082,-0.4729922849244428,-0.02855086404870145,0.9718528605177219,206,43
CAC40,0.03,W,8,Crisis_next_8W,Yield_Curve,0.0015488168176553962,0.567017670872287,-0.572449231500036,-0.10747004961385712,0.8981034205922387,206,43
CAC40,0.03,W,8,Crisis_next_8W,Neely,0.002593332804594617,0.4636163481372584,-0.7329050412974044,-0.26605479330644916,0.7663971329175528,206,43
CAC40,0.03,W,8,Crisis_next_8W,PatroCorr,0.005910578503364516,0.2610774288323837,-1.1238482017236706,-1.2356225924775461,0.2906537471877843,206,43
CAC40,0.03,W,8,Crisis_next_8W,SahmIndicator,0.005827928493902013,0.290715132920346,-1.0565541111391676,-0.479646802105246,0.6190019833982081,206,43
CAC40,0.03,W,8,Crisis_next_8W,VIX,0.0006329916938823121,0.717684073855857,-0.3615557005847509,-0.008432129673969089,0.9916033210198579,206,43
CAC40,0.03,W,8,Crisis_next_8W,M2_Growth,0.008182734981487583,0.19821586810398284,1.2866512610516836,0.17839563432687844,1.1952981286697633,206,43
CAC40,0.03,W,8,Crisis_next_8W,BuffettDeviation,0.024679694608153446,0.029354694280573714,2.1786901460427295,2.2646104073192403,9.627373116281174,206,43
CAC40,0.03,W,8,Crisis_next_8W,Systemic_Corr,2.712630330359289e-06,0.980910037893056,0.023928002520233183,0.041483638144039325,1.0423561068314682,206,43
CAC40,0.03,W,8,Crisis_next_8W,Shiller_CAPE,0.004737339671412766,0.32109733216571323,0.9922054137152291,0.034115331288701284,1.0347039335850101,206,43
CAC40,0.03,W,8,Crisis_next_8W,YC_10Y3M,0.0015488168176553962,0.567017670872287,-0.572449231500036,-0.10747004961385712,0.8981034205922387,206,43
CAC40,0.03,W,8,Crisis_next_8W,CFNAI,0.0004140637609153508,0.7706075871116517,0.2915802377883802,0.043638649434380505,1.0446048181391094,206,43
CAC40,0.03,W,8,Crisis_next_8W,CISS,0.004778239830627307,0.3351506051362242,-0.9637912286199648,-1.2309153842368472,0.29202514008545694,206,43
CAC40,0.03,W,8,Crisis_next_8W,Downside_Beta,0.019591239358509815,0.04889123823487728,-1.9695389164471684,-1.6319585138973245,0.19554621885893367,206,43
CAC40,0.03,W,8,Crisis_next_8W,NFCI,0.0006270516658301029,0.7104600526061005,0.3712382948909498,0.1352452564057979,1.1448175237545093,206,43
CAC40,0.03,W,8,Crisis_next_8W,EPU,0.005352773387288456,0.3158256345502968,-1.0030730129448295,-0.0016129819800279367,0.9983883181762692,206,43
CAC40,0.03,W,8,Crisis_next_8W,RSkew,0.002741600779390563,0.444621773689722,0.7644119768046308,0.18256462138543733,1.2002917129608888,206,43
CAC40,0.03,W,8,Crisis_next_8W,RSV_Ratio,0.0010156449961583602,0.642466401337989,-0.46425312804978996,-0.7286919008644243,0.48253978730626446,206,43
CAC40,0.03,W,8,Crisis_next_8W,HillTail,7.175604326270513e-05,0.9025765554996126,-0.1224071761569458,-0.24508245581917168,0.7826400023587141,206,43
CAC40,0.03,W,12,Crisis_next_12W,HY_Spread,0.0007620794191361968,0.6961821718153196,-0.39047928281069566,-0.023130477238293715,0.9771349815815541,205,43
CAC40,0.03,W,12,Crisis_next_12W,Yield_Curve,3.29537525269874e-05,0.9335888094591902,-0.08333042412810648,-0.015681958573690688,0.9844403630895133,205,43
CAC40,0.03,W,12,Crisis_next_12W,Neely,0.0007956036594725102,0.6835919240585232,-0.4075665529921128,-0.14610515281165745,0.864066839349815,205,43
CAC40,0.03,W,12,Crisis_next_12W,PatroCorr,0.005579234280635448,0.2753699722421792,-1.0907793789975095,-1.2069614002856592,0.2991047596342882,205,43
CAC40,0.03,W,12,Crisis_next_12W,SahmIndicator,0.01863195423146613,0.07563040914572533,-1.7766222691938691,-0.9385181432910175,0.39120711893868826,205,43
CAC40,0.03,W,12,Crisis_next_12W,VIX,0.005615896663069386,0.2954375543120852,-1.0462674821644171,-0.026282975614162686,0.9740594155447254,205,43
CAC40,0.03,W,12,Crisis_next_12W,M2_Growth,0.0002635501244930838,0.8142077187462332,0.23500130705269506,0.031024746404594288,1.0315110297599706,205,43
CAC40,0.03,W,12,Crisis_next_12W,BuffettDeviation,0.011369333216148081,0.13153201021949915,1.5080879836723546,1.491548414726819,4.443971304959934,205,43
CAC40,0.03,W,12,Crisis_next_12W,Systemic_Corr,0.0063592294104395375,0.25388486799060717,1.140964087413609,2.065171324584393,7.886648958771719,205,43
CAC40,0.03,W,12,Crisis_next_12W,Shiller_CAPE,0.0004101940419639627,0.7691543309813124,0.2934812476555538,0.009930294963351013,1.0099797639540091,205,43
CAC40,0.03,W,12,Crisis_next_12W,YC_10Y3M,3.29537525269874e-05,0.9335888094591902,-0.08333042412810648,-0.015681958573690688,0.9844403630895133,205,43
CAC40,0.03,W,12,Crisis_next_12W,CFNAI,0.007985804782427719,0.2202655763749456,1.22582223909059,0.21052859028850968,1.2343303425783256,205,43
CAC40,0.03,W,12,Crisis_next_12W,CISS,0.007130481237789921,0.24505647728007462,-1.1624407537261465,-1.530005926023333,0.21653438412439224,205,43
CAC40,0.03,W,12,Crisis_next_12W,Downside_Beta,0.01510024742348326,0.08259764701189197,-1.7358088033565995,-1.4187041220574153,0.24202745180277466,205,43
CAC40,0.03,W,12,Crisis_next_12W,NFCI,0.0001676258821262655,0.8529792664123002,-0.18531845158730742,-0.07511393327365946,0.9276377914972327,205,43
CAC40,0.03,W,12,Crisis_next_12W,EPU,0.008650429996121423,0.2121401236963507,-1.2477022317909992,-0.002116425776594815,0.9978858122732719,205,43
CAC40,0.03,W,12,Crisis_next_12W,RSkew,0.0005742360265176272,0.7289767287344017,-0.34648703146808596,-0.08484385778721171,0.9186557141394439,205,43
CAC40,0.03,W,12,Crisis_next_12W,RSV_Ratio,0.0005836073371952022,0.726018330262573,0.3504269148211628,0.5518732441364917,1.736502866850126,205,43
CAC40,0.03,W,12,Crisis_next_12W,HillTail,0.00029604813932537777,0.8023753719502937,0.25027411614853107,0.4969051981335724,1.6436266924557126,205,43
CAC40,0.03,W,16,Crisis_next_16W,HY_Spread,0.010354319136930412,0.1870824532758928,-1.3192592585796714,-0.10034072412302232,0.9045291706168693,204,45
CAC40,0.03,W,16,Crisis_next_16W,Yield_Curve,0.0004567400069372951,0.7541172937603166,0.31321503853032534,0.05822073566383114,1.0599489384221374,204,45
CAC40,0.03,W,16,Crisis_next_16W,Neely,0.029153498162570957,0.01723904422303579,-2.381569354829396,-0.9357028257245809,0.39231004302504635,204,45
CAC40,0.03,W,16,Crisis_next_16W,PatroCorr,0.003768077625756927,0.3648191672757992,-0.9062204759548433,-0.9938748282244578,0.37013968105348904,204,45
CAC40,0.03,W,16,Crisis_next_16W,SahmIndicator,0.0577486065634113,0.00590093554180414,-2.7532359216445963,-2.045857600410188,0.12926928103794982,204,45
CAC40,0.03,W,16,Crisis_next_16W,VIX,0.038948595245784756,0.011078949060685944,-2.5401987500833703,-0.0802259144088071,0.9229078246579001,204,45
CAC40,0.03,W,16,Crisis_next_16W,M2_Growth,0.0019742291010304003,0.5127233759286173,-0.6546030250634212,-0.083122455275479,0.920238452267041,204,45
CAC40,0.03,W,16,Crisis_next_16W,BuffettDeviation,0.026372171450967707,0.022959101529780594,2.2741145262241296,2.3230833042645966,10.207097424679853,204,45
CAC40,0.03,W,16,Crisis_next_16W,Systemic_Corr,0.00026615982431621443,0.8106821901838418,-0.23954605348809382,-0.4104282030676206,0.6633661338974476,204,45
CAC40,0.03,W,16,Crisis_next_16W,Shiller_CAPE,0.0038075982328318325,0.3682564828680196,0.8997440360093175,0.030280532303199315,1.0307436502886087,204,45
CAC40,0.03,W,16,Crisis_next_16W,YC_10Y3M,0.0004567400069372951,0.7541172937603166,0.31321503853032534,0.05822073566383114,1.0599489384221374,204,45
CAC40,0.03,W,16,Crisis_next_16W,CFNAI,0.0257664483668546,0.02874351184677624,2.186986468268925,0.40689930485306935,1.5021528385453564,204,45
CAC40,0.03,W,16,Crisis_next_16W,CISS,0.023425427544687016,0.045493388067666285,-2.0000636797875777,-3.0402446563947163,0.04782318781409687,204,45
CAC40,0.03,W,16,Crisis_next_16W,Downside_Beta,0.016601393357172256,0.06624112100613284,-1.8367885221016607,-1.4812895422535337,0.22734432915635744,204,45
CAC40,0.03,W,16,Crisis_next_16W,NFCI,0.00821951068295279,0.25053681047836684,-1.149046491738177,-0.6556876409349046,0.5190849957424614,204,45
CAC40,0.03,W,16,Crisis_next_16W,EPU,0.025698245009433962,0.04493697140141947,-2.005243971101842,-0.004169612028733192,0.995839068734173,204,45
CAC40,0.03,W,16,Crisis_next_16W,RSkew,0.0003437248734727838,0.7861556589241239,-0.2713060431942934,-0.06504462103300844,0.9370256513920429,204,45
CAC40,0.03,W,16,Crisis_next_16W,RSV_Ratio,0.002561738193567531,0.4558011272706135,-0.745778669562346,-1.1490458205962164,0.31693904185102495,204,45
CAC40,0.03,W,16,Crisis_next_16W,HillTail,6.018544698949135e-06,0.9716475168485834,-0.03554204955099845,-0.07106478176866148,0.9314015523332597,204,45
CAC40,0.03,M,6,Crisis_next_6M,HY_Spread,0.011203860985522063,0.18859665841905227,-1.3147419036195684,-0.1080484705761826,0.8975840889580632,203,40
CAC40,0.03,M,6,Crisis_next_6M,Yield_Curve,0.00014475561615956423,0.8645004722060253,0.17064810263224015,0.032950961396567745,1.0334998566089972,203,40
CAC40,0.03,M,6,Crisis_next_6M,Neely,0.02777333496045009,0.025936918198858103,-2.227154973646569,-0.9500707995998061,0.38671364331407493,203,40
CAC40,0.03,M,6,Crisis_next_6M,PatroCorr,0.0011666161377553719,0.6269315674429881,-0.486050209538745,-0.5635824345337954,0.5691664058014254,203,40
CAC40,0.03,M,6,Crisis_next_6M,SahmIndicator,0.016919462274688435,0.09669818291414715,-1.6610760049741151,-0.8929885235873227,0.4094303303628814,203,40
CAC40,0.03,M,6,Crisis_next_6M,VIX,0.010030350940678834,0.17951571764238283,-1.342247629907153,-0.036953246448871324,0.9637211916837826,203,40
CAC40,0.03,M,6,Crisis_next_6M,M2_Growth,0.006198759787608199,0.26218920177345184,-1.1212318122669633,-0.14454975157831818,0.8654118557263293,203,40
CAC40,0.03,M,6,Crisis_next_6M,BuffettDeviation,0.020880189371299318,0.049322512527143245,1.9657931229585646,2.0816346909853216,8.017564448132221,203,40
CAC40,0.03,M,6,Crisis_next_6M,Systemic_Corr,0.004173786442569494,0.36493477650234685,0.9060020327774265,1.639424073778132,5.152201369732002,203,40
CAC40,0.03,M,6,Crisis_next_6M,Shiller_CAPE,0.0034782027900397416,0.4053436259013692,0.8321157263582705,0.02888733396594186,1.0293086198220343,203,40
CAC40,0.03,M,6,Crisis_next_6M,YC_10Y3M,0.00014475561615956423,0.8645004722060253,0.17064810263224015,0.032950961396567745,1.0334998566089972,203,40
CAC40,0.03,M,6,Crisis_next_6M,CFNAI,0.09438802052316364,7.38972283349991e-05,3.963376084995563,0.8714824106109968,2.3904518594649757,203,40
CAC40,0.03,M,6,Crisis_next_6M,CISS,0.019174889680675045,0.0767306092213795,-1.769979179378947,-2.7302518228764363,0.06520286802676342,203,40
CAC40,0.03,M,6,Crisis_next_6M,Downside_Beta,0.013925579689156642,0.1028106792092043,-1.6313775488668478,-1.364993869158248,0.25538224169138823,203,40
CAC40,0.03,M,6,Crisis_next_6M,NFCI,0.011321929584003354,0.2106369995610573,-1.2518157778334362,-0.8218891074304052,0.4396004171903859,203,40
CAC40,0.03,M,6,Crisis_next_6M,EPU,0.02021483230059007,0.06936416033147652,-1.8160404961414478,-0.004252669939634173,0.9957563598563912,203,40
CAC40,0.03,M,6,Crisis_next_6M,RSkew,0.008120040604417733,0.20668279485286534,-1.2627395519353142,-0.3295985110267611,0.719212431334133,203,40
CAC40,0.03,M,6,Crisis_next_6M,RSV_Ratio,3.469341245265767e-05,0.9345407917087035,-0.08213320102008663,-0.13561929861004415,0.8731749881522379,203,40
CAC40,0.03,M,6,Crisis_next_6M,HillTail,0.008393614194110999,0.20266930834982677,-1.2739833743862685,-2.7972203427478144,0.06097932889892642,203,40
CAC40,0.03,M,12,Crisis_next_12M,HY_Spread,0.04374071674797353,0.021939846450615152,-2.291407668850578,-0.29213387077728714,0.7466685721802574,197,39
CAC40,0.03,M,12,Crisis_next_12M,Yield_Curve,0.000736510063584328,0.7037328904967532,-0.38028631819750863,-0.07301293849664689,0.9295888024663799,197,39
CAC40,0.03,M,12,Crisis_next_12M,Neely,0.06844474384051413,0.001433805663234731,-3.1877578282262786,-1.6107477735140352,0.1997381992827299,197,39
CAC40,0.03,M,12,Crisis_next_12M,PatroCorr,0.04819517645196347,0.0021572946707333965,-3.0676772659991784,-3.5353057200862663,0.0291498439342144,197,39
CAC40,0.03,M,12,Crisis_next_12M,SahmIndicator,0.10668443443716313,0.002704878569371633,-2.9994270855626324,-3.9007484019896266,0.020226768026393938,197,39
CAC40,0.03,M,12,Crisis_next_12M,VIX,0.04787214907779347,0.00805968044712078,-2.6495593931933286,-0.09341690981325901,0.9108136939620844,197,39
CAC40,0.03,M,12,Crisis_next_12M,M2_Growth,2.8709965255391268e-05,0.9401700905812059,-0.07505608214950137,-0.009808627457492818,0.9902393202337383,197,39
CAC40,0.03,M,12,Crisis_next_12M,BuffettDeviation,0.02230845137151405,0.04498059145224804,2.0048359165602263,2.1279725537812753,8.397823404675632,197,39
CAC40,0.03,M,12,Crisis_next_12M,Systemic_Corr,0.0027891273741482703,0.4574101419571547,-0.7431181665603461,-1.3300118643427625,0.2644741234695572,197,39
CAC40,0.03,M,12,Crisis_next_12M,Shiller_CAPE,0.00942543128190576,0.17899288737628016,1.343862397827637,0.047505465190321096,1.0486519321880146,197,39
CAC40,0.03,M,12,Crisis_next_12M,YC_10Y3M,0.000736510063584328,0.7037328904967532,-0.38028631819750863,-0.07301293849664689,0.9295888024663799,197,39
CAC40,0.03,M,12,Crisis_next_12M,CFNAI,0.2311891366342148,1.3048235509960564e-08,5.685432054400578,1.5376744308258257,4.653755047557884,197,39
CAC40,0.03,M,12,Crisis_next_12M,CISS,0.07546466806945917,0.0035380682546510152,-2.916655048172904,-7.150246727930827,0.0007846704573073769,197,39
CAC40,0.03,M,12,Crisis_next_12M,Downside_Beta,0.04492568508361461,0.00521928437518979,-2.7931787392044667,-2.5478320520267483,0.07825112661523384,197,39
CAC40,0.03,M,12,Crisis_next_12M,NFCI,0.07086110765211118,0.0027480568586262188,-2.994599193213597,-3.4384087341339713,0.03211574938459812,197,39
CAC40,0.03,M,12,Crisis_next_12M,EPU,0.012708894273569249,0.14581984886189583,-1.4544562705889212,-0.003625844943771906,0.9963807204945221,197,39
CAC40,0.03,M,12,Crisis_next_12M,RSkew,0.005685723462284797,0.29572006114189564,-1.0456556170484832,-0.2727560623885187,0.7612784694321312,197,39
CAC40,0.03,M,12,Crisis_next_12M,RSV_Ratio,0.005461866793974202,0.30089992009727506,-1.034505471787236,-1.71891488595866,0.17926056056379377,197,39
CAC40,0.03,M,12,Crisis_next_12M,HillTail,0.06794942257694314,0.0007279380073378339,-3.3788345570197387,-9.239726417988065,9.710415253911449e-05,197,39
CAC40,0.03,M,18,Crisis_next_18M,HY_Spread,0.0009347942447610613,0.7123734884921467,-0.3686703005036092,-0.026737917933702383,0.9736163754813264,191,27
CAC40,0.03,M,18,Crisis_next_18M,Yield_Curve,0.09228549567822664,0.000500735568671511,3.4803626106544185,0.9413055644972738,2.5633258218749453,191,27
CAC40,0.03,M,18,Crisis_next_18M,Neely,0.018052337351002756,0.1108541002365164,-1.5943659231032752,-0.781249564577385,0.4578335611226573,191,27
CAC40,0.03,M,18,Crisis_next_18M,PatroCorr,0.025629929051231737,0.043602724834486156,-2.017889941600752,-2.607445778056259,0.07372260738422898,191,27
CAC40,0.03,M,18,Crisis_next_18M,SahmIndicator,0.04191717921548643,0.04430489362278675,-2.011194716681823,-1.7656846277882037,0.17106962736371126,191,27
CAC40,0.03,M,18,Crisis_next_18M,VIX,0.008444040478382764,0.2790131565821834,-1.0825388628480657,-0.034332867916692926,0.966249817537051,191,27
CAC40,0.03,M,18,Crisis_next_18M,M2_Growth,0.09852001500906582,0.0001432721181217675,-3.8024501205900694,-0.5861641228626085,0.5564576994850351,191,27
CAC40,0.03,M,18,Crisis_next_18M,BuffettDeviation,0.02577022817639485,0.04501322403517931,-2.0045308651393716,-2.145618091147575,0.11699570068430017,191,27
CAC40,0.03,M,18,Crisis_next_18M,Systemic_Corr,1.2773794789922022e-05,0.9649475918292274,-0.04394581956196498,-0.09497892087319529,0.909392103457662,191,27
CAC40,0.03,M,18,Crisis_next_18M,Shiller_CAPE,0.03889580545606908,0.016030738575921105,-2.40821496973729,-0.09903579283504844,0.9057102895043827,191,27
CAC40,0.03,M,18,Crisis_next_18M,YC_10Y3M,0.09228549567822664,0.000500735568671511,3.4803626106544185,0.9413055644972738,2.5633258218749453,191,27
CAC40,0.03,M,18,Crisis_next_18M,CFNAI,0.13965606446723378,3.113523119196305e-05,4.165000185241074,1.1277319327318975,3.088643299155672,191,27
CAC40,0.03,M,18,Crisis_next_18M,CISS,0.00036554540400679514,0.8131905848777926,-0.23631198849534235,-0.3279835162799602,0.7203748940655117,191,27
CAC40,0.03,M,18,Crisis_next_18M,Downside_Beta,0.0003723780146670519,0.8091687407823234,0.24149854920386865,0.21366071784647392,1.2382024835140666,191,27
CAC40,0.03,M,18,Crisis_next_18M,NFCI,0.013609421341127748,0.23923446258918846,-1.1769024036732294,-0.9862130658589113,0.37298649521230215,191,27
CAC40,0.03,M,18,Crisis_next_18M,EPU,0.0028167971964390137,0.5239819454647312,-0.6372193958777581,-0.0018280434897980518,0.9981736263640254,191,27
CAC40,0.03,M,18,Crisis_next_18M,RSkew,0.01870283788512117,0.08778589904303853,1.7071945426811128,0.4930304352751882,1.6372703514045739,191,27
CAC40,0.03,M,18,Crisis_next_18M,RSV_Ratio,0.019316582596514364,0.0844039938085557,-1.7256855791227477,-3.3523290922801614,0.035002734489254554,191,27
CAC40,0.03,M,18,Crisis_next_18M,HillTail,0.005208980566132171,0.37453924456813903,-0.8880028011084885,-2.4072399339708705,0.0900635331355162,191,27
CAC40,0.03,M,24,Crisis_next_24M,HY_Spread,0.004212864401651917,0.44160025753032806,0.7694937430402683,0.04816497524797805,1.04934375679184,185,20
CAC40,0.03,M,24,Crisis_next_24M,Yield_Curve,0.19400939539657136,2.7029457211448367e-05,4.197150290919068,1.6087030248260925,4.996326911778777,185,20
CAC40,0.03,M,24,Crisis_next_24M,Neely,0.009234186802444255,0.2963639631686452,-1.0442624879611457,-0.5649144270172477,0.5684087851116109,185,20
CAC40,0.03,M,24,Crisis_next_24M,PatroCorr,0.018030915113474877,0.1260470873854829,-1.5298773637469012,-2.2252068664294584,0.10804506542593947,185,20
CAC40,0.03,M,24,Crisis_next_24M,SahmIndicator,0.045377053239946896,0.011708588088384958,2.5208075152013025,1.0583440318256192,2.8815952061340715,185,20
CAC40,0.03,M,24,Crisis_next_24M,VIX,0.005213170553671875,0.40200946109786095,0.8380378234175413,0.02308921465449956,1.0233578339903446,185,20
CAC40,0.03,M,24,Crisis_next_24M,M2_Growth,0.11387046594808803,0.00027037487130222913,-3.642145786028514,-0.6437290058487231,0.5253298090853914,185,20
CAC40,0.03,M,24,Crisis_next_24M,BuffettDeviation,0.035809384185284454,0.03408106180587069,-2.1191113019316314,-2.586561316779474,0.07527845428602375,185,20
CAC40,0.03,M,24,Crisis_next_24M,Systemic_Corr,0.004583486228266542,0.43759793941054126,-0.7762558435364424,-1.8522933973171365,0.1568769722102202,185,20
CAC40,0.03,M,24,Crisis_next_24M,Shiller_CAPE,0.03509995902070917,0.03867989574587674,-2.067576160148565,-0.09634754430300556,0.9081483394344213,185,20
CAC40,0.03,M,24,Crisis_next_24M,YC_10Y3M,0.19400939539657136,2.7029457211448367e-05,4.197150290919068,1.6087030248260925,4.996326911778777,185,20
CAC40,0.03,M,24,Crisis_next_24M,CFNAI,0.026987919476651356,0.08611765417920911,1.716242572856291,0.4349397898322696,1.544870039266815,185,20
CAC40,0.03,M,24,Crisis_next_24M,CISS,0.005527261406987782,0.387117645717157,0.8648563360457673,1.173566571671384,3.2335046231544906,185,20
CAC40,0.03,M,24,Crisis_next_24M,Downside_Beta,0.0024490849957125027,0.581807634604524,-0.5507462504982454,-0.5782736170101751,0.56086580042187,185,20
CAC40,0.03,M,24,Crisis_next_24M,NFCI,0.0016565468596444477,0.6316480531968727,0.47940849227516186,0.20569860335045242,1.2283829177008343,185,20
CAC40,0.03,M,24,Crisis_next_24M,EPU,0.0027294104995463364,0.5721183532904306,-0.5649344459493113,-0.0018423446691152626,0.9981593514060797,185,20
CAC40,0.03,M,24,Crisis_next_24M,RSkew,3.92156370898622e-06,0.9821787025820374,-0.02233754147160143,-0.00746396583273196,0.9925638203854713,185,20
CAC40,0.03,M,24,Crisis_next_24M,RSV_Ratio,0.00018966653341268014,0.8769111960285004,0.15488599340944542,0.3467298938169002,1.4144346262309462,185,20
CAC40,0.03,M,24,Crisis_next_24M,HillTail,0.05024577634957916,0.017001622067481167,-2.3866726542542187,-8.350231137877225,0.00023634188455340984,185,20
CAC40,0.05,D,5,Crisis_next_5D,HY_Spread,0.034251282416104645,7.069921735247174e-15,7.783224132948138,0.1291080280863299,1.137813033291381,4401,156
CAC40,0.05,D,5,Crisis_next_5D,Yield_Curve,0.0035105295350660315,0.0311127349652918,2.1556278643837214,0.1988023556059155,1.2199408276051504,4401,156
CAC40,0.05,D,5,Crisis_next_5D,Neely,0.046726311843486856,1.4980071035409697e-14,7.687702436188712,1.3177282365494656,3.734926861814198,4401,156
CAC40,0.05,D,5,Crisis_next_5D,PatroCorr,0.0034140774690195608,0.035835776797956805,2.0987859174091144,1.1895816038416809,3.2857061929043128,4401,156
CAC40,0.05,D,5,Crisis_next_5D,SahmIndicator,0.0014716875493321346,0.14684446365371037,1.450768033888184,0.24951940199176664,1.2834084648947368,4401,156
CAC40,0.05,D,5,Crisis_next_5D,VIX,0.0660848299943404,2.0201368743718537e-24,10.198184314862369,0.0720943176694726,1.074756707831474,4401,156
CAC40,0.05,D,5,Crisis_next_5D,M2_Growth,0.001624914993309745,0.1431693010289196,1.4640902129942548,0.09453863108235253,1.0991516237297296,4401,156
CAC40,0.05,D,5,Crisis_next_5D,BuffettDeviation,0.0221230355808667,3.14826383074713e-08,-5.5329850117659,-2.2884956070134463,0.10141892105939546,4401,156
CAC40,0.05,D,5,Crisis_next_5D,Systemic_Corr,0.012160332833107357,8.873244423092265e-05,3.919501132813145,3.4433957328519607,31.293040758846644,4401,156
CAC40,0.05,D,5,Crisis_next_5D,Shiller_CAPE,0.03269517616069384,3.3503037167685714e-11,-6.63028895434185,-0.10423196627131763,0.9010162677941937,4401,156
CAC40,0.05,D,5,Crisis_next_5D,YC_10Y3M,0.0035105295350660315,0.0311127349652918,2.1556278643837214,0.1988023556059155,1.2199408276051504,4401,156
CAC40,0.05,D,5,Crisis_next_5D,CFNAI,0.007955131501019563,0.0002859289395816423,-3.6277255690001433,-0.18427946684284457,0.8317033378389077,4401,156
CAC40,0.05,D,5,Crisis_next_5D,CISS,0.037537876013087,1.2469655132980111e-14,7.711142276775441,3.109252610765193,22.404293414061407,4401,156
CAC40,0.05,D,5,Crisis_next_5D,Downside_Beta,0.019401000253621237,7.38692982524314e-07,-4.9509046323650665,-1.9940959923618666,0.136136667143064,4401,156
CAC40,0.05,D,5,Crisis_next_5D,NFCI,0.04168925141403512,1.5336071253463938e-18,8.787180175693544,0.8940472908449261,2.4450053005654775,4401,156
CAC40,0.05,D,5,Crisis_next_5D,EPU,0.00923629496139744,0.00013339219740464986,3.8201099504655973,0.002239700067908642,1.0022422100696395,4401,156
CAC40,0.05,D,5,Crisis_next_5D,RSkew,5.903310662291883e-05,0.7793591437747769,0.28015427754054384,0.03232883403137903,1.0328570880289754,4401,156
CAC40,0.05,D,5,Crisis_next_5D,RSV_Ratio,0.012300644871045097,4.723097308027043e-05,4.068922894072707,3.049383479043169,21.10233038231989,4401,156
CAC40,0.05,D,5,Crisis_next_5D,HillTail,0.0030662909474200584,0.03843502136242325,2.070185021733057,1.839625496457304,6.294180626639952,4401,156
CAC40,0.05,D,10,Crisis_next_10D,HY_Spread,0.02313364488450287,2.620066631173477e-15,7.907786016611325,0.10900121772538056,1.115163708303772,4396,306
CAC40,0.05,D,10,Crisis_next_10D,Yield_Curve,0.01425756443543158,3.517960048880965e-08,5.5134855138324586,0.3800785666548217,1.462399480756068,4396,306
CAC40,0.05,D,10,Crisis_next_10D,Neely,0.014114975040777189,1.6773832474804144e-08,5.642356501616104,0.6716465910960544,1.9574578010872634,4396,306
CAC40,0.05,D,10,Crisis_next_10D,PatroCorr,0.0005433508594380188,0.27509425894363726,1.0914060329939377,0.4309834662498914,1.5387701081060992,4396,306
CAC40,0.05,D,10,Crisis_next_10D,SahmIndicator,0.00028673297134529374,0.4187520112321552,0.8085882750539851,0.10680359264749277,1.1127156874736748,4396,306
CAC40,0.05,D,10,Crisis_next_10D,VIX,0.01997012094923134,1.0548825317737248e-12,7.123149547313946,0.04292314555061727,1.0438576666615003,4396,306
CAC40,0.05,D,10,Crisis_next_10D,M2_Growth,2.013663793998255e-05,0.8333900712053612,-0.21035569248136343,-0.009523023935811422,0.9905221764613491,4396,306
CAC40,0.05,D,10,Crisis_next_10D,BuffettDeviation,0.013429309200942763,3.1702522886931715e-08,-5.531764571258785,-1.6851907176608494,0.18540906780008243,4396,306
CAC40,0.05,D,10,Crisis_next_10D,Systemic_Corr,0.005609303716009206,0.0005288184849787518,3.4657175610093662,2.1296705526406914,8.412095012396174,4396,306
CAC40,0.05,D,10,Crisis_next_10D,Shiller_CAPE,0.026430281962971702,2.084350502551256e-14,-7.645314617586218,-0.08793563027725913,0.9158198258943078,4396,306
CAC40,0.05,D,10,Crisis_next_10D,YC_10Y3M,0.01425756443543158,3.517960048880965e-08,5.5134855138324586,0.3800785666548217,1.462399480756068,4396,306
CAC40,0.05,D,10,Crisis_next_10D,CFNAI,0.0022655635862366408,0.018696854963837554,-2.3515205870815463,-0.10254189517456502,0.9025403368758772,4396,306
CAC40,0.05,D,10,Crisis_next_10D,CISS,0.020948729255490073,4.1421317045062545e-13,7.250833974881584,2.3199731712946945,10.17540130956818,4396,306
CAC40,0.05,D,10,Crisis_next_10D,Downside_Beta,0.01864404729584823,4.715645396930555e-10,-6.228286367909211,-1.8073194827829668,0.16409340300132963,4396,306
CAC40,0.05,D,10,Crisis_next_10D,NFCI,0.02584467567193305,2.4005474586340073e-17,8.472561556256226,0.7496756845142446,2.1163135520455043,4396,306
CAC40,0.05,D,10,Crisis_next_10D,EPU,6.107185206449817e-05,0.7107318725540843,0.3708733404748033,0.00019996601321866457,1.0001999860077546,4396,306
CAC40,0.05,D,10,Crisis_next_10D,RSkew,0.001853414886317406,0.04150291756244963,2.038470344738664,0.16948796335245417,1.1846980871539774,4396,306
CAC40,0.05,D,10,Crisis_next_10D,RSV_Ratio,0.0008167115937235403,0.17789889821575378,1.3472525819715147,0.7338592321059776,2.0831042980610093,4396,306
CAC40,0.05,D,10,Crisis_next_10D,HillTail,0.0005893739859967884,0.25474583050434363,-1.1388976869243366,-0.7900843840513475,0.45380649963564057,4396,306
CAC40,0.05,D,15,Crisis_next_15D,HY_Spread,0.02058847595944302,1.3928474626353267e-15,7.9860911227959,0.10356390382261342,1.1091166678952697,4391,387
CAC40,0.05,D,15,Crisis_next_15D,Yield_Curve,0.021151191888205134,4.1726421818710823e-13,7.249840010177235,0.45497883230663705,1.5761400194322488,4391,387
CAC40,0.05,D,15,Crisis_next_15D,Neely,0.009305384982048692,6.182698326737314e-07,4.98542117148465,0.5349660399046334,1.7073902581336498,4391,387
CAC40,0.05,D,15,Crisis_next_15D,PatroCorr,0.0007121025299141603,0.17473477793820846,1.3571461474927575,0.48275272104709815,1.6205291327157547,4391,387
CAC40,0.05,D,15,Crisis_next_15D,SahmIndicator,1.1428811719671472e-05,0.8658521996170978,-0.1689293670090961,-0.020943133932157465,0.979274650484836,4391,387
CAC40,0.05,D,15,Crisis_next_15D,VIX,0.010894778535188832,1.6914396167363707e-08,5.640919980068851,0.03253035231929136,1.033065248594389,4391,387
CAC40,0.05,D,15,Crisis_next_15D,M2_Growth,0.001153896972272972,0.08019923297419838,-1.7495312437545116,-0.06989676388991534,0.9324900815857375,4391,387
CAC40,0.05,D,15,Crisis_next_15D,BuffettDeviation,0.013364335695979057,2.169307740657108e-09,-5.984593629833195,-1.6438709346828209,0.193230609655603,4391,387
CAC40,0.05,D,15,Crisis_next_15D,Systemic_Corr,0.004122280000224188,0.001202189495783781,3.2383601371341606,1.7708533923209044,5.875865640974624,4391,387
CAC40,0.05,D,15,Crisis_next_15D,Shiller_CAPE,0.02592011357320312,2.2188479563390034e-16,-8.209622603907786,-0.08514763542521568,0.9183766894593387,4391,387
CAC40,0.05,D,15,Crisis_next_15D,YC_10Y3M,0.021151191888205134,4.1726421818710823e-13,7.249840010177235,0.45497883230663705,1.5761400194322488,4391,387
CAC40,0.05,D,15,Crisis_next_15D,CFNAI,2.6229662051902025e-05,0.7922716075959376,-0.26336195980362115,-0.011709867695476448,0.9883584259753747,4391,387
CAC40,0.05,D,15,Crisis_next_15D,CISS,0.017993413749213927,4.474546668709625e-13,7.240372317809063,2.1372969862488382,8.47649455379089,4391,387
CAC40,0.05,D,15,Crisis_next_15D,Downside_Beta,0.017559974220761276,4.952253216606709e-11,-6.5723642482686015,-1.7029251556400835,0.1821499271195192,4391,387
CAC40,0.05,D,15,Crisis_next_15D,NFCI,0.019643750634789514,3.2654598387040053e-15,7.880319131406104,0.6732688191199722,1.9606358210273813,4391,387
CAC40,0.05,D,15,Crisis_next_15D,EPU,0.0010608246489881568,0.10568961456111416,-1.6178746494291019,-0.000875364262779435,0.9991250187567482,4391,387
CAC40,0.05,D,15,Crisis_next_15D,RSkew,0.0002593744846449697,0.40976690817941064,0.8243038911957181,0.0621814845610452,1.0641554549898709,4391,387
CAC40,0.05,D,15,Crisis_next_15D,RSV_Ratio,0.002075364773991506,0.019771325240273085,2.3306594263504805,1.142469823237388,3.1345004748940313,4391,387
CAC40,0.05,D,15,Crisis_next_15D,HillTail,0.0037834656560360447,0.0017907597025043553,-3.1229042917036063,-2.0083235477229495,0.13421348867987967,4391,387
CAC40,0.05,W,4,Crisis_next_4W,HY_Spread,0.028325478030037043,0.03380511771710089,2.1223886119402233,0.11296260886519016,1.119590069422711,210,21
CAC40,0.05,W,4,Crisis_next_4W,Yield_Curve,0.014261575916651892,0.171545615060412,1.3672542859480135,0.3682538450061665,1.445208851464962,210,21
CAC40,0.05,W,4,Crisis_next_4W,Neely,0.00014948291410987746,0.886146676435345,0.14318170727978674,0.06787911750822759,1.0702359278732612,210,21
CAC40,0.05,W,4,Crisis_next_4W,PatroCorr,7.286706824150002e-06,0.9748922394768785,-0.03147310642932966,-0.04646698208280267,0.9545960788239214,210,21
CAC40,0.05,W,4,Crisis_next_4W,SahmIndicator,0.002978495449672658,0.5106923907765035,0.6577599537949681,0.32050919692132207,1.37782917211601,210,21
CAC40,0.05,W,4,Crisis_next_4W,VIX,0.02068737005404142,0.07836106346430954,1.760275751720163,0.04520056420215538,1.0462376766920363,210,21
CAC40,0.05,W,4,Crisis_next_4W,M2_Growth,0.014422383367751701,0.1750721984372824,1.356084768807881,0.2648271946287919,1.3032057553649643,210,21
CAC40,0.05,W,4,Crisis_next_4W,BuffettDeviation,0.0008443073426873671,0.7320658278455654,-0.3423788170304483,-0.41849271401026916,0.65803792403227,210,21
CAC40,0.05,W,4,Crisis_next_4W,Systemic_Corr,0.004039033412595927,0.45340192883497754,-0.7497555757388921,-1.6012251182555932,0.20164932233759383,210,21
CAC40,0.05,W,4,Crisis_next_4W,Shiller_CAPE,0.02159987438185207,0.08624769475124684,-1.7155322123630168,-0.07699882709082531,0.9258909395918363,210,21
CAC40,0.05,W,4,Crisis_next_4W,YC_10Y3M,0.014261575916651892,0.171545615060412,1.3672542859480135,0.3682538450061665,1.445208851464962,210,21
CAC40,0.05,W,4,Crisis_next_4W,CFNAI,0.015209879611838284,0.12970161329580096,-1.515279595800644,-0.2352150244838837,0.7904008758147414,210,21
CAC40,0.05,W,4,Crisis_next_4W,CISS,0.014727688869298317,0.13611041716950656,1.4904330145610678,1.921369075828264,6.830303274070186,210,21
CAC40,0.05,W,4,Crisis_next_4W,Downside_Beta,0.008986850232274746,0.27738873027178057,-1.0862040400732023,-1.188733756228661,0.3046067263405357,210,21
CAC40,0.05,W,4,Crisis_next_4W,NFCI,0.04423191948085092,0.009478579589078856,2.594292548670768,0.9305929488624257,2.536012457591561,210,21
CAC40,0.05,W,4,Crisis_next_4W,EPU,0.01581166902693365,0.11934545134910032,1.5575268480763633,0.002248748435198373,1.002251278766298,210,21
CAC40,0.05,W,4,Crisis_next_4W,RSkew,0.0005554846070288111,0.7821259953374291,0.27654956581617995,0.0884241523128257,1.0924513895567853,210,21
CAC40,0.05,W,4,Crisis_next_4W,RSV_Ratio,1.239744498915396e-05,0.9673717685742956,-0.04090482788577442,-0.08581271239055054,0.9177661013442308,210,21
CAC40,0.05,W,4,Crisis_next_4W,HillTail,9.670360880376094e-05,0.9083143324778592,0.11516500949445405,0.30303365382914016,1.353960029615062,210,21
CAC40,0.05,W,8,Crisis_next_8W,HY_Spread,3.252673184506172e-05,0.9408362583537405,0.07421883583784192,0.0046930240785450225,1.004704053563175,206,29
CAC40,0.05,W,8,Crisis_next_8W,Yield_Curve,0.0012795498315399945,0.6428220709681285,-0.46375669733079594,-0.10154267834691354,0.9034426210818262,206,29
CAC40,0.05,W,8,Crisis_next_8W,Neely,2.6236884213881595e-05,0.9470710273500871,0.06638535769869085,0.02742144423781692,1.0278008722549936,206,29
CAC40,0.05,W,8,Crisis_next_8W,PatroCorr,5.3172540494195175e-05,0.924699690768245,0.09451547428599666,0.12486862172501836,1.1329995917565494,206,29
CAC40,0.05,W,8,Crisis_next_8W,SahmIndicator,0.010401770915224984,0.2264795370618483,-1.209477273599607,-0.7128753985460204,0.4902325549404637,206,29
CAC40,0.05,W,8,Crisis_next_8W,VIX,0.001059348967564322,0.6791309751031092,-0.4136492828145474,-0.011510782110607642,0.9885552134787976,206,29
CAC40,0.05,W,8,Crisis_next_8W,M2_Growth,6.518129084842617e-05,0.9166815537345454,-0.10461469504345995,-0.01597586570284414,0.9841510715630784,206,29
CAC40,0.05,W,8,Crisis_next_8W,BuffettDeviation,0.005838494663389371,0.332510787711225,0.9690689515758933,1.1062227811581116,3.022918577682215,206,29
CAC40,0.05,W,8,Crisis_next_8W,Systemic_Corr,0.002798160122275184,0.4978161073841032,0.677929952882332,1.4098830099008488,4.095476245871264,206,29
CAC40,0.05,W,8,Crisis_next_8W,Shiller_CAPE,0.0005370050213525657,0.7639867060230786,-0.3002496890649633,-0.011778074088268392,0.9882910159112781,206,29
CAC40,0.05,W,8,Crisis_next_8W,YC_10Y3M,0.0012795498315399945,0.6428220709681285,-0.46375669733079594,-0.10154267834691354,0.9034426210818262,206,29
CAC40,0.05,W,8,Crisis_next_8W,CFNAI,4.34386200386383e-05,0.9323990695689165,0.08482682193266251,0.014475193293887866,1.0145804662397704,206,29
CAC40,0.05,W,8,Crisis_next_8W,CISS,0.0019493990746066725,0.579016664655428,-0.5548216389405096,-0.8041566480450982,0.4474651380749104,206,29
CAC40,0.05,W,8,Crisis_next_8W,Downside_Beta,0.03346374593490231,0.023816168427877343,-2.2600818975684387,-2.2825851806641895,0.10202012505855615,206,29
CAC40,0.05,W,8,Crisis_next_8W,NFCI,0.0004800925903029052,0.7713847376665461,0.2905640768816624,0.1222640764069445,1.1300524825801783,206,29
CAC40,0.05,W,8,Crisis_next_8W,EPU,0.023331863355218863,0.09548794154467222,-1.667133100797383,-0.004334226150103297,0.9956751530526354,206,29
CAC40,0.05,W,8,Crisis_next_8W,RSkew,0.005615450934166488,0.33946039476022305,-0.9552319839402476,-0.28294459655435733,0.7535615366088262,206,29
CAC40,0.05,W,8,Crisis_next_8W,RSV_Ratio,0.004875622093551857,0.3690604945327529,0.8982345929270811,1.674063101325902,5.333795581386607,206,29
CAC40,0.05,W,8,Crisis_next_8W,HillTail,0.004870643705270239,0.3744960310109017,-0.8880831401567518,-2.169165356349987,0.1142729543146095,206,29
CAC40,0.05,W,12,Crisis_next_12W,HY_Spread,7.28456037385472e-05,0.9120107678973057,-0.11050262534590553,-0.007191561927059048,0.9928342354761652,205,30
CAC40,0.05,W,12,Crisis_next_12W,Yield_Curve,0.0005908311689768464,0.7504688488942722,-0.31802120912075216,-0.06867483487888752,0.93363021470793,205,30
CAC40,0.05,W,12,Crisis_next_12W,Neely,0.005154332725437305,0.35682506052576013,-0.9214317465170456,-0.3939350931881974,0.6743978278327828,205,30
CAC40,0.05,W,12,Crisis_next_12W,PatroCorr,0.0004636652186480461,0.7777217468584687,-0.28228922513173293,-0.3642919681235375,0.6946883382799702,205,30
CAC40,0.05,W,12,Crisis_next_12W,SahmIndicator,0.02212521585523408,0.09276165303093399,-1.6810064948199337,-1.1340587103725313,0.3217248150821354,205,30
CAC40,0.05,W,12,Crisis_next_12W,VIX,0.000354644801002002,0.8074981898901357,-0.24365479079705285,-0.006516293583402138,0.99350489141676,205,30
CAC40,0.05,W,12,Crisis_next_12W,M2_Growth,0.0004862181381903863,0.7742181910226912,0.28686173454962605,0.0438460011992846,1.044821441249594,205,30
CAC40,0.05,W,12,Crisis_next_12W,BuffettDeviation,0.011518400937998607,0.17392854469116847,1.3596884182797733,1.5717094113170258,4.814871759320086,205,30
CAC40,0.05,W,12,Crisis_next_12W,Systemic_Corr,0.00403888232013061,0.4120145997698841,0.8203535279081596,1.7032025433957014,5.491506046965467,205,30
CAC40,0.05,W,12,Crisis_next_12W,Shiller_CAPE,0.0011194547652420006,0.6630219138955511,0.43574477757896685,0.017062364595780928,1.0172087581601725,205,30
CAC40,0.05,W,12,Crisis_next_12W,YC_10Y3M,0.0005908311689768464,0.7504688488942722,-0.31802120912075216,-0.06867483487888752,0.93363021470793,205,30
CAC40,0.05,W,12,Crisis_next_12W,CFNAI,0.012145487347179684,0.17580024646541226,1.353799834599664,0.28053448285906746,1.323837191566649,205,30
CAC40,0.05,W,12,Crisis_next_12W,CISS,0.0058037054060210425,0.3464591339172206,-0.9414796092154659,-1.4435493541642537,0.23608830878897938,205,30
CAC40,0.05,W,12,Crisis_next_12W,Downside_Beta,0.015204290494255313,0.11737036762433053,-1.5659070992299202,-1.4846767864229993,0.22657556114048447,205,30
CAC40,0.05,W,12,Crisis_next_12W,NFCI,0.00029169497850489723,0.8200807893876472,0.22744106784995938,0.09584556396175051,1.1005890802512142,205,30
CAC40,0.05,W,12,Crisis_next_12W,EPU,0.005714027664346366,0.35772682106045994,-0.919705225754348,-0.001771659505110402,0.9982299089571935,205,30
CAC40,0.05,W,12,Crisis_next_12W,RSkew,0.001876065506928981,0.5746055279976237,-0.561281680681726,-0.16042081084610685,0.851785273056354,205,30
CAC40,0.05,W,12,Crisis_next_12W,RSV_Ratio,0.0008094857663835109,0.7104284822927841,0.37128068543773696,0.6743997717747273,1.9628544616664605,205,30
CAC40,0.05,W,12,Crisis_next_12W,HillTail,0.0011473888639833563,0.6560605632000673,0.4453586864589394,1.008281569104746,2.740886940971968,205,30
CAC40,0.05,W,16,Crisis_next_16W,HY_Spread,1.5505238150748113e-05,0.9588453948840969,0.0516025406614426,0.003231653722547871,1.0032368811449954,204,30
CAC40,0.05,W,16,Crisis_next_16W,Yield_Curve,0.008686454525457465,0.22984513999126965,1.2007578666744374,0.2689938723032051,1.3086471220291223,204,30
CAC40,0.05,W,16,Crisis_next_16W,Neely,0.0017344023887662097,0.5899229945753022,-0.5389476245171236,-0.22498617584797936,0.7985272576452775,204,30
CAC40,0.05,W,16,Crisis_next_16W,PatroCorr,0.0023379919011726757,0.5251961897156101,-0.6353561047328772,-0.8136962410465284,0.4432167987074779,204,30
CAC40,0.05,W,16,Crisis_next_16W,SahmIndicator,0.04270275819791702,0.032753946782219046,-2.135086480080849,-1.8233219717511149,0.16148839899446882,204,30
CAC40,0.05,W,16,Crisis_next_16W,VIX,0.007939618007318017,0.27146880129778206,-1.099686356517658,-0.03343542720750953,0.9671173586836942,204,30
CAC40,0.05,W,16,Crisis_next_16W,M2_Growth,0.0005614820185949609,0.7562386178138852,-0.3104239050338176,-0.04626813225376993,0.9547859189652051,204,30
CAC40,0.05,W,16,Crisis_next_16W,BuffettDeviation,0.006291061677965115,0.3102401219398999,1.0147183132685573,1.1412910089703294,3.1308076580143656,204,30
CAC40,0.05,W,16,Crisis_next_16W,Systemic_Corr,0.008925200257962729,0.22695432683897188,1.2082416463039098,2.5724046427566742,13.097280886636016,204,30
CAC40,0.05,W,16,Crisis_next_16W,Shiller_CAPE,8.854462518304018e-06,0.9690112162856955,-0.03884845020929561,-0.0015059965095671254,0.9984951369341175,204,30
CAC40,0.05,W,16,Crisis_next_16W,YC_10Y3M,0.008686454525457465,0.22984513999126965,1.2007578666744374,0.2689938723032051,1.3086471220291223,204,30
CAC40,0.05,W,16,Crisis_next_16W,CFNAI,0.031303795728552575,0.030738500957433582,2.160441587266678,0.4795605016279508,1.6153642961806676,204,30
CAC40,0.05,W,16,Crisis_next_16W,CISS,0.001916660458768149,0.5785204441494813,-0.5555471865043493,-0.7903218408711851,0.45369875298051077,204,30
CAC40,0.05,W,16,Crisis_next_16W,Downside_Beta,0.014877755859240893,0.12170896837500281,-1.5476401115533929,-1.4653307927952313,0.2310015651839435,204,30
CAC40,0.05,W,16,Crisis_next_16W,NFCI,5.264110880542905e-05,0.9251192394557474,-0.09398730724116391,-0.04322126272757073,0.9576994634266912,204,30
CAC40,0.05,W,16,Crisis_next_16W,EPU,0.028423418105398945,0.06944154386031459,-1.8155362275891165,-0.004968878680979158,0.995043445775335,204,30
CAC40,0.05,W,16,Crisis_next_16W,RSkew,0.0011519106469579654,0.659761460609198,-0.44024252853600054,-0.12488846391265924,0.8825953383256667,204,30
CAC40,0.05,W,16,Crisis_next_16W,RSV_Ratio,0.000783112993046009,0.7152475046438883,0.3648176826732052,0.6616211788216811,1.9379315226641392,204,30
CAC40,0.05,W,16,Crisis_next_16W,HillTail,0.0008221092256309737,0.7094496293015495,-0.3725953565775152,-0.8861992215610318,0.4122195341941175,204,30
CAC40,0.05,M,6,Crisis_next_6M,HY_Spread,0.02707878128011265,0.08206326432509173,-1.7388379889965355,-0.21650437391952532,0.8053290124706762,203,31
CAC40,0.05,M,6,Crisis_next_6M,Yield_Curve,0.001681043854570352,0.588565087072294,-0.5409165731608861,-0.11455360872932367,0.8917641307947753,203,31
CAC40,0.05,M,6,Crisis_next_6M,Neely,0.03832829427858864,0.019327910930546168,-2.3391453767184864,-1.1993889636235382,0.3013783087712711,203,31
CAC40,0.05,M,6,Crisis_next_6M,PatroCorr,0.0036568975013321348,0.42151533315083534,-0.8037950774502767,-1.0172049469803366,0.36160423200449904,203,31
CAC40,0.05,M,6,Crisis_next_6M,SahmIndicator,0.059241458570936434,0.016918964959215015,-2.38846401863026,-2.3807494666939037,0.09248123992135009,203,31
CAC40,0.05,M,6,Crisis_next_6M,VIX,0.030349464814318328,0.04228086720880769,-2.0307450167968266,-0.0746478092622894,0.9280702865360343,203,31
CAC40,0.05,M,6,Crisis_next_6M,M2_Growth,0.0002940263359368922,0.8209849684970049,-0.22627830812051622,-0.032533292275553974,0.9679902226976241,203,31
CAC40,0.05,M,6,Crisis_next_6M,BuffettDeviation,0.04644774209285707,0.009405170739264536,2.596964268197552,3.4031766537167183,30.059436963193235,203,31
CAC40,0.05,M,6,Crisis_next_6M,Systemic_Corr,0.0035258432970585174,0.4396507438930768,0.7727831217371582,1.5472676928925084,4.698614569862927,203,31
CAC40,0.05,M,6,Crisis_next_6M,Shiller_CAPE,0.012503365358642604,0.14736265223807513,1.4489102358941885,0.05703402201298999,1.0586918286099358,203,31
CAC40,0.05,M,6,Crisis_next_6M,YC_10Y3M,0.001681043854570352,0.588565087072294,-0.5409165731608861,-0.11455360872932367,0.8917641307947753,203,31
CAC40,0.05,M,6,Crisis_next_6M,CFNAI,0.1239665423082128,2.580970597888911e-05,4.207600122828117,1.0507175401951383,2.8597023334307856,203,31
CAC40,0.05,M,6,Crisis_next_6M,CISS,0.05968406811504401,0.013582907558468443,-2.468108674723225,-6.515223168411865,0.0014807254114550465,203,31
CAC40,0.05,M,6,Crisis_next_6M,Downside_Beta,0.045404190060552185,0.008148554446623667,-2.6458516458000627,-2.6721843221894503,0.06910112122701371,203,31
CAC40,0.05,M,6,Crisis_next_6M,NFCI,0.02592782057784948,0.09661905565428858,-1.6614701673379313,-1.6952680239210018,0.18355002663646441,203,31
CAC40,0.05,M,6,Crisis_next_6M,EPU,0.042612617866021774,0.02288343300535338,-2.2753751796148136,-0.007364523604724412,0.9926625280509839,203,31
CAC40,0.05,M,6,Crisis_next_6M,RSkew,0.019328686487399827,0.07306689205912402,-1.792412636751449,-0.5297296305924606,0.5887641319706196,203,31
CAC40,0.05,M,6,Crisis_next_6M,RSV_Ratio,0.0005499196927123418,0.7577417080192963,0.30844767722590755,0.5667962175424766,1.7626109737333282,203,31
CAC40,0.05,M,6,Crisis_next_6M,HillTail,0.018931229441089603,0.08062848142694892,-1.7470510605799252,-4.433866445238488,0.011868511893486535,203,31
CAC40,0.05,M,12,Crisis_next_12M,HY_Spread,0.045516950766428366,0.022723840393893507,-2.2780459439819203,-0.30934444138403056,0.7339279313322615,197,36
CAC40,0.05,M,12,Crisis_next_12M,Yield_Curve,0.00048527951363519506,0.7633604252944591,0.30107090690104826,0.06003723451097108,1.0618760842459805,197,36
CAC40,0.05,M,12,Crisis_next_12M,Neely,0.07607067622317665,0.0014255138521924596,-3.189434609974707,-1.766343400561508,0.1709569684632472,197,36
CAC40,0.05,M,12,Crisis_next_12M,PatroCorr,0.061913734218071226,0.0007227456390288073,-3.380802148815674,-4.030389420995118,0.01776740960395352,197,36
CAC40,0.05,M,12,Crisis_next_12M,SahmIndicator,0.11509995159512942,0.003254804162858191,-2.9425888074581166,-4.466714783790172,0.011484984599209953,197,36
CAC40,0.05,M,12,Crisis_next_12M,VIX,0.0504912242202219,0.008314367498123377,-2.639029787574942,-0.09856675215776886,0.9061352041153193,197,36
CAC40,0.05,M,12,Crisis_next_12M,M2_Growth,1.9068162159352475e-05,0.9523559016262683,0.059748552311770765,0.008071740941597898,1.0081044052693615,197,36
CAC40,0.05,M,12,Crisis_next_12M,BuffettDeviation,0.0210671177030336,0.05678438922787334,1.9049667819535194,2.0853320152415527,8.047262852124987,197,36
CAC40,0.05,M,12,Crisis_next_12M,Systemic_Corr,7.575004118998141e-05,0.9059212873876652,-0.118184731848546,-0.22089398778467034,0.8018016765567813,197,36
CAC40,0.05,M,12,Crisis_next_12M,Shiller_CAPE,0.01018732509382092,0.17234994445868435,1.364691779439426,0.049845266984847536,1.051108442613817,197,36
CAC40,0.05,M,12,Crisis_next_12M,YC_10Y3M,0.00048527951363519506,0.7633604252944591,0.30107090690104826,0.06003723451097108,1.0618760842459805,197,36
CAC40,0.05,M,12,Crisis_next_12M,CFNAI,0.2585739871226641,6.91662723968658e-09,5.792936479932019,1.6711739876434066,5.318407878707365,197,36
CAC40,0.05,M,12,Crisis_next_12M,CISS,0.07714395388693807,0.004482985109218059,-2.842011666245648,-7.506798848317786,0.0005493367874671457,197,36
CAC40,0.05,M,12,Crisis_next_12M,Downside_Beta,0.03572276964204413,0.014056126807919605,-2.455825819188593,-2.263632271478689,0.10397214300115094,197,36
CAC40,0.05,M,12,Crisis_next_12M,NFCI,0.08674332917509564,0.0011198932853754477,-3.258534322883462,-4.0955006560942175,0.0166474095691158,197,36
CAC40,0.05,M,12,Crisis_next_12M,EPU,0.014576929690500617,0.13142781911108495,-1.5084952592068195,-0.00399153393206752,0.9960164216509847,197,36
CAC40,0.05,M,12,Crisis_next_12M,RSkew,0.005458473455279944,0.31632976007633795,-1.0020286412552954,-0.26936061466055083,0.7638677440671945,197,36
CAC40,0.05,M,12,Crisis_next_12M,RSV_Ratio,0.0038925018227568,0.39286105545961636,-0.8544403345561438,-1.4618776668041145,0.23180062151976888,197,36
CAC40,0.05,M,12,Crisis_next_12M,HillTail,0.04816322285850039,0.00465936148317136,-2.8296866392408617,-7.658309741186866,0.0004721047159367557,197,36
CAC40,0.05,M,18,Crisis_next_18M,HY_Spread,0.0013637370408309257,0.6902016645253164,-0.3985814060358175,-0.03416771062456575,0.9664094139193241,191,20
CAC40,0.05,M,18,Crisis_next_18M,Yield_Curve,0.08721139202174422,0.002087654693843882,3.0774705449476376,0.9431356595024368,2.568021246884581,191,20
CAC40,0.05,M,18,Crisis_next_18M,Neely,0.03817166044341658,0.049102132058661103,-1.967703767833612,-1.2703913357797803,0.2807217438176752,191,20
CAC40,0.05,M,18,Crisis_next_18M,PatroCorr,0.016534630561219843,0.13995133634486978,-1.4759722708983702,-2.1601262349138,0.11531056390017817,191,20
CAC40,0.05,M,18,Crisis_next_18M,SahmIndicator,0.03297700405309778,0.09926634427630582,-1.6484208310580144,-1.5804441932555575,0.2058836257726708,191,20
CAC40,0.05,M,18,Crisis_next_18M,VIX,0.012085133175724572,0.24944861113587435,-1.1516896882392669,-0.04409605480636408,0.9568620418605012,191,20
CAC40,0.05,M,18,Crisis_next_18M,M2_Growth,0.09954943760389245,0.0005217180080770266,-3.4693506686472677,-0.6027285330313549,0.5473162264819764,191,20
CAC40,0.05,M,18,Crisis_next_18M,BuffettDeviation,0.019699171350678224,0.11035116661507076,-1.5966167332860848,-1.9286980602363428,0.1453372957647768,191,20
CAC40,0.05,M,18,Crisis_next_18M,Systemic_Corr,0.002672609455488306,0.5546962699323638,-0.5907375711887126,-1.416253292088057,0.24262134740635946,191,20
CAC40,0.05,M,18,Crisis_next_18M,Shiller_CAPE,0.023605543524284345,0.08504195979844224,-1.722152152374668,-0.07878539652623488,0.9242382479024607,191,20
CAC40,0.05,M,18,Crisis_next_18M,YC_10Y3M,0.08721139202174422,0.002087654693843882,3.0774705449476376,0.9431356595024368,2.568021246884581,191,20
CAC40,0.05,M,18,Crisis_next_18M,CFNAI,0.12743076842395074,0.0002657692785295711,3.646564994363082,1.0986393064863809,3.000081054549767,191,20
CAC40,0.05,M,18,Crisis_next_18M,CISS,0.0022236010664731243,0.6057495186798703,-0.5161501861351201,-0.8692418463514776,0.41926929932972706,191,20
CAC40,0.05,M,18,Crisis_next_18M,Downside_Beta,0.0013039532544819599,0.6852224560218851,-0.40534700980966326,-0.4218897416458578,0.6558063435353748,191,20
CAC40,0.05,M,18,Crisis_next_18M,NFCI,0.021910916367861244,0.18707652758596927,-1.3192769897241319,-1.5512355672406197,0.2119858891283707,191,20
CAC40,0.05,M,18,Crisis_next_18M,EPU,0.006210052351375506,0.4023649047004809,-0.8374050916577889,-0.002951235281809766,0.9970531153320871,191,20
CAC40,0.05,M,18,Crisis_next_18M,RSkew,0.0010508242638745946,0.7125699004167413,0.36840683674939306,0.12177694879052914,1.1295021368630964,191,20
CAC40,0.05,M,18,Crisis_next_18M,RSV_Ratio,0.007907401752371368,0.31355489194917463,-1.0077908239830138,-2.2058838356067767,0.11015312501381827,191,20
CAC40,0.05,M,18,Crisis_next_18M,HillTail,0.00946789397595782,0.2807333941775012,-1.078673295681253,-3.393995789825331,0.03357425285536071,191,20
CAC40,0.05,M,24,Crisis_next_24M,HY_Spread,0.006084568323523554,0.4168481232580903,0.8119015530074343,0.05809965893498323,1.0598206110408142,185,13
CAC40,0.05,M,24,Crisis_next_24M,Yield_Curve,0.195872709689222,0.0003226438734727039,3.5964061817176187,1.712164974100005,5.5409445028120885,185,13
CAC40,0.05,M,24,Crisis_next_24M,Neely,0.030207985790919434,0.13205959754176416,-1.506029513079851,-1.1818921719249191,0.30669786412931876,185,13
CAC40,0.05,M,24,Crisis_next_24M,PatroCorr,0.021973400394662557,0.14569921557106197,-1.4548918098374117,-2.5499029450960142,0.078089244577513,185,13
CAC40,0.05,M,24,Crisis_next_24M,SahmIndicator,0.09271746603851005,0.0018738926724689105,3.1095236734812204,1.4755775983468569,4.373561205238807,185,13
CAC40,0.05,M,24,Crisis_next_24M,VIX,0.002734771471224917,0.6017732270170859,0.5218522210232243,0.017658991203944582,1.0178158330518567,185,13
CAC40,0.05,M,24,Crisis_next_24M,M2_Growth,0.07899799428828713,0.007704931939181576,-2.664733657720607,-0.5505941827326687,0.5766070985923385,185,13
CAC40,0.05,M,24,Crisis_next_24M,BuffettDeviation,0.02156285279250225,0.1529290807234927,-1.4292615226581793,-2.0902696521400985,0.12365378781296144,185,13
CAC40,0.05,M,24,Crisis_next_24M,Systemic_Corr,0.003897270941671027,0.5390015775842609,-0.6143234983509732,-1.7730123777417537,0.16982065358225548,185,13
CAC40,0.05,M,24,Crisis_next_24M,Shiller_CAPE,0.02402776253115335,0.13695709339103387,-1.4872185685621522,-0.08273556431121083,0.9205945530908489,185,13
CAC40,0.05,M,24,Crisis_next_24M,YC_10Y3M,0.195872709689222,0.0003226438734727039,3.5964061817176187,1.712164974100005,5.5409445028120885,185,13
CAC40,0.05,M,24,Crisis_next_24M,CFNAI,0.00838968472681445,0.40367248726169436,0.8350803186328108,0.23565185641842085,1.265733576431397,185,13
CAC40,0.05,M,24,Crisis_next_24M,CISS,0.00902883181309766,0.3346502306909973,0.9647895507921068,1.5212545833260571,4.577965032434178,185,13
CAC40,0.05,M,24,Crisis_next_24M,Downside_Beta,0.005712651228722665,0.47283195138389633,-0.7178789122439105,-0.9390285361907856,0.39100750054908096,185,13
CAC40,0.05,M,24,Crisis_next_24M,NFCI,0.004024057240213708,0.5072962556473686,0.6630535541441781,0.31327511509239026,1.3678978085974054,185,13
CAC40,0.05,M,24,Crisis_next_24M,EPU,0.014538287652031467,0.2894660141643819,-1.0592937638145845,-0.005091590887924651,0.9949213492896151,185,13
CAC40,0.05,M,24,Crisis_next_24M,RSkew,0.007063781869837027,0.41871377625820105,-0.8086547268201653,-0.33698205332592823,0.7139216523069565,185,13
CAC40,0.05,M,24,Crisis_next_24M,RSV_Ratio,0.006546344141407423,0.4368777953841664,0.7774763278819451,2.1644355256474497,8.709684135687741,185,13
CAC40,0.05,M,24,Crisis_next_24M,HillTail,0.019887186307822824,0.1847492069203066,-1.3262732412102158,-5.299943776519004,0.004991874559584945,185,13
CAC40,0.08,D,5,Crisis_next_5D,HY_Spread,0.033321639591655905,3.715357114526495e-06,4.626701319444584,0.13471114473223214,1.1442062266159705,4401,40
CAC40,0.08,D,5,Crisis_next_5D,Yield_Curve,0.00021320166725768974,0.7572557538156801,0.30908646629754183,0.05452431879012753,1.056038157671778,4401,40
CAC40,0.08,D,5,Crisis_next_5D,Neely,0.03937120135349825,4.958444222881188e-05,4.057577138598521,1.3756742577066745,3.957744363118912,4401,40
CAC40,0.08,D,5,Crisis_next_5D,PatroCorr,0.006334129539919298,0.10286901964089586,1.6311009530050269,1.8992166366804484,6.680659008705836,4401,40
CAC40,0.08,D,5,Crisis_next_5D,SahmIndicator,0.0006817967122139112,0.588765808808549,-0.5406253972653658,-0.2173634107972471,0.8046375022091973,4401,40
CAC40,0.08,D,5,Crisis_next_5D,VIX,0.10580897876277828,6.922645751715192e-16,8.071875480436207,0.08534643945215033,1.089094306584149,4401,40
CAC40,0.08,D,5,Crisis_next_5D,M2_Growth,0.014429222987084267,0.012019522252843697,2.5115706545020693,0.33359302084885306,1.3959748952718425,4401,40
CAC40,0.08,D,5,Crisis_next_5D,BuffettDeviation,0.012438320375895207,0.015494667256450576,-2.420605855844229,-1.9446674216465019,0.1430347857020699,4401,40
CAC40,0.08,D,5,Crisis_next_5D,Systemic_Corr,0.01757910500088733,0.006915477508019199,2.7008872636304706,4.822667839222341,124.29625125624554,4401,40
CAC40,0.08,D,5,Crisis_next_5D,Shiller_CAPE,0.03525632506107779,6.161359373954734e-05,-4.00654422250705,-0.1218106913336746,0.8853159506216417,4401,40
CAC40,0.08,D,5,Crisis_next_5D,YC_10Y3M,0.00021320166725768974,0.7572557538156801,0.30908646629754183,0.05452431879012753,1.056038157671778,4401,40
CAC40,0.08,D,5,Crisis_next_5D,CFNAI,0.028621798110852303,7.917670367258671e-06,-4.467398103520031,-0.31035469421462153,0.7331868529634725,4401,40
CAC40,0.08,D,5,Crisis_next_5D,CISS,0.04132044305213778,1.7429496470324999e-06,4.781150324388575,3.5165603991211545,33.66842313440072,4401,40
CAC40,0.08,D,5,Crisis_next_5D,Downside_Beta,0.022234984915731726,0.002197374329458221,-3.0621716133183434,-2.452655483066371,0.0860647393260598,4401,40
CAC40,0.08,D,5,Crisis_next_5D,NFCI,0.06086100987657106,5.824894817595156e-11,6.548163451590117,1.0407280398983225,2.83127754720307,4401,40
CAC40,0.08,D,5,Crisis_next_5D,EPU,0.02515923351911631,9.710856482547279e-05,3.8977051094600266,0.0036247133531990034,1.0036312905710876,4401,40
CAC40,0.08,D,5,Crisis_next_5D,RSkew,0.006803266210583914,0.07669476081586768,-1.7701944065468531,-0.39957070472035733,0.6706078730442199,4401,40
CAC40,0.08,D,5,Crisis_next_5D,RSV_Ratio,0.04287700054074539,6.550034237105069e-06,4.507809506085567,6.344439599004055,569.3182537853021,4401,40
CAC40,0.08,D,5,Crisis_next_5D,HillTail,0.006323013754697682,0.0799929020050541,1.7507272569314865,2.917349906875693,18.49221637152956,4401,40
CAC40,0.08,D,10,Crisis_next_10D,HY_Spread,0.033590648142078905,1.2738771492510194e-11,6.771575202334666,0.1296079414675182,1.1383819834530642,4396,108
CAC40,0.08,D,10,Crisis_next_10D,Yield_Curve,0.006862542669252236,0.009267793396335955,2.6020144990250484,0.29051657183546636,1.3371180271671095,4396,108
CAC40,0.08,D,10,Crisis_next_10D,Neely,0.025458676000239433,4.540038616282591e-07,5.04479668673716,0.9980667386234788,2.713031755706203,4396,108
CAC40,0.08,D,10,Crisis_next_10D,PatroCorr,0.003761931975080679,0.05695587874548079,1.9036492601556827,1.3024635130587636,3.678347171316211,4396,108
CAC40,0.08,D,10,Crisis_next_10D,SahmIndicator,0.0023502989090353754,0.14355349094897024,-1.4626853708995065,-0.38510757710481075,0.6803774392324079,4396,108
CAC40,0.08,D,10,Crisis_next_10D,VIX,0.0538809372850132,1.2235919713337894e-16,8.280791561560983,0.06609115983486759,1.06832410097581,4396,108
CAC40,0.08,D,10,Crisis_next_10D,M2_Growth,0.0049444960352246214,0.02805528155545869,2.196512498714374,0.17384452096712003,1.1898705515152108,4396,108
CAC40,0.08,D,10,Crisis_next_10D,BuffettDeviation,0.007784388378926033,0.00431227663541512,-2.854366390013283,-1.4249910981058418,0.2405106041987552,4396,108
CAC40,0.08,D,10,Crisis_next_10D,Systemic_Corr,0.019460830119408357,2.1357308826615386e-05,4.250206956952495,4.629522326455428,102.46510754767962,4396,108
CAC40,0.08,D,10,Crisis_next_10D,Shiller_CAPE,0.026342544696295267,2.2428499315491042e-07,-5.177993542059563,-0.09674642278817254,0.9077861708359136,4396,108
CAC40,0.08,D,10,Crisis_next_10D,YC_10Y3M,0.006862542669252236,0.009267793396335955,2.6020144990250484,0.29051657183546636,1.3371180271671095,4396,108
CAC40,0.08,D,10,Crisis_next_10D,CFNAI,0.005494209556988872,0.009220179872707755,-2.603780450786037,-0.16156818376587417,0.8508085181588072,4396,108
CAC40,0.08,D,10,Crisis_next_10D,CISS,0.03815530129744282,1.186060041630915e-11,6.7818994635972025,3.1987344453659143,24.501502577547637,4396,108
CAC40,0.08,D,10,Crisis_next_10D,Downside_Beta,0.021342103216535846,6.916155394576349e-06,-4.496252639510691,-2.1830985471388717,0.11269180822461258,4396,108
CAC40,0.08,D,10,Crisis_next_10D,NFCI,0.04898258472344541,3.2855357719164015e-17,8.435939197199692,0.9480320904249323,2.5806262200338916,4396,108
CAC40,0.08,D,10,Crisis_next_10D,EPU,0.0019527336613709423,0.1409401990475548,1.4722988302749869,0.0011611007174749967,1.0011617750558794,4396,108
CAC40,0.08,D,10,Crisis_next_10D,RSkew,0.00028175925884366126,0.5946524415771304,0.5321062027965748,0.07321564987881128,1.0759625430897755,4396,108
CAC40,0.08,D,10,Crisis_next_10D,RSV_Ratio,0.012330994593020672,0.00040320176576514433,3.537979234941738,3.1644744959537925,23.67629877229605,4396,108
CAC40,0.08,D,10,Crisis_next_10D,HillTail,0.006532337254473108,0.008283423773395948,2.640293574608257,2.731310487033341,15.352993741451831,4396,108
CAC40,0.08,D,15,Crisis_next_15D,HY_Spread,0.02767087883373609,5.677358893089652e-12,6.88751951024861,0.11905965110642684,1.12643710950422,4391,151
CAC40,0.08,D,15,Crisis_next_15D,Yield_Curve,0.009428507694435706,0.0005345992760657141,3.4627931145570616,0.3305310099644462,1.39170694254168,4391,151
CAC40,0.08,D,15,Crisis_next_15D,Neely,0.0061828009675329865,0.003967943090418277,2.88069905443838,0.47975649244804475,1.6156809237808645,4391,151
CAC40,0.08,D,15,Crisis_next_15D,PatroCorr,0.0008393103804238411,0.29752260450029444,1.0417607741691102,0.5809061611458055,1.7876576028855777,4391,151
CAC40,0.08,D,15,Crisis_next_15D,SahmIndicator,0.0005072342284478948,0.42435040294497206,-0.7988965442162327,-0.16307616822538737,0.849526479025895,4391,151
CAC40,0.08,D,15,Crisis_next_15D,VIX,0.02357888541733355,7.128104886553568e-10,6.163218482129863,0.04708759926913647,1.0482138278231856,4391,151
CAC40,0.08,D,15,Crisis_next_15D,M2_Growth,0.00012143185928925604,0.690454193022459,0.3982387658905145,0.025481458302921492,1.0258088858564878,4391,151
CAC40,0.08,D,15,Crisis_next_15D,BuffettDeviation,0.009275629164609223,0.0003933400869550899,-3.544512343277875,-1.5036212325124851,0.22232361518278415,4391,151
CAC40,0.08,D,15,Crisis_next_15D,Systemic_Corr,0.007263097576891364,0.0025546458406117086,3.016792540526225,2.636500903124099,13.964255737380368,4391,151
CAC40,0.08,D,15,Crisis_next_15D,Shiller_CAPE,0.02689544651986886,2.691186450462031e-09,-5.94940520709861,-0.09478411931417921,0.9095692717129383,4391,151
CAC40,0.08,D,15,Crisis_next_15D,YC_10Y3M,0.009428507694435706,0.0005345992760657141,3.4627931145570616,0.3305310099644462,1.39170694254168,4391,151
CAC40,0.08,D,15,Crisis_next_15D,CFNAI,0.0016558499893546408,0.12041767142771333,-1.553022868148661,-0.09388716928357839,0.9103854758914952,4391,151
CAC40,0.08,D,15,Crisis_next_15D,CISS,0.02336574180503448,2.251572840464484e-09,5.978532075194659,2.542502152059595,12.711437161014242,4391,151
CAC40,0.08,D,15,Crisis_next_15D,Downside_Beta,0.02293457405028443,1.1417367189581848e-07,-5.302585964831282,-2.1897572813133226,0.11194391620047715,4391,151
CAC40,0.08,D,15,Crisis_next_15D,NFCI,0.03608273330908596,6.493014993621877e-16,8.079692763702617,0.8477915299753832,2.334485513413819,4391,151
CAC40,0.08,D,15,Crisis_next_15D,EPU,0.0025026653385916697,0.05709585793898582,1.9025762704813867,0.0012666263087811023,1.0012674288186751,4391,151
CAC40,0.08,D,15,Crisis_next_15D,RSkew,0.0003740320194142166,0.4822228115610202,-0.7027319517079573,-0.0832287565584965,0.9201406349380289,4391,151
CAC40,0.08,D,15,Crisis_next_15D,RSV_Ratio,0.007524026025523267,0.0016694981736401651,3.143483517900806,2.3960059668972167,10.979237254851785,4391,151
CAC40,0.08,D,15,Crisis_next_15D,HillTail,0.0004834196894986098,0.41976875841836137,0.8068224926338013,0.7517946962024803,2.1208027999027954,4391,151
CAC40,0.08,W,4,Crisis_next_4W,HY_Spread,0.03003949837707176,0.06976073251267037,1.8134611040658857,0.1154328043155827,1.1223590943268458,210,11
CAC40,0.08,W,4,Crisis_next_4W,Yield_Curve,0.002638896054351303,0.6357690644738112,0.4736225886506851,0.16636833996787015,1.1810080340782005,210,11
CAC40,0.08,W,4,Crisis_next_4W,Neely,5.325038177517172e-06,0.9829092792993708,-0.02142168011825288,-0.013791506040854842,0.9863031610781556,210,11
CAC40,0.08,W,4,Crisis_next_4W,PatroCorr,0.0023467692252201466,0.6526609402074781,-0.45006865108322813,-0.8713952811548445,0.41836740166600567,210,11
CAC40,0.08,W,4,Crisis_next_4W,SahmIndicator,0.00047152574812203696,0.8375239787960385,0.20506162409757953,0.1409274431488941,1.151341107268763,210,11
CAC40,0.08,W,4,Crisis_next_4W,VIX,0.07038160126558302,0.008652025955138507,2.625506096311928,0.08021652111058054,1.0835216475887643,210,11
CAC40,0.08,W,4,Crisis_next_4W,M2_Growth,0.10206746964631308,0.005858282482052777,2.7556098741491684,0.8322797109836676,2.2985528079994433,210,11
CAC40,0.08,W,4,Crisis_next_4W,BuffettDeviation,0.007240845704737153,0.4438549569207926,0.7656997818207217,1.4001333777318627,4.055740876290338,210,11
CAC40,0.08,W,4,Crisis_next_4W,Systemic_Corr,0.009393859298365892,0.36039948981502945,-0.9146041299351855,-2.5717470389799333,0.07640195157351652,210,11
CAC40,0.08,W,4,Crisis_next_4W,Shiller_CAPE,0.004139859291918291,0.548050795495961,-0.6006835231150628,-0.03613071089195106,0.9645142127301932,210,11
CAC40,0.08,W,4,Crisis_next_4W,YC_10Y3M,0.002638896054351303,0.6357690644738112,0.4736225886506851,0.16636833996787015,1.1810080340782005,210,11
CAC40,0.08,W,4,Crisis_next_4W,CFNAI,0.025810570521421106,0.10035383816662673,-1.6431406396525052,-0.29188314944640825,0.7468558013885973,210,11
CAC40,0.08,W,4,Crisis_next_4W,CISS,0.015296400458190806,0.2205699576388589,1.2250139682697907,2.034440116528486,7.647968955143752,210,11
CAC40,0.08,W,4,Crisis_next_4W,Downside_Beta,0.006597303305022617,0.45924439276992923,-0.7400916371275125,-1.0864773814394397,0.3374029446480114,210,11
CAC40,0.08,W,4,Crisis_next_4W,NFCI,0.07311579293061288,0.005131887314596975,2.7986365020731068,1.0856654325707755,2.961409781752215,210,11
CAC40,0.08,W,4,Crisis_next_4W,EPU,0.036037535948799215,0.0539958056973484,1.9268702194749603,0.003292998171627221,1.003298426046465,210,11
CAC40,0.08,W,4,Crisis_next_4W,RSkew,0.004016295509514989,0.549867367030505,0.5979588854396088,0.24948798304717534,1.283368142188742,210,11
CAC40,0.08,W,4,Crisis_next_4W,RSV_Ratio,0.001190307704702298,0.7487649157285384,-0.3202683472003964,-0.9015747653684293,0.4059299117792611,210,11
CAC40,0.08,W,4,Crisis_next_4W,HillTail,0.030026144241701025,0.10096119564220646,1.6402115163040663,5.399664956562018,221.33224786281252,210,11
CAC40,0.08,W,8,Crisis_next_8W,HY_Spread,0.0027809671967804483,0.5725630666036035,0.5642807697801134,0.041934964373402196,1.0428266556603447,206,14
CAC40,0.08,W,8,Crisis_next_8W,Yield_Curve,0.0005027967854633886,0.8202230115513554,-0.22725815210354874,-0.06878778078189735,0.9335247709550846,206,14
CAC40,0.08,W,8,Crisis_next_8W,Neely,0.00017474864584199334,0.8939565859165594,-0.13329942046024118,-0.07696048605392941,0.9259264398910676,206,14
CAC40,0.08,W,8,Crisis_next_8W,PatroCorr,0.003265127038265536,0.5707356880600976,0.566968345525537,1.0866262189781353,2.964256431309264,206,14
CAC40,0.08,W,8,Crisis_next_8W,SahmIndicator,0.023549545121851367,0.1988696632594824,-1.2847785980128583,-1.3897857212105145,0.24912868190503992,206,14
CAC40,0.08,W,8,Crisis_next_8W,VIX,0.0004221696808223152,0.8333142374276727,0.21045286327044319,0.007390549950393823,1.0074179274680908,206,14
CAC40,0.08,W,8,Crisis_next_8W,M2_Growth,0.0007932712781871798,0.7771503708369396,0.28303452583564864,0.06122721053160407,1.0631404434524865,206,14
CAC40,0.08,W,8,Crisis_next_8W,BuffettDeviation,0.009542754035093748,0.339968894351815,0.9542267155555101,1.5660105336602104,4.78751043270849,206,14
CAC40,0.08,W,8,Crisis_next_8W,Systemic_Corr,0.0012171201225595896,0.7260476656882209,0.35038782039644406,1.0010955091571243,2.7212613628493827,206,14
CAC40,0.08,W,8,Crisis_next_8W,Shiller_CAPE,0.00010671217592239657,0.9170099367043547,-0.10420087865436703,-0.005657312692211925,0.9943586597666441,206,14
CAC40,0.08,W,8,Crisis_next_8W,YC_10Y3M,0.0005027967854633886,0.8202230115513554,-0.22725815210354874,-0.06878778078189735,0.9335247709550846,206,14
CAC40,0.08,W,8,Crisis_next_8W,CFNAI,0.005118934164054845,0.4391525788983297,-0.7736250080328723,-0.14580951216249502,0.8643223303960286,206,14
CAC40,0.08,W,8,Crisis_next_8W,CISS,0.001268770401298358,0.7122383867257704,0.3688515386660985,0.6310779713534297,1.8796356809864077,206,14
CAC40,0.08,W,8,Crisis_next_8W,Downside_Beta,0.03639964053298439,0.06602727937487748,-1.8382384291535783,-2.6042522986004197,0.07395841533986881,206,14
CAC40,0.08,W,8,Crisis_next_8W,NFCI,0.00829023640005988,0.3099746464023694,1.0152752342006386,0.4570299814995984,1.5793762356075787,206,14
CAC40,0.08,W,8,Crisis_next_8W,EPU,0.018106753848270984,0.25186344649942105,-1.145834960780275,-0.004207640412716237,0.995801199303743,206,14
CAC40,0.08,W,8,Crisis_next_8W,RSkew,0.022755489191923606,0.1376409735552882,-1.4846333593797996,-0.6366536800735425,0.5290598687571276,206,14
CAC40,0.08,W,8,Crisis_next_8W,RSV_Ratio,0.013306842100658134,0.2487476736232952,1.1533965092353533,3.015345530526089,20.39613721114906,206,14
CAC40,0.08,W,8,Crisis_next_8W,HillTail,3.1840438045827035e-05,0.9568146241596119,-0.05415129563692134,-0.17510800810330027,0.8393663575048638,206,14
CAC40,0.08,W,12,Crisis_next_12W,HY_Spread,0.00843348177383263,0.31331760195504366,1.0082851249756848,0.06791069765703756,1.070269726616807,205,14
CAC40,0.08,W,12,Crisis_next_12W,Yield_Curve,0.02397312413640762,0.12854760600152645,1.5198542696343567,0.4983570319684567,1.6460146983741766,205,14
CAC40,0.08,W,12,Crisis_next_12W,Neely,0.017636512596265863,0.20804053469116912,-1.2589717532575222,-0.8410354567484609,0.43126373720803657,205,14
CAC40,0.08,W,12,Crisis_next_12W,PatroCorr,0.0011003454274427504,0.7381791332160548,-0.3342656171777501,-0.5982088809887901,0.5497955038981425,205,14
CAC40,0.08,W,12,Crisis_next_12W,SahmIndicator,0.016103913189495778,0.26781605167242173,-1.1081059730464542,-1.0634389334568048,0.3452664181450699,205,14
CAC40,0.08,W,12,Crisis_next_12W,VIX,0.00575396564757058,0.469352063306234,-0.7235336905807871,-0.0311724648716183,0.9693083870130541,205,14
CAC40,0.08,W,12,Crisis_next_12W,M2_Growth,0.00965577907646653,0.31302823118049594,-1.0088882495268874,-0.20209209947854453,0.8170196773907733,205,14
CAC40,0.08,W,12,Crisis_next_12W,BuffettDeviation,0.0002862824774086947,0.8632501474632297,-0.17223835250548306,-0.25424123693802403,0.7755046991002783,205,14
CAC40,0.08,W,12,Crisis_next_12W,Systemic_Corr,0.0077392759640850795,0.3841375563713092,0.8702980279430232,2.6006794434280858,13.472888991753713,205,14
CAC40,0.08,W,12,Crisis_next_12W,Shiller_CAPE,0.008140513518917314,0.3602198456079089,-0.9149462550310311,-0.049027074046456114,0.9521553506513379,205,14
CAC40,0.08,W,12,Crisis_next_12W,YC_10Y3M,0.02397312413640762,0.12854760600152645,1.5198542696343567,0.4983570319684567,1.6460146983741766,205,14
CAC40,0.08,W,12,Crisis_next_12W,CFNAI,0.015583681173120811,0.23340000754556045,1.1916461848098905,0.3564321192043867,1.4282245782074199,205,14
CAC40,0.08,W,12,Crisis_next_12W,CISS,0.0005174344422084198,0.814641003586573,0.2344430977632916,0.41073500417938713,1.5079257095971716,205,14
CAC40,0.08,W,12,Crisis_next_12W,Downside_Beta,0.026934542351579993,0.11143738370397324,-1.5917655935563657,-2.206098346498609,0.11012949850289602,205,14
CAC40,0.08,W,12,Crisis_next_12W,NFCI,0.00553972879080844,0.4119415079897851,0.8204817866741031,0.38578836144502576,1.47077336552403,205,14
CAC40,0.08,W,12,Crisis_next_12W,EPU,0.02013989108111991,0.23220124412556953,-1.1947077226467182,-0.00452758715434711,0.9954826469173301,205,14
CAC40,0.08,W,12,Crisis_next_12W,RSkew,0.008222499549007556,0.36802385901603596,-0.9001811440799747,-0.3727190945516107,0.688858709833076,205,14
CAC40,0.08,W,12,Crisis_next_12W,RSV_Ratio,0.0122542035726938,0.26852243010285737,1.1064716455273849,2.885554473776155,17.913497406907016,205,14
CAC40,0.08,W,12,Crisis_next_12W,HillTail,0.009771683990329239,0.332124041376917,-0.9698444325931745,-3.409948518646284,0.033042901425396475,205,14
CAC40,0.08,W,16,Crisis_next_16W,HY_Spread,0.0005981852418712741,0.7939638246927356,-0.261166871199235,-0.02275149575794146,0.9775053678237079,204,18
CAC40,0.08,W,16,Crisis_next_16W,Yield_Curve,0.02141620314093884,0.11572808604657833,1.5729599762092903,0.4550486434353074,1.5762500553867702,204,18
CAC40,0.08,W,16,Crisis_next_16W,Neely,0.007132661860502765,0.365208579667223,-0.9054848551340766,-0.4955614347656834,0.6092287690499442,204,18
CAC40,0.08,W,16,Crisis_next_16W,PatroCorr,0.00028266808323818005,0.8532918023816934,0.18491997629868165,0.306500922704091,1.3586627211203224,204,18
CAC40,0.08,W,16,Crisis_next_16W,SahmIndicator,0.0355836208827659,0.10137340003692732,-1.6382315521367223,-1.7993798101202405,0.1654014367156792,204,18
CAC40,0.08,W,16,Crisis_next_16W,VIX,0.00550065369768038,0.4376237068368072,-0.7762121948964199,-0.029309191786101477,0.9711161569036163,204,18
CAC40,0.08,W,16,Crisis_next_16W,M2_Growth,0.027658259633211002,0.06268972432359422,-1.861385729811693,-0.3283748159055489,0.7200930667822316,204,18
CAC40,0.08,W,16,Crisis_next_16W,BuffettDeviation,0.0008925795215158905,0.7432848999063437,0.32750640427734035,0.444910446474296,1.5603504546910527,204,18
CAC40,0.08,W,16,Crisis_next_16W,Systemic_Corr,0.01772422026542131,0.15621694213830276,1.4179103435672376,3.927411845995341,50.77539292532486,204,18
CAC40,0.08,W,16,Crisis_next_16W,Shiller_CAPE,0.0017361801999231652,0.6448911267208712,-0.4608710448768738,-0.022139511527260656,0.9781037687815204,204,18
CAC40,0.08,W,16,Crisis_next_16W,YC_10Y3M,0.02141620314093884,0.11572808604657833,1.5729599762092903,0.4550486434353074,1.5762500553867702,204,18
CAC40,0.08,W,16,Crisis_next_16W,CFNAI,0.04546299180269597,0.026355072436566433,2.220939307413874,0.6289990777807098,1.8757321773403168,204,18
CAC40,0.08,W,16,Crisis_next_16W,CISS,0.0025813604153600567,0.5902673044323745,-0.5384487117737735,-0.9913692606256904,0.3710682538605358,204,18
CAC40,0.08,W,16,Crisis_next_16W,Downside_Beta,0.020907951436979766,0.12374654747431779,-1.5392365917241613,-1.866201465635193,0.15471021916481145,204,18
CAC40,0.08,W,16,Crisis_next_16W,NFCI,0.010959390892854026,0.3474650090650221,-0.9395176998067424,-1.0024216719854568,0.3669896356781047,204,18
CAC40,0.08,W,16,Crisis_next_16W,EPU,0.01584375480890532,0.23424648095232192,-1.189491075147287,-0.003669256398639443,0.9963374670966968,204,18
CAC40,0.08,W,16,Crisis_next_16W,RSkew,0.010828420957910367,0.2606573044415158,-1.1248389063083963,-0.4170730623438668,0.6589727720899713,204,18
CAC40,0.08,W,16,Crisis_next_16W,RSV_Ratio,0.010375980118516037,0.2660183379327947,1.1122787026815337,2.5750264091779416,13.131663950360684,204,18
CAC40,0.08,W,16,Crisis_next_16W,HillTail,0.006771678716725127,0.3745293049851708,-0.8880212794461606,-2.7632843592057865,0.06308423644880327,204,18
CAC40,0.08,M,6,Crisis_next_6M,HY_Spread,0.017475230242925077,0.20725584020699594,-1.2611471374966465,-0.17064960550990496,0.8431169452523978,203,21
CAC40,0.08,M,6,Crisis_next_6M,Yield_Curve,0.00010123646735615832,0.9069854766155876,0.11684172726934133,0.029475213746794807,1.0299139074486314,203,21
CAC40,0.08,M,6,Crisis_next_6M,Neely,0.03875365946765563,0.04311367839722795,-2.022607034232565,-1.2986151672604092,0.2729094654297776,203,21
CAC40,0.08,M,6,Crisis_next_6M,PatroCorr,0.01823960375314626,0.11288508442591538,-1.5853577077195105,-2.3156941891752107,0.09869764537845808,203,21
CAC40,0.08,M,6,Crisis_next_6M,SahmIndicator,0.050157846426193364,0.052694147915750125,-1.9374189838249134,-2.3155712631665413,0.09870977863180046,203,21
CAC40,0.08,M,6,Crisis_next_6M,VIX,0.05210637774288973,0.02648748940184129,-2.2189887574308864,-0.11604493223271303,0.8904352131563934,203,21
CAC40,0.08,M,6,Crisis_next_6M,M2_Growth,0.00039364218815163277,0.8181738462816064,0.22989437640894875,0.039585160720301334,1.0403790945455473,203,21
CAC40,0.08,M,6,Crisis_next_6M,BuffettDeviation,0.025767974924327253,0.08022131543002653,1.7494033892752585,2.5612846394830338,12.952445855764754,203,21
CAC40,0.08,M,6,Crisis_next_6M,Systemic_Corr,0.011316865302087753,0.22918028153743197,1.2024731016303307,2.9667513798610514,19.428700496503357,203,21
CAC40,0.08,M,6,Crisis_next_6M,Shiller_CAPE,0.0028671592202796914,0.5362784812918164,0.6184504036550702,0.028070358153954873,1.0284680429887938,203,21
CAC40,0.08,M,6,Crisis_next_6M,YC_10Y3M,0.00010123646735615832,0.9069854766155876,0.11684172726934133,0.029475213746794807,1.0299139074486314,203,21
CAC40,0.08,M,6,Crisis_next_6M,CFNAI,0.11594543707920879,0.0002800876440417583,3.6330528296242095,1.0461380054207632,2.8466361684643373,203,21
CAC40,0.08,M,6,Crisis_next_6M,CISS,0.05489212809985056,0.040334324032573164,-2.0503086191657163,-6.805606224309867,0.0011075485447105335,203,21
CAC40,0.08,M,6,Crisis_next_6M,Downside_Beta,0.025533301588803403,0.07490732594549523,-1.7810313711941779,-2.038854493830942,0.13017774491229772,203,21
CAC40,0.08,M,6,Crisis_next_6M,NFCI,0.02357409381217357,0.15947848946085574,-1.4068276904534163,-1.7340745394854233,0.17656352727114896,203,21
CAC40,0.08,M,6,Crisis_next_6M,EPU,0.08498989453020445,0.008037419248302912,-2.650493842024586,-0.013701274377370738,0.9863921608683186,203,21
CAC40,0.08,M,6,Crisis_next_6M,RSkew,0.0077327915725176055,0.31209345958880763,-1.0108390710723114,-0.3441069346595658,0.7088531230290976,203,21
CAC40,0.08,M,6,Crisis_next_6M,RSV_Ratio,0.00036796585520448843,0.8248866972725737,-0.22126423356416108,-0.47572004089823117,0.6214374349626003,203,21
CAC40,0.08,M,6,Crisis_next_6M,HillTail,0.030511867745839694,0.053889568137196656,-1.9277231731759963,-6.037971491788165,0.0023863948286185054,203,21
CAC40,0.08,M,12,Crisis_next_12M,HY_Spread,0.01758621046012787,0.19328487652606985,-1.3009228130006758,-0.165482558213822,0.8474846447219766,197,23
CAC40,0.08,M,12,Crisis_next_12M,Yield_Curve,0.011357500039518853,0.21080249456896183,1.2513618357369813,0.3103277068577775,1.3638719911104709,197,23
CAC40,0.08,M,12,Crisis_next_12M,Neely,0.07426221466993965,0.009690132562844662,-2.5866949915847894,-1.9554568272151085,0.14149982095786195,197,23
CAC40,0.08,M,12,Crisis_next_12M,PatroCorr,0.04346563482789001,0.012691530421904606,-2.492309744530963,-3.4890603488645926,0.030529545819887583,197,23
CAC40,0.08,M,12,Crisis_next_12M,SahmIndicator,0.09348448413754384,0.021255492165893893,-2.303415220911751,-4.3160002628533425,0.013353186107759226,197,23
CAC40,0.08,M,12,Crisis_next_12M,VIX,0.035225242652468514,0.051545931022945274,-1.946906618524238,-0.08485159804628724,0.9186486035337343,197,23
CAC40,0.08,M,12,Crisis_next_12M,M2_Growth,0.012564129453251804,0.1787364841515373,-1.3446555846245813,-0.21263317176742524,0.808452646084535,197,23
CAC40,0.08,M,12,Crisis_next_12M,BuffettDeviation,2.829821220762252e-05,0.9489309907311327,0.06404927602316045,0.0760998384498307,1.0790703014856884,197,23
CAC40,0.08,M,12,Crisis_next_12M,Systemic_Corr,4.916623177275703e-05,0.9334268671333392,-0.0835340963780581,-0.18786396607146721,0.828727434613746,197,23
CAC40,0.08,M,12,Crisis_next_12M,Shiller_CAPE,0.0018318791655865807,0.6095945872975064,-0.5106522425301309,-0.021692320713631853,0.9785412656166872,197,23
CAC40,0.08,M,12,Crisis_next_12M,YC_10Y3M,0.011357500039518853,0.21080249456896183,1.2513618357369813,0.3103277068577775,1.3638719911104709,197,23
CAC40,0.08,M,12,Crisis_next_12M,CFNAI,0.20371086439412023,3.0216019428155573e-06,4.669345939805676,1.4659344048515266,4.3315888075041595,197,23
CAC40,0.08,M,12,Crisis_next_12M,CISS,0.04109024605138056,0.05150132012931032,-1.947278789893045,-5.095121515456557,0.006126562117622657,197,23
CAC40,0.08,M,12,Crisis_next_12M,Downside_Beta,0.02733184873917649,0.059776969155496566,-1.8824350616337477,-2.064783034126625,0.12684580879431817,197,23
CAC40,0.08,M,12,Crisis_next_12M,NFCI,0.06217904366249871,0.015344780004748398,-2.4241378392463027,-3.5060447668361387,0.03001539786473432,197,23
CAC40,0.08,M,12,Crisis_next_12M,EPU,0.012939662275816444,0.21846325283812618,-1.2306247265870152,-0.004017574473431325,0.9959904851818591,197,23
CAC40,0.08,M,12,Crisis_next_12M,RSkew,0.00019043758742742778,0.8694699229083043,0.1643318333884798,0.05162836631526502,1.052984345337456,197,23
CAC40,0.08,M,12,Crisis_next_12M,RSV_Ratio,0.016526438804889243,0.12638229199848747,-1.5285247956583898,-3.1463957965413782,0.0430068533162103,197,23
CAC40,0.08,M,12,Crisis_next_12M,HillTail,0.032628645190178385,0.03980883469143997,-2.0557270331237842,-6.5078933120939615,0.001491618790647277,197,23
CAC40,0.08,M,18,Crisis_next_18M,HY_Spread,1.5084893138617161e-05,0.9700064918134054,0.037600145625039175,0.0033686499640137118,1.0033743302418021,191,13
CAC40,0.08,M,18,Crisis_next_18M,Yield_Curve,0.16815778316544983,0.0006403263082985031,3.413931678357574,1.504674474127311,4.502687650367402,191,13
CAC40,0.08,M,18,Crisis_next_18M,Neely,0.06395502385762464,0.0568243881763889,-1.904659181793793,-2.003983068706978,0.1347973056171572,191,13
CAC40,0.08,M,18,Crisis_next_18M,PatroCorr,2.6185709751214148e-05,0.9603057982404763,-0.04976984356263176,-0.09374938378718468,0.9105109224483602,191,13
CAC40,0.08,M,18,Crisis_next_18M,SahmIndicator,0.020686464565298546,0.23999944219429847,-1.1749881862992668,-1.225860531999932,0.2935050211570249,191,13
CAC40,0.08,M,18,Crisis_next_18M,VIX,0.008205955959601385,0.4097116820328297,-0.8244011141061931,-0.03750975551180684,0.9631850213121409,191,13
CAC40,0.08,M,18,Crisis_next_18M,M2_Growth,0.18509370271708703,0.00016640566934377214,-3.7652152459899333,-0.8902422805776983,0.41055627089108154,191,13
CAC40,0.08,M,18,Crisis_next_18M,BuffettDeviation,0.046242675129886335,0.03758856657249015,-2.0793132662320697,-3.0752554777593337,0.04617782946616113,191,13
CAC40,0.08,M,18,Crisis_next_18M,Systemic_Corr,0.004262338970046686,0.5190092294940791,-0.6448734020787784,-1.8563676605779076,0.15623911440853616,191,13
CAC40,0.08,M,18,Crisis_next_18M,Shiller_CAPE,0.04708203936053956,0.038326263694059,-2.0713482455406975,-0.11719676208762995,0.8894101737428377,191,13
CAC40,0.08,M,18,Crisis_next_18M,YC_10Y3M,0.16815778316544983,0.0006403263082985031,3.413931678357574,1.504674474127311,4.502687650367402,191,13
CAC40,0.08,M,18,Crisis_next_18M,CFNAI,0.17863308445725523,0.00032679294234011215,3.593079409933153,1.4257982957902722,4.1611783683729,191,13
CAC40,0.08,M,18,Crisis_next_18M,CISS,0.000959155663161626,0.767069678688441,-0.2962100442080201,-0.59047132003935,0.5540660807370278,191,13
CAC40,0.08,M,18,Crisis_next_18M,Downside_Beta,0.003386996809969234,0.5660396225789839,0.5738938683764039,0.6838620881309899,1.9815157618700345,191,13
CAC40,0.08,M,18,Crisis_next_18M,NFCI,0.019756025342191674,0.2789065564527302,-1.0827789378123067,-1.5727362579905644,0.20747669518287773,191,13
CAC40,0.08,M,18,Crisis_next_18M,EPU,0.001296779208282861,0.7337542134362529,-0.34013586554737146,-0.001324543707613947,0.9986763331132308,191,13
CAC40,0.08,M,18,Crisis_next_18M,RSkew,0.004093825799657558,0.5356809516278771,-0.6193573799524353,-0.25696670372002844,0.7733939644787148,191,13
CAC40,0.08,M,18,Crisis_next_18M,RSV_Ratio,0.0041228688592436225,0.5286089970205048,-0.6301308194893911,-1.6732207750461783,0.1876417395201237,191,13
CAC40,0.08,M,18,Crisis_next_18M,HillTail,0.004783485843588897,0.5066330272170008,-0.664089504431318,-2.5023827412186037,0.08188964414625802,191,13
CAC40,0.08,M,24,Crisis_next_24M,HY_Spread,0.0017412535058367595,0.7102479687425232,0.37152308001420886,0.034222348593215365,1.0348146707362427,185,9
CAC40,0.08,M,24,Crisis_next_24M,Yield_Curve,0.1292259366759273,0.006942419537771828,2.699593736720994,1.357141966525267,3.885073748511446,185,9
CAC40,0.08,M,24,Crisis_next_24M,Neely,0.011136974882055672,0.3962127230346725,-0.848404525820698,-0.6930882217221995,0.5000294802879262,185,9
CAC40,0.08,M,24,Crisis_next_24M,PatroCorr,0.026772631755686227,0.16126900500918007,-1.4008163269137512,-2.9075713168644186,0.05460819494836146,185,9
CAC40,0.08,M,24,Crisis_next_24M,SahmIndicator,0.05978968838599119,0.025939026829026098,2.227123413208603,1.2332991784522387,3.432535422869675,185,9
CAC40,0.08,M,24,Crisis_next_24M,VIX,0.003965030830138883,0.5794810131089652,0.5541429574554859,0.021699118777931507,1.0219362567782888,185,9
CAC40,0.08,M,24,Crisis_next_24M,M2_Growth,0.06214458965027925,0.03702802154590519,-2.085454970121054,-0.5033272219187519,0.6045159511571119,185,9
CAC40,0.08,M,24,Crisis_next_24M,BuffettDeviation,0.008520796217051041,0.4296908341496197,-0.7897208121028158,-1.3699996763095945,0.2541070418047984,185,9
CAC40,0.08,M,24,Crisis_next_24M,Systemic_Corr,0.0014566983325940974,0.7487778377781755,0.3202512995965615,1.1840163750868764,3.2674712741308256,185,9
CAC40,0.08,M,24,Crisis_next_24M,Shiller_CAPE,0.009884672657186733,0.4003991226650754,-0.8409086312570876,-0.05476832058858974,0.9467044544788927,185,9
CAC40,0.08,M,24,Crisis_next_24M,YC_10Y3M,0.1292259366759273,0.006942419537771828,2.699593736720994,1.357141966525267,3.885073748511446,185,9
CAC40,0.08,M,24,Crisis_next_24M,CFNAI,0.02138919972268083,0.2467342511585563,1.15831809139386,0.4212477178281638,1.523861719372941,185,9
CAC40,0.08,M,24,Crisis_next_24M,CISS,0.0055745931859019215,0.5085729095853739,0.6610614447865485,1.2561544638327544,3.5118903853769647,185,9
CAC40,0.08,M,24,Crisis_next_24M,Downside_Beta,0.014828706576110684,0.3185573982964235,-0.9974267791342964,-1.6243558321612184,0.19703856023568186,185,9
CAC40,0.08,M,24,Crisis_next_24M,NFCI,0.0024255443631450158,0.6544132291836748,0.4476397242934318,0.2576408662267573,1.2938740613004716,185,9
CAC40,0.08,M,24,Crisis_next_24M,EPU,0.007858727115933606,0.4871770593960145,-0.6948057258177364,-0.0037123019656535375,0.9962945801085421,185,9
CAC40,0.08,M,24,Crisis_next_24M,RSkew,0.000911024679154715,0.7985694114245117,-0.2551989895968146,-0.12437753871584828,0.8830463937405814,185,9
CAC40,0.08,M,24,Crisis_next_24M,RSV_Ratio,0.003189991616611265,0.6339895787270198,0.47611903213643725,1.5615055743685202,4.765991400675686,185,9
CAC40,0.08,M,24,Crisis_next_24M,HillTail,0.024170780945768078,0.20276259310679545,-1.273720205162941,-6.1274776680147856,0.0021820779501925437,185,9
CAC40,0.1,D,5,Crisis_next_5D,HY_Spread,0.0008657353883364527,0.6070545054071508,0.5142824851295886,0.03178597260306369,1.0322965419181196,4401,22
CAC40,0.1,D,5,Crisis_next_5D,Yield_Curve,0.0016594427955420876,0.4951135934804074,-0.68219826205737,-0.1582556105468346,0.8536315568503072,4401,22
CAC40,0.1,D,5,Crisis_next_5D,Neely,0.03696320070568848,0.002234821471759854,3.0571101345508813,1.4043213925191176,4.072761996526697,4401,22
CAC40,0.1,D,5,Crisis_next_5D,PatroCorr,0.015115572887795414,0.06158713786924739,1.8692564936891216,3.2793713433107707,26.559070912989828,4401,22
CAC40,0.1,D,5,Crisis_next_5D,SahmIndicator,0.019473265195205647,0.06905102848675566,-1.8180857444308363,-1.833199918768807,0.15990107778934243,4401,22
CAC40,0.1,D,5,Crisis_next_5D,VIX,0.09579338889309474,3.0834329836752914e-10,6.294524639823802,0.08237925878364034,1.085867556554026,4401,22
CAC40,0.1,D,5,Crisis_next_5D,M2_Growth,3.4532503155437766e-05,0.9225771148612699,-0.09718797819284,-0.015830625519318804,0.9842940202260225,4401,22
CAC40,0.1,D,5,Crisis_next_5D,BuffettDeviation,2.8490466053576746e-05,0.9250864566616491,-0.09402857633583754,-0.10841882377929599,0.8972517273650431,4401,22
CAC40,0.1,D,5,Crisis_next_5D,Systemic_Corr,0.014253813876050292,0.057301814219521185,1.9010015146775094,4.529387006693237,92.70171812897829,4401,22
CAC40,0.1,D,5,Crisis_next_5D,Shiller_CAPE,0.008978572309674582,0.11211283250976042,-1.5887677688517334,-0.06486528265682803,0.9371937111201318,4401,22
CAC40,0.1,D,5,Crisis_next_5D,YC_10Y3M,0.0016594427955420876,0.4951135934804074,-0.68219826205737,-0.1582556105468346,0.8536315568503072,4401,22
CAC40,0.1,D,5,Crisis_next_5D,CFNAI,0.022764927287707848,0.0017765253436293495,-3.125252436468732,-0.2938756757083791,0.7453691531750818,4401,22
CAC40,0.1,D,5,Crisis_next_5D,CISS,0.003055882651796682,0.3193019278834628,0.99589342995597,1.2229641702927125,3.3972428300239375,4401,22
CAC40,0.1,D,5,Crisis_next_5D,Downside_Beta,0.03785471659242012,0.002097659408055136,-3.0760453458985726,-3.4746812372155906,0.030971704876715453,4401,22
CAC40,0.1,D,5,Crisis_next_5D,NFCI,0.009387879983544067,0.05920611657938502,1.886659661483142,0.565751156615442,1.760769900059758,4401,22
CAC40,0.1,D,5,Crisis_next_5D,EPU,0.04911213776937873,1.090955221174082e-05,4.398313090975227,0.004746946944940337,1.004758231546325,4401,22
CAC40,0.1,D,5,Crisis_next_5D,RSkew,0.1091647033574158,1.1807626871504697e-09,-6.08283442490807,-1.4799047003631056,0.22765938320659715,4401,22
CAC40,0.1,D,5,Crisis_next_5D,RSV_Ratio,0.147544560495525,1.3990308058806061e-11,6.758006681541811,11.594859036843227,108538.37074279992,4401,22
CAC40,0.1,D,5,Crisis_next_5D,HillTail,6.996832123906671e-06,0.9436638030730512,0.07066572126786334,0.1722864134682266,1.1880180488600984,4401,22
CAC40,0.1,D,10,Crisis_next_10D,HY_Spread,0.05648876790886903,2.7312536374311168e-12,6.990901557503336,0.15988710128618902,1.1733783906024056,4396,57
CAC40,0.1,D,10,Crisis_next_10D,Yield_Curve,5.857742016834866e-05,0.8507487676601246,-0.18816313833843354,-0.027576688719783644,0.9728000769002816,4396,57
CAC40,0.1,D,10,Crisis_next_10D,Neely,0.015424401535416354,0.0021467094718104532,3.069146980982934,0.8220670765836899,2.27519798862604,4396,57
CAC40,0.1,D,10,Crisis_next_10D,PatroCorr,0.00018925241139344795,0.735427294560467,0.337914932151365,0.2988386749992649,1.34829209270396,4396,57
CAC40,0.1,D,10,Crisis_next_10D,SahmIndicator,0.000193221120046827,0.7281325834557297,0.3476106813221551,0.1029052907880576,1.1083864296995443,4396,57
CAC40,0.1,D,10,Crisis_next_10D,VIX,0.07876010216798957,1.4021315455638836e-15,7.985271680791049,0.07659261466845563,1.0796021727044662,4396,57
CAC40,0.1,D,10,Crisis_next_10D,M2_Growth,0.055043728009082415,3.332048492619131e-09,5.914342030171179,0.6373570407214995,1.891475175418094,4396,57
CAC40,0.1,D,10,Crisis_next_10D,BuffettDeviation,0.005418038582262974,0.06390767597445966,-1.8528233940515677,-1.2686796983935236,0.28120264909984966,4396,57
CAC40,0.1,D,10,Crisis_next_10D,Systemic_Corr,0.011211164499936754,0.011536522538949491,2.5260129598860392,3.660224205247901,38.87005676515855,4396,57
CAC40,0.1,D,10,Crisis_next_10D,Shiller_CAPE,0.031298534965156,1.248920265083212e-05,-4.368868344165244,-0.11146566767274131,0.8945221019016261,4396,57
CAC40,0.1,D,10,Crisis_next_10D,YC_10Y3M,5.857742016834866e-05,0.8507487676601246,-0.18816313833843354,-0.027576688719783644,0.9728000769002816,4396,57
CAC40,0.1,D,10,Crisis_next_10D,CFNAI,0.02621893756247573,1.2481416026817079e-06,-4.847838155566161,-0.29846459461333563,0.7419565506436379,4396,57
CAC40,0.1,D,10,Crisis_next_10D,CISS,0.035461784166978094,3.518317266184697e-07,5.093328275852875,3.2253075864912835,25.1613122454411,4396,57
CAC40,0.1,D,10,Crisis_next_10D,Downside_Beta,0.04746568091095538,4.10032067834758e-07,-5.064240350510529,-3.5976022589570587,0.027389316265119167,4396,57
CAC40,0.1,D,10,Crisis_next_10D,NFCI,0.08871913918009322,1.8627261131419756e-19,9.021063182991046,1.1677102359289155,3.2146234755894865,4396,57
CAC40,0.1,D,10,Crisis_next_10D,EPU,0.00885440395231496,0.010690636713328861,2.5526516221825015,0.0023547408848630857,1.0023575154645585,4396,57
CAC40,0.1,D,10,Crisis_next_10D,RSkew,0.0036749689955811737,0.13467435475568926,-1.4959205718106383,-0.28553026097065437,0.7516155962166987,4396,57
CAC40,0.1,D,10,Crisis_next_10D,RSV_Ratio,0.022526477719143068,0.0001930981592196905,3.7278788481174616,4.51371200211606,91.2599476730645,4396,57
CAC40,0.1,D,10,Crisis_next_10D,HillTail,0.0035766089915878485,0.13161033866391728,1.5077819680649498,2.163236338806138,8.699245857054333,4396,57
CAC40,0.1,D,15,Crisis_next_15D,HY_Spread,0.03407521328097207,2.0629064263031187e-10,6.356583266197403,0.13119890573043416,1.1401945499882504,4391,89
CAC40,0.1,D,15,Crisis_next_15D,Yield_Curve,0.003048733766999989,0.10637269992897416,1.6147137433879424,0.19534797982448798,1.2157339637830218,4391,89
CAC40,0.1,D,15,Crisis_next_15D,Neely,0.012717479623050032,0.0008183998024849276,3.3464955937005993,0.7179749737345092,2.0502771389290735,4391,89
CAC40,0.1,D,15,Crisis_next_15D,PatroCorr,0.0023452242284224267,0.16136351431465779,1.4005004313714846,1.0378979038067926,2.82327597454221,4391,89
CAC40,0.1,D,15,Crisis_next_15D,SahmIndicator,0.00030709840548481804,0.6118199961295072,-0.5074772484594758,-0.13253512305088483,0.8758721702631416,4391,89
CAC40,0.1,D,15,Crisis_next_15D,VIX,0.03768817833234894,6.638160132345503e-11,6.52861281966604,0.057623581259214365,1.0593161741926664,4391,89
CAC40,0.1,D,15,Crisis_next_15D,M2_Growth,0.0019320977193820754,0.20038442435901294,1.2804570967418898,0.109092669010987,1.1152656961219456,4391,89
CAC40,0.1,D,15,Crisis_next_15D,BuffettDeviation,0.007064575667020789,0.011823964159233959,-2.5173549567732554,-1.3817187350799611,0.2511465275502982,4391,89
CAC40,0.1,D,15,Crisis_next_15D,Systemic_Corr,0.01002445775359373,0.004167743447588998,2.86517841963647,3.303781034966473,27.21534680514031,4391,89
CAC40,0.1,D,15,Crisis_next_15D,Shiller_CAPE,0.02818179520885522,7.065943451171333e-07,-4.959542373748673,-0.10178734674577071,0.9032216042612851,4391,89
CAC40,0.1,D,15,Crisis_next_15D,YC_10Y3M,0.003048733766999989,0.10637269992897416,1.6147137433879424,0.19534797982448798,1.2157339637830218,4391,89
CAC40,0.1,D,15,Crisis_next_15D,CFNAI,0.003695626442467237,0.05077713300661726,-1.9533584753203372,-0.1386173834201253,0.8705610558370469,4391,89
CAC40,0.1,D,15,Crisis_next_15D,CISS,0.028895760839523277,4.686784476233765e-08,5.462801549773174,2.879619613539569,17.80749815993682,4391,89
CAC40,0.1,D,15,Crisis_next_15D,Downside_Beta,0.03997887342762185,2.1816526693946513e-08,-5.596942306460262,-3.125463115943315,0.04391659043993595,4391,89
CAC40,0.1,D,15,Crisis_next_15D,NFCI,0.04509821160080174,4.042938821904826e-14,7.559605429078995,0.9234706803601616,2.518014465291849,4391,89
CAC40,0.1,D,15,Crisis_next_15D,EPU,0.005271761580699086,0.021301861309739073,2.3025910835434535,0.0018359413159416817,1.0018376276880683,4391,89
CAC40,0.1,D,15,Crisis_next_15D,RSkew,0.006170031731372205,0.020224741116384032,-2.3221522120926283,-0.35620799415302207,0.7003269411766129,4391,89
CAC40,0.1,D,15,Crisis_next_15D,RSV_Ratio,0.023610339507923128,5.403637789878808e-06,4.548473765889208,4.45158399606789,85.76268422241151,4391,89
CAC40,0.1,D,15,Crisis_next_15D,HillTail,0.0032172872711441203,0.08755257661540117,1.708451617048062,1.9844413129546776,7.274981811774294,4391,89
CAC40,0.1,W,4,Crisis_next_4W,HY_Spread,0.039738709070121114,0.04995369135591169,1.9603603108146157,0.12904243825800032,1.1377384067772531,210,9
CAC40,0.1,W,4,Crisis_next_4W,Yield_Curve,0.0004833861770732195,0.8504518979094811,-0.1885418681996647,-0.07077134339269311,0.9316749013957418,210,9
CAC40,0.1,W,4,Crisis_next_4W,Neely,0.0006134791438954235,0.8321712690881509,-0.21191766475944657,-0.1530194072206368,0.8581130680601496,210,9
CAC40,0.1,W,4,Crisis_next_4W,PatroCorr,0.017916209392197846,0.24570081727571869,-1.1608551336597048,-2.4309150591912205,0.08795631051639904,210,9
CAC40,0.1,W,4,Crisis_next_4W,SahmIndicator,0.0035255123594013504,0.593847911800046,0.5332682368105628,0.37192629684079503,1.4505260689995259,210,9
CAC40,0.1,W,4,Crisis_next_4W,VIX,0.0887341484903702,0.006198109636450246,2.7371124815210224,0.08943479893680087,1.0935560299720273,210,9
CAC40,0.1,W,4,Crisis_next_4W,M2_Growth,0.1989363261562469,0.0007729157240751903,3.3623161622118287,1.236960916187117,3.4451275077401764,210,9
CAC40,0.1,W,4,Crisis_next_4W,BuffettDeviation,0.010758473958798365,0.39183282263586394,0.856298261524249,1.7739899005582633,5.8943242746549345,210,9
CAC40,0.1,W,4,Crisis_next_4W,Systemic_Corr,0.011313637493847284,0.3509927056197182,-0.9326654950828797,-2.8660106981121953,0.05692556748360748,210,9
CAC40,0.1,W,4,Crisis_next_4W,Shiller_CAPE,0.0029451440931519413,0.6382997619215923,-0.4700773414480483,-0.031139570597011182,0.9693402722337333,210,9
CAC40,0.1,W,4,Crisis_next_4W,YC_10Y3M,0.0004833861770732195,0.8504518979094811,-0.1885418681996647,-0.07077134339269311,0.9316749013957418,210,9
CAC40,0.1,W,4,Crisis_next_4W,CFNAI,0.04887231591471919,0.03853500474209112,-2.06911810952645,-0.3771456902389364,0.6858161498984762,210,9
CAC40,0.1,W,4,Crisis_next_4W,CISS,0.017586212835532744,0.22024214278096632,1.2258844991566982,2.1917657675227,8.951004561734182,210,9
CAC40,0.1,W,4,Crisis_next_4W,Downside_Beta,0.00448922501748128,0.5697656701599338,-0.5683966418652556,-0.9100100815158312,0.40252016599975454,210,9
CAC40,0.1,W,4,Crisis_next_4W,NFCI,0.09346886392604159,0.0031007631528045055,2.9575680328722918,1.1805093631512213,3.256032283435625,210,9
CAC40,0.1,W,4,Crisis_next_4W,EPU,0.054277649080089585,0.02711113985499159,2.2099138785072245,0.0039312735581438695,1.0039390111502462,210,9
CAC40,0.1,W,4,Crisis_next_4W,RSkew,0.0005465434165350391,0.8410062257889237,-0.2006065630971922,-0.09775563051038273,0.9068704881569244,210,9
CAC40,0.1,W,4,Crisis_next_4W,RSV_Ratio,1.6327914173053237e-05,0.9715610548084544,0.035650482323795245,0.11088794443384235,1.1172697035505437,210,9
CAC40,0.1,W,4,Crisis_next_4W,HillTail,0.0438270610123902,0.06596433572409946,1.8386659420469875,6.582371482906403,722.2501036862596,210,9
CAC40,0.1,W,8,Crisis_next_8W,HY_Spread,0.02337634409291034,0.13702296852393384,1.4869691140904797,0.10476102137848682,1.1104452059793914,206,9
CAC40,0.1,W,8,Crisis_next_8W,Yield_Curve,0.006409070736708267,0.49663410294034105,0.6797952686131811,0.2640541319781939,1.3021986849838507,206,9
CAC40,0.1,W,8,Crisis_next_8W,Neely,0.0009033793828743253,0.7978182495155144,-0.25617171332984495,-0.18501888572085937,0.83108858799683,206,9
CAC40,0.1,W,8,Crisis_next_8W,PatroCorr,0.007352117395362234,0.4773275817855468,0.7106073586841168,1.7546049809882263,5.781163621310343,206,9
CAC40,0.1,W,8,Crisis_next_8W,SahmIndicator,0.006263752511308951,0.5335881660121088,-0.6225379983324657,-0.628300049902965,0.5334979504769205,206,9
CAC40,0.1,W,8,Crisis_next_8W,VIX,1.7774186437113926e-06,0.9908428673373666,0.011477015780744377,0.0005141458207302387,1.0005142780163476,206,9
CAC40,0.1,W,8,Crisis_next_8W,M2_Growth,0.001053624613033044,0.7818773733509993,0.27687332810993226,0.07414438303424664,1.0769622893544404,206,9
CAC40,0.1,W,8,Crisis_next_8W,BuffettDeviation,0.0004897292027102873,0.8490799464866425,0.19029247948213568,0.35671878078424396,1.4286340540090858,206,9
CAC40,0.1,W,8,Crisis_next_8W,Systemic_Corr,0.015150210220906568,0.30672552317224644,1.0221170102780368,3.876860898597223,48.27244488551602,206,9
CAC40,0.1,W,8,Crisis_next_8W,Shiller_CAPE,0.004048437641628433,0.5826113806157751,-0.549574313897824,-0.03627393155606301,0.9643760842557627,206,9
CAC40,0.1,W,8,Crisis_next_8W,YC_10Y3M,0.006409070736708267,0.49663410294034105,0.6797952686131811,0.2640541319781939,1.3021986849838507,206,9
CAC40,0.1,W,8,Crisis_next_8W,CFNAI,0.0010852636911953262,0.7838941989502485,0.27424779695663926,0.08700455096700155,1.0909016443643662,206,9
CAC40,0.1,W,8,Crisis_next_8W,CISS,0.019405817455493857,0.19844554820146065,1.2859928752840266,2.27847127789159,9.7617460002293,206,9
CAC40,0.1,W,8,Crisis_next_8W,Downside_Beta,0.004671503407048361,0.5633027358270959,-0.5779428031447552,-0.9204954698618791,0.39832163581849017,206,9
CAC40,0.1,W,8,Crisis_next_8W,NFCI,0.02389132619177592,0.12579726243307976,1.5308872437314962,0.7008480554278557,2.0154612057326227,206,9
CAC40,0.1,W,8,Crisis_next_8W,EPU,0.03240061052027099,0.22311396027443586,-1.2182895486771703,-0.00710123162074209,0.9929239225474471,206,9
CAC40,0.1,W,8,Crisis_next_8W,RSkew,0.003989923257705419,0.5919197575791033,-0.5360561311462813,-0.2700884629239053,0.7633119665416319,206,9
CAC40,0.1,W,8,Crisis_next_8W,RSV_Ratio,0.00011852147883306685,0.9258626792810503,-0.09305146009791847,-0.2902661085243136,0.7480644747561227,206,9
CAC40,0.1,W,8,Crisis_next_8W,HillTail,0.0036962851786740414,0.5956049795913898,0.5307313191647575,2.012678622872097,7.483335558517376,206,9
CAC40,0.1,W,12,Crisis_next_12W,HY_Spread,0.02324079725295536,0.13857395472471085,1.4811224190814087,0.10443831631811136,1.1100869175060133,205,9
CAC40,0.1,W,12,Crisis_next_12W,Yield_Curve,0.01239572530574995,0.34792154730599323,0.9386284368893945,0.36996912601264903,1.4476899180131293,205,9
CAC40,0.1,W,12,Crisis_next_12W,Neely,0.013771151415873484,0.3420905881663411,-0.9500426375066082,-0.7743957636316062,0.4609822390972848,205,9
CAC40,0.1,W,12,Crisis_next_12W,PatroCorr,0.0014006132806515526,0.7461953986677305,-0.32366007757611437,-0.7096471927207868,0.49181768371441925,205,9
CAC40,0.1,W,12,Crisis_next_12W,SahmIndicator,0.008634471096795715,0.4730699814844693,-0.7174929555990281,-0.7631827147612997,0.46618034431243016,205,9
CAC40,0.1,W,12,Crisis_next_12W,VIX,0.0007957910207071484,0.8124320645483698,-0.23728968403149187,-0.011334172922073747,0.9887298168306954,205,9
CAC40,0.1,W,12,Crisis_next_12W,M2_Growth,0.0012573862925133739,0.7586628184242306,-0.3072372183555807,-0.07799544454042028,0.9249686401911946,205,9
CAC40,0.1,W,12,Crisis_next_12W,BuffettDeviation,0.005026714013297684,0.5373291584156683,-0.616856837687648,-1.086506901572609,0.3373929846151652,205,9
CAC40,0.1,W,12,Crisis_next_12W,Systemic_Corr,0.005981464552205384,0.5145794171729146,0.6517237210500479,2.3881835564459974,10.893688190778708,205,9
CAC40,0.1,W,12,Crisis_next_12W,Shiller_CAPE,0.02804349330714362,0.1505342112424237,-1.4376470947651385,-0.09475565266723773,0.9095951644688032,205,9
CAC40,0.1,W,12,Crisis_next_12W,YC_10Y3M,0.01239572530574995,0.34792154730599323,0.9386284368893945,0.36996912601264903,1.4476899180131293,205,9
CAC40,0.1,W,12,Crisis_next_12W,CFNAI,0.002478012298776533,0.6821088681477684,0.40958709090128287,0.13543402449147063,1.1450336491650612,205,9
CAC40,0.1,W,12,Crisis_next_12W,CISS,0.0035704109964709296,0.5929139706867703,0.5346180917948695,1.065659263676192,2.902752032364646,205,9
CAC40,0.1,W,12,Crisis_next_12W,Downside_Beta,0.07138842990500449,0.033218206413539224,-2.129435978724965,-4.002774284407644,0.018264896516780326,205,9
CAC40,0.1,W,12,Crisis_next_12W,NFCI,0.018014394639118803,0.18675691274836037,1.3202339723414558,0.6287699674139143,1.8753024768794508,205,9
CAC40,0.1,W,12,Crisis_next_12W,EPU,0.018086307896187814,0.33668164072513207,-0.960742530915771,-0.004536145792450848,0.9954741269780762,205,9
CAC40,0.1,W,12,Crisis_next_12W,RSkew,0.004157932893688265,0.5845262457952107,-0.5467852965002721,-0.2750354922637874,0.7595451647692166,205,9
CAC40,0.1,W,12,Crisis_next_12W,RSV_Ratio,0.005855949548650652,0.5133161297246126,0.6536828885844267,2.0758879205794254,7.9716214843069775,205,9
CAC40,0.1,W,12,Crisis_next_12W,HillTail,0.01039278682013578,0.39657951783234624,-0.8477458643616788,-3.7060623802239903,0.024574096460825263,205,9
CAC40,0.1,W,16,Crisis_next_16W,HY_Spread,0.00011939532146321152,0.9181209087190674,-0.1028010036124102,-0.010266943036257109,0.9897855821121375,204,12
CAC40,0.1,W,16,Crisis_next_16W,Yield_Curve,0.01456762279622148,0.25866848416440114,1.1295438459277731,0.3889360017597018,1.4754101246598204,204,12
CAC40,0.1,W,16,Crisis_next_16W,Neely,0.0011756463292551533,0.7455671157321225,-0.32448996851068407,-0.20448042054408297,0.8150707004021268,204,12
CAC40,0.1,W,16,Crisis_next_16W,PatroCorr,0.002096655726136931,0.6666403843794713,0.4307634413582492,0.8875980734198556,2.4292876674711072,204,12
CAC40,0.1,W,16,Crisis_next_16W,SahmIndicator,0.04680940371213116,0.1323302075471322,-1.5049761540902187,-2.525300244579061,0.08003427932043708,204,12
CAC40,0.1,W,16,Crisis_next_16W,VIX,0.0032999921571000845,0.5992938676339081,-0.5254162382872217,-0.023313878372163758,0.9769557903504277,204,12
CAC40,0.1,W,16,Crisis_next_16W,M2_Growth,0.027828922856605542,0.10490957185179399,-1.6215040978621171,-0.3411608850722598,0.7109445186446152,204,12
CAC40,0.1,W,16,Crisis_next_16W,BuffettDeviation,0.0003454432321317036,0.8579485627997633,-0.17898616780575688,-0.28328806075401897,0.753302759641615,204,12
CAC40,0.1,W,16,Crisis_next_16W,Systemic_Corr,0.011246932402823151,0.3246259294957412,0.9849962163510028,3.2318068670954627,25.32537524231009,204,12
CAC40,0.1,W,16,Crisis_next_16W,Shiller_CAPE,0.007353038053622973,0.41103653989129696,-0.8220709111513695,-0.047284395849337246,0.953816097674705,204,12
CAC40,0.1,W,16,Crisis_next_16W,YC_10Y3M,0.01456762279622148,0.25866848416440114,1.1295438459277731,0.3889360017597018,1.4754101246598204,204,12
CAC40,0.1,W,16,Crisis_next_16W,CFNAI,0.06687220836123997,0.019463954375640927,2.336523882528617,0.8155721497261945,2.2604686289391696,204,12
CAC40,0.1,W,16,Crisis_next_16W,CISS,0.0016010040180899354,0.7110245110190478,-0.37048048963983937,-0.8085812122761136,0.4454896733384311,204,12
CAC40,0.1,W,16,Crisis_next_16W,Downside_Beta,0.06495873215326853,0.02339027588905968,-2.2669991787148343,-3.667396499162783,0.02554288437501213,204,12
CAC40,0.1,W,16,Crisis_next_16W,NFCI,0.012226007565193542,0.39594127850019967,-0.8488922017976679,-1.1864171810365989,0.3053131886967587,204,12
CAC40,0.1,W,16,Crisis_next_16W,EPU,0.01099122244335382,0.38199586518111595,-0.8742247589239153,-0.0030852298866943166,0.9969195245442716,204,12
CAC40,0.1,W,16,Crisis_next_16W,RSkew,5.503240118365227e-05,0.9435789137096514,-0.07077238068567548,-0.029821605961263275,0.9706186706894696,204,12
CAC40,0.1,W,16,Crisis_next_16W,RSV_Ratio,0.0014375426985197004,0.7179380316457942,0.36121593385841316,0.9892887589602019,2.6893210364825273,204,12
CAC40,0.1,W,16,Crisis_next_16W,HillTail,0.03280834647902764,0.10312670568238073,-1.6298807367285861,-6.794840359671637,0.0011195366779439826,204,12
CAC40,0.1,M,6,Crisis_next_6M,HY_Spread,0.01524847072721447,0.28149569215833214,-1.076965470229953,-0.16344442837506937,0.8492136898749947,203,16
CAC40,0.1,M,6,Crisis_next_6M,Yield_Curve,0.005659691542402423,0.4305947207687906,0.7881743664169576,0.23023416907147262,1.258894769635615,203,16
CAC40,0.1,M,6,Crisis_next_6M,Neely,0.04166607846110848,0.06316658302260543,-1.8580171210604803,-1.4322971285957444,0.23875982978470056,203,16
CAC40,0.1,M,6,Crisis_next_6M,PatroCorr,0.005272641071193851,0.43648804371265904,-0.7781373536993704,-1.297050219001306,0.2733368889832354,203,16
CAC40,0.1,M,6,Crisis_next_6M,SahmIndicator,0.030233184109999756,0.14054634453192205,-1.4737595438320819,-1.6239786462652932,0.19711289441957774,203,16
CAC40,0.1,M,6,Crisis_next_6M,VIX,0.037800650610604114,0.07888192058325515,-1.7572105916704719,-0.0975951044973344,0.9070160761457564,203,16
CAC40,0.1,M,6,Crisis_next_6M,M2_Growth,0.0077750386382163805,0.34595915146333855,-0.9424561495997461,-0.17594694183201084,0.8386624800513592,203,16
CAC40,0.1,M,6,Crisis_next_6M,BuffettDeviation,0.015574687108110385,0.20810193787647535,1.258801778318573,2.004884616040724,7.425237094073654,203,16
CAC40,0.1,M,6,Crisis_next_6M,Systemic_Corr,0.006088005497852267,0.4182544271766917,0.8094533474497622,2.21304248184925,9.143493028236598,203,16
CAC40,0.1,M,6,Crisis_next_6M,Shiller_CAPE,0.001751681915469372,0.6593039302209689,0.4408743965605225,0.022538753095230735,1.0227946698556805,203,16
CAC40,0.1,M,6,Crisis_next_6M,YC_10Y3M,0.005659691542402423,0.4305947207687906,0.7881743664169576,0.23023416907147262,1.258894769635615,203,16
CAC40,0.1,M,6,Crisis_next_6M,CFNAI,0.14600027621650247,0.00024902454271300125,3.6632610252956384,1.2340778660376102,3.435209336526384,203,16
CAC40,0.1,M,6,Crisis_next_6M,CISS,0.039740555933882926,0.09754226018938345,-1.6568873113023754,-5.553759392103763,0.0038728702037921087,203,16
CAC40,0.1,M,6,Crisis_next_6M,Downside_Beta,0.004416880129650136,0.4887418434968811,-0.6923113187347825,-0.8345238175249818,0.4340811340556807,203,16
CAC40,0.1,M,6,Crisis_next_6M,NFCI,0.030116183584852796,0.14171762555396358,-1.4694247234092856,-2.2362711843886927,0.10685620953612765,203,16
CAC40,0.1,M,6,Crisis_next_6M,EPU,0.05167294520000498,0.051840572055307,-1.9444552894922065,-0.009802338467189817,0.9902455478588036,203,16
CAC40,0.1,M,6,Crisis_next_6M,RSkew,0.008328068236441277,0.3391215819593999,-0.9559023295364901,-0.368009989590079,0.6921102677563324,203,16
CAC40,0.1,M,6,Crisis_next_6M,RSV_Ratio,0.0015289058440889347,0.6779649223160431,-0.41524177204630836,-1.0047498750183967,0.36613620316285134,203,16
CAC40,0.1,M,6,Crisis_next_6M,HillTail,0.007752146932164861,0.36291824686030294,-0.9098184802586851,-2.9885665469118434,0.05035957309475872,203,16
CAC40,0.1,M,12,Crisis_next_12M,HY_Spread,0.007475487705266959,0.42580901246869873,-0.7963837635959389,-0.09829324010615681,0.906383076910588,197,16
CAC40,0.1,M,12,Crisis_next_12M,Yield_Curve,0.032762000278874326,0.0654278079271866,1.8423237489213493,0.5628602752594078,1.7556870736473122,197,16
CAC40,0.1,M,12,Crisis_next_12M,Neely,0.0786720951828368,0.029654959243606064,-2.174668604084941,-2.27023149859661,0.10328826622651716,197,16
CAC40,0.1,M,12,Crisis_next_12M,PatroCorr,0.023420954282381667,0.10254225352107516,-1.6326517838759058,-2.6582663770295185,0.0700695907622773,197,16
CAC40,0.1,M,12,Crisis_next_12M,SahmIndicator,0.12258513197385956,0.043070025127909084,-2.023030285990058,-7.617051003614492,0.0004919905723162049,197,16
CAC40,0.1,M,12,Crisis_next_12M,VIX,0.0402867907099107,0.07143435007814623,-1.8027063138533208,-0.0993034917379071,0.9054678643035025,197,16
CAC40,0.1,M,12,Crisis_next_12M,M2_Growth,0.04864634059763695,0.020012953833114615,-2.3261049259721056,-0.42859855268685765,0.6514213880624995,197,16
CAC40,0.1,M,12,Crisis_next_12M,BuffettDeviation,0.004121933251209131,0.4948300194099948,-0.6826468545969604,-0.9209088546064791,0.39815700976009366,197,16
CAC40,0.1,M,12,Crisis_next_12M,Systemic_Corr,0.0012255774685976384,0.7116384124840374,-0.36965654679376736,-0.9618296876471585,0.38219295211689297,197,16
CAC40,0.1,M,12,Crisis_next_12M,Shiller_CAPE,0.01555800741801805,0.1896561208246419,-1.311597073973119,-0.06552629867321844,0.936574415771243,197,16
CAC40,0.1,M,12,Crisis_next_12M,YC_10Y3M,0.032762000278874326,0.0654278079271866,1.8423237489213493,0.5628602752594078,1.7556870736473122,197,16
CAC40,0.1,M,12,Crisis_next_12M,CFNAI,0.22547280863339048,2.114043623675995e-05,4.252492432752444,1.6297379455191254,5.102537400529652,197,16
CAC40,0.1,M,12,Crisis_next_12M,CISS,0.03401645233595274,0.11480667808460733,-1.5769515308819484,-4.794555158117223,0.008274678932933596,197,16
CAC40,0.1,M,12,Crisis_next_12M,Downside_Beta,0.0229453271090726,0.126023965404061,-1.5299707653879882,-1.9616167331627639,0.14063087443122937,197,16
CAC40,0.1,M,12,Crisis_next_12M,NFCI,0.048095929028777795,0.05930704521991408,-1.8859102857296068,-3.104881161695782,0.044829845745570474,197,16
CAC40,0.1,M,12,Crisis_next_12M,EPU,0.005656498474520544,0.4587262537548791,-0.7409458829138753,-0.002610637656101551,0.9973927670948827,197,16
CAC40,0.1,M,12,Crisis_next_12M,RSkew,0.006702524649207842,0.3836635769395691,0.8711658983161933,0.3138455562205745,1.368678336367988,197,16
CAC40,0.1,M,12,Crisis_next_12M,RSV_Ratio,0.03773378564386087,0.04261908887216551,-2.027423810997193,-4.9413025778646995,0.007145285017845516,197,16
CAC40,0.1,M,12,Crisis_next_12M,HillTail,0.04708870768026996,0.031050863860047115,-2.1564202628759532,-8.327699519389865,0.0002417274951478324,197,16
CAC40,0.1,M,18,Crisis_next_18M,HY_Spread,3.4633031168018746e-05,0.9572383544242303,-0.053619456927431794,-0.0053947556446042105,0.9946197699172706,191,11
CAC40,0.1,M,18,Crisis_next_18M,Yield_Curve,0.1854978816349908,0.0009400375799070591,3.3078839410168586,1.647696242074963,5.194998013036377,191,11
CAC40,0.1,M,18,Crisis_next_18M,Neely,0.05360589609710409,0.08884632991219599,-1.7015149662224167,-1.8035841611085743,0.16470749083998074,191,11
CAC40,0.1,M,18,Crisis_next_18M,PatroCorr,2.3411473644041614e-05,0.9646164770395222,0.044361215128372385,0.09118674909528796,1.0954735648543596,191,11
CAC40,0.1,M,18,Crisis_next_18M,SahmIndicator,0.05709582186009743,0.13658277499011467,-1.4886377892067764,-3.0568083019653756,0.04703758565993782,191,11
CAC40,0.1,M,18,Crisis_next_18M,VIX,0.006916195687934779,0.47433902905674385,-0.7154370443856725,-0.03479147782648139,0.9658067873921695,191,11
CAC40,0.1,M,18,Crisis_next_18M,M2_Growth,0.2035098874224628,0.00031188847809533244,-3.6052201036623446,-0.9646916398018629,0.3811006979092442,191,11
CAC40,0.1,M,18,Crisis_next_18M,BuffettDeviation,0.04770722154460616,0.04703865718646409,-1.985951970901584,-3.1739804652950774,0.04183673635334139,191,11
CAC40,0.1,M,18,Crisis_next_18M,Systemic_Corr,0.0067028585470494395,0.44541232301793166,-0.7630856407670745,-2.3486930837161673,0.09549388320882087,191,11
CAC40,0.1,M,18,Crisis_next_18M,Shiller_CAPE,0.0415372933256124,0.06589068602611504,-1.8391665973735982,-0.11159728215157853,0.8944043775886579,191,11
CAC40,0.1,M,18,Crisis_next_18M,YC_10Y3M,0.1854978816349908,0.0009400375799070591,3.3078839410168586,1.647696242074963,5.194998013036377,191,11
CAC40,0.1,M,18,Crisis_next_18M,CFNAI,0.2399456036972879,0.0002248735476936228,3.6892981660765525,1.786265421420756,5.967126101232237,191,11
CAC40,0.1,M,18,Crisis_next_18M,CISS,0.002535046241118888,0.6575395103312498,-0.4433127838776808,-1.0077201013333816,0.36505030925101944,191,11
CAC40,0.1,M,18,Crisis_next_18M,Downside_Beta,0.0013511140202220329,0.7338691031098088,0.3399833015868783,0.4429297054496639,1.5572628634014813,191,11
CAC40,0.1,M,18,Crisis_next_18M,NFCI,0.027983350888834635,0.2198451278200504,-1.2269400402739872,-2.142872467277402,0.11731736825982049,191,11
CAC40,0.1,M,18,Crisis_next_18M,EPU,0.0030724810598595775,0.6285873558978945,-0.48371611352590577,-0.0021569961035619993,0.9978453285408168,191,11
CAC40,0.1,M,18,Crisis_next_18M,RSkew,0.004484480046576311,0.5417883929201931,-0.610110830123235,-0.2738888199956938,0.7604166136836877,191,11
CAC40,0.1,M,18,Crisis_next_18M,RSV_Ratio,0.0031267155359646637,0.6060077499732642,-0.5157804620047368,-1.4809407135652972,0.22742364721387773,191,11
CAC40,0.1,M,18,Crisis_next_18M,HillTail,0.022677393653641742,0.18277710408624948,-1.3322528835480232,-5.7668436969609225,0.003129619970550984,191,11
CAC40,0.1,M,24,Crisis_next_24M,HY_Spread,0.0012038190279232142,0.8053829779070176,0.24638660040993748,0.03036199420285254,1.030827620044538,185,5
CAC40,0.1,M,24,Crisis_next_24M,Yield_Curve,0.14932502908184153,0.024871943949849158,2.243385843991405,1.6052234196386328,4.978971878580801,185,5
CAC40,0.1,M,24,Crisis_next_24M,Neely,0.01309648019689924,0.4699204039337853,-0.7226085661637505,-0.8155874538972103,0.44237937352635676,185,5
CAC40,0.1,M,24,Crisis_next_24M,PatroCorr,0.0175189984696823,0.3619734562119795,-0.9116111396231819,-2.500626083838484,0.08203362261740026,185,5
CAC40,0.1,M,24,Crisis_next_24M,SahmIndicator,0.08772014826371133,0.03129609641211788,2.15328742557092,1.5027322423488498,4.493950874492698,185,5
CAC40,0.1,M,24,Crisis_next_24M,VIX,0.0030399349724958835,0.6980953242203216,0.3878928572165295,0.02016342157804304,1.0203680765634675,185,5
CAC40,0.1,M,24,Crisis_next_24M,M2_Growth,0.04990736018730646,0.13320935461017408,-1.5015655164807646,-0.47545746421256146,0.621600631369472,185,5
CAC40,0.1,M,24,Crisis_next_24M,BuffettDeviation,0.011153640475169202,0.47019273157678954,-0.7221655001471369,-1.6533744822250847,0.1914029318375457,185,5
CAC40,0.1,M,24,Crisis_next_24M,Systemic_Corr,0.0014601007007635225,0.7977339569695273,0.256280883815598,1.2610464266805779,3.5291125133272576,185,5
CAC40,0.1,M,24,Crisis_next_24M,Shiller_CAPE,0.015109997002423436,0.4068010993462048,-0.8295361331360405,-0.07184543907381068,0.9306747306436463,185,5
CAC40,0.1,M,24,Crisis_next_24M,YC_10Y3M,0.14932502908184153,0.024871943949849158,2.243385843991405,1.6052234196386328,4.978971878580801,185,5
CAC40,0.1,M,24,Crisis_next_24M,CFNAI,0.016754717416710085,0.41153580865329864,0.8211939384752813,0.3923771117575826,1.4804959185603739,185,5
CAC40,0.1,M,24,Crisis_next_24M,CISS,1.0074316735941835e-05,0.9836287837205928,-0.020519716718214585,-0.05981169195049678,0.9419418921251557,185,5
CAC40,0.1,M,24,Crisis_next_24M,Downside_Beta,0.01264500113723388,0.46238828357134065,-0.7349198909753765,-1.585566662035084,0.20483168988201822,185,5
CAC40,0.1,M,24,Crisis_next_24M,NFCI,0.0025708721560575576,0.709852988714756,0.3720535375117044,0.2753368441635517,1.3169742152393864,185,5
CAC40,0.1,M,24,Crisis_next_24M,EPU,0.03212669131283297,0.29350088278971687,-1.0504725984189223,-0.009687286453904917,0.9903594841569058,185,5
CAC40,0.1,M,24,Crisis_next_24M,RSkew,0.007335814793822615,0.5638026763081389,-0.5772024883442392,-0.37842820832621077,0.68493714207389,185,5
CAC40,0.1,M,24,Crisis_next_24M,RSV_Ratio,0.0023902156802110275,0.7417093633223242,0.32959055087894584,1.4317407596268983,4.185979637684061,185,5
CAC40,0.1,M,24,Crisis_next_24M,HillTail,0.0018066102481880675,0.7733075622833325,-0.2880511797954309,-1.708323469436941,0.18116927397305657,185,5
CAC40,0.12,D,5,Crisis_next_5D,HY_Spread,0.00183150606028748,0.6157280052597423,-0.5019140165118237,-0.0642473574618076,0.9377730056887695,4401,12
CAC40,0.12,D,5,Crisis_next_5D,Yield_Curve,0.018315782714054762,0.07836908006981184,-1.760228449834544,-0.5384327280724509,0.583662293439115,4401,12
CAC40,0.12,D,5,Crisis_next_5D,Neely,0.049058107859569544,0.009279582566753024,2.601578497751091,1.7396768610732876,5.695502686656024,4401,12
CAC40,0.12,D,5,Crisis_next_5D,PatroCorr,0.01040313612904975,0.2230580183519837,1.21843682489157,2.768367379217561,15.932600869156023,4401,12
CAC40,0.12,D,5,Crisis_next_5D,SahmIndicator,0.04609992355888781,0.08025637957869952,-1.7492004312594662,-4.724785425283048,0.008872617545083327,4401,12
CAC40,0.12,D,5,Crisis_next_5D,VIX,0.12185838362589818,1.75070674766826e-08,5.634987854903809,0.08957977371020472,1.0937145795022403,4401,12
CAC40,0.12,D,5,Crisis_next_5D,M2_Growth,0.001794941050574872,0.5904008553587182,0.5382552295480068,0.1246081121304648,1.132704472934583,4401,12
CAC40,0.12,D,5,Crisis_next_5D,BuffettDeviation,0.002773896163398848,0.5018486085690504,0.6715839347012802,1.1310415343118203,3.09888241224466,4401,12
CAC40,0.12,D,5,Crisis_next_5D,Systemic_Corr,0.054388505619011984,0.007180036520432619,2.6883766143763133,10.261642653423225,28613.750083466603,4401,12
CAC40,0.12,D,5,Crisis_next_5D,Shiller_CAPE,0.01212500194465671,0.15336114226092534,-1.4277593311886654,-0.07860581005814293,0.9244042434899115,4401,12
CAC40,0.12,D,5,Crisis_next_5D,YC_10Y3M,0.018315782714054762,0.07836908006981184,-1.760228449834544,-0.5384327280724509,0.583662293439115,4401,12
CAC40,0.12,D,5,Crisis_next_5D,CFNAI,0.05381005165478536,7.891340642769758e-05,-3.947676289626463,-0.3885996795919404,0.6780056351863833,4401,12
CAC40,0.12,D,5,Crisis_next_5D,CISS,8.752119344190845e-05,0.896058596608583,0.13064189841069537,0.2456438265741474,1.2784441446099646,4401,12
CAC40,0.12,D,5,Crisis_next_5D,Downside_Beta,0.07729028067926158,0.001174590136184627,-3.244979659037711,-5.509972347517561,0.004046219269682521,4401,12
CAC40,0.12,D,5,Crisis_next_5D,NFCI,0.0026331551154795685,0.456840036865669,0.7440602318036719,0.3625191211759547,1.4369446967958233,4401,12
CAC40,0.12,D,5,Crisis_next_5D,EPU,0.026818871623250584,0.012970064789478347,2.484590193089028,0.0039315711770874,1.0039393099415586,4401,12
CAC40,0.12,D,5,Crisis_next_5D,RSkew,0.2206590569178809,2.6633478060734768e-11,-6.6640764651879145,-1.987100194826145,0.13709239083044245,4401,12
CAC40,0.12,D,5,Crisis_next_5D,RSV_Ratio,0.26519971079210036,2.6939961758621187e-12,6.992828051539254,15.191458901132496,3958829.271981444,4401,12
CAC40,0.12,D,5,Crisis_next_5D,HillTail,0.0033941849346453834,0.43698236606312546,0.7772990319351584,2.3908737397451105,10.923033663467576,4401,12
CAC40,0.12,D,10,Crisis_next_10D,HY_Spread,0.026968165608865724,6.154184281285412e-05,4.006819556995198,0.12534668384128395,1.1335413654295288,4396,37
CAC40,0.12,D,10,Crisis_next_10D,Yield_Curve,0.0011237078128042421,0.48626930445350114,-0.6962547519973179,-0.1250818545663617,0.8824246691396778,4396,37
CAC40,0.12,D,10,Crisis_next_10D,Neely,0.02229648516960514,0.002303107234507145,3.048077237036878,1.0254569333690082,2.7883692684849035,4396,37
CAC40,0.12,D,10,Crisis_next_10D,PatroCorr,0.005365118514898626,0.14535886199110215,1.4561221261344022,1.744586090245038,5.723531959361413,4396,37
CAC40,0.12,D,10,Crisis_next_10D,SahmIndicator,0.0014223123331084109,0.4569127911011288,-0.7439399729476751,-0.32503186064222417,0.7225043338232757,4396,37
CAC40,0.12,D,10,Crisis_next_10D,VIX,0.07895990687850718,4.904284737814956e-12,6.908319498273229,0.07674850623077252,1.0797704866928741,4396,37
CAC40,0.12,D,10,Crisis_next_10D,M2_Growth,0.021218380539527626,0.0029575520343673328,2.9721157040822037,0.4097767070570441,1.506481360897092,4396,37
CAC40,0.12,D,10,Crisis_next_10D,BuffettDeviation,0.0003096936075475121,0.7082787345086674,-0.37416880045008655,-0.32916751309758613,0.7195224772124411,4396,37
CAC40,0.12,D,10,Crisis_next_10D,Systemic_Corr,0.011380594530172039,0.033234312679756975,2.1292411655296304,3.840805519539187,46.562966716874,4396,37
CAC40,0.12,D,10,Crisis_next_10D,Shiller_CAPE,0.012963262706105483,0.01784107926399378,-2.3688999438895255,-0.07463491412091829,0.9280822542107438,4396,37
CAC40,0.12,D,10,Crisis_next_10D,YC_10Y3M,0.0011237078128042421,0.48626930445350114,-0.6962547519973179,-0.1250818545663617,0.8824246691396778,4396,37
CAC40,0.12,D,10,Crisis_next_10D,CFNAI,0.017505524112021775,0.0009598697411974787,-3.3020324228871636,-0.26389737539212993,0.7680523566842822,4396,37
CAC40,0.12,D,10,Crisis_next_10D,CISS,0.01732505319035038,0.0030678204153012523,2.960859311660355,2.4617094949908696,11.724837969340804,4396,37
CAC40,0.12,D,10,Crisis_next_10D,Downside_Beta,0.0625294745521977,1.5947903912462447e-06,-4.798975826969932,-4.388746783508361,0.012416279760872432,4396,37
CAC40,0.12,D,10,Crisis_next_10D,NFCI,0.05530419348403948,1.4820495519120213e-09,6.04630549872518,1.0108466727395309,2.747926624926289,4396,37
CAC40,0.12,D,10,Crisis_next_10D,EPU,0.014525901860261259,0.004945475255736428,2.8105639971976712,0.002951158685756361,1.002955517641486,4396,37
CAC40,0.12,D,10,Crisis_next_10D,RSkew,0.04300349722328556,6.092255444477892e-06,-4.523162068786668,-0.9691396230636189,0.3794093327544241,4396,37
CAC40,0.12,D,10,Crisis_next_10D,RSV_Ratio,0.06822279927776076,2.5040589336721574e-08,5.572988648211418,7.960750183738446,2866.2223395779656,4396,37
CAC40,0.12,D,10,Crisis_next_10D,HillTail,0.0022678280232151238,0.3156404470206944,1.0034569315790451,1.8009892440448019,6.0556350032205355,4396,37
CAC40,0.12,D,15,Crisis_next_15D,HY_Spread,0.03643900528769817,4.948457091826847e-08,5.453152591628147,0.13720193228667135,1.147059753534326,4391,54
CAC40,0.12,D,15,Crisis_next_15D,Yield_Curve,0.00010571818211635442,0.8054116569085442,0.24634954904588216,0.037340492148547955,1.038046407323603,4391,54
CAC40,0.12,D,15,Crisis_next_15D,Neely,0.023603951723854988,0.0002420894141191842,3.670486333476581,1.0233476806158939,2.782494091223755,4391,54
CAC40,0.12,D,15,Crisis_next_15D,PatroCorr,0.006035105909401484,0.07141106116580452,1.802854545669175,1.7998603608094104,6.0488027555162684,4391,54
CAC40,0.12,D,15,Crisis_next_15D,SahmIndicator,0.0005136779413541515,0.5938749663693486,-0.5332291484652614,-0.18186470109318764,0.8337141333960223,4391,54
CAC40,0.12,D,15,Crisis_next_15D,VIX,0.05671543512180521,1.7446589798926783e-11,6.725937121262154,0.06783711217811991,1.0701909732039923,4391,54
CAC40,0.12,D,15,Crisis_next_15D,M2_Growth,0.005449561871203601,0.08070797968282863,1.7465928999088354,0.19527092612622504,1.2156402905939876,4391,54
CAC40,0.12,D,15,Crisis_next_15D,BuffettDeviation,0.0050779981934212515,0.08071464481717548,-1.7465545043686623,-1.2293995463977727,0.29246813851482495,4391,54
CAC40,0.12,D,15,Crisis_next_15D,Systemic_Corr,0.004570337801421465,0.11003139791942075,1.5980520311712494,2.2901430155720073,9.876350052027298,4391,54
CAC40,0.12,D,15,Crisis_next_15D,Shiller_CAPE,0.026095825294965902,9.251072196422809e-05,-3.9094389730646473,-0.10227451007673888,0.9027816949784867,4391,54
CAC40,0.12,D,15,Crisis_next_15D,YC_10Y3M,0.00010571818211635442,0.8054116569085442,0.24634954904588216,0.037340492148547955,1.038046407323603,4391,54
CAC40,0.12,D,15,Crisis_next_15D,CFNAI,0.007098249225559461,0.021082050744578317,-2.306511814524074,-0.18622079093345903,0.8300902983357337,4391,54
CAC40,0.12,D,15,Crisis_next_15D,CISS,0.02914457556042438,6.4458504943606435e-06,4.51121118582181,2.9844541246144054,19.77570421928649,4391,54
CAC40,0.12,D,15,Crisis_next_15D,Downside_Beta,0.07144368069647855,2.5123800065188445e-09,-5.960649064641212,-4.5726430456287,0.010330619304355653,4391,54
CAC40,0.12,D,15,Crisis_next_15D,NFCI,0.0510518577335245,1.9899834669010553e-11,6.706756179057513,0.9736479772231033,2.6475851945575437,4391,54
CAC40,0.12,D,15,Crisis_next_15D,EPU,0.01723369727681845,0.000346928198499991,3.5774758971847165,0.0030912719439322484,1.0030960548522014,4391,54
CAC40,0.12,D,15,Crisis_next_15D,RSkew,0.018881539697526373,0.0007100720749251012,-3.3856603630235176,-0.6443546683586999,0.5250012327181492,4391,54
CAC40,0.12,D,15,Crisis_next_15D,RSV_Ratio,0.04824126856622879,6.78564279411047e-08,5.396756370345368,6.586575642008716,725.2929498566853,4391,54
CAC40,0.12,D,15,Crisis_next_15D,HillTail,0.0014817658841451697,0.345829027035647,0.9427104494592641,1.4220614433206764,4.145657676040347,4391,54
CAC40,0.12,W,4,Crisis_next_4W,HY_Spread,0.027297409544145168,0.18783039392242507,1.3170245550089963,0.11386983487126766,1.1206062515335582,210,5
CAC40,0.12,W,4,Crisis_next_4W,Yield_Curve,0.004935725975430905,0.6266920918140392,-0.486388007348538,-0.23853481762452658,0.7877812591075463,210,5
CAC40,0.12,W,4,Crisis_next_4W,Neely,0.0005126439946798733,0.8756891312706314,0.15643629346874563,0.14459747703620804,1.1555743314348752,210,5
CAC40,0.12,W,4,Crisis_next_4W,PatroCorr,0.0008389205821565104,0.8436177002369962,0.19726815251788443,0.5903518647253392,1.8046232869740622,210,5
CAC40,0.12,W,4,Crisis_next_4W,SahmIndicator,0.0007806672045378438,0.852597598898752,-0.1858051077271933,-0.2134201160535309,0.8078166891582662,210,5
CAC40,0.12,W,4,Crisis_next_4W,VIX,0.0923864040568475,0.0238009845310045,2.260326660100455,0.09323073438498146,1.0977149866423863,210,5
CAC40,0.12,W,4,Crisis_next_4W,M2_Growth,0.15769954188744983,0.006431663900048242,2.724922207824384,1.0458661516652625,2.8458624049114256,210,5
CAC40,0.12,W,4,Crisis_next_4W,BuffettDeviation,0.012563652520320101,0.4651600631897339,0.7303765255297765,2.0642823489441136,7.879641035362053,210,5
CAC40,0.12,W,4,Crisis_next_4W,Systemic_Corr,0.07158935451587767,0.09989804916845048,1.6453480840554682,9.745607365352694,17079.041804891644,210,5
CAC40,0.12,W,4,Crisis_next_4W,Shiller_CAPE,0.005215578332185,0.6172765561978595,-0.4997138821661817,-0.043690688180685326,0.9572500004250648,210,5
CAC40,0.12,W,4,Crisis_next_4W,YC_10Y3M,0.004935725975430905,0.6266920918140392,-0.486388007348538,-0.23853481762452658,0.7877812591075463,210,5
CAC40,0.12,W,4,Crisis_next_4W,CFNAI,0.03494933736416539,0.13005104519710187,-1.513900626591413,-0.3247717881783951,0.7226922617418794,210,5
CAC40,0.12,W,4,Crisis_next_4W,CISS,0.010835533139741949,0.44339371146965545,0.7664750171609688,1.8518971163025235,6.371896291795052,210,5
CAC40,0.12,W,4,Crisis_next_4W,Downside_Beta,0.026650989996337193,0.27919855522610615,-1.0821214737036178,-2.48274438700987,0.08351371684617519,210,5
CAC40,0.12,W,4,Crisis_next_4W,NFCI,0.05847600396758523,0.0462197094705802,1.9933813045936875,0.9784870160679244,2.660428010540768,210,5
CAC40,0.12,W,4,Crisis_next_4W,EPU,0.0011768506349563168,0.8208678968872496,-0.22642884304609193,-0.0008943540905892642,0.9991060457248293,210,5
CAC40,0.12,W,4,Crisis_next_4W,RSkew,0.03708215359892242,0.19461227954325522,-1.2970549529410134,-0.9011619462084262,0.4060975220184406,210,5
CAC40,0.12,W,4,Crisis_next_4W,RSV_Ratio,0.06160161217456983,0.09835228994452277,1.6528947296775787,7.384769416650553,1611.2562232994353,210,5
CAC40,0.12,W,4,Crisis_next_4W,HillTail,0.03158205943917147,0.20967267618106855,1.254466000457489,5.900443483012081,365.1993916836776,210,5
CAC40,0.12,W,8,Crisis_next_8W,HY_Spread,0.023405804026999433,0.17227123447010617,1.3649421454996877,0.10570033556045058,1.1114887529421646,206,7
CAC40,0.12,W,8,Crisis_next_8W,Yield_Curve,0.0006937283870018796,0.8376184908385209,0.20494065545655263,0.0876440742874393,1.0915995245377785,206,7
CAC40,0.12,W,8,Crisis_next_8W,Neely,0.031080196897283363,0.22899743206006618,-1.202945446527835,-1.3115944008171152,0.26939019784078233,206,7
CAC40,0.12,W,8,Crisis_next_8W,PatroCorr,1.683236680138922e-05,0.9743332612752408,0.03217403656626201,0.08153675108099412,1.0849530900502042,206,7
CAC40,0.12,W,8,Crisis_next_8W,SahmIndicator,0.007132536684672286,0.5509246369615165,-0.5963751508969853,-0.701903445835085,0.4956409795832494,206,7
CAC40,0.12,W,8,Crisis_next_8W,VIX,1.383876971272624e-05,0.9767437922255311,0.029151462314289334,0.0014653160392608482,1.0014663901393763,206,7
CAC40,0.12,W,8,Crisis_next_8W,M2_Growth,0.007077101370545846,0.5200512220719885,0.6432664499923095,0.20288533932679964,1.2249320086663196,206,7
CAC40,0.12,W,8,Crisis_next_8W,BuffettDeviation,0.004875158269003199,0.594590914361981,0.5321950451150471,1.1868193005758811,3.2766425999166247,206,7
CAC40,0.12,W,8,Crisis_next_8W,Systemic_Corr,0.015313724131166273,0.3507937228193103,0.9330508334876562,4.009102050556836,55.097373687920886,206,7
CAC40,0.12,W,8,Crisis_next_8W,Shiller_CAPE,0.0037030751349123037,0.6327202955266062,-0.4779015255709254,-0.035568299697226136,0.965056818890491,206,7
CAC40,0.12,W,8,Crisis_next_8W,YC_10Y3M,0.0006937283870018796,0.8376184908385209,0.20494065545655263,0.0876440742874393,1.0915995245377785,206,7
CAC40,0.12,W,8,Crisis_next_8W,CFNAI,0.001662030323054231,0.7592201724163644,0.30650500138097775,0.11251030749918961,1.1190837918086096,206,7
CAC40,0.12,W,8,Crisis_next_8W,CISS,0.004287061589739016,0.5916184252167858,0.5364922000199253,1.186559974788583,3.275792992162068,206,7
CAC40,0.12,W,8,Crisis_next_8W,Downside_Beta,0.014043615775646834,0.36815661404669897,-0.8999316718323452,-1.6838714399974273,0.1856538352644499,206,7
CAC40,0.12,W,8,Crisis_next_8W,NFCI,0.03114890808335491,0.10606180073213545,1.6161503948813378,0.7758777267253628,2.1724981502646648,206,7
CAC40,0.12,W,8,Crisis_next_8W,EPU,0.028704656340200696,0.2945939191653467,-1.0480969982409443,-0.006750922381967624,0.9932718139021358,206,7
CAC40,0.12,W,8,Crisis_next_8W,RSkew,0.006942618008338508,0.5218018592378515,-0.6405703643259881,-0.3687693738789876,0.6915848896000121,206,7
CAC40,0.12,W,8,Crisis_next_8W,RSV_Ratio,6.191665070787167e-05,0.9508724761233511,0.06161117671370493,0.21753146846005916,1.2430045443311428,206,7
CAC40,0.12,W,8,Crisis_next_8W,HillTail,0.006356826897214396,0.5254077131820991,0.6350317418297551,2.67634409244139,14.53186889408535,206,7
CAC40,0.12,W,12,Crisis_next_12W,HY_Spread,0.02901049094840147,0.11017724977311891,1.5973969595911188,0.11419965229181855,1.1209759079531045,205,8
CAC40,0.12,W,12,Crisis_next_12W,Yield_Curve,0.0169556856545382,0.29597325576307454,1.0451075700010746,0.4411593128451408,1.5545083357619551,205,8
CAC40,0.12,W,12,Crisis_next_12W,Neely,0.008775122300900162,0.46065332017432814,-0.7377714911813498,-0.6120193499240759,0.5422547606240192,205,8
CAC40,0.12,W,12,Crisis_next_12W,PatroCorr,3.851662306098014e-06,0.9869891493636623,0.01630740578762758,0.038909076177044276,1.0396759480406226,205,8
CAC40,0.12,W,12,Crisis_next_12W,SahmIndicator,0.004731947757331434,0.5999139584155446,-0.5245242489806804,-0.5410435412600241,0.5821404477182058,205,8
CAC40,0.12,W,12,Crisis_next_12W,VIX,1.0093798632815343e-05,0.9792027073688366,-0.02606849311662858,-0.0012449325656590758,0.9987558420414095,205,8
CAC40,0.12,W,12,Crisis_next_12W,M2_Growth,0.010324731858222358,0.3946492125139496,-0.851216295144781,-0.21987242012002423,0.8026211897458276,205,8
CAC40,0.12,W,12,Crisis_next_12W,BuffettDeviation,0.008945395086095265,0.43042183434446213,-0.7884700092740845,-1.454892015955601,0.23342556877724732,205,8
CAC40,0.12,W,12,Crisis_next_12W,Systemic_Corr,5.353093036497558e-05,0.9520995147472973,0.06007046278748998,0.22124443435122873,1.2476283565232584,205,8
CAC40,0.12,W,12,Crisis_next_12W,Shiller_CAPE,0.031366546770532744,0.14620449474524058,-1.4530693688701803,-0.10133858862374238,0.9036270232529177,205,8
CAC40,0.12,W,12,Crisis_next_12W,YC_10Y3M,0.0169556856545382,0.29597325576307454,1.0451075700010746,0.4411593128451408,1.5545083357619551,205,8
CAC40,0.12,W,12,Crisis_next_12W,CFNAI,0.0012144608579245375,0.7819295455722586,0.27680538562339807,0.09336083564769017,1.0978578100387935,205,8
CAC40,0.12,W,12,Crisis_next_12W,CISS,0.00806408644678569,0.434981203306704,0.7806961877946104,1.5585075055340831,4.751724028361024,205,8
CAC40,0.12,W,12,Crisis_next_12W,Downside_Beta,0.0631695563119763,0.05400723404736782,-1.9267785476970547,-3.779002223936233,0.02284547472473302,205,8
CAC40,0.12,W,12,Crisis_next_12W,NFCI,0.02306316831881261,0.14856541557256894,1.4446172826884656,0.6920219315403751,1.9977507676714246,205,8
CAC40,0.12,W,12,Crisis_next_12W,EPU,0.014338972535083871,0.4044229340387391,-0.8337481230783461,-0.003922267619442135,0.9960854144252368,205,8
CAC40,0.12,W,12,Crisis_next_12W,RSkew,0.004873593968733658,0.5714748879704279,-0.5658806917532176,-0.30224752950355976,0.739155079553436,205,8
CAC40,0.12,W,12,Crisis_next_12W,RSV_Ratio,0.003579213828538652,0.6245095824273618,0.4894691610809389,1.6371993855287357,5.1407520681716665,205,8
CAC40,0.12,W,12,Crisis_next_12W,HillTail,0.0032536106917750995,0.6446599379019855,-0.4611932864396821,-2.0421272506580515,0.12975240121180054,205,8
CAC40,0.12,W,16,Crisis_next_16W,HY_Spread,0.014663639284332564,0.44237843194384363,-0.7681830670458188,-0.1860762460277156,0.8302102923317166,204,7
CAC40,0.12,W,16,Crisis_next_16W,Yield_Curve,3.550081294700913e-05,0.963237170616796,0.04609168846094901,0.01947118935088718,1.0196619893136796,204,7
CAC40,0.12,W,16,Crisis_next_16W,Neely,0.11128361498718775,0.8815993397414663,-0.14894207586638028,-9.89449725322256,5.045154167173376e-05,204,7
CAC40,0.12,W,16,Crisis_next_16W,PatroCorr,0.0003953288281504097,0.8760747312450903,-0.155947084478678,-0.39118040377101226,0.6762581455144121,204,7
CAC40,0.12,W,16,Crisis_next_16W,SahmIndicator,0.13493336531052735,0.1786375100561437,-1.3449619887307311,-13.11646901226638,2.0118235421806925e-06,204,7
CAC40,0.12,W,16,Crisis_next_16W,VIX,0.033019723922623534,0.23174685196964995,-1.1958711323139959,-0.10117367097517792,0.9037760595857949,204,7
CAC40,0.12,W,16,Crisis_next_16W,M2_Growth,0.013507527553403897,0.3544804433234211,-0.9259336869260689,-0.25282383598327524,0.7766046795737245,204,7
CAC40,0.12,W,16,Crisis_next_16W,BuffettDeviation,0.010654370153394987,0.4398205061970927,0.7724963528320251,1.7937265916886398,6.011814351091498,204,7
CAC40,0.12,W,16,Crisis_next_16W,Systemic_Corr,0.014895063601256697,0.35784088057284724,0.9194870414304347,3.9865327141256848,53.86779015965574,204,7
CAC40,0.12,W,16,Crisis_next_16W,Shiller_CAPE,0.0014619729726506048,0.7645648563603089,-0.2994917624746639,-0.022371257256533276,0.9778771236733521,204,7
CAC40,0.12,W,16,Crisis_next_16W,YC_10Y3M,3.550081294700913e-05,0.963237170616796,0.04609168846094901,0.01947118935088718,1.0196619893136796,204,7
CAC40,0.12,W,16,Crisis_next_16W,CFNAI,0.10586989605381991,0.018173640812540446,2.362061219230962,1.1185076420148021,3.0602837548701,204,7
CAC40,0.12,W,16,Crisis_next_16W,CISS,0.03882880713301229,0.24944788018328257,-1.151691466401309,-6.6209258278520355,0.0013321969894087968,204,7
CAC40,0.12,W,16,Crisis_next_16W,Downside_Beta,0.10778841913666215,0.02083354061549493,-2.3109875856414637,-5.267555408954243,0.00515619997908518,204,7
CAC40,0.12,W,16,Crisis_next_16W,NFCI,0.04444509397599061,0.17134695798175636,-1.3678885702367976,-3.5018491600943693,0.030141595222492823,204,7
CAC40,0.12,W,16,Crisis_next_16W,EPU,0.018572774994725316,0.3819906530568742,-0.8742343316449831,-0.004858341619250388,0.9951534410332877,204,7
CAC40,0.12,W,16,Crisis_next_16W,RSkew,0.010427908374435413,0.43416870344161096,-0.7820780538075598,-0.45265229936956386,0.6359392116545135,204,7
CAC40,0.12,W,16,Crisis_next_16W,RSV_Ratio,0.0032315396369120286,0.6585870412321505,0.4418648035397471,1.5726642076236204,4.819471176496461,204,7
CAC40,0.12,W,16,Crisis_next_16W,HillTail,0.05219432176720307,0.10060881536011423,-1.6419092366688348,-9.467166529751788,7.7350266950271e-05,204,7
CAC40,0.12,M,6,Crisis_next_6M,HY_Spread,0.023448668161737518,0.2311985081284048,-1.1972772513801184,-0.23699869362815312,0.7889923187342891,203,13
CAC40,0.12,M,6,Crisis_next_6M,Yield_Curve,0.0030941092564641393,0.5871986506365446,0.5429000077347997,0.17322541356728005,1.1891341218399691,203,13
CAC40,0.12,M,6,Crisis_next_6M,Neely,0.06036895700672629,0.06121827638730517,-1.8719156333474403,-1.9684445107444766,0.13967394865520946,203,13
CAC40,0.12,M,6,Crisis_next_6M,PatroCorr,0.0016952114404530372,0.6834791294731186,-0.4077201674962481,-0.7577472445360551,0.468721152682117,203,13
CAC40,0.12,M,6,Crisis_next_6M,SahmIndicator,0.1485725299067302,0.06051838879932833,-1.8769978480847047,-11.381709557763177,1.1402139351440191e-05,203,13
CAC40,0.12,M,6,Crisis_next_6M,VIX,0.04424373010863758,0.0830402985387783,-1.7333116087475136,-0.11303923184116618,0.8931156208585121,203,13
CAC40,0.12,M,6,Crisis_next_6M,M2_Growth,0.008274605292137527,0.3661004596196272,-0.9038018895738343,-0.18500233110255124,0.8311023464650673,203,13
CAC40,0.12,M,6,Crisis_next_6M,BuffettDeviation,0.020472016086458544,0.1861000969398453,1.3222043981139944,2.398589204624639,11.007635899179267,203,13
CAC40,0.12,M,6,Crisis_next_6M,Systemic_Corr,0.006766923405507663,0.4289867004340251,0.7909268134748633,2.3945819676286533,10.963613955454992,203,13
CAC40,0.12,M,6,Crisis_next_6M,Shiller_CAPE,0.0040688588056593256,0.5340412086573698,0.6218489303193094,0.03531436571741372,1.035945323310686,203,13
CAC40,0.12,M,6,Crisis_next_6M,YC_10Y3M,0.0030941092564641393,0.5871986506365446,0.5429000077347997,0.17322541356728005,1.1891341218399691,203,13
CAC40,0.12,M,6,Crisis_next_6M,CFNAI,0.18488086355097033,0.0001990464311941584,3.7202236549186094,1.461764507155404,4.313564131959528,203,13
CAC40,0.12,M,6,Crisis_next_6M,CISS,0.03999400682850773,0.12786281687052792,-1.5225839934609813,-5.854997608442695,0.0028655424542150935,203,13
CAC40,0.12,M,6,Crisis_next_6M,Downside_Beta,0.006997797142936135,0.42147405397557214,-0.8038665434265772,-1.0826986984530493,0.3386802952461159,203,13
CAC40,0.12,M,6,Crisis_next_6M,NFCI,0.045901783777077876,0.08413287538687683,-1.7271937363672174,-3.207769901864428,0.040446712908221126,203,13
CAC40,0.12,M,6,Crisis_next_6M,EPU,0.0631946153561832,0.04982804777425141,-1.9614371682863208,-0.011958245262903469,0.9881129703978764,203,13
CAC40,0.12,M,6,Crisis_next_6M,RSkew,0.018245454410332207,0.19023241958695714,-1.3098918648952331,-0.5618738126781453,0.5701397272442325,203,13
CAC40,0.12,M,6,Crisis_next_6M,RSV_Ratio,0.0004369301397015857,0.8375622852428387,0.2050125942294244,0.55392406928158,1.7400677848562545,203,13
CAC40,0.12,M,6,Crisis_next_6M,HillTail,0.007302871049094439,0.4120667619924927,-0.8202620038108487,-2.9666790261468297,0.05147397050625187,203,13
CAC40,0.12,M,12,Crisis_next_12M,HY_Spread,0.001368722192866656,0.7472575421881404,-0.3222576121743864,-0.03761628791081346,0.9630824163666057,197,11
CAC40,0.12,M,12,Crisis_next_12M,Yield_Curve,0.06710824832611773,0.025339293904515763,2.236190520468727,0.8712131416011317,2.3898082715126816,197,11
CAC40,0.12,M,12,Crisis_next_12M,Neely,0.054437770203206615,0.08580132733244278,-1.717974166925352,-1.8203319093188213,0.16197198200095536,197,11
CAC40,0.12,M,12,Crisis_next_12M,PatroCorr,0.0018721302557237474,0.6880075834577682,-0.4015603931149293,-0.8035307786609593,0.4477452804624281,197,11
CAC40,0.12,M,12,Crisis_next_12M,SahmIndicator,0.2056989746698401,0.1343067202190773,-1.4973326618770533,-35.804775139168235,2.8195755198284754e-16,197,11
CAC40,0.12,M,12,Crisis_next_12M,VIX,0.01892987619581976,0.2575741763531696,-1.1321433402058065,-0.06436602061938905,0.9376617331849237,197,11
CAC40,0.12,M,12,Crisis_next_12M,M2_Growth,0.13275470026273206,0.001525627004026513,-3.1697641811034565,-0.7469832010849695,0.473793739329886,197,11
CAC40,0.12,M,12,Crisis_next_12M,BuffettDeviation,0.02317817313537096,0.15741395086447296,-1.4138227541495254,-2.2249014472077957,0.10807806950550995,197,11
CAC40,0.12,M,12,Crisis_next_12M,Systemic_Corr,0.0070512450727823195,0.4295117318412799,-0.7900274596787134,-2.378089337871161,0.09272757943538455,197,11
CAC40,0.12,M,12,Crisis_next_12M,Shiller_CAPE,0.03478103904261365,0.0887006204759676,-1.7022921241784967,-0.10202451478953177,0.9030074143608235,197,11
CAC40,0.12,M,12,Crisis_next_12M,YC_10Y3M,0.06710824832611773,0.025339293904515763,2.236190520468727,0.8712131416011317,2.3898082715126816,197,11
CAC40,0.12,M,12,Crisis_next_12M,CFNAI,0.26121919611834854,0.00014116711603754433,3.806114381733211,1.8988017012665694,6.677887541724738,197,11
CAC40,0.12,M,12,Crisis_next_12M,CISS,0.017061553231108584,0.29646370444028947,-1.0440468716696318,-3.156842781499504,0.042559900088357104,197,11
CAC40,0.12,M,12,Crisis_next_12M,Downside_Beta,0.012892123449707471,0.3104923325760143,-1.01418951113763,-1.5041053810003362,0.22221600359277613,197,11
CAC40,0.12,M,12,Crisis_next_12M,NFCI,0.04056719389226737,0.12954899563287522,-1.5158827786353424,-2.9285831087869933,0.053472749564101286,197,11
CAC40,0.12,M,12,Crisis_next_12M,EPU,0.0005017214907041545,0.8397429407005019,-0.20222229958882823,-0.0007382641189308693,0.999262008330973,197,11
CAC40,0.12,M,12,Crisis_next_12M,RSkew,0.011545894911859644,0.3141077981870307,1.006640014079549,0.4236033205885292,1.527455563418175,197,11
CAC40,0.12,M,12,Crisis_next_12M,RSV_Ratio,0.048839788001668105,0.044403592661123814,-2.0102608072070147,-5.83716359427322,0.0029171049958722508,197,11
CAC40,0.12,M,12,Crisis_next_12M,HillTail,0.07452556983360004,0.02021824300778798,-2.3222729519313163,-11.315977577844107,1.2176805822178152e-05,197,11
CAC40,0.12,M,18,Crisis_next_18M,HY_Spread,0.0002455967465335718,0.8962342641913194,-0.13041984809937215,-0.015073227333156329,0.985039805124005,191,9
CAC40,0.12,M,18,Crisis_next_18M,Yield_Curve,0.13270429084143986,0.006503216983353632,2.7212672136377227,1.3473508717718612,3.8472202393666235,191,9
CAC40,0.12,M,18,Crisis_next_18M,Neely,0.042027293450749514,0.1447673981309548,-1.4582654188245867,-1.5627605665307251,0.20955677655430324,191,9
CAC40,0.12,M,18,Crisis_next_18M,PatroCorr,0.0009620692401678399,0.7903253540634548,-0.2658881468472191,-0.5816785028445357,0.5589593638443002,191,9
CAC40,0.12,M,18,Crisis_next_18M,SahmIndicator,0.06502275401937663,0.16248914310350882,-1.3967487355472321,-3.7716990052442827,0.02301293096323422,191,9
CAC40,0.12,M,18,Crisis_next_18M,VIX,0.010746304054365385,0.4173766068353886,-0.8109809567643579,-0.04613302078816477,0.9549149302053083,191,9
CAC40,0.12,M,18,Crisis_next_18M,M2_Growth,0.15351106952149873,0.0022880637044951028,-3.050045932272848,-0.8277328921725414,0.4370389785172749,191,9
CAC40,0.12,M,18,Crisis_next_18M,BuffettDeviation,0.03204092295964256,0.12692639690048663,-1.5263352389674798,-2.647288241891206,0.07084306206682617,191,9
CAC40,0.12,M,18,Crisis_next_18M,Systemic_Corr,0.013102837534847422,0.31938862245586597,-0.9957150357632614,-3.3041017387884453,0.03673219212511328,191,9
CAC40,0.12,M,18,Crisis_next_18M,Shiller_CAPE,0.029859632699961614,0.14478095869232155,-1.4582162042325755,-0.0960655680875023,0.9084044517733877,191,9
CAC40,0.12,M,18,Crisis_next_18M,YC_10Y3M,0.13270429084143986,0.006503216983353632,2.7212672136377227,1.3473508717718612,3.8472202393666235,191,9
CAC40,0.12,M,18,Crisis_next_18M,CFNAI,0.23177732799262907,0.0007675881695104028,3.3642254343037195,1.7882875899585844,5.979204844406617,191,9
CAC40,0.12,M,18,Crisis_next_18M,CISS,0.005366966142885898,0.5602640709462186,-0.582449317043154,-1.5677424998502896,0.20851537491753874,191,9
CAC40,0.12,M,18,Crisis_next_18M,Downside_Beta,0.0002224952673418601,0.8985191830414926,0.12753220794849085,0.18526392249230328,1.2035360384460254,191,9
CAC40,0.12,M,18,Crisis_next_18M,NFCI,0.0352810607329227,0.19420220323055115,-1.2982477831861443,-2.6591743674018957,0.0700059971240435,191,9
CAC40,0.12,M,18,Crisis_next_18M,EPU,6.433051960175185e-05,0.9459226680368301,-0.06782785713251233,-0.00029223987589892296,0.9997078028220142,191,9
CAC40,0.12,M,18,Crisis_next_18M,RSkew,0.002015412724102772,0.7035482543142894,-0.38053508969993854,-0.18662230713982092,0.8297570705308669,191,9
CAC40,0.12,M,18,Crisis_next_18M,RSV_Ratio,0.008491177543325623,0.43057751590146986,-0.7882037843568742,-2.4765634187578267,0.0840315110649261,191,9
CAC40,0.12,M,18,Crisis_next_18M,HillTail,0.036224508264348754,0.12247906192696895,-1.5444512113873972,-7.609321437494792,0.000495808181198047,191,9
CAC40,0.12,M,24,Crisis_next_24M,HY_Spread,0.008594779467142488,0.5678930604627332,0.5711572402612078,0.07347856931330893,1.0762454717452363,185,3
CAC40,0.12,M,24,Crisis_next_24M,Yield_Curve,0.16912621810292483,0.06072375731229803,1.875501543753441,1.8709613648223806,6.494537018477401,185,3
CAC40,0.12,M,24,Crisis_next_24M,Neely,0.08717551463560491,0.9479034218764961,-0.06533984061619759,-10.738206521304935,2.1699821542384283e-05,185,3
CAC40,0.12,M,24,Crisis_next_24M,PatroCorr,0.006337248182886501,0.6545385016467022,-0.44746617975961767,-1.5922216617652796,0.20347306089325337,185,3
CAC40,0.12,M,24,Crisis_next_24M,SahmIndicator,0.2075393084361392,0.013962588118109341,2.4582244456416626,2.3175263583655177,10.15053444077867,185,3
CAC40,0.12,M,24,Crisis_next_24M,VIX,0.0027992906217041424,0.7607106852002455,0.30454766437611486,0.020243203916788,1.0204494871625172,185,3
CAC40,0.12,M,24,Crisis_next_24M,M2_Growth,0.026301523183774322,0.36677610722969933,-0.9025286538257756,-0.3610282860303782,0.6969592839765728,185,3
CAC40,0.12,M,24,Crisis_next_24M,BuffettDeviation,0.015822199604137888,0.4829241056537392,-0.7016072874880608,-2.0567169351550247,0.12787309717729423,185,3
CAC40,0.12,M,24,Crisis_next_24M,Systemic_Corr,0.003453123745875364,0.732296815213044,-0.3420718582509739,-1.9698020120819162,0.13948446972115555,185,3
CAC40,0.12,M,24,Crisis_next_24M,Shiller_CAPE,0.03936255127872745,0.2796064568011428,-1.0812038253152905,-0.12265477484276378,0.8845689853222835,185,3
CAC40,0.12,M,24,Crisis_next_24M,YC_10Y3M,0.16912621810292483,0.06072375731229803,1.875501543753441,1.8709613648223806,6.494537018477401,185,3
CAC40,0.12,M,24,Crisis_next_24M,CFNAI,0.003557606794768464,0.7542046121580155,0.31310010127579446,0.17261168128436136,1.1884045357488453,185,3
CAC40,0.12,M,24,Crisis_next_24M,CISS,0.00019251392833374847,0.9348768674384479,0.08171057677334716,0.29257896840578623,1.3398785404585418,185,3
CAC40,0.12,M,24,Crisis_next_24M,Downside_Beta,0.00043405295744958217,0.9087496073078319,-0.1146158609950059,-0.29176886882709363,0.7469411574092952,185,3
CAC40,0.12,M,24,Crisis_next_24M,NFCI,0.009055950094085663,0.5473033997107375,0.6018058213326891,0.4733779546476292,1.6054080397546293,185,3
CAC40,0.12,M,24,Crisis_next_24M,EPU,0.006244187003698554,0.6863112526171682,-0.40386600958314955,-0.003703589782511757,0.9963032600471978,185,3
CAC40,0.12,M,24,Crisis_next_24M,RSkew,0.0021428638302244396,0.7954315718451198,0.2592639765954098,0.2071944370866009,1.2302217492603122,185,3
CAC40,0.12,M,24,Crisis_next_24M,RSV_Ratio,0.0240584006353719,0.3887274737411298,-0.8619273931969749,-4.617418280051719,0.009878266085412514,185,3
CAC40,0.12,M,24,Crisis_next_24M,HillTail,0.00045190712376785847,0.9043720783519325,0.12014021218222712,0.8736619550596588,2.395667637490328,185,3
CAC40,0.15,D,5,Crisis_next_5D,HY_Spread,0.0013478537891224995,0.7652952981397193,-0.29853443518120093,-0.05765581809062357,0.9439747905768496,4401,5
CAC40,0.15,D,5,Crisis_next_5D,Yield_Curve,0.04063147088640051,0.07669076019251302,-1.770218430633142,-0.8402396864143852,0.4316070606814694,4401,5
CAC40,0.15,D,5,Crisis_next_5D,Neely,0.13562378884434234,0.3912001150271296,0.8574429792972169,6.195578036602305,490.574933324445,4401,5
CAC40,0.15,D,5,Crisis_next_5D,PatroCorr,0.03445357349531675,0.18830271778463537,1.3156167230201037,6.629835332848464,757.3574484795342,4401,5
CAC40,0.15,D,5,Crisis_next_5D,SahmIndicator,0.12401817158516071,0.5061332440341615,-0.6648706274219972,-85.915671407271,4.867410770968824e-38,4401,5
CAC40,0.15,D,5,Crisis_next_5D,VIX,0.24423088156387363,9.11121191719458e-08,5.343612734213173,0.1125173440428076,1.1190916663182275,4401,5
CAC40,0.15,D,5,Crisis_next_5D,M2_Growth,0.013671805650008695,0.30434852642395926,1.0271527853807079,0.38216054502726987,1.4654473365308394,4401,5
CAC40,0.15,D,5,Crisis_next_5D,BuffettDeviation,0.009212681773274167,0.409828441719601,0.8241955736058744,2.3668671283075353,10.663931168699685,4401,5
CAC40,0.15,D,5,Crisis_next_5D,Systemic_Corr,0.1745589960675925,0.004884037127645754,2.814584265584121,25.66945036512702,140637341119.57397,4401,5
CAC40,0.15,D,5,Crisis_next_5D,Shiller_CAPE,0.013640478572829573,0.2996302094688481,-1.0372267171672873,-0.08827346363837615,0.9155104836603538,4401,5
CAC40,0.15,D,5,Crisis_next_5D,YC_10Y3M,0.04063147088640051,0.07669076019251302,-1.770218430633142,-0.8402396864143852,0.4316070606814694,4401,5
CAC40,0.15,D,5,Crisis_next_5D,CFNAI,0.1309284984543676,1.6453570290180558e-05,-4.308271011333781,-0.5073743816214015,0.6020743227228045,4401,5
CAC40,0.15,D,5,Crisis_next_5D,CISS,0.0003810406120783316,0.836461716563685,0.206421450480488,0.5772796751944291,1.7811864286062304,4401,5
CAC40,0.15,D,5,Crisis_next_5D,Downside_Beta,0.08152518265096587,0.023840159709282164,-2.259695436856986,-6.141709199379932,0.002151243570049408,4401,5
CAC40,0.15,D,5,Crisis_next_5D,NFCI,0.008072509123073779,0.3515653427334572,0.9315573315940389,0.574329561193005,1.7759394689540526,4401,5
CAC40,0.15,D,5,Crisis_next_5D,EPU,0.010815988301505097,0.2977527048832045,1.041264721844142,0.002919645701747603,1.0029239120182933,4401,5
CAC40,0.15,D,5,Crisis_next_5D,RSkew,0.41209008497298827,1.3639324002726691e-08,-5.677856271863427,-2.6016706918847414,0.07414959354888663,4401,5
CAC40,0.15,D,5,Crisis_next_5D,RSV_Ratio,0.48011648817128194,1.0669772496336525e-08,5.719723206665185,20.28059806352872,642320567.6107389,4401,5
CAC40,0.15,D,5,Crisis_next_5D,HillTail,0.02456716934573555,0.13674344022220122,1.48802826307105,6.190916548016504,488.29344556813294,4401,5
CAC40,0.15,D,10,Crisis_next_10D,HY_Spread,0.004245339129109182,0.3736790721751123,-0.8896030421021885,-0.10438203834071387,0.9008810605639944,4396,19
CAC40,0.15,D,10,Crisis_next_10D,Yield_Curve,0.010398525574320638,0.10671299842889077,-1.6131450498505764,-0.3950672469823807,0.6736347378223472,4396,19
CAC40,0.15,D,10,Crisis_next_10D,Neely,0.036795073489617414,0.004198465280754521,2.8628520715506522,1.4166033760937229,4.123092036154451,4396,19
CAC40,0.15,D,10,Crisis_next_10D,PatroCorr,0.006985386321135434,0.21388013169564946,1.2429666268928372,2.137267798105824,8.476247144266324,4396,19
CAC40,0.15,D,10,Crisis_next_10D,SahmIndicator,0.062049707950322164,0.023163553379988062,-2.270726275365531,-6.412506339926571,0.0016409066739749248,4396,19
CAC40,0.15,D,10,Crisis_next_10D,VIX,0.07008877516239231,2.983249116577869e-07,5.1245021715094525,0.07444452522421571,1.0772855796885887,4396,19
CAC40,0.15,D,10,Crisis_next_10D,M2_Growth,0.0006426686334342069,0.6897362983161092,-0.3992129550089377,-0.06857972029402769,0.9337190207815239,4396,19
CAC40,0.15,D,10,Crisis_next_10D,BuffettDeviation,0.00835475616291248,0.17200449751063507,1.365791237403576,1.943480826899178,6.983015383812304,4396,19
CAC40,0.15,D,10,Crisis_next_10D,Systemic_Corr,0.03283972033365068,0.00821861717488009,2.642954117000759,7.386850532365856,1614.612925578555,4396,19
CAC40,0.15,D,10,Crisis_next_10D,Shiller_CAPE,0.001570457159828842,0.5332243408449837,-0.623091582571651,-0.02772241720125357,0.972658322551375,4396,19
CAC40,0.15,D,10,Crisis_next_10D,YC_10Y3M,0.010398525574320638,0.10671299842889077,-1.6131450498505764,-0.3950672469823807,0.6736347378223472,4396,19
CAC40,0.15,D,10,Crisis_next_10D,CFNAI,0.007540638485794893,0.11507654755138595,-1.575779850701902,-0.20162022706569643,0.8174052974118576,4396,19
CAC40,0.15,D,10,Crisis_next_10D,CISS,0.001939117554304759,0.5110785820258565,-0.6571591607000133,-1.1903473164657854,0.3041156213592395,4396,19
CAC40,0.15,D,10,Crisis_next_10D,Downside_Beta,0.13676518959036021,8.322202299452051e-07,-4.927655879610967,-7.636452039044811,0.00048253744255547133,4396,19
CAC40,0.15,D,10,Crisis_next_10D,NFCI,7.591185283484236e-05,0.8913575011242159,0.13658668571186283,0.06951579641091876,1.0719889946496866,4396,19
CAC40,0.15,D,10,Crisis_next_10D,EPU,0.008972656224295217,0.09880184779378735,1.6506902104487953,0.0025319596271214527,1.0025351677439343,4396,19
CAC40,0.15,D,10,Crisis_next_10D,RSkew,0.16204945593018572,4.130959181019023e-12,-6.932627163684346,-1.743306817540463,0.1749409452820908,4396,19
CAC40,0.15,D,10,Crisis_next_10D,RSV_Ratio,0.1948452523744304,3.67298249624969e-13,7.26709583053764,13.160765297281824,519574.4017588576,4396,19
CAC40,0.15,D,10,Crisis_next_10D,HillTail,2.165397267162028e-06,0.9517200280145091,0.06054694460714912,0.15912446707712777,1.1724838732396847,4396,19
CAC40,0.15,D,15,Crisis_next_15D,HY_Spread,0.019488572949155736,0.0011453436732695118,3.252152958779374,0.11185274578771127,1.1183481670410271,4391,34
CAC40,0.15,D,15,Crisis_next_15D,Yield_Curve,0.00032838642127464013,0.716026256263764,-0.3637747004616831,-0.06851189922118818,0.9337823487547053,4391,34
CAC40,0.15,D,15,Crisis_next_15D,Neely,0.020873130699933462,0.004324768449807162,2.8534474167864152,0.9987726664865851,2.714947636573329,4391,34
CAC40,0.15,D,15,Crisis_next_15D,PatroCorr,0.0048673996123127505,0.17970994278708752,1.341648653761184,1.6701382764150412,5.312902395487899,4391,34
CAC40,0.15,D,15,Crisis_next_15D,SahmIndicator,0.0031620203906547184,0.2977392732244043,-1.0412936708844207,-0.5129876488328281,0.5987041862555538,4391,34
CAC40,0.15,D,15,Crisis_next_15D,VIX,0.04319222216420504,7.053545209636687e-07,4.959883544071986,0.06224209718541576,1.0642199581995706,4391,34
CAC40,0.15,D,15,Crisis_next_15D,M2_Growth,0.001209930634878842,0.49241024742401673,0.68648035626069,0.09357484678587422,1.0980927889814427,4391,34
CAC40,0.15,D,15,Crisis_next_15D,BuffettDeviation,0.0010725199717268596,0.50391700215901,-0.6683393474163422,-0.6049896721690442,0.5460800664332004,4391,34
CAC40,0.15,D,15,Crisis_next_15D,Systemic_Corr,0.004129623200164523,0.2079125241117682,1.2593262263182914,2.267713250278094,9.657291735552064,4391,34
CAC40,0.15,D,15,Crisis_next_15D,Shiller_CAPE,0.015792691088020283,0.011641666255596655,-2.5228239635907483,-0.08281277079660017,0.9205234799646247,4391,34
CAC40,0.15,D,15,Crisis_next_15D,YC_10Y3M,0.00032838642127464013,0.716026256263764,-0.3637747004616831,-0.06851189922118818,0.9337823487547053,4391,34
CAC40,0.15,D,15,Crisis_next_15D,CFNAI,0.0013036612106039902,0.7179693890331835,-0.3611739841226672,-0.04873092913116695,0.9524373683739948,4391,34
CAC40,0.15,D,15,Crisis_next_15D,CISS,0.01306770924868017,0.013638444742778427,2.4666477552217154,2.192802027290246,8.960284935249016,4391,34
CAC40,0.15,D,15,Crisis_next_15D,Downside_Beta,0.09411852162702805,3.404825852982958e-08,-5.51923295295931,-5.645399335246822,0.0035337369735954933,4391,34
CAC40,0.15,D,15,Crisis_next_15D,NFCI,0.029513033458950844,2.7236168341261647e-05,4.195423933231482,0.8245439069572593,2.280840252691198,4391,34
CAC40,0.15,D,15,Crisis_next_15D,EPU,0.012666074932522475,0.01161459148813938,2.5236426872495903,0.0028111421267787567,1.0028150970919285,4391,34
CAC40,0.15,D,15,Crisis_next_15D,RSkew,0.03273473936281657,0.0001578889898366438,-3.778321456423349,-0.8623501911707622,0.42216873825952145,4391,34
CAC40,0.15,D,15,Crisis_next_15D,RSV_Ratio,0.059895224284953974,4.6164577790110985e-07,5.041604028941119,7.524131088977551,1852.2031269633285,4391,34
CAC40,0.15,D,15,Crisis_next_15D,HillTail,0.0007477082631275334,0.5785091920063112,0.5555636421871469,1.0644395568114924,2.899213684096749,4391,34
CAC40,0.15,W,4,Crisis_next_4W,HY_Spread,0.07712690322504101,0.06286406671002681,1.8601516974821375,0.16812795925200097,1.1830879880165348,210,3
CAC40,0.15,W,4,Crisis_next_4W,Yield_Curve,0.012826577475894552,0.5211289635772176,-0.6416061118857164,-0.3990178903317687,0.6709786972145643,210,3
CAC40,0.15,W,4,Crisis_next_4W,Neely,0.035758146330128526,0.30741186526227315,1.0206677787162242,1.2588058346446462,3.5212140638418474,210,3
CAC40,0.15,W,4,Crisis_next_4W,PatroCorr,0.003153689441221297,0.7585496455954063,0.30738591788105996,1.2274798516386938,3.4126183855264403,210,3
CAC40,0.15,W,4,Crisis_next_4W,SahmIndicator,0.005060003523719603,0.6732311813042264,0.42171756595948867,0.4785204132498073,1.6136850479843907,210,3
CAC40,0.15,W,4,Crisis_next_4W,VIX,0.21600237449317317,0.00848696687385265,2.6320568162407634,0.13966888916121223,1.149892993782675,210,3
CAC40,0.15,W,4,Crisis_next_4W,M2_Growth,0.1756896198822847,0.013692479017225883,2.4652314051185455,1.0952705628451522,2.989991554585173,210,3
CAC40,0.15,W,4,Crisis_next_4W,BuffettDeviation,0.0009811608729043408,0.8574079250774737,-0.17967474021871882,-0.5495043980707044,0.5772358186868981,210,3
CAC40,0.15,W,4,Crisis_next_4W,Systemic_Corr,0.036319046739862526,0.3229481307636012,0.9884176830674285,6.843507851348482,937.7729398835078,210,3
CAC40,0.15,W,4,Crisis_next_4W,Shiller_CAPE,0.05867338610105011,0.1784505918885183,-1.345540994848847,-0.15169973643555776,0.8592462423504109,210,3
CAC40,0.15,W,4,Crisis_next_4W,YC_10Y3M,0.012826577475894552,0.5211289635772176,-0.6416061118857164,-0.3990178903317687,0.6709786972145643,210,3
CAC40,0.15,W,4,Crisis_next_4W,CFNAI,0.11557836072510408,0.02553827453602602,-2.2331618284768027,-0.48900343330807106,0.613237221558011,210,3
CAC40,0.15,W,4,Crisis_next_4W,CISS,0.05202507774078102,0.15882642836729788,1.4090295574595544,3.7099136906038663,40.85028061178116,210,3
CAC40,0.15,W,4,Crisis_next_4W,Downside_Beta,0.07825004507588562,0.1477761745445063,-1.4474312647205243,-4.760221740437055,0.008563710266091509,210,3
CAC40,0.15,W,4,Crisis_next_4W,NFCI,0.1341439433355155,0.013536657885363484,2.469329316654024,1.3025369962714606,3.678617478015155,210,3
CAC40,0.15,W,4,Crisis_next_4W,EPU,0.002019645032536821,0.791957284915501,0.2637698283581818,0.0010311963168330713,1.0010317281825587,210,3
CAC40,0.15,W,4,Crisis_next_4W,RSkew,0.03446416360938953,0.3060416965502679,-1.0235630684486277,-0.9091570675311252,0.40286366781557625,210,3
CAC40,0.15,W,4,Crisis_next_4W,RSV_Ratio,0.08829274182455615,0.10896618460834509,1.6028572011192403,9.364004727459807,11660.994262083626,210,3
CAC40,0.15,W,4,Crisis_next_4W,HillTail,0.022913278489705036,0.3823396783957187,0.8735934795830897,5.281551871773585,196.6748528002796,210,3
CAC40,0.15,W,8,Crisis_next_8W,HY_Spread,0.06489778523347867,0.05839844712492191,1.8926949594380946,0.15662658345302807,1.1695587997406918,206,4
CAC40,0.15,W,8,Crisis_next_8W,Yield_Curve,0.0010892036314641418,0.8351922388825035,-0.208047039161388,-0.11421357862245184,0.8920674090064132,206,4
CAC40,0.15,W,8,Crisis_next_8W,Neely,0.007173419738802034,0.6104427232196148,-0.5094416003353206,-0.5928186904716891,0.552767007700868,206,4
CAC40,0.15,W,8,Crisis_next_8W,PatroCorr,0.01821695688980196,0.43636482752522043,0.7783464013035716,3.2049583784558124,24.65447383782856,206,4
CAC40,0.15,W,8,Crisis_next_8W,SahmIndicator,0.0010790842763283015,0.8423767532694943,-0.19885425596348125,-0.25766773589119274,0.7728519804249563,206,4
CAC40,0.15,W,8,Crisis_next_8W,VIX,0.015695692287146845,0.3974830532050423,0.8461249325938647,0.0442727338970413,1.0452673958668335,206,4
CAC40,0.15,W,8,Crisis_next_8W,M2_Growth,0.04010690872830913,0.21297334044346483,1.245431064401917,0.5312561110535776,1.7010676971324739,206,4
CAC40,0.15,W,8,Crisis_next_8W,BuffettDeviation,0.0009111321923238602,0.8495828577990211,0.18965069675924057,0.5327182790724074,1.7035567631900235,206,4
CAC40,0.15,W,8,Crisis_next_8W,Systemic_Corr,0.002419738157022011,0.7603500029722421,0.3050212039339518,1.6163040499923402,5.034448817614058,206,4
CAC40,0.15,W,8,Crisis_next_8W,Shiller_CAPE,0.0026422969402657426,0.7456405118857954,-0.3243930089467657,-0.031712899615133364,0.9687846806108459,206,4
CAC40,0.15,W,8,Crisis_next_8W,YC_10Y3M,0.0010892036314641418,0.8351922388825035,-0.208047039161388,-0.11421357862245184,0.8920674090064132,206,4
CAC40,0.15,W,8,Crisis_next_8W,CFNAI,2.979469410635538e-06,0.9913295196107507,-0.010867049532029736,-0.004568667379992498,0.995441753105538,206,4
CAC40,0.15,W,8,Crisis_next_8W,CISS,0.03246145949999624,0.21597431519885202,1.2373038065989088,2.98823350271106,19.85058549585526,206,4
CAC40,0.15,W,8,Crisis_next_8W,Downside_Beta,0.015473386150911872,0.44975018075290485,-0.7558315787705345,-1.874540647251876,0.15342542705219311,206,4
CAC40,0.15,W,8,Crisis_next_8W,NFCI,0.08543839145052079,0.026963051406400297,2.2120523004875863,1.1111727611598474,3.03791905960253,206,4
CAC40,0.15,W,8,Crisis_next_8W,EPU,0.0043758365557902135,0.7051872250278801,-0.37832762638424844,-0.0020105213748544916,0.9979914983694385,206,4
CAC40,0.15,W,8,Crisis_next_8W,RSkew,0.018881363775437365,0.39786113178073457,-0.8454473235490704,-0.6556967268683098,0.5190802793921847,206,4
CAC40,0.15,W,8,Crisis_next_8W,RSV_Ratio,0.006139741896890927,0.6248077085927588,0.4890480085348131,2.305667265704898,10.03086927488923,206,4
CAC40,0.15,W,8,Crisis_next_8W,HillTail,0.004525817416925149,0.6667149143162376,0.43066095304941976,2.390030750808685,10.91382954696632,206,4
CAC40,0.15,W,12,Crisis_next_12W,HY_Spread,0.0462392574003766,0.08436154434413985,1.7259214547194492,0.13771824716357658,1.14765215046829,205,5
CAC40,0.15,W,12,Crisis_next_12W,Yield_Curve,2.138349067593026e-06,0.9920073397601716,-0.01001748161309078,-0.004977892246939928,0.9950344769260233,205,5
CAC40,0.15,W,12,Crisis_next_12W,Neely,0.015711289355036406,0.42712190098021996,-0.7941263123741978,-0.8948382082308347,0.40867371333538943,205,5
CAC40,0.15,W,12,Crisis_next_12W,PatroCorr,0.001110947772337778,0.8213063562242392,0.2258650824620248,0.6997063486515851,2.013161453088126,205,5
CAC40,0.15,W,12,Crisis_next_12W,SahmIndicator,0.0048888321517993605,0.6592538592260409,-0.4409435573179564,-0.5838880067762074,0.5577257043219084,205,5
CAC40,0.15,W,12,Crisis_next_12W,VIX,0.0034859976376123702,0.6734669262787952,0.4213946485034528,0.02213812839961993,1.0223849951207846,205,5
CAC40,0.15,W,12,Crisis_next_12W,M2_Growth,0.0016524782227685941,0.7829030331560511,0.27553787277856406,0.09870991740210297,1.1037460755864017,205,5
CAC40,0.15,W,12,Crisis_next_12W,BuffettDeviation,0.002078625536803491,0.7493098932927968,-0.3195494582811994,-0.7542575222973678,0.47035971671615845,205,5
CAC40,0.15,W,12,Crisis_next_12W,Systemic_Corr,0.0019710888044393027,0.763422897529047,0.3009889803540245,1.4316506620090548,4.185602507879868,205,5
CAC40,0.15,W,12,Crisis_next_12W,Shiller_CAPE,0.03305135000708581,0.21312600284794758,-1.24501563573424,-0.10859719780092963,0.8970916952392265,205,5
CAC40,0.15,W,12,Crisis_next_12W,YC_10Y3M,2.138349067593026e-06,0.9920073397601716,-0.01001748161309078,-0.004977892246939928,0.9950344769260233,205,5
CAC40,0.15,W,12,Crisis_next_12W,CFNAI,0.0007201873788076352,0.8581876001427674,0.1786817497514381,0.0743373155692214,1.0771700904641506,205,5
CAC40,0.15,W,12,Crisis_next_12W,CISS,0.016122949829817212,0.3480917277523592,0.9382971426635373,2.186943262396066,8.907942213999846,205,5
CAC40,0.15,W,12,Crisis_next_12W,Downside_Beta,0.11762640341833397,0.035588962976595945,-2.1015927787418094,-5.774298534133306,0.003106375911245927,205,5
CAC40,0.15,W,12,Crisis_next_12W,NFCI,0.05616655856249231,0.05185279834161633,1.944353822439746,0.9592686117579826,2.6097870076962475,205,5
CAC40,0.15,W,12,Crisis_next_12W,EPU,0.0013496298345981872,0.8101383267621854,-0.24024758426110718,-0.0009966716974426472,0.9990038248148266,205,5
CAC40,0.15,W,12,Crisis_next_12W,RSkew,1.9444891428577193e-05,0.975918995956302,0.030185646241098325,0.019229635779520554,1.019415716063863,205,5
CAC40,0.15,W,12,Crisis_next_12W,RSV_Ratio,3.352934841238664e-05,0.9687519077697767,-0.039173692632834566,-0.16210513314451114,0.8503517996819672,205,5
CAC40,0.15,W,12,Crisis_next_12W,HillTail,0.0020357844661378355,0.7587197794516047,-0.30716237895330273,-1.693744397827611,0.18382990140459748,205,5
CAC40,0.15,W,16,Crisis_next_16W,HY_Spread,0.01715943228922101,0.4392992147061251,-0.7733771402862312,-0.21548378582985475,0.8061513412271591,204,6
CAC40,0.15,W,16,Crisis_next_16W,Yield_Curve,0.00022804850804003518,0.9116989920722566,0.11089577995262931,0.050649993000527395,1.0519546373546853,204,6
CAC40,0.15,W,16,Crisis_next_16W,Neely,0.10707292292880877,0.9037539335810862,-0.12092058974194184,-10.211817702535502,3.673363628827032e-05,204,6
CAC40,0.15,W,16,Crisis_next_16W,PatroCorr,0.0011791473079140191,0.802975007887892,0.24949874974901282,0.7106156658295765,2.035243903127991,204,6
CAC40,0.15,W,16,Crisis_next_16W,SahmIndicator,0.1232202257734405,0.20928362021833424,-1.2555377303699566,-11.665526558352955,8.58472103720568e-06,204,6
CAC40,0.15,W,16,Crisis_next_16W,VIX,0.027027542584984188,0.30131175482826345,-1.0336244708732614,-0.09010596372819676,0.9138343468462924,204,6
CAC40,0.15,W,16,Crisis_next_16W,M2_Growth,0.04398413012175861,0.11809042927180766,-1.5628391664129715,-0.4523821546432963,0.6361110304856994,204,6
CAC40,0.15,W,16,Crisis_next_16W,BuffettDeviation,0.00905919623149709,0.5006272387890967,0.6735031604479311,1.6708695203543438,5.316788843962471,204,6
CAC40,0.15,W,16,Crisis_next_16W,Systemic_Corr,0.0013881240443431864,0.7857774984797629,0.2717977979589009,1.1799805229609948,3.254310817933661,204,6
CAC40,0.15,W,16,Crisis_next_16W,Shiller_CAPE,0.0011295184802784242,0.8041212717520083,-0.24801697649465287,-0.01997557311167447,0.9802226168027164,204,6
CAC40,0.15,W,16,Crisis_next_16W,YC_10Y3M,0.00022804850804003518,0.9116989920722566,0.11089577995262931,0.050649993000527395,1.0519546373546853,204,6
CAC40,0.15,W,16,Crisis_next_16W,CFNAI,0.11914595207503409,0.019501500220568152,2.3358032105848747,1.217862958722886,3.3799569026652625,204,6
CAC40,0.15,W,16,Crisis_next_16W,CISS,0.03201545849550447,0.309755643317874,-1.015734901257428,-5.774403542608129,0.003106049732575325,204,6
CAC40,0.15,W,16,Crisis_next_16W,Downside_Beta,0.10135638648139722,0.03400201750814887,-2.1200477633736603,-5.1609749921865395,0.005736104301494405,204,6
CAC40,0.15,W,16,Crisis_next_16W,NFCI,0.053861023943169384,0.1532524627512423,-1.4281368847787121,-4.111051799023454,0.016390525917693827,204,6
CAC40,0.15,W,16,Crisis_next_16W,EPU,0.014048310726952562,0.463439361648753,-0.7331952342339031,-0.004068159351041314,0.995940104399329,204,6
CAC40,0.15,W,16,Crisis_next_16W,RSkew,0.013236542839221155,0.4066156992118004,-0.8298639676068744,-0.5208815721210456,0.5939966661834328,204,6
CAC40,0.15,W,16,Crisis_next_16W,RSV_Ratio,0.0011151536216182922,0.8060905299778799,0.24547258878209766,0.9357484494243412,2.549120631807764,204,6
CAC40,0.15,W,16,Crisis_next_16W,HillTail,0.03416393405465523,0.20262797853148573,-1.2740999997404003,-7.538070958877248,0.0005324236990176235,204,6
CAC40,0.15,M,6,Crisis_next_6M,HY_Spread,0.015136150187679553,0.3702700032775249,-0.8959677209026491,-0.17794844454169353,0.8369855735512882,203,10
CAC40,0.15,M,6,Crisis_next_6M,Yield_Curve,0.007622553176516389,0.4417630654321929,0.7692194170575456,0.28197787803452706,1.325749391480127,203,10
CAC40,0.15,M,6,Crisis_next_6M,Neely,0.11344402000926279,0.9584201670557463,-0.05213620212381422,-12.78811953953297,2.793767430404678e-06,203,10
CAC40,0.15,M,6,Crisis_next_6M,PatroCorr,2.1652681637340798e-05,0.966891422829067,-0.04150736332629274,-0.0894314982053888,0.9144509045068676,203,10
CAC40,0.15,M,6,Crisis_next_6M,SahmIndicator,0.20324169645083257,0.15018765624119662,-1.4388689502793286,-33.81954449985447,2.0528557962255715e-15,203,10
CAC40,0.15,M,6,Crisis_next_6M,VIX,0.03688499687978419,0.14660180648409546,-1.451639726882703,-0.10400206277072004,0.9012234384019665,203,10
CAC40,0.15,M,6,Crisis_next_6M,M2_Growth,0.03804291725448716,0.07857579160445717,-1.7590101086887644,-0.3988819893663335,0.6710698900637599,203,10
CAC40,0.15,M,6,Crisis_next_6M,BuffettDeviation,0.005150350584504415,0.5322655731103605,0.6245513273073622,1.1709112491253806,3.2249300146397877,203,10
CAC40,0.15,M,6,Crisis_next_6M,Systemic_Corr,3.796288334523279e-05,0.9561679627887653,0.05496297256924721,0.1776306214056849,1.1943840598384654,203,10
CAC40,0.15,M,6,Crisis_next_6M,Shiller_CAPE,9.47833966693512e-05,0.9290989532807583,0.08897855482180168,0.005607876332244312,1.0056236299049854,203,10
CAC40,0.15,M,6,Crisis_next_6M,YC_10Y3M,0.007622553176516389,0.4417630654321929,0.7692194170575456,0.28197787803452706,1.325749391480127,203,10
CAC40,0.15,M,6,Crisis_next_6M,CFNAI,0.23526834705201172,0.0003070169343902881,3.609306291532873,1.7745473895670445,5.8976112117827775,203,10
CAC40,0.15,M,6,Crisis_next_6M,CISS,0.044632892059978224,0.15940577210804097,-1.4070729031457216,-6.8331711777496,0.0010774359534036612,203,10
CAC40,0.15,M,6,Crisis_next_6M,Downside_Beta,0.01197056572724331,0.34252267614172205,-0.9491925771371147,-1.4809485972387177,0.22742185428718242,203,10
CAC40,0.15,M,6,Crisis_next_6M,NFCI,0.059863195611300046,0.06956159236828084,-1.8147548458224732,-4.073403312752179,0.017019367601051178,203,10
CAC40,0.15,M,6,Crisis_next_6M,EPU,0.04228117627803474,0.13501832627611204,-1.4946020674216307,-0.009207344109385762,0.9908349136899051,203,10
CAC40,0.15,M,6,Crisis_next_6M,RSkew,0.025371980187723242,0.16037658885528983,-1.4038061274253166,-0.6830998305047133,0.5050489970738323,203,10
CAC40,0.15,M,6,Crisis_next_6M,RSV_Ratio,0.00021954385572864332,0.8946973357679086,0.13236280160665923,0.40389569478707554,1.497647726345986,203,10
CAC40,0.15,M,6,Crisis_next_6M,HillTail,0.026223506779311068,0.16884172578751877,-1.3759351042388424,-6.070841208692516,0.00230922984910835,203,10
CAC40,0.15,M,12,Crisis_next_12M,HY_Spread,0.001964489448451845,0.7240558687210708,-0.35304344739258525,-0.04738646716718161,0.9537187453771574,197,9
CAC40,0.15,M,12,Crisis_next_12M,Yield_Curve,0.04547394176615627,0.08209231255218885,1.7386729166131727,0.7166947250926171,2.0476539539292653,197,9
CAC40,0.15,M,12,Crisis_next_12M,Neely,0.04282782803542029,0.14023861447108038,-1.4749030342530374,-1.5800064360345616,0.2059737725462986,197,9
CAC40,0.15,M,12,Crisis_next_12M,PatroCorr,0.00838949790186505,0.42583117633470713,-0.7963456201853356,-1.7051681792140647,0.1817418184088254,197,9
CAC40,0.15,M,12,Crisis_next_12M,SahmIndicator,0.18796922570419117,0.16916480743923235,-1.3748923947454788,-31.753294674825593,1.6207623534328797e-14,197,9
CAC40,0.15,M,12,Crisis_next_12M,VIX,0.029119602657658117,0.2075456765876328,-1.2603429383598073,-0.0876904106078472,0.9160444304668585,197,9
CAC40,0.15,M,12,Crisis_next_12M,M2_Growth,0.09916923721529125,0.009125591605678711,-2.6073129418231766,-0.6494577482083325,0.5223289337830602,197,9
CAC40,0.15,M,12,Crisis_next_12M,BuffettDeviation,0.012189702675465153,0.33928012449842515,-0.9555885975764604,-1.6554860517028993,0.19099919765511333,197,9
CAC40,0.15,M,12,Crisis_next_12M,Systemic_Corr,0.004570592443140509,0.5571616303099873,-0.5870626511094524,-1.9542651589977935,0.14166854230722162,197,9
CAC40,0.15,M,12,Crisis_next_12M,Shiller_CAPE,0.022827122398337396,0.19761213655273746,-1.2883845432110543,-0.08406051430156973,0.9193756190382565,197,9
CAC40,0.15,M,12,Crisis_next_12M,YC_10Y3M,0.04547394176615627,0.08209231255218885,1.7386729166131727,0.7166947250926171,2.0476539539292653,197,9
CAC40,0.15,M,12,Crisis_next_12M,CFNAI,0.2007352662683869,0.0010730775716341367,3.2706311885753983,1.6106149450629337,5.0058886280179795,197,9
CAC40,0.15,M,12,Crisis_next_12M,CISS,0.012609465115187013,0.39494587928756775,-0.8506822618281173,-2.675841761490616,0.06884884968562519,197,9
CAC40,0.15,M,12,Crisis_next_12M,Downside_Beta,0.030868229974288064,0.15409285373764967,-1.4252226405297397,-2.470689848294102,0.08452652840282086,197,9
CAC40,0.15,M,12,Crisis_next_12M,NFCI,0.04391231147094177,0.14034463391947644,-1.474508860143878,-3.2155317422105103,0.040133987213602645,197,9
CAC40,0.15,M,12,Crisis_next_12M,EPU,0.00638868586652408,0.5278866108565006,-0.6312354120567355,-0.00302983705720479,0.9969747482669944,197,9
CAC40,0.15,M,12,Crisis_next_12M,RSkew,0.004482050425081985,0.5623994017660169,0.5792812695682017,0.27232943068501203,1.313019478977884,197,9
CAC40,0.15,M,12,Crisis_next_12M,RSV_Ratio,0.02697981785148118,0.1607175392755411,-1.4026623843527144,-4.404699936142758,0.012219772576868545,197,9
CAC40,0.15,M,12,Crisis_next_12M,HillTail,0.0732526043441678,0.03241277615792415,-2.13928274661102,-11.461640018509323,1.0526233180043681e-05,197,9
CAC40,0.15,M,18,Crisis_next_18M,HY_Spread,0.0021150539792129663,0.8429714825240098,-0.19809404677932776,-0.05812894706120634,0.9435282743941282,191,2
CAC40,0.15,M,18,Crisis_next_18M,Yield_Curve,0.0822219389987845,0.22346886370227148,1.2173558226147705,1.184032676777412,3.2675245398705304,191,2
CAC40,0.15,M,18,Crisis_next_18M,Neely,0.08124426748519797,0.9483906360370791,-0.06472791553906064,-10.273413591821898,3.453927098655308e-05,191,2
CAC40,0.15,M,18,Crisis_next_18M,PatroCorr,0.056600943592128417,0.2766268123108204,-1.087928185123911,-4.912106473780096,0.007356974723244754,191,2
CAC40,0.15,M,18,Crisis_next_18M,SahmIndicator,0.0003252453170689007,0.9335806475952938,-0.08334068908983086,-0.14072694528659502,0.8687264891775095,191,2
CAC40,0.15,M,18,Crisis_next_18M,VIX,0.054797978064963115,0.38313788480644195,-0.8721292242783203,-0.1712752543957429,0.8425896150539465,191,2
CAC40,0.15,M,18,Crisis_next_18M,M2_Growth,0.06789935153748439,0.2329306395278974,-1.1928435783252427,-0.6084145283550263,0.5442130197478119,191,2
CAC40,0.15,M,18,Crisis_next_18M,BuffettDeviation,1.0134138731077158e-05,0.9905525919997944,0.011840846694095002,0.04465394205710197,1.0456659362861869,191,2
CAC40,0.15,M,18,Crisis_next_18M,Systemic_Corr,0.01286737687809425,0.578063241181594,-0.5562159436251316,-3.7550253021938613,0.02339985853396373,191,2
CAC40,0.15,M,18,Crisis_next_18M,Shiller_CAPE,2.541113874876544e-09,0.9998155194818763,-0.0002312120434837389,-3.14134449642054e-05,0.9999685870484329,191,2
CAC40,0.15,M,18,Crisis_next_18M,YC_10Y3M,0.0822219389987845,0.22346886370227148,1.2173558226147705,1.184032676777412,3.2675245398705304,191,2
CAC40,0.15,M,18,Crisis_next_18M,CFNAI,0.0027032915991361817,0.8156820021937897,0.2331022571943774,0.15708392376451544,1.1700938084576695,191,2
CAC40,0.15,M,18,Crisis_next_18M,CISS,0.004947902060409293,0.7587968129558976,-0.30706116965613367,-1.7926730578770431,0.16651447142434397,191,2
CAC40,0.15,M,18,Crisis_next_18M,Downside_Beta,0.010100723276576296,0.6476518366917758,-0.45702672477543077,-1.5455821697424867,0.21318772364676358,191,2
CAC40,0.15,M,18,Crisis_next_18M,NFCI,0.014327468373198204,0.654431680603889,-0.447614162018307,-1.6679137267942128,0.18864021040895895,191,2
CAC40,0.15,M,18,Crisis_next_18M,EPU,0.04364094537121299,0.40735758280339984,-0.8285526641368172,-0.013752580761599032,0.9863415539513534,191,2
CAC40,0.15,M,18,Crisis_next_18M,RSkew,0.055036417690356276,0.26726522558145505,-1.109382460414802,-1.1369337494036327,0.3208011720725764,191,2
CAC40,0.15,M,18,Crisis_next_18M,RSV_Ratio,0.059921506983882655,0.2639623398945553,1.1170748101713668,8.177856015315033,3561.2112876526676,191,2
CAC40,0.15,M,18,Crisis_next_18M,HillTail,0.006634975740937188,0.7053670247667128,-0.37808557376428165,-3.6004908831125784,0.027310312984878998,191,2
CAC40,0.15,M,24,Crisis_next_24M,HY_Spread,0.041420335124221386,0.25868920509774496,1.129494697605696,0.1364112855783479,1.1461531929477415,185,2
CAC40,0.15,M,24,Crisis_next_24M,Yield_Curve,0.5182201359839749,0.2789212936405264,1.0827457443619648,9.856325950704402,19078.664555533836,185,2
CAC40,0.15,M,24,Crisis_next_24M,Neely,0.08045206024688178,0.9492068009832133,-0.06370289320595751,-10.289332416089819,3.399379955222652e-05,185,2
CAC40,0.15,M,24,Crisis_next_24M,PatroCorr,0.013264766685787022,0.6174234696374794,0.49950527773446,2.866684432018129,17.578638301739524,185,2
CAC40,0.15,M,24,Crisis_next_24M,SahmIndicator,0.4417021294209966,0.08779646592097781,1.7071376751924883,4.4868439663876245,88.84061898254292,185,2
CAC40,0.15,M,24,Crisis_next_24M,VIX,0.018965565072652013,0.4813350135222677,0.7041569882556117,0.04875804690275794,1.049966277411534,185,2
CAC40,0.15,M,24,Crisis_next_24M,M2_Growth,0.08904294836977444,0.18740243006675705,-1.3183024233122462,-0.7039300593003082,0.49463752405180167,185,2
CAC40,0.15,M,24,Crisis_next_24M,BuffettDeviation,0.12868217513917646,0.13273458762697196,-1.503405195556143,-6.488171913740995,0.001521327585609059,185,2
CAC40,0.15,M,24,Crisis_next_24M,Systemic_Corr,0.06304643763887319,0.21963751189432656,-1.227492572157357,-7.705298762206887,0.0004504341050981152,185,2
CAC40,0.15,M,24,Crisis_next_24M,Shiller_CAPE,0.17402131012108324,0.07752622299321846,-1.765223426055126,-0.28822728549652943,0.7495912016676569,185,2
CAC40,0.15,M,24,Crisis_next_24M,YC_10Y3M,0.5182201359839749,0.2789212936405264,1.0827457443619648,9.856325950704402,19078.664555533836,185,2
CAC40,0.15,M,24,Crisis_next_24M,CFNAI,0.0022798951902889275,0.8098653720284477,-0.24059971379220138,-0.10970498870799386,0.896098455469006,185,2
CAC40,0.15,M,24,Crisis_next_24M,CISS,0.0144321439215499,0.5436993816549197,0.6072283482768513,2.151962234960054,8.601720444691091,185,2
CAC40,0.15,M,24,Crisis_next_24M,Downside_Beta,0.05235926257968604,0.262482695310136,1.1205423989870806,2.923507708408647,18.606439089333815,185,2
CAC40,0.15,M,24,Crisis_next_24M,NFCI,0.027140279833623993,0.35199947021390465,0.9307179728125667,0.719238651908782,2.052869667116395,185,2
CAC40,0.15,M,24,Crisis_next_24M,EPU,0.0003924442403393513,0.9274380969386401,-0.0910685818388401,-0.0008457058798582003,0.99915465162857,185,2
CAC40,0.15,M,24,Crisis_next_24M,RSkew,0.008834715081506794,0.6491892455033195,0.4548887935338219,0.42624861201230624,1.5315014774718636,185,2
CAC40,0.15,M,24,Crisis_next_24M,RSV_Ratio,0.11856834282960371,0.1278562796046489,-1.5226101071917264,-10.91712615360781,1.8144807005207374e-05,185,2
CAC40,0.15,M,24,Crisis_next_24M,HillTail,0.006237728369089535,0.713764777451841,-0.3668045982597315,-3.5140161434166344,0.029777084928144057,185,2
