Date,ISF.L,IUCD.L,IUIT.L,IUKF.L,IUKH.L,IUKP.L,IUKS.L,IUKU.L
2009-01-02,456.2296142578125,,,,,367.0482177734375,,
2009-01-05,457.97100830078125,,,,,365.05609130859375,,
2009-01-06,463.1949768066406,,,,,388.96148681640625,,
2009-01-07,449.26416015625,,,,,387.4674377441406,,
2009-01-08,450.01055908203125,,,,,379.9968566894531,,
2009-01-09,444.537841796875,,,,,372.5263671875,,
2009-01-12,441.5526428222656,,,,,364.0599670410156,,
2009-01-13,438.8161315917969,,,,,351.111083984375,,
2009-01-14,417.4226989746094,,,,,326.707763671875,,
2009-01-15,411.94989013671875,,,,,312.264892578125,,
2009-01-16,414.6863098144531,,,,,309.7747497558594,,
2009-01-19,410.9549560546875,,,,,302.80224609375,,
2009-01-20,408.21844482421875,,,,,282.8810729980469,,
2009-01-21,406.4772033691406,,,,,286.3671569824219,,
2009-01-22,405.9797058105469,,,,,283.8770751953125,,
2009-01-23,404.4871520996094,,,,,267.9400329589844,,
2009-01-26,420.9053649902344,,,,,274.9126281738281,,
2009-01-27,419.16400146484375,,,,,267.9400329589844,,
2009-01-28,429.1144714355469,,,,,272.9204406738281,,
2009-01-29,418.9152526855469,,,,,262.46185302734375,,
2009-01-30,414.6863098144531,,,,,271.92431640625,,
2009-02-02,407.9697570800781,,,,,255.48936462402344,,
2009-02-03,415.9301452636719,,,,,258.4776611328125,,
2009-02-04,423.8904724121094,,,,,270.4302978515625,,
2009-02-05,424.1392822265625,,,,,257.97955322265625,,
2009-02-06,430.35833740234375,,,,,269.93231201171875,,
2009-02-09,432.09967041015625,,,,,289.85345458984375,,
2009-02-10,422.89544677734375,,,,,282.8810729980469,,
2009-02-11,424.1392822265625,,,,,279.8927917480469,,
2009-02-12,421.1542053222656,,,,,267.9400329589844,,
2009-02-13,419.4127502441406,,,,,267.9400329589844,,
2009-02-16,413.9401550292969,,,,,262.9599304199219,,
2009-02-17,403.9895324707031,,,,,244.53274536132812,,
2009-02-18,402.9945373535156,,,,,243.03863525390625,,
2009-02-19,404.4871520996094,,,,,238.05836486816406,,
2009-02-20,390.556396484375,,,,,225.10960388183594,,
2009-02-23,387.07379150390625,,,,,222.61949157714844,,
2009-02-24,384.33740234375,,,,,220.1293182373047,,
2009-02-25,383.5909423828125,,,,,232.5800018310547,,
2009-02-26,390.05889892578125,,,,,241.04653930664062,,
2009-02-27,381.84967041015625,,,,,244.53274536132812,,
2009-03-02,361.9487609863281,,,,,227.1016387939453,,
2009-03-03,350.5056457519531,,,,,218.6351776123047,,
2009-03-04,364.18756103515625,,,,,221.12533569335938,,
2009-03-05,352.9932861328125,,,,,222.12139892578125,,
2009-03-06,351.74951171875,,,,,211.66275024414062,,
2009-03-09,351.74951171875,,,,,200.7061004638672,,
2009-03-10,369.9091491699219,,,,,208.67457580566406,,
2009-03-11,368.91412353515625,,,,,208.67457580566406,,
2009-03-12,370.904296875,,,,,211.1647491455078,,
2009-03-13,375.13311767578125,,,,,223.117431640625,,
2009-03-16,385.5812683105469,,,,,234.57211303710938,,
2009-03-17,385.083740234375,,,,,237.0623321533203,,
2009-03-18,380.3571472167969,,,,,239.0543975830078,,
2009-03-19,380.3571472167969,,,,,254.9913787841797,,
2009-03-20,384.5860290527344,,,,,252.99925231933594,,
2009-03-23,395.233154296875,,,,,254.49339294433594,,
2009-03-24,391.5513916015625,,,,,256.98345947265625,,
2009-03-25,390.05889892578125,,,,,252.0032196044922,,
2009-03-26,393.0439758300781,,,,,247.52090454101562,,
2009-03-27,389.6607971191406,,,,,252.0032196044922,,
2009-03-30,376.12823486328125,,,,,234.07408142089844,,
2009-03-31,391.9495849609375,,,,,242.04263305664062,,
2009-04-01,395.13360595703125,,,,,246.52488708496094,,
2009-04-02,410.5569152832031,,,,,271.4263916015625,,
2009-04-03,402.2979736328125,,,,,274.9126281738281,,
2009-04-06,398.019287109375,,,,,277.9007263183594,,
2009-04-07,391.0538330078125,,,,,269.4342346191406,,
2009-04-08,391.4519958496094,,,,,276.9046325683594,,
2009-04-09,397.32257080078125,,,,,298.81805419921875,,
2009-04-14,398.7159118652344,,,,,310.2727355957031,,
2009-04-15,396.1285705566406,,,,,301.8061218261719,,
2009-04-16,404.4871520996094,,,,,299.8141174316406,,
2009-04-17,408.3677978515625,,,,,305.29241943359375,,
2009-04-20,397.32257080078125,,,,,287.3634033203125,,
2009-04-21,397.4222412109375,,,,,284.37506103515625,,
2009-04-22,402.2979736328125,,,,,303.30029296875,,
2009-04-23,401.1038513183594,,,,,294.8337707519531,,
2009-04-24,414.3380126953125,,,,,303.7982482910156,,
2009-04-27,415.33319091796875,,,,,296.3277893066406,,
2009-04-28,409.1638488769531,,,,,287.86126708984375,,
2009-04-29,418.7162170410156,,,,,294.3356018066406,,
2009-04-30,424.08941650390625,,,,,301.30810546875,,
2009-05-01,423.6915283203125,,,,,294.8337707519531,,
2009-05-05,432.6468200683594,,,,,307.7826232910156,,
2009-05-06,439.81121826171875,,,,,320.2332763671875,,
2009-05-07,440.5078125,,,,,326.707763671875,,
2009-05-08,445.88116455078125,,,,,308.778564453125,,
2009-05-11,443.5924987792969,,,,,305.7904357910156,,
2009-05-12,442.79644775390625,,,,,301.8061218261719,,
2009-05-13,434.0399475097656,,,,,273.41851806640625,,
2009-05-14,437.522705078125,,,,,276.9046325683594,,
2009-05-15,437.1246032714844,,,,,275.90863037109375,,
2009-05-18,446.3785705566406,,,,,283.37908935546875,,
2009-05-19,449.86126708984375,,,,,296.3277893066406,,
2009-05-20,449.86126708984375,,,,,299.8141174316406,,
2009-05-21,437.522705078125,,,,,282.38299560546875,,
2009-05-22,439.1147766113281,,,,,288.8573913574219,,
2009-05-26,443.3934020996094,,,,,284.8731689453125,,
2009-05-27,439.1147766113281,,,,,289.85345458984375,,
2009-05-28,436.22894287109375,,,,,284.37506103515625,,
2009-05-29,439.1147766113281,,,,,285.8692321777344,,
2009-06-01,448.2692565917969,,,,,298.3199768066406,,
2009-06-02,445.1844787597656,,,,,293.8377990722656,,
2009-06-03,437.82122802734375,,,,,283.8770751953125,,
2009-06-04,438.3187561035156,,,,,289.85345458984375,,
2009-06-05,442.8959655761719,,,,,290.3515319824219,,
2009-06-08,440.10980224609375,,,,,291.845703125,,
2009-06-09,439.9108581542969,,,,,293.3396301269531,,
2009-06-10,443.4929504394531,,,,,297.8219299316406,,
2009-06-11,445.2840881347656,,,,,297.8219299316406,,
2009-06-12,442.9954833984375,,,,,299.8141174316406,,
2009-06-15,431.15435791015625,,,,,293.3396301269531,,
2009-06-16,431.3533020019531,,,,,292.34375,,
2009-06-17,427.0747375488281,,,,,284.37506103515625,,
2009-06-18,427.1741943359375,,,,,282.8810729980469,,
2009-06-19,434.2391357421875,,,,,290.84954833984375,,
2009-06-22,422.59698486328125,,,,,281.8849792480469,,
2009-06-23,423.1938781738281,,,,,280.888916015625,,
2009-06-24,427.671630859375,,,,,283.37908935546875,,
2009-06-25,424.68658447265625,,,,,284.37506103515625,,
2009-06-26,423.8904724121094,,,,,285.8692321777344,,
2009-06-29,429.36334228515625,,,,,290.3515319824219,,
2009-06-30,425.0844421386719,,,,,286.3671569824219,,
2009-07-01,433.74139404296875,,,,,287.86126708984375,,
2009-07-02,421.70147705078125,,,,,282.8810729980469,,
2009-07-03,422.89544677734375,,,,,281.38702392578125,,
2009-07-06,418.9152526855469,,,,,276.4066162109375,,
2009-07-07,417.7210998535156,,,,,276.9046325683594,,
2009-07-08,413.2435302734375,,,,,269.93231201171875,,
2009-07-09,415.23358154296875,,,,,269.4342346191406,,
2009-07-10,412.0495300292969,,,,,269.93231201171875,,
2009-07-13,419.1142272949219,,,,,276.9046325683594,,
2009-07-14,423.0943908691406,,,,,280.888916015625,,
2009-07-15,433.841064453125,,,,,288.8573913574219,,
2009-07-16,435.3336486816406,,,,,295.3318176269531,,
2009-07-17,438.11956787109375,,,,,297.8219299316406,,
2009-07-20,443.1944885253906,,,,,297.8219299316406,,
2009-07-21,447.1746520996094,,,,,303.30029296875,,
2009-07-22,448.2692565917969,,,,,301.8061218261719,,
2009-07-23,454.83648681640625,,,,,304.7943420410156,,
2009-07-24,456.7270812988281,,,,,311.76678466796875,,
2009-07-27,457.12506103515625,,,,,302.3042907714844,,
2009-07-28,451.453369140625,,,,,302.80224609375,,
2009-07-29,453.24444580078125,,,,,304.2962646484375,,
2009-07-30,462.1998596191406,,,,,312.264892578125,,
2009-07-31,459.7123107910156,,,,,316.7471923828125,,
2009-08-03,467.57318115234375,,,,,316.7471923828125,,
2009-08-04,466.1800537109375,,,,,324.7154846191406,,
2009-08-05,463.990966796875,,,,,341.6485595703125,,
2009-08-06,468.7671813964844,,,,,356.0914611816406,,
2009-08-07,472.84686279296875,,,,,350.6131591796875,,
2009-08-10,472.0508728027344,,,,,359.0796203613281,,
2009-08-11,467.07550048828125,,,,,345.63287353515625,,
2009-08-12,472.2498474121094,,,,,355.0953063964844,,
2009-08-13,477.8221740722656,,,,,370.5342712402344,,
2009-08-14,473.4440002441406,,,,,375.5147399902344,,
2009-08-17,466.6776428222656,,,,,363.0639343261719,,
2009-08-18,470.1603088378906,,,,,363.0639343261719,,
2009-08-19,471.35418701171875,,,,,361.07183837890625,,
2009-08-20,478.22015380859375,,,,,365.05609130859375,,
2009-08-21,487.97161865234375,,,,,368.0440673828125,,
2009-08-24,491.6531982421875,,,,,378.5027160644531,,
2009-08-25,493.84234619140625,,,,,380.4949645996094,,
2009-08-26,487.3745422363281,,,,,380.4949645996094,,
2009-08-27,485.28497314453125,,,,,372.5263671875,,
2009-08-28,489.066162109375,,,,,376.0127258300781,,
2009-09-01,479.31475830078125,,,,,363.56195068359375,,
2009-09-02,479.6131591796875,,,,,360.07568359375,,
2009-09-03,477.62310791015625,,,,,364.5579833984375,,
2009-09-04,483.0959167480469,,,,,373.52252197265625,,
2009-09-07,490.7577819824219,,,,,379.4989013671875,,
2009-09-08,492.74786376953125,,,,,377.5066833496094,,
2009-09-09,498.519287109375,,,,,389.4595031738281,,
2009-09-10,496.9269714355469,,,,,385.4751892089844,,
2009-09-11,498.519287109375,,,,,392.44769287109375,,
2009-09-14,500.0116271972656,,,,,392.44769287109375,,
2009-09-15,502.89727783203125,,,,,394.439697265625,,
2009-09-16,510.7582702636719,,,,,403.404296875,,
2009-09-17,514.3406372070312,,,,,404.8984069824219,,
2009-09-18,515.6338500976562,,,,,408.3847351074219,,
2009-09-21,512.0517578125,,,,,405.8944091796875,,
2009-09-22,512.4498901367188,,,,,404.8984069824219,,
2009-09-23,511.8529052734375,,,,,391.94952392578125,,
2009-09-24,506.280517578125,,,,,379.4989013671875,,
2009-09-25,506.8775329589844,,,,,375.01666259765625,,
2009-09-28,514.837890625,,,,,381.9891052246094,,
2009-09-29,513.6438598632812,,,,,380.9929504394531,,
2009-09-30,511.6537170410156,,,,,374.0206298828125,,
2009-10-01,502.9969177246094,,,,,368.5422058105469,,
2009-10-02,496.72802734375,,,,,359.5777587890625,,
2009-10-05,501.0067443847656,,,,,366.052001953125,,
2009-10-06,511.4549865722656,,,,,376.0127258300781,,
2009-10-07,508.7680969238281,,,,,380.9929504394531,,
2009-10-08,514.43994140625,,,,,379.9968566894531,,
2009-10-09,514.73828125,,,,,379.9968566894531,,
2009-10-12,518.9175415039062,,,,,384.9770812988281,,
2009-10-13,514.0418701171875,,,,,381.490966796875,,
2009-10-14,523.9922485351562,,,,,387.4674377441406,,
2009-10-15,520.907470703125,,,,,385.9732360839844,,
2009-10-16,517.6240234375,,,,,384.9770812988281,,
2009-10-19,526.6790771484375,,,,,394.439697265625,,
2009-10-20,523.1961669921875,,,,,391.94952392578125,,
2009-10-21,524.4898071289062,,,,,394.439697265625,,
2009-10-22,518.818115234375,,,,,389.4595031738281,,
2009-10-23,522.6987915039062,,,,,390.4555358886719,,
2009-10-26,517.8233032226562,,,,,388.96148681640625,,
2009-10-27,518.3204956054688,,,,,384.9770812988281,,
2009-10-28,505.9819641113281,,,,,364.0599670410156,,
2009-10-29,511.5542297363281,,,,,373.52252197265625,,
2009-10-30,502.001708984375,,,,,373.02447509765625,,
2009-11-02,508.46966552734375,,,,,366.052001953125,,
2009-11-03,501.70330810546875,,,,,360.57379150390625,,
2009-11-04,509.8626403808594,,,,,370.5342712402344,,
2009-11-05,511.6537170410156,,,,,371.530517578125,,
2009-11-06,513.1461791992188,,,,,375.5147399902344,,
2009-11-09,521.7039794921875,,,,,379.0008544921875,,
2009-11-10,521.80322265625,,,,,378.5027160644531,,
2009-11-11,526.3805541992188,,,,,391.94952392578125,,
2009-11-12,526.878173828125,,,,,394.9378662109375,,
2009-11-13,529.266357421875,,,,,404.400390625,,
2009-11-16,537.6244506835938,,,,,407.38861083984375,,
2009-11-17,534.639404296875,,,,,399.9181213378906,,
2009-11-18,534.7389526367188,,,,,402.90625,,
2009-11-19,527.674072265625,,,,,393.4436950683594,,
2009-11-20,525.8831787109375,,,,,383.9811096191406,,
2009-11-23,536.0327758789062,,,,,388.96148681640625,,
2009-11-24,533.1467895507812,,,,,385.4751892089844,,
2009-11-25,533.94287109375,,,,,380.9929504394531,,
2009-11-26,516.728515625,,,,,368.0440673828125,,
2009-11-27,521.504638671875,,,,,375.5147399902344,,
2009-11-30,515.9324340820312,,,,,366.55010986328125,,
2009-12-01,528.5695190429688,,,,,378.00482177734375,,
2009-12-02,530.161865234375,,,,,377.5066833496094,,
2009-12-03,528.9674072265625,,,,,381.490966796875,,
2009-12-04,529.8631591796875,,,,,374.5184631347656,,
2009-12-07,528.37060546875,,,,,373.02447509765625,,
2009-12-08,520.2111206054688,,,,,362.56585693359375,,
2009-12-09,517.6240234375,,,,,362.56585693359375,,
2009-12-10,521.7039794921875,,,,,362.0678405761719,,
2009-12-11,522.8978271484375,,,,,361.07183837890625,,
2009-12-14,528.072021484375,,,,,361.5697021484375,,
2009-12-15,526.0819091796875,,,,,359.5777587890625,,
2009-12-16,529.365478515625,,,,,367.5462341308594,,
2009-12-17,519.2159423828125,,,,,363.0639343261719,,
2009-12-18,517.2257690429688,,,,,364.0599670410156,,
2009-12-21,526.3805541992188,,,,,368.0440673828125,,
2009-12-22,529.962646484375,,,,,368.0440673828125,,
2009-12-23,534.2410888671875,,,,,368.5422058105469,,
2009-12-24,537.2262573242188,,,,,367.0482177734375,,
2009-12-29,540.41064453125,,,,,378.00482177734375,,
2009-12-30,536.6294555664062,,,,,377.00872802734375,,
2009-12-31,537.6244506835938,,,,,382.985107421875,,
2010-01-04,547.2764282226562,,,,,382.985107421875,,
2010-01-05,549.0675048828125,,,,,384.9770812988281,,
2010-01-06,549.9630126953125,,,,,379.0008544921875,,
2010-01-07,549.5648193359375,,,,,378.00482177734375,,
2010-01-08,550.2616577148438,,,,,378.5027160644531,,
2010-01-11,550.9583129882812,,,,,384.4792175292969,,
2010-01-12,546.8784790039062,,,,,384.4792175292969,,
2010-01-13,544.4902954101562,,,,,381.9891052246094,,
2010-01-14,547.3761596679688,,,,,378.00482177734375,,
2010-01-15,541.9031982421875,,,,,378.00482177734375,,
2010-01-18,546.380859375,,,,,381.490966796875,,
2010-01-19,547.77392578125,,,,,379.0008544921875,,
2010-01-20,539.4154052734375,,,,,374.5184631347656,,
2010-01-21,530.5595092773438,,,,,368.0440673828125,,
2010-01-22,527.8732299804688,,,,,363.56195068359375,,
2010-01-25,523.1961669921875,,,,,363.0639343261719,,
2010-01-26,524.9874877929688,,,,,365.55413818359375,,
2010-01-27,518.5198974609375,,,,,360.07568359375,,
2010-01-28,511.8529052734375,,,,,356.5895080566406,,
2010-01-29,516.1314086914062,,,,,355.5934143066406,,
2010-02-01,521.7039794921875,,,,,359.0796203613281,,
2010-02-02,525.2860717773438,,,,,367.5462341308594,,
2010-02-03,523.2958374023438,,,,,363.56195068359375,,
2010-02-04,511.9523620605469,,,,,360.07568359375,,
2010-02-05,504.489501953125,,,,,354.09942626953125,,
2010-02-08,507.1760559082031,,,,,350.1151123046875,,
2010-02-09,509.9621276855469,,,,,353.10333251953125,,
2010-02-10,512.9473876953125,,,,,358.0835876464844,,
2010-02-11,515.4349975585938,,,,,353.601318359375,,
2010-02-12,513.7432861328125,,,,,353.10333251953125,,
2010-02-15,516.2310791015625,,,,,355.5934143066406,,
2010-02-16,523.1961669921875,,,,,356.5895080566406,,
2010-02-17,527.5745849609375,,,,,361.5697021484375,,
2010-02-18,532.350830078125,,,,,363.0639343261719,,
2010-02-19,535.1369018554688,,,,,360.07568359375,,
2010-02-22,534.639404296875,,,,,362.0678405761719,,
2010-02-23,531.5546875,,,,,364.5579833984375,,
2010-02-24,531.952880859375,,,,,363.0639343261719,,
2010-02-25,524.9874877929688,,,,,361.5697021484375,,
2010-02-26,532.450439453125,,,,,360.07568359375,,
2010-03-01,538.0226440429688,,,,,364.5579833984375,,
2010-03-02,545.3858642578125,,,,,373.02447509765625,,
2010-03-03,550.7591552734375,,,,,374.0206298828125,,
2010-03-04,550.4606323242188,,,,,376.0127258300781,,
2010-03-05,557.625,,,,,380.4949645996094,,
2010-03-08,558.221923828125,,,,,378.00482177734375,,
2010-03-09,557.5254516601562,,,,,372.0284729003906,,
2010-03-10,562.600341796875,,,,,374.5184631347656,,
2010-03-11,560.2119750976562,,,,,372.0284729003906,,
2010-03-12,560.7098388671875,,,,,374.0206298828125,,
2010-03-15,557.4259033203125,,,,,373.02447509765625,,
2010-03-16,560.7098388671875,,,,,373.52252197265625,,
2010-03-17,563.0975952148438,,,,,373.52252197265625,,
2010-03-18,562.7992553710938,,,,,376.0127258300781,,
2010-03-19,564.3914794921875,,,,,373.52252197265625,,
2010-03-22,563.1971435546875,,,,,371.0323181152344,,
2010-03-23,567.3764038085938,,,,,370.5342712402344,,
2010-03-24,566.8789672851562,,,,,372.0284729003906,,
2010-03-25,572.2521362304688,,,,,375.5147399902344,,
2010-03-26,569.6651611328125,,,,,380.4949645996094,,
2010-03-29,570.4611206054688,,,,,383.4831237792969,,
2010-03-30,566.7794799804688,,,,,379.9968566894531,,
2010-03-31,566.978271484375,,,,,379.4989013671875,,
2010-04-01,573.9439086914062,,,,,379.4989013671875,,
2010-04-06,577.52587890625,,,,,383.4831237792969,,
2010-04-07,575.9339599609375,,,,,384.9770812988281,,
2010-04-08,570.95849609375,,,,,381.490966796875,,
2010-04-09,576.53076171875,,,,,386.47137451171875,,
2010-04-12,577.3269653320312,,,,,383.9811096191406,,
2010-04-13,576.0335083007812,,,,,383.4831237792969,,
2010-04-14,579.6157836914062,,,,,383.4831237792969,,
2010-04-15,582.600830078125,,,,,383.9811096191406,,
2010-04-16,574.4412231445312,,,,,382.4870910644531,,
2010-04-19,572.8493041992188,,,,,377.5066833496094,,
2010-04-20,578.8196411132812,,,,,380.9929504394531,,
2010-04-21,572.8493041992188,,,,,383.4831237792969,,
2010-04-22,567.177490234375,,,,,379.0008544921875,,
2010-04-23,572.8493041992188,,,,,381.9891052246094,,
2010-04-26,575.7346801757812,,,,,381.9891052246094,,
2010-04-27,560.7098388671875,,,,,375.5147399902344,,
2010-04-28,559.2169799804688,,,,,367.0482177734375,,
2010-04-29,563.3961791992188,,,,,371.0323181152344,,
2010-04-30,555.734375,,,,,369.04022216796875,,
2010-05-04,542.5997924804688,,,,,361.07183837890625,,
2010-05-05,536.9279174804688,,,,,354.59735107421875,,
2010-05-06,528.5695190429688,,,,,352.1071472167969,,
2010-05-07,515.6338500976562,,,,,333.6801452636719,,
2010-05-10,542.3012084960938,,,,,350.6131591796875,,
2010-05-11,537.1270141601562,,,,,348.62109375,,
2010-05-12,541.8037719726562,,,,,354.09942626953125,,
2010-05-13,547.77392578125,,,,,355.0953063964844,,
2010-05-14,530.8579711914062,,,,,342.644775390625,,
2010-05-17,530.5595092773438,,,,,345.63287353515625,,
2010-05-18,535.73388671875,,,,,352.6052551269531,,
2010-05-19,521.902587890625,,,,,344.1387939453125,,
2010-05-20,512.5493774414062,,,,,337.1662902832031,,
2010-05-21,512.3504028320312,,,,,334.67620849609375,,
2010-05-24,512.9473876953125,,,,,336.668212890625,,
2010-05-25,498.419677734375,,,,,322.72344970703125,,
2010-05-26,502.7976989746094,,,,,325.7115783691406,,
2010-05-27,517.7235107421875,,,,,342.14666748046875,,
2010-05-28,517.4249267578125,,,,,344.63671875,,
2010-06-01,514.73828125,,,,,348.12298583984375,,
2010-06-02,515.0369873046875,,,,,351.6092529296875,,
2010-06-03,521.2064819335938,,,,,355.0953063964844,,
2010-06-04,512.151123046875,,,,,343.6407470703125,,
2010-06-07,506.4795227050781,,,,,337.1662902832031,,
2010-06-08,502.3002624511719,,,,,330.69189453125,,
2010-06-09,508.5691833496094,,,,,335.6723937988281,,
2010-06-10,512.9473876953125,,,,,340.6524353027344,,
2010-06-11,516.2310791015625,,,,,340.6524353027344,,
2010-06-14,520.0121459960938,,,,,343.1426696777344,,
2010-06-15,521.3057250976562,,,,,346.62896728515625,,
2010-06-16,524.19140625,,,,,346.1308898925781,,
2010-06-17,524.7883911132812,,,,,343.1426696777344,,
2010-06-18,524.2911376953125,,,,,343.1426696777344,,
2010-06-21,529.6642456054688,,,,,344.63671875,,
2010-06-22,523.8927612304688,,,,,344.63671875,,
2010-06-23,517.027099609375,,,,,339.158447265625,,
2010-06-24,508.9671936035156,,,,,334.1781311035156,,
2010-06-25,503.9919738769531,,,,,334.1781311035156,,
2010-06-28,506.280517578125,,,,,336.668212890625,,
2010-06-29,491.0563049316406,,,,,331.68798828125,,
2010-06-30,490.7577819824219,,,,,326.20965576171875,,
2010-07-01,479.7127685546875,,,,,320.73138427734375,,
2010-07-02,483.5933837890625,,,,,323.22149658203125,,
2010-07-05,481.3048095703125,,,,,322.72344970703125,,
2010-07-06,494.63861083984375,,,,,328.2017822265625,,
2010-07-07,499.5141296386719,,,,,335.1742248535156,,
2010-07-08,508.6685791015625,,,,,341.1504821777344,,
2010-07-09,512.0517578125,,,,,337.66448974609375,,
2010-07-12,515.136474609375,,,,,339.6565246582031,,
2010-07-13,525.683837890625,,,,,344.1387939453125,,
2010-07-14,523.1961669921875,,,,,341.6485595703125,,
2010-07-15,518.6192626953125,,,,,340.6524353027344,,
2010-07-16,513.8427734375,,,,,337.1662902832031,,
2010-07-19,512.748291015625,,,,,337.66448974609375,,
2010-07-20,511.5542297363281,,,,,338.66046142578125,,
2010-07-21,519.81298828125,,,,,342.644775390625,,
2010-07-22,529.6642456054688,,,,,348.12298583984375,,
2010-07-23,530.2615356445312,,,,,351.111083984375,,
2010-07-26,534.0921630859375,,,,,353.8504333496094,,
2010-07-27,535.3359375,,,,,357.0876159667969,,
2010-07-28,531.3557739257812,,,,,353.601318359375,,
2010-07-29,530.1118774414062,,,,,354.198974609375,,
2010-07-30,525.6339721679688,,,,,349.8162536621094,,
2010-08-02,539.0177001953125,,,,,356.5895080566406,,
2010-08-03,538.7188110351562,,,,,355.2947082519531,,
2010-08-04,539.0177001953125,,,,,352.2069396972656,,
2010-08-05,536.72900390625,,,,,351.40985107421875,,
2010-08-06,533.2462768554688,,,,,347.8241882324219,,
2010-08-09,540.9081420898438,,,,,349.91595458984375,,
2010-08-10,537.6244506835938,,,,,348.02337646484375,,
2010-08-11,524.9874877929688,,,,,344.2382507324219,,
2010-08-12,526.6790771484375,,,,,342.14666748046875,,
2010-08-13,527.7735595703125,,,,,341.8478698730469,,
2010-08-16,527.3755493164062,,,,,340.8518981933594,,
2010-08-17,534.9379272460938,,,,,346.7284851074219,,
2010-08-18,530.5595092773438,,,,,346.7284851074219,,
2010-08-19,521.2064819335938,,,,,343.8399353027344,,
2010-08-20,520.5099487304688,,,,,341.9473571777344,,
2010-08-23,524.2911376953125,,,,,342.34576416015625,,
2010-08-24,516.6290893554688,,,,,340.2542419433594,,
2010-08-25,508.0716247558594,,,,,342.0470275878906,,
2010-08-26,512.8478393554688,,,,,338.162353515625,,
2010-08-27,517.4249267578125,,,,,345.0352478027344,,
2010-08-31,519.4151611328125,,,,,345.33404541015625,,
2010-09-01,533.3457641601562,,,,,354.09942626953125,,
2010-09-02,533.5448608398438,,,,,356.0914611816406,,
2010-09-03,538.9180297851562,,,,,359.4781188964844,,
2010-09-06,540.2117309570312,,,,,361.9682312011719,,
2010-09-07,537.1270141601562,,,,,359.5777587890625,,
2010-09-08,539.913330078125,,,,,362.2671203613281,,
2010-09-09,545.8831787109375,,,,,364.45831298828125,,
2010-09-10,546.9776611328125,,,,,364.8566589355469,,
2010-09-13,552.749267578125,,,,,367.745361328125,,
2010-09-14,553.446044921875,,,,,367.24737548828125,,
2010-09-15,552.0528564453125,,,,,366.6498107910156,,
2010-09-16,550.2616577148438,,,,,363.36273193359375,,
2010-09-17,547.2764282226562,,,,,358.9801330566406,,
2010-09-20,556.530517578125,,,,,365.55413818359375,,
2010-09-21,554.0428466796875,,,,,365.85284423828125,,
2010-09-22,552.2517700195312,,,,,361.1712951660156,,
2010-09-23,551.7543334960938,,,,,360.47412109375,,
2010-09-24,556.6300048828125,,,,,367.844970703125,,
2010-09-27,554.2418212890625,,,,,367.645751953125,,
2010-09-28,554.5406494140625,,,,,366.8487854003906,,
2010-09-29,553.6447143554688,,,,,367.645751953125,,
2010-09-30,551.2564086914062,,,,,365.653564453125,,
2010-10-01,555.734375,,,,,372.5263671875,,
2010-10-04,552.2517700195312,,,,,372.6260681152344,,
2010-10-05,560.4110717773438,,,,,377.6063537597656,,
2010-10-06,564.7892456054688,,,,,383.58270263671875,,
2010-10-07,562.998291015625,,,,,386.37164306640625,,
2010-10-08,562.1027221679688,,,,,382.4870910644531,,
2010-10-11,564.2919311523438,,,,,381.490966796875,,
2010-10-12,563.1971435546875,,,,,381.291748046875,,
2010-10-13,571.3568115234375,,,,,387.56689453125,,
2010-10-14,569.6651611328125,,,,,388.06500244140625,,
2010-10-15,566.7794799804688,,,,,385.9732360839844,,
2010-10-18,571.0579223632812,,,,,384.4792175292969,,
2010-10-19,566.978271484375,,,,,384.8775939941406,,
2010-10-20,569.7647094726562,,,,,385.17645263671875,,
2010-10-21,572.152587890625,,,,,384.6783752441406,,
2010-10-22,570.7596435546875,,,,,383.4831237792969,,
2010-10-25,571.8541259765625,,,,,384.9770812988281,,
2010-10-26,567.475830078125,,,,,384.5788879394531,,
2010-10-27,561.6054077148438,,,,,379.9968566894531,,
2010-10-28,564.9884643554688,,,,,381.7897644042969,,
2010-10-29,564.2919311523438,,,,,380.8933410644531,,
2010-11-01,566.6799926757812,,,,,379.9968566894531,,
2010-11-02,572.9488525390625,,,,,379.89739990234375,,
2010-11-03,573.1476440429688,,,,,380.8933410644531,,
2010-11-04,583.7948608398438,,,,,386.37164306640625,,
2010-11-05,585.3868408203125,,,,,387.9654541015625,,
2010-11-08,583.2972412109375,,,,,385.37567138671875,,
2010-11-09,585.3868408203125,,,,,385.0768127441406,,
2010-11-10,579.6157836914062,,,,,380.8933410644531,,
2010-11-11,578.7199096679688,,,,,379.6981201171875,,
2010-11-12,577.2274169921875,,,,,377.7060546875,,
2010-11-15,579.3169555664062,,,,,379.4989013671875,,
2010-11-16,565.7846069335938,,,,,371.1319885253906,,
2010-11-17,568.0734252929688,,,,,369.43865966796875,,
2010-11-18,576.0335083007812,,,,,371.2316589355469,,
2010-11-19,572.152587890625,,,,,369.23944091796875,,
2010-11-22,567.177490234375,,,,,364.5579833984375,,
2010-11-23,557.3263549804688,,,,,358.68121337890625,,
2010-11-24,561.7047729492188,,,,,354.697021484375,,
2010-11-25,565.8840942382812,,,,,368.3430480957031,,
2010-11-26,562.6998291015625,,,,,367.745361328125,,
2010-11-29,551.2564086914062,,,,,362.3665771484375,,
2010-11-30,549.0675048828125,,,,,359.77685546875,,
2010-12-01,560.80908203125,,,,,368.3430480957031,,
2010-12-02,573.3466796875,,,,,375.01666259765625,,
2010-12-03,570.560546875,,,,,377.5066833496094,,
2010-12-06,572.9488525390625,,,,,376.1122741699219,,
2010-12-07,576.6304931640625,,,,,377.3076171875,,
2010-12-08,575.0381469726562,,,,,373.8212890625,,
2010-12-09,576.3318481445312,,,,,377.40716552734375,,
2010-12-10,577.0284423828125,,,,,377.80560302734375,,
2010-12-13,581.8048095703125,,,,,379.7976989746094,,
2010-12-14,585.08837890625,,,,,381.6903076171875,,
2010-12-15,584.29248046875,,,,,384.1804504394531,,
2010-12-16,584.1926879882812,,,,,381.6903076171875,,
2010-12-17,583.9937744140625,,,,,383.1843566894531,,
2010-12-20,585.2872314453125,,,,,384.2798767089844,,
2010-12-21,591.6555786132812,,,,,384.1804504394531,,
2010-12-22,594.6409912109375,,,,,386.1724853515625,,
2010-12-23,595.7352294921875,,,,,387.0689697265625,,
2010-12-24,595.536376953125,,,,,385.7740478515625,,
2010-12-29,595.23779296875,,,,,389.4595031738281,,
2010-12-30,592.5513916015625,,,,,386.6705322265625,,
2010-12-31,588.571044921875,,,,,387.0689697265625,,
2011-01-04,597.2279052734375,,,,,390.1568298339844,,
2011-01-05,600.0140991210938,,,,,392.1488952636719,,
2011-01-06,597.2279052734375,,,,,388.26422119140625,,
2011-01-07,594.24267578125,,,,,386.47137451171875,,
2011-01-10,592.2525634765625,,,,,383.9811096191406,,
2011-01-11,597.8251342773438,,,,,386.2720947265625,,
2011-01-12,600.9097290039062,,,,,389.75830078125,,
2011-01-13,598.9195556640625,,,,,390.2562255859375,,
2011-01-14,596.3324584960938,,,,,390.2562255859375,,
2011-01-17,594.7403564453125,,,,,387.4674377441406,,
2011-01-18,601.2081909179688,,,,,391.94952392578125,,
2011-01-19,594.0436401367188,,,,,390.2562255859375,,
2011-01-20,583.0982666015625,,,,,386.1724853515625,,
2011-01-21,585.5858764648438,,,,,384.1804504394531,,
2011-01-24,590.262451171875,,,,,386.37164306640625,,
2011-01-25,588.073486328125,,,,,387.76617431640625,,
2011-01-26,593.4466552734375,,,,,388.6626281738281,,
2011-01-27,593.4466552734375,,,,,388.96148681640625,,
2011-01-28,584.29248046875,,,,,385.8736572265625,,
2011-01-31,582.5010986328125,,,,,383.881591796875,,
2011-02-01,592.0535888671875,,,,,387.6665954589844,,
2011-02-02,596.5314331054688,,,,,385.276123046875,,
2011-02-03,595.1381225585938,,,,,385.7740478515625,,
2011-02-04,596.23291015625,,,,,388.7621765136719,,
2011-02-07,601.8049926757812,,,,,387.56689453125,,
2011-02-08,605.4869995117188,,,,,392.1488952636719,,
2011-02-09,602.9993896484375,,,,,393.4436950683594,,
2011-02-10,600.6110229492188,,,,,389.75830078125,,
2011-02-11,603.59619140625,,,,,391.3520812988281,,
2011-02-14,604.1932373046875,,,,,392.84613037109375,,
2011-02-15,601.3075561523438,,,,,392.0991516113281,,
2011-02-16,605.884765625,,,,,400.067626953125,,
2011-02-17,606.0836791992188,,,,,402.70709228515625,,
2011-02-18,606.4820556640625,,,,,404.8984069824219,,
2011-02-21,599.2177734375,,,,,402.50787353515625,,
2011-02-22,597.5263061523438,,,,,401.1133728027344,,
2011-02-23,587.8743286132812,,,,,402.2090148925781,,
2011-02-24,587.5761108398438,,,,,401.01373291015625,,
2011-02-25,595.1381225585938,,,,,406.3427734375,,
2011-02-28,595.0385131835938,,,,,414.70977783203125,,
2011-03-01,589.7650756835938,,,,,409.9783630371094,,
2011-03-02,589.3670654296875,,,,,410.3267517089844,,
2011-03-03,598.1234741210938,,,,,414.56011962890625,,
2011-03-04,594.3422241210938,,,,,419.93896484375,,
2011-03-07,593.5463256835938,,,,,420.6361999511719,,
2011-03-08,593.7454833984375,,,,,418.8432922363281,,
2011-03-09,590.7599487304688,,,,,418.39508056640625,,
2011-03-10,582.0035400390625,,,,,411.52227783203125,,
2011-03-11,580.1130981445312,,,,,409.0321350097656,,
2011-03-14,574.6403198242188,,,,,406.3427734375,,
2011-03-15,567.177490234375,,,,,399.4200134277344,,
2011-03-16,559.0177612304688,,,,,392.6966552734375,,
2011-03-17,567.8740844726562,,,,,401.51177978515625,,
2011-03-18,570.3616943359375,,,,,403.7031555175781,,
2011-03-21,576.3318481445312,,,,,406.29290771484375,,
2011-03-22,574.739990234375,,,,,405.4962158203125,,
2011-03-23,577.4263305664062,,,,,408.8825378417969,,
2011-03-24,586.6806640625,,,,,412.76715087890625,,
2011-03-25,588.571044921875,,,,,415.95477294921875,,
2011-03-28,588.4714965820312,,,,,412.1696472167969,,
2011-03-29,591.8545532226562,,,,,411.7712707519531,,
2011-03-30,593.048828125,,,,,413.51446533203125,,
2011-03-31,588.9688720703125,,,,,412.02020263671875,,
2011-04-01,599.3173828125,,,,,413.1657409667969,,
2011-04-04,600.0140991210938,,,,,413.0660705566406,,
2011-04-05,599.2177734375,,,,,413.76324462890625,,
2011-04-06,602.3028564453125,,,,,412.866943359375,,
2011-04-07,598.6211547851562,,,,,406.1435546875,,
2011-04-08,603.795166015625,,,,,407.38861083984375,,
2011-04-11,603.4967041015625,,,,,406.9901123046875,,
2011-04-12,594.6409912109375,,,,,404.8486633300781,,
2011-04-13,599.2177734375,,,,,406.9403381347656,,
2011-04-14,594.8396606445312,,,,,408.3348693847656,,
2011-04-15,598.5215454101562,,,,,414.9086608886719,,
2011-04-18,585.486328125,,,,,410.1776428222656,,
2011-04-19,588.2725830078125,,,,,410.1278381347656,,
2011-04-20,600.8099975585938,,,,,416.4029235839844,,
2011-04-21,600.9097290039062,,,,,420.4369812011719,,
2011-04-26,605.884765625,,,,,424.71990966796875,,
2011-04-27,605.884765625,,,,,425.566650390625,,
2011-04-28,606.8800048828125,,,,,429.5509948730469,,
2011-04-29,606.8800048828125,,,,,426.9911804199219,,
2011-05-03,608.2728881835938,,,,,433.4853515625,,
2011-05-04,598.421875,,,,,427.5089416503906,,
2011-05-05,592.3521728515625,,,,,426.2139892578125,,
2011-05-06,598.5215454101562,,,,,427.7082214355469,,
2011-05-09,594.6409912109375,,,,,422.9769287109375,,
2011-05-10,602.0040283203125,,,,,426.1642761230469,,
2011-05-11,598.3223266601562,,,,,424.5208740234375,,
2011-05-12,595.536376953125,,,,,422.2297668457031,,
2011-05-13,593.4466552734375,,,,,424.27178955078125,,
2011-05-16,593.1483154296875,,,,,421.2337951660156,,
2011-05-17,587.078369140625,,,,,418.54443359375,,
2011-05-18,593.8447875976562,,,,,431.3936462402344,,
2011-05-19,596.8299560546875,,,,,430.99517822265625,,
2011-05-20,596.3324584960938,,,,,430.3975524902344,,
2011-05-23,585.08837890625,,,,,423.624267578125,,
2011-05-24,587.2774047851562,,,,,423.2757873535156,,
2011-05-25,582.3021240234375,,,,,425.018798828125,,
2011-05-26,583.4960327148438,,,,,430.0489807128906,,
2011-05-27,589.0684204101562,,,,,435.9754333496094,,
2011-05-31,593.9443359375,,,,,441.3044128417969,,
2011-06-01,589.7650756835938,,,,,441.75262451171875,,
2011-06-02,581.6055908203125,,,,,437.4198913574219,,
2011-06-03,582.4014892578125,,,,,440.0094909667969,,
2011-06-06,583.595703125,,,,,442.35028076171875,,
2011-06-07,583.595703125,,,,,440.856201171875,,
2011-06-08,578.42138671875,,,,,439.2126770019531,,
2011-06-09,582.5010986328125,,,,,442.44989013671875,,
2011-06-10,573.1476440429688,,,,,438.4656677246094,,
2011-06-13,574.6403198242188,,,,,440.208740234375,,
2011-06-14,577.4263305664062,,,,,440.75653076171875,,
2011-06-15,571.15771484375,,,,,439.959716796875,,
2011-06-16,567.475830078125,,,,,437.2703552246094,,
2011-06-17,569.1674194335938,,,,,436.3240661621094,,
2011-06-20,566.5804443359375,,,,,431.7920837402344,,
2011-06-21,574.8395385742188,,,,,436.3240661621094,,
2011-06-22,574.6403198242188,,,,,437.9177551269531,,
2011-06-23,564.8889770507812,,,,,431.94140625,,
2011-06-24,567.475830078125,,,,,428.3057861328125,,
2011-06-27,570.1624755859375,,,,,430.3975524902344,,
2011-06-28,574.341796875,,,,,436.27423095703125,,
2011-06-29,583.1978149414062,,,,,441.2546081542969,,
2011-06-30,592.2525634765625,,,,,445.5375671386719,,
2011-07-01,596.5314331054688,,,,,449.9203796386719,,
2011-07-04,599.2177734375,,,,,455.249267578125,,
2011-07-05,599.2177734375,,,,,455.1994934082031,,
2011-07-06,597.4269409179688,,,,,454.153564453125,,
2011-07-07,602.3028564453125,,,,,444.29254150390625,,
2011-07-08,595.8348388671875,,,,,442.7485656738281,,
2011-07-11,589.5660400390625,,,,,433.9834289550781,,
2011-07-12,583.8944091796875,,,,,433.4853515625,,
2011-07-13,587.2774047851562,,,,,440.55743408203125,,
2011-07-14,582.0035400390625,,,,,439.7604675292969,,
2011-07-15,581.6055908203125,,,,,439.860107421875,,
2011-07-18,572.2521362304688,,,,,436.57305908203125,,
2011-07-19,576.0335083007812,,,,,436.7723693847656,,
2011-07-20,582.1033325195312,,,,,440.9059753417969,,
2011-07-21,587.625732421875,,,,,438.76446533203125,,
2011-07-22,590.5611572265625,,,,,439.9100036621094,,
2011-07-25,589.0684204101562,,,,,443.19696044921875,,
2011-07-26,589.8145751953125,,,,,439.4118347167969,,
2011-07-27,582.5010986328125,,,,,432.7881774902344,,
2011-07-28,584.4912109375,,,,,430.8956298828125,,
2011-07-29,579.0185546875,,,,,427.16033935546875,,
2011-08-01,574.5408325195312,,,,,430.4970397949219,,
2011-08-02,569.4659423828125,,,,,425.516845703125,,
2011-08-03,556.9284057617188,,,,,416.85113525390625,,
2011-08-04,538.3212280273438,,,,,398.4737243652344,,
2011-08-05,524.4898071289062,,,,,384.230224609375,,
2011-08-08,508.37017822265625,,,,,362.6654968261719,,
2011-08-09,519.116455078125,,,,,378.5027160644531,,
2011-08-10,503.4943542480469,,,,,370.7336120605469,,
2011-08-11,518.5198974609375,,,,,384.8775939941406,,
2011-08-12,534.4403076171875,,,,,392.44769287109375,,
2011-08-15,536.9279174804688,,,,,397.677001953125,,
2011-08-16,537.6244506835938,,,,,391.4018859863281,,
2011-08-17,535.63427734375,,,,,391.6009521484375,,
2011-08-18,512.748291015625,,,,,374.4689025878906,,
2011-08-19,506.5790100097656,,,,,368.1437683105469,,
2011-08-22,512.8478393554688,,,,,371.3311767578125,,
2011-08-23,516.0319213867188,,,,,371.1817626953125,,
2011-08-24,519.0170288085938,,,,,374.07037353515625,,
2011-08-25,510.1612548828125,,,,,369.0901184082031,,
2011-08-26,511.355224609375,,,,,366.3509216308594,,
2011-08-30,524.5892333984375,,,,,378.7020263671875,,
2011-08-31,536.430419921875,,,,,380.3954162597656,,
2011-09-01,537.425537109375,,,,,380.54473876953125,,
2011-09-02,526.18115234375,,,,,375.365234375,,
2011-09-05,506.18096923828125,,,,,367.645751953125,,
2011-09-06,513.1461791992188,,,,,368.2933044433594,,
2011-09-07,529.962646484375,,,,,377.1082763671875,,
2011-09-08,530.9576416015625,,,,,377.4569091796875,,
2011-09-09,518.2208862304688,,,,,371.1319885253906,,
2011-09-12,510.3602600097656,,,,,365.2552185058594,,
2011-09-13,514.9371948242188,,,,,360.47412109375,,
2011-09-14,519.3157348632812,,,,,358.8306579589844,,
2011-09-15,531.0570678710938,,,,,365.6039123535156,,
2011-09-16,533.843505859375,,,,,370.03643798828125,,
2011-09-19,522.59912109375,,,,,363.56195068359375,,
2011-09-20,533.4451904296875,,,,,368.9905090332031,,
2011-09-21,525.186279296875,,,,,367.645751953125,,
2011-09-22,501.8028259277344,,,,,350.7127990722656,,
2011-09-23,503.8923645019531,,,,,342.89361572265625,,
2011-09-26,506.3800048828125,,,,,346.03131103515625,,
2011-09-27,525.8831787109375,,,,,357.13726806640625,,
2011-09-28,518.818115234375,,,,,353.50164794921875,,
2011-09-29,516.728515625,,,,,352.7049255371094,,
2011-09-30,511.4549865722656,,,,,348.12298583984375,,
2011-10-03,506.3800048828125,,,,,341.4494323730469,,
2011-10-04,492.349853515625,,,,,333.38128662109375,,
2011-10-05,507.8725891113281,,,,,344.3877868652344,,
2011-10-06,523.3954467773438,,,,,362.9145202636719,,
2011-10-07,526.9773559570312,,,,,364.806884765625,,
2011-10-10,536.3309326171875,,,,,366.5003356933594,,
2011-10-11,536.1318359375,,,,,366.15167236328125,,
2011-10-12,540.6094360351562,,,,,375.7138366699219,,
2011-10-13,536.72900390625,,,,,370.58416748046875,,
2011-10-14,542.5997924804688,,,,,376.9090881347656,,
2011-10-17,539.7139892578125,,,,,376.3115234375,,
2011-10-18,537.425537109375,,,,,368.3927001953125,,
2011-10-19,540.9081420898438,,,,,370.03643798828125,,
2011-10-20,534.9379272460938,,,,,358.2329406738281,,
2011-10-21,544.9878540039062,,,,,368.19366455078125,,
2011-10-24,550.6595458984375,,,,,374.86737060546875,,
2011-10-25,548.2716064453125,,,,,364.60784912109375,,
2011-10-26,551.5552368164062,,,,,357.13726806640625,,
2011-10-27,567.7745361328125,,,,,372.1778564453125,,
2011-10-28,566.2820434570312,,,,,376.1122741699219,,
2011-10-31,550.2616577148438,,,,,370.9825439453125,,
2011-11-01,539.0177001953125,,,,,358.5816345214844,,
2011-11-02,546.2816162109375,,,,,362.6156005859375,,
2011-11-03,552.4508056640625,,,,,365.9026794433594,,
2011-11-04,550.0628051757812,,,,,367.8948974609375,,
2011-11-07,548.3712768554688,,,,,361.66949462890625,,
2011-11-08,554.0428466796875,,,,,370.8829040527344,,
2011-11-09,542.9978637695312,,,,,363.1137390136719,,
2011-11-10,542.1021118164062,,,,,360.67333984375,,
2011-11-11,551.9532470703125,,,,,368.1437683105469,,
2011-11-14,548.968017578125,,,,,364.8566589355469,,
2011-11-15,549.0675048828125,,,,,363.81097412109375,,
2011-11-16,548.968017578125,,,,,361.27099609375,,
2011-11-17,541.3060913085938,,,,,350.6131591796875,,
2011-11-18,534.4403076171875,,,,,348.62109375,,
2011-11-21,520.5099487304688,,,,,337.4651184082031,,
2011-11-22,519.2159423828125,,,,,340.2542419433594,,
2011-11-23,508.7680969238281,,,,,336.36956787109375,,
2011-11-24,507.67364501953125,,,,,334.4270935058594,,
2011-11-25,511.5542297363281,,,,,334.97503662109375,,
2011-11-28,527.1763916015625,,,,,346.5791015625,,
2011-11-29,529.266357421875,,,,,350.3641357421875,,
2011-11-30,546.380859375,,,,,360.2251281738281,,
2011-12-01,544.1918334960938,,,,,361.8187561035156,,
2011-12-02,550.9583129882812,,,,,361.91845703125,,
2011-12-05,551.8536376953125,,,,,358.33258056640625,,
2011-12-06,551.4556884765625,,,,,359.0796203613281,,
2011-12-07,549.6646118164062,,,,,359.5777587890625,,
2011-12-08,543.0973510742188,,,,,348.12298583984375,,
2011-12-09,547.4755249023438,,,,,348.91973876953125,,
2011-12-12,537.7241821289062,,,,,340.00518798828125,,
2011-12-13,545.18701171875,,,,,341.1504821777344,,
2011-12-14,533.7440185546875,,,,,331.6383056640625,,
2011-12-15,536.530029296875,,,,,337.01690673828125,,
2011-12-16,535.1369018554688,,,,,334.67620849609375,,
2011-12-19,532.7487182617188,,,,,331.2398376464844,,
2011-12-20,538.3212280273438,,,,,335.62249755859375,,
2011-12-21,535.1369018554688,,,,,334.2279968261719,,
2011-12-22,542.4008178710938,,,,,337.41534423828125,,
2011-12-23,547.9234008789062,,,,,339.4571533203125,,
2011-12-28,546.9776611328125,,,,,338.809814453125,,
2011-12-29,551.9532470703125,,,,,340.9017028808594,,
2011-12-30,536.3309326171875,,,,,345.43365478515625,,
2012-01-03,565.8840942382812,,,,,348.02337646484375,,
2012-01-04,562.998291015625,,,,,344.1387939453125,,
2012-01-05,558.5206909179688,,,,,344.4874267578125,,
2012-01-06,560.6101684570312,,,,,339.158447265625,,
2012-01-09,557.2271728515625,,,,,338.90936279296875,,
2012-01-10,565.684814453125,,,,,347.12701416015625,,
2012-01-11,562.7992553710938,,,,,343.9395446777344,,
2012-01-12,562.1027221679688,,,,,349.7166748046875,,
2012-01-13,559.1172485351562,,,,,346.1308898925781,,
2012-01-16,560.7098388671875,,,,,348.2724304199219,,
2012-01-17,565.087890625,,,,,350.3143615722656,,
2012-01-18,565.9833374023438,,,,,351.111083984375,,
2012-01-19,569.963623046875,,,,,363.26318359375,,
2012-01-20,568.4708862304688,,,,,367.297119140625,,
2012-01-23,573.2470703125,,,,,368.1437683105469,,
2012-01-24,570.4611206054688,,,,,363.2132873535156,,
2012-01-25,567.475830078125,,,,,363.16351318359375,,
2012-01-26,574.8395385742188,,,,,369.2892761230469,,
2012-01-27,568.4708862304688,,,,,367.645751953125,,
2012-01-30,562.4011840820312,,,,,361.47021484375,,
2012-01-31,563.3961791992188,,,,,360.1754455566406,,
2012-02-01,574.2422485351562,,,,,366.45050048828125,,
2012-02-02,574.6403198242188,,,,,366.55010986328125,,
2012-02-03,585.1878662109375,,,,,371.6299743652344,,
2012-02-06,584.3917236328125,,,,,373.2735290527344,,
2012-02-07,583.9937744140625,,,,,371.58026123046875,,
2012-02-08,582.9987182617188,,,,,372.27734375,,
2012-02-09,585.08837890625,,,,,372.1280822753906,,
2012-02-10,580.7100830078125,,,,,369.43865966796875,,
2012-02-13,585.2872314453125,,,,,373.671875,,
2012-02-14,585.3868408203125,,,,,372.427001953125,,
2012-02-15,586.4812622070312,,,,,371.2813415527344,,
2012-02-16,585.5858764648438,,,,,368.2434387207031,,
2012-02-17,587.675537109375,,,,,371.1817626953125,,
2012-02-20,590.7599487304688,,,,,374.86737060546875,,
2012-02-21,589.8644409179688,,,,,369.9366149902344,,
2012-02-22,586.580810546875,,,,,366.15167236328125,,
2012-02-23,588.4714965820312,,,,,365.653564453125,,
2012-02-24,588.073486328125,,,,,371.8291320800781,,
2012-02-27,585.8843383789062,,,,,366.55010986328125,,
2012-02-28,587.1779174804688,,,,,367.844970703125,,
2012-02-29,582.1033325195312,,,,,366.15167236328125,,
2012-03-01,588.1731567382812,,,,,369.9865417480469,,
2012-03-02,586.6806640625,,,,,371.6798095703125,,
2012-03-05,582.9987182617188,,,,,371.8291320800781,,
2012-03-06,573.1476440429688,,,,,363.5121154785156,,
2012-03-07,576.43115234375,,,,,367.3966979980469,,
2012-03-08,582.9987182617188,,,,,376.3115234375,,
2012-03-09,585.9839477539062,,,,,378.20404052734375,,
2012-03-12,586.18310546875,,,,,384.08074951171875,,
2012-03-13,592.153076171875,,,,,389.6587829589844,,
2012-03-14,592.5513916015625,,,,,388.8618469238281,,
2012-03-15,591.6555786132812,,,,,387.9156188964844,,
2012-03-16,594.5413818359375,,,,,393.34417724609375,,
2012-03-19,593.5463256835938,,,,,392.0492858886719,,
2012-03-20,586.18310546875,,,,,386.6705322265625,,
2012-03-21,586.978759765625,,,,,387.4674377441406,,
2012-03-22,582.3021240234375,,,,,382.8854675292969,,
2012-03-23,583.595703125,,,,,379.4490966796875,,
2012-03-26,587.973876953125,,,,,383.1344299316406,,
2012-03-27,584.5907592773438,,,,,382.985107421875,,
2012-03-28,578.52099609375,,,,,377.25787353515625,,
2012-03-29,572.152587890625,,,,,373.1240234375,,
2012-03-30,574.5408325195312,,,,,377.9549255371094,,
2012-04-02,585.8843383789062,,,,,380.1961364746094,,
2012-04-03,582.4014892578125,,,,,377.4569091796875,,
2012-04-04,569.3665161132812,,,,,371.2813415527344,,
2012-04-05,571.5556640625,,,,,375.5644226074219,,
2012-04-10,559.0177612304688,,,,,372.0782775878906,,
2012-04-11,563.296875,,,,,374.26953125,,
2012-04-12,570.8591918945312,,,,,377.5565185546875,,
2012-04-13,565.1873779296875,,,,,374.2197570800781,,
2012-04-16,566.6799926757812,,,,,371.6798095703125,,
2012-04-17,576.82958984375,,,,,378.7020263671875,,
2012-04-18,575.0381469726562,,,,,377.4569091796875,,
2012-04-19,574.6403198242188,,,,,377.5565185546875,,
2012-04-20,577.4263305664062,,,,,380.14630126953125,,
2012-04-23,567.3764038085938,,,,,374.1698913574219,,
2012-04-24,571.5556640625,,,,,377.7558288574219,,
2012-04-25,573.4461059570312,,,,,375.86322021484375,,
2012-04-26,575.9339599609375,,,,,374.6180725097656,,
2012-04-27,578.1229248046875,,,,,380.14630126953125,,
2012-04-30,574.739990234375,,,,,375.8134460449219,,
2012-05-01,582.2028198242188,,,,,379.84759521484375,,
2012-05-02,577.0284423828125,,,,,378.45306396484375,,
2012-05-03,577.6253662109375,,,,,380.34552001953125,,
2012-05-04,566.2820434570312,,,,,373.52252197265625,,
2012-05-08,556.9284057617188,,,,,377.357421875,,
2012-05-09,555.9332275390625,,,,,374.3691711425781,,
2012-05-10,556.9284057617188,,,,,374.4689025878906,,
2012-05-11,561.2072143554688,,,,,381.4411926269531,,
2012-05-14,549.76416015625,,,,,376.3612365722656,,
2012-05-15,546.380859375,,,,,373.17388916015625,,
2012-05-16,543.7940063476562,,,,,374.4190368652344,,
2012-05-17,536.6294555664062,,,,,370.2853088378906,,
2012-05-18,530.06201171875,,,,,366.0023193359375,,
2012-05-21,533.94287109375,,,,,367.645751953125,,
2012-05-22,543.5948486328125,,,,,369.48846435546875,,
2012-05-23,522.8978271484375,,,,,366.0023193359375,,
2012-05-24,531.1567993164062,,,,,370.23553466796875,,
2012-05-25,531.4551391601562,,,,,370.634033203125,,
2012-05-29,535.5349731445312,,,,,372.9249572753906,,
2012-05-30,526.778564453125,,,,,367.844970703125,,
2012-05-31,529.1665649414062,,,,,366.55010986328125,,
2012-06-01,522.6987915039062,,,,,363.3128662109375,,
2012-06-06,537.0277099609375,,,,,371.7792663574219,,
2012-06-07,542.798828125,,,,,371.4805603027344,,
2012-06-08,541.5053100585938,,,,,370.1358642578125,,
2012-06-11,541.7042236328125,,,,,366.15167236328125,,
2012-06-12,545.0872192382812,,,,,365.0063171386719,,
2012-06-13,546.2816162109375,,,,,367.496337890625,,
2012-06-14,544.788818359375,,,,,370.3352355957031,,
2012-06-15,545.9829711914062,,,,,374.86737060546875,,
2012-06-18,547.0775146484375,,,,,375.2157897949219,,
2012-06-19,556.6300048828125,,,,,380.34552001953125,,
2012-06-20,560.01318359375,,,,,383.58270263671875,,
2012-06-21,554.4408569335938,,,,,380.0467224121094,,
2012-06-22,549.1671142578125,,,,,376.4110412597656,,
2012-06-25,542.5003051757812,,,,,374.7178649902344,,
2012-06-26,542.6991577148438,,,,,375.2655944824219,,
2012-06-27,550.4606323242188,,,,,379.74786376953125,,
2012-06-28,548.072509765625,,,,,375.9129638671875,,
2012-06-29,555.23681640625,,,,,383.6324768066406,,
2012-07-02,561.80419921875,,,,,388.96148681640625,,
2012-07-03,566.7794799804688,,,,,391.20245361328125,,
2012-07-04,566.6799926757812,,,,,391.70062255859375,,
2012-07-05,567.475830078125,,,,,390.4056396484375,,
2012-07-06,563.993408203125,,,,,391.9994201660156,,
2012-07-09,559.91357421875,,,,,392.1986083984375,,
2012-07-10,563.7943115234375,,,,,393.5931701660156,,
2012-07-11,564.4909057617188,,,,,395.2863464355469,,
2012-07-12,558.7197265625,,,,,395.3861083984375,,
2012-07-13,564.6897583007812,,,,,398.4737243652344,,
2012-07-16,564.1922607421875,,,,,402.5576477050781,,
2012-07-17,561.2072143554688,,,,,402.00970458984375,,
2012-07-18,566.6799926757812,,,,,402.70709228515625,,
2012-07-19,569.2669677734375,,,,,405.74505615234375,,
2012-07-20,563.0975952148438,,,,,401.1133728027344,,
2012-07-23,551.3560180664062,,,,,395.6847839355469,,
2012-07-24,547.8737182617188,,,,,396.382080078125,,
2012-07-25,547.6744384765625,,,,,398.4239501953125,,
2012-07-26,554.739013671875,,,,,399.4698181152344,,
2012-07-27,560.5106811523438,,,,,401.6114501953125,,
2012-07-30,566.6799926757812,,,,,402.1094055175781,,
2012-07-31,562.0033569335938,,,,,399.5195617675781,,
2012-08-01,569.8641967773438,,,,,404.8984069824219,,
2012-08-02,565.1873779296875,,,,,404.5,,
2012-08-03,577.3269653320312,,,,,409.0820007324219,,
2012-08-06,580.0133056640625,,,,,409.92852783203125,,
2012-08-07,582.1033325195312,,,,,409.281005859375,,
2012-08-08,585.486328125,,,,,411.123779296875,,
2012-08-09,585.1878662109375,,,,,408.6336364746094,,
2012-08-10,585.08837890625,,,,,407.4881591796875,,
2012-08-13,583.595703125,,,,,406.9901123046875,,
2012-08-14,586.2824096679688,,,,,408.1854248046875,,
2012-08-15,584.1926879882812,,,,,409.4803466796875,,
2012-08-16,584.6903686523438,,,,,409.6296691894531,,
2012-08-17,586.2824096679688,,,,,410.1278381347656,,
2012-08-20,583.0982666015625,,,,,410.6257629394531,,
2012-08-21,586.978759765625,,,,,412.518310546875,,
2012-08-22,573.8443603515625,,,,,406.29290771484375,,
2012-08-23,574.2422485351562,,,,,404.2010803222656,,
2012-08-24,573.9439086914062,,,,,402.30859375,,
2012-08-28,573.1476440429688,,,,,403.00592041015625,,
2012-08-29,570.26220703125,,,,,402.2090148925781,,
2012-08-30,567.3764038085938,,,,,403.205078125,,
2012-08-31,566.2820434570312,,,,,404.0019836425781,,
2012-09-03,572.2521362304688,,,,,406.6414489746094,,
2012-09-04,563.7943115234375,,,,,400.8643798828125,,
2012-09-05,562.7992553710938,,,,,402.70709228515625,,
2012-09-06,573.7445678710938,,,,,408.68353271484375,,
2012-09-07,576.3318481445312,,,,,410.0281066894531,,
2012-09-10,576.0335083007812,,,,,407.7373046875,,
2012-09-11,575.3368530273438,,,,,405.5956726074219,,
2012-09-12,574.5408325195312,,,,,407.4881591796875,,
2012-09-13,578.2225341796875,,,,,408.3847351074219,,
2012-09-14,587.8743286132812,,,,,414.1120910644531,,
2012-09-17,586.08349609375,,,,,413.01617431640625,,
2012-09-18,583.7948608398438,,,,,411.32293701171875,,
2012-09-19,586.08349609375,,,,,408.8825378417969,,
2012-09-20,582.2028198242188,,,,,397.42803955078125,,
2012-09-21,583.8944091796875,,,,,404.1015319824219,,
2012-09-24,581.30712890625,,,,,401.6612548828125,,
2012-09-25,583.8944091796875,,,,,405.7948913574219,,
2012-09-26,575.1378173828125,,,,,402.2090148925781,,
2012-09-27,575.8345947265625,,,,,401.71087646484375,,
2012-09-28,572.6500854492188,,,,,401.71087646484375,,
2012-10-01,580.5110473632812,,,,,404.7491149902344,,
2012-10-02,579.3169555664062,,,,,403.802734375,,
2012-10-03,581.2079467773438,,,,,402.6073913574219,,
2012-10-04,581.30712890625,,,,,405.5458679199219,,
2012-10-05,585.3868408203125,,,,,408.2850341796875,,
2012-10-08,582.7998046875,,,,,406.3924865722656,,
2012-10-09,579.1181030273438,,,,,404.30078125,,
2012-10-10,576.0335083007812,,,,,405.5956726074219,,
2012-10-11,580.1130981445312,,,,,409.9783630371094,,
2012-10-12,576.3318481445312,,,,,409.878662109375,,
2012-10-15,578.8196411132812,,,,,413.863037109375,,
2012-10-16,584.9887084960938,,,,,414.8589172363281,,
2012-10-17,588.670654296875,,,,,417.3990173339844,,
2012-10-18,589.7650756835938,,,,,414.46051025390625,,
2012-10-19,587.078369140625,,,,,420.3373718261719,,
2012-10-22,585.9839477539062,,,,,416.85113525390625,,
2012-10-23,577.7249755859375,,,,,413.3150329589844,,
2012-10-24,579.6157836914062,,,,,411.7712707519531,,
2012-10-25,579.4163818359375,,,,,412.5681457519531,,
2012-10-26,579.814453125,,,,,413.46453857421875,,
2012-10-29,578.1229248046875,,,,,416.1039733886719,,
2012-10-30,583.4960327148438,,,,,415.85516357421875,,
2012-10-31,577.2274169921875,,,,,414.06219482421875,,
2012-11-01,585.1878662109375,,,,,418.04644775390625,,
2012-11-02,585.7847900390625,,,,,419.1919860839844,,
2012-11-05,582.9987182617188,,,,,418.6440734863281,,
2012-11-06,587.77490234375,,,,,421.73175048828125,,
2012-11-07,579.1181030273438,,,,,416.2037048339844,,
2012-11-08,577.8245239257812,,,,,412.5681457519531,,
2012-11-09,575.7346801757812,,,,,408.8825378417969,,
2012-11-12,576.53076171875,,,,,411.5720520019531,,
2012-11-13,578.1229248046875,,,,,412.02020263671875,,
2012-11-14,572.9488525390625,,,,,410.2769775390625,,
2012-11-15,569.0680541992188,,,,,404.7491149902344,,
2012-11-16,561.80419921875,,,,,400.6154479980469,,
2012-11-19,574.9387817382812,,,,,406.3924865722656,,
2012-11-20,576.53076171875,,,,,404.6494140625,,
2012-11-21,571.0579223632812,,,,,408.6336364746094,,
2012-11-22,575.4361572265625,,,,,411.67156982421875,,
2012-11-23,577.7249755859375,,,,,413.1657409667969,,
2012-11-26,574.9387817382812,,,,,416.6519470214844,,
2012-11-27,575.5357666015625,,,,,416.75152587890625,,
2012-11-28,576.1329956054688,,,,,414.2613525390625,,
2012-11-29,582.4014892578125,,,,,418.3451843261719,,
2012-11-30,582.5010986328125,,,,,421.63226318359375,,
2012-12-03,582.600830078125,,,,,423.32550048828125,,
2012-12-04,582.8991088867188,,,,,424.17205810546875,,
2012-12-05,585.08837890625,,,,,426.3137512207031,,
2012-12-06,584.9887084960938,,,,,424.8694763183594,,
2012-12-07,587.078369140625,,,,,427.210205078125,,
2012-12-10,587.4764404296875,,,,,428.5050354003906,,
2012-12-11,587.77490234375,,,,,427.7082214355469,,
2012-12-12,589.6656494140625,,,,,429.89959716796875,,
2012-12-13,588.571044921875,,,,,429.7998962402344,,
2012-12-14,587.3768920898438,,,,,430.5469055175781,,
2012-12-17,586.978759765625,,,,,428.70428466796875,,
2012-12-18,589.0684204101562,,,,,431.84185791015625,,
2012-12-19,592.2525634765625,,,,,437.569091796875,,
2012-12-20,591.4568481445312,,,,,436.5233459472656,,
2012-12-21,588.7698974609375,,,,,435.3778991699219,,
2012-12-24,590.9092407226562,,,,,434.1825866699219,,
2012-12-27,591.5563354492188,,,,,437.2703552246094,,
2012-12-28,587.973876953125,,,,,437.2703552246094,,
2012-12-31,584.3421630859375,,,,,430.5967712402344,,
2013-01-02,597.8251342773438,,,,,439.511474609375,,
2013-01-03,599.5166625976562,,,,,439.4617004394531,,
2013-01-04,603.9943237304688,,,,,439.1130676269531,,
2013-01-07,601.904541015625,,,,,440.45782470703125,,
2013-01-08,600.71044921875,,,,,437.8680114746094,,
2013-01-09,605.7852172851562,,,,,439.0135498046875,,
2013-01-10,606.5814819335938,,,,,438.2663879394531,,
2013-01-11,608.4718627929688,,,,,437.0213623046875,,
2013-01-14,607.0786743164062,,,,,436.57305908203125,,
2013-01-15,608.0739135742188,,,,,438.56524658203125,,
2013-01-16,605.884765625,,,,,437.8680114746094,,
2013-01-17,608.6708984375,,,,,436.6228942871094,,
2013-01-18,610.660888671875,,,,,438.8640441894531,,
2013-01-21,613.04931640625,,,,,438.56524658203125,,
2013-01-22,613.1488037109375,,,,,437.7684631347656,,
2013-01-23,614.9396362304688,,,,,436.3910217285156,,
2013-01-24,621.2089233398438,,,,,435.09600830078125,,
2013-01-25,623.397705078125,,,,,434.7972717285156,,
2013-01-28,624.1936645507812,,,,,434.94659423828125,,
2013-01-29,628.3728637695312,,,,,431.9085388183594,,
2013-01-30,626.1841430664062,,,,,431.8089904785156,,
2013-01-31,622.2036743164062,,,,,431.5599670410156,,
2013-02-01,628.9699096679688,,,,,434.5980224609375,,
2013-02-04,619.5169067382812,,,,,431.3108215332031,,
2013-02-05,623.29833984375,,,,,434.7972717285156,,
2013-02-06,624.691162109375,,,,,433.7513122558594,,
2013-02-07,617.9248657226562,,,,,428.4222106933594,,
2013-02-08,621.7060546875,,,,,435.19573974609375,,
2013-02-11,622.9996337890625,,,,,433.3031311035156,,
2013-02-12,628.8704833984375,,,,,440.3753967285156,,
2013-02-13,632.6515502929688,,,,,442.1683349609375,,
2013-02-14,629.46728515625,,,,,441.3714294433594,,
2013-02-15,628.7708740234375,,,,,445.75439453125,,
2013-02-18,628.3728637695312,,,,,446.3519592285156,,
2013-02-19,633.6466064453125,,,,,448.7427673339844,,
2013-02-20,633.7757568359375,,,,,450.73480224609375,,
2013-02-21,623.4268798828125,,,,,444.9573974609375,,
2013-02-22,628.103759765625,,,,,447.0492248535156,,
2013-02-25,629.2980346679688,,,,,442.46722412109375,,
2013-02-26,621.6356201171875,,,,,438.7816162109375,,
2013-02-27,627.1090087890625,,,,,435.4945373535156,,
2013-02-28,629.7953491210938,,,,,441.86956787109375,,
2013-03-01,631.2880249023438,,,,,444.4594421386719,,
2013-03-04,628.5018310546875,,,,,445.5550231933594,,
2013-03-05,636.9600830078125,,,,,451.8304748535156,,
2013-03-06,637.2587280273438,,,,,447.44775390625,,
2013-03-07,638.552490234375,,,,,452.3783264160156,,
2013-03-08,642.2342529296875,,,,,451.8304748535156,,
2013-03-11,644.3240356445312,,,,,449.5395202636719,,
2013-03-12,644.3240356445312,,,,,441.5209655761719,,
2013-03-13,643.0303344726562,,,,,444.3597412109375,,
2013-03-14,647.9061279296875,,,,,447.24853515625,,
2013-03-15,644.8212890625,,,,,445.65472412109375,,
2013-03-18,641.239013671875,,,,,443.1643981933594,,
2013-03-19,639.7463989257812,,,,,440.1761474609375,,
2013-03-20,640.2438354492188,,,,,441.3216857910156,,
2013-03-21,635.9646606445312,,,,,440.1761474609375,,
2013-03-22,636.1640014648438,,,,,439.7776794433594,,
2013-03-25,635.1689453125,,,,,438.48284912109375,,
2013-03-26,636.9600830078125,,,,,438.18389892578125,,
2013-03-27,636.3633422851562,,,,,436.1917724609375,,
2013-03-28,638.850830078125,,,,,440.6741943359375,,
2013-04-02,646.1149291992188,,,,,446.1527404785156,,
2013-04-03,639.9454956054688,,,,,442.86572265625,,
2013-04-04,632.2830810546875,,,,,440.72406005859375,,
2013-04-05,623.9246215820312,,,,,436.6898498535156,,
2013-04-08,625.9146728515625,,,,,440.6741943359375,,
2013-04-09,630.3927612304688,,,,,443.86181640625,,
2013-04-10,637.3582153320312,,,,,452.52777099609375,,
2013-04-11,639.7463989257812,,,,,457.75738525390625,,
2013-04-12,637.1592407226562,,,,,460.9449157714844,,
2013-04-15,632.3826293945312,,,,,457.60784912109375,,
2013-04-16,628.4022827148438,,,,,460.7953186035156,,
2013-04-17,622.8300170898438,,,,,458.30499267578125,,
2013-04-18,622.6307983398438,,,,,458.4047546386719,,
2013-04-19,627.1090087890625,,,,,462.3891906738281,,
2013-04-22,626.21337890625,,,,,462.5884094238281,,
2013-04-23,638.552490234375,,,,,465.4771423339844,,
2013-04-24,641.8363037109375,,,,,467.4090576171875,,
2013-04-25,642.632080078125,,,,,466.1139221191406,,
2013-04-26,641.3385620117188,,,,,464.4204406738281,,
2013-04-29,644.8212890625,,,,,468.7040100097656,,
2013-04-30,641.4378662109375,,,,,468.0068054199219,,
2013-05-01,644.5228881835938,,,,,466.8112487792969,,
2013-05-02,645.7169799804688,,,,,467.80743408203125,,
2013-05-03,651.7869873046875,,,,,471.6925048828125,,
2013-05-07,655.0708618164062,,,,,482.84979248046875,,
2013-05-08,658.4541015625,,,,,484.6429443359375,,
2013-05-09,659.9467163085938,,,,,488.4284362792969,,
2013-05-10,662.1358032226562,,,,,491.6161804199219,,
2013-05-13,662.4345703125,,,,,493.409423828125,,
2013-05-14,667.9075317382812,,,,,494.7043151855469,,
2013-05-15,669.4002075195312,,,,,506.8080139160156,,
2013-05-16,668.4049682617188,,,,,508.05328369140625,,
2013-05-17,672.6837768554688,,,,,513.2832641601562,,
2013-05-20,675.6692504882812,,,,,515.0264892578125,,
2013-05-21,680.3462524414062,,,,,512.5360107421875,,
2013-05-22,684.525634765625,,,,,509.5475158691406,,
2013-05-23,672.0869750976562,,,,,497.09521484375,,
2013-05-24,666.3155517578125,,,,,496.5970764160156,,
2013-05-28,677.361083984375,,,,,500.083740234375,,
2013-05-29,656.8450927734375,,,,,488.1793212890625,,
2013-05-30,659.233642578125,,,,,485.1409606933594,,
2013-05-31,651.9683227539062,,,,,482.89959716796875,,
2013-06-03,646.9923095703125,,,,,481.8536376953125,,
2013-06-04,649.779052734375,,,,,486.6352844238281,,
2013-06-05,637.0401611328125,,,,,477.4703674316406,,
2013-06-06,628.8794555664062,,,,,471.6925048828125,,
2013-06-07,636.2440795898438,,,,,478.6659240722656,,
2013-06-10,635.3486328125,,,,,475.1792907714844,,
2013-06-11,629.775146484375,,,,,467.70782470703125,,
2013-06-12,627.088134765625,,,,,463.87261962890625,,
2013-06-13,627.78466796875,,,,,464.71929931640625,,
2013-06-14,627.9837646484375,,,,,473.6849060058594,,
2013-06-17,630.4719848632812,,,,,471.8918151855469,,
2013-06-18,634.2537231445312,,,,,473.6849060058594,,
2013-06-19,632.7606811523438,,,,,476.6735534667969,,
2013-06-20,613.6521606445312,,,,,466.8112487792969,,
2013-06-21,609.4727172851562,,,,,464.22119140625,,
2013-06-24,600.316650390625,,,,,443.9986572265625,,
2013-06-25,607.7808837890625,,,,,453.7613220214844,,
2013-06-26,614.249755859375,,,,,456.74993896484375,,
2013-06-27,622.012451171875,,,,,460.73443603515625,,
2013-06-28,619.22607421875,,,,,464.22119140625,,
2013-07-01,628.0830688476562,,,,,465.2172546386719,,
2013-07-02,627.78466796875,,,,,473.6849060058594,,
2013-07-03,621.01708984375,,,,,471.7921447753906,,
2013-07-04,639.9263916015625,,,,,487.1334533691406,,
2013-07-05,634.8511352539062,,,,,489.6238708496094,,
2013-07-08,642.11572265625,,,,,493.1105041503906,,
2013-07-09,648.8834228515625,,,,,500.083740234375,,
2013-07-10,647.4901123046875,,,,,497.09521484375,,
2013-07-11,651.37158203125,,,,,503.57049560546875,,
2013-07-12,650.475830078125,,,,,501.8270263671875,,
2013-07-15,654.755126953125,,,,,504.56658935546875,,
2013-07-16,652.466064453125,,,,,503.07244873046875,,
2013-07-17,654.3571166992188,,,,,500.58184814453125,,
2013-07-18,660.1292724609375,,,,,502.0762634277344,,
2013-07-19,659.7308959960938,,,,,507.5550231933594,,
2013-07-22,659.1344604492188,,,,,504.81561279296875,,
2013-07-23,656.1484985351562,,,,,503.3213806152344,,
2013-07-24,658.8355102539062,,,,,499.8672790527344,,
2013-07-25,654.6555786132812,,,,,493.1426086425781,,
2013-07-26,651.5704956054688,,,,,491.150146484375,,
2013-07-29,652.06787109375,,,,,493.6406555175781,,
2013-07-30,653.0631713867188,,,,,497.1275634765625,,
2013-07-31,658.0393676757812,,,,,500.1163330078125,,
2013-08-01,664.5082397460938,,,,,506.09375,,
2013-08-02,661.22412109375,,,,,497.6257019042969,,
2013-08-05,658.8355102539062,,,,,495.6332702636719,,
2013-08-06,657.0441284179688,,,,,495.6332702636719,,
2013-08-07,649.6793823242188,,,,,487.1650390625,,
2013-08-08,651.6699829101562,,,,,487.1650390625,,
2013-08-09,657.0441284179688,,,,,486.56732177734375,,
2013-08-12,656.1484985351562,,,,,481.6856994628906,,
2013-08-13,660.3286743164062,,,,,484.5747985839844,,
2013-08-14,659.6317138671875,,,,,485.1725158691406,,
2013-08-15,649.0825805664062,,,,,476.10675048828125,,
2013-08-16,649.8787841796875,,,,,481.6856994628906,,
2013-08-19,646.8929443359375,,,,,478.1989440917969,,
2013-08-20,646.594482421875,,,,,478.2986145019531,,
2013-08-21,640.423828125,,,,,474.21392822265625,,
2013-08-22,646.395263671875,,,,,474.3134460449219,,
2013-08-23,650.6748046875,,,,,478.1989440917969,,
2013-08-27,646.0966796875,,,,,473.2176208496094,,
2013-08-28,639.1818237304688,,,,,469.0334777832031,,
2013-08-29,644.8550415039062,,,,,470.72711181640625,,
2013-08-30,637.8881225585938,,,,,469.83038330078125,,
2013-09-02,647.1441040039062,,,,,479.5935974121094,,
2013-09-03,643.461669921875,,,,,466.8416748046875,,
2013-09-04,644.7554931640625,,,,,465.2475891113281,,
2013-09-05,650.1303100585938,,,,,468.3360290527344,,
2013-09-06,651.523681640625,,,,,468.2364196777344,,
2013-09-09,649.9313354492188,,,,,469.83038330078125,,
2013-09-10,655.6043701171875,,,,,478.1989440917969,,
2013-09-11,656.3012084960938,,,,,478.7966613769531,,
2013-09-12,656.4005737304688,,,,,482.183837890625,,
2013-09-13,655.3057861328125,,,,,482.4329833984375,,
2013-09-16,659.2870483398438,,,,,488.460205078125,,
2013-09-17,654.1113891601562,,,,,486.56732177734375,,
2013-09-18,652.2205200195312,,,,,480.19140625,,
2013-09-19,658.7893676757812,,,,,488.1613464355469,,
2013-09-20,656.69921875,,,,,490.3531799316406,,
2013-09-23,652.2205200195312,,,,,484.4753112792969,,
2013-09-24,653.61376953125,,,,,489.1575622558594,,
2013-09-25,651.523681640625,,,,,488.65948486328125,,
2013-09-26,652.4193725585938,,,,,492.1463623046875,,
2013-09-27,646.9452514648438,,,,,488.95831298828125,,
2013-09-30,641.6702880859375,,,,,485.37188720703125,,
2013-10-01,641.4710693359375,,,,,490.4527282714844,,
2013-10-02,639.1818237304688,,,,,489.9547424316406,,
2013-10-03,639.8786010742188,,,,,488.21112060546875,,
2013-10-04,640.0777587890625,,,,,489.65570068359375,,
2013-10-07,639.1818237304688,,,,,485.1725158691406,,
2013-10-08,631.91650390625,,,,,483.8776550292969,,
2013-10-09,629.6268310546875,,,,,484.3756408691406,,
2013-10-10,639.1818237304688,,,,,496.4303283691406,,
2013-10-11,643.6607666015625,,,,,500.1163330078125,,
2013-10-14,645.452392578125,,,,,500.6143798828125,,
2013-10-15,650.1303100585938,,,,,503.85223388671875,,
2013-10-16,652.320068359375,,,,,508.0863342285156,,
2013-10-17,652.8176879882812,,,,,514.3130493164062,,
2013-10-18,657.3958129882812,,,,,514.063720703125,,
2013-10-21,661.2775268554688,,,,,515.0599975585938,,
2013-10-22,664.4624633789062,,,,,516.3052978515625,,
2013-10-23,662.8701171875,,,,,515.087646484375,,
2013-10-24,666.254150390625,,,,,520.5674438476562,,
2013-10-25,667.3490600585938,,,,,522.5598754882812,,
2013-10-28,668.3441772460938,,,,,519.5708618164062,,
2013-10-29,673.4201049804688,,,,,522.3108520507812,,
2013-10-30,673.0222778320312,,,,,521.0656127929688,,
2013-10-31,668.4434814453125,,,,,514.58935546875,,
2013-11-01,668.045654296875,,,,,512.098876953125,,
2013-11-04,672.4249267578125,,,,,513.59326171875,,
2013-11-05,669.4390869140625,,,,,509.8570556640625,,
2013-11-06,669.7376708984375,,,,,508.36260986328125,,
2013-11-07,665.8560791015625,,,,,507.86456298828125,,
2013-11-08,667.1498413085938,,,,,509.11004638671875,,
2013-11-11,668.1451416015625,,,,,511.6007385253906,,
2013-11-12,668.7423706054688,,,,,509.11004638671875,,
2013-11-13,660.1826782226562,,,,,503.1321716308594,,
2013-11-14,663.1683959960938,,,,,509.11004638671875,,
2013-11-15,665.8560791015625,,,,,511.1024475097656,,
2013-11-18,668.64306640625,,,,,510.604248046875,,
2013-11-19,666.254150390625,,,,,506.3699951171875,,
2013-11-20,665.457763671875,,,,,501.51312255859375,,
2013-11-21,664.8606567382812,,,,,505.6228942871094,,
2013-11-22,664.4624633789062,,,,,502.1358642578125,,
2013-11-25,666.8513793945312,,,,,505.8717956542969,,
2013-11-26,660.5809326171875,,,,,506.3699951171875,,
2013-11-27,657.5462646484375,,,,,507.6153259277344,,
2013-11-28,658.1436157226562,,,,,508.6117858886719,,
2013-11-29,656.6505737304688,,,,,507.1173095703125,,
2013-12-02,652.2711791992188,,,,,503.1321716308594,,
2013-12-03,646.298583984375,,,,,500.1431884765625,,
2013-12-04,644.1087646484375,,,,,501.38836669921875,,
2013-12-05,643.0140380859375,,,,,502.1358642578125,,
2013-12-06,647.99072265625,,,,,505.1246643066406,,
2013-12-09,648.3888549804688,,,,,506.61920166015625,,
2013-12-10,645.1043701171875,,,,,505.1246643066406,,
2013-12-11,643.8103637695312,,,,,503.1321716308594,,
2013-12-12,637.6387329101562,,,,,499.14691162109375,,
2013-12-13,636.4447021484375,,,,,498.1504821777344,,
2013-12-16,644.905029296875,,,,,498.1504821777344,,
2013-12-17,641.7201538085938,,,,,495.65985107421875,,
2013-12-18,642.2175903320312,,,,,496.0583190917969,,
2013-12-19,651.0763549804688,,,,,506.8681640625,,
2013-12-20,652.4700317382812,,,,,506.12091064453125,,
2013-12-23,660.5325927734375,,,,,509.11004638671875,,
2013-12-24,661.328857421875,,,,,510.8536071777344,,
2013-12-27,667.9977416992188,,,,,511.1024475097656,,
2013-12-30,666.1064453125,,,,,510.604248046875,,
2013-12-31,663.916748046875,,,,,513.966796875,,
2014-01-02,664.115966796875,,,,,509.6079406738281,,
2014-01-03,664.812744140625,,,,,513.8424072265625,,
2014-01-06,665.509521484375,,,,,515.5859375,,
2014-01-07,667.799072265625,,,,,519.072998046875,,
2014-01-08,664.115966796875,,,,,520.5674438476562,,
2014-01-09,660.9307250976562,,,,,523.0580444335938,,
2014-01-10,665.509521484375,,,,,528.5376586914062,,
2014-01-13,667.3013305664062,,,,,532.0247802734375,,
2014-01-14,668.6947631835938,,,,,527.2923583984375,,
2014-01-15,674.3682250976562,,,,,533.0210571289062,,
2014-01-16,673.5718994140625,,,,,531.7759399414062,,
2014-01-17,675.0650024414062,,,,,538.9988403320312,,
2014-01-20,675.56298828125,,,,,542.4859008789062,,
2014-01-21,675.6624145507812,,,,,544.7273559570312,,
2014-01-22,675.164794921875,,,,,547.2183227539062,,
2014-01-23,669.6901245117188,,,,,542.8597412109375,,
2014-01-24,658.840576171875,,,,,537.2553100585938,,
2014-01-27,647.5927124023438,,,,,536.0098876953125,,
2014-01-28,650.0809936523438,,,,,542.735107421875,,
2014-01-29,646.7965087890625,,,,,534.0425415039062,,
2014-01-30,646.5972900390625,,,,,536.0352783203125,,
2014-01-31,643.9100341796875,,,,,531.302734375,,
2014-02-03,638.8336181640625,,,,,531.5517578125,,
2014-02-04,638.8336181640625,,,,,527.9400024414062,,
2014-02-05,639.8286743164062,,,,,531.302734375,,
2014-02-06,649.6829223632812,,,,,536.0352783203125,,
2014-02-07,651.176025390625,,,,,543.0099487304688,,
2014-02-10,652.7687377929688,,,,,544.5045776367188,,
2014-02-11,659.7361450195312,,,,,552.4751586914062,,
2014-02-12,661.2295532226562,,,,,549.4862670898438,,
2014-02-13,660.03466796875,,,,,547.617919921875,,
2014-02-14,660.3336791992188,,,,,548.7386474609375,,
2014-02-17,667.0023803710938,,,,,556.5850219726562,,
2014-02-18,674.1693725585938,,,,,562.189453125,,
2014-02-19,674.9652709960938,,,,,562.6876831054688,,
2014-02-20,675.2643432617188,,,,,566.9223022460938,,
2014-02-21,678.9470825195312,,,,,569.1640014648438,,
2014-02-24,681.734130859375,,,,,567.4205322265625,,
2014-02-25,684.6207275390625,,,,,570.5340576171875,,
2014-02-26,673.6964721679688,,,,,564.9295043945312,,
2014-02-27,673.8953857421875,,,,,564.9295043945312,,
2014-02-28,674.39306640625,,,,,564.5559692382812,,
2014-03-03,664.2401123046875,,,,,556.5850219726562,,
2014-03-04,673.8953857421875,,,,,568.4168701171875,,
2014-03-05,670.9089965820312,,,,,567.9183349609375,,
2014-03-06,671.7054443359375,,,,,566.9223022460938,,
2014-03-07,665.1358642578125,,,,,560.9442138671875,,
2014-03-10,661.6519165039062,,,,,556.5850219726562,,
2014-03-11,662.0498657226562,,,,,551.2297973632812,,
2014-03-12,658.1679077148438,,,,,545.7498779296875,,
2014-03-13,651.5982666015625,,,,,544.2554321289062,,
2014-03-14,648.7114868164062,,,,,540.394287109375,,
2014-03-17,653.2903442382812,,,,,547.9916381835938,,
2014-03-18,656.177001953125,,,,,550.980712890625,,
2014-03-19,652.9917602539062,,,,,554.4677734375,,
2014-03-20,650.2045288085938,,,,,540.0208740234375,,
2014-03-21,651.2994384765625,,,,,542.7608032226562,,
2014-03-24,647.2183227539062,,,,,539.2736206054688,,
2014-03-25,655.7788696289062,,,,,545.9989013671875,,
2014-03-26,656.3762817382812,,,,,548.9879150390625,,
2014-03-27,654.883056640625,,,,,545.0025634765625,,
2014-03-28,657.371826171875,,,,,547.742431640625,,
2014-03-31,656.4755249023438,,,,,545.0025634765625,,
2014-04-01,660.9549560546875,,,,,546.7461547851562,,
2014-04-02,661.950439453125,,,,,549.4862670898438,,
2014-04-03,660.755859375,,,,,548.2406616210938,,
2014-04-04,665.5339965820312,,,,,550.7316284179688,,
2014-04-07,658.466552734375,,,,,547.2442626953125,,
2014-04-08,655.181884765625,,,,,545.5006103515625,,
2014-04-09,659.163330078125,,,,,546.4970703125,,
2014-04-10,660.3579711914062,,,,,552.4751586914062,,
2014-04-11,652.3947143554688,,,,,543.5081176757812,,
2014-04-14,654.6840209960938,,,,,540.0208740234375,,
2014-04-15,650.6026000976562,,,,,542.0135498046875,,
2014-04-16,655.480224609375,,,,,542.6700439453125,,
2014-04-17,659.2628784179688,,,,,547.5275268554688,,
2014-04-22,665.5339965820312,,,,,554.0040283203125,,
2014-04-23,664.936767578125,,,,,556.2461547851562,,
2014-04-24,667.4251708984375,,,,,554.5022583007812,,
2014-04-25,666.4300537109375,,,,,553.0078125,,
2014-04-28,666.927490234375,,,,,553.7552490234375,,
2014-04-29,674.7913818359375,,,,,556.744384765625,,
2014-04-30,676.184814453125,,,,,551.5131225585938,,
2014-05-01,678.573974609375,,,,,554.2532958984375,,
2014-05-02,679.4697265625,,,,,553.5062255859375,,
2014-05-06,677.3795166015625,,,,,554.3780517578125,,
2014-05-07,677.6781005859375,,,,,559.2356567382812,,
2014-05-08,682.2569580078125,,,,,564.2174682617188,,
2014-05-09,679.9673461914062,,,,,563.345703125,,
2014-05-12,683.3519897460938,,,,,563.469970703125,,
2014-05-13,686.03955078125,,,,,566.7081909179688,,
2014-05-14,687.53271484375,,,,,567.9537353515625,,
2014-05-15,683.9493408203125,,,,,557.9900512695312,,
2014-05-16,684.8447265625,,,,,553.8794555664062,,
2014-05-19,683.7500610351562,,,,,552.5096435546875,,
2014-05-20,679.4697265625,,,,,552.0113525390625,,
2014-05-21,674.7669067382812,,,,,552.7586059570312,,
2014-05-22,674.8663940429688,,,,,556.4950561523438,,
2014-05-23,674.0698852539062,,,,,556.6047973632812,,
2014-05-27,677.1559448242188,,,,,563.22119140625,,
2014-05-28,677.6539916992188,,,,,563.718994140625,,
2014-05-29,679.9434814453125,,,,,564.4667358398438,,
2014-05-30,676.7581787109375,,,,,566.2103271484375,,
2014-06-02,679.1473999023438,,,,,569.1994018554688,,
2014-06-03,677.3552856445312,,,,,565.7122802734375,,
2014-06-04,675.7623901367188,,,,,567.704833984375,,
2014-06-05,674.667236328125,,,,,565.9608764648438,,
2014-06-06,679.047607421875,,,,,577.419677734375,,
2014-06-09,680.7400512695312,,,,,577.9180297851562,,
2014-06-10,680.939208984375,,,,,574.9288940429688,,
2014-06-11,678.3505859375,,,,,569.4484252929688,,
2014-06-12,679.2464599609375,,,,,567.704833984375,,
2014-06-13,672.7758178710938,,,,,549.2713012695312,,
2014-06-16,670.4860229492188,,,,,546.0328979492188,,
2014-06-17,672.2780151367188,,,,,538.0614013671875,,
2014-06-18,673.4724731445312,,,,,535.5706787109375,,
2014-06-19,676.6583862304688,,,,,540.5526123046875,,
2014-06-20,677.85302734375,,,,,540.5526123046875,,
2014-06-23,675.662841796875,,,,,536.0687255859375,,
2014-06-24,673.7715454101562,,,,,538.0614013671875,,
2014-06-25,667.8978271484375,,,,,540.3032836914062,,
2014-06-26,668.2960205078125,,,,,546.2820434570312,,
2014-06-27,671.0834350585938,,,,,552.7586059570312,,
2014-06-30,669.789306640625,,,,,548.8975830078125,,
2014-07-01,675.1651611328125,,,,,555.9970092773438,,
2014-07-02,676.359619140625,,,,,555.4989013671875,,
2014-07-03,680.939208984375,,,,,557.4915771484375,,
2014-07-04,681.436767578125,,,,,556.4950561523438,,
2014-07-07,676.6583862304688,,,,,546.90478515625,,
2014-07-08,668.793701171875,,,,,542.2962646484375,,
2014-07-09,666.5039672851562,,,,,543.7910766601562,,
2014-07-10,662.2230224609375,,,,,547.029296875,,
2014-07-11,663.5174560546875,,,,,547.5275268554688,,
2014-07-14,669.4906005859375,,,,,550.6412963867188,,
2014-07-15,665.807373046875,,,,,547.5275268554688,,
2014-07-16,672.7758178710938,,,,,553.0078125,,
2014-07-17,668.2960205078125,,,,,554.5022583007812,,
2014-07-18,669.19189453125,,,,,558.7369995117188,,
2014-07-21,667.0016479492188,,,,,556.2461547851562,,
2014-07-22,673.5719604492188,,,,,565.7122802734375,,
2014-07-23,674.3685913085938,,,,,565.0028076171875,,
2014-07-24,676.8574829101562,,,,,562.2623291015625,,
2014-07-25,674.1695556640625,,,,,556.5325927734375,,
2014-07-28,673.7715454101562,,,,,555.287109375,,
2014-07-29,675.0653686523438,,,,,558.0277099609375,,
2014-07-30,672.2780151367188,,,,,555.0380249023438,,
2014-07-31,667.79833984375,,,,,552.5468139648438,,
2014-08-01,663.6170654296875,,,,,549.557373046875,,
2014-08-04,662.720947265625,,,,,551.0521240234375,,
2014-08-05,663.3185424804688,,,,,546.4434204101562,,
2014-08-06,660.63037109375,,,,,541.08740234375,,
2014-08-07,656.648193359375,,,,,550.0556030273438,,
2014-08-08,653.363037109375,,,,,548.8098754882812,,
2014-08-11,659.6348876953125,,,,,554.041259765625,,
2014-08-12,659.7343139648438,,,,,553.54345703125,,
2014-08-13,663.9154663085938,,,,,564.7536010742188,,
2014-08-14,666.7030639648438,,,,,570.9816284179688,,
2014-08-15,666.802734375,,,,,573.4724731445312,,
2014-08-18,672.5765991210938,,,,,574.4692993164062,,
2014-08-19,676.359619140625,,,,,575.4657592773438,,
2014-08-20,669.5421752929688,,,,,570.4833374023438,,
2014-08-21,671.931640625,,,,,570.4833374023438,,
2014-08-22,671.4337768554688,,,,,574.219970703125,,
2014-08-26,676.0134887695312,,,,,577.4586791992188,,
2014-08-27,677.3077392578125,,,,,572.9745483398438,,
2014-08-28,674.8189086914062,,,,,571.355224609375,,
2014-08-29,676.3121948242188,,,,,572.4763793945312,,
2014-09-01,676.810302734375,,,,,572.9745483398438,,
2014-09-02,676.7105102539062,,,,,568.9885864257812,,
2014-09-03,680.9916381835938,,,,,573.9712524414062,,
2014-09-04,681.8876342773438,,,,,575.9638671875,,
2014-09-05,679.3983764648438,,,,,571.2305908203125,,
2014-09-08,678.0047607421875,,,,,568.7393188476562,,
2014-09-09,677.3077392578125,,,,,562.5115966796875,,
2014-09-10,677.6063232421875,,,,,563.5079345703125,,
2014-09-11,674.3211669921875,,,,,562.5115966796875,,
2014-09-12,674.61962890625,,,,,564.504638671875,,
2014-09-15,675.0177001953125,,,,,563.0097045898438,,
2014-09-16,673.22607421875,,,,,559.0238037109375,,
2014-09-17,672.4293823242188,,,,,559.7710571289062,,
2014-09-18,676.1128540039062,,,,,565.5009155273438,,
2014-09-19,677.7061767578125,,,,,570.7323608398438,,
2014-09-22,672.4293823242188,,,,,565.5009155273438,,
2014-09-23,662.6723022460938,,,,,554.041259765625,,
2014-09-24,665.858642578125,,,,,558.8992309570312,,
2014-09-25,658.7896118164062,,,,,551.5501708984375,,
2014-09-26,660.083740234375,,,,,556.283447265625,,
2014-09-29,659.6856689453125,,,,,556.0345458984375,,
2014-09-30,657.5947265625,,,,,555.287109375,,
2014-10-01,650.2273559570312,,,,,549.05908203125,,
2014-10-02,639.2756958007812,,,,,546.5677490234375,,
2014-10-03,648.1369018554688,,,,,549.557373046875,,
2014-10-06,651.8702392578125,,,,,549.3081665039062,,
2014-10-07,644.4530639648438,,,,,548.0625610351562,,
2014-10-08,643.4571533203125,,,,,543.5784912109375,,
2014-10-09,637.981689453125,,,,,542.3328247070312,,
2014-10-10,629.1206665039062,,,,,541.834716796875,,
2014-10-13,631.80859375,,,,,538.2223510742188,,
2014-10-14,634.3974609375,,,,,539.4679565429688,,
2014-10-15,615.978515625,,,,,530.2506713867188,,
2014-10-16,615.4808959960938,,,,,540.0906982421875,,
2014-10-17,626.4326782226562,,,,,542.3328247070312,,
2014-10-20,622.1513671875,,,,,544.0765991210938,,
2014-10-21,633.3021850585938,,,,,555.0380249023438,,
2014-10-22,635.990234375,,,,,560.767578125,,
2014-10-23,638.2801513671875,,,,,566.9956665039062,,
2014-10-24,635.2933959960938,,,,,565.5009155273438,,
2014-10-27,633.103271484375,,,,,562.7607421875,,
2014-10-28,636.5877685546875,,,,,564.25537109375,,
2014-10-29,641.3666381835938,,,,,568.9885864257812,,
2014-10-30,642.3621215820312,,,,,569.2653198242188,,
2014-10-31,650.82470703125,,,,,575.2444458007812,,
2014-11-03,644.6519775390625,,,,,573.9989624023438,,
2014-11-04,641.3666381835938,,,,,576.6146240234375,,
2014-11-05,649.530517578125,,,,,580.3514404296875,,
2014-11-06,652.0194091796875,,,,,580.849853515625,,
2014-11-07,653.2141723632812,,,,,573.9989624023438,,
2014-11-10,657.5947265625,,,,,575.9915161132812,,
2014-11-11,659.3870239257812,,,,,582.9677124023438,,
2014-11-12,657.7939453125,,,,,580.849853515625,,
2014-11-13,661.1790771484375,,,,,583.8394775390625,,
2014-11-14,663.2696533203125,,,,,590.9398193359375,,
2014-11-17,665.2608032226562,,,,,590.9398193359375,,
2014-11-18,668.84521484375,,,,,595.9221801757812,,
2014-11-19,667.9492797851562,,,,,594.1782836914062,,
2014-11-20,666.4559936523438,,,,,589.1959838867188,,
2014-11-21,673.22607421875,,,,,594.6766357421875,,
2014-11-24,671.2345581054688,,,,,595.1751098632812,,
2014-11-25,671.2345581054688,,,,,599.41015625,,
2014-11-26,670.8366088867188,,,,,597.7909545898438,,
2014-11-27,663.8351440429688,,,,,608.005126953125,,
2014-11-28,663.7354736328125,,,,,611.6176147460938,,
2014-12-01,657.2634887695312,,,,,610.8701782226562,,
2014-12-02,666.1248779296875,,,,,613.6107177734375,,
2014-12-03,662.6403198242188,,,,,611.1192016601562,,
2014-12-04,659.6532592773438,,,,,608.1296997070312,,
2014-12-05,665.4281616210938,,,,,609.001708984375,,
2014-12-08,659.0556640625,,,,,605.3893432617188,,
2014-12-09,644.717529296875,,,,,595.9221801757812,,
2014-12-10,642.2283325195312,,,,,597.4169311523438,,
2014-12-11,638.2454223632812,,,,,594.9259643554688,,
2014-12-12,622.015869140625,,,,,589.1959838867188,,
2014-12-15,611.4611206054688,,,,,579.9780883789062,,
2014-12-16,626.197509765625,,,,,586.7044067382812,,
2014-12-17,625.8988647460938,,,,,587.2026977539062,,
2014-12-18,638.4447021484375,,,,,594.427490234375,,
2014-12-19,647.2069091796875,,,,,604.6422119140625,,
2014-12-22,649.9948120117188,,,,,611.3685302734375,,
2014-12-23,650.49267578125,,,,,612.1157836914062,,
2014-12-24,653.0817260742188,,,,,614.4823608398438,,
2014-12-29,654.6748046875,,,,,609.62451171875,,
2014-12-30,646.0121459960938,,,,,607.3825073242188,,
2014-12-31,649.0986938476562,,,,,608.1296997070312,,
2015-01-02,646.310546875,,,,,604.6422119140625,,
2015-01-05,632.9683227539062,,,,,607.880859375,,
2015-01-06,628.2886352539062,,,,,605.8875732421875,,
2015-01-07,633.6653442382812,,,,,612.8632202148438,,
2015-01-08,647.6051635742188,,,,,618.8424682617188,,
2015-01-09,641.3323364257812,,,,,613.859619140625,,
2015-01-12,641.6309814453125,,,,,618.5932006835938,,
2015-01-13,645.5142822265625,,,,,623.7006225585938,,
2015-01-14,630.47900390625,,,,,620.0880737304688,,
2015-01-15,641.5313720703125,,,,,626.44091796875,,
2015-01-16,646.2111206054688,,,,,631.2991333007812,,
2015-01-19,650.194091796875,,,,,633.5413208007812,,
2015-01-20,653.6790161132812,,,,,641.7623901367188,,
2015-01-21,664.2333984375,,,,,643.7557373046875,,
2015-01-22,670.60595703125,,,,,651.4786987304688,,
2015-01-23,674.8873901367188,,,,,654.094482421875,,
2015-01-26,676.580078125,,,,,657.7069091796875,,
2015-01-27,672.298583984375,,,,,649.734619140625,,
2015-01-28,673.6924438476562,,,,,659.9492797851562,,
2015-01-29,672.59716796875,,,,,659.2277221679688,,
2015-01-30,665.62744140625,,,,,650.7568969726562,,
2015-02-02,669.610107421875,,,,,656.7364501953125,,
2015-02-03,678.073486328125,,,,,663.2140502929688,,
2015-02-04,677.57568359375,,,,,660.597900390625,,
2015-02-05,677.9742431640625,,,,,667.9478149414062,,
2015-02-06,676.7793579101562,,,,,662.9649047851562,,
2015-02-09,674.9869384765625,,,,,650.632568359375,,
2015-02-10,674.0907592773438,,,,,650.881591796875,,
2015-02-11,673.3939208984375,,,,,649.8848876953125,,
2015-02-12,675.2858276367188,,,,,651.6289672851562,,
2015-02-13,679.6668090820312,,,,,655.614990234375,,
2015-02-16,678.471923828125,,,,,655.24169921875,,
2015-02-17,682.156005859375,,,,,652.0029296875,,
2015-02-18,681.6583862304688,,,,,644.6529541015625,,
2015-02-19,682.3550415039062,,,,,650.009521484375,,
2015-02-20,684.4462280273438,,,,,645.774169921875,,
2015-02-23,684.3465576171875,,,,,652.0029296875,,
2015-02-24,688.03076171875,,,,,654.4940185546875,,
2015-02-25,686.7361450195312,,,,,652.750244140625,,
2015-02-26,686.1597900390625,,,,,659.2277221679688,,
2015-02-27,685.7612915039062,,,,,659.9754028320312,,
2015-03-02,685.2635498046875,,,,,669.9408569335938,,
2015-03-03,680.7827758789062,,,,,669.193603515625,,
2015-03-04,683.869384765625,,,,,668.1968994140625,,
2015-03-05,689.2464599609375,,,,,674.6748046875,,
2015-03-06,684.3672485351562,,,,,662.2174682617188,,
2015-03-09,680.4837646484375,,,,,652.2516479492188,,
2015-03-10,663.3573608398438,,,,,642.7845458984375,,
2015-03-11,665.6474609375,,,,,641.7877807617188,,
2015-03-12,669.9290771484375,,,,,642.2862548828125,,
2015-03-13,668.4354858398438,,,,,648.7637329101562,,
2015-03-16,674.6090698242188,,,,,656.9854125976562,,
2015-03-17,677.496826171875,,,,,653.995849609375,,
2015-03-18,688.2506103515625,,,,,666.7023315429688,,
2015-03-19,691.4371337890625,,,,,674.5498657226562,,
2015-03-20,697.212158203125,,,,,676.4185791015625,,
2015-03-23,698.6062622070312,,,,,676.9170532226562,,
2015-03-24,697.0130615234375,,,,,684.3911743164062,,
2015-03-25,693.926513671875,,,,,680.1557006835938,,
2015-03-26,684.4668579101562,,,,,669.4425659179688,,
2015-03-27,680.8821411132812,,,,,672.432373046875,,
2015-03-30,684.8651123046875,,,,,671.9338989257812,,
2015-03-31,672.8167114257812,,,,,665.9547119140625,,
2015-04-01,676.1026000976562,,,,,665.4561157226562,,
2015-04-02,679.587646484375,,,,,669.6917114257812,,
2015-04-07,691.6361083984375,,,,,677.9132690429688,,
2015-04-08,689.4454956054688,,,,,681.4014282226562,,
2015-04-09,697.6105346679688,,,,,686.63330078125,,
2015-04-10,705.775634765625,,,,,693.6094360351562,,
2015-04-13,702.8878784179688,,,,,683.6435546875,,
2015-04-14,703.7838745117188,,,,,687.3807983398438,,
2015-04-15,706.3729858398438,,,,,683.6435546875,,
2015-04-16,702.5892944335938,,,,,673.1798095703125,,
2015-04-17,695.9176025390625,,,,,667.2003784179688,,
2015-04-20,701.6930541992188,,,,,676.4185791015625,,
2015-04-21,702.5892944335938,,,,,678.6607666015625,,
2015-04-22,699.2036743164062,,,,,673.9273071289062,,
2015-04-23,702.6887817382812,,,,,670.439208984375,,
2015-04-24,704.7796630859375,,,,,669.5670776367188,,
2015-04-27,707.8666381835938,,,,,673.677978515625,,
2015-04-28,701.095458984375,,,,,664.7091064453125,,
2015-04-29,692.1339721679688,,,,,662.3421020507812,,
2015-04-30,694.125244140625,,,,,655.2913208007812,,
2015-05-01,696.2166137695312,,,,,652.55029296875,,
2015-05-05,690.44140625,,,,,646.3213500976562,,
2015-05-06,691.53662109375,,,,,642.833251953125,,
2015-05-07,687.85205078125,,,,,638.8466796875,,
2015-05-08,703.983154296875,,,,,663.2642822265625,,
2015-05-11,702.19091796875,,,,,664.5099487304688,,
2015-05-12,693.926513671875,,,,,659.153076171875,,
2015-05-13,696.4158325195312,,,,,667.9984130859375,,
2015-05-14,699.00439453125,,,,,671.7359008789062,,
2015-05-15,697.1126098632812,,,,,679.2105102539062,,
2015-05-18,697.212158203125,,,,,681.57763671875,,
2015-05-19,701.2946166992188,,,,,697.6484375,,
2015-05-20,702.7881469726562,,,,,688.9276733398438,,
2015-05-21,704.3814086914062,,,,,677.4664916992188,,
2015-05-22,705.5762329101562,,,,,679.7089233398438,,
2015-05-26,698.1082153320312,,,,,672.7322387695312,,
2015-05-27,704.3814086914062,,,,,682.4493408203125,,
2015-05-28,696.0107421875,,,,,683.197265625,,
2015-05-29,690.43408203125,,,,,677.4664916992188,,
2015-06-01,687.5460815429688,,,,,683.197265625,,
2015-06-02,684.6580810546875,,,,,674.227294921875,,
2015-06-03,687.8446044921875,,,,,666.7528076171875,,
2015-06-04,679.2802734375,,,,,667.2508544921875,,
2015-06-05,674.1018676757812,,,,,657.03515625,,
2015-06-08,671.512451171875,,,,,654.04541015625,,
2015-06-09,668.0269165039062,,,,,657.2843627929688,,
2015-06-10,675.994140625,,,,,665.0082397460938,,
2015-06-11,678.3839111328125,,,,,676.4696655273438,,
2015-06-12,671.9108276367188,,,,,664.7594604492188,,
2015-06-15,665.935791015625,,,,,662.516845703125,,
2015-06-16,665.6370239257812,,,,,664.5099487304688,,
2015-06-17,662.7489624023438,,,,,652.55029296875,,
2015-06-18,665.6370239257812,,,,,654.04541015625,,
2015-06-19,667.429443359375,,,,,652.7996826171875,,
2015-06-22,677.98583984375,,,,,660.2744140625,,
2015-06-23,679.3797607421875,,,,,660.3988647460938,,
2015-06-24,679.6785278320312,,,,,658.5302124023438,,
2015-06-25,676.7907104492188,,,,,661.0219116210938,,
2015-06-26,671.512451171875,,,,,657.1597900390625,,
2015-06-29,658.3670043945312,,,,,653.5469970703125,,
2015-06-30,648.0100708007812,,,,,644.8264770507812,,
2015-07-01,657.3712768554688,,,,,657.2843627929688,,
2015-07-02,659.36279296875,,,,,654.2943725585938,,
2015-07-03,655.2799682617188,,,,,659.7760009765625,,
2015-07-06,649.603515625,,,,,653.2978515625,,
2015-07-07,639.8438110351562,,,,,653.0486450195312,,
2015-07-08,645.8189697265625,,,,,654.04541015625,,
2015-07-09,654.1845092773438,,,,,663.7623901367188,,
2015-07-10,664.04345703125,,,,,670.1163330078125,,
2015-07-13,670.1182861328125,,,,,683.944580078125,,
2015-07-14,672.209716796875,,,,,682.6986694335938,,
2015-07-15,671.2136840820312,,,,,680.7055053710938,,
2015-07-16,675.7947998046875,,,,,691.1703491210938,,
2015-07-17,674.1018676757812,,,,,689.1769409179688,,
2015-07-20,675.2968139648438,,,,,689.9242553710938,,
2015-07-21,672.90673828125,,,,,690.173583984375,,
2015-07-22,663.2467651367188,,,,,687.6820678710938,,
2015-07-23,662.0517578125,,,,,682.4493408203125,,
2015-07-24,654.0849609375,,,,,684.9412841796875,,
2015-07-27,647.4124755859375,,,,,675.9714965820312,,
2015-07-28,652.690673828125,,,,,684.1939086914062,,
2015-07-29,659.8609008789062,,,,,686.9345703125,,
2015-07-30,663.8443603515625,,,,,680.252685546875,,
2015-07-31,665.935791015625,,,,,686.482177734375,,
2015-08-03,665.5371704101562,,,,,685.6099243164062,,
2015-08-04,665.5371704101562,,,,,692.960693359375,,
2015-08-05,671.7117309570312,,,,,695.7017211914062,,
2015-08-06,672.309326171875,,,,,700.0621948242188,,
2015-08-07,669.0228271484375,,,,,702.4293212890625,,
2015-08-10,671.512451171875,,,,,702.6787109375,,
2015-08-11,663.3465576171875,,,,,700.4359130859375,,
2015-08-12,654.9812622070312,,,,,692.3377075195312,,
2015-08-13,658.0684204101562,,,,,695.7017211914062,,
2015-08-14,656.3753662109375,,,,,704.4229736328125,,
2015-08-17,656.27587890625,,,,,704.1735229492188,,
2015-08-18,653.2882690429688,,,,,708.4094848632812,,
2015-08-19,641.0391845703125,,,,,701.9310913085938,,
2015-08-20,638.5493774414062,,,,,693.2097778320312,,
2015-08-21,620.5242919921875,,,,,686.98046875,,
2015-08-24,590.7479858398438,,,,,648.8563232421875,,
2015-08-25,609.9679565429688,,,,,665.5511474609375,,
2015-08-26,598.9138793945312,,,,,647.8596801757812,,
2015-08-27,616.5939331054688,,,,,665.5511474609375,,
2015-08-28,621.4744262695312,,,,,664.554443359375,,
2015-09-01,601.5552368164062,,,,,654.8365478515625,,
2015-09-02,604.5430908203125,,,,,666.049560546875,,
2015-09-03,616.29541015625,,,,,669.5380859375,,
2015-09-04,601.1567993164062,,,,,658.0758666992188,,
2015-09-07,604.2440185546875,,,,,656.7054443359375,,
2015-09-08,611.3156127929688,,,,,662.8101806640625,,
2015-09-09,619.9802856445312,,,,,667.0462036132812,,
2015-09-10,613.2078857421875,,,,,664.3052978515625,,
2015-09-11,609.1243286132812,,,,,662.3118286132812,,
2015-09-14,605.9373779296875,,,,,658.6989135742188,,
2015-09-15,611.0169067382812,,,,,656.207275390625,,
2015-09-16,619.7809448242188,,,,,655.0858764648438,,
2015-09-17,615.5980834960938,,,,,659.5708618164062,,
2015-09-18,607.8296508789062,,,,,663.3086547851562,,
2015-09-21,607.8296508789062,,,,,663.5581665039062,,
2015-09-22,591.0975952148438,,,,,654.7120971679688,,
2015-09-23,600.3599243164062,,,,,664.05615234375,,
2015-09-24,593.1890869140625,,,,,662.9348754882812,,
2015-09-25,608.4273071289062,,,,,677.0133666992188,,
2015-09-28,593.288818359375,,,,,668.5414428710938,,
2015-09-29,588.3090209960938,,,,,663.1838989257812,,
2015-09-30,604.4434814453125,,,,,673.5247192382812,,
2015-10-01,604.7421264648438,,,,,671.2821655273438,,
2015-10-02,609.9212036132812,,,,,677.0133666992188,,
2015-10-05,626.7528686523438,,,,,689.7213134765625,,
2015-10-06,629.93994140625,,,,,686.98046875,,
2015-10-07,630.6370239257812,,,,,675.7674560546875,,
2015-10-08,635.0192260742188,,,,,672.7771606445312,,
2015-10-09,638.7040405273438,,,,,674.1480102539062,,
2015-10-12,634.7203369140625,,,,,673.2758178710938,,
2015-10-13,631.3341674804688,,,,,673.5247192382812,,
2015-10-14,623.964111328125,,,,,670.036376953125,,
2015-10-15,630.73681640625,,,,,672.7771606445312,,
2015-10-16,635.4174194335938,,,,,675.7674560546875,,
2015-10-19,632.0313110351562,,,,,684.4887084960938,,
2015-10-20,632.0313110351562,,,,,689.4723510742188,,
2015-10-21,631.5333862304688,,,,,691.4655151367188,,
2015-10-22,634.820068359375,,,,,698.4425048828125,,
2015-10-23,640.7957763671875,,,,,697.44580078125,,
2015-10-26,638.8038330078125,,,,,701.3081665039062,,
2015-10-27,633.126953125,,,,,702.927734375,,
2015-10-28,640.1982421875,,,,,707.1636962890625,,
2015-10-29,636.2140502929688,,,,,704.4229736328125,,
2015-10-30,633.02734375,,,,,703.9244995117188,,
2015-11-02,633.126953125,,,,,699.0654296875,,
2015-11-03,635.2183837890625,,,,,691.8394775390625,,
2015-11-04,637.309814453125,,,,,680.252685546875,,
2015-11-05,632.9276123046875,,,,,686.7312622070312,,
2015-11-06,632.4298095703125,,,,,682.9937744140625,,
2015-11-09,625.7569580078125,,,,,670.7838745117188,,
2015-11-10,624.8604125976562,,,,,665.052734375,,
2015-11-11,626.6533203125,,,,,666.6726684570312,,
2015-11-12,616.3950805664062,,,,,653.3760986328125,,
2015-11-13,611.2158813476562,,,,,653.874267578125,,
2015-11-16,614.0045776367188,,,,,660.3532104492188,,
2015-11-17,626.4539794921875,,,,,672.8126831054688,,
2015-11-18,627.6492309570312,,,,,667.5797119140625,,
2015-11-19,632.9276123046875,,,,,673.8094482421875,,
2015-11-20,633.126953125,5.065390110015869,5.059999942779541,,,677.29833984375,,
2015-11-23,630.3381958007812,5.083000183105469,5.038300037384033,,,669.3242797851562,,
2015-11-24,627.1510620117188,5.053750038146973,5.018750190734863,,,659.8549194335938,,
2015-11-25,632.5289306640625,5.091249942779541,5.026249885559082,,,671.0685424804688,,
2015-11-26,639.0030517578125,5.121250152587891,5.043749809265137,,,668.701171875,,
2015-11-27,636.911376953125,5.081250190734863,5.038750171661377,,,674.307861328125,,
2015-11-30,635.8159790039062,5.043749809265137,5.033750057220459,,,673.8094482421875,,
2015-12-01,639.6007080078125,5.066249847412109,5.068749904632568,,,685.0232543945312,,
2015-12-02,642.1900024414062,5.071249961853027,5.098750114440918,,,680.28857421875,,
2015-12-03,627.7486572265625,5.041250228881836,5.06125020980835,,,667.5797119140625,,
2015-12-04,624.0635986328125,5.023749828338623,5.070000171661377,,,665.2124633789062,,
2015-12-07,622.96826171875,5.016250133514404,5.06125020980835,,,666.5830688476562,,
2015-12-08,613.6060791015625,5.039999961853027,5.06374979019165,,,661.4745483398438,,
2015-12-09,613.0086669921875,5.019999980926514,5.051249980926514,,,657.6123046875,,
2015-12-10,601.2412719726562,4.995500087738037,5.016250133514404,,,655.2450561523438,,
2015-12-11,587.7942504882812,4.906000137329102,4.928500175476074,,,643.1591796875,,
2015-12-14,580.2237548828125,4.840000152587891,4.860000133514404,,,635.4345703125,,
2015-12-15,594.7667846679688,4.94350004196167,4.980000019073486,,,649.6383666992188,,
2015-12-16,598.9501953125,4.935500144958496,4.951499938964844,,,655.8679809570312,,
2015-12-17,602.9347534179688,4.940000057220459,4.962500095367432,,,660.3532104492188,,
2015-12-18,597.3564453125,4.880000114440918,4.902500152587891,,,658.3597412109375,,
2015-12-21,595.3641967773438,4.848499774932861,4.860000133514404,,,650.6349487304688,,
2015-12-22,601.0420532226562,4.864500045776367,4.892499923706055,,,652.6283569335938,,
2015-12-23,616.0828857421875,4.914999961853027,4.949999809265137,,,659.107177734375,,
2015-12-24,621.1630249023438,4.920499801635742,4.95550012588501,,,661.8485717773438,,
2015-12-29,624.0518188476562,4.980000019073486,5.018750190734863,,,671.5667724609375,,
2015-12-30,619.8681030273438,4.9664998054504395,5.010000228881836,,,663.5932006835938,,
2015-12-31,613.7918701171875,4.933499813079834,4.979000091552734,,,658.6090698242188,,
2016-01-04,601.8389282226562,4.763000011444092,4.78000020980835,,,647.6444091796875,,
2016-01-05,605.8233032226562,4.7895002365112305,4.83050012588501,,,659.3566284179688,,
2016-01-06,600.0462036132812,4.7754998207092285,4.7845001220703125,,,654.37255859375,,
2016-01-07,588.2921752929688,4.7220001220703125,4.691500186920166,,,642.4115600585938,,
2016-01-08,583.3117065429688,4.661499977111816,4.597499847412109,,,628.4571533203125,,
2016-01-11,580.0243530273438,4.627999782562256,4.573999881744385,,,630.2014770507812,,
2016-01-12,585.9014282226562,4.677499771118164,4.626500129699707,,,633.4407958984375,,
2016-01-13,589.2882690429688,4.659999847412109,4.659999847412109,,,631.447509765625,,
2016-01-14,585.2041625976562,4.53000020980835,4.570000171661377,,,620.9812622070312,,
2016-01-15,572.3546142578125,4.489999771118164,4.474999904632568,,,610.6399536132812,,
2016-01-18,570.7608642578125,4.471499919891357,4.476500034332275,,,604.4102783203125,,
2016-01-19,580.6222534179688,4.518499851226807,4.489999771118164,,,607.8989868164062,,
2016-01-20,560.800048828125,4.359000205993652,4.361999988555908,,,595.8130493164062,,
2016-01-21,570.8606567382812,4.518499851226807,4.480000019073486,,,599.3018798828125,,
2016-01-22,582.7138671875,4.578499794006348,4.553500175476074,,,612.2595825195312,,
2016-01-25,581.2197875976562,4.567500114440918,4.565000057220459,,,614.7517700195312,,
2016-01-26,584.3078002929688,4.573999881744385,4.561500072479248,,,610.8892211914062,,
2016-01-27,592.874267578125,4.59250020980835,4.5,,,608.77099609375,,
2016-01-28,586.0010375976562,4.550000190734863,4.501500129699707,,,604.036376953125,,
2016-01-29,601.7392578125,4.5914998054504395,4.617499828338623,,,618.4894409179688,,
2016-02-01,599.8466186523438,4.650000095367432,4.673999786376953,,,622.9747924804688,,
2016-02-02,585.7022705078125,4.613500118255615,4.662499904632568,,,616.7451171875,,
2016-02-03,577.235595703125,4.528500080108643,4.550000190734863,,,611.2628173828125,,
2016-02-04,583.3117065429688,4.520999908447266,4.569499969482422,,,606.0299682617188,,
2016-02-05,579.0283813476562,4.40500020980835,4.454999923706055,,,603.787353515625,,
2016-02-08,562.4933471679688,4.267000198364258,4.313000202178955,,,583.3536987304688,,
2016-02-09,557.3136596679688,4.300000190734863,4.386000156402588,,,576.6256713867188,,
2016-02-10,560.7003173828125,4.321000099182129,4.4019999504089355,,,587.8391723632812,,
2016-02-11,547.2529907226562,4.245999813079834,4.309999942779541,,,567.9290161132812,,
2016-02-12,565.1826171875,4.355999946594238,4.413000106811523,,,570.1715087890625,,
2016-02-15,575.8409423828125,4.417500019073486,4.46999979019165,,,585.3729858398438,,
2016-02-16,580.3233032226562,4.421500205993652,4.460000038146973,,,583.1300659179688,,
2016-02-17,595.4639282226562,4.550000190734863,4.576000213623047,,,593.0983276367188,,
2016-02-18,591.7783203125,4.539999961853027,4.5929999351501465,,,589.8587646484375,,
2016-02-19,589.1885986328125,4.539999961853027,4.590000152587891,,,590.10791015625,,
2016-02-22,597.9542846679688,4.629499912261963,4.639999866485596,,,582.7565307617188,,
2016-02-23,590.7824096679688,4.604499816894531,4.58050012588501,,,573.7850341796875,,
2016-02-24,581.9169921875,4.547500133514404,4.489999771118164,,,563.443603515625,,
2016-02-25,596.1610717773438,4.637499809265137,4.605000019073486,,,572.7882690429688,,
2016-02-26,604.3291015625,4.686999797821045,4.656499862670898,,,577.3983154296875,,
2016-02-29,605.5243530273438,4.702499866485596,4.671000003814697,,,575.4052124023438,,
2016-03-01,609.9072875976562,4.738999843597412,4.7154998779296875,,,582.50732421875,,
2016-03-02,609.2098999023438,4.764500141143799,4.744500160217285,,,586.1207275390625,,
2016-03-03,609.3095703125,4.771500110626221,4.730000019073486,,,590.3572998046875,,
2016-03-04,615.9834594726562,4.808499813079834,4.789999961853027,,,589.734130859375,,
2016-03-07,613.6922607421875,4.787499904632568,4.747499942779541,,,583.6286010742188,,
2016-03-08,608.0148315429688,4.762499809265137,4.730000019073486,,,582.8811645507812,,
2016-03-09,610.305908203125,4.739999771118164,4.75,,,579.3921508789062,,
2016-03-10,594.7135620117188,4.734000205993652,4.730000019073486,,,578.3954467773438,,
2016-03-11,605.372314453125,4.82450008392334,4.81850004196167,,,590.3572998046875,,
2016-03-14,608.560302734375,4.850500106811523,4.843500137329102,,,599.5772705078125,,
2016-03-15,605.1735229492188,4.8414998054504395,4.8470001220703125,,,598.8298950195312,,
2016-03-16,608.9586791992188,4.866499900817871,4.880499839782715,,,596.4625854492188,,
2016-03-17,612.743896484375,4.9004998207092285,4.948500156402588,,,603.0663452148438,,
2016-03-18,610.851318359375,4.923500061035156,4.950500011444092,,,606.804443359375,,
2016-03-21,611.548828125,4.891499996185303,4.951000213623047,,,605.8074951171875,,
2016-03-22,611.747802734375,4.898499965667725,4.971250057220459,,,604.8109130859375,,
2016-03-23,612.1463012695312,4.880499839782715,4.959499835968018,,,604.1876220703125,,
2016-03-24,603.0814208984375,4.855999946594238,4.927000045776367,,,595.341064453125,,
2016-03-29,603.7786865234375,4.9070000648498535,4.965000152587891,,,600.0760498046875,,
2016-03-30,612.24609375,4.965000152587891,5.051249980926514,,,607.3027954101562,,
2016-03-31,610.253662109375,4.977499961853027,5.052499771118164,,,607.053466796875,,
2016-04-01,606.8667602539062,4.97599983215332,5.059999942779541,,,604.43701171875,,
2016-04-04,609.3571166992188,4.947000026702881,5.059999942779541,,,605.9320678710938,,
2016-04-05,601.6866455078125,4.916999816894531,5.025000095367432,,,606.804443359375,,
2016-04-06,608.3610229492188,4.933000087738037,5.028749942779541,,,613.5328979492188,,
2016-04-07,607.3649291992188,4.908999919891357,4.995999813079834,,,606.6798095703125,,
2016-04-08,613.2422485351562,4.901000022888184,5.002749919891357,,,615.5263671875,,
2016-04-11,613.3419189453125,4.913000106811523,5.019999980926514,,,616.7723999023438,,
2016-04-12,616.7288818359375,4.892000198364258,4.988500118255615,,,614.529541015625,,
2016-04-13,629.8785400390625,4.9679999351501465,5.059999942779541,,,624.4977416992188,,
2016-04-14,630.6752319335938,4.9730000495910645,5.066249847412109,,,621.0087280273438,,
2016-04-15,627.9854125976562,4.986000061035156,5.072500228881836,,,611.9130859375,,
2016-04-18,628.6828002929688,5.019999980926514,5.051249980926514,,,609.047119140625,,
2016-04-19,633.763427734375,5.03000020980835,5.03249979019165,,,611.0407104492188,,
2016-04-20,634.26123046875,5.02400016784668,5.052499771118164,,,611.4144897460938,,
2016-04-21,631.5718994140625,5.033750057220459,5.050000190734863,,,608.0504150390625,,
2016-04-22,624.4991455078125,4.968999862670898,4.920000076293945,,,596.4625854492188,,
2016-04-25,619.6178588867188,4.974999904632568,4.929999828338623,,,610.79150390625,,
2016-04-26,621.6100463867188,4.9982500076293945,4.922999858856201,,,620.0120239257812,,
2016-04-27,625.5947265625,4.991000175476074,4.853499889373779,,,627.7371826171875,,
2016-04-28,625.893798828125,5.018750190734863,4.902500152587891,,,627.9864501953125,,
2016-04-29,617.625244140625,4.960000038146973,4.739999771118164,,,618.5167846679688,,
2016-05-03,612.644287109375,5.0,4.748000144958496,,,618.5167846679688,,
2016-05-04,605.5716552734375,4.9720001220703125,4.733500003814697,,,619.26416015625,,
2016-05-05,607.1655883789062,4.958000183105469,4.749499797821045,,,622.753173828125,,
2016-05-06,607.8628540039062,4.934000015258789,4.745999813079834,,,626.7403564453125,,
2016-05-09,606.368408203125,4.985000133514404,4.781499862670898,,,633.96728515625,,
2016-05-10,610.552734375,5.03249979019165,4.815499782562256,,,633.96728515625,,
2016-05-11,611.3495483398438,4.9720001220703125,4.840000152587891,,,622.753173828125,,
2016-05-12,606.16943359375,4.940999984741211,4.763999938964844,,,615.079833984375,,
2016-05-13,609.7554321289062,4.960000038146973,4.819499969482422,,,615.82763671875,,
2016-05-16,610.851318359375,4.926499843597412,4.821000099182129,,,615.079833984375,,
2016-05-17,612.24609375,4.921000003814697,4.822500228881836,,,621.5596923828125,,
2016-05-18,611.8475952148438,4.855999946594238,4.826000213623047,,,617.32275390625,,
2016-05-19,602.6829223632812,4.82450008392334,4.768499851226807,,,612.8369140625,,
2016-05-20,612.743896484375,4.88700008392334,4.860000133514404,,,621.6842651367188,,
2016-05-23,612.1463012695312,4.880000114440918,4.858500003814697,,,626.294677734375,,
2016-05-24,621.4107666015625,4.909999847412109,4.929500102996826,,,636.2637329101562,,
2016-05-25,625.4950561523438,4.942999839782715,4.9730000495910645,,,632.525390625,,
2016-05-26,626.2921142578125,4.960000038146973,4.982999801635742,,,632.2761840820312,,
2016-05-27,625.5947265625,4.979000091552734,5.008749961853027,,,634.768310546875,,
2016-05-31,621.4107666015625,4.980000019073486,5.011250019073486,,,624.0517578125,,
2016-06-01,616.3303833007812,4.965000152587891,5.014999866485596,,,615.82763671875,,
2016-06-02,616.6290283203125,4.97599983215332,4.98799991607666,,,617.5721435546875,,
2016-06-03,619.11962890625,4.949999809265137,4.980000019073486,,,624.0517578125,,
2016-06-06,624.9969482421875,4.96999979019165,5.010000228881836,,,625.0487670898438,,
2016-06-07,626.7903442382812,4.99399995803833,5.03000020980835,,,625.6716918945312,,
2016-06-08,627.7863159179688,4.97599983215332,5.021249771118164,,,627.7901000976562,,
2016-06-09,621.7095947265625,4.968999862670898,5.021249771118164,,,629.7839965820312,,
2016-06-10,611.0508422851562,4.941999912261963,4.988500118255615,,,619.441162109375,,
2016-06-13,603.7786865234375,4.939499855041504,4.953999996185303,,,612.71240234375,,
2016-06-14,592.1234741210938,4.860000133514404,4.889999866485596,,,597.8834838867188,,
2016-06-15,595.510498046875,4.926499843597412,4.921999931335449,,,600.1265258789062,,
2016-06-16,586.3325805664062,4.874000072479248,4.880000114440918,,,588.1638793945312,,
2016-06-17,592.3106689453125,4.901500225067139,4.86299991607666,,,596.7621459960938,,
2016-06-20,611.2406005859375,4.989999771118164,4.946000099182129,,,621.9334106445312,,
2016-06-21,614.428955078125,4.946000099182129,4.926000118255615,,,630.7808837890625,,
2016-06-22,617.1190185546875,4.971499919891357,4.952000141143799,,,635.5161743164062,,
2016-06-23,625.687255859375,4.9770002365112305,4.960000038146973,,,643.4912719726562,,
2016-06-24,605.760986328125,4.840000152587891,4.829999923706055,,,554.1448974609375,,
2016-06-27,589.8198852539062,4.695000171661377,4.670499801635742,,,503.9268798828125,,
2016-06-28,605.760986328125,4.763999938964844,4.708499908447266,,,528.1012573242188,,
2016-06-29,627.0820922851562,4.875,4.818999767303467,,,550.7807006835938,,
2016-06-30,640.6318359375,4.896500110626221,4.867000102996826,,,560.500244140625,,
2016-07-01,647.207763671875,4.9629998207092285,4.910999774932861,,,559.254150390625,,
2016-07-04,643.3222045898438,4.96750020980835,4.900000095367432,,,540.8117065429688,,
2016-07-05,644.9161987304688,4.9120001792907715,4.858500003814697,,,524.1139526367188,,
2016-07-06,637.6429443359375,4.939000129699707,4.867000102996826,,,508.7867431640625,,
2016-07-07,643.62109375,4.978000164031982,4.909999847412109,,,522.369384765625,,
2016-07-08,649.9974365234375,5.070000171661377,4.973499774932861,,,537.8211669921875,,
2016-07-11,658.167236328125,5.113749980926514,5.022500038146973,,,563.9893188476562,,
2016-07-12,657.669189453125,5.133749961853027,5.057499885559082,,,562.992431640625,,
2016-07-13,656.6726684570312,5.101250171661377,5.066249847412109,,,564.2385864257812,,
2016-07-14,655.7760009765625,5.132500171661377,5.098750114440918,,,566.8553466796875,,
2016-07-15,657.0713500976562,5.108749866485596,5.087500095367432,,,562.3692626953125,,
2016-07-18,659.6619262695312,5.131249904632568,5.130000114440918,,,564.6124877929688,,
2016-07-19,659.5620727539062,5.111249923706055,5.125,,,572.3383178710938,,
2016-07-20,663.0490112304688,5.131249904632568,5.197500228881836,,,579.9395751953125,,
2016-07-21,659.8610229492188,5.138750076293945,5.190000057220459,,,577.9458618164062,,
2016-07-22,662.9496459960938,5.130000114440918,5.179999828338623,,,577.9458618164062,,
2016-07-25,661.056396484375,5.146249771118164,5.179999828338623,,,585.1732788085938,,
2016-07-26,662.2520141601562,5.133749961853027,5.190000057220459,,,584.301025390625,,
2016-07-27,665.240966796875,5.138750076293945,5.239999771118164,,,587.2915649414062,,
2016-07-28,661.4552001953125,5.118750095367432,5.25,,,589.1608276367188,,
2016-07-29,662.6504516601562,5.138750076293945,5.289999961853027,,,590.4068603515625,,
2016-08-01,659.4625244140625,5.153749942779541,5.300000190734863,,,588.6622924804688,,
2016-08-02,654.4810180664062,5.078750133514404,5.25,,,584.6748046875,,
2016-08-03,653.5840454101562,5.068749904632568,5.255000114440918,,,577.8212890625,,
2016-08-04,664.244873046875,5.083749771118164,5.295000076293945,,,588.2884521484375,,
2016-08-05,670.5214233398438,5.141250133514404,5.360000133514404,,,589.6591186523438,,
2016-08-08,671.717041015625,5.12375020980835,5.360000133514404,,,589.1608276367188,,
2016-08-09,675.2042846679688,5.12375020980835,5.387499809265137,,,589.1608276367188,,
2016-08-10,677.0973510742188,5.108749866485596,5.351250171661377,,,591.6529541015625,,
2016-08-11,685.9645385742188,5.15625,5.377500057220459,,,580.470703125,,
2016-08-12,685.3666381835938,5.170000076293945,5.369999885559082,,,589.6925659179688,,
2016-08-15,688.056640625,5.18625020980835,5.40625,,,589.9418334960938,,
2016-08-16,683.3740234375,5.158750057220459,5.380000114440918,,,586.07861328125,,
2016-08-17,680.2854614257812,5.106249809265137,5.34250020980835,,,582.2154541015625,,
2016-08-18,682.3777465820312,5.136250019073486,5.380000114440918,,,586.45263671875,,
2016-08-19,680.6839599609375,5.141250133514404,5.385000228881836,,,585.2064208984375,,
2016-08-22,678.093505859375,5.116250038146973,5.360000133514404,,,589.3187255859375,,
2016-08-23,681.3814086914062,5.151249885559082,5.40749979019165,,,596.5465087890625,,
2016-08-24,678.7910766601562,5.143750190734863,5.380000114440918,,,598.0420532226562,,
2016-08-25,678.4920043945312,5.12375020980835,5.380000114440918,,,591.4373168945312,,
2016-08-26,679.7872924804688,5.12624979019165,5.420000076293945,,,592.434326171875,,
2016-08-30,677.994140625,5.083749771118164,5.380000114440918,,,592.434326171875,,
2016-08-31,673.7097778320312,5.0625,5.382500171661377,,,597.2942504882812,,
2016-09-01,670.7207641601562,5.068749904632568,5.369999885559082,,,602.4035034179688,,
2016-09-02,685.3666381835938,5.09375,5.420000076293945,,,604.0235595703125,,
2016-09-05,683.9719848632812,5.082499980926514,5.40749979019165,,,599.9114990234375,,
2016-09-06,679.1895751953125,5.078750133514404,5.428750038146973,,,597.6681518554688,,
2016-09-07,680.0862426757812,5.083749771118164,5.440000057220459,,,596.1727294921875,,
2016-09-08,681.1821899414062,5.074999809265137,5.429999828338623,,,600.1605224609375,,
2016-09-09,672.9127807617188,5.0,5.364999771118164,,,588.6957397460938,,
2016-09-12,665.4403686523438,4.9604997634887695,5.329999923706055,,,581.2188110351562,,
2016-09-13,662.2520141601562,4.932499885559082,5.329999923706055,,,574.86328125,,
2016-09-14,662.6504516601562,4.952499866485596,5.389999866485596,,,573.61669921875,,
2016-09-15,660.6368408203125,4.960000038146973,5.449999809265137,,,571.996826171875,,
2016-09-16,659.1422119140625,4.947500228881836,5.429999828338623,,,576.4832153320312,,
2016-09-19,668.807373046875,4.977499961853027,5.460000038146973,,,576.1091918945312,,
2016-09-20,670.40185546875,4.9644999504089355,5.4375,,,578.9754638671875,,
2016-09-21,671.1988525390625,4.968500137329102,5.454999923706055,,,580.719970703125,,
2016-09-22,679.1704711914062,5.038750171661377,5.519999980926514,,,587.8235473632812,,
2016-09-23,678.4727783203125,5.043749809265137,5.492499828338623,,,587.4494018554688,,
2016-09-26,669.7042846679688,4.980000019073486,5.434999942779541,,,583.4617919921875,,
2016-09-27,669.4052734375,5.011250019073486,5.46999979019165,,,586.203369140625,,
2016-09-28,673.3910522460938,5.016250133514404,5.489999771118164,,,586.45263671875,,
2016-09-29,680.1669311523438,5.050000190734863,5.5,,,585.0819091796875,,
2016-09-30,678.4727783203125,5.058750152587891,5.510000228881836,,,587.9481201171875,,
2016-10-03,686.0457763671875,5.053750038146973,5.5,,,589.4434204101562,,
2016-10-04,694.7147216796875,5.050000190734863,5.5,,,593.680419921875,,
2016-10-05,691.4265747070312,5.065000057220459,5.510000228881836,,,580.719970703125,,
2016-10-06,688.6363525390625,5.047500133514404,5.5,,,571.996826171875,,
2016-10-07,692.6222534179688,5.046249866485596,5.510000228881836,,,563.7717895507812,,
2016-10-10,697.4050903320312,5.0625,5.550000190734863,,,557.541259765625,,
2016-10-11,695.6114501953125,4.994999885559082,5.489999771118164,,,560.6564331054688,,
2016-10-12,691.0278930664062,5.008749961853027,5.480000019073486,,,555.2980346679688,,
2016-10-13,686.5439453125,4.965000152587891,5.429999828338623,,,563.7717895507812,,
2016-10-14,690.230712890625,5.001500129699707,5.489999771118164,,,565.76611328125,,
2016-10-17,682.9569091796875,4.960000038146973,5.46999979019165,,,559.9088745117188,,
2016-10-18,688.8357543945312,4.979000091552734,5.5,,,565.76611328125,,
2016-10-19,690.4301147460938,4.993000030517578,5.489999771118164,,,567.2613525390625,,
2016-10-20,691.824951171875,4.974999904632568,5.473750114440918,,,572.4953002929688,,
2016-10-21,690.5299072265625,5.011250019073486,5.508749961853027,,,570.003173828125,,
2016-10-24,686.942626953125,5.059999942779541,5.573750019073486,,,570.003173828125,,
2016-10-25,690.5299072265625,5.019999980926514,5.559999942779541,,,570.875244140625,,
2016-10-26,684.7503662109375,5.0,5.550000190734863,,,564.021240234375,,
2016-10-27,688.5367431640625,4.947500228881836,5.53000020980835,,,560.033447265625,,
2016-10-28,689.3338623046875,4.949999809265137,5.559999942779541,,,560.781005859375,,
2016-10-31,684.5509643554688,4.940000057220459,5.523749828338623,,,555.2980346679688,,
2016-11-01,680.7647094726562,4.900000095367432,5.471250057220459,,,550.3131103515625,,
2016-11-02,674.9852905273438,4.889999866485596,5.449999809265137,,,552.05810546875,,
2016-11-03,669.3056030273438,4.869999885559082,5.389999866485596,,,559.2858276367188,,
2016-11-04,659.44091796875,4.886499881744385,5.393750190734863,,,550.8118896484375,,
2016-11-07,671.7965698242188,4.942999839782715,5.46999979019165,,,555.7965698242188,,
2016-11-08,675.0848388671875,4.9670000076293945,5.489999771118164,,,557.9149169921875,,
2016-11-09,682.0601806640625,4.940000057220459,5.460000038146973,,,557.541259765625,,
2016-11-10,676.38037109375,5.010000228881836,5.400000095367432,,,542.1331787109375,,
2016-11-11,666.2164916992188,5.003749847412109,5.409999847412109,,,546.3706665039062,,
2016-11-14,668.1099853515625,5.053750038146973,5.329999923706055,,,543.8779907226562,,
2016-11-15,672.0956420898438,5.046249866485596,5.420000076293945,,,549.860107421875,,
2016-11-16,668.1099853515625,5.070000171661377,5.449999809265137,,,544.9994506835938,,
2016-11-17,673.0921630859375,5.107500076293945,5.480000019073486,,,553.1004028320312,,
2016-11-18,671.398193359375,5.131249904632568,5.489999771118164,,,552.22802734375,,
2016-11-21,671.4979858398438,5.143750190734863,5.53000020980835,,,543.1300048828125,,
2016-11-22,675.6829223632812,5.204999923706055,5.550000190734863,,,547.8660278320312,,
2016-11-23,675.882080078125,5.221250057220459,5.508749961853027,,,544.376220703125,,
2016-11-24,677.5758056640625,5.236249923706055,5.53000020980835,,,544.5010375976562,,
2016-11-25,678.4727783203125,5.239999771118164,5.538750171661377,,,545.62255859375,,
2016-11-28,674.1881713867188,5.197500228881836,5.559999942779541,,,548.4890747070312,,
2016-11-29,672.1953125,5.21999979019165,5.558750152587891,,,550.3583984375,,
2016-11-30,673.2914428710938,5.201250076293945,5.519999980926514,,,546.6196899414062,,
2016-12-01,670.501220703125,5.178750038146973,5.389999866485596,,,541.1361083984375,,
2016-12-02,668.3091430664062,5.166250228881836,5.396249771118164,,,543.3795166015625,,
2016-12-05,669.4052734375,5.210000038146973,5.440000057220459,,,541.8839721679688,,
2016-12-06,672.9925537109375,5.199999809265137,5.440000057220459,,,548.8629150390625,,
2016-12-07,684.8499755859375,5.239999771118164,5.46999979019165,,,560.3291015625,,
2016-12-08,688.0384521484375,5.320000171661377,5.579999923706055,,,563.5693969726562,,
2016-12-09,690.6295166015625,5.309999942779541,5.599999904632568,,,567.8064575195312,,
2016-12-12,683.9534301757812,5.289999961853027,5.590000152587891,,,559.5810546875,,
2016-12-13,691.824951171875,5.336249828338623,5.670000076293945,,,570.0501098632812,,
2016-12-14,689.5332641601562,5.3125,5.670000076293945,,,566.93408203125,,
2016-12-15,689.3842163085938,5.309999942779541,5.690000057220459,,,564.8154907226562,,
2016-12-16,690.0817260742188,5.258749961853027,5.630000114440918,,,565.8126220703125,,
2016-12-19,691.8755493164062,5.28000020980835,5.670000076293945,,,571.0467529296875,,
2016-12-20,694.7655029296875,5.307499885559082,5.670000076293945,,,570.2988891601562,,
2016-12-21,693.7689819335938,5.296249866485596,5.659999847412109,,,573.539306640625,,
2016-12-22,695.861572265625,5.25,5.650000095367432,,,573.0410766601562,,
2016-12-23,700.3458862304688,5.24875020980835,5.642499923706055,,,581.5155639648438,,
2016-12-28,699.9473266601562,5.244999885559082,5.659999847412109,,,571.2962036132812,,
2016-12-29,701.04345703125,5.212500095367432,5.619999885559082,,,575.1595458984375,,
2016-12-30,698.7515869140625,5.227499961853027,5.639999866485596,,,581.2666625976562,,
2017-01-03,706.4244995117188,5.18625020980835,5.610000133514404,,,574.5364379882812,,
2017-01-04,706.8233642578125,5.258749961853027,5.639999866485596,,,578.5244140625,,
2017-01-05,707.5206298828125,5.24875020980835,5.639999866485596,,,581.1417846679688,,
2017-01-06,708.816162109375,5.288750171661377,5.690000057220459,,,586.1268310546875,,
2017-01-09,711.5067749023438,5.297500133514404,5.730000019073486,,,579.3968505859375,,
2017-01-10,714.89501953125,5.308750152587891,5.739999771118164,,,581.1417846679688,,
2017-01-11,716.5889892578125,5.297500133514404,5.730000019073486,,,581.7648315429688,,
2017-01-12,717.0872192382812,5.289999961853027,5.699999809265137,,,577.77685546875,,
2017-01-13,721.5714721679688,5.329999923706055,5.760000228881836,,,573.4147338867188,,
2017-01-16,720.5748901367188,5.320000171661377,5.75,,,571.5453491210938,,
2017-01-17,710.2113647460938,5.349999904632568,5.739999771118164,,,573.539306640625,,
2017-01-18,712.8020629882812,5.329999923706055,5.75,,,572.7916259765625,,
2017-01-19,709.7130126953125,5.340000152587891,5.75,,,561.5751342773438,,
2017-01-20,708.3179931640625,5.329999923706055,5.769999980926514,,,557.0885009765625,,
2017-01-23,704.1325073242188,5.309999942779541,5.75,,,561.0767822265625,,
2017-01-24,704.73046875,5.349999904632568,5.800000190734863,,,557.587158203125,,
2017-01-25,705.6273803710938,5.409999847412109,5.869999885559082,,,558.0856323242188,,
2017-01-26,705.7271728515625,5.426249980926514,5.869999885559082,,,560.4535522460938,,
2017-01-27,708.3179931640625,5.392499923706055,5.909999847412109,,,558.2101440429688,,
2017-01-30,701.6412963867188,5.360000133514404,5.829999923706055,,,554.3468017578125,,
2017-01-31,699.6484985351562,5.353750228881836,5.800000190734863,,,557.7117919921875,,
2017-02-01,700.1465454101562,5.358749866485596,5.840000152587891,,,560.8271484375,,
2017-02-02,703.63427734375,5.389999866485596,5.869999885559082,,,555.5929565429688,,
2017-02-03,707.8196411132812,5.368750095367432,5.898749828338623,,,562.9459838867188,,
2017-02-06,705.8268432617188,5.360000133514404,5.909999847412109,,,561.948974609375,,
2017-02-07,707.3212280273438,5.340000152587891,5.940000057220459,,,567.5573120117188,,
2017-02-08,707.9194946289062,5.360000133514404,5.949999809265137,,,573.913330078125,,
2017-02-09,712.40380859375,5.420000076293945,5.980000019073486,,,582.5432739257812,,
2017-02-10,715.0940551757812,5.418749809265137,5.980000019073486,,,575.1898193359375,,
2017-02-13,717.1869506835938,5.449999809265137,6.010000228881836,,,573.0712280273438,,
2017-02-14,715.9910278320312,5.460000038146973,6.019999980926514,,,578.181396484375,,
2017-02-15,719.4788818359375,5.496250152587891,6.050000190734863,,,581.17236328125,,
2017-02-16,718.9805297851562,5.480000019073486,6.070000171661377,,,578.3055419921875,,
2017-02-17,721.671142578125,5.46999979019165,6.070000171661377,,,581.2971801757812,,
2017-02-20,722.1693115234375,5.507500171661377,6.110000133514404,,,587.4041137695312,,
2017-02-21,719.2796630859375,5.519999980926514,6.110000133514404,,,586.7809448242188,,
2017-02-22,721.0733032226562,5.53000020980835,6.119999885559082,,,587.5286865234375,,
2017-02-23,721.5714721679688,5.5,6.110000133514404,,,590.5198974609375,,
2017-02-24,718.8809814453125,5.489999771118164,6.110000133514404,,,590.0214233398438,,
2017-02-27,720.276123046875,5.519999980926514,6.130000114440918,,,587.5286865234375,,
2017-02-28,719.9769897460938,5.508749961853027,6.119999885559082,,,590.76904296875,,
2017-03-01,731.7357788085938,5.53249979019165,6.179999828338623,,,592.7633056640625,,
2017-03-02,733.7289428710938,5.53249979019165,6.159999847412109,,,589.8967895507812,,
2017-03-03,732.0350341796875,5.510000228881836,6.150000095367432,,,590.2708129882812,,
2017-03-06,729.9420776367188,5.491250038146973,6.150000095367432,,,592.0155639648438,,
2017-03-07,727.9489135742188,5.486249923706055,6.170000076293945,,,587.1549072265625,,
2017-03-08,728.0488891601562,5.510000228881836,6.190000057220459,,,585.409912109375,,
2017-03-09,726.9525756835938,5.516250133514404,6.179999828338623,,,588.2764282226562,,
2017-03-10,729.2445068359375,5.525000095367432,6.210000038146973,,,581.047607421875,,
2017-03-13,732.23388671875,5.518750190734863,6.199999809265137,,,582.9172973632812,,
2017-03-14,730.9386596679688,5.523749828338623,6.179999828338623,,,579.8012084960938,,
2017-03-15,731.4368896484375,5.53000020980835,6.199999809265137,,,577.5577392578125,,
2017-03-16,731.19921875,5.559999942779541,6.25,,,585.534423828125,,
2017-03-17,731.19921875,5.554999828338623,6.269999980926514,,,586.0330200195312,,
2017-03-20,732.7937622070312,5.559999942779541,6.260000228881836,,,587.0302124023438,,
2017-03-21,728.3092041015625,5.506249904632568,6.210000038146973,,,588.775146484375,,
2017-03-22,723.5255126953125,5.480000019073486,6.199999809265137,,,579.3029174804688,,
2017-03-23,725.2196655273438,5.519999980926514,6.21999979019165,,,582.0448608398438,,
2017-03-24,724.5220336914062,5.519999980926514,6.230000019073486,,,583.789794921875,,
2017-03-27,719.8380737304688,5.5,6.179999828338623,,,583.0418090820312,,
2017-03-28,724.2232666015625,5.53249979019165,6.21999979019165,,,578.0567016601562,,
2017-03-29,728.1099243164062,5.570000171661377,6.25,,,584.78662109375,,
2017-03-30,728.3092041015625,5.590000152587891,6.28000020980835,,,578.0567016601562,,
2017-03-31,723.0272827148438,5.608749866485596,6.28000020980835,,,589.6475219726562,,
2017-04-03,718.8414306640625,5.5625,6.239999771118164,,,586.0330200195312,,
2017-04-04,722.728271484375,5.570000171661377,6.25,,,589.5228881835938,,
2017-04-05,723.42578125,5.596250057220459,6.289999961853027,,,594.8820190429688,,
2017-04-06,721.0339965820312,5.590000152587891,6.25,,,603.2324829101562,,
2017-04-07,726.21630859375,5.551249980926514,6.230000019073486,,,606.9718017578125,,
2017-04-10,726.714599609375,5.579999923706055,6.239999771118164,,,608.2181396484375,,
2017-04-11,728.3092041015625,5.542500019073486,6.159999847412109,,,614.3251342773438,,
2017-04-12,727.0134887695312,5.559999942779541,6.179999828338623,,,618.687255859375,,
2017-04-13,724.9207763671875,5.542500019073486,6.199999809265137,,,617.3162231445312,,
2017-04-18,706.9821166992188,5.5625,6.210000038146973,,,620.9308471679688,,
2017-04-19,703.9923706054688,5.601250171661377,6.230000019073486,,,619.3104858398438,,
2017-04-20,705.1881713867188,5.610000133514404,6.239999771118164,,,614.948486328125,,
2017-04-21,703.3943481445312,5.62375020980835,6.269999980926514,,,612.2063598632812,,
2017-04-24,718.7417602539062,5.650000095367432,6.320000171661377,,,616.568603515625,,
2017-04-25,719.4393920898438,5.684999942779541,6.380000114440918,,,622.1773681640625,,
2017-04-26,720.8346557617188,5.738749980926514,6.380000114440918,,,623.6727294921875,,
2017-04-27,716.9479370117188,5.75,6.380000114440918,,,624.669921875,,
2017-04-28,712.961669921875,5.730000019073486,6.420000076293945,,,617.6904296875,,
2017-05-02,717.047607421875,5.730000019073486,6.5,,,622.5509033203125,,
2017-05-03,716.051025390625,5.710000038146973,6.480000019073486,,,622.5509033203125,,
2017-05-04,717.7451171875,5.697500228881836,6.489999771118164,,,616.693115234375,,
2017-05-05,722.4293212890625,5.710000038146973,6.5,,,614.8239135742188,,
2017-05-08,723.1267700195312,5.732500076293945,6.510000228881836,,,622.42626953125,,
2017-05-09,726.6148071289062,5.78000020980835,6.559999942779541,,,624.2960815429688,,
2017-05-10,730.701171875,5.756249904632568,6.570000171661377,,,621.429443359375,,
2017-05-11,732.2952880859375,5.71875,6.539999961853027,,,620.2410278320312,,
2017-05-12,736.9796142578125,5.723750114440918,6.579999923706055,,,620.490234375,,
2017-05-15,738.9724731445312,5.738749980926514,6.619999885559082,,,618.7449340820312,,
2017-05-16,745.0518798828125,5.703750133514404,6.639999866485596,,,620.7393798828125,,
2017-05-17,743.2579956054688,5.643750190734863,6.550000190734863,,,613.2607421875,,
2017-05-18,739.6703491210938,5.650000095367432,6.519999980926514,,,606.5296020507812,,
2017-05-19,743.7564086914062,5.679999828338623,6.550000190734863,,,603.7877807617188,,
2017-05-22,746.646484375,5.710000038146973,6.590000152587891,,,609.0226440429688,,
2017-05-23,744.9520874023438,5.698750019073486,6.619999885559082,,,607.277587890625,,
2017-05-24,748.5398559570312,5.684999942779541,6.630000114440918,,,606.2805786132812,,
2017-05-25,748.7393798828125,5.762499809265137,6.690000057220459,,,606.0311889648438,,
2017-05-26,751.52978515625,5.769999980926514,6.690000057220459,,,606.2805786132812,,
2017-05-30,748.4403076171875,5.786250114440918,6.710000038146973,,,610.5183715820312,,
2017-05-31,747.3443603515625,5.771249771118164,6.710000038146973,,,610.019775390625,,
2017-06-01,751.2306518554688,5.818749904632568,6.690000057220459,,,612.263427734375,,
2017-06-02,750.8321533203125,5.866250038146973,6.75,,,607.277587890625,,
2017-06-05,748.839111328125,5.84499979019165,6.800000190734863,,,602.291748046875,,
2017-06-06,749.6360473632812,5.809999942779541,6.809999942779541,,,599.0508422851562,,
2017-06-07,744.0551147460938,5.809999942779541,6.800000190734863,,,604.4105834960938,,
2017-06-08,741.86279296875,5.789999961853027,6.800000190734863,,,605.2832641601562,,
2017-06-09,749.8355712890625,5.78000020980835,6.800000190734863,,,605.1587524414062,,
2017-06-12,749.1377563476562,5.760000228881836,6.590000152587891,,,607.277587890625,,
2017-06-13,748.1412963867188,5.771249771118164,6.619999885559082,,,611.266357421875,,
2017-06-14,745.9487915039062,5.78000020980835,6.650000095367432,,,620.9888916015625,,
2017-06-15,731.0921630859375,5.733749866485596,6.539999961853027,,,609.5213623046875,,
2017-06-16,735.4779052734375,5.733749866485596,6.550000190734863,,,615.005615234375,,
2017-06-19,741.3583374023438,5.786250114440918,6.650000095367432,,,612.5126953125,,
2017-06-20,735.9761962890625,5.752500057220459,6.639999866485596,,,607.277587890625,,
2017-06-21,733.2849731445312,5.723750114440918,6.639999866485596,,,604.5354614257812,,
2017-06-22,732.4876708984375,5.733749866485596,6.659999847412109,,,601.6685791015625,,
2017-06-23,730.5939331054688,5.708749771118164,6.710000038146973,,,605.2832641601562,,
2017-06-26,732.7868041992188,5.731800079345703,6.679999828338623,,,602.541015625,,
2017-06-27,732.3878784179688,5.689300060272217,6.639999866485596,,,598.6072387695312,,
2017-06-28,727.7034301757812,5.739999771118164,6.599999904632568,,,592.5696411132812,,
2017-06-29,724.21484375,5.699999809265137,6.53000020980835,,,592.5696411132812,,
2017-06-30,720.626708984375,5.71999979019165,6.53000020980835,,,593.8157348632812,,
2017-07-03,726.5075073242188,5.732500076293945,6.5,,,590.82421875,,
2017-07-04,724.3146362304688,5.715000152587891,6.449999809265137,,,591.0736083984375,,
2017-07-05,726.6069946289062,5.690000057220459,6.53000020980835,,,592.1952514648438,,
2017-07-06,723.7166748046875,5.659999847412109,6.489999771118164,,,590.574951171875,,
2017-07-07,725.0123291015625,5.68625020980835,6.550000190734863,,,592.3199462890625,,
2017-07-10,726.7066040039062,5.698750019073486,6.590000152587891,,,592.5696411132812,,
2017-07-11,722.3211059570312,5.673749923706055,6.599999904632568,,,585.5890502929688,,
2017-07-12,731.1919555664062,5.730000019073486,6.699999809265137,,,591.5722045898438,,
2017-07-13,730.7932739257812,5.742499828338623,6.739999771118164,,,595.0621948242188,,
2017-07-14,727.3047485351562,5.730000019073486,6.78000020980835,,,598.9264526367188,,
2017-07-17,730.0955810546875,5.777500152587891,6.800000190734863,,,598.1786499023438,,
2017-07-18,728.7000732421875,5.788750171661377,6.809999942779541,,,607.0284423828125,,
2017-07-19,733.4844360351562,5.8125,6.869999885559082,,,606.779052734375,,
2017-07-20,738.4677124023438,5.808750152587891,6.880000114440918,,,610.2694091796875,,
2017-07-21,734.2816162109375,5.800000190734863,6.869999885559082,,,608.2749633789062,,
2017-07-24,727.2050170898438,5.789999961853027,6.869999885559082,,,601.6685791015625,,
2017-07-25,733.2849731445312,5.829999923706055,6.889999866485596,,,602.7904052734375,,
2017-07-26,734.38134765625,5.840000152587891,6.880000114440918,,,603.7877807617188,,
2017-07-27,733.8831176757812,5.889999866485596,6.920000076293945,,,608.2749633789062,,
2017-07-28,726.40771484375,5.820000171661377,6.820000171661377,,,601.5440063476562,,
2017-07-31,727.5042114257812,5.820000171661377,6.809999942779541,,,604.7847900390625,,
2017-08-01,732.4876708984375,5.840000152587891,6.820000171661377,,,604.5354614257812,,
2017-08-02,731.1919555664062,5.809999942779541,6.829999923706055,,,603.288818359375,,
2017-08-03,739.06591796875,5.820000171661377,6.849999904632568,,,605.9065551757812,,
2017-08-04,741.9564819335938,5.797500133514404,6.880000114440918,,,605.1587524414062,,
2017-08-07,744.3486328125,5.820000171661377,6.900000095367432,,,605.407958984375,,
2017-08-08,744.747314453125,5.832499980926514,6.920000076293945,,,605.5325317382812,,
2017-08-09,740.9597778320312,5.766250133514404,6.869999885559082,,,604.6602172851562,,
2017-08-10,734.1819458007812,5.738749980926514,6.820000171661377,,,594.6216430664062,,
2017-08-11,725.9094848632812,5.71999979019165,6.78000020980835,,,587.3911743164062,,
2017-08-14,730.7932739257812,5.78000020980835,6.900000095367432,,,596.6160888671875,,
2017-08-15,734.082275390625,5.739999771118164,6.929999828338623,,,596.8655395507812,,
2017-08-16,738.2685546875,5.746250152587891,6.960000038146973,,,600.6051025390625,,
2017-08-17,735.5775146484375,5.722499847412109,6.889999866485596,,,600.2311401367188,,
2017-08-18,728.6004638671875,5.650000095367432,6.829999923706055,,,591.8789672851562,,
2017-08-21,728.6004638671875,5.630000114440918,6.789999961853027,,,591.5050048828125,,
2017-08-22,734.4810791015625,5.683750152587891,6.880000114440918,,,593.12548828125,,
2017-08-23,734.9794921875,5.653749942779541,6.900000095367432,,,591.629638671875,,
2017-08-24,736.7733764648438,5.639999866485596,6.849999904632568,,,592.8760375976562,,
2017-08-25,736.4747314453125,5.650000095367432,6.880000114440918,,,587.2666015625,,
2017-08-29,730.4940795898438,5.639999866485596,6.900000095367432,,,587.14208984375,,
2017-08-30,732.6871948242188,5.681250095367432,6.949999809265137,,,590.8816528320312,,
2017-08-31,739.1656494140625,5.711249828338623,7.019999980926514,,,596.6160888671875,,
2017-09-01,739.5642700195312,5.744999885559082,7.03000020980835,,,593.2504272460938,,
2017-09-04,736.7733764648438,5.730000019073486,7.010000228881836,,,595.1200561523438,,
2017-09-05,733.683837890625,5.731249809265137,6.989999771118164,,,592.1282348632812,,
2017-09-06,730.8929443359375,5.723750114440918,6.96999979019165,,,593.8734130859375,,
2017-09-07,736.3749389648438,5.736249923706055,7.010000228881836,,,596.6160888671875,,
2017-09-08,734.4810791015625,5.699999809265137,6.989999771118164,,,595.2449340820312,,
2017-09-11,737.8699951171875,5.710000038146973,7.039999961853027,,,600.6051025390625,,
2017-09-12,736.2750854492188,5.730000019073486,7.070000171661377,,,595.3694458007812,,
2017-09-13,733.8831176757812,5.769999980926514,7.050000190734863,,,590.3831176757812,,
2017-09-14,716.6298217773438,5.763750076293945,7.059999942779541,,,587.8900146484375,,
2017-09-15,707.9574584960938,5.75,7.059999942779541,,,585.1475830078125,,
2017-09-18,712.7423706054688,5.743750095367432,7.090000152587891,,,583.15283203125,,
2017-09-19,714.7359008789062,5.699999809265137,7.079999923706055,,,583.9007568359375,,
2017-09-20,714.7359008789062,5.71999979019165,7.039999961853027,,,582.0309448242188,,
2017-09-21,713.739013671875,5.723750114440918,7.010000228881836,,,580.4105834960938,,
2017-09-22,718.2249145507812,5.71875,6.989999771118164,,,583.2774047851562,,
2017-09-25,717.3277587890625,5.71999979019165,6.909999847412109,,,586.0199584960938,,
2017-09-26,716.131591796875,5.710000038146973,6.920000076293945,,,586.0199584960938,,
2017-09-27,719.6204833984375,5.722499847412109,6.989999771118164,,,583.15283203125,,
2017-09-28,720.5173950195312,5.739999771118164,7.010000228881836,,,581.6569213867188,,
2017-09-29,725.3023681640625,5.763750076293945,7.059999942779541,,,586.6432495117188,,
2017-10-02,731.68212890625,5.778749942779541,7.090000152587891,,,589.3858032226562,,
2017-10-03,734.4732666015625,5.788750171661377,7.090000152587891,,,591.629638671875,,
2017-10-04,734.6730346679688,5.821249961853027,7.079999923706055,,,588.7625122070312,,
2017-10-05,739.158447265625,5.849999904632568,7.119999885559082,,,589.26123046875,,
2017-10-06,740.65380859375,5.869999885559082,7.159999847412109,,,590.3831176757812,,
2017-10-09,739.158447265625,5.868750095367432,7.210000038146973,,,587.76513671875,,
2017-10-10,742.248779296875,5.849999904632568,7.190000057220459,,,591.1310424804688,,
2017-10-11,742.1488647460938,5.836249828338623,7.21999979019165,,,593.7489624023438,,
2017-10-12,744.3421020507812,5.818749904632568,7.260000228881836,,,595.9925537109375,,
2017-10-13,742.9464721679688,5.833749771118164,7.28000020980835,,,594.8706665039062,,
2017-10-16,741.9496459960938,5.833749771118164,7.289999961853027,,,594.8706665039062,,
2017-10-17,740.553955078125,5.855000019073486,7.300000190734863,,,595.6187744140625,,
2017-10-18,743.2454833984375,5.849999904632568,7.320000171661377,,,601.6024169921875,,
2017-10-19,741.5511474609375,5.81374979019165,7.289999961853027,,,595.8680419921875,,
2017-10-20,741.4512329101562,5.84375,7.340000152587891,,,592.6272583007812,,
2017-10-23,741.4512329101562,5.841249942779541,7.349999904632568,,,586.1445922851562,,
2017-10-24,741.3516235351562,5.820000171661377,7.349999904632568,,,587.2666015625,,
2017-10-25,734.0745849609375,5.769999980926514,7.309999942779541,,,581.4077758789062,,
2017-10-26,738.7598266601562,5.81125020980835,7.360000133514404,,,580.4105834960938,,
2017-10-27,740.1555786132812,5.889999866485596,7.53000020980835,,,579.537841796875,,
2017-10-30,738.8596801757812,5.880000114440918,7.570000171661377,,,580.1611328125,,
2017-10-31,738.959228515625,5.880000114440918,7.619999885559082,,,587.8900146484375,,
2017-11-01,738.2612915039062,5.898749828338623,7.630000114440918,,,586.1445922851562,,
2017-11-02,745.2393188476562,5.851250171661377,7.619999885559082,,,590.5078125,,
2017-11-03,745.5384521484375,5.858749866485596,7.679999828338623,,,590.8816528320312,,
2017-11-06,745.93701171875,5.889999866485596,7.71999979019165,,,591.1310424804688,,
2017-11-07,740.9527587890625,5.889999866485596,7.730000019073486,,,585.64599609375,,
2017-11-08,742.4483032226562,5.877500057220459,7.75,,,588.88720703125,,
2017-11-09,739.2582397460938,5.889999866485596,7.699999809265137,,,587.14208984375,,
2017-11-10,733.9749145507812,5.908750057220459,7.699999809265137,,,582.5294189453125,,
2017-11-13,732.4796142578125,5.929999828338623,7.710000038146973,,,579.6624145507812,,
2017-11-14,731.8817138671875,5.920000076293945,7.690000057220459,,,580.908935546875,,
2017-11-15,728.3927001953125,5.920000076293945,7.659999847412109,,,581.4077758789062,,
2017-11-16,731.2833251953125,5.951250076293945,7.730000019073486,,,585.1934814453125,,
2017-11-17,730.1869506835938,5.989999771118164,7.710000038146973,,,583.697265625,,
2017-11-20,731.2833251953125,6.010000228881836,7.710000038146973,,,581.2039184570312,,
2017-11-21,733.3767700195312,6.028749942779541,7.789999961853027,,,582.4505615234375,,
2017-11-22,734.0745849609375,6.034999847412109,7.769999980926514,,,583.3233032226562,,
2017-11-23,734.4732666015625,6.038750171661377,7.769999980926514,,,583.697265625,,
2017-11-24,733.676025390625,6.038750171661377,7.809999942779541,,,580.4561767578125,,
2017-11-27,731.0841674804688,6.050000190734863,7.800000190734863,,,581.7026977539062,,
2017-11-28,738.6602783203125,6.079999923706055,7.840000152587891,,,579.9572143554688,,
2017-11-29,732.2801513671875,6.139999866485596,7.630000114440918,,,579.4586181640625,,
2017-11-30,725.1031494140625,6.179999828338623,7.690000057220459,,,580.4561767578125,,
2017-12-01,723.7077026367188,6.110000133514404,7.579999923706055,,,576.7161865234375,,
2017-12-04,726.897216796875,6.28000020980835,7.559999942779541,,,581.7026977539062,,
2017-12-05,726.0003051757812,6.260000228881836,7.610000133514404,,,586.0660400390625,,
2017-12-06,728.1932373046875,6.190000057220459,7.570000171661377,,,584.445556640625,,
2017-12-07,725.5018310546875,6.190000057220459,7.639999866485596,,,585.1934814453125,,
2017-12-08,732.5794677734375,6.21999979019165,7.670000076293945,,,597.5355224609375,,
2017-12-11,738.8596801757812,6.21999979019165,7.710000038146973,,,595.4163208007812,,
2017-12-12,743.4449462890625,6.25,7.739999771118164,,,595.66552734375,,
2017-12-13,743.6444702148438,6.25,7.739999771118164,,,597.2362670898438,,
2017-12-14,733.5288696289062,6.25,7.75,,,603.6444091796875,,
2017-12-15,736.9183959960938,6.289999961853027,7.769999980926514,,,608.6309814453125,,
2017-12-18,741.8031616210938,6.340000152587891,7.860000133514404,,,615.6123657226562,,
2017-12-19,742.4015502929688,6.349999904632568,7.829999923706055,,,615.8618774414062,,
2017-12-20,741.1054077148438,6.329999923706055,7.800000190734863,,,614.6151123046875,,
2017-12-21,748.1834106445312,6.329999923706055,7.840000152587891,,,616.3604125976562,,
2017-12-22,744.2954711914062,6.329999923706055,7.800000190734863,,,616.6097412109375,,
2017-12-27,749.7784423828125,6.369999885559082,7.75,,,623.3419189453125,,
2017-12-28,750.476318359375,6.369999885559082,7.760000228881836,,,627.08203125,,
2017-12-29,758.9501342773438,6.369999885559082,7.78000020980835,,,630.9465942382812,,
2018-01-02,753.3674926757812,6.409999847412109,7.789999961853027,,,623.8406372070312,,
2018-01-03,754.7630615234375,6.449999809265137,7.889999866485596,,,624.6882934570312,,
2018-01-04,756.8566284179688,6.449999809265137,7.96999979019165,,,619.3524169921875,,
2018-01-05,759.2489624023438,6.510000228881836,8.020000457763672,,,624.2395629882812,,
2018-01-08,755.4608154296875,6.539999961853027,8.069999694824219,,,628.2288208007812,,
2018-01-09,758.8505249023438,6.550000190734863,8.0600004196167,,,626.8326416015625,,
2018-01-10,760.8442993164062,6.539999961853027,7.989999771118164,,,618.5048828125,,
2018-01-11,761.5421142578125,6.590000152587891,8.039999961853027,,,613.0692138671875,,
2018-01-12,764.9314575195312,6.710000038146973,8.09000015258789,,,613.5181884765625,,
2018-01-15,763.5359497070312,6.75,8.119999885559082,,,610.9747314453125,,
2018-01-16,762.6387329101562,6.769999980926514,8.149999618530273,,,616.160888671875,,
2018-01-17,759.2489624023438,6.699999809265137,8.140000343322754,,,617.0589599609375,,
2018-01-18,757.1557006835938,6.71999979019165,8.210000038146973,,,611.4236450195312,,
2018-01-19,760.2462158203125,6.760000228881836,8.210000038146973,,,613.0692138671875,,
2018-01-22,757.5546264648438,6.800000190734863,8.260000228881836,,,611.822509765625,,
2018-01-23,759.1494750976562,6.889999866485596,8.359999656677246,,,615.3630981445312,,
2018-01-24,752.1712036132812,6.920000076293945,8.319999694824219,,,613.5181884765625,,
2018-01-25,749.08056640625,6.920000076293945,8.300000190734863,,,610.8250122070312,,
2018-01-26,754.1649169921875,6.960000038146973,8.34000015258789,,,617.6570434570312,,
2018-01-29,754.3643798828125,6.980000019073486,8.34000015258789,,,613.7674560546875,,
2018-01-30,746.1896362304688,6.949999809265137,8.260000228881836,,,610.177001953125,,
2018-01-31,741.7034912109375,6.940000057220459,8.279999732971191,,,609.7780151367188,,
2018-02-01,737.6160888671875,6.889999866485596,8.319999694824219,,,606.6860961914062,,
2018-02-02,732.5318603515625,6.880000114440918,8.140000343322754,,,601.998779296875,,
2018-02-05,721.9646606445312,6.800000190734863,8.0600004196167,,,590.6288452148438,,
2018-02-06,703.0231323242188,6.559999942779541,7.670000076293945,,,575.369384765625,,
2018-02-07,717.1795043945312,6.789999961853027,7.980000019073486,,,588.8338623046875,,
2018-02-08,706.6122436523438,6.579999923706055,7.730000019073486,,,579.7579345703125,,
2018-02-09,698.0386962890625,6.380000114440918,7.570000171661377,,,580.8549194335938,,
2018-02-12,706.7118530273438,6.519999980926514,7.789999961853027,,,585.5423583984375,,
2018-02-13,706.4126586914062,6.559999942779541,7.809999942779541,,,583.797119140625,,
2018-02-14,710.0017700195312,6.650000095367432,7.929999828338623,,,580.9546508789062,,
2018-02-15,715.4845581054688,6.710000038146973,8.069999694824219,,,579.4902954101562,,
2018-02-16,720.7683715820312,6.75,8.210000038146973,,,592.2568359375,,
2018-02-19,716.6810302734375,6.710000038146973,8.149999618530273,,,589.6638793945312,,
2018-02-20,716.2824096679688,6.760000228881836,8.220000267028809,,,590.6112060546875,,
2018-02-21,719.6718139648438,6.760000228881836,8.239999771118164,,,587.3696899414062,,
2018-02-22,719.2730712890625,6.75,8.1899995803833,,,585.9732055664062,,
2018-02-23,718.0767211914062,6.730000019073486,8.220000267028809,,,591.4091186523438,,
2018-02-26,721.9646606445312,6.840000152587891,8.380000114440918,,,591.65869140625,,
2018-02-27,721.4661865234375,6.760000228881836,8.40999984741211,,,584.97607421875,,
2018-02-28,716.1827392578125,6.730000019073486,8.390000343322754,,,578.19384765625,,
2018-03-01,710.7991333007812,6.670000076293945,8.270000457763672,,,577.594970703125,,
2018-03-02,700.9296875,6.550000190734863,8.130000114440918,,,576.09912109375,,
2018-03-05,705.814697265625,6.650000095367432,8.279999732971191,,,582.6320190429688,,
2018-03-06,708.7056274414062,6.679999828338623,8.3100004196167,,,582.0336303710938,,
2018-03-07,709.50341796875,6.679999828338623,8.329999923706055,,,584.6766357421875,,
2018-03-08,714.4877319335938,6.71999979019165,8.40999984741211,,,596.4461669921875,,
2018-03-09,716.9801025390625,6.769999980926514,8.529999732971191,,,597.443603515625,,
2018-03-12,715.5842895507812,6.849999904632568,8.630000114440918,,,597.842529296875,,
2018-03-13,708.3070068359375,6.809999942779541,8.5600004196167,,,594.6510009765625,,
2018-03-14,707.6090087890625,6.78000020980835,8.489999771118164,,,595.0494995117188,,
2018-03-15,703.6749877929688,6.789999961853027,8.529999732971191,,,593.852783203125,,
2018-03-16,706.3670654296875,6.800000190734863,8.510000228881836,,,591.259765625,,
2018-03-19,694.4031372070312,6.679999828338623,8.300000190734863,,,608.2652587890625,,
2018-03-20,696.0980224609375,6.730000019073486,8.34000015258789,,,610.0107421875,,
2018-03-21,694.4031372070312,6.75,8.359999656677246,,,606.519775390625,,
2018-03-22,686.7261962890625,6.639999866485596,8.15999984741211,,,601.532958984375,,
2018-03-23,683.0374145507812,6.550000190734863,8.010000228881836,,,594.9498901367188,,
2018-03-26,679.7474365234375,6.5,7.929999828338623,,,592.0577392578125,,
2018-03-27,691.1131591796875,6.639999866485596,8.15999984741211,,,598.2415771484375,,
2018-03-28,695.9981689453125,6.409999847412109,7.789999961853027,,,599.6378784179688,,
2018-03-29,696.9951782226562,6.46999979019165,7.929999828338623,,,603.228271484375,,
2018-04-03,694.20361328125,6.389999866485596,7.829999923706055,,,602.7297973632812,,
2018-04-04,694.7021484375,6.420000076293945,7.809999942779541,,,605.4227294921875,,
2018-04-05,712.1495971679688,6.619999885559082,8.029999732971191,,,612.1055297851562,,
2018-04-06,709.8563232421875,6.539999961853027,7.909999847412109,,,610.8087158203125,,
2018-04-09,711.0527954101562,6.539999961853027,7.960000038146973,,,610.4099731445312,,
2018-04-10,718.5302124023438,6.53000020980835,8.010000228881836,,,609.8113403320312,,
2018-04-11,717.3339233398438,6.559999942779541,8.029999732971191,,,607.4174194335938,,
2018-04-12,717.3339233398438,6.570000171661377,8.119999885559082,,,607.9160766601562,,
2018-04-13,718.330810546875,6.539999961853027,8.109999656677246,,,608.7140502929688,,
2018-04-16,711.35205078125,6.550000190734863,8.119999885559082,,,607.1183471679688,,
2018-04-17,714.4425048828125,6.670000076293945,8.289999961853027,,,608.81396484375,,
2018-04-18,723.2161865234375,6.739999771118164,8.289999961853027,,,612.6039428710938,,
2018-04-19,725.4094848632812,6.699999809265137,8.199999809265137,,,616.29443359375,,
2018-04-20,729.2974853515625,6.650000095367432,8.079999923706055,,,620.9821166992188,,
2018-04-23,733.0860595703125,6.670000076293945,8.119999885559082,,,620.782470703125,,
2018-04-24,735.7780151367188,6.619999885559082,7.989999771118164,,,623.0767211914062,,
2018-04-25,730.5936889648438,6.570000171661377,7.880000114440918,,,618.388916015625,,
2018-04-26,735.3792114257812,6.630000114440918,8.039999961853027,,,623.8746948242188,,
2018-04-27,744.15283203125,6.730000019073486,8.039999961853027,,,631.0559692382812,,
2018-04-30,743.6544189453125,6.739999771118164,8.069999694824219,,,633.3500366210938,,
2018-05-01,744.4520874023438,6.610000133514404,8.0,,,633.100830078125,,
2018-05-02,747.143798828125,6.670000076293945,8.130000114440918,,,630.8067626953125,,
2018-05-03,743.6544189453125,6.53000020980835,8.0,,,632.3524780273438,,
2018-05-04,749.8355712890625,6.670000076293945,8.239999771118164,,,631.5546875,,
2018-05-08,749.5367431640625,6.699999809265137,8.350000381469727,,,635.4444580078125,,
2018-05-09,759.6063232421875,6.670000076293945,8.390000343322754,,,635.8931884765625,,
2018-05-10,765.8871459960938,6.710000038146973,8.5600004196167,,,637.93798828125,,
2018-05-11,768.1802978515625,6.75,8.579999923706055,,,639.0350341796875,,
2018-05-14,766.3856811523438,6.769999980926514,8.619999885559082,,,636.7412109375,,
2018-05-15,767.6818237304688,6.699999809265137,8.470000267028809,,,631.0559692382812,,
2018-05-16,769.2769775390625,6.739999771118164,8.5,,,631.3550415039062,,
2018-05-17,775.3585815429688,6.789999961853027,8.529999732971191,,,629.6205444335938,,
2018-05-18,774.461181640625,6.739999771118164,8.479999542236328,,,626.4285278320312,,
2018-05-21,782.3375244140625,6.769999980926514,8.479999542236328,,,628.1242065429688,,
2018-05-22,784.1322021484375,6.78000020980835,8.520000457763672,,,629.6205444335938,,
2018-05-23,775.458251953125,6.75,8.470000267028809,,,625.3314208984375,,
2018-05-24,768.2799072265625,6.789999961853027,8.510000228881836,,,622.9374389648438,,
2018-05-25,769.775390625,6.849999904632568,8.5600004196167,,,628.5234985351562,,
2018-05-29,760.2044067382812,6.800000190734863,8.510000228881836,,,620.0444946289062,,
2018-05-30,766.0867309570312,6.820000171661377,8.5600004196167,,,622.9374389648438,,
2018-05-31,763.9930419921875,6.800000190734863,8.600000381469727,,,624.0345458984375,,
2018-06-01,767.5823364257812,6.849999904632568,8.699999809265137,,,623.535888671875,,
2018-06-04,771.869140625,6.909999847412109,8.779999732971191,,,632.5133056640625,,
2018-06-05,766.1864013671875,6.949999809265137,8.829999923706055,,,630.4185791015625,,
2018-06-06,769.1773681640625,7.010000228881836,8.850000381469727,,,630.8178100585938,,
2018-06-07,768.1802978515625,7.059999942779541,8.789999961853027,,,628.9221801757812,,
2018-06-08,766.9839477539062,7.0625,8.760000228881836,,,630.7179565429688,,
2018-06-11,773.1652221679688,7.099999904632568,8.789999961853027,,,631.515869140625,,
2018-06-12,769.0775756835938,7.130000114440918,8.819999694824219,,,627.725341796875,,
2018-06-13,768.9779052734375,7.170000076293945,8.899999618530273,,,629.3212890625,,
2018-06-14,766.1802368164062,7.190000057220459,8.880000114440918,,,630.9174194335938,,
2018-06-15,753.117919921875,7.199999809265137,8.819999694824219,,,629.2214965820312,,
2018-06-18,753.117919921875,7.21999979019165,8.84000015258789,,,626.5281982421875,,
2018-06-19,750.126708984375,7.170000076293945,8.760000228881836,,,624.83251953125,,
2018-06-20,753.018310546875,7.230000019073486,8.84000015258789,,,630.1193237304688,,
2018-06-21,745.7394409179688,7.21999979019165,8.789999961853027,,,621.6406860351562,,
2018-06-22,758.5025634765625,7.210000038146973,8.720000267028809,,,627.5756225585938,,
2018-06-25,740.8535766601562,7.019999980926514,8.510000228881836,,,622.6380004882812,,
2018-06-26,744.2437133789062,7.050000190734863,8.5600004196167,,,622.6380004882812,,
2018-06-27,752.1207885742188,7.070000171661377,8.569999694824219,,,624.7328491210938,,
2018-06-28,752.5198364257812,7.0,8.510000228881836,,,623.535888671875,,
2018-06-29,754.4142456054688,7.099999904632568,8.579999923706055,,,625.531005859375,,
2018-07-02,745.7394409179688,7.010000228881836,8.529999732971191,,,621.7405395507812,,
2018-07-03,750.0269775390625,7.070000171661377,8.579999923706055,,,622.2391967773438,,
2018-07-04,748.0328979492188,7.03000020980835,8.5,,,624.982177734375,,
2018-07-05,751.2235717773438,7.03000020980835,8.569999694824219,,,623.0370483398438,,
2018-07-06,752.4199829101562,7.110000133514404,8.699999809265137,,,627.525634765625,,
2018-07-09,759.3995971679688,7.170000076293945,8.760000228881836,,,624.4337158203125,,
2018-07-10,759.3995971679688,7.199999809265137,8.829999923706055,,,624.5833129882812,,
2018-07-11,750.3260498046875,7.190000057220459,8.779999732971191,,,620.6431884765625,,
2018-07-12,755.610595703125,7.21999979019165,8.899999618530273,,,623.4360961914062,,
2018-07-13,756.6079711914062,7.269999980926514,8.949999809265137,,,621.4410400390625,,
2018-07-16,749.9271850585938,7.269999980926514,8.930000305175781,,,621.3413696289062,,
2018-07-17,753.516845703125,7.269999980926514,8.920000076293945,,,620.1444702148438,,
2018-07-18,758.5025634765625,7.28000020980835,8.960000038146973,,,625.0320434570312,,
2018-07-19,758.801513671875,7.289999961853027,8.960000038146973,,,620.5433959960938,,
2018-07-20,758.0038452148438,7.269999980926514,8.989999771118164,,,620.0444946289062,,
2018-07-23,755.8101196289062,7.21999979019165,8.9399995803833,,,614.658203125,,
2018-07-24,761.4937133789062,7.230000019073486,9.069999694824219,,,617.9500732421875,,
2018-07-25,755.9097900390625,7.179999828338623,9.079999923706055,,,618.7977905273438,,
2018-07-26,756.2091674804688,7.239999771118164,9.039999961853027,,,614.0594482421875,,
2018-07-27,760.4967041015625,7.239999771118164,8.930000305175781,,,616.5535278320312,,
2018-07-30,760.4967041015625,7.170000076293945,8.699999809265137,,,619.1469116210938,,
2018-07-31,765.4821166992188,7.159999847412109,8.720000267028809,,,622.0394897460938,,
2018-08-01,755.9097900390625,7.150000095367432,8.800000190734863,,,619.8450927734375,,
2018-08-02,748.8304443359375,7.130000114440918,8.850000381469727,,,613.9597778320312,,
2018-08-03,757.0067749023438,7.199999809265137,8.899999618530273,,,622.73779296875,,
2018-08-06,757.0067749023438,7.230000019073486,8.960000038146973,,,618.1991577148438,,
2018-08-07,762.6902465820312,7.269999980926514,9.010000228881836,,,620.0444946289062,,
2018-08-08,768.174560546875,7.289999961853027,9.0600004196167,,,622.438720703125,,
2018-08-09,767.775634765625,7.329999923706055,9.079999923706055,,,619.24658203125,,
2018-08-10,760.5963745117188,7.289999961853027,9.010000228881836,,,615.9547729492188,,
2018-08-13,758.6021728515625,7.25,9.010000228881836,,,609.0722045898438,,
2018-08-14,755.1121215820312,7.289999961853027,9.010000228881836,,,605.7803344726562,,
2018-08-15,744.1439208984375,7.199999809265137,8.90999984741211,,,602.9874877929688,,
2018-08-16,751.4227294921875,7.269999980926514,9.0,,,600.348388671875,,
2018-08-17,752.4199829101562,7.21999979019165,8.930000305175781,,,605.5357055664062,,
2018-08-20,755.1121215820312,7.289999961853027,8.930000305175781,,,605.9347534179688,,
2018-08-21,752.7191162109375,7.349999904632568,8.979999542236328,,,604.9374389648438,,
2018-08-22,753.7162475585938,7.394999980926514,9.010000228881836,,,601.9445190429688,,
2018-08-23,753.2177734375,7.360000133514404,9.029999732971191,,,602.5428466796875,,
2018-08-24,754.513916015625,7.400000095367432,9.109999656677246,,,601.046875,,
2018-08-28,757.904052734375,7.460000038146973,9.229999542236328,,,605.8349609375,,
2018-08-29,752.6194458007812,7.519999980926514,9.319999694824219,,,606.333984375,,
2018-08-30,747.7337036132812,7.53000020980835,9.319999694824219,,,601.645263671875,,
2018-08-31,739.6569213867188,7.539999961853027,9.300000190734863,,,603.4907836914062,,
2018-09-03,747.4345092773438,7.570000171661377,9.329999923706055,,,598.9019165039062,,
2018-09-04,742.1495971679688,7.559999942779541,9.270000457763672,,,596.7571411132812,,
2018-09-05,734.7713623046875,7.480000019073486,9.109999656677246,,,593.66455078125,,
2018-09-06,728.88818359375,7.449999809265137,9.050000190734863,,,592.0685424804688,,
2018-09-07,724.7002563476562,7.489999771118164,9.109999656677246,,,587.9783325195312,,
2018-09-10,725.5978393554688,7.480000019073486,9.069999694824219,,,591.7692260742188,,
2018-09-11,724.8997802734375,7.510000228881836,9.100000381469727,,,591.4696655273438,,
2018-09-12,728.4892578125,7.550000190734863,9.100000381469727,,,595.65966796875,,
2018-09-13,717.0114135742188,7.559999942779541,9.1899995803833,,,595.7593994140625,,
2018-09-14,718.9059448242188,7.550000190734863,9.220000267028809,,,592.4674682617188,,
2018-09-17,718.6068115234375,7.480000019073486,9.119999885559082,,,593.7145385742188,,
2018-09-18,718.806396484375,7.53000020980835,9.170000076293945,,,594.8119506835938,,
2018-09-19,721.4988403320312,7.53000020980835,9.109999656677246,,,593.764404296875,,
2018-09-20,725.4879150390625,7.579999923706055,9.220000267028809,,,592.9661865234375,,
2018-09-21,737.3550415039062,7.599999904632568,9.25,,,596.7571411132812,,
2018-09-24,734.36328125,7.510000228881836,9.210000038146973,,,590.572021484375,,
2018-09-25,738.9505615234375,7.550000190734863,9.229999542236328,,,588.2775268554688,,
2018-09-26,740.2468872070312,7.619999885559082,9.260000228881836,,,590.4722900390625,,
2018-09-27,742.8399658203125,7.619999885559082,9.25,,,588.4771118164062,,
2018-09-28,739.6485595703125,7.639999866485596,9.260000228881836,,,588.576904296875,,
2018-10-01,738.15283203125,7.650000095367432,9.350000381469727,,,589.4246826171875,,
2018-10-02,735.958740234375,7.570000171661377,9.350000381469727,,,584.5865478515625,,
2018-10-03,739.7482299804688,7.510000228881836,9.380000114440918,,,583.5391845703125,,
2018-10-04,731.47119140625,7.369999885559082,9.220000267028809,,,568.5254516601562,,
2018-10-05,721.299560546875,7.300000190734863,9.069999694824219,,,574.3115844726562,,
2018-10-08,713.1221313476562,7.25,8.9399995803833,,,574.5108642578125,,
2018-10-09,713.919921875,7.329999923706055,9.029999732971191,,,578.9002685546875,,
2018-10-10,704.6454467773438,7.139999866485596,8.760000228881836,,,572.6154174804688,,
2018-10-11,692.2799072265625,6.920000076293945,8.529999732971191,,,566.9292602539062,,
2018-10-12,690.4848022460938,7.019999980926514,8.670000076293945,,,563.7368774414062,,
2018-10-15,693.576416015625,7.03000020980835,8.680000305175781,,,559.048095703125,,
2018-10-16,696.9668579101562,7.070000171661377,8.75,,,569.423095703125,,
2018-10-17,696.6677856445312,7.079999923706055,8.779999732971191,,,574.0120239257812,,
2018-10-18,693.6759643554688,7.019999980926514,8.680000305175781,,,578.9002685546875,,
2018-10-19,696.2688598632812,6.949999809265137,8.699999809265137,,,582.0924682617188,,
2018-10-22,695.7703247070312,6.940000057220459,8.720000267028809,,,583.4892578125,,
2018-10-23,686.8948364257812,6.829999923706055,8.520000457763672,,,573.712646484375,,
2018-10-24,687.5928344726562,6.849999904632568,8.470000267028809,,,575.1094360351562,,
2018-10-25,691.182861328125,6.880000114440918,8.510000228881836,,,575.5083618164062,,
2018-10-26,685.1995239257812,6.650000095367432,8.369999885559082,,,575.0098266601562,,
2018-10-29,693.8753662109375,6.630000114440918,8.350000381469727,,,579.6983642578125,,
2018-10-30,694.5736083984375,6.619999885559082,8.279999732971191,,,579.0996704101562,,
2018-10-31,704.246826171875,6.760000228881836,8.529999732971191,,,577.0048828125,,
2018-11-01,702.4518432617188,6.840000152587891,8.579999923706055,,,584.037841796875,,
2018-11-02,700.0584106445312,6.920000076293945,8.470000267028809,,,584.386962890625,,
2018-11-05,701.4545288085938,6.869999885559082,8.390000343322754,,,584.1873168945312,,
2018-11-06,696.0693969726562,6.929999828338623,8.489999771118164,,,585.2847900390625,,
2018-11-07,703.149658203125,7.070000171661377,8.720000267028809,,,590.0731201171875,,
2018-11-08,706.1412963867188,7.199999809265137,8.729999542236328,,,593.66455078125,,
2018-11-09,702.4518432617188,7.099999904632568,8.600000381469727,,,594.9613037109375,,
2018-11-12,698.063720703125,6.929999828338623,8.289999961853027,,,587.6790771484375,,
2018-11-13,696.9668579101562,6.96999979019165,8.430000305175781,,,590.0731201171875,,
2018-11-14,695.2717895507812,6.909999847412109,8.260000228881836,,,592.1680297851562,,
2018-11-15,697.465576171875,6.739999771118164,8.3100004196167,,,568.6729125976562,,
2018-11-16,694.5736083984375,6.769999980926514,8.380000114440918,,,570.8679809570312,,
2018-11-19,694.0748901367188,6.699999809265137,8.15999984741211,,,569.969970703125,,
2018-11-20,688.1911010742188,6.510000228881836,7.929999828338623,,,563.2854614257812,,
2018-11-21,698.4627075195312,6.59499979019165,8.010000228881836,,,571.0672607421875,,
2018-11-22,690.684326171875,6.480000019073486,7.869999885559082,,,568.373779296875,,
2018-11-23,690.0859985351562,6.550000190734863,7.920000076293945,,,573.262451171875,,
2018-11-26,697.9642333984375,6.639999866485596,8.010000228881836,,,576.8040161132812,,
2018-11-27,696.1691284179688,6.690000057220459,8.069999694824219,,,576.4547729492188,,
2018-11-28,695.171875,6.75,8.149999618530273,,,575.75634765625,,
2018-11-29,698.3630981445312,6.869999885559082,8.270000457763672,,,555.8030395507812,,
2018-11-30,692.2799072265625,6.900000095367432,8.289999961853027,,,547.32275390625,,
2018-12-03,700.6567993164062,7.079999923706055,8.489999771118164,,,541.037353515625,,
2018-12-04,697.1661376953125,7.019999980926514,8.430000305175781,,,543.431884765625,,
2018-12-05,686.7952270507812,6.858749866485596,8.25,,,546.9237670898438,,
2018-12-06,665.3546142578125,6.659999847412109,8.0,,,537.7451171875,,
2018-12-07,672.0362548828125,6.730000019073486,8.0600004196167,,,544.4295654296875,,
2018-12-10,667.5485229492188,6.550000190734863,7.900000095367432,,,536.14892578125,,
2018-12-11,676.0250244140625,6.710000038146973,8.130000114440918,,,539.391357421875,,
2018-12-12,682.7063598632812,6.78000020980835,8.25,,,548.8192749023438,,
2018-12-13,677.2783203125,6.699999809265137,8.149999618530273,,,544.7288818359375,,
2018-12-14,673.8876342773438,6.650000095367432,8.039999961853027,,,542.4341430664062,,
2018-12-17,666.1084594726562,6.53000020980835,7.940000057220459,,,535.64990234375,,
2018-12-18,659.6259765625,6.440000057220459,7.820000171661377,,,537.7451171875,,
2018-12-19,666.0088500976562,6.5,7.889999866485596,,,539.0421142578125,,
2018-12-20,661.0220947265625,6.210000038146973,7.579999923706055,,,538.8425903320312,,
2018-12-21,660.3240966796875,6.170000076293945,7.53000020980835,,,534.0037841796875,,
2018-12-24,658.2295532226562,5.96999979019165,7.260000228881836,,,531.2103271484375,,
2018-12-27,649.8521118164062,6.159999847412109,7.409999847412109,,,521.6827392578125,,
2018-12-28,664.5127563476562,6.28000020980835,7.590000152587891,,,528.4169311523438,,
2018-12-31,663.614990234375,6.380000114440918,7.670000076293945,,,529.1650390625,,
2019-01-02,663.614990234375,6.389999866485596,7.659999847412109,,,525.7730712890625,,
2019-01-03,659.2271118164062,6.320000171661377,7.369999885559082,,,528.7162475585938,,
2019-01-04,672.790283203125,6.46999979019165,7.559999942779541,,,532.557373046875,,
2019-01-07,670.8956298828125,6.630000114440918,7.639999866485596,,,537.246337890625,,
2019-01-08,675.6826171875,6.670000076293945,7.650000095367432,,,546.474853515625,,
2019-01-09,680.7689208984375,6.760000228881836,7.829999923706055,,,544.6290893554688,,
2019-01-10,684.1597900390625,6.71999979019165,7.820000171661377,,,540.08984375,,
2019-01-11,681.7662963867188,6.730000019073486,7.820000171661377,,,545.8260498046875,,
2019-01-14,675.0842895507812,6.730000019073486,7.78000020980835,,,547.522705078125,,
2019-01-15,679.5721435546875,6.730000019073486,7.860000133514404,,,551.413330078125,,
2019-01-16,676.5802612304688,6.789999961853027,7.920000076293945,,,553.9076538085938,,
2019-01-17,674.0869140625,6.769999980926514,7.900000095367432,,,554.2066040039062,,
2019-01-18,686.7529296875,6.900000095367432,8.079999923706055,,,557.2993774414062,,
2019-01-21,687.4508666992188,6.869999885559082,8.020000457763672,,,553.4083862304688,,
2019-01-22,680.5695190429688,6.840000152587891,7.989999771118164,,,552.2114868164062,,
2019-01-23,674.4857177734375,6.769999980926514,7.949999809265137,,,557.1997680664062,,
2019-01-24,671.99267578125,6.784999847412109,8.010000228881836,,,557.9978637695312,,
2019-01-25,671.1947021484375,6.900000095367432,8.130000114440918,,,559.69384765625,,
2019-01-28,665.0113525390625,6.820000171661377,8.020000457763672,,,564.6824340820312,,
2019-01-29,673.0896606445312,6.769999980926514,7.960000038146973,,,573.6114501953125,,
2019-01-30,684.5587158203125,6.867499828338623,8.081250190734863,,,583.1392211914062,,
2019-01-31,686.952392578125,7.0,8.186249732971191,,,575.4570922851562,,
2019-02-01,691.7394409179688,6.918749809265137,8.260000228881836,,,573.96044921875,,
2019-02-04,693.8338012695312,6.912499904632568,8.345000267028809,,,575.1080322265625,,
2019-02-05,707.3973388671875,6.980000019073486,8.436249732971191,,,574.5592041015625,,
2019-02-06,706.7988891601562,6.949999809265137,8.479999542236328,,,576.9537353515625,,
2019-02-07,699.019775390625,6.880000114440918,8.348750114440918,,,580.04638671875,,
2019-02-08,696.9254150390625,6.835000038146973,8.3125,,,576.654296875,,
2019-02-11,702.8095703125,6.880000114440918,8.40250015258789,,,581.2935180664062,,
2019-02-12,702.7098999023438,6.980000019073486,8.49625015258789,,,578.8991088867188,,
2019-02-13,708.0955810546875,7.017499923706055,8.529999732971191,,,575.9061279296875,,
2019-02-14,710.9877319335938,6.989999771118164,8.524999618530273,,,572.6974487304688,,
2019-02-15,714.6776733398438,7.037499904632568,8.567500114440918,,,571.5001220703125,,
2019-02-18,712.9823608398438,7.052499771118164,8.618749618530273,,,575.0921020507812,,
2019-02-19,709.0927124023438,7.0625,8.581250190734863,,,573.096435546875,,
2019-02-20,714.37841796875,7.09375,8.633749961853027,,,567.9579467773438,,
2019-02-21,710.5889282226562,7.059999942779541,8.603750228881836,,,573.6950073242188,,
2019-02-22,711.4864501953125,7.114999771118164,8.72249984741211,,,574.4932861328125,,
2019-02-25,711.9850463867188,7.141250133514404,8.807499885559082,,,574.9923095703125,,
2019-02-26,708.1951293945312,7.090000152587891,8.802499771118164,,,579.3821411132812,,
2019-02-27,703.806884765625,7.083749771118164,8.7524995803833,,,577.9852905273438,,
2019-02-28,701.613037109375,7.070000171661377,8.742500305175781,,,581.177978515625,,
2019-03-01,704.1063842773438,7.097499847412109,8.765000343322754,,,584.86962890625,,
2019-03-04,706.898681640625,7.12375020980835,8.765000343322754,,,582.9739990234375,,
2019-03-05,711.7855224609375,7.153749942779541,8.760000228881836,,,586.6655883789062,,
2019-03-06,713.2816162109375,7.122499942779541,8.717499732971191,,,581.6770629882812,,
2019-03-07,710.7879638671875,7.03249979019165,8.637499809265137,,,580.6292114257812,,
2019-03-08,705.8016357421875,6.931250095367432,8.588749885559082,,,582.0759887695312,,
2019-03-11,707.9957275390625,7.03000020980835,8.787500381469727,,,579.5819091796875,,
2019-03-12,710.4892578125,7.077499866485596,8.8774995803833,,,582.6746826171875,,
2019-03-13,711.286865234375,7.127500057220459,8.962499618530273,,,582.42529296875,,
2019-03-14,707.7672119140625,7.082499980926514,8.948749542236328,,,588.0625610351562,,
2019-03-15,710.9589233398438,7.130000114440918,9.087499618530273,,,594.5476684570312,,
2019-03-18,718.33984375,7.192500114440918,9.037500381469727,,,594.8470458984375,,
2019-03-19,720.5340576171875,7.295000076293945,9.130000114440918,,,593.9988403320312,,
2019-03-20,717.7413330078125,7.21999979019165,9.015000343322754,,,586.6655883789062,,
2019-03-21,724.9226684570312,7.329999923706055,9.229999542236328,,,588.2618408203125,,
2019-03-22,708.9640502929688,7.24875020980835,9.164999961853027,,,579.5819091796875,,
2019-03-25,706.5703125,7.269999980926514,9.032500267028809,,,577.1873168945312,,
2019-03-26,708.465576171875,7.292500019073486,9.130000114440918,,,580.6292114257812,,
2019-03-27,707.468017578125,7.255000114440918,9.03499984741211,,,582.1258544921875,,
2019-03-28,712.5548095703125,7.289999961853027,9.072500228881836,,,582.2755737304688,,
2019-03-29,717.1428833007812,7.347499847412109,9.132499694824219,,,585.119140625,,
2019-04-01,721.2323608398438,7.432499885559082,9.27750015258789,,,585.767578125,,
2019-04-02,728.2142944335938,7.429999828338623,9.3125,,,590.1077880859375,,
2019-04-03,730.8074340820312,7.502500057220459,9.427499771118164,,,594.7473754882812,,
2019-04-04,730.8074340820312,7.519999980926514,9.359999656677246,,,593.4005126953125,,
2019-04-05,734.89697265625,7.585000038146973,9.412500381469727,,,589.7586059570312,,
2019-04-08,734.89697265625,7.579999923706055,9.399999618530273,,,587.1644897460938,,
2019-04-09,733.0018920898438,7.565000057220459,9.404999732971191,,,582.1758422851562,,
2019-04-10,733.0018920898438,7.552499771118164,9.46500015258789,,,588.7608032226562,,
2019-04-11,732.802490234375,7.59250020980835,9.470000267028809,,,593.2506713867188,,
2019-04-12,734.6973876953125,7.625,9.484999656677246,,,592.3526611328125,,
2019-04-15,734.7973022460938,7.625,9.5,,,591.95361328125,,
2019-04-16,737.6895751953125,7.677499771118164,9.5649995803833,,,594.9964599609375,,
2019-04-17,737.6895751953125,7.702499866485596,9.587499618530273,,,586.4661254882812,,
2019-04-18,737.7893676757812,7.6875,9.59749984741211,,,586.6655883789062,,
2019-04-23,743.474853515625,7.756249904632568,9.737500190734863,,,585.119140625,,
2019-04-24,738.88671875,7.806250095367432,9.819999694824219,,,593.5999755859375,,
2019-04-25,735.8944091796875,7.760000228881836,9.760000228881836,,,593.2506713867188,,
2019-04-26,734.4981689453125,7.769999980926514,9.717499732971191,,,591.8538208007812,,
2019-04-29,736.6920776367188,7.78249979019165,9.742500305175781,,,592.3526611328125,,
2019-04-30,734.9967041015625,7.71750020980835,9.71500015258789,,,587.8629150390625,,
2019-05-01,731.406005859375,7.764999866485596,9.857500076293945,,,588.7608032226562,,
2019-05-02,728.1145629882812,7.652500152587891,9.696249961853027,,,590.656494140625,,
2019-05-03,731.0071411132812,7.767499923706055,9.743749618530273,,,588.810791015625,,
2019-05-07,718.7387084960938,7.637499809265137,9.512499809265137,,,587.1644897460938,,
2019-05-08,719.9357299804688,7.652500152587891,9.5024995803833,,,583.672607421875,,
2019-05-09,714.0511474609375,7.502500057220459,9.279999732971191,,,584.1712036132812,,
2019-05-10,713.0535888671875,7.466249942779541,9.234999656677246,,,583.672607421875,,
2019-05-13,709.9613647460938,7.369999885559082,9.112500190734863,,,581.27783203125,,
2019-05-14,718.33984375,7.431250095367432,9.255000114440918,,,583.672607421875,,
2019-05-15,723.2271728515625,7.472499847412109,9.324999809265137,,,587.5636596679688,,
2019-05-16,731.60546875,7.596250057220459,9.457500457763672,,,581.5836791992188,,
2019-05-17,730.5083618164062,7.582499980926514,9.43375015258789,,,579.3384399414062,,
2019-05-20,727.1171264648438,7.451250076293945,9.21500015258789,,,578.0413818359375,,
2019-05-21,729.411376953125,7.462500095367432,9.300000190734863,,,580.535888671875,,
2019-05-22,729.411376953125,7.462500095367432,9.255000114440918,,,572.7030029296875,,
2019-05-23,719.2376098632812,7.347499847412109,9.0625,,,562.1759643554688,,
2019-05-24,723.9254150390625,7.320000171661377,9.104999542236328,,,564.7702026367188,,
2019-05-28,722.1300659179688,7.361249923706055,9.109999656677246,,,561.2779541015625,,
2019-05-29,715.0484619140625,7.21750020980835,8.975000381469727,,,560.0806274414062,,
2019-05-30,719.0380249023438,7.277500152587891,9.042499542236328,,,561.6768798828125,,
2019-05-31,712.9537353515625,7.212500095367432,8.975000381469727,,,562.4750366210938,,
2019-06-03,715.34765625,7.141250133514404,8.90999984741211,,,560.3797607421875,,
2019-06-04,718.33984375,7.232500076293945,8.984999656677246,,,559.1324462890625,,
2019-06-05,718.7387084960938,7.287499904632568,9.1225004196167,,,565.368896484375,,
2019-06-06,723.7257080078125,7.317500114440918,9.202500343322754,,,563.8721313476562,,
2019-06-07,730.9071044921875,7.46999979019165,9.454999923706055,,,564.869873046875,,
2019-06-10,735.3956909179688,7.597499847412109,9.612500190734863,,,569.4599609375,,
2019-06-11,737.0912475585938,7.572500228881836,9.52750015258789,,,568.2626342773438,,
2019-06-12,733.9992065429688,7.56374979019165,9.467499732971191,,,565.917724609375,,
2019-06-13,724.129150390625,7.619999885559082,9.494999885559082,,,568.0629272460938,,
2019-06-14,722.4331665039062,7.642499923706055,9.4375,,,566.6162109375,,
2019-06-17,723.4306030273438,7.675000190734863,9.456250190734863,,,569.4599609375,,
2019-06-18,731.9099731445312,7.752500057220459,9.630000114440918,,,570.35791015625,,
2019-06-19,727.7200317382812,7.702499866485596,9.619999885559082,,,566.5662841796875,,
2019-06-20,730.41357421875,7.755000114440918,9.755000114440918,,,564.3710327148438,,
2019-06-21,728.8173828125,7.773749828338623,9.787500381469727,,,566.167236328125,,
2019-06-24,729.914794921875,7.733749866485596,9.772500038146973,,,564.9697875976562,,
2019-06-25,730.313720703125,7.6875,9.672499656677246,,,566.8658447265625,,
2019-06-26,729.6154174804688,7.683750152587891,9.72249984741211,,,563.3233032226562,,
2019-06-27,728.7175903320312,7.684999942779541,9.682499885559082,,,560.2799682617188,,
2019-06-28,731.61083984375,7.735000133514404,9.697500228881836,,,566.7161865234375,,
2019-07-01,738.7930297851562,7.796249866485596,9.880000114440918,,,571.9547119140625,,
2019-07-02,744.2797241210938,7.78000020980835,9.866250038146973,,,573.2518920898438,,
2019-07-03,749.3672485351562,7.871250152587891,9.9350004196167,,,577.0933227539062,,
2019-07-04,749.267578125,7.897500038146973,9.994999885559082,,,581.9328002929688,,
2019-07-05,744.0802612304688,7.856249809265137,9.890000343322754,,,579.4882202148438,,
2019-07-08,743.4817504882812,7.894999980926514,9.84000015258789,,,578.390625,,
2019-07-09,741.8857421875,7.909999847412109,9.859999656677246,,,581.48388671875,,
2019-07-10,741.9853515625,7.93625020980835,9.967499732971191,,,576.843994140625,,
2019-07-11,739.8905029296875,7.997499942779541,10.045000076293945,,,574.7484130859375,,
2019-07-12,739.491455078125,8.039999961853027,10.045000076293945,,,575.247314453125,,
2019-07-15,742.3843994140625,8.0600004196167,10.104999542236328,,,574.7484130859375,,
2019-07-16,746.1751098632812,8.081250190734863,10.079999923706055,,,571.7548828125,,
2019-07-17,741.9853515625,8.0287504196167,10.029999732971191,,,573.3516235351562,,
2019-07-18,737.6957397460938,7.945000171661377,9.984999656677246,,,573.2019653320312,,
2019-07-19,739.591064453125,7.994999885559082,10.130000114440918,,,572.0045776367188,,
2019-07-22,740.5888061523438,7.912499904632568,10.1274995803833,,,568.9611206054688,,
2019-07-23,744.2797241210938,7.945000171661377,10.15999984741211,,,571.555419921875,,
2019-07-24,739.491455078125,7.987500190734863,10.217499732971191,,,574.9482421875,,
2019-07-25,738.3943481445312,8.013750076293945,10.22249984741211,,,576.2950439453125,,
2019-07-26,744.7783813476562,7.980000019073486,10.2524995803833,,,572.6032104492188,,
2019-07-29,758.046142578125,7.932499885559082,10.25,,,573.1019897460938,,
2019-07-30,753.7564086914062,7.90500020980835,10.207500457763672,,,566.217041015625,,
2019-07-31,747.8709716796875,7.87375020980835,10.22249984741211,,,551.0499877929688,,
2019-08-01,747.8709716796875,7.892499923706055,10.244999885559082,,,545.9110717773438,,
2019-08-02,729.8148803710938,7.627500057220459,9.765000343322754,,,543.3169555664062,,
2019-08-05,712.0587158203125,7.461249828338623,9.4975004196167,,,531.2432250976562,,
2019-08-06,707.4697875976562,7.445000171661377,9.470000267028809,,,532.3408203125,,
2019-08-07,709.7642211914062,7.481249809265137,9.550000190734863,,,533.8375854492188,,
2019-08-08,722.5330200195312,7.664999961853027,9.8149995803833,,,538.377685546875,,
2019-08-09,719.1412963867188,7.606249809265137,9.692500114440918,,,540.6227416992188,,
2019-08-12,716.44775390625,7.543749809265137,9.667499542236328,,,536.1325073242188,,
2019-08-13,719.0414428710938,7.619999885559082,9.801250457763672,,,535.6334228515625,,
2019-08-14,708.4674072265625,7.458749771118164,9.625,,,533.9871826171875,,
2019-08-15,702.78125,7.401249885559082,9.532500267028809,,,530.4449462890625,,
2019-08-16,708.4674072265625,7.487500190734863,9.704999923706055,,,533.4362182617188,,
2019-08-19,715.2506103515625,7.59250020980835,9.890000343322754,,,538.7252197265625,,
2019-08-20,708.8663330078125,7.616250038146973,9.887499809265137,,,535.4821166992188,,
2019-08-21,716.7470703125,7.699999809265137,9.960000038146973,,,542.0184936523438,,
2019-08-22,709.2653198242188,7.683750152587891,9.864999771118164,,,544.3135986328125,,
2019-08-23,706.6717529296875,7.557499885559082,9.692500114440918,,,550.3508911132812,,
2019-08-27,705.6741333007812,7.570000171661377,9.702500343322754,,,556.7376098632812,,
2019-08-28,708.7666015625,7.602499961853027,9.6899995803833,,,554.2427978515625,,
2019-08-29,715.8491821289062,7.739999771118164,9.885000228881836,,,554.0432739257812,,
2019-08-30,717.3456420898438,7.682499885559082,9.854999542236328,,,556.8872680664062,,
2019-09-02,725.5256958007812,7.662499904632568,9.831250190734863,,,559.681396484375,,
2019-09-03,723.131591796875,7.683750152587891,9.774999618530273,,,556.5380859375,,
2019-09-04,727.9197998046875,7.722499847412109,9.912500381469727,,,561.7272338867188,,
2019-09-05,725.1265869140625,7.877500057220459,10.135000228881836,,,559.681396484375,,
2019-09-06,726.3235473632812,7.913750171661377,10.130000114440918,,,562.6251831054688,,
2019-09-09,721.4356079101562,7.942500114440918,10.109999656677246,,,559.3321533203125,,
2019-09-10,724.6278686523438,7.840000152587891,9.914999961853027,,,561.5775146484375,,
2019-09-11,731.4111938476562,7.911250114440918,10.055000305175781,,,573.9017333984375,,
2019-09-12,722.5269165039062,7.96999979019165,10.15999984741211,,,570.9080810546875,,
2019-09-13,725.3203125,7.972499847412109,10.114999771118164,,,578.641845703125,,
2019-09-16,720.8307495117188,7.861249923706055,10.055000305175781,,,570.2095947265625,,
2019-09-17,720.4317626953125,7.848750114440918,10.055000305175781,,,575.4984130859375,,
2019-09-18,719.5338134765625,7.857500076293945,10.074999809265137,,,581.1865844726562,,
2019-09-19,724.6220703125,7.896249771118164,10.194999694824219,,,582.98291015625,,
2019-09-20,722.2274780273438,7.84499979019165,10.114999771118164,,,584.3301391601562,,
2019-09-23,721.3297119140625,7.801249980926514,10.045000076293945,,,584.8788452148438,,
2019-09-24,717.1392822265625,7.769999980926514,10.045000076293945,,,581.1865844726562,,
2019-09-25,717.3388671875,7.737500190734863,9.9399995803833,,,584.7789916992188,,
2019-09-26,723.5245361328125,7.706250190734863,10.010000228881836,,,592.5629272460938,,
2019-09-27,731.1070556640625,7.75,10.050000190734863,,,594.20947265625,,
2019-09-30,729.311279296875,7.74875020980835,10.03499984741211,,,594.8580932617188,,
2019-10-01,724.0234375,7.744999885559082,10.045000076293945,,,592.3632202148438,,
2019-10-02,700.4779052734375,7.557499885559082,9.727499961853027,,,582.3841552734375,,
2019-10-03,697.0858154296875,7.550000190734863,9.802499771118164,,,583.9807739257812,,
2019-10-04,705.3665771484375,7.643750190734863,9.994999885559082,,,588.5712890625,,
2019-10-07,709.1577758789062,7.667500019073486,10.045000076293945,,,586.9746704101562,,
2019-10-08,703.770263671875,7.585000038146973,9.864999771118164,,,579.7894897460938,,
2019-10-09,706.1646728515625,7.610000133514404,9.932499885559082,,,581.0368041992188,,
2019-10-10,708.6590576171875,7.695000171661377,10.050000190734863,,,584.08056640625,,
2019-10-11,714.7448120117188,7.816249847412109,10.244999885559082,,,613.86865234375,,
2019-10-14,711.6519775390625,7.738749980926514,10.175000190734863,,,609.9266967773438,,
2019-10-15,711.2529296875,7.815000057220459,10.270000457763672,,,624.8953857421875,,
2019-10-16,706.3641357421875,7.852499961853027,10.1899995803833,,,622.1012573242188,,
2019-10-17,708.3595581054688,7.889999866485596,10.154999732971191,,,628.1883544921875,,
2019-10-18,705.46630859375,7.875,10.104999542236328,,,630.5833740234375,,
2019-10-21,706.4639282226562,7.897500038146973,10.154999732971191,,,635.5230712890625,,
2019-10-22,712.1510009765625,7.875,10.170000076293945,,,635.6229858398438,,
2019-10-23,715.9420166015625,7.8125,10.039999961853027,,,632.2798461914062,,
2019-10-24,723.7241821289062,7.823750019073486,10.210000038146973,,,629.9846801757812,,
2019-10-25,722.3272094726562,7.802499771118164,10.34000015258789,,,620.6044311523438,,
2019-10-28,723.3250122070312,7.822500228881836,10.430000305175781,,,625.9930419921875,,
2019-10-29,720.8307495117188,7.807499885559082,10.430000305175781,,,629.385986328125,,
2019-10-30,723.9235229492188,7.764999866485596,10.385000228881836,,,628.9367065429688,,
2019-10-31,715.7426147460938,7.768750190734863,10.395000457763672,,,626.5918579101562,,
2019-11-01,720.8307495117188,7.829999923706055,10.489999771118164,,,622.30078125,,
2019-11-04,727.3157348632812,7.847499847412109,10.604999542236328,,,621.4026489257812,,
2019-11-05,729.1116333007812,7.852499961853027,10.600000381469727,,,620.6044311523438,,
2019-11-06,729.8097534179688,7.848750114440918,10.574999809265137,,,617.16162109375,,
2019-11-07,731.3063354492188,7.852499961853027,10.725000381469727,,,614.2175903320312,,
2019-11-08,727.1163330078125,7.796249866485596,10.649999618530273,,,610.7249755859375,,
2019-11-11,722.6267700195312,7.777500152587891,10.710000038146973,,,613.5191650390625,,
2019-11-12,726.3180541992188,7.823750019073486,10.795000076293945,,,616.8121337890625,,
2019-11-13,725.420166015625,7.767499923706055,10.774999618530273,,,612.8204345703125,,
2019-11-14,721.1301879882812,7.789999961853027,10.755000114440918,,,612.4673461914062,,
2019-11-15,721.6287841796875,7.8125,10.869999885559082,,,616.6588745117188,,
2019-11-18,722.5269165039062,7.820000171661377,10.875,,,624.3434448242188,,
2019-11-19,724.2228393554688,7.760000228881836,10.9350004196167,,,626.2396850585938,,
2019-11-20,718.6359252929688,7.764999866485596,10.895000457763672,,,622.74658203125,,
2019-11-21,715.9420166015625,7.71999979019165,10.805000305175781,,,615.7606201171875,,
2019-11-22,725.1207885742188,7.71875,10.78499984741211,,,617.2577514648438,,
2019-11-25,731.8053588867188,7.804999828338623,10.920000076293945,,,622.2477416992188,,
2019-11-26,732.7033081054688,7.863749980926514,10.96500015258789,,,629.0836791992188,,
2019-11-27,735.09765625,7.93625020980835,10.994999885559082,,,634.2235717773438,,
2019-11-28,734.6987915039062,7.9375,11.015000343322754,,,640.4110717773438,,
2019-11-29,727.6151123046875,7.909999847412109,10.989999771118164,,,635.470947265625,,
2019-12-02,721.6287841796875,7.817500114440918,10.800000190734863,,,626.1398315429688,,
2019-12-03,709.0579833984375,7.707499980926514,10.640000343322754,,,626.4390869140625,,
2019-12-04,711.7517700195312,7.798749923706055,10.805000305175781,,,626.2396850585938,,
2019-12-05,706.2645874023438,7.769999980926514,10.800000190734863,,,632.3272705078125,,
2019-12-06,717.0394897460938,7.835000038146973,10.9350004196167,,,643.1056518554688,,
2019-12-09,716.2413330078125,7.853750228881836,10.920000076293945,,,644.452880859375,,
2019-12-10,714.3458251953125,7.838749885559082,10.930000305175781,,,641.2093505859375,,
2019-12-11,714.2460327148438,7.815000057220459,10.9350004196167,,,630.5807495117188,,
2019-12-12,714.3067016601562,7.891250133514404,11.010000228881836,,,625.2415771484375,,
2019-12-13,721.5903930664062,7.880000114440918,11.119999885559082,,,650.5904541015625,,
2019-12-16,738.552490234375,7.949999809265137,11.295000076293945,,,657.2769165039062,,
2019-12-17,738.452880859375,7.988749980926514,11.234999656677246,,,645.2015380859375,,
2019-12-18,740.7476806640625,8.00374984741211,11.262499809265137,,,644.9019165039062,,
2019-12-19,744.3396606445312,8.007499694824219,11.270000457763672,,,648.9935913085938,,
2019-12-20,744.7387084960938,8.037500381469727,11.385000228881836,,,645.4010009765625,,
2019-12-23,748.6299438476562,8.03125,11.4350004196167,,,647.49658203125,,
2019-12-24,750.4260864257812,8.026249885559082,11.425000190734863,,,654.6322631835938,,
2019-12-27,752.1222534179688,8.182499885559082,11.529999732971191,,,659.3728637695312,,
2019-12-30,746.3352661132812,8.100000381469727,11.404999732971191,,,664.1632080078125,,
2019-12-31,742.5437622070312,8.09000015258789,11.414999961853027,,,663.4146728515625,,
2020-01-02,747.7321166992188,8.141249656677246,11.574999809265137,,,665.90966796875,,
2020-01-03,750.3262939453125,8.132499694824219,11.569999694824219,,,664.4625244140625,,
2020-01-06,745.137939453125,8.140000343322754,11.53499984741211,,,655.7301635742188,,
2020-01-07,745.0380859375,8.15250015258789,11.609999656677246,,,657.3269653320312,,
2020-01-08,744.8385009765625,8.192500114440918,11.630000114440918,,,648.744384765625,,
2020-01-09,746.8340454101562,8.227499961853027,11.819999694824219,,,642.75634765625,,
2020-01-10,745.9360961914062,8.208749771118164,11.850000381469727,,,642.5069580078125,,
2020-01-13,749.0292358398438,8.186249732971191,11.885000228881836,,,642.0078125,,
2020-01-14,749.9271850585938,8.1899995803833,11.920000076293945,,,644.502685546875,,
2020-01-15,751.8228149414062,8.170000076293945,11.9399995803833,,,646.698486328125,,
2020-01-16,749.3284301757812,8.217499732971191,11.984999656677246,,,650.2911987304688,,
2020-01-17,754.61669921875,8.2524995803833,12.085000038146973,,,657.6763305664062,,
2020-01-20,752.8206176757812,8.248749732971191,12.135000228881836,,,655.1812133789062,,
2020-01-21,749.1289672851562,8.237500190734863,12.1850004196167,,,649.891845703125,,
2020-01-22,744.7387084960938,8.272500038146973,12.244999885559082,,,652.636474609375,,
2020-01-23,738.552490234375,8.204999923706055,12.164999961853027,,,649.7918701171875,,
2020-01-24,746.6344604492188,8.1899995803833,12.3149995803833,,,658.8237915039062,,
2020-01-27,729.8717651367188,8.017499923706055,11.895000457763672,,,645.2015380859375,,
2020-01-28,736.2575073242188,8.125,12.095000267028809,,,649.2931518554688,,
2020-01-29,736.4572143554688,8.119999885559082,12.180000305175781,,,652.8359985351562,,
2020-01-30,726.87841796875,8.047499656677246,12.135000228881836,,,648.5945434570312,,
2020-01-31,717.1004028320312,8.210000038146973,12.03499984741211,,,645.800048828125,,
2020-02-03,721.4905395507812,8.265000343322754,12.029999732971191,,,645.0016479492188,,
2020-02-04,732.0670776367188,8.329999923706055,12.404999732971191,,,648.744384765625,,
2020-02-05,735.6588134765625,8.37125015258789,12.414999961853027,,,647.3969116210938,,
2020-02-06,739.1512451171875,8.396249771118164,12.550000190734863,,,646.498779296875,,
2020-02-07,735.0602416992188,8.373749732971191,12.555000305175781,,,647.8960571289062,,
2020-02-10,733.0648193359375,8.420000076293945,12.529999732971191,,,654.283203125,,
2020-02-11,737.6546020507812,8.552499771118164,12.6899995803833,,,657.17724609375,,
2020-02-12,741.4461059570312,8.604999542236328,12.6899995803833,,,659.9716186523438,,
2020-02-13,735.3598022460938,8.5912504196167,12.744999885559082,,,653.3176879882812,,
2020-02-14,730.7698364257812,8.5912504196167,12.75,,,666.9907836914062,,
2020-02-17,732.9649658203125,8.602499961853027,12.8100004196167,,,660.054443359375,,
2020-02-18,727.8763427734375,8.538749694824219,12.649999618530273,,,659.206298828125,,
2020-02-19,735.3598022460938,8.643750190734863,12.854999542236328,,,660.9027099609375,,
2020-02-20,734.4617309570312,8.568750381469727,12.579999923706055,,,657.509521484375,,
2020-02-21,731.66796875,8.516249656677246,12.515000343322754,,,656.7110595703125,,
2020-02-24,706.7238159179688,8.1875,11.96500015258789,,,646.7305908203125,,
2020-02-25,692.255859375,8.100000381469727,11.734999656677246,,,638.7461547851562,,
2020-02-26,695.0494384765625,8.076250076293945,11.765000343322754,,,628.5663452148438,,
2020-02-27,675.1939697265625,7.743750095367432,11.210000038146973,,,603.3157348632812,,
2020-02-28,652.3448486328125,7.448750019073486,10.895000457763672,,,584.1533813476562,,
2020-03-02,660.2272338867188,7.637499809265137,11.345000267028809,,,583.95361328125,,
2020-03-03,666.8125610351562,7.68625020980835,11.484999656677246,,,605.711181640625,,
2020-03-04,676.091796875,7.702499866485596,11.460000038146973,,,605.3616333007812,,
2020-03-05,666.8125610351562,7.735000133514404,11.5649995803833,,,596.2296142578125,,
2020-03-06,642.9658813476562,7.440000057220459,11.0600004196167,,,584.1533813476562,,
2020-03-09,592.977294921875,7.147500038146973,10.520000457763672,,,553.4137573242188,,
2020-03-10,591.7799682617188,7.137499809265137,10.454999923706055,,,551.0184936523438,,
2020-03-11,583.7976684570312,7.117499828338623,10.574999809265137,,,553.513427734375,,
2020-03-12,516.6039428710938,6.433750152587891,9.545000076293945,,,502.5137634277344,,
2020-03-13,527.9797973632812,6.329999923706055,9.699999809265137,,,503.8111572265625,,
2020-03-16,507.0241394042969,6.168749809265137,9.65999984741211,,,471.0753173828125,,
2020-03-17,518.8989868164062,6.127500057220459,9.5600004196167,,,443.62921142578125,,
2020-03-18,499.34039306640625,5.742499828338623,9.1875,,,418.77801513671875,,
2020-03-19,507.4231872558594,5.983749866485596,9.28499984741211,,,413.3387145996094,,
2020-03-20,511.11541748046875,5.982500076293945,9.3149995803833,,,437.0421447753906,,
2020-03-23,491.75653076171875,5.793749809265137,8.755000114440918,,,424.816162109375,,
2020-03-24,535.8630981445312,6.363749980926514,9.694999694824219,,,462.3424987792969,,
2020-03-25,560.21142578125,6.581250190734863,9.9350004196167,,,476.3649597167969,,
2020-03-26,572.1859130859375,6.736249923706055,10.199999809265137,,,480.25732421875,,
2020-03-27,543.6463623046875,6.519999980926514,9.96500015258789,,,472.02349853515625,,
2020-03-30,548.13671875,6.646249771118164,10.25,,,464.88751220703125,,
2020-03-31,556.818603515625,6.648749828338623,10.399999618530273,,,475.8410339355469,,
2020-04-01,535.5635375976562,6.333749771118164,9.854999542236328,,,456.5538635253906,,
2020-04-02,538.1580200195312,6.262499809265137,9.774999618530273,,,458.0010070800781,,
2020-04-03,531.9712524414062,6.152500152587891,9.720000267028809,,,447.2221984863281,,
2020-04-06,548.3364868164062,6.514999866485596,10.255000114440918,,,466.18499755859375,,
2020-04-07,560.0117797851562,6.849999904632568,10.6850004196167,,,482.4530334472656,,
2020-04-08,558.3153686523438,6.931250095367432,10.654999732971191,,,497.7231140136719,,
2020-04-09,573.3833618164062,7.083749771118164,10.72249984741211,,,516.6857299804688,,
2020-04-14,568.6932983398438,7.309999942779541,11.055000305175781,,,505.4079284667969,,
2020-04-15,548.7357177734375,7.1875,10.920000076293945,,,487.04400634765625,,
2020-04-16,553.7252197265625,7.389999866485596,11.029999732971191,,,481.50494384765625,,
2020-04-17,569.0925903320312,7.446249961853027,11.100000381469727,,,494.878662109375,,
2020-04-20,572.1859130859375,7.558750152587891,11.154999732971191,,,489.66387939453125,,
2020-04-21,553.824951171875,7.204999923706055,10.550000190734863,,,479.50885009765625,,
2020-04-22,567.6954956054688,7.361249923706055,10.845000267028809,,,482.15362548828125,,
2020-04-23,573.0840454101562,7.488749980926514,11.055000305175781,,,486.5449523925781,,
2020-04-24,565.8992919921875,7.433750152587891,10.925000190734863,,,482.42803955078125,,
2020-04-27,574.9799194335938,7.670000076293945,11.227499961853027,,,484.44903564453125,,
2020-04-28,585.9564819335938,7.658750057220459,11.21500015258789,,,494.1300964355469,,
2020-04-29,600.9249267578125,7.838749885559082,11.460000038146973,,,510.5478210449219,,
2020-04-30,580.5682983398438,7.763750076293945,11.489999771118164,,,499.36981201171875,,
2020-05-01,566.0986328125,7.486249923706055,11.260000228881836,,,489.7137756347656,,
2020-05-04,564.3025512695312,7.463749885559082,11.194999694824219,,,479.3840637207031,,
2020-05-05,574.3812866210938,7.617499828338623,11.515000343322754,,,482.55291748046875,,
2020-05-06,574.3812866210938,7.585000038146973,11.602499961853027,,,475.6164855957031,,
2020-05-07,583.5617065429688,7.672500133514404,11.725000381469727,,,483.3262634277344,,
2020-05-11,584.1605834960938,7.784999847412109,11.920000076293945,,,484.3992614746094,,
2020-05-12,589.3494873046875,7.809999942779541,11.975000381469727,,,465.46142578125,,
2020-05-13,579.8694458007812,7.587500095367432,11.640000343322754,,,457.0528564453125,,
2020-05-14,565.6995239257812,7.482500076293945,11.460000038146973,,,438.92120361328125,,
2020-05-15,571.587158203125,7.606249809265137,11.5,,,445.6334533691406,,
2020-05-18,595.6362915039062,8.001250267028809,12.029999732971191,,,460.43048095703125,,
2020-05-19,591.3450927734375,8.0625,12.149999618530273,,,465.32122802734375,,
2020-05-20,597.4321899414062,8.069999694824219,12.244999885559082,,,459.20782470703125,,
2020-05-21,592.4429321289062,8.018750190734863,12.077500343322754,,,460.4554443359375,,
2020-05-22,589.9482421875,8.024999618530273,12.020000457763672,,,460.1310729980469,,
2020-05-26,597.6319580078125,8.227499961853027,12.1850004196167,,,477.0740661621094,,
2020-05-27,604.6170654296875,8.175000190734863,11.917499542236328,,,488.92669677734375,,
2020-05-28,612.5003051757812,8.331250190734863,12.210000038146973,,,496.5123596191406,,
2020-05-29,597.5320434570312,8.192500114440918,12.114999771118164,,,494.6908264160156,,
2020-06-01,607.6107788085938,8.307499885559082,12.229999542236328,,,501.0538024902344,,
2020-06-02,612.4004516601562,8.328749656677246,12.234999656677246,,,517.4228515625,,
2020-06-03,628.3665771484375,8.523750305175781,12.449999809265137,,,532.1951293945312,,
2020-06-04,624.1754760742188,8.507499694824219,12.430000305175781,,,532.244873046875,,
2020-06-05,638.2456665039062,8.697500228881836,12.699999809265137,,,538.5829467773438,,
2020-06-08,636.649169921875,8.762499809265137,12.664999961853027,,,537.7844848632812,,
2020-06-09,623.3772583007812,8.786250114440918,12.835000038146973,,,520.5169677734375,,
2020-06-10,621.980224609375,8.748749732971191,12.984999656677246,,,508.2901306152344,,
2020-06-11,594.37939453125,8.513750076293945,12.694999694824219,,,494.4162902832031,,
2020-06-12,596.774658203125,8.286250114440918,12.392499923706055,,,507.4417724609375,,
2020-06-15,592.9823608398438,8.257499694824219,12.354999542236328,,,507.4417724609375,,
2020-06-16,610.9453735351562,8.5649995803833,12.854999542236328,,,517.223388671875,,
2020-06-17,612.2428588867188,8.607500076293945,12.887499809265137,,,521.2157592773438,,
2020-06-18,608.3508911132812,8.576250076293945,12.890000343322754,,,516.5745239257812,,
2020-06-19,615.4362182617188,8.62874984741211,12.994999885559082,,,515.2269897460938,,
2020-06-22,610.7459716796875,8.520000457763672,12.942500114440918,,,509.63763427734375,,
2020-06-23,617.9310913085938,8.717499732971191,13.227499961853027,,,509.0386962890625,,
2020-06-24,599.26953125,8.5024995803833,12.890000343322754,,,494.7906494140625,,
2020-06-25,601.5647583007812,8.436249732971191,12.800000190734863,,,494.0669860839844,,
2020-06-26,602.862060546875,8.443750381469727,12.805000305175781,,,496.46246337890625,,
2020-06-29,609.0493774414062,8.4087495803833,12.8149995803833,,,497.06134033203125,,
2020-06-30,603.1616821289062,8.523750305175781,13.039999961853027,,,494.7157287597656,,
2020-07-01,602.6624755859375,8.606249809265137,13.132499694824219,,,501.0538024902344,,
2020-07-02,610.8455200195312,8.74625015258789,13.265000343322754,,,507.8409118652344,,
2020-07-03,603.1616821289062,8.7212495803833,13.229999542236328,,,504.746826171875,,
2020-07-06,615.4362182617188,8.948749542236328,13.5,,,510.53582763671875,,
2020-07-07,606.255126953125,8.976249694824219,13.529999732971191,,,501.852294921875,,
2020-07-08,602.462890625,8.852499961853027,13.390000343322754,,,499.8560791015625,,
2020-07-09,593.1820068359375,8.881250381469727,13.4350004196167,,,494.1168212890625,,
2020-07-10,597.3732299804688,9.041250228881836,13.515000343322754,,,499.9559020996094,,
2020-07-13,605.6564331054688,9.328749656677246,13.734999656677246,,,503.6986999511719,,
2020-07-14,605.5564575195312,8.951250076293945,13.260000228881836,,,499.35693359375,,
2020-07-15,616.833251953125,9.068750381469727,13.489999771118164,,,498.50860595703125,,
2020-07-16,612.64208984375,9.011249542236328,13.260000228881836,,,491.9708557128906,,
2020-07-17,616.3344116210938,9.039999961853027,13.350000381469727,,,494.2167663574219,,
2020-07-20,613.6400146484375,9.102499961853027,13.600000381469727,,,497.1112365722656,,
2020-07-21,614.2386474609375,9.243749618530273,13.6850004196167,,,498.1093444824219,,
2020-07-22,608.6502075195312,9.2524995803833,13.6850004196167,,,501.0538024902344,,
2020-07-23,609.1492919921875,9.257499694824219,13.6850004196167,,,499.656494140625,,
2020-07-24,600.8660888671875,9.176250457763672,13.270000457763672,,,490.8231201171875,,
2020-07-27,598.9700927734375,9.1537504196167,13.295000076293945,,,484.83441162109375,,
2020-07-28,601.6647338867188,9.203749656677246,13.354999542236328,,,492.94415283203125,,
2020-07-29,601.9638671875,9.188750267028809,13.404999732971191,,,501.25335693359375,,
2020-07-30,588.3916015625,9.177499771118164,13.425000190734863,,,497.0113525390625,,
2020-07-31,579.6098022460938,9.27750015258789,13.630000114440918,,,503.6488342285156,,
2020-08-03,592.1838989257812,9.2475004196167,14.109999656677246,,,505.9945373535156,,
2020-08-04,592.68310546875,9.288749694824219,14.140000343322754,,,508.3401184082031,,
2020-08-05,599.26953125,9.398750305175781,14.25,,,517.4228515625,,
2020-08-06,592.9823608398438,9.431249618530273,14.255000114440918,,,511.4342346191406,,
2020-08-07,593.28173828125,9.478750228881836,14.345000267028809,,,511.4841003417969,,
2020-08-10,595.2777099609375,9.543749809265137,14.135000228881836,,,511.3343811035156,,
2020-08-11,604.7581787109375,9.661250114440918,14.15999984741211,,,514.2289428710938,,
2020-08-12,617.2325439453125,9.636249542236328,14.21500015258789,,,510.4859924316406,,
2020-08-13,609.9476318359375,9.733750343322754,14.3149995803833,,,508.55804443359375,,
2020-08-14,600.8660888671875,9.68375015258789,14.244999885559082,,,507.16064453125,,
2020-08-17,604.0595703125,9.768750190734863,14.345000267028809,,,509.8556213378906,,
2020-08-18,599.1697998046875,9.863750457763672,14.380000114440918,,,500.2235107421875,,
2020-08-19,602.462890625,9.896249771118164,14.470000267028809,,,493.9601135253906,,
2020-08-20,593.9805297851562,9.823749542236328,14.46500015258789,,,502.96844482421875,,
2020-08-21,592.9823608398438,9.861249923706055,14.680000305175781,,,510.00543212890625,,
2020-08-24,602.1637573242188,9.976249694824219,14.819999694824219,,,508.8575439453125,,
2020-08-25,595.2777099609375,10.042499542236328,14.864999771118164,,,502.4693603515625,,
2020-08-26,596.774658203125,10.107500076293945,15.1850004196167,,,510.10516357421875,,
2020-08-27,592.78271484375,10.175000190734863,15.324999809265137,,,507.0109558105469,,
2020-08-28,588.7911376953125,10.167499542236328,15.369999885559082,,,507.5599060058594,,
2020-09-01,579.2107543945312,10.229999542236328,15.609999656677246,,,499.674560546875,,
2020-09-02,586.8947143554688,10.300000190734863,15.739999771118164,,,504.26605224609375,,
2020-09-03,578.1129150390625,10.077500343322754,15.085000038146973,,,502.66900634765625,,
2020-09-04,573.222900390625,9.779999732971191,14.375,,,493.4360656738281,,
2020-09-07,586.99462890625,9.956250190734863,14.680000305175781,,,496.9545593261719,,
2020-09-08,585.497802734375,9.87874984741211,14.329999923706055,,,500.4729919433594,,
2020-09-09,594.2797241210938,9.9712495803833,14.520000457763672,,,503.01837158203125,,
2020-09-10,593.28173828125,10.067500114440918,14.579999923706055,,,496.4304504394531,,
2020-09-11,595.5770263671875,9.873749732971191,14.204999923706055,,,491.6393737792969,,
2020-09-14,595.776611328125,9.976249694824219,14.454999923706055,,,495.73175048828125,,
2020-09-15,603.2612915039062,9.99625015258789,14.65999984741211,,,496.380615234375,,
2020-09-16,600.6666259765625,10.022500038146973,14.574999809265137,,,500.5229187011719,,
2020-09-17,592.340087890625,9.811249732971191,14.220000267028809,,,506.6117248535156,,
2020-09-18,587.5496215820312,9.694999694824219,14.010000228881836,,,495.9814147949219,,
2020-09-21,568.5866088867188,9.367500305175781,13.725000381469727,,,479.8113708496094,,
2020-09-22,570.183837890625,9.619999885559082,14.0600004196167,,,479.3622131347656,,
2020-09-23,577.0699462890625,9.761249542236328,14.164999961853027,,,475.9185485839844,,
2020-09-24,570.5827026367188,9.59375,14.010000228881836,,,471.62646484375,,
2020-09-25,572.0797729492188,9.617500305175781,14.135000228881836,,,472.22540283203125,,
2020-09-28,580.2637939453125,9.888750076293945,14.460000038146973,,,489.6181335449219,,
2020-09-29,577.269775390625,9.880000114440918,14.524999618530273,,,475.84368896484375,,
2020-09-30,574.7745971679688,10.017499923706055,14.6899995803833,,,480.4101867675781,,
2020-10-01,576.7706909179688,10.037500381469727,14.800000190734863,,,487.2974548339844,,
2020-10-02,578.7667846679688,9.991250038146973,14.520000457763672,,,489.0941162109375,,
2020-10-05,582.9585571289062,10.095000267028809,14.625,,,493.9601135253906,,
2020-10-06,583.95654296875,10.0649995803833,14.664999961853027,,,501.720703125,,
2020-10-07,584.0564575195312,10.117500305175781,14.720000267028809,,,494.3344421386719,,
2020-10-08,586.8507080078125,10.177499771118164,14.800000190734863,,,496.6301574707031,,
2020-10-09,590.6436157226562,10.302499771118164,15.0,,,502.11993408203125,,
2020-10-12,589.2462768554688,10.542499542236328,15.399999618530273,,,504.26605224609375,,
2020-10-13,586.252197265625,10.572500228881836,15.550000190734863,,,494.40924072265625,,
2020-10-14,582.9585571289062,10.47249984741211,15.359999656677246,,,493.38616943359375,,
2020-10-15,573.1777954101562,10.342499732971191,15.114999771118164,,,491.4397277832031,,
2020-10-16,581.6611328125,10.442500114440918,15.244999885559082,,,482.3066711425781,,
2020-10-19,578.86669921875,10.3100004196167,15.154999732971191,,,486.64874267578125,,
2020-10-20,578.1680297851562,10.272500038146973,14.904999732971191,,,492.1634216308594,,
2020-10-21,567.6884155273438,10.192500114440918,14.9350004196167,,,491.6393737792969,,
2020-10-22,568.5866088867188,10.145000457763672,14.78499984741211,,,493.0867004394531,,
2020-10-23,575.8724365234375,10.207500457763672,14.755000114440918,,,498.40191650390625,,
2020-10-26,569.1856079101562,10.107500076293945,14.470000267028809,,,492.6875305175781,,
2020-10-27,562.798095703125,10.147500038146973,14.585000038146973,,,484.65234375,,
2020-10-28,549.2245483398438,9.9087495803833,14.09000015258789,,,471.8261413574219,,
2020-10-29,548.7256469726562,9.8774995803833,14.194999694824219,,,470.6033630371094,,
2020-10-30,548.7256469726562,9.681249618530273,13.892499923706055,,,475.6191101074219,,
2020-11-02,556.4107055664062,9.671250343322754,13.925000190734863,,,474.4212951660156,,
2020-11-03,568.5866088867188,9.888750076293945,14.260000228881836,,,484.6024475097656,,
2020-11-04,578.6669311523438,10.207500457763672,14.692500114440918,,,493.3362731933594,,
2020-11-05,580.3635864257812,10.397500038146973,15.15999984741211,,,500.97210693359375,,
2020-11-06,581.361572265625,10.287500381469727,15.170000076293945,,,495.9065246582031,,
2020-11-09,608.8079223632812,10.4399995803833,15.625,,,527.2734375,,
2020-11-10,618.6886596679688,10.140000343322754,14.890000343322754,,,528.820556640625,,
2020-11-11,627.6710815429688,10.257499694824219,15.140000343322754,,,545.48974609375,,
2020-11-12,622.78076171875,10.180000305175781,15.145000457763672,,,540.6184692382812,,
2020-11-13,620.6847534179688,10.197500228881836,15.077500343322754,,,536.4262084960938,,
2020-11-16,631.064453125,10.362500190734863,15.335000038146973,,,545.7093505859375,,
2020-11-17,625.7747802734375,10.354999542236328,15.25,,,544.4115600585938,,
2020-11-18,627.1720581054688,10.407500267028809,15.244999885559082,,,543.06396484375,,
2020-11-19,622.980224609375,10.300000190734863,15.125,,,537.2247924804688,,
2020-11-20,624.4774169921875,10.327500343322754,15.220000267028809,,,532.6331176757812,,
2020-11-23,623.1799926757812,10.3149995803833,14.954999923706055,,,531.0359497070312,,
2020-11-24,632.0625,10.512499809265137,15.202500343322754,,,536.1265258789062,,
2020-11-25,628.3695068359375,10.539999961853027,15.319999694824219,,,532.0341186523438,,
2020-11-26,626.37353515625,10.577500343322754,15.350000381469727,,,526.4441528320312,,
2020-11-27,628.5692138671875,10.592499732971191,15.4350004196167,,,519.6564331054688,,
2020-11-30,616.8920288085938,10.442500114440918,15.244999885559082,,,526.044921875,,
2020-12-01,629.0682373046875,10.5600004196167,15.704999923706055,,,537.02490234375,,
2020-12-02,636.75341796875,10.547499656677246,15.602499961853027,,,536.4262084960938,,
2020-12-03,639.1485595703125,10.59749984741211,15.699999809265137,,,542.7147827148438,,
2020-12-04,645.236572265625,10.572500228881836,15.779999732971191,,,546.8072509765625,,
2020-12-07,645.8353881835938,10.517499923706055,15.869999885559082,,,538.023193359375,,
2020-12-08,646.3343505859375,10.4975004196167,15.864999771118164,,,537.42431640625,,
2020-12-09,646.9332885742188,10.5625,15.864999771118164,,,539.4207763671875,,
2020-12-10,647.366943359375,10.517499923706055,15.670000076293945,,,534.9288330078125,,
2020-12-11,641.9773559570312,10.40250015258789,15.475000381469727,,,528.2410278320312,,
2020-12-14,640.6797485351562,10.542499542236328,15.729999542236328,,,531.5850219726562,,
2020-12-15,639.1826171875,10.524999618530273,15.760000228881836,,,533.8806762695312,,
2020-12-16,644.5723266601562,10.662500381469727,15.989999771118164,,,544.4115600585938,,
2020-12-17,643.1749877929688,10.725000381469727,16.094999313354492,,,546.9072265625,,
2020-12-18,640.8792114257812,10.680000305175781,16.059999465942383,,,532.3335571289062,,
2020-12-21,630.1996459960938,10.542499542236328,15.859999656677246,,,520.2555541992188,,
2020-12-22,634.3916015625,10.515000343322754,16.174999237060547,,,527.4425048828125,,
2020-12-23,638.1843872070312,10.574999809265137,16.18000030517578,,,539.8200073242188,,
2020-12-24,639.781494140625,10.577500343322754,16.145000457763672,,,546.008544921875,,
2020-12-29,648.9638061523438,10.742500305175781,16.424999237060547,,,554.2936401367188,,
2020-12-30,644.8717041015625,10.782500267028809,16.385000228881836,,,547.156494140625,,
2020-12-31,634.9906005859375,10.797499656677246,16.34000015258789,,,540.9680786132812,,
2021-01-04,645.5703735351562,10.682499885559082,16.110000610351562,,,541.5667724609375,,
2021-01-05,649.7626342773438,10.702500343322754,16.104999542236328,,,544.3118286132812,,
2021-01-06,671.7205810546875,10.892499923706055,16.155000686645508,,,549.5523071289062,,
2021-01-07,674.1160888671875,11.032500267028809,16.295000076293945,,,544.2118530273438,,
2021-01-08,675.9126586914062,11.194999694824219,16.354999542236328,,,544.2618408203125,,
2021-01-11,667.828125,11.109999656677246,16.350000381469727,,,534.7291870117188,,
2021-01-12,664.03515625,11.149999618530273,16.219999313354492,,,532.4833984375,,
2021-01-13,662.8375244140625,11.175000190734863,16.337499618530273,,,534.329833984375,,
2021-01-14,668.72607421875,11.1850004196167,16.309999465942383,,,542.2156982421875,,
2021-01-15,661.7395629882812,11.052499771118164,16.110000610351562,,,538.1229248046875,,
2021-01-18,660.4420166015625,11.029999732971191,16.024999618530273,,,540.8681030273438,,
2021-01-19,659.8432006835938,11.055000305175781,16.084999084472656,,,535.3280639648438,,
2021-01-20,662.9373779296875,11.260000228881836,16.53499984741211,,,539.5205688476562,,
2021-01-21,660.2424926757812,11.447500228881836,16.655000686645508,,,532.2337646484375,,
2021-01-22,657.747314453125,11.3149995803833,16.700000762939453,,,533.731201171875,,
2021-01-25,652.656982421875,11.2524995803833,16.645000457763672,,,530.836181640625,,
2021-01-26,653.954345703125,11.40250015258789,16.844999313354492,,,535.0286865234375,,
2021-01-27,645.3707885742188,11.1899995803833,16.614999771118164,,,537.9234619140625,,
2021-01-28,641.87744140625,11.135000228881836,16.69499969482422,,,536.0267944335938,,
2021-01-29,628.8023681640625,10.942500114440918,16.295000076293945,,,533.4315795898438,,
2021-02-01,634.890625,11.029999732971191,16.530000686645508,,,535.1785278320312,,
2021-02-02,640.0809936523438,11.390000343322754,16.780000686645508,,,537.5239868164062,,
2021-02-03,639.1826171875,11.324999809265137,16.795000076293945,,,532.78271484375,,
2021-02-04,639.2822265625,11.345000267028809,16.885000228881836,,,534.6294555664062,,
2021-02-05,637.5856323242188,11.449999809265137,16.975000381469727,,,541.6166381835938,,
2021-02-08,640.5798950195312,11.479999542236328,17.06999969482422,,,538.4224853515625,,
2021-02-09,641.5780029296875,11.470000267028809,17.170000076293945,,,539.9197387695312,,
2021-02-10,640.6797485351562,11.364999771118164,17.09000015258789,,,539.32080078125,,
2021-02-11,641.2786254882812,11.375,17.309999465942383,,,533.4632568359375,,
2021-02-12,647.0675048828125,11.3149995803833,17.350000381469727,,,531.3670043945312,,
2021-02-15,663.8355712890625,11.422499656677246,17.479999542236328,,,539.90185546875,,
2021-02-16,662.5382080078125,11.300000190734863,17.360000610351562,,,539.951904296875,,
2021-02-17,658.844970703125,11.257499694824219,17.010000228881836,,,541.7487182617188,,
2021-02-18,651.55908203125,11.354999542236328,16.954999923706055,,,535.7092895507812,,
2021-02-19,651.7586669921875,11.414999961853027,17.190000534057617,,,538.2548828125,,
2021-02-22,650.2615356445312,11.154999732971191,16.760000228881836,,,539.2529907226562,,
2021-02-23,651.9583129882812,10.857500076293945,16.485000610351562,,,550.533203125,,
2021-02-24,655.2518310546875,11.0,16.69499969482422,,,557.5210571289062,,
2021-02-25,655.6513061523438,10.907500267028809,16.625,,,552.1304321289062,,
2021-02-26,638.983154296875,10.732500076293945,16.514999389648438,,,542.2479248046875,,
2021-03-01,649.16357421875,10.947500228881836,16.825000762939453,,,549.2356567382812,,
2021-03-02,651.6588134765625,10.917499542236328,16.69499969482422,,,546.6900634765625,,
2021-03-03,657.94677734375,10.817500114440918,16.5049991607666,,,550.1340942382812,,
2021-03-04,657.3479614257812,10.52750015258789,16.19499969482422,,,552.2802734375,,
2021-03-05,654.7528686523438,10.0024995803833,15.710000038146973,,,540.6006469726562,,
2021-03-08,663.3365478515625,10.592499732971191,16.084999084472656,,,544.0447998046875,,
2021-03-09,664.63427734375,10.77750015258789,16.299999237060547,,,547.288818359375,,
2021-03-10,664.3345947265625,10.899999618530273,16.315000534057617,,,545.6419677734375,,
2021-03-11,660.59765625,11.0625,16.63249969482422,,,549.4353637695312,,
2021-03-12,663.1929321289062,10.957500457763672,16.3700008392334,,,549.8344116210938,,
2021-03-15,661.4961547851562,11.092499732971191,16.520000457763672,,,547.3887939453125,,
2021-03-16,666.6866455078125,11.125,16.825000762939453,,,562.56201171875,,
2021-03-17,662.9933471679688,11.087499618530273,16.579999923706055,,,554.9257202148438,,
2021-03-18,664.98974609375,11.147500038146973,16.514999389648438,,,552.52978515625,,
2021-03-19,657.8027954101562,10.977499961853027,16.334999084472656,,,552.6295776367188,,
2021-03-22,660.29833984375,11.149999618530273,16.610000610351562,,,546.6400146484375,,
2021-03-23,658.00244140625,11.1225004196167,16.559999465942383,,,548.2871704101562,,
2021-03-24,659.0005493164062,11.087499618530273,16.44499969482422,,,553.9772338867188,,
2021-03-25,655.60693359375,10.912500381469727,16.190000534057617,,,549.1357421875,,
2021-03-26,662.2945556640625,10.925000190734863,16.440000534057617,,,555.5744018554688,,
2021-03-29,661.4961547851562,10.90999984741211,16.549999237060547,,,556.0735473632812,,
2021-03-30,664.8897705078125,10.992500305175781,16.422500610351562,,,560.0166625976562,,
2021-03-31,659.6992797851562,11.172499656677246,16.690000534057617,,,556.2232055664062,,
2021-04-01,661.6956176757812,11.225000381469727,16.96500015258789,,,560.3159790039062,,
2021-04-06,669.4815063476562,11.5649995803833,17.364999771118164,,,566.1060180664062,,
2021-04-07,675.3707885742188,11.579999923706055,17.360000610351562,,,571.0969848632812,,
2021-04-08,682.0584716796875,11.604999542236328,17.594999313354492,,,577.2863159179688,,
2021-04-09,679.2637329101562,11.625,17.674999237060547,,,573.2933349609375,,
2021-04-12,677.0677490234375,11.75,17.709999084472656,,,570.1987915039062,,
2021-04-13,676.668212890625,11.890000343322754,17.799999237060547,,,574.2915649414062,,
2021-04-14,681.459716796875,11.864999771118164,17.795000076293945,,,578.9833374023438,,
2021-04-15,686.9497680664062,11.824999809265137,17.959999084472656,,,580.6802978515625,,
2021-04-16,690.143798828125,11.9350004196167,17.975000381469727,,,582.3775024414062,,
2021-04-19,687.8480834960938,11.859999656677246,17.825000762939453,,,585.0726318359375,,
2021-04-20,674.1730346679688,11.640000343322754,17.647499084472656,,,586.2705078125,,
2021-04-21,677.7662963867188,11.770000457763672,17.81999969482422,,,578.0848999023438,,
2021-04-22,682.0584716796875,11.829999923706055,17.895000457763672,,,587.4683837890625,,
2021-04-23,682.6575317382812,11.8149995803833,17.889999389648438,,,582.9762573242188,,
2021-04-26,684.853515625,11.817500114440918,18.014999389648438,,,590.6629028320312,,
2021-04-27,682.857177734375,11.90250015258789,17.959999084472656,,,588.9658203125,,
2021-04-28,684.6538696289062,11.925000190734863,17.815000534057617,,,587.069091796875,,
2021-04-29,684.753662109375,11.885000228881836,17.704999923706055,,,587.1689453125,,
2021-04-30,686.2510375976562,11.914999961853027,17.614999771118164,,,588.56640625,,
2021-05-04,681.5593872070312,11.649999618530273,17.059999465942383,,,594.8555908203125,,
2021-05-05,692.8388061523438,11.710000038146973,17.299999237060547,,,586.9694213867188,,
2021-05-06,696.5322265625,11.664999961853027,17.204999923706055,,,591.611083984375,,
2021-05-07,702.022216796875,11.807499885559082,17.545000076293945,,,598.9483032226562,,
2021-05-10,701.623046875,11.694999694824219,17.225000381469727,,,605.636474609375,,
2021-05-11,684.15478515625,11.425000190734863,16.940000534057617,,,588.7660522460938,,
2021-05-12,688.9461669921875,11.210000038146973,16.575000762939453,,,584.77294921875,,
2021-05-13,686.2510375976562,11.140000343322754,16.719999313354492,,,578.1229858398438,,
2021-05-14,694.3363037109375,11.3149995803833,17.0049991607666,,,584.9115600585938,,
2021-05-17,692.7392578125,11.307499885559082,16.88249969482422,,,582.7152709960938,,
2021-05-18,693.03857421875,11.430000305175781,16.975000381469727,,,586.2092895507812,,
2021-05-19,685.3526611328125,11.114999771118164,16.71500015258789,,,585.6102905273438,,
2021-05-20,693.43798828125,11.260000228881836,17.184999465942383,,,592.4988403320312,,
2021-05-21,692.8388061523438,11.234999656677246,17.165000915527344,,,585.8101196289062,,
2021-05-24,695.9334106445312,11.380000114440918,17.415000915527344,,,591.3008422851562,,
2021-05-25,694.0367431640625,11.319999694824219,17.399999618530273,,,584.2626342773438,,
2021-05-26,693.6375732421875,11.489999771118164,17.385000228881836,,,587.3572387695312,,
2021-05-27,693.03857421875,11.479999542236328,17.40999984741211,,,593.7965698242188,,
2021-05-28,693.7374877929688,11.489999771118164,17.434999465942383,,,597.9395751953125,,
2021-06-01,698.4287109375,11.470000267028809,17.34000015258789,,,598.1890258789062,,
2021-06-02,701.1238403320312,11.420000076293945,17.475000381469727,,,606.8743286132812,,
2021-06-03,696.9314575195312,11.34749984741211,17.28499984741211,,,599.4869384765625,,
2021-06-04,697.9297485351562,11.327500343322754,17.559999465942383,,,604.4286499023438,,
2021-06-07,699.027587890625,11.345000267028809,17.540000915527344,,,608.5715942382812,,
2021-06-08,700.6248168945312,11.40999984741211,17.579999923706055,,,614.0620727539062,,
2021-06-09,698.6285400390625,11.482500076293945,17.642499923706055,,,611.56640625,,
2021-06-10,699.8263549804688,11.46500015258789,17.674999237060547,,,607.37353515625,,
2021-06-11,704.2184448242188,11.520000457763672,17.799999237060547,,,607.3236083984375,,
2021-06-14,705.8153076171875,11.52750015258789,17.875,,,613.4135131835938,,
2021-06-15,708.41064453125,11.489999771118164,17.93000030517578,,,607.872802734375,,
2021-06-16,710.5068969726562,11.515000343322754,17.920000076293945,,,603.080810546875,,
2021-06-17,700.0059814453125,11.539999961853027,18.059999465942383,,,602.58154296875,,
2021-06-18,685.8302001953125,11.524999618530273,17.860000610351562,,,597.8896484375,,
2021-06-21,690.6219482421875,11.595000267028809,17.969999313354492,,,598.5883178710938,,
2021-06-22,693.2177124023438,11.71500015258789,18.110000610351562,,,609.9691162109375,,
2021-06-23,691.5205688476562,11.744999885559082,18.155000686645508,,,605.3768310546875,,
2021-06-24,695.513671875,11.880000114440918,18.315000534057617,,,602.7813110351562,,
2021-06-25,697.2107543945312,11.859999656677246,18.309999465942383,,,605.3768310546875,,
2021-06-28,691.620361328125,11.859999656677246,18.450000762939453,,,598.2888793945312,,
2021-06-29,693.017822265625,11.914999961853027,18.545000076293945,,,594.6950073242188,,
2021-06-30,687.4274291992188,11.9399995803833,18.575000762939453,,,592.1990966796875,,
2021-07-01,696.312255859375,11.925000190734863,18.5049991607666,,,596.39208984375,,
2021-07-02,695.9130859375,11.979999542236328,18.74250030517578,,,604.0791015625,,
2021-07-05,699.9060668945312,12.082500457763672,18.84000015258789,,,612.1654663085938,,
2021-07-06,694.3158569335938,12.100000381469727,18.889999389648438,,,613.363525390625,,
2021-07-07,699.6067504882812,12.170000076293945,18.9325008392334,,,617.3568115234375,,
2021-07-08,688.8250732421875,12.047499656677246,18.764999389648438,,,611.2670288085938,,
2021-07-09,696.61181640625,12.25,18.975000381469727,,,623.0470581054688,,
2021-07-12,696.8116455078125,12.289999961853027,19.0049991607666,,,632.331298828125,,
2021-07-13,696.7117309570312,12.329999923706055,19.235000610351562,,,627.3399047851562,,
2021-07-14,693.816650390625,12.197500228881836,19.232500076293945,,,616.2584228515625,,
2021-07-15,686.329345703125,12.117500305175781,19.149999618530273,,,615.6594848632812,,
2021-07-16,685.7304077148438,12.029999732971191,18.99250030517578,,,618.055419921875,,
2021-07-19,669.8574829101562,11.765000343322754,18.71500015258789,,,607.1239624023438,,
2021-07-20,673.5512084960938,11.925000190734863,18.844999313354492,,,611.56640625,,
2021-07-21,684.4328002929688,12.050000190734863,19.045000076293945,,,623.0470581054688,,
2021-07-22,681.9368896484375,12.1225004196167,19.19499969482422,,,625.4429321289062,,
2021-07-23,687.9266967773438,12.260000228881836,19.399999618530273,,,629.1366577148438,,
2021-07-26,687.7269897460938,12.364999771118164,19.392499923706055,,,628.83740234375,,
2021-07-27,684.0332641601562,12.157500267028809,19.084999084472656,,,630.68408203125,,
2021-07-28,686.9283447265625,12.207500457763672,19.260000228881836,,,634.1284790039062,,
2021-07-29,693.5172119140625,12.3100004196167,19.315000534057617,,,633.8286743164062,,
2021-07-30,689.3243408203125,12.020000457763672,19.219999313354492,,,637.0234375,,
2021-08-02,693.816650390625,12.039999961853027,19.385000228881836,,,641.8153076171875,,
2021-08-03,696.312255859375,11.975000381469727,19.18000030517578,,,639.119873046875,,
2021-08-04,697.51025390625,12.03499984741211,19.30500030517578,,,645.9583129882812,,
2021-08-05,698.6085205078125,12.09000015258789,19.46500015258789,,,657.6885375976562,,
2021-08-06,698.2090454101562,12.020000457763672,19.462499618530273,,,653.9947509765625,,
2021-08-09,699.2073364257812,11.994999885559082,19.405000686645508,,,649.6522216796875,,
2021-08-10,701.7031860351562,12.024999618530273,19.260000228881836,,,649.602294921875,,
2021-08-11,707.7927856445312,12.020000457763672,19.219999313354492,,,654.0946044921875,,
2021-08-12,707.6929931640625,12.0,19.360000610351562,,,649.9885864257812,,
2021-08-13,710.0889282226562,12.005000114440918,19.434999465942383,,,659.6229248046875,,
2021-08-16,703.8992919921875,11.857500076293945,19.354999542236328,,,660.3218383789062,,
2021-08-17,706.3949584960938,11.6850004196167,19.420000076293945,,,655.4298706054688,,
2021-08-18,705.097412109375,11.789999961853027,19.332500457763672,,,658.7244262695312,,
2021-08-19,695.9130859375,11.65999984741211,19.232500076293945,,,652.6343994140625,,
2021-08-20,699.0077514648438,11.699999809265137,19.530000686645508,,,657.92578125,,
2021-08-23,700.8048095703125,11.880000114440918,19.764999389648438,,,655.9290161132812,,
2021-08-24,702.0026245117188,11.984999656677246,19.792499542236328,,,653.7325439453125,,
2021-08-25,704.7979125976562,12.024999618530273,19.799999237060547,,,654.8309326171875,,
2021-08-26,703.20068359375,11.975000381469727,19.69499969482422,,,653.9323120117188,,
2021-08-27,705.4967041015625,12.017499923706055,19.780000686645508,,,660.2219848632812,,
2021-08-31,702.4019775390625,12.1850004196167,19.989999771118164,,,660.5215454101562,,
2021-09-01,705.4967041015625,12.267499923706055,20.09000015258789,,,668.5084228515625,,
2021-09-02,708.192138671875,12.289999961853027,19.989999771118164,,,667.2105102539062,,
2021-09-03,705.796142578125,12.170000076293945,20.065000534057617,,,666.611572265625,,
2021-09-06,710.4882202148438,12.237500190734863,20.114999771118164,,,664.9641723632812,,
2021-09-07,706.6947631835938,12.2524995803833,20.010000228881836,,,662.4183959960938,,
2021-09-08,701.2040405273438,12.204999923706055,19.889999389648438,,,647.3431396484375,,
2021-09-09,694.8150634765625,12.305000305175781,19.959999084472656,,,650.5376586914062,,
2021-09-10,694.8150634765625,12.25,19.80500030517578,,,644.6973876953125,,
2021-09-13,698.3088989257812,12.135000228881836,19.639999389648438,,,646.4445190429688,,
2021-09-14,695.4137573242188,12.175000190734863,19.7450008392334,,,646.9436645507812,,
2021-09-15,693.3175659179688,12.085000038146973,19.665000915527344,,,638.3578491210938,,
2021-09-16,686.0144653320312,12.204999923706055,19.674999237060547,,,643.199951171875,,
2021-09-17,679.4248657226562,12.229999542236328,19.53499984741211,,,641.65234375,,
2021-09-20,673.8338012695312,11.979999542236328,19.174999237060547,,,633.5656127929688,,
2021-09-21,681.0224609375,11.984999656677246,19.295000076293945,,,644.4476928710938,,
2021-09-22,691.406005859375,12.109999656677246,19.420000076293945,,,647.942138671875,,
2021-09-23,690.7069702148438,12.234999656677246,19.684999465942383,,,645.8952026367188,,
2021-09-24,688.2110595703125,12.1899995803833,19.610000610351562,,,636.0614013671875,,
2021-09-27,689.6089477539062,12.279999732971191,19.520000457763672,,,636.5606689453125,,
2021-09-28,685.7149658203125,12.085000038146973,19.065000534057617,,,623.981201171875,,
2021-09-29,693.1031494140625,12.135000228881836,18.959999084472656,,,622.6832885742188,,
2021-09-30,691.505859375,12.022500038146973,18.975000381469727,,,617.5916137695312,,
2021-10-01,686.3140869140625,11.925000190734863,18.864999771118164,,,620.6865844726562,,
2021-10-04,684.5170288085938,11.84000015258789,18.565000534057617,,,613.9976196289062,,
2021-10-05,691.505859375,11.994999885559082,18.940000534057617,,,616.2936401367188,,
2021-10-06,683.4186401367188,11.850000381469727,18.770000457763672,,,605.7109985351562,,
2021-10-07,691.406005859375,12.180000305175781,19.30500030517578,,,617.2920532226562,,
2021-10-08,693.203125,12.114999771118164,19.174999237060547,,,614.6964111328125,,
2021-10-11,697.8958129882812,12.1225004196167,19.229999542236328,,,611.5015258789062,,
2021-10-12,696.4978637695312,12.104999542236328,18.94499969482422,,,619.6882934570312,,
2021-10-13,697.5961303710938,12.125,18.899999618530273,,,625.6286010742188,,
2021-10-14,704.2857055664062,12.289999961853027,19.350000381469727,,,630.8699340820312,,
2021-10-15,707.2808227539062,12.479999542236328,19.55500030517578,,,638.4575805664062,,
2021-10-18,703.9859619140625,12.5600004196167,19.670000076293945,,,636.4607543945312,,
2021-10-19,705.2841186523438,12.625,19.950000762939453,,,642.0516967773438,,
2021-10-20,705.4835815429688,12.6225004196167,19.940000534057617,,,633.1661376953125,,
2021-10-21,702.68798828125,12.71500015258789,19.8700008392334,,,636.9598999023438,,
2021-10-22,703.9859619140625,12.6899995803833,19.915000915527344,,,638.0581665039062,,
2021-10-25,705.7833251953125,12.807499885559082,19.985000610351562,,,635.46240234375,,
2021-10-26,710.4756469726562,13.050000190734863,20.139999389648438,,,639.3562622070312,,
2021-10-27,708.4788818359375,13.09000015258789,20.079999923706055,,,645.6459350585938,,
2021-10-28,708.279296875,13.194999694824219,20.19499969482422,,,646.4445190429688,,
2021-10-29,707.5802612304688,13.145000457763672,20.190000534057617,,,640.3543701171875,,
2021-11-01,712.2731323242188,13.327500343322754,20.237499237060547,,,638.9567260742188,,
2021-11-02,710.9749755859375,13.260000228881836,20.454999923706055,,,637.6588134765625,,
2021-11-03,707.979736328125,13.357500076293945,20.434999465942383,,,636.4108276367188,,
2021-11-04,711.773681640625,13.77750015258789,20.825000762939453,,,653.8323974609375,,
2021-11-05,714.2699584960938,13.9399995803833,21.030000686645508,,,653.133544921875,,
2021-11-08,714.0701293945312,13.772500038146973,21.110000610351562,,,646.6442260742188,,
2021-11-09,711.2745361328125,13.524999618530273,21.059999465942383,,,648.0419921875,,
2021-11-10,716.6659545898438,13.569999694824219,20.844999313354492,,,649.1400756835938,,
2021-11-11,722.2572021484375,13.444999694824219,20.809999465942383,,,648.869140625,,
2021-11-12,718.7625732421875,13.404999732971191,21.03499984741211,,,652.263671875,,
2021-11-15,719.261962890625,13.399999618530273,21.03499984741211,,,651.3651123046875,,
2021-11-16,717.3648681640625,13.625,21.200000762939453,,,657.3054809570312,,
2021-11-17,713.4708862304688,13.6899995803833,21.229999542236328,,,648.7692260742188,,
2021-11-18,710.7752075195312,13.835000038146973,21.274999618530273,,,659.7515258789062,,
2021-11-19,707.7800903320312,13.989999771118164,21.559999465942383,,,665.8919067382812,,
2021-11-22,710.57568359375,14.007499694824219,21.655000686645508,,,664.4442138671875,,
2021-11-23,711.8735961914062,13.742500305175781,21.06999969482422,,,655.1589965820312,,
2021-11-24,714.0701293945312,13.8125,21.2450008392334,,,662.946533203125,,
2021-11-25,716.0670776367188,13.795000076293945,21.440000534057617,,,673.2801513671875,,
2021-11-26,690.9068603515625,13.460000038146973,20.8700008392334,,,661.3490600585938,,
2021-11-29,697.2965698242188,13.649999618530273,21.25,,,665.8419799804688,,
2021-11-30,691.406005859375,13.479999542236328,21.09000015258789,,,655.5582885742188,,
2021-12-01,702.4884643554688,13.677499771118164,21.540000915527344,,,662.3974609375,,
2021-12-02,698.3948364257812,13.382499694824219,20.885000228881836,,,659.4522705078125,,
2021-12-03,698.2949829101562,13.180000305175781,20.729999542236328,,,655.3587036132812,,
2021-12-06,708.7785034179688,13.202500343322754,20.729999542236328,,,663.7453002929688,,
2021-12-07,719.3618774414062,13.585000038146973,21.610000610351562,,,670.3348999023438,,
2021-12-08,718.4632568359375,13.539999961853027,21.645000457763672,,,668.9371948242188,,
2021-12-09,717.4647827148438,13.520000457763672,21.684999465942383,,,671.7825317382812,,
2021-12-10,714.6690063476562,13.34749984741211,21.69499969482422,,,665.7422485351562,,
2021-12-13,708.3792114257812,13.104999542236328,21.727500915527344,,,660.800048828125,,
2021-12-14,707.1809692382812,12.954999923706055,21.110000610351562,,,657.655029296875,,
2021-12-15,702.7879028320312,12.869999885559082,21.135000228881836,,,662.6470947265625,,
2021-12-16,706.3306274414062,13.0600004196167,21.420000076293945,,,654.7596435546875,,
2021-12-17,707.0294799804688,12.944999694824219,21.084999084472656,,,661.4489135742188,,
2021-12-20,700.4395141601562,12.567500114440918,20.65999984741211,,,654.9592895507812,,
2021-12-21,709.6256713867188,12.760000228881836,20.959999084472656,,,658.5537109375,,
2021-12-22,713.8192138671875,13.1899995803833,21.5,,,659.4522705078125,,
2021-12-23,717.6134643554688,13.3100004196167,21.790000915527344,,,663.5455322265625,,
2021-12-24,717.7133178710938,13.375,21.719999313354492,,,668.3380737304688,,
2021-12-29,721.80712890625,13.487500190734863,22.06999969482422,,,675.2769165039062,,
2021-12-30,721.0082397460938,13.529999732971191,22.114999771118164,,,679.0711059570312,,
2021-12-31,718.8116455078125,13.4350004196167,21.90999984741211,,,679.2207641601562,,
2022-01-04,730.1945190429688,13.645000457763672,21.7450008392334,,,678.9212036132812,,
2022-01-05,731.8919067382812,13.672499656677246,21.667499542236328,,,675.826171875,,
2022-01-06,725.7012329101562,13.274999618530273,21.09000015258789,,,668.9371948242188,,
2022-01-07,728.5968627929688,13.145000457763672,20.860000610351562,,,666.7405395507812,,
2022-01-10,725.4016723632812,12.795000076293945,20.424999237060547,,,660.3507690429688,,
2022-01-11,729.8950805664062,13.100000381469727,20.9950008392334,,,656.5567626953125,,
2022-01-12,735.5863037109375,13.15999984741211,21.204999923706055,,,659.9515380859375,,
2022-01-13,736.385009765625,13.210000038146973,21.079999923706055,,,659.7515258789062,,
2022-01-14,735.1868286132812,12.789999961853027,20.704999923706055,,,657.7548828125,,
2022-01-17,741.4772338867188,12.887499809265137,20.829999923706055,,,665.043212890625,,
2022-01-18,737.4833374023438,12.649999618530273,20.420000076293945,,,663.5455322265625,,
2022-01-19,740.1793823242188,12.524999618530273,20.174999237060547,,,666.2413940429688,,
2022-01-20,739.3804931640625,12.582500457763672,20.385000228881836,,,665.6422729492188,,
2022-01-21,730.6936645507812,12.140000343322754,19.854999542236328,,,655.1589965820312,,
2022-01-24,711.4229125976562,11.5024995803833,18.767499923706055,,,645.0751342773438,,
2022-01-25,719.1112060546875,11.682499885559082,18.895000457763672,,,647.6708374023438,,
2022-01-26,729.0961303710938,11.890000343322754,19.5,,,654.1107788085938,,
2022-01-27,736.7845458984375,11.65999984741211,19.344999313354492,,,655.2587890625,,
2022-01-28,728.09765625,11.505000114440918,19.44499969482422,,,651.564697265625,,
2022-01-31,728.9962768554688,11.960000038146973,20.075000762939453,,,657.854736328125,,
2022-02-01,735.1868286132812,12.107500076293945,20.299999237060547,,,655.957763671875,,
2022-02-02,740.0796508789062,12.0649995803833,20.309999465942383,,,663.7453002929688,,
2022-02-03,735.0870361328125,11.899999618530273,20.18000030517578,,,660.6005249023438,,
2022-02-04,734.0885620117188,11.975000381469727,19.899999618530273,,,647.3715209960938,,
2022-02-07,739.5802612304688,12.180000305175781,20.0,,,644.3760986328125,,
2022-02-08,738.8812255859375,12.21500015258789,20.075000762939453,,,635.0908203125,,
2022-02-09,746.569580078125,12.449999809265137,20.469999313354492,,,645.8737182617188,,
2022-02-10,749.5652465820312,12.380000114440918,20.329999923706055,,,650.865966796875,,
2022-02-11,748.4668579101562,12.130000114440918,19.864999771118164,,,637.4203491210938,,
2022-02-14,736.185302734375,12.0600004196167,19.524999618530273,,,628.683837890625,,
2022-02-15,743.1748046875,12.164999961853027,19.854999542236328,,,633.226806640625,,
2022-02-16,742.0765380859375,12.130000114440918,19.71500015258789,,,638.8182373046875,,
2022-02-17,736.88427734375,12.095000267028809,19.614999771118164,,,633.226806640625,,
2022-02-18,735.0870361328125,11.782500267028809,19.139999389648438,,,628.43408203125,,
2022-02-21,732.19140625,11.619999885559082,18.80500030517578,,,619.2484130859375,,
2022-02-22,733.5892944335938,11.482500076293945,19.010000228881836,,,618.6492309570312,,
2022-02-23,733.4893798828125,11.260000228881836,18.81999969482422,,,618.7490844726562,,
2022-02-24,707.7284545898438,10.967499732971191,18.434999465942383,,,608.0654907226562,,
2022-02-25,734.7876586914062,11.452500343322754,19.264999389648438,,,631.4296264648438,,
2022-02-28,730.7936401367188,11.65250015258789,19.3799991607666,,,632.9273071289062,,
2022-03-01,719.0113525390625,11.579999923706055,19.049999237060547,,,622.9427490234375,,
2022-03-02,728.9962768554688,11.645000457763672,19.295000076293945,,,628.8336181640625,,
2022-03-03,710.9236450195312,11.520000457763672,19.174999237060547,,,611.9595947265625,,
2022-03-04,685.96142578125,11.1850004196167,18.65999984741211,,,596.6829833984375,,
2022-03-07,682.8660278320312,10.994999885559082,18.389999389648438,,,592.8886108398438,,
2022-03-08,684.3638305664062,10.72249984741211,17.75,,,598.080810546875,,
2022-03-09,707.7284545898438,11.015000343322754,18.549999237060547,,,618.7490844726562,,
2022-03-10,700.539306640625,11.0,18.114999771118164,,,619.7476806640625,,
2022-03-11,704.9327392578125,11.112500190734863,18.200000762939453,,,625.7383422851562,,
2022-03-14,709.2261962890625,10.829999923706055,17.84000015258789,,,634.5247192382812,,
2022-03-15,708.2276611328125,11.077500343322754,18.19499969482422,,,628.533935546875,,
2022-03-16,719.31103515625,11.422499656677246,18.739999771118164,,,640.0164794921875,,
2022-03-17,724.8455810546875,11.579999923706055,18.860000610351562,,,646.4065551757812,,
2022-03-18,727.042236328125,11.835000038146973,19.299999237060547,,,644.80908203125,,
2022-03-21,729.6386108398438,11.967499732971191,19.344999313354492,,,640.2660522460938,,
2022-03-22,733.8325805664062,12.050000190734863,19.704999923706055,,,649.2023315429688,,
2022-03-23,731.7355346679688,12.1875,19.6200008392334,,,637.120849609375,,
2022-03-24,733.03369140625,12.039999961853027,19.674999237060547,,,637.120849609375,,
2022-03-25,734.331787109375,12.074999809265137,19.78499984741211,,,650.250732421875,,
2022-03-28,733.932373046875,12.317500114440918,19.952499389648438,,,656.690673828125,,
2022-03-29,740.22314453125,12.614999771118164,20.3799991607666,,,667.174560546875,,
2022-03-30,744.3171997070312,12.487500190734863,20.40999984741211,,,664.7784423828125,,
2022-03-31,738.6256103515625,12.3774995803833,20.270000457763672,,,657.3896484375,,
2022-04-01,740.6226196289062,12.262499809265137,19.829999923706055,,,658.6876831054688,,
2022-04-04,742.320068359375,12.40999984741211,20.2450008392334,,,654.6438598632812,,
2022-04-05,748.0117797851562,12.322500228881836,20.020000457763672,,,664.8781127929688,,
2022-04-06,745.9149780273438,11.850000381469727,19.31999969482422,,,662.7813110351562,,
2022-04-07,742.9193115234375,11.78499984741211,19.282499313354492,,,664.37890625,,
2022-04-08,753.9033203125,11.920000076293945,19.295000076293945,,,665.0777587890625,,
2022-04-11,750.1088256835938,11.649999618530273,18.739999771118164,,,663.3806762695312,,
2022-04-12,745.0161743164062,11.817500114440918,18.905000686645508,,,648.1039428710938,,
2022-04-13,744.816650390625,11.807499885559082,18.844999313354492,,,650.8997192382812,,
2022-04-14,748.7107543945312,11.84749984741211,18.719999313354492,,,659.785888671875,,
2022-04-19,747.7122802734375,12.0649995803833,18.7549991607666,,,654.194580078125,,
2022-04-20,750.8078002929688,12.010000228881836,18.850000381469727,,,654.69384765625,,
2022-04-21,751.30712890625,12.100000381469727,18.950000762939453,,,660.984130859375,,
2022-04-22,741.3216552734375,11.725000381469727,18.309999465942383,,,654.5440063476562,,
2022-04-25,727.3421020507812,11.430000305175781,17.850000381469727,,,649.1024169921875,,
2022-04-26,727.7413940429688,11.164999961853027,17.704999923706055,,,651.1991577148438,,
2022-04-27,730.6371459960938,11.117500305175781,17.899999618530273,,,648.0042724609375,,
2022-04-28,739.5242309570312,11.09000015258789,18.104999542236328,,,648.802978515625,,
2022-04-29,743.6182861328125,10.869999885559082,18.204999923706055,,,645.6078491210938,,
2022-05-03,744.6167602539062,10.78499984741211,18.05500030517578,,,615.2544555664062,,
2022-05-04,738.8253173828125,10.545000076293945,17.799999237060547,,,599.3788452148438,,
2022-05-05,740.4228515625,10.449999809265137,17.889999389648438,,,608.3650512695312,,
2022-05-06,728.1408081054688,10.407500267028809,17.69499969482422,,,589.7935791015625,,
2022-05-09,711.365234375,9.928750038146973,17.0049991607666,,,573.1192626953125,,
2022-05-10,713.861572265625,9.713749885559082,16.975000381469727,,,575.615234375,,
2022-05-11,723.7471313476562,9.761249542236328,17.110000610351562,,,584.00244140625,,
2022-05-12,713.1626586914062,9.654999732971191,16.56999969482422,,,574.260986328125,,
2022-05-13,731.2363891601562,9.87874984741211,16.96500015258789,,,588.6401977539062,,
2022-05-16,735.9293823242188,9.708749771118164,16.809999465942383,,,595.1305541992188,,
2022-05-17,740.9221801757812,9.78125,17.162500381469727,,,595.5300903320312,,
2022-05-18,734.331787109375,9.456250190734863,16.844999313354492,,,595.5300903320312,,
2022-05-19,721.9497680664062,9.364999771118164,16.450000762939453,,,586.6431274414062,,
2022-05-20,730.0379638671875,9.131250381469727,16.232500076293945,,,592.6343994140625,,
2022-05-23,742.1204833984375,9.136249542236328,16.709999084472656,,,598.9251098632812,,
2022-05-24,739.324462890625,8.9350004196167,16.290000915527344,,,598.0264892578125,,
2022-05-25,743.5183715820312,9.180000305175781,16.514999389648438,,,595.5300903320312,,
2022-05-26,747.5125732421875,9.670000076293945,16.950000762939453,,,606.114501953125,,
2022-05-27,749.8092651367188,9.90999984741211,17.545000076293945,,,606.1644287109375,,
2022-05-30,750.7080688476562,10.125,17.837499618530273,,,610.60791015625,,
2022-05-31,751.2072143554688,10.015000343322754,17.520000457763672,,,605.5154418945312,,
2022-06-01,744.6167602539062,10.005000114440918,17.510000228881836,,,597.6768798828125,,
2022-06-06,751.7064819335938,10.175000190734863,17.61750030517578,,,605.0162963867188,,
2022-06-07,750.8078002929688,9.989999771118164,17.53499984741211,,,603.9178466796875,,
2022-06-08,749.6095581054688,10.147500038146973,17.68000030517578,,,597.5771484375,,
2022-06-09,738.1262817382812,10.024999618530273,17.43000030517578,,,586.443359375,,
2022-06-10,722.9483032226562,9.430000305175781,16.420000076293945,,,578.9542236328125,,
2022-06-13,712.4636840820312,8.99625015258789,15.819999694824219,,,563.5767211914062,,
2022-06-14,709.8673095703125,8.979999542236328,15.6899995803833,,,558.1845703125,,
2022-06-15,718.3551025390625,9.114999771118164,15.920000076293945,,,566.7220458984375,,
2022-06-16,687.288330078125,8.851249694824219,15.444999694824219,,,559.682373046875,,
2022-06-17,684.3920288085938,8.895000457763672,15.5649995803833,,,566.072998046875,,
2022-06-20,694.8782348632812,8.979999542236328,15.699999809265137,,,562.1787719726562,,
2022-06-21,698.073974609375,9.202500343322754,16.014999389648438,,,559.882080078125,,
2022-06-22,691.98193359375,9.231249809265137,16.065000534057617,,,562.77783203125,,
2022-06-23,685.0911865234375,9.25,16.045000076293945,,,553.7910766601562,,
2022-06-24,703.6665649414062,9.538749694824219,16.459999084472656,,,568.0701904296875,,
2022-06-27,708.160400390625,9.623749732971191,16.68000030517578,,,572.813232421875,,
2022-06-28,714.65185546875,9.324999809265137,16.295000076293945,,,580.4521484375,,
2022-06-29,714.2525634765625,9.117500305175781,16.110000610351562,,,561.3799438476562,,
2022-06-30,699.971435546875,9.032500267028809,15.925000190734863,,,543.0067138671875,,
2022-07-01,700.470703125,9.061249732971191,15.75,,,535.7174682617188,,
2022-07-04,705.9634399414062,9.138750076293945,15.84749984741211,,,533.3209228515625,,
2022-07-05,685.5903930664062,9.114999771118164,15.739999771118164,,,536.116943359375,,
2022-07-06,693.6798095703125,9.300000190734863,16.13249969482422,,,546.6015014648438,,
2022-07-07,702.3682861328125,9.508749961853027,16.5,,,554.5897216796875,,
2022-07-08,703.6665649414062,9.680000305175781,16.684999465942383,,,556.2871704101562,,
2022-07-11,703.6665649414062,9.397500038146973,16.420000076293945,,,551.4942626953125,,
2022-07-12,704.3656005859375,9.373749732971191,16.392499923706055,,,552.7924194335938,,
2022-07-13,699.3721313476562,9.342499732971191,16.102500915527344,,,556.3372192382812,,
2022-07-14,688.18701171875,9.236249923706055,16.0049991607666,,,548.1990966796875,,
2022-07-15,700.0712280273438,9.523750305175781,16.524999618530273,,,557.6854248046875,,
2022-07-18,706.0632934570312,9.713749885559082,16.737499237060547,,,558.3843383789062,,
2022-07-19,712.7543334960938,9.694999694824219,16.799999237060547,,,564.5753173828125,,
2022-07-20,710.7569580078125,9.9712495803833,17.197500228881836,,,568.7691650390625,,
2022-07-21,711.1566162109375,10.09000015258789,17.280000686645508,,,574.5607299804688,,
2022-07-22,711.2564697265625,10.197500228881836,17.225000381469727,,,587.2421264648438,,
2022-07-25,714.5520629882812,10.082500457763672,17.100000381469727,,,581.1510620117188,,
2022-07-26,713.9528198242188,9.78499984741211,16.844999313354492,,,575.3595581054688,,
2022-07-27,718.2471923828125,9.926250457763672,17.274999618530273,,,566.2728271484375,,
2022-07-28,718.0473022460938,10.197500228881836,17.674999237060547,,,577.5563354492188,,
2022-07-29,725.93701171875,10.587499618530273,17.84000015258789,,,588.2906494140625,,
2022-08-01,724.7386474609375,10.867500305175781,18.139999389648438,,,582.9984130859375,,
2022-08-02,724.638671875,10.795000076293945,17.9325008392334,,,579.4534912109375,,
2022-08-03,728.0341796875,10.875,18.239999771118164,,,581.85009765625,,
2022-08-04,729.3324584960938,10.962499618530273,18.34000015258789,,,581.400634765625,,
2022-08-05,728.43359375,10.789999961853027,18.2450008392334,,,568.2697143554688,,
2022-08-08,732.9276733398438,11.017499923706055,18.350000381469727,,,576.5577392578125,,
2022-08-09,733.3271484375,10.699999809265137,18.102500915527344,,,570.416748046875,,
2022-08-10,736.2233276367188,10.987500190734863,18.5049991607666,,,585.6444702148438,,
2022-08-11,734.2259521484375,11.010000228881836,18.639999389648438,,,574.6066284179688,,
2022-08-12,737.8212280273438,11.045000076293945,18.739999771118164,,,578.9505004882812,,
2022-08-15,738.6202392578125,11.180000305175781,18.895000457763672,,,582.5455322265625,,
2022-08-16,741.0170288085938,11.354999542236328,18.93000030517578,,,577.302734375,,
2022-08-17,739.0196533203125,11.210000038146973,18.735000610351562,,,566.6175537109375,,
2022-08-18,743.2140502929688,11.255000114440918,18.93000030517578,,,572.2098388671875,,
2022-08-19,743.8132934570312,11.007499694824219,18.579999923706055,,,561.2750244140625,,
2022-08-22,742.4150390625,10.725000381469727,18.1200008392334,,,549.9404907226562,,
2022-08-23,737.7213745117188,10.72249984741211,18.03499984741211,,,540.2538452148438,,
2022-08-24,736.5228881835938,10.852499961853027,18.0575008392334,,,537.1582641601562,,
2022-08-25,737.9210815429688,10.817500114440918,18.114999771118164,,,535.9600219726562,,
2022-08-26,732.6281127929688,10.649999618530273,17.852500915527344,,,533.0639038085938,,
2022-08-30,726.6360473632812,10.322500228881836,17.1299991607666,,,534.0623779296875,,
2022-08-31,718.1472778320312,10.242500305175781,17.045000076293945,,,526.0235595703125,,
2022-09-01,705.9634399414062,10.042499542236328,16.584999084472656,,,504.1039123535156,,
2022-09-02,718.447021484375,10.432499885559082,17.059999465942383,,,518.0845947265625,,
2022-09-05,719.5453491210938,10.22249984741211,16.6825008392334,,,511.3439025878906,,
2022-09-06,721.2432861328125,10.172499656677246,16.637500762939453,,,513.9403686523438,,
2022-09-07,715.55078125,10.327500343322754,16.6299991607666,,,513.9403686523438,,
2022-09-08,717.4483032226562,10.557499885559082,16.920000076293945,,,510.0956115722656,,
2022-09-09,726.3364868164062,10.742500305175781,17.165000915527344,,,517.0360107421875,,
2022-09-12,738.520263671875,10.942500114440918,17.440000534057617,,,526.2734375,,
2022-09-13,729.8318481445312,10.477499961853027,16.790000915527344,,,510.7946472167969,,
2022-09-14,719.4456787109375,10.487500190734863,16.635000228881836,,,503.3050231933594,,
2022-09-15,711.3435668945312,10.4975004196167,16.30500030517578,,,501.90692138671875,,
2022-09-16,707.0487060546875,10.25,15.979999542236328,,,505.8514709472656,,
2022-09-20,702.2545166015625,10.392499923706055,16.209999084472656,,,485.704345703125,,
2022-09-21,706.8489379882812,10.324999809265137,16.282499313354492,,,489.2244567871094,,
2022-09-22,698.8585815429688,9.851249694824219,15.717499732971191,,,467.1549072265625,,
2022-09-23,685.6743774414062,9.641249656677246,15.537500381469727,,,449.9287109375,,
2022-09-26,685.5745239257812,9.65625,15.547499656677246,,,432.8523254394531,,
2022-09-27,681.67919921875,9.678750038146973,15.522500038146973,,,407.3874206542969,,
2022-09-28,683.9765014648438,9.789999961853027,15.442500114440918,,,424.6636047363281,,
2022-09-29,672.7899169921875,9.59375,15.1850004196167,,,413.6787109375,,
2022-09-30,674.1881713867188,9.6274995803833,15.324999809265137,,,435.0491943359375,,
2022-10-03,674.7874755859375,9.422499656677246,15.262499809265137,,,436.2974548339844,,
2022-10-04,691.9666748046875,9.842499732971191,15.859999656677246,,,438.0201110839844,,
2022-10-05,688.9703979492188,9.557499885559082,15.6899995803833,,,420.3695373535156,,
2022-10-06,684.2760009765625,9.706250190734863,15.930000305175781,,,424.93817138671875,,
2022-10-07,683.2772216796875,9.369999885559082,15.28499984741211,,,422.91595458984375,,
2022-10-10,680.7803344726562,9.239999771118164,14.914999961853027,,,416.6745910644531,,
2022-10-11,673.189453125,9.2524995803833,14.800000190734863,,,407.28759765625,,
2022-10-12,667.1966552734375,9.1875,14.71500015258789,,,402.2945251464844,,
2022-10-13,670.49267578125,9.164999961853027,14.859999656677246,,,407.7868957519531,,
2022-10-14,670.892333984375,9.131250381469727,14.84000015258789,,,416.5248718261719,,
2022-10-17,676.5853271484375,9.267499923706055,15.074999809265137,,,432.652587890625,,
2022-10-18,678.0836181640625,9.3725004196167,15.140000343322754,,,429.1324462890625,,
2022-10-19,676.9849243164062,9.350000381469727,15.21500015258789,,,416.0005187988281,,
2022-10-20,678.682861328125,9.332500457763672,15.425000190734863,,,423.81475830078125,,
2022-10-21,681.3795776367188,9.229999542236328,15.300000190734863,,,421.2683410644531,,
2022-10-24,685.474609375,9.358750343322754,15.6850004196167,,,427.7093811035156,,
2022-10-25,685.175048828125,9.68375015258789,16.06999969482422,,,449.47930908203125,,
2022-10-26,688.9703979492188,9.770000457763672,16.094999313354492,,,448.8801574707031,,
2022-10-27,691.0679931640625,9.585000038146973,15.734999656677246,,,455.6957702636719,,
2022-10-28,688.4710083007812,9.313750267028809,16.197500228881836,,,450.92730712890625,,
2022-10-31,693.1653442382812,9.436249732971191,16.15250015258789,,,447.8814697265625,,
2022-11-01,701.85498046875,9.305000305175781,15.9350004196167,,,456.3448791503906,,
2022-11-02,697.6599731445312,9.164999961853027,15.779999732971191,,,454.2228088378906,,
2022-11-03,701.85498046875,8.923749923706055,15.100000381469727,,,445.9342041015625,,
2022-11-04,717.03662109375,8.90999984741211,15.03499984741211,,,452.4002380371094,,
2022-11-07,712.7417602539062,8.864999771118164,15.3100004196167,,,455.5710144042969,,
2022-11-08,713.5408935546875,8.951250076293945,15.729999542236328,,,454.9967041015625,,
2022-11-09,712.2424926757812,8.760000228881836,15.34000015258789,,,456.36981201171875,,
2022-11-10,721.631103515625,9.232500076293945,16.155000686645508,,,483.6072082519531,,
2022-11-11,715.6383056640625,9.358750343322754,16.475000381469727,,,484.6307678222656,,
2022-11-14,721.631103515625,9.34375,16.592500686645508,,,477.64044189453125,,
2022-11-15,720.4325561523438,9.545000076293945,16.979999542236328,,,475.7430725097656,,
2022-11-16,718.6347045898438,9.356249809265137,16.604999542236328,,,467.1549072265625,,
2022-11-17,719.0342407226562,9.145000457763672,16.454999923706055,,,465.2956848144531,,
2022-11-18,722.4302368164062,9.173749923706055,16.582500457763672,,,472.78594970703125,,
2022-11-21,722.03076171875,9.05875015258789,16.44499969482422,,,473.73468017578125,,
2022-11-22,728.92236328125,9.1274995803833,16.530000686645508,,,470.8133850097656,,
2022-11-23,730.4205932617188,9.305000305175781,16.892499923706055,,,465.3206481933594,,
2022-11-24,731.2196655273438,9.352499961853027,16.957500457763672,,,472.9356994628906,,
2022-11-25,733.5167846679688,9.306249618530273,16.77750015258789,,,467.343017578125,,
2022-11-28,732.6179809570312,9.324999809265137,16.520000457763672,,,461.1011047363281,,
2022-11-29,736.3134765625,9.192500114440918,16.204999923706055,,,460.9013366699219,,
2022-11-30,741.9067993164062,9.202500343322754,16.309999465942383,,,452.8618469238281,,
2022-12-01,740.6082153320312,9.520000457763672,17.010000228881836,,,455.6082458496094,,
2022-12-02,740.6082153320312,9.462499618530273,16.854999542236328,,,462.69903564453125,,
2022-12-05,741.806884765625,9.3149995803833,16.780000686645508,,,464.4217834472656,,
2022-12-06,735.9139404296875,9.111249923706055,16.450000762939453,,,461.50054931640625,,
2022-12-07,733.3170166015625,9.038749694824219,16.200000762939453,,,460.20220947265625,,
2022-12-08,731.718994140625,9.086250305175781,16.489999771118164,,,454.3099060058594,,
2022-12-09,732.3182373046875,9.151249885559082,16.610000610351562,,,456.55694580078125,,
2022-12-12,729.1220703125,9.063750267028809,16.545000076293945,,,450.9642639160156,,
2022-12-13,735.1148681640625,9.202500343322754,17.165000915527344,,,461.2508850097656,,
2022-12-14,734.2159423828125,9.180000305175781,17.094999313354492,,,467.0932922363281,,
2022-12-15,723.3782348632812,8.87125015258789,16.270000457763672,,,461.85015869140625,,
2022-12-16,714.388427734375,8.751250267028809,15.960000038146973,,,443.7735900878906,,
2022-12-19,716.885498046875,8.647500038146973,15.739999771118164,,,446.3202819824219,,
2022-12-20,718.0841674804688,8.515000343322754,15.675000190734863,,,438.5304260253906,,
2022-12-21,729.571044921875,8.65999984741211,16.065000534057617,,,446.6199645996094,,
2022-12-22,727.3735961914062,8.422499656677246,15.53499984741211,,,442.3254699707031,,
2022-12-23,727.3735961914062,8.458749771118164,15.6850004196167,,,446.9445495605469,,
2022-12-28,729.7708129882812,8.306249618530273,15.329999923706055,,,446.17047119140625,,
2022-12-29,731.4689331054688,8.481249809265137,15.645000457763672,,,452.2626037597656,,
2022-12-30,725.7753295898438,8.438750267028809,15.522500038146973,,,449.69091796875,,
2023-01-03,735.6641845703125,8.387499809265137,15.420000076293945,,,459.27850341796875,,
2023-01-04,738.8605346679688,8.521249771118164,15.579999923706055,,,466.16949462890625,,
2023-01-05,743.0558471679688,8.454999923706055,15.335000038146973,,,460.9013366699219,,
2023-01-06,749.9478759765625,8.550000190734863,15.482500076293945,,,461.4755554199219,,
2023-01-09,751.945556640625,8.8412504196167,16.139999389648438,,,466.0446472167969,,
2023-01-10,749.5484008789062,8.728750228881836,15.8149995803833,,,460.2272033691406,,
2023-01-11,752.7447509765625,8.987500190734863,16.075000762939453,,,472.1367492675781,,
2023-01-12,759.7366943359375,9.008749961853027,16.235000610351562,,,484.3209533691406,,
2023-01-13,764.4314575195312,9.045000076293945,16.2450008392334,,,483.4220886230469,,
2023-01-16,765.9297485351562,9.157500267028809,16.3799991607666,,,489.4393005371094,,
2023-01-17,765.03076171875,9.1537504196167,16.44499969482422,,,486.3683166503906,,
2023-01-18,763.4326171875,9.151249885559082,16.385000228881836,,,480.4259338378906,,
2023-01-19,755.5416259765625,8.87125015258789,16.03499984741211,,,475.2826232910156,,
2023-01-20,757.1397705078125,9.013750076293945,16.295000076293945,,,476.0317077636719,,
2023-01-23,758.6380615234375,9.220000267028809,16.93000030517578,,,474.9581604003906,,
2023-01-24,756.0411987304688,9.2787504196167,16.924999237060547,,,475.757080078125,,
2023-01-25,754.4428100585938,9.157500267028809,16.639999389648438,,,479.4523620605469,,
2023-01-26,756.5404663085938,9.392499923706055,16.889999389648438,,,482.673095703125,,
2023-01-27,756.7401123046875,9.617500305175781,17.19499969482422,,,488.96490478515625,,
2023-01-30,758.2385864257812,9.616250038146973,16.982500076293945,,,488.64031982421875,,
2023-01-31,757.2396850585938,9.688750267028809,16.989999771118164,,,483.971435546875,,
2023-02-01,756.24072265625,9.670000076293945,17.114999771118164,,,486.018798828125,,
2023-02-02,761.6346435546875,10.2524995803833,17.950000762939453,,,515.3306884765625,,
2023-02-03,770.0252685546875,10.114999771118164,18.092500686645508,,,506.7418212890625,,
2023-02-06,763.1329956054688,9.90625,17.739999771118164,,,500.8494567871094,,
2023-02-07,765.5302734375,9.766249656677246,17.78499984741211,,,493.0596008300781,,
2023-02-08,767.5279541015625,9.786250114440918,17.860000610351562,,,497.4289245605469,,
2023-02-09,770.3247680664062,9.928750038146973,17.959999084472656,,,493.4590759277344,,
2023-02-10,767.2282104492188,9.699999809265137,17.575000762939453,,,489.1896057128906,,
2023-02-13,773.7208251953125,9.78499984741211,17.920000076293945,,,492.3355712890625,,
2023-02-14,774.4200439453125,9.787500381469727,17.81999969482422,,,489.3643798828125,,
2023-02-15,778.315673828125,10.007499694824219,17.959999084472656,,,487.7914733886719,,
2023-02-16,781.1124877929688,10.029999732971191,17.969999313354492,,,485.7557373046875,,
2023-02-17,779.9139404296875,9.707500457763672,17.5,,,489.1015930175781,,
2023-02-20,781.0126953125,9.8100004196167,17.549999237060547,,,485.9305114746094,,
2023-02-21,777.2169189453125,9.601249694824219,17.2450008392334,,,477.9402770996094,,
2023-02-22,773.12158203125,9.563750267028809,17.125,,,473.3209228515625,,
2023-02-23,773.3214111328125,9.467499732971191,17.2450008392334,,,476.0675964355469,,
2023-02-24,769.5256958007812,9.388750076293945,17.06999969482422,,,474.4444885253906,,
2023-02-27,775.3191528320312,9.529999732971191,17.190000534057617,,,478.21490478515625,,
2023-02-28,769.1261596679688,9.53499984741211,17.22249984741211,,,477.51580810546875,,
2023-03-01,773.6210327148438,9.380000114440918,17.049999237060547,,,469.7253723144531,,
2023-03-02,778.0160522460938,9.273750305175781,17.0,,,470.4245300292969,,
2023-03-03,778.1158447265625,9.521249771118164,17.440000534057617,,,471.3233337402344,,
2023-03-06,776.3179931640625,9.607500076293945,17.905000686645508,,,477.51580810546875,,
2023-03-07,775.4190063476562,9.444999694824219,17.55500030517578,,,471.84771728515625,,
2023-03-08,776.8173217773438,9.326250076293945,17.56999969482422,,,465.3556213378906,,
2023-03-09,772.6221313476562,9.390000343322754,17.780000686645508,,,452.49639892578125,,
2023-03-10,759.3372192382812,9.237500190734863,17.395000457763672,,,446.6036376953125,,
2023-03-13,740.1591186523438,9.095000267028809,17.235000610351562,,,442.6084899902344,,
2023-03-14,749.3485717773438,9.237500190734863,17.56999969482422,,,450.89837646484375,,
2023-03-15,720.7810668945312,9.102499961853027,17.325000762939453,,,450.448974609375,,
2023-03-16,724.1202392578125,9.361249923706055,17.892499923706055,,,445.9045104980469,,
2023-03-17,717.1278076171875,9.233750343322754,18.0,,,438.06402587890625,,
2023-03-20,724.0204467773438,9.227499961853027,17.950000762939453,,,439.7619934082031,,
2023-03-21,736.4071044921875,9.489999771118164,18.084999084472656,,,439.01287841796875,,
2023-03-22,739.503662109375,9.5,18.31999969482422,,,428.37591552734375,,
2023-03-23,733.7098999023438,9.462499618530273,18.55500030517578,,,428.775390625,,
2023-03-24,725.2191772460938,9.237500190734863,18.219999313354492,,,420.485595703125,,
2023-03-27,731.0128784179688,9.34000015258789,18.31999969482422,,,419.037353515625,,
2023-03-28,732.0117797851562,9.321249961853027,18.06999969482422,,,416.24072265625,,
2023-03-29,739.803466796875,9.423749923706055,18.44499969482422,,,425.77911376953125,,
2023-03-30,746.6959228515625,9.602499961853027,18.74250030517578,,,439.2626037597656,,
2023-03-31,747.8946533203125,9.727499961853027,18.854999542236328,,,441.40997314453125,,
2023-04-03,750.7915649414062,9.712499618530273,18.905000686645508,,,444.7059326171875,,
2023-04-04,746.9955444335938,9.675000190734863,18.975000381469727,,,444.4063415527344,,
2023-04-05,749.5928955078125,9.542499542236328,18.625,,,438.86309814453125,,
2023-04-06,757.4842529296875,9.475000381469727,18.655000686645508,,,452.8959655761719,,
2023-04-11,761.1803588867188,9.573749542236328,18.59749984741211,,,454.1444091796875,,
2023-04-12,765.2759399414062,9.5,18.577499389648438,,,457.6401672363281,,
2023-04-13,768.2726440429688,9.563750267028809,18.674999237060547,,,456.3167419433594,,
2023-04-14,770.8699340820312,9.612500190734863,18.712499618530273,,,459.9872131347656,,
2023-04-17,771.7689208984375,9.662500381469727,18.670000076293945,,,460.836181640625,,
2023-04-18,774.3662109375,9.733750343322754,18.8700008392334,,,457.1407165527344,,
2023-04-19,773.267333984375,9.71500015258789,18.780000686645508,,,451.79730224609375,,
2023-04-20,774.665771484375,9.631250381469727,18.760000228881836,,,456.1669006347656,,
2023-04-21,775.4649658203125,9.6875,18.625,,,456.51654052734375,,
2023-04-24,775.4649658203125,9.62874984741211,18.46500015258789,,,455.9421691894531,,
2023-04-25,773.16748046875,9.630000114440918,18.360000610351562,,,454.3940734863281,,
2023-04-26,769.77099609375,9.56624984741211,18.552499771118164,,,458.2143859863281,,
2023-04-27,768.072998046875,9.642499923706055,18.647499084472656,,,459.43792724609375,,
2023-04-28,772.3684692382812,9.668749809265137,18.8799991607666,,,470.1248779296875,,
2023-05-02,762.2791748046875,9.537500381469727,18.809999465942383,,,462.634033203125,,
2023-05-03,763.977294921875,9.657500267028809,18.850000381469727,,,463.008544921875,,
2023-05-04,755.9860229492188,9.52750015258789,18.655000686645508,,,460.836181640625,,
2023-05-05,763.5779418945312,9.657500267028809,19.094999313354492,,,466.6291809082031,,
2023-05-09,761.7796020507812,9.72249984741211,19.0049991607666,,,454.6438293457031,,
2023-05-10,759.8817749023438,9.795000076293945,19.177499771118164,,,455.4427490234375,,
2023-05-11,760.0816040039062,9.8125,19.084999084472656,,,456.1419677734375,,
2023-05-12,762.2791748046875,9.767499923706055,19.024999618530273,,,450.0244445800781,,
2023-05-15,764.376953125,9.727499961853027,19.149999618530273,,,457.6900634765625,,
2023-05-16,761.5800170898438,9.782500267028809,19.329999923706055,,,459.91229248046875,,
2023-05-17,759.5821533203125,9.904999732971191,19.34000015258789,,,455.6925048828125,,
2023-05-18,762.2791748046875,10.045000076293945,19.864999771118164,,,450.37396240234375,,
2023-05-19,763.8775024414062,10.005000114440918,19.895000457763672,,,446.6062927246094,,
2023-05-22,765.4756469726562,9.982500076293945,19.952499389648438,,,447.58026123046875,,
2023-05-23,763.977294921875,10.015000343322754,19.825000762939453,,,452.79937744140625,,
2023-05-24,750.8914184570312,9.817500114440918,19.440000534057617,,,444.0091857910156,,
2023-05-25,745.4972534179688,9.829999923706055,20.332500457763672,,,437.3914489746094,,
2023-05-26,751.3909301757812,10.045000076293945,20.84000015258789,,,435.0190734863281,,
2023-05-30,740.90234375,10.109999656677246,21.299999237060547,,,436.9669189453125,,
2023-05-31,733.4102783203125,9.917499542236328,20.93000030517578,,,436.5174865722656,,
2023-06-01,738.9043579101562,10.104999542236328,21.06999969482422,,,440.73779296875,,
2023-06-02,749.7926025390625,10.404999732971191,21.299999237060547,,,452.849365234375,,
2023-06-05,749.4929809570312,10.447500228881836,21.350000381469727,,,452.5996398925781,,
2023-06-06,752.7894287109375,10.475000381469727,21.100000381469727,,,455.04693603515625,,
2023-06-07,752.3897705078125,10.529999732971191,21.079999923706055,,,450.0525207519531,,
2023-06-08,749.9923706054688,10.59000015258789,21.030000686645508,,,446.9809265136719,,
2023-06-09,746.196533203125,10.667499542236328,21.227500915527344,,,445.0080261230469,,
2023-06-12,746.7958374023438,10.734999656677246,21.40999984741211,,,440.7626953125,,
2023-06-13,749.2930908203125,10.912500381469727,21.764999389648438,,,431.6478271484375,,
2023-06-14,750.2921142578125,10.967499732971191,22.0049991607666,,,429.72491455078125,,
2023-06-15,742.4034423828125,10.957500457763672,22.229999542236328,,,428.5262756347656,,
2023-06-16,743.3026123046875,11.017499923706055,22.2450008392334,,,430.573974609375,,
2023-06-19,738.1075439453125,10.977499961853027,22.077499389648438,,,423.53179931640625,,
2023-06-20,736.5090942382812,10.979999542236328,21.915000915527344,,,424.1311340332031,,
2023-06-21,736.009521484375,10.947500228881836,21.709999084472656,,,417.1888122558594,,
2023-06-22,730.7144775390625,11.02750015258789,21.809999465942383,,,410.0716552734375,,
2023-06-23,726.91796875,10.987500190734863,21.614999771118164,,,398.6593322753906,,
2023-06-26,726.1187133789062,10.942500114440918,21.665000915527344,,,400.1076965332031,,
2023-06-27,726.818115234375,10.949999809265137,21.6299991607666,,,402.20538330078125,,
2023-06-28,730.7144775390625,11.149999618530273,21.934999465942383,,,411.1954345703125,,
2023-06-29,728.0169677734375,11.092499732971191,21.94499969482422,,,403.853515625,,
2023-06-30,733.5117797851562,11.242500305175781,22.2549991607666,,,406.80023193359375,,
2023-07-03,733.212158203125,11.399999618530273,22.170000076293945,,,412.369140625,,
2023-07-04,732.5127563476562,11.354999542236328,22.2549991607666,,,419.2365417480469,,
2023-07-05,725.4193115234375,11.327500343322754,22.170000076293945,,,418.3874816894531,,
2023-07-06,709.2346801757812,11.140000343322754,21.889999389648438,,,403.6537780761719,,
2023-07-07,706.7369995117188,11.21500015258789,22.09000015258789,,,401.50616455078125,,
2023-07-10,708.7351684570312,11.194999694824219,21.94499969482422,,,399.9577941894531,,
2023-07-11,709.734130859375,11.270000457763672,21.905000686645508,,,408.6981506347656,,
2023-07-12,723.12158203125,11.452500343322754,22.30500030517578,,,421.73382568359375,,
2023-07-13,725.6192016601562,11.484999656677246,22.520000457763672,,,422.6078186035156,,
2023-07-14,724.8198852539062,11.614999771118164,22.850000381469727,,,422.4329833984375,,
2023-07-17,722.4222412109375,11.604999542236328,22.815000534057617,,,414.6416320800781,,
2023-07-18,726.7182006835938,11.59749984741211,22.860000610351562,,,418.43743896484375,,
2023-07-19,739.7059936523438,11.742500305175781,23.225000381469727,,,446.1567687988281,,
2023-07-20,745.4006958007812,11.420000076293945,22.90999984741211,,,444.85821533203125,,
2023-07-21,746.7993774414062,11.34000015258789,22.760000228881836,,,442.8603820800781,,
2023-07-24,748.7974243164062,11.350000381469727,22.65999984741211,,,440.4381103515625,,
2023-07-25,749.5968017578125,11.335000038146973,22.899999618530273,,,439.2144470214844,,
2023-07-26,748.2979736328125,11.3149995803833,22.610000610351562,,,441.26220703125,,
2023-07-27,750.1961669921875,11.475000381469727,22.975000381469727,,,439.3143615722656,,
2023-07-28,749.9963989257812,11.4399995803833,22.940000534057617,,,432.9963073730469,,
2023-07-31,750.6957397460938,11.489999771118164,22.924999237060547,,,435.3188171386719,,
2023-08-01,747.7985229492188,11.444999694824219,22.9950008392334,,,432.1722106933594,,
2023-08-02,737.5081176757812,11.22249984741211,22.46500015258789,,,427.6272277832031,,
2023-08-03,734.9105224609375,11.192500114440918,22.389999389648438,,,432.297119140625,,
2023-08-04,738.9066772460938,11.614999771118164,22.2549991607666,,,433.5706787109375,,
2023-08-07,737.8077392578125,11.40250015258789,21.915000915527344,,,431.3481750488281,,
2023-08-08,735.1102905273438,11.392499923706055,21.729999542236328,,,432.7216796875,,
2023-08-09,741.20458984375,11.335000038146973,21.545000076293945,,,434.2698974609375,,
2023-08-10,747.198974609375,11.432499885559082,21.704999923706055,,,435.7682189941406,,
2023-08-11,738.0076293945312,11.295000076293945,21.30500030517578,,,425.6294250488281,,
2023-08-14,736.209228515625,11.34000015258789,21.559999465942383,,,423.28204345703125,,
2023-08-15,724.7201538085938,11.2524995803833,21.697500228881836,,,419.2115478515625,,
2023-08-16,721.722900390625,11.1875,21.604999542236328,,,418.3375244140625,,
2023-08-17,717.6268310546875,11.02750015258789,21.25,,,408.3902893066406,,
2023-08-18,713.330810546875,10.817500114440918,21.059999465942383,,,401.87188720703125,,
2023-08-21,713.130859375,10.899999618530273,21.40999984741211,,,394.304443359375,,
2023-08-22,713.93017578125,11.022500038146973,21.7450008392334,,,400.0986328125,,
2023-08-23,719.2252197265625,11.047499656677246,22.024999618530273,,,410.9128112792969,,
2023-08-24,721.1234741210938,10.957500457763672,21.790000915527344,,,410.4881896972656,,
2023-08-25,721.6229858398438,10.897500038146973,21.584999084472656,,,408.939697265625,,
2023-08-29,734.2111206054688,11.192500114440918,22.34000015258789,,,415.633056640625,,
2023-08-30,735.1102905273438,11.305000305175781,22.579999923706055,,,417.7309265136719,,
2023-08-31,732.31298828125,11.390000343322754,22.690000534057617,,,418.35528564453125,,
2023-09-01,735.2102661132812,11.305000305175781,22.729999542236328,,,411.28741455078125,,
2023-09-04,733.8115844726562,11.329999923706055,22.7549991607666,,,409.3892822265625,,
2023-09-05,732.4127807617188,11.282500267028809,22.795000076293945,,,408.0406799316406,,
2023-09-06,730.614501953125,11.162500381469727,22.5049991607666,,,411.71197509765625,,
2023-09-07,732.31298828125,11.137499809265137,22.1200008392334,,,408.0906066894531,,
2023-09-08,735.8096923828125,11.324999809265137,22.295000076293945,,,409.7639465332031,,
2023-09-11,738.0076293945312,11.512499809265137,22.145000457763672,,,410.78790283203125,,
2023-09-12,741.1046142578125,11.4975004196167,22.014999389648438,,,408.1905517578125,,
2023-09-13,740.7050170898438,11.574999809265137,22.0049991607666,,,411.8618469238281,,
2023-09-14,746.78369140625,11.647500038146973,22.094999313354492,,,421.4022216796875,,
2023-09-15,750.1808471679688,11.5024995803833,21.700000762939453,,,416.806884765625,,
2023-09-18,744.7852783203125,11.3774995803833,21.760000228881836,,,404.64410400390625,,
2023-09-19,745.284912109375,11.192500114440918,21.645000457763672,,,405.74298095703125,,
2023-09-20,752.2791748046875,11.274999618530273,21.71500015258789,,,419.828857421875,,
2023-09-21,746.9835205078125,10.912500381469727,21.165000915527344,,,420.7279052734375,,
2023-09-22,747.1832885742188,10.90999984741211,21.280000686645508,,,418.2803649902344,,
2023-09-25,742.7869873046875,10.779999732971191,21.19499969482422,,,413.58514404296875,,
2023-09-26,742.287353515625,10.654999732971191,20.8799991607666,,,413.9847106933594,,
2023-09-27,739.5896606445312,10.5649995803833,20.860000610351562,,,402.5461730957031,,
2023-09-28,741.188232421875,10.604999542236328,21.010000228881836,,,396.1776123046875,,
2023-09-29,741.5879516601562,10.75,21.190000534057617,,,405.29345703125,,
2023-10-02,731.9957885742188,10.8100004196167,21.399999618530273,,,399.94873046875,,
2023-10-03,728.1990356445312,10.489999771118164,21.0049991607666,,,395.303466796875,,
2023-10-04,722.803466796875,10.595000267028809,21.15999984741211,,,395.4532775878906,,
2023-10-05,726.9000854492188,10.539999961853027,21.1200008392334,,,400.847900390625,,
2023-10-06,730.5970458984375,10.539999961853027,21.540000915527344,,,402.0466613769531,,
2023-10-09,730.4971313476562,10.532500267028809,21.584999084472656,,,399.8988342285156,,
2023-10-10,743.386474609375,10.875,21.969999313354492,,,410.53814697265625,,
2023-10-11,742.886962890625,10.854999542236328,21.950000762939453,,,414.5841064453125,,
2023-10-12,745.8843994140625,10.852499961853027,22.25,,,409.33935546875,,
2023-10-13,741.6878662109375,10.645000457763672,21.844999313354492,,,402.7459716796875,,
2023-10-16,744.3856811523438,10.755000114440918,22.010000228881836,,,403.7449645996094,,
2023-10-17,748.8818969726562,10.779999732971191,21.809999465942383,,,408.1905517578125,,
2023-10-18,740.1890258789062,10.625,21.635000228881836,,,397.8259582519531,,
2023-10-19,732.5953979492188,10.460000038146973,21.639999389648438,,,391.0077819824219,,
2023-10-20,722.803466796875,10.147500038146973,21.024999618530273,,,389.05975341796875,,
2023-10-23,720.0057983398438,10.1875,21.114999771118164,,,387.2115783691406,,
2023-10-24,721.4046630859375,10.260000228881836,21.1200008392334,,,388.4603271484375,,
2023-10-25,723.5029296875,10.135000228881836,21.155000686645508,,,381.01776123046875,,
2023-10-26,718.2072143554688,9.930000305175781,20.594999313354492,,,379.9938049316406,,
2023-10-27,712.0122680664062,10.147500038146973,20.8125,,,383.86492919921875,,
2023-10-30,715.3097534179688,10.09749984741211,20.7450008392334,,,384.414306640625,,
2023-10-31,715.009765625,10.15250015258789,20.84000015258789,,,390.3084411621094,,
2023-11-01,717.2080078125,10.267499923706055,21.204999923706055,,,394.6041259765625,,
2023-11-02,727.5995483398438,10.572500228881836,21.725000381469727,,,420.77789306640625,,
2023-11-03,723.203125,10.765000343322754,22.02750015258789,,,430.6679992675781,,
2023-11-06,724.202392578125,10.78499984741211,22.170000076293945,,,417.13153076171875,,
2023-11-07,723.6028442382812,10.864999771118164,22.5,,,419.3793029785156,,
2023-11-08,722.5037231445312,10.862500190734863,22.524999618530273,,,418.829833984375,,
2023-11-09,728.8984375,10.78499984741211,22.770000457763672,,,424.2744140625,,
2023-11-10,719.3063354492188,10.71500015258789,22.850000381469727,,,421.7768859863281,,
2023-11-13,725.5011596679688,10.895000457763672,23.014999389648438,,,421.7269592285156,,
2023-11-14,727.0999145507812,11.2524995803833,23.399999618530273,,,449.8986511230469,,
2023-11-15,731.2965087890625,11.282500267028809,23.53499984741211,,,446.2523498535156,,
2023-11-16,725.1015625,11.114999771118164,23.420000076293945,,,436.8470153808594,,
2023-11-17,734.2939453125,11.199999809265137,23.4950008392334,,,444.6898193359375,,
2023-11-20,733.3947143554688,11.244999885559082,23.760000228881836,,,445.4890441894531,,
2023-11-21,731.8958740234375,11.194999694824219,23.625,,,435.0486755371094,,
2023-11-22,730.5970458984375,11.279999732971191,23.78499984741211,,,440.41876220703125,,
2023-11-23,732.8952026367188,11.287500381469727,23.809999465942383,,,438.7951965332031,,
2023-11-24,733.49462890625,11.302499771118164,23.65999984741211,,,437.2966003417969,,
2023-11-27,730.5970458984375,11.354999542236328,23.709999084472656,,,441.0931091308594,,
2023-11-28,730.1973876953125,11.380000114440918,23.799999237060547,,,436.4473876953125,,
2023-11-29,726.6002807617188,11.359999656677246,23.790000915527344,,,441.3428649902344,,
2023-11-30,729.298095703125,11.292499542236328,23.600000381469727,,,435.9977722167969,,
2023-12-01,736.99169921875,11.397500038146973,23.690000534057617,,,443.99041748046875,,
2023-12-04,735.0934448242188,11.395000457763672,23.280000686645508,,,441.4427490234375,,
2023-12-05,733.1948852539062,11.507499694824219,23.510000228881836,,,448.43634033203125,,
2023-12-06,735.4930419921875,11.515000343322754,23.5049991607666,,,453.7813720703125,,
2023-12-07,735.6927490234375,11.5600004196167,23.575000762939453,,,450.0848388671875,,
2023-12-08,739.9893798828125,11.595000267028809,23.795000076293945,,,447.03759765625,,
2023-12-11,739.689453125,11.595000267028809,23.84000015258789,,,451.533447265625,,
2023-12-12,739.7894287109375,11.604999542236328,24.1299991607666,,,446.38818359375,,
2023-12-13,740.0891723632812,11.607500076293945,24.309999465942383,,,451.033935546875,,
2023-12-14,744.0463256835938,11.944999694824219,24.3700008392334,,,475.3614501953125,,
2023-12-15,737.451171875,11.992500305175781,24.614999771118164,,,470.4660339355469,,
2023-12-18,740.9486083984375,12.104999542236328,24.53499984741211,,,470.56585693359375,,
2023-12-19,742.7472534179688,12.1850004196167,24.604999542236328,,,471.0404968261719,,
2023-12-20,751.14111328125,12.207500457763672,24.65999984741211,,,482.6048278808594,,
2023-12-21,748.742919921875,12.104999542236328,24.46500015258789,,,479.20794677734375,,
2023-12-22,749.4423217773438,12.09000015258789,24.565000534057617,,,478.8582458496094,,
2023-12-27,751.6406860351562,12.154999732971191,24.614999771118164,,,483.7537536621094,,
2023-12-28,751.3408813476562,12.130000114440918,24.729999542236328,,,481.8055725097656,,
2023-12-29,752.5399780273438,12.119999885559082,24.75,,,477.58441162109375,,
2024-01-02,750.84130859375,11.960000038146973,24.065000534057617,,,474.06268310546875,,
2024-01-03,747.0439453125,11.75,23.770000457763672,,,469.017333984375,,
2024-01-04,750.641357421875,11.710000038146973,23.719999313354492,,,468.7925720214844,,
2024-01-05,747.3439331054688,11.635000228881836,23.739999771118164,,,466.3198547363281,,
2024-01-08,747.9434814453125,11.704999923706055,24.03499984741211,,,471.2153015136719,,
2024-01-09,747.1439208984375,11.765000343322754,24.239999771118164,,,467.36883544921875,,
2024-01-10,743.846435546875,11.867500305175781,24.440000534057617,,,466.244873046875,,
2024-01-11,737.5511474609375,11.805000305175781,24.385000228881836,,,462.1237487792969,,
2024-01-12,742.0477905273438,11.824999809265137,24.729999542236328,,,465.97015380859375,,
2024-01-15,739.2499389648438,11.78499984741211,24.75,,,462.54827880859375,,
2024-01-16,735.3528442382812,11.762499809265137,24.93000030517578,,,461.1246337890625,,
2024-01-17,724.8606567382812,11.630000114440918,24.670000076293945,,,444.1153259277344,,
2024-01-18,726.45947265625,11.6899995803833,25.219999313354492,,,441.29290771484375,,
2024-01-19,726.5593872070312,11.71500015258789,25.520000457763672,,,441.29290771484375,,
2024-01-22,729.3572998046875,11.805000305175781,26.020000457763672,,,448.5612487792969,,
2024-01-23,729.157470703125,11.729999542236328,25.969999313354492,,,442.56671142578125,,
2024-01-24,733.0545043945312,11.8149995803833,26.40999984741211,,,449.88494873046875,,
2024-01-25,733.25439453125,11.642499923706055,26.6299991607666,,,450.4844055175781,,
2024-01-26,743.846435546875,11.704999923706055,26.280000686645508,,,454.83038330078125,,
2024-01-29,743.6466674804688,11.720000267028809,26.1299991607666,,,459.0265808105469,,
2024-01-30,746.4446411132812,11.859999656677246,26.270000457763672,,,458.82672119140625,,
2024-01-31,742.6474609375,11.725000381469727,25.739999771118164,,,461.3243713378906,,
2024-02-01,742.0477905273438,11.637499809265137,25.760000228881836,,,452.43267822265625,,
2024-02-02,741.2484130859375,12.020000457763672,26.229999542236328,,,450.83404541015625,,
2024-02-05,740.9486083984375,11.852499961853027,26.3700008392334,,,447.78692626953125,,
2024-02-06,747.3439331054688,11.96500015258789,26.34000015258789,,,451.4335632324219,,
2024-02-07,742.447509765625,12.130000114440918,26.59000015258789,,,448.586181640625,,
2024-02-08,738.8502197265625,12.164999961853027,26.809999465942383,,,446.5880126953125,,
2024-02-09,736.35205078125,12.207500457763672,27.110000610351562,,,440.39373779296875,,
2024-02-12,736.95166015625,12.34000015258789,27.309999465942383,,,443.99041748046875,,
2024-02-13,730.6563110351562,12.069999694824219,26.700000762939453,,,434.4492492675781,,
2024-02-14,736.65185546875,12.042499542236328,26.700000762939453,,,435.49822998046875,,
2024-02-15,740.6488647460938,12.140000343322754,26.719999313354492,,,438.835205078125,,
2024-02-16,751.6406860351562,12.239999771118164,26.815000534057617,,,440.6836853027344,,
2024-02-19,753.3394775390625,12.170000076293945,26.649999618530273,,,442.8318786621094,,
2024-02-20,752.240234375,12.074999809265137,26.020000457763672,,,440.5837097167969,,
2024-02-21,746.5445556640625,12.164999961853027,25.90999984741211,,,440.13409423828125,,
2024-02-22,750.0418701171875,12.345000267028809,27.059999465942383,,,438.53546142578125,,
2024-02-23,752.1402587890625,12.390000343322754,27.15999984741211,,,435.83770751953125,,
2024-02-26,750.3416748046875,12.444999694824219,27.219999313354492,,,434.38885498046875,,
2024-02-27,749.7421264648438,12.470000267028809,27.079999923706055,,,431.6411437988281,,
2024-02-28,744.0463256835938,12.529999732971191,27.079999923706055,,,425.6460876464844,,
2024-02-29,745.2454833984375,12.505000114440918,27.110000610351562,,,428.3439025878906,,
2024-03-01,750.7412719726562,12.604999542236328,27.6299991607666,,,436.23736572265625,,
2024-03-04,746.24462890625,12.550000190734863,27.950000762939453,,,434.88848876953125,,
2024-03-05,746.8442993164062,12.335000038146973,27.360000610351562,,,435.73773193359375,,
2024-03-06,749.842041015625,12.34749984741211,27.65999984741211,,,439.3847351074219,,
2024-03-07,754.3387451171875,12.385000228881836,28.079999923706055,,,440.5586853027344,,
2024-03-08,751.240966796875,12.369999885559082,27.950000762939453,,,446.0541687011719,,
2024-03-11,751.9404296875,12.270000457763672,27.549999237060547,,,445.7794189453125,,
2024-03-12,759.8345947265625,12.380000114440918,28.010000228881836,,,442.0325622558594,,
2024-03-13,762.1328735351562,12.414999961853027,27.790000915527344,,,442.8318786621094,,
2024-03-14,754.7853393554688,12.292499542236328,27.809999465942383,,,438.2107238769531,,
2024-03-15,753.1864624023438,12.154999732971191,27.40999984741211,,,437.736083984375,,
2024-03-18,752.6868286132812,12.260000228881836,27.649999618530273,,,440.83349609375,,
2024-03-19,754.2858276367188,12.335000038146973,27.639999389648438,,,437.5362854003906,,
2024-03-20,754.0858764648438,12.359999656677246,27.729999542236328,,,442.5321044921875,,
2024-03-21,768.376220703125,12.645000457763672,28.329999923706055,,,452.6737060546875,,
2024-03-22,773.5725708007812,12.494999885559082,28.190000534057617,,,455.4713439941406,,
2024-03-25,772.2734985351562,12.494999885559082,28.139999389648438,,,454.77191162109375,,
2024-03-26,773.1728515625,12.5600004196167,28.1200008392334,,,455.6212463378906,,
2024-03-27,773.6725463867188,12.542499542236328,27.809999465942383,,,454.9717712402344,,
2024-03-28,776.6705322265625,12.604999542236328,27.8700008392334,,,460.4671936035156,,
2024-04-02,774.2720947265625,12.319999694824219,27.59000015258789,,,449.72613525390625,,
2024-04-03,773.9723510742188,12.404999732971191,27.860000610351562,,,447.4530334472656,,
2024-04-04,778.76904296875,12.470000267028809,27.93000030517578,,,451.52459716796875,,
2024-04-05,771.7738037109375,12.302499771118164,27.559999465942383,,,445.2298889160156,,
2024-04-08,775.071533203125,12.46500015258789,27.559999465942383,,,449.07666015625,,
2024-04-09,774.3721313476562,12.414999961853027,27.280000686645508,,,447.5279541015625,,
2024-04-10,776.4705200195312,12.329999923706055,27.329999923706055,,,441.0333251953125,,
2024-04-11,774.172119140625,12.305000305175781,27.549999237060547,,,444.7303161621094,,
2024-04-12,781.3673095703125,12.302499771118164,27.674999237060547,,,441.95758056640625,,
2024-04-15,778.2693481445312,12.220000267028809,27.600000381469727,,,441.2331848144531,,
2024-04-16,764.2788696289062,12.0,27.06999969482422,,,434.2389831542969,,
2024-04-17,767.4766845703125,11.925000190734863,26.809999465942383,,,431.39141845703125,,
2024-04-18,770.4747314453125,11.96500015258789,26.670000076293945,,,438.1856994628906,,
2024-04-19,772.2734985351562,11.779999732971191,25.959999084472656,,,438.8851318359375,,
2024-04-22,784.764892578125,11.664999961853027,25.649999618530273,,,444.1806945800781,,
2024-04-23,786.6636962890625,11.887499809265137,26.270000457763672,,,448.42718505859375,,
2024-04-24,785.964111328125,11.994999885559082,26.40999984741211,,,440.08416748046875,,
2024-04-25,790.6609497070312,11.859999656677246,26.020000457763672,,,440.18402099609375,,
2024-04-26,796.1572265625,12.1225004196167,26.889999389648438,,,445.6295166015625,,
2024-04-29,797.2564086914062,12.3100004196167,26.850000381469727,,,448.32733154296875,,
2024-04-30,796.2571411132812,12.204999923706055,26.760000228881836,,,446.50384521484375,,
2024-05-01,793.958740234375,11.994999885559082,26.100000381469727,,,447.3031311035156,,
2024-05-02,800.1544799804688,12.119999885559082,26.270000457763672,,,454.3473205566406,,
2024-05-03,804.3516235351562,12.289999961853027,27.25,,,459.4680480957031,,
2024-05-07,814.044921875,12.385000228881836,27.610000610351562,,,467.41143798828125,,
2024-05-08,818.2421264648438,12.289999961853027,27.530000686645508,,,468.6603698730469,,
2024-05-09,821.239990234375,12.3774995803833,27.530000686645508,,,467.56134033203125,,
2024-05-10,826.4365844726562,12.295000076293945,27.59000015258789,,,463.41473388671875,,
2024-05-13,824.1381225585938,12.289999961853027,27.790000915527344,,,462.26568603515625,,
2024-05-14,825.6371459960938,12.300000190734863,27.860000610351562,,,464.5638427734375,,
2024-05-15,827.735595703125,12.345000267028809,28.510000228881836,,,477.7528076171875,,
2024-05-16,829.2345581054688,12.335000038146973,28.799999237060547,,,473.3109130859375,,
2024-05-17,826.8363037109375,12.295000076293945,28.510000228881836,,,467.614990234375,,
2024-05-20,827.3359985351562,12.282500267028809,28.799999237060547,,,464.8669738769531,,
2024-05-21,826.5364379882812,12.135000228881836,28.90999984741211,,,463.96759033203125,,
2024-05-22,822.0396118164062,12.255000114440918,29.030000686645508,,,463.3680419921875,,
2024-05-23,818.8417358398438,12.114999771118164,29.43000030517578,,,454.1745910644531,,
2024-05-24,816.9430541992188,12.130000114440918,29.399999618530273,,,458.1717529296875,,
2024-05-28,811.3468017578125,12.072500228881836,29.84000015258789,,,461.5693054199219,,
2024-05-29,803.951904296875,12.024999618530273,29.739999771118164,,,455.7734680175781,,
2024-05-30,808.8486328125,12.045000076293945,29.299999237060547,,,465.1167297363281,,
2024-05-31,813.24560546875,11.9350004196167,28.559999465942383,,,464.64215087890625,,
2024-06-03,811.7465209960938,12.077500343322754,29.139999389648438,,,472.7612609863281,,
2024-06-04,808.9485473632812,12.077500343322754,29.170000076293945,,,470.3630065917969,,
2024-06-05,810.5473022460938,12.157500267028809,29.959999084472656,,,469.2638244628906,,
2024-06-06,815.444091796875,12.25,30.049999237060547,,,469.2638244628906,,
2024-06-07,811.0469970703125,12.295000076293945,30.030000686645508,,,459.9704284667969,,
2024-06-10,809.9478149414062,12.270000457763672,30.299999237060547,,,459.22100830078125,,
2024-06-11,801.6533813476562,12.210000038146973,30.530000686645508,,,451.5264587402344,,
2024-06-12,808.7485961914062,12.430000305175781,31.549999237060547,,,461.4693908691406,,
2024-06-13,792.770263671875,12.357500076293945,31.850000381469727,,,454.8241271972656,,
2024-06-14,791.171142578125,12.220000267028809,31.969999313354492,,,455.2238464355469,,
2024-06-17,790.1716918945312,12.362500190734863,32.209999084472656,,,453.37518310546875,,
2024-06-18,795.4688720703125,12.375,32.5,,,459.2709655761719,,
2024-06-19,796.2684326171875,12.387499809265137,32.939998626708984,,,451.5264587402344,,
2024-06-20,803.3645629882812,12.444999694824219,32.66999816894531,,,457.5222473144531,,
2024-06-21,800.166259765625,12.510000228881836,32.06999969482422,,,453.07537841796875,,
2024-06-24,804.2640380859375,12.595000267028809,31.639999389648438,,,458.1217956542969,,
2024-06-25,801.165771484375,12.5,31.670000076293945,,,453.625,,
2024-06-26,798.866943359375,12.574999809265137,31.709999084472656,,,449.727783203125,,
2024-06-27,794.9690551757812,12.704999923706055,31.780000686645508,,,450.177490234375,,
2024-06-28,793.4698486328125,12.734999656677246,32.11000061035156,,,454.1745910644531,,
2024-07-01,793.769775390625,12.670000076293945,31.920000076293945,,,452.0261535644531,,
2024-07-02,788.7725219726562,12.8725004196167,32.13999938964844,,,452.176025390625,,
2024-07-03,793.6697387695312,12.949999809265137,32.58000183105469,,,460.7199401855469,,
2024-07-04,800.7659912109375,13.010000228881836,32.689998626708984,,,459.8205871582031,,
2024-07-05,797.068115234375,13.055000305175781,32.88999938964844,,,464.017578125,,
2024-07-08,796.4683227539062,13.145000457763672,33.09000015258789,,,458.9212341308594,,
2024-07-09,790.9713134765625,13.149999618530273,33.18000030517578,,,457.1224670410156,,
2024-07-10,796.6680908203125,13.135000228881836,33.38999938964844,,,465.5165100097656,,
2024-07-11,799.266845703125,13.1899995803833,32.83000183105469,,,473.1110534667969,,
2024-07-12,802.0653076171875,13.220000267028809,33.27000045776367,,,472.91119384765625,,
2024-07-15,794.9690551757812,13.279999732971191,33.369998931884766,,,474.2602233886719,,
2024-07-16,793.3699951171875,13.287500381469727,33.029998779296875,,,473.96044921875,,
2024-07-17,795.9685668945312,13.154999732971191,32.13999938964844,,,470.8127136230469,,
2024-07-18,797.5676879882812,13.039999961853027,31.6200008392334,,,471.5122375488281,,
2024-07-19,792.3704833984375,12.842499732971191,31.56999969482422,,,466.86553955078125,,
2024-07-22,796.7681274414062,12.9350004196167,31.649999618530273,,,467.2152404785156,,
2024-07-23,793.3699951171875,13.0649995803833,32.220001220703125,,,461.81915283203125,,
2024-07-24,792.5703735351562,12.585000038146973,31.09000015258789,,,457.5721740722656,,
2024-07-25,795.5687866210938,12.510000228881836,30.65999984741211,,,457.971923828125,,
2024-07-26,805.8631591796875,12.484999656677246,30.59000015258789,,,461.71917724609375,,
2024-07-29,806.2628784179688,12.6899995803833,30.450000762939453,,,465.91619873046875,,
2024-07-30,804.4639892578125,12.675000190734863,30.049999237060547,,,469.21380615234375,,
2024-07-31,813.5589599609375,12.885000228881836,30.989999771118164,,,469.4136962890625,,
2024-08-01,805.5633544921875,12.680000305175781,30.549999237060547,,,471.4122619628906,,
2024-08-02,794.9690551757812,11.949999809265137,29.360000610351562,,,471.8619384765625,,
2024-08-05,779.0777587890625,11.71500015258789,28.5,,,458.0218200683594,,
2024-08-06,780.4769897460938,11.795000076293945,28.75,,,456.82269287109375,,
2024-08-07,794.26953125,11.899999618530273,29.15999984741211,,,462.868408203125,,
2024-08-08,794.0696411132812,11.852499961853027,28.979999542236328,,,460.2702331542969,,
2024-08-09,796.3683471679688,11.920000076293945,29.280000686645508,,,464.4671630859375,,
2024-08-12,800.5661010742188,11.864999771118164,29.56999969482422,,,461.16961669921875,,
2024-08-13,803.1646118164062,12.029999732971191,30.290000915527344,,,463.96759033203125,,
2024-08-14,807.4623413085938,12.130000114440918,30.700000762939453,,,469.7134704589844,,
2024-08-15,816.5574340820312,12.460000038146973,31.290000915527344,,,470.6128234863281,,
2024-08-16,812.8594360351562,12.529999732971191,31.3799991607666,,,462.56451416015625,,
2024-08-19,817.6567993164062,12.617500305175781,31.559999465942383,,,465.71258544921875,,
2024-08-20,809.2613525390625,12.65999984741211,31.8700008392334,,,462.2147216796875,,
2024-08-21,810.4607543945312,12.789999961853027,31.90999984741211,,,461.9149169921875,,
2024-08-22,811.0604248046875,12.732500076293945,31.770000457763672,,,466.3622131347656,,
2024-08-23,815.258056640625,12.805000305175781,31.770000457763672,,,471.209228515625,,
2024-08-27,816.6573486328125,12.640000343322754,31.579999923706055,,,469.81005859375,,
2024-08-28,816.6573486328125,12.547499656677246,31.190000534057617,,,466.51202392578125,,
2024-08-29,821.0549926757812,12.6899995803833,31.59000015258789,,,457.9173889160156,,
2024-08-30,820.1553955078125,12.635000228881836,31.15999984741211,,,464.86309814453125,,
2024-09-02,819.1558837890625,12.739999771118164,31.459999084472656,,,466.66204833984375,,
2024-09-03,812.5595703125,12.720000267028809,30.450000762939453,,,464.4632873535156,,
2024-09-04,809.6611328125,12.645000457763672,29.920000076293945,,,466.6120300292969,,
2024-09-05,807.3623046875,12.729999542236328,29.799999237060547,,,470.6595153808594,,
2024-09-06,801.765380859375,12.53499984741211,29.18000030517578,,,473.1080017089844,,
2024-09-09,810.4607543945312,12.595000267028809,29.34000015258789,,,472.7581787109375,,
2024-09-10,804.064208984375,12.744999885559082,29.790000915527344,,,479.70391845703125,,
2024-09-11,803.2645874023438,12.604999542236328,29.829999923706055,,,477.10552978515625,,
2024-09-12,799.64990234375,12.994999885559082,30.979999542236328,,,482.3023376464844,,
2024-09-13,802.4486083984375,13.194999694824219,31.290000915527344,,,488.3486022949219,,
2024-09-16,802.948486328125,13.142499923706055,30.969999313354492,,,487.1493835449219,,
2024-09-17,806.047119140625,13.305000305175781,31.100000381469727,,,482.202392578125,,
2024-09-18,800.449462890625,13.199999809265137,30.899999618530273,,,478.3048095703125,,
2024-09-19,808.0462646484375,13.454999923706055,31.84000015258789,,,484.22613525390625,,
2024-09-20,797.55078125,13.404999732971191,31.600000381469727,,,477.2554626464844,,
2024-09-23,800.849365234375,13.555000305175781,31.6299991607666,,,480.5034484863281,,
2024-09-24,803.1483154296875,13.699999809265137,31.670000076293945,,,475.0567932128906,,
2024-09-25,801.8489379882812,13.707500457763672,31.989999771118164,,,475.5065002441406,,
2024-09-26,803.8480834960938,13.694999694824219,32.11000061035156,,,479.2042236328125,,
2024-09-27,807.4464111328125,13.75,31.979999542236328,,,482.1024475097656,,
2024-09-30,798.9501342773438,13.640000343322754,32.0,,,476.4559020996094,,
2024-10-01,803.1483154296875,13.522500038146973,31.329999923706055,,,478.4547119140625,,
2024-10-02,804.2478637695312,13.555000305175781,31.6299991607666,,,471.15924072265625,,
2024-10-03,803.748046875,13.392499923706055,31.739999771118164,,,468.560791015625,,
2024-10-04,803.748046875,13.425000190734863,31.809999465942383,,,465.61260986328125,,
2024-10-07,805.7472534179688,13.390000343322754,32.15999984741211,,,462.3646240234375,,
2024-10-08,794.7520141601562,13.420000076293945,32.34000015258789,,,460.2159423828125,,
2024-10-09,800.2496337890625,13.5649995803833,32.72999954223633,,,464.3384094238281,,
2024-10-10,800.0497436523438,13.53499984741211,32.81999969482422,,,461.6650390625,,
2024-10-11,801.6489868164062,13.452500343322754,32.86000061035156,,,465.5626525878906,,
2024-10-14,805.1474609375,13.447500228881836,33.20000076293945,,,462.63946533203125,,
2024-10-15,800.6494750976562,13.53499984741211,32.88999938964844,,,464.4632873535156,,
2024-10-16,808.8458862304688,13.484999656677246,32.66999816894531,,,473.20794677734375,,
2024-10-17,814.2434692382812,13.545000076293945,33.18000030517578,,,471.15924072265625,,
2024-10-18,811.6445922851562,13.609999656677246,33.09000015258789,,,466.9618225097656,,
2024-10-21,807.5464477539062,13.46500015258789,33.04999923706055,,,459.86614990234375,,
2024-10-22,806.546875,13.4399995803833,33.290000915527344,,,456.2183837890625,,
2024-10-23,801.9488525390625,13.295000076293945,33.029998779296875,,,455.2440490722656,,
2024-10-24,803.248291015625,13.635000228881836,32.880001068115234,,,453.1703186035156,,
2024-10-25,801.8489379882812,13.819999694824219,33.34000015258789,,,452.2708435058594,,
2024-10-28,805.3473510742188,13.852499961853027,33.130001068115234,,,455.0191345214844,,
2024-10-29,798.5503540039062,13.680000305175781,33.31999969482422,,,452.1709289550781,,
2024-10-30,792.9528198242188,13.827500343322754,33.18000030517578,,,453.1203308105469,,
2024-10-31,787.9549560546875,13.524999618530273,31.979999542236328,,,440.12835693359375,,
2024-11-01,794.7520141601562,13.824999809265137,32.209999084472656,,,439.42877197265625,,
2024-11-04,795.9514770507812,13.734999656677246,32.13999938964844,,,438.9790954589844,,
2024-11-05,794.3522338867188,13.875,32.439998626708984,,,436.4306335449219,,
2024-11-06,793.9523315429688,14.324999809265137,33.119998931884766,,,427.2862854003906,,
2024-11-07,792.8528442382812,14.675000190734863,33.72999954223633,,,431.9333801269531,,
2024-11-08,786.2556762695312,14.864999771118164,33.790000915527344,,,435.481201171875,,
2024-11-11,791.553466796875,15.1875,33.45000076293945,,,435.781005859375,,
2024-11-12,781.7576904296875,14.984999656677246,33.619998931884766,,,430.8340759277344,,
2024-11-13,781.7576904296875,15.079999923706055,33.54999923706055,,,422.189453125,,
2024-11-14,786.4556884765625,15.024999618530273,33.630001068115234,,,424.02838134765625,,
2024-11-15,785.85595703125,14.744999885559082,32.79999923706055,,,425.72747802734375,,
2024-11-18,790.2539672851562,14.890000343322754,32.90999984741211,,,419.5307312011719,,
2024-11-19,789.2544555664062,14.864999771118164,32.91999816894531,,,422.0294189453125,,
2024-11-20,787.8551025390625,14.65999984741211,32.7599983215332,,,415.9076232910156,,
2024-11-21,794.5521240234375,14.760000228881836,33.2599983215332,,,417.18194580078125,,
2024-11-22,805.7472534179688,14.9399995803833,33.099998474121094,,,426.5270690917969,,
2024-11-25,808.0462646484375,15.194999694824219,33.25,,,430.0752258300781,,
2024-11-26,805.5473022460938,15.194999694824219,33.369998931884766,,,426.4271240234375,,
2024-11-27,806.9466552734375,15.135000228881836,32.86000061035156,,,432.7738342285156,,
2024-11-28,808.2461547851562,15.194999694824219,33.16999816894531,,,431.724365234375,,
2024-11-29,808.2461547851562,15.204999923706055,33.349998474121094,,,430.8747863769531,,
2024-12-02,811.1448974609375,15.4350004196167,33.70000076293945,,,425.65252685546875,,
2024-12-03,816.1426391601562,15.414999961853027,33.720001220703125,,,425.2777404785156,,
2024-12-04,813.943603515625,15.574999809265137,34.29999923706055,,,429.5754699707031,,
2024-12-05,815.343017578125,15.789999961853027,34.41999816894531,,,423.1788330078125,,
2024-12-06,811.1448974609375,16.02750015258789,34.40999984741211,,,423.1038818359375,,
2024-12-09,815.343017578125,16.125,34.27000045776367,,,417.9315185546875,,
2024-12-10,808.1461791992188,16.225000381469727,34.029998779296875,,,417.5317687988281,,
2024-12-11,809.6455078125,16.389999389648438,34.40999984741211,,,412.7842102050781,,
2024-12-12,805.4969482421875,16.424999237060547,34.2599983215332,,,413.2340393066406,,
2024-12-13,804.4973754882812,16.31999969482422,34.31999969482422,,,410.5354309082031,,
2024-12-16,800.6988525390625,16.614999771118164,34.59000015258789,,,406.68743896484375,,
2024-12-17,794.5010986328125,16.690000534057617,34.709999084472656,,,403.8388977050781,,
2024-12-18,794.7010498046875,16.739999771118164,34.81999969482422,,,404.2886657714844,,
2024-12-19,786.504150390625,16.030000686645508,34.06999969482422,,,394.7436828613281,,
2024-12-20,785.2045288085938,16.1299991607666,34.2400016784668,,,398.8665466308594,,
2024-12-23,786.4041748046875,15.970000267028809,34.380001068115234,,,398.8665466308594,,
2024-12-24,789.403076171875,16.040000915527344,34.689998626708984,,,401.7149963378906,,
2024-12-27,790.9025268554688,16.049999237060547,34.43000030517578,,,401.290283203125,,
2024-12-30,788.5032958984375,15.795000076293945,34.130001068115234,,,399.0914001464844,,
2024-12-31,792.8016967773438,15.854999542236328,34.279998779296875,,,403.3891906738281,,
2025-01-02,801.79833984375,15.609999656677246,33.869998931884766,,,402.3397216796875,,
2025-01-03,799.4992065429688,15.65250015258789,34.09000015258789,,,402.9394226074219,,
2025-01-06,802.9979248046875,15.96500015258789,34.959999084472656,,,401.1403503417969,,
2025-01-07,802.4981079101562,15.640000343322754,34.220001220703125,,,397.4422607421875,,
2025-01-08,802.5980224609375,15.550000190734863,33.959999084472656,,,386.3730773925781,,
2025-01-09,808.3958740234375,15.550000190734863,33.83000183105469,,,387.597412109375,,
2025-01-10,801.5985107421875,15.390000343322754,33.0,,,384.29913330078125,,
2025-01-13,798.599609375,15.345000267028809,32.619998931884766,,,383.39959716796875,,
2025-01-14,796.8002319335938,15.5649995803833,32.86000061035156,,,385.3985290527344,,
2025-01-15,806.0968017578125,15.755000114440918,33.40999984741211,,,400.3907165527344,,
2025-01-16,815.3932495117188,15.84000015258789,33.470001220703125,,,399.7910461425781,,
2025-01-17,825.8893432617188,16.107500076293945,33.7599983215332,,,405.7879333496094,,
2025-01-20,827.9884643554688,16.1299991607666,33.939998626708984,,,400.140869140625,,
2025-01-21,830.6875610351562,16.1299991607666,33.650001525878906,,,398.2917785644531,,
2025-01-22,830.1876220703125,16.235000610351562,34.59000015258789,,,394.3438720703125,,
2025-01-23,832.0869750976562,16.174999237060547,34.540000915527344,,,397.4922790527344,,
2025-01-24,826.7889404296875,16.219999313354492,34.599998474121094,,,395.5682373046875,,
2025-01-27,826.7889404296875,16.122499465942383,32.470001220703125,,,399.3412780761719,,
2025-01-28,829.3880004882812,16.235000610351562,33.15999984741211,,,403.9888610839844,,
2025-01-29,831.8870849609375,16.24250030517578,33.18000030517578,,,401.49017333984375,,
2025-01-30,840.78369140625,16.295000076293945,32.939998626708984,,,406.13775634765625,,
2025-01-31,842.9827880859375,16.469999313354492,33.560001373291016,,,410.2356262207031,,
2025-02-03,834.6859741210938,16.09000015258789,32.400001525878906,,,404.7884521484375,,
2025-02-04,832.9866943359375,16.2549991607666,32.849998474121094,,,403.1392822265625,,
2025-02-05,838.3846435546875,16.100000381469727,33.11000061035156,,,411.6348876953125,,
2025-02-06,848.4807739257812,16.1200008392334,33.41999816894531,,,411.73480224609375,,
2025-02-07,846.181640625,15.864999771118164,33.279998779296875,,,405.6879577636719,,
2025-02-10,852.7791748046875,15.880000114440918,33.709999084472656,,,410.2605895996094,,
2025-02-11,853.3789672851562,15.694999694824219,33.84000015258789,,,408.0367431640625,,
2025-02-12,856.1778564453125,15.600000381469727,33.52000045776367,,,408.4865417480469,,
2025-02-13,853.0791015625,15.770000457763672,34.08000183105469,,,408.7228088378906,,
2025-02-14,849.3804931640625,15.817500114440918,34.25,,,410.1221618652344,,
2025-02-17,853.3789672851562,15.8100004196167,34.5,,,408.3729248046875,,
2025-02-18,852.479248046875,15.71500015258789,34.540000915527344,,,407.57330322265625,,
2025-02-19,847.1813354492188,15.675000190734863,34.58000183105469,,,404.124755859375,,
2025-02-20,844.1824340820312,15.529999732971191,34.459999084472656,,,405.6741027832031,,
2025-02-21,844.38232421875,15.422499656677246,34.380001068115234,,,406.3738098144531,,
2025-02-24,843.5827026367188,15.149999618530273,33.61000061035156,,,404.824462890625,,
2025-02-25,844.5823364257812,14.774999618530273,32.77000045776367,,,406.02398681640625,,
2025-02-26,851.0798950195312,15.145000457763672,33.40999984741211,,,403.5750427246094,,
2025-02-27,853.9786987304688,14.9399995803833,32.849998474121094,,,400.62628173828125,,
2025-02-28,858.8768310546875,14.765000343322754,31.979999542236328,,,399.9765625,,
2025-03-03,865.0745849609375,14.90250015258789,32.04999923706055,,,395.6284484863281,,
2025-03-04,854.1786499023438,14.239999771118164,30.950000762939453,,,395.02874755859375,,
2025-03-05,853.0791015625,14.364999771118164,31.020000457763672,,,388.9064025878906,,
2025-03-06,848.6807250976562,14.4350004196167,31.420000076293945,,,384.7331848144531,,
2025-03-07,849.0806274414062,13.890000343322754,30.75,,,390.33074951171875,,
2025-03-10,841.0836181640625,13.805000305175781,30.209999084472656,,,395.6284484863281,,
2025-03-11,831.0872802734375,13.587499618530273,29.8700008392334,,,395.7784423828125,,
2025-03-12,835.8856201171875,13.755000114440918,30.489999771118164,,,396.5780334472656,,
2025-03-13,832.6340942382812,13.345000267028809,29.969999313354492,,,394.8537902832031,,
2025-03-14,841.6312255859375,13.545000076293945,30.510000228881836,,,400.9012145996094,,
2025-03-17,846.229736328125,13.53499984741211,30.479999542236328,,,405.32427978515625,,
2025-03-18,848.5289916992188,13.364999771118164,30.389999389648438,,,403.07525634765625,,
2025-03-19,848.9288330078125,13.515000343322754,30.6299991607666,,,401.026123046875,,
2025-03-20,848.7289428710938,13.595000267028809,30.520000457763672,,,404.2747497558594,,
2025-03-21,842.6309204101562,13.579999923706055,30.450000762939453,,,404.87445068359375,,
2025-03-24,842.430908203125,14.119999885559082,31.149999618530273,,,400.3763732910156,,
2025-03-25,845.130126953125,14.225000381469727,31.229999542236328,,,402.07568359375,,
2025-03-26,847.5292358398438,14.175000190734863,30.6299991607666,,,402.47552490234375,,
2025-03-27,845.8298950195312,14.234999656677246,30.389999389648438,,,400.4263916015625,,
2025-03-28,845.0301513671875,13.699999809265137,29.59000015258789,,,406.69866943359375,,
2025-03-31,834.6334228515625,13.454999923706055,29.049999237060547,,,404.6245422363281,,
2025-04-01,842.2310180664062,13.84000015258789,29.690000534057617,,,406.6737060546875,,
2025-04-02,839.831787109375,13.927499771118164,29.959999084472656,,,403.3751220703125,,
2025-04-03,827.1359252929688,13.295000076293945,28.270000457763672,,,410.4720458984375,,
2025-04-04,786.5487670898438,12.914999961853027,26.65999984741211,,,391.3303527832031,,
2025-04-07,752.4596557617188,12.270000457763672,25.729999542236328,,,373.5130615234375,,
2025-04-08,772.8531494140625,12.779999732971191,27.020000457763672,,,381.6595458984375,,
2025-04-09,751.0601196289062,12.292499542236328,26.149999618530273,,,369.3149108886719,,
2025-04-10,775.1524658203125,13.017499923706055,27.81999969482422,,,383.78363037109375,,
2025-04-11,780.9505615234375,12.829999923706055,28.059999465942383,,,388.4815979003906,,
2025-04-14,797.4453125,13.15999984741211,28.959999084472656,,,396.0782775878906,,
2025-04-15,808.9417114257812,13.130000114440918,29.0,,,407.4233703613281,,
2025-04-16,811.240966796875,13.029999732971191,28.260000228881836,,,412.82098388671875,,
2025-04-17,812.2406005859375,12.779999732971191,27.670000076293945,,,417.9937438964844,,
2025-04-22,817.9387817382812,12.837499618530273,27.459999084472656,,,418.6684875488281,,
2025-04-23,825.0364379882812,13.28499984741211,28.520000457763672,,,417.86883544921875,,
2025-04-24,825.6363525390625,13.324999809265137,29.09000015258789,,,418.2186584472656,,
2025-04-25,826.1361694335938,13.635000228881836,29.479999542236328,,,420.5676574707031,,
2025-04-28,826.5360107421875,13.579999923706055,29.43000030517578,,,421.4672546386719,,
2025-04-29,831.33447265625,13.619999885559082,29.809999465942383,,,422.71673583984375,,
2025-04-30,832.7340698242188,13.494999885559082,29.59000015258789,,,422.79168701171875,,
2025-05-01,834.2335205078125,13.875,31.0,,,429.5637512207031,,
2025-05-02,843.8304443359375,13.842499732971191,31.0,,,430.03857421875,,
2025-05-06,844.4302978515625,13.725000381469727,30.639999389648438,,,431.8627624511719,,
2025-05-07,841.1314086914062,13.739999771118164,30.440000534057617,,,427.3147277832031,,
2025-05-08,838.5322265625,14.010000228881836,31.15999984741211,,,422.3169250488281,,
2025-05-09,841.0313720703125,14.050000190734863,31.059999465942383,,,424.71588134765625,,
2025-05-12,845.6299438476562,14.734999656677246,32.25,,,421.41729736328125,,
2025-05-13,845.130126953125,14.989999771118164,33.209999084472656,,,416.26953125,,
2025-05-14,843.7305297851562,15.114999771118164,33.560001373291016,,,418.4185791015625,,
2025-05-15,850.3284301757812,14.9350004196167,33.61000061035156,,,418.57586669921875,,
2025-05-16,855.1268920898438,15.104999542236328,33.439998626708984,,,421.42498779296875,,
2025-05-19,856.6264038085938,15.045000076293945,33.439998626708984,,,421.0751037597656,,
2025-05-20,864.52392578125,15.082500457763672,33.380001068115234,,,422.44970703125,,
2025-05-21,864.8237915039062,14.942500114440918,33.5099983215332,,,420.27532958984375,,
2025-05-22,860.6251831054688,14.8149995803833,33.0099983215332,,,414.3771057128906,,
2025-05-23,858.2259521484375,14.649999618530273,32.529998779296875,,,413.32745361328125,,
2025-05-27,864.4239501953125,15.03499984741211,33.189998626708984,,,419.7254943847656,,
2025-05-28,859.7254638671875,15.085000038146973,33.290000915527344,,,422.7246398925781,,
2025-05-29,860.0253295898438,15.087499618530273,33.459999084472656,,,430.17242431640625,,
2025-05-30,865.5235595703125,15.02750015258789,33.099998474121094,,,430.1224365234375,,
2025-06-02,865.6235961914062,14.77750015258789,33.310001373291016,,,428.42291259765625,,
2025-06-03,867.322998046875,15.050000190734863,33.939998626708984,,,427.5732116699219,,
2025-06-04,868.7225952148438,14.954999923706055,34.13999938964844,,,425.9736633300781,,
2025-06-05,870.0220947265625,15.0024995803833,34.439998626708984,,,424.72406005859375,,
2025-06-06,872.7212524414062,14.760000228881836,34.22999954223633,,,424.3741455078125,,
2025-06-09,872.3214111328125,14.770000457763672,34.38999938964844,,,427.3232727050781,,
2025-06-10,874.4207763671875,14.96500015258789,34.220001220703125,,,434.3711853027344,,
2025-06-11,875.5203857421875,15.140000343322754,34.61000061035156,,,432.0218505859375,,
2025-06-12,865.5390014648438,14.942500114440918,34.689998626708984,,,434.1212463378906,,
2025-06-13,862.2396850585938,14.854999542236328,34.470001220703125,,,428.4729309082031,,
2025-06-16,863.8394165039062,14.949999809265137,34.79999923706055,,,428.42291259765625,,
2025-06-17,860.239990234375,14.850000381469727,34.68000030517578,,,431.22210693359375,,
2025-06-18,861.1398315429688,14.854999542236328,34.650001525878906,,,435.6707458496094,,
2025-06-19,856.7406616210938,14.539999961853027,34.220001220703125,,,432.92156982421875,,
2025-06-20,855.041015625,14.670000076293945,34.540000915527344,,,435.1209411621094,,
2025-06-23,854.2410888671875,14.9350004196167,34.630001068115234,,,432.8716125488281,,
2025-06-24,854.6410522460938,15.085000038146973,35.400001525878906,,,436.2206115722656,,
2025-06-25,850.6417846679688,14.930000305175781,35.68000030517578,,,432.5216979980469,,
2025-06-26,852.9412841796875,15.020000457763672,35.93000030517578,,,436.24560546875,,
2025-06-27,859.0402221679688,15.212499618530273,36.290000915527344,,,438.4699401855469,,
2025-06-30,854.14111328125,15.229999542236328,36.279998779296875,,,434.87103271484375,,
2025-07-01,856.640625,15.234999656677246,36.04999923706055,,,439.8695373535156,,
2025-07-02,855.640869140625,15.34000015258789,36.400001525878906,,,423.3744201660156,,
2025-07-03,860.0401000976562,15.4350004196167,37.0099983215332,,,426.5735168457031,,
2025-07-04,859.9400634765625,15.335000038146973,36.75,,,424.5740661621094,,
2025-07-07,858.4403076171875,15.244999885559082,36.779998779296875,,,424.2741394042969,,
2025-07-08,863.1394653320312,15.207500457763672,36.72999954223633,,,421.1250915527344,,
2025-07-09,864.8391723632812,15.225000381469727,36.90999984741211,,,422.5746765136719,,
2025-07-10,875.4371337890625,15.395000457763672,37.04999923706055,,,418.4259033203125,,
2025-07-11,872.1378173828125,15.385000228881836,37.09000015258789,,,416.2265319824219,,
2025-07-14,877.1368408203125,15.470000267028809,36.88999938964844,,,418.8757629394531,,
2025-07-15,871.0380249023438,15.40999984741211,37.470001220703125,,,416.95135498046875,,
2025-07-16,870.1381225585938,15.239999771118164,37.029998779296875,,,413.727294921875,,
2025-07-17,874.33740234375,15.3774995803833,37.77000045776367,,,414.3271179199219,,
2025-07-18,876.0370483398438,15.489999771118164,37.709999084472656,,,418.85076904296875,,
2025-07-21,878.1366577148438,15.619999885559082,37.959999084472656,,,424.0742492675781,,
2025-07-22,878.8366088867188,15.640000343322754,37.4900016784668,,,424.3741455078125,,
2025-07-23,882.535888671875,15.774999618530273,37.43000030517578,,,420.1753845214844,,
2025-07-24,890.234375,15.614999771118164,37.86000061035156,,,420.2253723144531,,
2025-07-25,888.5347900390625,15.710000038146973,37.97999954223633,,,418.6258239746094,,
2025-07-28,885.1353759765625,15.869999885559082,38.119998931884766,,,420.0754089355469,,
2025-07-29,890.1344604492188,15.6899995803833,38.2599983215332,,,416.5764465332031,,
2025-07-30,890.0345458984375,15.65250015258789,38.27000045776367,,,414.35211181640625,,
2025-07-31,890.1344604492188,15.602499961853027,38.54999923706055,,,415.17681884765625,,
2025-08-01,884.1355590820312,15.055000305175781,37.470001220703125,,,409.4285583496094,,
2025-08-04,889.3345947265625,15.125,38.06999969482422,,,414.4770812988281,,
2025-08-05,891.0343017578125,15.204999923706055,37.88999938964844,,,415.40179443359375,,
2025-08-06,893.1339111328125,15.460000038146973,38.25,,,420.1253967285156,,
2025-08-07,888.9346313476562,15.545000076293945,38.650001525878906,,,414.52703857421875,,
2025-08-08,888.4347534179688,15.654999732971191,38.77000045776367,,,416.8263854980469,,
2025-08-11,891.2342529296875,15.6850004196167,39.029998779296875,,,413.727294921875,,
2025-08-12,893.5338134765625,15.75,39.11000061035156,,,408.3288879394531,,
2025-08-13,895.4334106445312,15.949999809265137,39.25,,,408.6537780761719,,
2025-08-14,899.2327270507812,15.960000038146973,39.099998474121094,,,404.4233093261719,,
2025-08-15,895.7333984375,16.010000228881836,38.93000030517578,,,402.3236999511719,,
2025-08-18,897.0331420898438,16.010000228881836,38.84000015258789,,,399.8741760253906,,
2025-08-19,900.8324584960938,16.094999313354492,38.59000015258789,,,401.673828125,,
2025-08-20,910.03076171875,15.84000015258789,37.81999969482422,,,405.1231994628906,,
2025-08-21,912.8302001953125,15.755000114440918,37.93000030517578,,,402.8236083984375,,
2025-08-22,913.5300903320312,16.174999237060547,38.52000045776367,,,407.6726989746094,,
2025-08-26,908.0311279296875,16.174999237060547,38.380001068115234,,,401.2239074707031,,
2025-08-27,907.2313232421875,16.31999969482422,38.599998474121094,,,400.57403564453125,,
2025-08-28,904.2318725585938,16.274999618530273,38.81999969482422,,,398.0744934082031,,
2025-08-29,901.232421875,16.15999984741211,38.310001373291016,,,394.8751220703125,,
2025-09-01,901.832275390625,16.1825008392334,38.369998931884766,,,395.3750305175781,,
2025-09-02,894.4336547851562,15.899999618530273,37.59000015258789,,,381.42767333984375,,
2025-09-03,900.5325317382812,16.110000610351562,38.130001068115234,,,385.376953125,,
2025-09-04,904.331787109375,16.295000076293945,38.2599983215332,,,386.1767578125,,
2025-09-05,903.4319458007812,16.40999984741211,38.38999938964844,,,391.67572021484375,,
2025-09-08,902.732177734375,16.520000457763672,38.900001525878906,,,391.5257568359375,,
2025-09-09,905.83154296875,16.43000030517578,38.560001373291016,,,392.32562255859375,,
2025-09-10,904.1318359375,16.30500030517578,39.529998779296875,,,390.42596435546875,,
2025-09-11,904.4054565429688,16.510000228881836,39.630001068115234,,,390.4759521484375,,
2025-09-12,902.9056396484375,16.6200008392334,39.66999816894531,,,389.17620849609375,,
2025-09-15,902.5056762695312,16.934999465942383,39.810001373291016,,,394.6751708984375,,
2025-09-16,894.006591796875,16.93000030517578,39.849998474121094,,,391.9256896972656,,
2025-09-17,895.5064086914062,16.864999771118164,39.41999816894531,,,394.775146484375,,
2025-09-18,897.7062377929688,16.94499969482422,40.099998474121094,,,397.6745910644531,,
2025-09-19,895.9063720703125,16.8799991607666,40.15999984741211,,,396.27484130859375,,
2025-09-22,895.806396484375,16.93000030517578,40.77000045776367,,,395.625,,
2025-09-23,895.9063720703125,16.719999313354492,41.02000045776367,,,399.7991943359375,,
2025-09-24,898.1061401367188,16.739999771118164,40.58000183105469,,,400.77398681640625,,
2025-09-25,895.2064819335938,16.545000076293945,40.529998779296875,,,396.89971923828125,,
2025-09-26,901.6057739257812,16.6200008392334,40.45000076293945,,,399.5242614746094,,
2025-09-29,903.70556640625,16.729999542236328,40.880001068115234,,,402.67364501953125,,
2025-09-30,908.3051147460938,16.639999389648438,41.0099983215332,,,404.97320556640625,,
2025-10-01,918.1040649414062,16.764999389648438,41.25,,,408.5225524902344,,
2025-10-02,916.80419921875,16.7549991607666,41.599998474121094,,,407.0228271484375,,
2025-10-03,922.3036499023438,16.65999984741211,41.880001068115234,,,410.82208251953125,,
2025-10-06,921.8036499023438,16.670000076293945,41.86000061035156,,,408.87249755859375,,
2025-10-07,922.4036254882812,16.56999969482422,41.4900016784668,,,406.9228210449219,,
2025-10-08,928.802978515625,16.524999618530273,42.02000045776367,,,397.6246032714844,,
2025-10-09,924.703369140625,16.399999618530273,42.119998931884766,,,399.42425537109375,,
2025-10-10,917.5040893554688,16.204999923706055,41.18000030517578,,,396.8497619628906,,
2025-10-13,918.7039794921875,16.292499542236328,41.47999954223633,,,408.42254638671875,,
2025-10-14,919.50390625,16.290000915527344,40.86000061035156,,,409.2223815917969,,
2025-10-15,916.5042114257812,16.424999237060547,41.310001373291016,,,411.072021484375,,
2025-10-16,918.60400390625,16.385000228881836,41.45000076293945,,,413.821533203125,,
2025-10-17,910.6048583984375,16.235000610351562,40.84000015258789,,,411.072021484375,,
2025-10-20,917.30419921875,16.44499969482422,41.95000076293945,,,411.721923828125,,
2025-10-21,919.0039672851562,16.7450008392334,41.849998474121094,,,417.22088623046875,,
2025-10-22,927.6030883789062,16.600000381469727,41.279998779296875,,,429.2185974121094,,
2025-10-23,934.6023559570312,16.520000457763672,41.79999923706055,,,430.51837158203125,,
2025-10-24,,16.647300720214844,42.48619842529297,,,431.1082763671875,,
2025-10-27,940.8016967773438,16.915000915527344,43.150001525878906,,,428.9686584472656,,
2025-10-28,946.1011352539062,17.0,43.709999084472656,,,424.9693908691406,,
2025-10-29,951.2006225585938,16.899999618530273,44.38999938964844,,,425.2193603515625,,
2025-10-30,951.1006469726562,16.584999084472656,44.04999923706055,,,419.82037353515625,,
2025-10-31,947.2009887695312,16.9950008392334,43.83000183105469,,,416.47100830078125,,
2025-11-03,945.4012451171875,17.209999084472656,43.95000076293945,,,415.5711669921875,,
2025-11-04,946.6011352539062,17.024999618530273,43.349998474121094,,,420.77020263671875,,
2025-11-05,952.6004638671875,16.94499969482422,43.2599983215332,,,423.61968994140625,,
2025-11-06,948.3009033203125,16.670000076293945,42.2400016784668,,,425.5942687988281,,
2025-11-07,943.7013549804688,16.565000534057617,41.20000076293945,,,427.16900634765625,,
2025-11-10,953.8003540039062,16.850000381469727,42.59000015258789,,,428.0688171386719,,
2025-11-11,964.4991455078125,16.90999984741211,42.540000915527344,,,431.76812744140625,,
2025-11-12,965.6990356445312,16.844999313354492,42.709999084472656,,,428.6187438964844,,
2025-11-13,957.199951171875,16.594999313354492,42.099998474121094,,,424.30694580078125,,
2025-11-14,947.301025390625,16.440000534057617,42.29999923706055,,,413.9580078125,,
2025-11-17,944.601318359375,16.354999542236328,41.779998779296875,,,411.8082275390625,,
2025-11-18,932.3026123046875,15.944999694824219,40.93000030517578,,,409.658447265625,,
2025-11-19,928.3030395507812,15.824999809265137,41.119998931884766,,,406.75872802734375,,
2025-11-20,930.802734375,15.960000038146973,41.40999984741211,,,402.859130859375,,
2025-11-21,931.7025756835938,15.729999542236328,39.97999954223633,,,404.13397216796875,,
2025-11-24,931.2026977539062,16.079999923706055,41.09000015258789,,,401.8092346191406,,
2025-11-25,939.1019287109375,16.290000915527344,40.779998779296875,,,406.8087463378906,,
2025-11-26,947.6010131835938,16.520000457763672,41.79999923706055,,,414.6079406738281,,
2025-11-27,947.7009887695312,16.485000610351562,41.650001525878906,,,419.5074157714844,,
2025-11-28,950.5006103515625,16.6299991607666,41.77000045776367,,,419.6574401855469,,
2025-12-01,949.0008544921875,16.674999237060547,41.81999969482422,,,415.2078857421875,,
2025-12-02,948.90087890625,16.565000534057617,42.099998474121094,,,418.30755615234375,,
2025-12-03,948.2008666992188,16.729999542236328,42.15999984741211,,,417.7076110839844,,
2025-12-04,950.900634765625,16.645000457763672,42.2400016784668,,,417.95758056640625,,
2025-12-05,947.0009765625,16.764999389648438,42.36000061035156,,,415.35784912109375,,
2025-12-08,945.1012573242188,16.559999465942383,42.77000045776367,,,407.3586730957031,,
2025-12-09,944.80126953125,16.579999923706055,42.959999084472656,,,406.1087951660156,,
2025-12-10,945.8012084960938,16.65999984741211,42.75,,,402.10919189453125,,
2025-12-11,945.553955078125,16.790000915527344,42.2400016784668,,,402.3591613769531,,
2025-12-12,939.9542846679688,16.790000915527344,41.560001373291016,,,402.3591613769531,,
2025-12-15,950.3538208007812,16.954999923706055,41.33000183105469,,,403.35906982421875,,
2025-12-16,943.6541137695312,16.950000762939453,40.9900016784668,,,405.6588439941406,,
2025-12-17,951.6537475585938,16.950000762939453,40.41999816894531,,,409.8084411621094,,
2025-12-18,957.5534057617188,17.200000762939453,41.060001373291016,,,412.7081298828125,,
2025-12-19,963.0531616210938,17.040000915527344,41.529998779296875,,,412.7081298828125,,
2025-12-22,959.5532836914062,17.1200008392334,41.90999984741211,,,412.30816650390625,,
2025-12-23,961.8532104492188,17.065000534057617,42.11000061035156,,,414.00799560546875,,
2025-12-24,960.6532592773438,17.1299991607666,42.22999954223633,,,415.0578918457031,,
2025-12-29,960.3533325195312,16.96500015258789,42.150001525878906,,,420.50732421875,,
2025-12-30,967.3529663085938,16.934999465942383,42.34000015258789,,,422.55712890625,,
2025-12-31,966.6530151367188,16.905000686645508,42.13999938964844,,,422.7571105957031,,
2026-01-02,968.7528686523438,16.625,41.88999938964844,,,418.9075012207031,,
2026-01-05,973.2526245117188,16.899999618530273,42.06999969482422,,,423.2070617675781,,
2026-01-06,984.2521362304688,16.915000915527344,42.040000915527344,,,423.30706787109375,,
2026-01-07,976.6525268554688,17.145000457763672,42.310001373291016,,,436.15576171875,,
2026-01-08,976.9524536132812,17.274999618530273,41.31999969482422,,,438.35552978515625,,
2026-01-09,984.652099609375,17.424999237060547,41.72999954223633,,,436.4057312011719,,
2026-01-12,986.552001953125,17.565000534057617,42.0099983215332,,,431.55621337890625,,
2026-01-13,986.35205078125,17.475000381469727,42.040000915527344,,,430.75628662109375,,
2026-01-14,990.2518310546875,17.21500015258789,41.2400016784668,,,432.6061096191406,,
2026-01-15,995.9515380859375,17.28499984741211,41.939998626708984,,,444.4049377441406,,
2026-01-16,996.9515380859375,17.21500015258789,41.70000076293945,,,446.25469970703125,,
2026-01-19,992.9517211914062,16.989999771118164,40.959999084472656,,,443.405029296875,,
2026-01-20,986.35205078125,16.90999984741211,40.939998626708984,,,437.3056335449219,,
2026-01-21,987.5519409179688,16.93000030517578,40.810001373291016,,,436.65570068359375,,
2026-01-22,988.451904296875,17.200000762939453,41.189998626708984,,,441.0052490234375,,
2026-01-23,988.0519409179688,17.290000915527344,41.33000183105469,,,438.9054870605469,,
2026-01-26,988.5518798828125,17.274999618530273,41.689998626708984,,,442.65509033203125,,
2026-01-27,994.2516479492188,17.28499984741211,42.36000061035156,,,443.1550598144531,,
2026-01-28,988.951904296875,17.235000610351562,42.40999984741211,,,447.6045837402344,,
2026-01-29,990.851806640625,17.045000076293945,40.959999084472656,,,447.2046203613281,,
2026-01-30,996.551513671875,17.084999084472656,41.380001068115234,,,445.65478515625,,
2026-02-02,1007.9509887695312,17.174999237060547,41.45000076293945,,,446.3047180175781,,
2026-02-03,1004.5510864257812,17.104999542236328,40.380001068115234,,,446.40472412109375,,
2026-02-04,1013.3507080078125,17.040000915527344,39.599998474121094,,,453.2040100097656,,
2026-02-05,1004.1511840820312,16.559999465942383,39.41999816894531,,,444.9548645019531,,
2026-02-06,1010.15087890625,16.315000534057617,40.29999923706055,,,443.405029296875,,
2026-02-09,1012.1507568359375,16.405000686645508,41.150001525878906,,,442.1551513671875,,
2026-02-10,1009.3509521484375,16.559999465942383,41.18000030517578,,,446.0047302246094,,
2026-02-11,1020.3504028320312,16.344999313354492,40.95000076293945,,,452.8040771484375,,
2026-02-12,1013.5506591796875,16.219999313354492,40.09000015258789,,,451.3042297363281,,
2026-02-13,1018.1505126953125,16.207500457763672,39.83000183105469,,,453.2040100097656,,
2026-02-16,1020.3504028320312,16.155000686645508,39.619998931884766,,,450.0543518066406,,
2026-02-17,1028.14990234375,16.084999084472656,39.790000915527344,,,457.25360107421875,,
2026-02-18,1042.1492919921875,16.354999542236328,40.61000061035156,,,455.3038024902344,,
2026-02-19,1038.949462890625,16.21500015258789,40.2400016784668,,,450.79998779296875,,
2026-02-20,1044.94921875,16.25749969482422,40.31999969482422,,,454.95001220703125,,
2026-02-23,1044.5491943359375,15.925000190734863,39.91999816894531,,,454.3999938964844,,
2026-02-24,1043.94921875,16.25,40.25,,,447.3999938964844,,
2026-02-25,1055.9486083984375,16.280000686645508,40.97999954223633,,,451.8500061035156,,
2026-02-26,1060.9483642578125,16.309999465942383,40.310001373291016,,,453.6000061035156,,
2026-02-27,1067.548095703125,16.247499465942383,39.75,,,454.6000061035156,,
2026-03-02,1053.3487548828125,16.03499984741211,39.54999923706055,,,447.79998779296875,,
2026-03-03,1024.9501953125,15.800000190734863,39.22999954223633,,,432.1000061035156,,
2026-03-04,1033.3497314453125,16.280000686645508,39.93000030517578,,,437.3500061035156,,
2026-03-05,1018.5504150390625,16.264999389648438,40.08000183105469,,,430.79998779296875,,
2026-03-06,1006.551025390625,16.024999618530273,39.790000915527344,,,424.70001220703125,,
2026-03-09,1002.9512329101562,15.765000343322754,39.619998931884766,,,408.95001220703125,,
2026-03-10,1019.3504638671875,16.110000610351562,40.34000015258789,,,419.1499938964844,,
2026-03-11,1013.1507568359375,15.9375,40.18000030517578,,,413.5,,
2026-03-12,1010.7508544921875,15.734999656677246,39.7599983215332,,,409.95001220703125,,
2026-03-13,1005.7510986328125,15.569999694824219,39.15999984741211,,,406.1499938964844,,
2026-03-16,1011.1508178710938,15.675000190734863,39.599998474121094,,,411.29998779296875,,
2026-03-17,1020.150390625,15.859999656677246,39.650001525878906,,,416.25,,
2026-03-18,1010.9508056640625,15.670000076293945,39.45000076293945,,,413.95001220703125,,
2026-03-19,983.0999755859375,15.3100004196167,39.02000045776367,,,398.3500061035156,,
2026-03-20,968.7999877929688,15.21500015258789,38.650001525878906,,,389.25,,
2026-03-23,968.7000122070312,15.5,38.79999923706055,,,385.25,,
2026-03-24,973.5999755859375,15.430000305175781,38.65999984741211,,,383.25,,
2026-03-25,987.9000244140625,15.595000267028809,38.90999984741211,,,386.1000061035156,,
2026-03-26,975.5,15.414999961853027,38.130001068115234,,,383.8999938964844,,
2026-03-27,975.4000244140625,14.954999923706055,37.209999084472656,,,376.45001220703125,,
2026-03-30,990.5,15.024999618530273,36.83000183105469,,,382.1499938964844,,
2026-03-31,995.7000122070312,15.130000114440918,37.06999969482422,,,382.6000061035156,,
2026-04-01,1015.2000122070312,15.515000343322754,38.540000915527344,,,391.6499938964844,,
2026-04-02,1021.5999755859375,15.279999732971191,38.47999954223633,,,392.45001220703125,,
