Date,Close
1971-01-04,120.52999877929688
1971-01-05,120.5199966430664
1971-01-06,120.48999786376953
1971-01-07,120.55000305175781
1971-01-08,120.52999877929688
1971-01-11,120.52999877929688
1971-01-12,120.48999786376953
1971-01-13,120.47000122070312
1971-01-14,120.44000244140625
1971-01-15,120.44000244140625
1971-01-18,120.41000366210938
1971-01-19,120.37000274658203
1971-01-20,120.33999633789062
1971-01-21,120.33000183105469
1971-01-22,120.30999755859375
1971-01-25,120.2699966430664
1971-01-26,120.26000213623047
1971-01-27,120.25
1971-01-28,120.25
1971-01-29,120.23999786376953
1971-02-01,120.26000213623047
1971-02-02,120.27999877929688
1971-02-03,120.23999786376953
1971-02-04,120.23999786376953
1971-02-05,120.26000213623047
1971-02-08,120.26000213623047
1971-02-09,120.25
1971-02-10,120.27999877929688
1971-02-11,120.29000091552734
1971-02-16,120.22000122070312
1971-02-17,120.20999908447266
1971-02-18,120.20999908447266
1971-02-19,120.18000030517578
1971-02-22,120.13999938964844
1971-02-23,120.12000274658203
1971-02-24,120.18000030517578
1971-02-25,120.19999694824219
1971-02-26,120.26000213623047
1971-03-01,120.25
1971-03-02,120.20999908447266
1971-03-03,120.19000244140625
1971-03-04,120.19999694824219
1971-03-05,120.16999816894531
1971-03-08,120.12999725341797
1971-03-09,120.13999938964844
1971-03-10,120.13999938964844
1971-03-11,120.16000366210938
1971-03-12,120.18000030517578
1971-03-15,120.19000244140625
1971-03-16,120.19000244140625
1971-03-17,120.16000366210938
1971-03-18,120.18000030517578
1971-03-19,120.18000030517578
1971-03-22,120.18000030517578
1971-03-23,120.16999816894531
1971-03-24,120.16000366210938
1971-03-25,120.16999816894531
1971-03-26,120.16999816894531
1971-03-29,120.18000030517578
1971-03-30,120.18000030517578
1971-03-31,120.16999816894531
1971-04-01,120.18000030517578
1971-04-02,120.18000030517578
1971-04-05,120.19000244140625
1971-04-06,120.16000366210938
1971-04-07,120.19999694824219
1971-04-08,120.22000122070312
1971-04-12,120.22000122070312
1971-04-13,120.30999755859375
1971-04-14,120.29000091552734
1971-04-15,120.2300033569336
1971-04-16,120.2300033569336
1971-04-19,120.29000091552734
1971-04-20,120.2699966430664
1971-04-21,120.2300033569336
1971-04-22,120.2300033569336
1971-04-23,120.2699966430664
1971-04-26,120.2699966430664
1971-04-27,120.25
1971-04-28,120.18000030517578
1971-04-29,120.18000030517578
1971-04-30,120.19000244140625
1971-05-03,120.16999816894531
1971-05-04,120.16000366210938
1971-05-05,119.6500015258789
1971-05-06,119.62000274658203
1971-05-07,119.44000244140625
1971-05-10,119.12000274658203
1971-05-11,119.55999755859375
1971-05-12,119.45999908447266
1971-05-13,119.2699966430664
1971-05-14,119.33999633789062
1971-05-17,119.33000183105469
1971-05-18,119.30999755859375
1971-05-19,119.19999694824219
1971-05-20,118.98999786376953
1971-05-21,118.91000366210938
1971-05-24,118.9800033569336
1971-05-25,119.26000213623047
1971-05-26,119.33000183105469
1971-05-27,119.3499984741211
1971-05-28,119.43000030517578
1971-06-01,119.69000244140625
1971-06-02,119.5
1971-06-03,119.31999969482422
1971-06-04,119.2699966430664
1971-06-07,119.2300033569336
1971-06-08,119.25
1971-06-09,119.19000244140625
1971-06-10,119.23999786376953
1971-06-11,119.23999786376953
1971-06-14,119.29000091552734
1971-06-15,119.33999633789062
1971-06-16,119.30999755859375
1971-06-17,119.31999969482422
1971-06-18,119.29000091552734
1971-06-21,119.31999969482422
1971-06-22,119.27999877929688
1971-06-23,119.16000366210938
1971-06-24,119.19000244140625
1971-06-25,119.20999908447266
1971-06-28,119.25
1971-06-29,119.20999908447266
1971-06-30,119.16000366210938
1971-07-01,119.16999816894531
1971-07-02,119.16000366210938
1971-07-06,119.20999908447266
1971-07-07,119.18000030517578
1971-07-08,119.18000030517578
1971-07-09,119.16999816894531
1971-07-12,119.16999816894531
1971-07-13,119.16000366210938
1971-07-14,119.05000305175781
1971-07-15,119.01000213623047
1971-07-16,118.91999816894531
1971-07-19,118.91999816894531
1971-07-20,118.91000366210938
1971-07-21,118.8499984741211
1971-07-22,118.79000091552734
1971-07-23,118.76000213623047
1971-07-26,118.80000305175781
1971-07-27,118.80999755859375
1971-07-28,118.83000183105469
1971-07-29,118.79000091552734
1971-07-30,118.76000213623047
1971-08-02,118.79000091552734
1971-08-03,118.80999755859375
1971-08-04,118.61000061035156
1971-08-05,118.54000091552734
1971-08-06,118.58000183105469
1971-08-09,118.02999877929688
1971-08-10,118.0999984741211
1971-08-11,118.04000091552734
1971-08-12,117.81999969482422
1971-08-13,117.83999633789062
1971-08-16,117.83999633789062
1971-08-17,117.83999633789062
1971-08-18,117.83999633789062
1971-08-19,117.83999633789062
1971-08-20,117.83999633789062
1971-08-23,117.83999633789062
1971-08-24,117.83999633789062
1971-08-25,117.83999633789062
1971-08-26,117.83999633789062
1971-08-27,117.83999633789062
1971-08-30,117.83999633789062
1971-08-31,116.47000122070312
1971-09-01,116.58000183105469
1971-09-02,116.3499984741211
1971-09-03,116.37999725341797
1971-09-07,116.41999816894531
1971-09-08,116.41999816894531
1971-09-09,116.38999938964844
1971-09-10,116.31999969482422
1971-09-13,116.29000091552734
1971-09-14,116.02999877929688
1971-09-15,115.94999694824219
1971-09-16,115.93000030517578
1971-09-17,115.91000366210938
1971-09-20,115.5199966430664
1971-09-21,115.55999755859375
1971-09-22,115.41999816894531
1971-09-23,115.02999877929688
1971-09-24,114.95999908447266
1971-09-27,115.02999877929688
1971-09-28,115.05999755859375
1971-09-29,114.93000030517578
1971-09-30,114.93000030517578
1971-10-01,114.80999755859375
1971-10-04,114.83999633789062
1971-10-05,114.83000183105469
1971-10-06,114.73999786376953
1971-10-07,114.70999908447266
1971-10-08,114.69999694824219
1971-10-12,114.66000366210938
1971-10-13,114.76000213623047
1971-10-14,114.87999725341797
1971-10-15,114.81999969482422
1971-10-18,114.63999938964844
1971-10-19,114.66000366210938
1971-10-20,114.62000274658203
1971-10-21,114.58000183105469
1971-10-22,114.5999984741211
1971-10-26,114.52999877929688
1971-10-27,114.63999938964844
1971-10-28,114.5999984741211
1971-10-29,114.6500015258789
1971-11-01,114.62999725341797
1971-11-03,114.62000274658203
1971-11-04,114.68000030517578
1971-11-05,114.56999969482422
1971-11-08,114.62000274658203
1971-11-09,114.63999938964844
1971-11-10,114.68000030517578
1971-11-11,114.63999938964844
1971-11-12,114.58999633789062
1971-11-15,114.54000091552734
1971-11-16,114.54000091552734
1971-11-17,114.54000091552734
1971-11-18,114.58000183105469
1971-11-19,114.37000274658203
1971-11-22,114.30999755859375
1971-11-23,114.19000244140625
1971-11-24,113.9800033569336
1971-11-26,113.93000030517578
1971-11-29,113.93000030517578
1971-11-30,114.01000213623047
1971-12-01,113.86000061035156
1971-12-02,113.58000183105469
1971-12-03,113.25
1971-12-06,113.11000061035156
1971-12-07,113.12999725341797
1971-12-08,113.04000091552734
1971-12-09,112.97000122070312
1971-12-10,112.94000244140625
1971-12-13,112.93000030517578
1971-12-14,112.69000244140625
1971-12-15,112.55000305175781
1971-12-16,112.52999877929688
1971-12-17,112.37999725341797
1971-12-21,111.16000366210938
1971-12-22,111.18000030517578
1971-12-23,111.2699966430664
1971-12-24,111.29000091552734
1971-12-27,111.38999938964844
1971-12-28,111.44999694824219
1971-12-29,111.47000122070312
1971-12-30,111.20999908447266
1972-01-03,111.19000244140625
1972-01-04,111.2699966430664
1972-01-05,111.22000122070312
1972-01-06,111.0199966430664
1972-01-07,111.04000091552734
1972-01-10,110.94000244140625
1972-01-11,110.97000122070312
1972-01-12,110.68000030517578
1972-01-13,110.44000244140625
1972-01-14,110.02999877929688
1972-01-17,109.86000061035156
1972-01-18,110.0199966430664
1972-01-19,109.94000244140625
1972-01-20,109.97000122070312
1972-01-21,110.04000091552734
1972-01-24,109.86000061035156
1972-01-25,109.69000244140625
1972-01-26,109.70999908447266
1972-01-27,109.6500015258789
1972-01-28,109.6500015258789
1972-01-31,109.5999984741211
1972-02-01,109.43000030517578
1972-02-02,109.01000213623047
1972-02-03,109.13999938964844
1972-02-04,109.3499984741211
1972-02-07,109.19999694824219
1972-02-08,109.16999816894531
1972-02-09,108.93000030517578
1972-02-10,108.88999938964844
1972-02-11,108.9000015258789
1972-02-14,108.94000244140625
1972-02-15,108.93000030517578
1972-02-16,108.55999755859375
1972-02-17,108.66000366210938
1972-02-18,108.5999984741211
1972-02-22,108.66999816894531
1972-02-23,108.62000274658203
1972-02-24,108.56999969482422
1972-02-25,108.7699966430664
1972-02-28,108.80000305175781
1972-02-29,108.68000030517578
1972-03-01,108.6500015258789
1972-03-02,108.63999938964844
1972-03-03,108.58000183105469
1972-03-06,108.37000274658203
1972-03-07,108.19999694824219
1972-03-08,108.01000213623047
1972-03-09,107.76000213623047
1972-03-10,107.9000015258789
1972-03-13,108.12000274658203
1972-03-14,108.12999725341797
1972-03-15,108.19999694824219
1972-03-16,108.22000122070312
1972-03-17,109.19000244140625
1972-03-20,108.51000213623047
1972-03-21,108.27999877929688
1972-03-22,108.33999633789062
1972-03-23,108.5
1972-03-24,108.6500015258789
1972-03-27,108.45999908447266
1972-03-28,108.37999725341797
1972-03-29,108.37999725341797
1972-03-30,108.37000274658203
1972-03-31,108.4000015258789
1972-04-03,108.4000015258789
1972-04-04,108.4800033569336
1972-04-05,108.5
1972-04-06,108.52999877929688
1972-04-07,108.45999908447266
1972-04-10,108.2699966430664
1972-04-11,108.4000015258789
1972-04-12,108.38999938964844
1972-04-13,108.66000366210938
1972-04-14,108.54000091552734
1972-04-17,108.55000305175781
1972-04-18,108.77999877929688
1972-04-19,108.8499984741211
1972-04-20,108.62999725341797
1972-04-21,108.6500015258789
1972-04-24,108.62000274658203
1972-04-25,108.55999755859375
1972-04-26,108.58999633789062
1972-04-27,108.58999633789062
1972-04-28,108.62000274658203
1972-05-01,108.58000183105469
1972-05-02,108.58000183105469
1972-05-03,108.54000091552734
1972-05-04,108.48999786376953
1972-05-05,108.5199966430664
1972-05-08,108.5199966430664
1972-05-09,108.38999938964844
1972-05-10,108.2699966430664
1972-05-11,108.33000183105469
1972-05-12,108.37000274658203
1972-05-15,108.45999908447266
1972-05-16,108.5199966430664
1972-05-17,108.38999938964844
1972-05-18,108.37999725341797
1972-05-19,108.37999725341797
1972-05-22,108.37000274658203
1972-05-23,108.33999633789062
1972-05-24,108.25
1972-05-25,108.30999755859375
1972-05-26,108.29000091552734
1972-05-30,108.2699966430664
1972-05-31,108.16999816894531
1972-06-01,108.12000274658203
1972-06-02,108.11000061035156
1972-06-05,108.12999725341797
1972-06-06,108.16000366210938
1972-06-07,108.11000061035156
1972-06-08,108.06999969482422
1972-06-09,108.05000305175781
1972-06-12,108.05999755859375
1972-06-13,107.9800033569336
1972-06-14,107.97000122070312
1972-06-15,108.0199966430664
1972-06-16,108.19999694824219
1972-06-19,108.25
1972-06-20,108.44999694824219
1972-06-21,108.55999755859375
1972-06-22,108.7699966430664
1972-06-23,108.22000122070312
1972-06-26,108.36000061035156
1972-06-27,108.55999755859375
1972-06-28,108.18000030517578
1972-06-29,108.47000122070312
1972-06-30,108.51000213623047
1972-07-03,108.61000061035156
1972-07-05,108.51000213623047
1972-07-06,108.5999984741211
1972-07-07,108.58000183105469
1972-07-10,108.58999633789062
1972-07-11,108.61000061035156
1972-07-12,108.5199966430664
1972-07-13,108.45999908447266
1972-07-14,108.4800033569336
1972-07-17,108.52999877929688
1972-07-18,108.56999969482422
1972-07-19,108.70999908447266
1972-07-20,108.66999816894531
1972-07-21,108.72000122070312
1972-07-24,108.79000091552734
1972-07-25,108.76000213623047
1972-07-26,108.7300033569336
1972-07-27,108.7300033569336
1972-07-28,108.76000213623047
1972-07-31,108.76000213623047
1972-08-01,108.7699966430664
1972-08-02,108.81999969482422
1972-08-03,108.79000091552734
1972-08-04,108.76000213623047
1972-08-07,108.76000213623047
1972-08-08,108.7699966430664
1972-08-09,108.77999877929688
1972-08-10,108.80000305175781
1972-08-11,108.80999755859375
1972-08-14,108.79000091552734
1972-08-15,108.81999969482422
1972-08-16,108.88999938964844
1972-08-17,108.95999908447266
1972-08-18,108.95999908447266
1972-08-21,109.02999877929688
1972-08-22,108.95999908447266
1972-08-23,108.9000015258789
1972-08-24,108.91000366210938
1972-08-25,108.98999786376953
1972-08-28,108.95999908447266
1972-09-01,108.9800033569336
1972-09-05,109.0
1972-09-06,108.95999908447266
1972-09-07,108.91000366210938
1972-09-08,108.94999694824219
1972-09-11,108.98999786376953
1972-09-12,108.98999786376953
1972-09-13,108.95999908447266
1972-09-14,108.97000122070312
1972-09-15,109.0
1972-09-18,109.05999755859375
1972-09-19,109.0999984741211
1972-09-20,109.05999755859375
1972-09-21,109.05999755859375
1972-09-22,109.08999633789062
1972-09-25,109.12000274658203
1972-09-26,109.19000244140625
1972-09-27,109.19999694824219
1972-09-28,109.33000183105469
1972-09-29,109.38999938964844
1972-10-02,109.51000213623047
1972-10-03,109.54000091552734
1972-10-04,109.36000061035156
1972-10-05,109.22000122070312
1972-10-06,109.25
1972-10-10,109.3499984741211
1972-10-11,109.43000030517578
1972-10-12,109.47000122070312
1972-10-13,109.4800033569336
1972-10-16,109.55000305175781
1972-10-17,109.5199966430664
1972-10-18,109.47000122070312
1972-10-19,109.5199966430664
1972-10-20,109.54000091552734
1972-10-24,109.7699966430664
1972-10-25,109.77999877929688
1972-10-26,109.93000030517578
1972-10-27,109.9000015258789
1972-10-30,109.9800033569336
1972-10-31,109.9000015258789
1972-11-01,109.75
1972-11-02,109.7300033569336
1972-11-03,109.77999877929688
1972-11-06,109.80999755859375
1972-11-08,109.87000274658203
1972-11-09,109.9000015258789
1972-11-10,109.88999938964844
1972-11-13,109.9000015258789
1972-11-14,109.91000366210938
1972-11-15,109.83999633789062
1972-11-16,109.81999969482422
1972-11-17,109.91000366210938
1972-11-20,109.93000030517578
1972-11-21,109.9000015258789
1972-11-22,109.88999938964844
1972-11-24,109.9000015258789
1972-11-27,109.81999969482422
1972-11-28,109.88999938964844
1972-11-29,109.86000061035156
1972-11-30,109.8499984741211
1972-12-01,109.87000274658203
1972-12-04,109.93000030517578
1972-12-05,109.94999694824219
1972-12-06,109.9800033569336
1972-12-07,110.01000213623047
1972-12-08,110.04000091552734
1972-12-11,110.06999969482422
1972-12-12,110.08999633789062
1972-12-13,110.0199966430664
1972-12-14,110.04000091552734
1972-12-15,110.06999969482422
1972-12-18,110.19999694824219
1972-12-19,110.19999694824219
1972-12-20,110.0999984741211
1972-12-21,110.01000213623047
1972-12-22,110.05999755859375
1972-12-26,110.08999633789062
1972-12-27,110.1500015258789
1972-12-29,110.13999938964844
1973-01-02,110.19999694824219
1973-01-03,110.25
1973-01-04,110.25
1973-01-05,110.26000213623047
1973-01-08,110.2699966430664
1973-01-09,110.22000122070312
1973-01-10,110.08000183105469
1973-01-11,110.12000274658203
1973-01-12,110.16000366210938
1973-01-15,110.25
1973-01-16,110.2699966430664
1973-01-17,110.2300033569336
1973-01-18,110.2699966430664
1973-01-19,110.30999755859375
1973-01-22,109.94000244140625
1973-01-23,109.98999786376953
1973-01-24,109.77999877929688
1973-01-26,109.66999816894531
1973-01-29,109.26000213623047
1973-01-30,109.0
1973-01-31,109.01000213623047
1973-02-01,108.79000091552734
1973-02-02,109.05000305175781
1973-02-05,108.95999908447266
1973-02-06,108.9000015258789
1973-02-07,108.80000305175781
1973-02-08,108.70999908447266
1973-02-09,108.41000366210938
1973-02-13,103.18000030517578
1973-02-14,101.62000274658203
1973-02-15,102.33999633789062
1973-02-16,102.33000183105469
1973-02-20,102.73999786376953
1973-02-21,102.58999633789062
1973-02-22,101.69000244140625
1973-02-23,100.80000305175781
1973-02-26,101.1500015258789
1973-02-27,100.75
1973-02-28,100.12999725341797
1973-03-01,99.69000244140625
1973-03-02,98.72000122070312
1973-03-05,99.72000122070312
1973-03-06,99.55999755859375
1973-03-07,99.43000030517578
1973-03-08,99.05999755859375
1973-03-09,99.22000122070312
1973-03-12,99.22000122070312
1973-03-13,99.63999938964844
1973-03-14,99.76000213623047
1973-03-15,99.58999633789062
1973-03-16,100.37000274658203
1973-03-19,100.58000183105469
1973-03-20,100.44000244140625
1973-03-21,100.5199966430664
1973-03-22,100.58999633789062
1973-03-23,100.69000244140625
1973-03-26,100.62000274658203
1973-03-27,100.58000183105469
1973-03-28,100.70999908447266
1973-03-29,100.87000274658203
1973-03-30,101.16999816894531
1973-04-02,101.45999908447266
1973-04-03,101.69000244140625
1973-04-04,101.04000091552734
1973-04-05,100.97000122070312
1973-04-06,101.16000366210938
1973-04-09,101.2300033569336
1973-04-10,101.20999908447266
1973-04-11,101.02999877929688
1973-04-12,101.11000061035156
1973-04-13,101.16000366210938
1973-04-16,101.37000274658203
1973-04-17,101.08999633789062
1973-04-18,101.18000030517578
1973-04-19,101.27999877929688
1973-04-20,101.29000091552734
1973-04-23,101.27999877929688
1973-04-24,101.44000244140625
1973-04-25,101.36000061035156
1973-04-26,101.51000213623047
1973-04-27,101.47000122070312
1973-04-30,101.43000030517578
1973-05-01,101.4000015258789
1973-05-02,101.37000274658203
1973-05-03,101.41000366210938
1973-05-04,101.44999694824219
1973-05-07,101.48999786376953
1973-05-08,101.33999633789062
1973-05-09,101.16999816894531
1973-05-10,101.19999694824219
1973-05-11,101.11000061035156
1973-05-14,100.19999694824219
1973-05-15,99.19999694824219
1973-05-16,99.6500015258789
1973-05-17,99.81999969482422
1973-05-18,99.54000091552734
1973-05-21,98.66000366210938
1973-05-22,98.87000274658203
1973-05-23,98.97000122070312
1973-05-24,99.1500015258789
1973-05-25,99.36000061035156
1973-05-29,98.87000274658203
1973-05-30,98.33000183105469
1973-05-31,98.0
1973-06-01,97.55999755859375
1973-06-04,96.19999694824219
1973-06-05,96.31999969482422
1973-06-06,97.41999816894531
1973-06-07,97.62999725341797
1973-06-08,97.31999969482422
1973-06-11,97.4000015258789
1973-06-12,97.2300033569336
1973-06-13,97.5999984741211
1973-06-14,97.4000015258789
1973-06-15,96.94999694824219
1973-06-18,96.37000274658203
1973-06-19,96.55000305175781
1973-06-20,96.51000213623047
1973-06-21,96.26000213623047
1973-06-22,96.06999969482422
1973-06-25,96.08999633789062
1973-06-26,95.9000015258789
1973-06-27,95.37999725341797
1973-06-28,94.54000091552734
1973-06-29,93.87999725341797
1973-07-02,93.41999816894531
1973-07-03,93.16000366210938
1973-07-05,92.12999725341797
1973-07-06,90.54000091552734
1973-07-09,91.72000122070312
1973-07-10,93.76000213623047
1973-07-11,94.22000122070312
1973-07-12,93.69000244140625
1973-07-13,93.62999725341797
1973-07-16,93.13999938964844
1973-07-17,92.38999938964844
1973-07-18,91.94999694824219
1973-07-19,92.94999694824219
1973-07-20,92.45999908447266
1973-07-23,92.38999938964844
1973-07-24,92.44999694824219
1973-07-25,92.45999908447266
1973-07-26,92.33000183105469
1973-07-27,92.48999786376953
1973-07-30,93.01000213623047
1973-07-31,92.91000366210938
1973-08-01,92.87000274658203
1973-08-02,93.05000305175781
1973-08-03,93.23999786376953
1973-08-06,93.91000366210938
1973-08-07,93.61000061035156
1973-08-08,93.58000183105469
1973-08-09,94.05000305175781
1973-08-10,94.70999908447266
1973-08-13,94.77999877929688
1973-08-14,95.61000061035156
1973-08-15,95.88999938964844
1973-08-16,96.41999816894531
1973-08-17,96.22000122070312
1973-08-20,94.87999725341797
1973-08-21,95.80000305175781
1973-08-22,96.0
1973-08-23,96.22000122070312
1973-08-24,95.81999969482422
1973-08-27,96.0
1973-08-28,96.04000091552734
1973-08-29,95.5
1973-08-30,95.80999755859375
1973-08-31,95.7699966430664
1973-09-04,95.77999877929688
1973-09-05,95.44000244140625
1973-09-06,95.61000061035156
1973-09-07,95.27999877929688
1973-09-10,95.47000122070312
1973-09-11,95.7300033569336
1973-09-12,95.69000244140625
1973-09-13,95.77999877929688
1973-09-14,95.70999908447266
1973-09-17,94.80000305175781
1973-09-18,94.80999755859375
1973-09-19,94.9000015258789
1973-09-20,94.30000305175781
1973-09-21,94.7699966430664
1973-09-24,94.55000305175781
1973-09-25,94.55999755859375
1973-09-26,94.55999755859375
1973-09-27,94.72000122070312
1973-09-28,94.79000091552734
1973-10-01,94.73999786376953
1973-10-02,94.77999877929688
1973-10-03,94.76000213623047
1973-10-04,94.83999633789062
1973-10-05,94.83999633789062
1973-10-09,94.73999786376953
1973-10-10,94.43000030517578
1973-10-11,94.22000122070312
1973-10-12,94.3499984741211
1973-10-15,94.41000366210938
1973-10-16,94.22000122070312
1973-10-17,93.88999938964844
1973-10-18,93.97000122070312
1973-10-19,94.25
1973-10-23,93.77999877929688
1973-10-24,93.88999938964844
1973-10-25,94.01000213623047
1973-10-26,94.63999938964844
1973-10-29,95.12999725341797
1973-10-30,95.19000244140625
1973-10-31,95.05999755859375
1973-11-01,95.30000305175781
1973-11-02,95.48999786376953
1973-11-05,96.12999725341797
1973-11-07,97.33000183105469
1973-11-08,97.54000091552734
1973-11-09,97.97000122070312
1973-11-12,99.27999877929688
1973-11-13,99.33999633789062
1973-11-14,98.83000183105469
1973-11-15,99.05000305175781
1973-11-16,98.93000030517578
1973-11-19,98.83999633789062
1973-11-20,99.02999877929688
1973-11-21,99.13999938964844
1973-11-23,100.9000015258789
1973-11-26,100.6500015258789
1973-11-27,100.13999938964844
1973-11-28,100.45999908447266
1973-11-29,100.44999694824219
1973-11-30,100.3499984741211
1973-12-03,100.58999633789062
1973-12-04,101.16000366210938
1973-12-05,101.0
1973-12-06,100.73999786376953
1973-12-07,101.0199966430664
1973-12-10,101.31999969482422
1973-12-11,101.33999633789062
1973-12-12,101.08000183105469
1973-12-13,101.11000061035156
1973-12-14,101.2699966430664
1973-12-17,101.41999816894531
1973-12-18,101.62000274658203
1973-12-19,101.54000091552734
1973-12-20,101.6500015258789
1973-12-21,101.72000122070312
1973-12-24,101.7699966430664
1973-12-26,102.12999725341797
1973-12-27,102.33999633789062
1973-12-28,102.4000015258789
1973-12-31,102.38999938964844
1974-01-01,103.66000366210938
1974-01-03,104.2300033569336
1974-01-04,104.3499984741211
1974-01-07,107.58999633789062
1974-01-08,107.6500015258789
1974-01-09,106.47000122070312
1974-01-10,105.86000061035156
1974-01-11,106.02999877929688
1974-01-14,106.5999984741211
1974-01-15,107.55999755859375
1974-01-16,107.16000366210938
1974-01-17,107.61000061035156
1974-01-18,107.26000213623047
1974-01-21,109.27999877929688
1974-01-22,109.12999725341797
1974-01-23,109.5
1974-01-24,108.55000305175781
1974-01-25,108.62000274658203
1974-01-28,108.33000183105469
1974-01-29,107.88999938964844
1974-01-30,107.12000274658203
1974-01-31,105.9000015258789
1974-02-01,106.20999908447266
1974-02-04,105.55000305175781
1974-02-05,105.83000183105469
1974-02-06,106.05999755859375
1974-02-07,105.9000015258789
1974-02-08,105.91000366210938
1974-02-11,105.55000305175781
1974-02-13,104.98999786376953
1974-02-14,104.73999786376953
1974-02-15,104.7300033569336
1974-02-19,103.95999908447266
1974-02-20,103.58000183105469
1974-02-21,102.87999725341797
1974-02-22,102.19000244140625
1974-02-25,103.20999908447266
1974-02-26,102.80000305175781
1974-02-27,103.05000305175781
1974-02-28,103.02999877929688
1974-03-01,103.69000244140625
1974-03-04,103.73999786376953
1974-03-05,102.91999816894531
1974-03-06,102.86000061035156
1974-03-07,102.91999816894531
1974-03-08,102.69000244140625
1974-03-11,102.4000015258789
1974-03-12,102.05000305175781
1974-03-13,101.98999786376953
1974-03-14,102.33999633789062
1974-03-15,102.19000244140625
1974-03-18,102.16000366210938
1974-03-19,101.9000015258789
1974-03-20,101.12999725341797
1974-03-21,100.08999633789062
1974-03-22,100.54000091552734
1974-03-25,99.4800033569336
1974-03-26,99.63999938964844
1974-03-27,100.12000274658203
1974-03-28,99.05999755859375
1974-03-29,99.51000213623047
1974-04-01,99.91999816894531
1974-04-02,99.5199966430664
1974-04-03,100.0199966430664
1974-04-04,100.2699966430664
1974-04-05,100.0999984741211
1974-04-08,100.11000061035156
1974-04-09,100.69000244140625
1974-04-10,100.9000015258789
1974-04-11,100.52999877929688
1974-04-12,100.58999633789062
1974-04-15,100.62000274658203
1974-04-16,100.66999816894531
1974-04-17,100.13999938964844
1974-04-18,99.88999938964844
1974-04-19,99.91999816894531
1974-04-22,99.63999938964844
1974-04-23,98.94999694824219
1974-04-24,98.77999877929688
1974-04-25,99.20999908447266
1974-04-26,99.0199966430664
1974-04-29,98.22000122070312
1974-04-30,98.48999786376953
1974-05-01,98.4800033569336
1974-05-02,98.70999908447266
1974-05-03,98.80000305175781
1974-05-06,98.06999969482422
1974-05-07,98.41000366210938
1974-05-08,97.61000061035156
1974-05-09,97.55000305175781
1974-05-10,97.47000122070312
1974-05-13,96.86000061035156
1974-05-14,96.88999938964844
1974-05-15,98.22000122070312
1974-05-16,98.12000274658203
1974-05-17,98.19000244140625
1974-05-20,98.91000366210938
1974-05-21,98.66000366210938
1974-05-22,98.3499984741211
1974-05-23,98.2300033569336
1974-05-24,98.69999694824219
1974-05-28,99.33000183105469
1974-05-29,100.0999984741211
1974-05-30,100.05000305175781
1974-05-31,99.7699966430664
1974-06-03,99.55999755859375
1974-06-04,99.5999984741211
1974-06-05,99.30000305175781
1974-06-06,99.08000183105469
1974-06-07,99.2699966430664
1974-06-10,99.55999755859375
1974-06-11,99.83999633789062
1974-06-12,100.23999786376953
1974-06-13,100.0199966430664
1974-06-14,99.9800033569336
1974-06-17,100.0
1974-06-18,100.16999816894531
1974-06-19,100.19999694824219
1974-06-20,100.2699966430664
1974-06-21,100.51000213623047
1974-06-24,101.16000366210938
1974-06-25,100.63999938964844
1974-06-26,100.58999633789062
1974-06-27,100.25
1974-06-28,100.16000366210938
1974-07-01,100.43000030517578
1974-07-02,100.11000061035156
1974-07-03,99.98999786376953
1974-07-05,100.23999786376953
1974-07-08,100.30999755859375
1974-07-09,100.4000015258789
1974-07-10,100.55000305175781
1974-07-11,100.68000030517578
1974-07-12,100.37000274658203
1974-07-15,100.1500015258789
1974-07-16,100.16999816894531
1974-07-17,100.06999969482422
1974-07-18,100.08000183105469
1974-07-19,100.19999694824219
1974-07-22,100.06999969482422
1974-07-23,99.86000061035156
1974-07-24,98.95999908447266
1974-07-25,99.86000061035156
1974-07-26,100.12000274658203
1974-07-29,100.37000274658203
1974-07-30,100.68000030517578
1974-07-31,100.54000091552734
1974-08-01,100.62000274658203
1974-08-02,100.62999725341797
1974-08-05,100.62999725341797
1974-08-06,100.76000213623047
1974-08-07,101.06999969482422
1974-08-08,101.58999633789062
1974-08-09,101.33000183105469
1974-08-12,101.52999877929688
1974-08-13,101.97000122070312
1974-08-14,101.81999969482422
1974-08-15,102.04000091552734
1974-08-16,102.31999969482422
1974-08-19,102.79000091552734
1974-08-20,102.66000366210938
1974-08-21,102.6500015258789
1974-08-22,102.87000274658203
1974-08-23,102.7300033569336
1974-08-26,102.58000183105469
1974-08-27,103.12000274658203
1974-08-28,103.04000091552734
1974-08-29,103.13999938964844
1974-08-30,103.18000030517578
1974-09-03,103.16000366210938
1974-09-04,103.12000274658203
1974-09-05,103.44000244140625
1974-09-06,103.37999725341797
1974-09-09,103.37000274658203
1974-09-10,103.11000061035156
1974-09-11,103.2699966430664
1974-09-12,103.19999694824219
1974-09-13,103.0999984741211
1974-09-16,103.06999969482422
1974-09-17,102.6500015258789
1974-09-18,102.54000091552734
1974-09-19,102.75
1974-09-20,102.76000213623047
1974-09-23,102.55000305175781
1974-09-24,102.55000305175781
1974-09-25,102.66999816894531
1974-09-26,102.62000274658203
1974-09-27,102.45999908447266
1974-09-30,102.4800033569336
1974-10-01,102.19999694824219
1974-10-02,102.3499984741211
1974-10-03,102.25
1974-10-04,101.94000244140625
1974-10-07,101.91999816894531
1974-10-08,102.0
1974-10-09,101.2699966430664
1974-10-10,101.75
1974-10-11,101.91000366210938
1974-10-15,101.7300033569336
1974-10-16,101.48999786376953
1974-10-17,101.44999694824219
1974-10-18,101.41999816894531
1974-10-21,101.6500015258789
1974-10-22,101.55000305175781
1974-10-23,101.16999816894531
1974-10-24,101.16999816894531
1974-10-25,101.16000366210938
1974-10-28,101.26000213623047
1974-10-29,101.18000030517578
1974-10-30,101.29000091552734
1974-10-31,101.26000213623047
1974-11-01,101.08000183105469
1974-11-04,100.8499984741211
1974-11-06,100.70999908447266
1974-11-07,100.48999786376953
1974-11-08,100.88999938964844
1974-11-12,101.38999938964844
1974-11-13,101.2300033569336
1974-11-14,100.4800033569336
1974-11-15,100.37999725341797
1974-11-18,99.13999938964844
1974-11-19,99.83999633789062
1974-11-20,100.33000183105469
1974-11-21,100.69000244140625
1974-11-22,100.01000213623047
1974-11-25,99.58000183105469
1974-11-26,99.37999725341797
1974-11-27,99.41999816894531
1974-11-29,99.56999969482422
1974-12-02,99.98999786376953
1974-12-03,99.91999816894531
1974-12-04,99.48999786376953
1974-12-05,99.33999633789062
1974-12-06,99.47000122070312
1974-12-09,98.98999786376953
1974-12-10,98.9800033569336
1974-12-11,98.88999938964844
1974-12-12,98.69000244140625
1974-12-13,98.88999938964844
1974-12-16,98.55000305175781
1974-12-17,97.93000030517578
1974-12-18,98.08999633789062
1974-12-19,98.51000213623047
1974-12-20,98.29000091552734
1974-12-23,98.25
1974-12-24,98.0
1974-12-26,98.01000213623047
1974-12-27,97.62999725341797
1974-12-30,97.29000091552734
1975-01-02,97.70999908447266
1975-01-03,97.16999816894531
1975-01-06,96.62000274658203
1975-01-07,96.63999938964844
1975-01-08,97.13999938964844
1975-01-09,96.94000244140625
1975-01-10,96.86000061035156
1975-01-13,96.9800033569336
1975-01-14,97.38999938964844
1975-01-15,97.11000061035156
1975-01-16,96.91999816894531
1975-01-17,96.81999969482422
1975-01-20,96.37000274658203
1975-01-21,96.1500015258789
1975-01-22,96.16000366210938
1975-01-23,95.47000122070312
1975-01-24,95.06999969482422
1975-01-27,94.43000030517578
1975-01-28,94.94999694824219
1975-01-29,95.75
1975-01-30,95.58999633789062
1975-01-31,95.61000061035156
1975-02-03,95.87999725341797
1975-02-04,96.37000274658203
1975-02-05,96.41000366210938
1975-02-06,96.16000366210938
1975-02-07,95.9800033569336
1975-02-10,95.4000015258789
1975-02-11,95.48999786376953
1975-02-13,94.95999908447266
1975-02-14,94.9800033569336
1975-02-18,94.7699966430664
1975-02-19,94.76000213623047
1975-02-20,94.37000274658203
1975-02-21,94.22000122070312
1975-02-24,93.55999755859375
1975-02-25,93.70999908447266
1975-02-26,93.20999908447266
1975-02-27,92.93000030517578
1975-02-28,93.0
1975-03-03,92.81999969482422
1975-03-04,93.19999694824219
1975-03-05,93.16999816894531
1975-03-06,93.4000015258789
1975-03-07,94.08999633789062
1975-03-10,94.18000030517578
1975-03-11,93.69999694824219
1975-03-12,94.18000030517578
1975-03-13,94.19000244140625
1975-03-14,93.98999786376953
1975-03-17,93.86000061035156
1975-03-18,93.5999984741211
1975-03-19,93.44000244140625
1975-03-20,93.66999816894531
1975-03-21,93.86000061035156
1975-03-24,94.08999633789062
1975-03-25,94.29000091552734
1975-03-26,94.48999786376953
1975-03-27,94.87000274658203
1975-03-31,94.81999969482422
1975-04-01,94.44999694824219
1975-04-02,94.54000091552734
1975-04-03,94.77999877929688
1975-04-04,95.36000061035156
1975-04-07,95.36000061035156
1975-04-08,95.13999938964844
1975-04-09,95.5
1975-04-10,95.79000091552734
1975-04-11,95.62999725341797
1975-04-14,95.9000015258789
1975-04-15,95.56999969482422
1975-04-16,95.56999969482422
1975-04-17,95.55000305175781
1975-04-18,95.54000091552734
1975-04-21,95.69000244140625
1975-04-22,95.61000061035156
1975-04-23,95.2300033569336
1975-04-24,95.2300033569336
1975-04-25,95.62000274658203
1975-04-28,95.80000305175781
1975-04-29,95.41000366210938
1975-04-30,95.38999938964844
1975-05-01,95.36000061035156
1975-05-02,95.44000244140625
1975-05-05,95.25
1975-05-06,95.23999786376953
1975-05-07,94.93000030517578
1975-05-08,94.61000061035156
1975-05-09,94.93000030517578
1975-05-12,95.0999984741211
1975-05-13,94.56999969482422
1975-05-14,94.58999633789062
1975-05-15,95.25
1975-05-16,95.12000274658203
1975-05-19,94.91999816894531
1975-05-20,94.93000030517578
1975-05-21,94.45999908447266
1975-05-22,94.30999755859375
1975-05-23,94.23999786376953
1975-05-27,94.23999786376953
1975-05-28,94.38999938964844
1975-05-29,94.4800033569336
1975-05-30,94.62999725341797
1975-06-02,94.52999877929688
1975-06-03,94.36000061035156
1975-06-04,94.47000122070312
1975-06-05,94.47000122070312
1975-06-06,94.55999755859375
1975-06-09,94.63999938964844
1975-06-10,94.55999755859375
1975-06-11,94.5199966430664
1975-06-12,94.54000091552734
1975-06-13,94.58999633789062
1975-06-16,94.58000183105469
1975-06-17,94.58000183105469
1975-06-18,94.7300033569336
1975-06-19,94.83000183105469
1975-06-20,94.81999969482422
1975-06-23,95.01000213623047
1975-06-24,95.08000183105469
1975-06-25,95.16000366210938
1975-06-26,95.23999786376953
1975-06-27,95.58000183105469
1975-06-30,95.86000061035156
1975-07-01,96.06999969482422
1975-07-02,96.66000366210938
1975-07-03,96.7300033569336
1975-07-07,97.19999694824219
1975-07-08,97.02999877929688
1975-07-09,96.91000366210938
1975-07-10,97.45999908447266
1975-07-11,97.73999786376953
1975-07-14,97.98999786376953
1975-07-15,98.2300033569336
1975-07-16,98.5999984741211
1975-07-17,99.0199966430664
1975-07-18,99.33999633789062
1975-07-21,99.62999725341797
1975-07-22,99.70999908447266
1975-07-23,100.20999908447266
1975-07-24,100.26000213623047
1975-07-25,100.06999969482422
1975-07-28,100.69000244140625
1975-07-29,100.87999725341797
1975-07-30,101.16000366210938
1975-07-31,101.25
1975-08-01,101.30000305175781
1975-08-04,101.20999908447266
1975-08-05,100.91999816894531
1975-08-06,101.37999725341797
1975-08-07,101.8499984741211
1975-08-08,101.75
1975-08-11,101.91000366210938
1975-08-12,101.9800033569336
1975-08-13,101.83999633789062
1975-08-14,101.62999725341797
1975-08-15,101.68000030517578
1975-08-18,101.56999969482422
1975-08-19,101.20999908447266
1975-08-20,101.31999969482422
1975-08-21,101.38999938964844
1975-08-22,101.62000274658203
1975-08-25,101.76000213623047
1975-08-26,101.6500015258789
1975-08-27,101.68000030517578
1975-08-28,101.76000213623047
1975-08-29,101.79000091552734
1975-09-02,101.88999938964844
1975-09-03,101.69000244140625
1975-09-04,101.87000274658203
1975-09-05,101.91000366210938
1975-09-08,101.83999633789062
1975-09-09,101.8499984741211
1975-09-10,101.97000122070312
1975-09-11,102.08999633789062
1975-09-12,102.22000122070312
1975-09-15,102.30000305175781
1975-09-16,102.81999969482422
1975-09-17,103.23999786376953
1975-09-18,103.5199966430664
1975-09-19,103.6500015258789
1975-09-22,104.31999969482422
1975-09-23,104.80999755859375
1975-09-24,104.55000305175781
1975-09-25,104.19000244140625
1975-09-26,104.4800033569336
1975-09-29,104.7699966430664
1975-09-30,104.23999786376953
1975-10-01,103.45999908447266
1975-10-02,103.5199966430664
1975-10-03,103.94999694824219
1975-10-06,103.48999786376953
1975-10-07,103.27999877929688
1975-10-08,103.37999725341797
1975-10-09,103.12999725341797
1975-10-10,102.47000122070312
1975-10-14,103.01000213623047
1975-10-15,102.44000244140625
1975-10-16,102.19000244140625
1975-10-17,102.25
1975-10-20,102.2300033569336
1975-10-21,102.05000305175781
1975-10-22,101.75
1975-10-23,101.88999938964844
1975-10-24,101.83999633789062
1975-10-27,102.0199966430664
1975-10-28,102.0999984741211
1975-10-29,102.0199966430664
1975-10-30,101.80999755859375
1975-10-31,101.61000061035156
1975-11-03,101.58999633789062
1975-11-05,102.06999969482422
1975-11-06,101.83000183105469
1975-11-07,101.94000244140625
1975-11-10,101.91999816894531
1975-11-12,101.98999786376953
1975-11-13,102.30000305175781
1975-11-14,102.70999908447266
1975-11-17,103.30999755859375
1975-11-18,103.08000183105469
1975-11-19,102.93000030517578
1975-11-20,102.63999938964844
1975-11-21,102.94000244140625
1975-11-24,102.94999694824219
1975-11-25,102.94000244140625
1975-11-26,103.2300033569336
1975-11-28,103.52999877929688
1975-12-01,103.37000274658203
1975-12-02,103.38999938964844
1975-12-03,103.36000061035156
1975-12-04,103.16999816894531
1975-12-05,103.55000305175781
1975-12-08,103.4800033569336
1975-12-09,103.62999725341797
1975-12-10,103.5999984741211
1975-12-11,103.6500015258789
1975-12-12,103.75
1975-12-15,103.91999816894531
1975-12-16,103.80000305175781
1975-12-17,103.61000061035156
1975-12-18,103.54000091552734
1975-12-19,103.47000122070312
1975-12-22,103.41999816894531
1975-12-23,103.31999969482422
1975-12-24,103.33000183105469
1975-12-26,103.37999725341797
1975-12-29,103.5
1975-12-30,103.51000213623047
1975-12-31,103.51000213623047
1976-01-02,103.48999786376953
1976-01-05,102.98999786376953
1976-01-06,103.0
1976-01-07,102.91000366210938
1976-01-08,103.0
1976-01-09,103.22000122070312
1976-01-12,103.19999694824219
1976-01-13,103.25
1976-01-14,103.12000274658203
1976-01-15,103.0999984741211
1976-01-16,103.1500015258789
1976-01-19,103.08999633789062
1976-01-20,103.16000366210938
1976-01-21,103.69000244140625
1976-01-22,103.7699966430664
1976-01-23,103.83000183105469
1976-01-26,103.68000030517578
1976-01-27,103.66000366210938
1976-01-28,103.72000122070312
1976-01-29,103.73999786376953
1976-01-30,103.87999725341797
1976-02-02,103.5199966430664
1976-02-03,103.5999984741211
1976-02-04,103.31999969482422
1976-02-05,103.44999694824219
1976-02-06,103.48999786376953
1976-02-09,103.29000091552734
1976-02-10,103.23999786376953
1976-02-11,102.94999694824219
1976-02-13,103.31999969482422
1976-02-17,103.66000366210938
1976-02-18,103.51000213623047
1976-02-19,103.45999908447266
1976-02-20,103.68000030517578
1976-02-23,103.76000213623047
1976-02-24,103.80999755859375
1976-02-25,103.66000366210938
1976-02-26,103.5999984741211
1976-02-27,103.66000366210938
1976-03-01,104.01000213623047
1976-03-02,104.06999969482422
1976-03-03,104.02999877929688
1976-03-04,104.33000183105469
1976-03-05,104.55999755859375
1976-03-08,104.5999984741211
1976-03-09,104.66000366210938
1976-03-10,104.95999908447266
1976-03-11,105.04000091552734
1976-03-12,105.1500015258789
1976-03-15,105.68000030517578
1976-03-16,106.0199966430664
1976-03-17,105.94000244140625
1976-03-18,105.73999786376953
1976-03-19,105.55999755859375
1976-03-22,105.41000366210938
1976-03-23,105.58999633789062
1976-03-24,105.44999694824219
1976-03-25,105.38999938964844
1976-03-26,105.61000061035156
1976-03-29,105.5999984741211
1976-03-30,105.36000061035156
1976-03-31,105.33999633789062
1976-04-01,105.37000274658203
1976-04-02,105.81999969482422
1976-04-05,105.81999969482422
1976-04-06,105.80999755859375
1976-04-07,105.91000366210938
1976-04-08,105.97000122070312
1976-04-09,106.13999938964844
1976-04-12,106.56999969482422
1976-04-13,106.33000183105469
1976-04-14,105.94000244140625
1976-04-15,106.11000061035156
1976-04-16,106.08000183105469
1976-04-19,106.1500015258789
1976-04-20,106.11000061035156
1976-04-21,106.16000366210938
1976-04-22,106.3499984741211
1976-04-23,106.5
1976-04-26,106.45999908447266
1976-04-27,106.41999816894531
1976-04-28,106.33000183105469
1976-04-29,106.23999786376953
1976-04-30,106.2300033569336
1976-05-03,106.29000091552734
1976-05-04,106.47000122070312
1976-05-05,106.47000122070312
1976-05-06,106.02999877929688
1976-05-07,105.8499984741211
1976-05-10,105.61000061035156
1976-05-11,105.7699966430664
1976-05-12,106.02999877929688
1976-05-13,106.08999633789062
1976-05-14,106.3499984741211
1976-05-17,106.97000122070312
1976-05-18,106.80000305175781
1976-05-19,106.55000305175781
1976-05-20,106.54000091552734
1976-05-21,106.97000122070312
1976-05-24,106.68000030517578
1976-05-25,106.86000061035156
1976-05-26,107.11000061035156
1976-05-27,107.01000213623047
1976-05-28,107.29000091552734
1976-06-01,107.38999938964844
1976-06-02,107.36000061035156
1976-06-03,107.5199966430664
1976-06-04,107.5999984741211
1976-06-07,107.12999725341797
1976-06-08,107.08999633789062
1976-06-09,107.04000091552734
1976-06-10,107.19000244140625
1976-06-11,107.12000274658203
1976-06-14,107.13999938964844
1976-06-15,106.9800033569336
1976-06-16,106.95999908447266
1976-06-17,107.0
1976-06-18,107.05000305175781
1976-06-21,107.12999725341797
1976-06-22,107.05999755859375
1976-06-23,106.83999633789062
1976-06-24,106.66999816894531
1976-06-25,106.87999725341797
1976-06-28,106.76000213623047
1976-06-29,106.68000030517578
1976-06-30,106.63999938964844
1976-07-01,106.58999633789062
1976-07-02,106.62000274658203
1976-07-06,106.52999877929688
1976-07-07,106.55000305175781
1976-07-08,106.68000030517578
1976-07-09,106.7699966430664
1976-07-12,106.7699966430664
1976-07-13,106.69000244140625
1976-07-14,106.58000183105469
1976-07-15,106.77999877929688
1976-07-16,107.06999969482422
1976-07-19,107.19000244140625
1976-07-20,107.06999969482422
1976-07-21,107.04000091552734
1976-07-22,107.12999725341797
1976-07-23,107.19999694824219
1976-07-26,107.20999908447266
1976-07-27,107.06999969482422
1976-07-28,106.79000091552734
1976-07-29,106.73999786376953
1976-07-30,106.55999755859375
1976-08-02,106.38999938964844
1976-08-03,106.56999969482422
1976-08-04,106.44000244140625
1976-08-05,106.68000030517578
1976-08-06,106.70999908447266
1976-08-09,106.73999786376953
1976-08-10,106.79000091552734
1976-08-11,106.66999816894531
1976-08-12,106.87999725341797
1976-08-13,106.69999694824219
1976-08-16,106.52999877929688
1976-08-17,106.0199966430664
1976-08-18,106.05000305175781
1976-08-19,106.19999694824219
1976-08-20,106.3499984741211
1976-08-23,106.20999908447266
1976-08-24,106.12000274658203
1976-08-25,106.26000213623047
1976-08-26,106.05999755859375
1976-08-27,106.16999816894531
1976-08-30,106.0
1976-08-31,106.12999725341797
1976-09-01,105.94000244140625
1976-09-02,106.0
1976-09-03,106.01000213623047
1976-09-07,105.94000244140625
1976-09-08,105.87000274658203
1976-09-09,105.80999755859375
1976-09-10,105.87000274658203
1976-09-13,105.83000183105469
1976-09-14,105.77999877929688
1976-09-15,105.4000015258789
1976-09-16,105.37000274658203
1976-09-17,105.44999694824219
1976-09-20,105.54000091552734
1976-09-21,105.55000305175781
1976-09-22,105.41999816894531
1976-09-23,105.69999694824219
1976-09-24,105.6500015258789
1976-09-27,105.66999816894531
1976-09-28,105.93000030517578
1976-09-29,105.68000030517578
1976-09-30,105.5
1976-10-01,105.81999969482422
1976-10-04,105.52999877929688
1976-10-05,105.30999755859375
1976-10-06,105.25
1976-10-07,105.33999633789062
1976-10-08,105.44000244140625
1976-10-12,105.62000274658203
1976-10-13,105.55000305175781
1976-10-14,105.77999877929688
1976-10-15,105.94000244140625
1976-10-18,106.30999755859375
1976-10-19,106.05999755859375
1976-10-20,105.80000305175781
1976-10-21,105.94000244140625
1976-10-22,105.91999816894531
1976-10-25,105.98999786376953
1976-10-26,106.04000091552734
1976-10-27,105.93000030517578
1976-10-28,106.04000091552734
1976-10-29,105.94000244140625
1976-11-01,106.0999984741211
1976-11-03,105.8499984741211
1976-11-04,106.0
1976-11-05,106.02999877929688
1976-11-08,105.87999725341797
1976-11-09,105.93000030517578
1976-11-10,105.88999938964844
1976-11-12,105.91000366210938
1976-11-15,105.87000274658203
1976-11-16,105.91999816894531
1976-11-17,105.79000091552734
1976-11-18,105.80999755859375
1976-11-19,105.70999908447266
1976-11-22,105.55999755859375
1976-11-23,105.68000030517578
1976-11-24,105.7300033569336
1976-11-26,105.91999816894531
1976-11-29,106.0199966430664
1976-11-30,106.19000244140625
1976-12-01,106.2300033569336
1976-12-02,106.18000030517578
1976-12-03,106.12000274658203
1976-12-06,105.86000061035156
1976-12-07,105.83999633789062
1976-12-08,105.77999877929688
1976-12-09,105.7300033569336
1976-12-10,105.68000030517578
1976-12-13,105.54000091552734
1976-12-14,105.55000305175781
1976-12-15,105.55999755859375
1976-12-16,105.4800033569336
1976-12-17,105.38999938964844
1976-12-20,104.93000030517578
1976-12-21,104.91000366210938
1976-12-22,104.88999938964844
1976-12-23,104.94999694824219
1976-12-24,104.91000366210938
1976-12-27,104.79000091552734
1976-12-28,104.61000061035156
1976-12-29,104.5199966430664
1976-12-30,104.58000183105469
1976-12-31,104.55999755859375
1977-01-03,104.16999816894531
1977-01-04,104.08999633789062
1977-01-05,104.2300033569336
1977-01-06,104.45999908447266
1977-01-07,104.72000122070312
1977-01-10,105.23999786376953
1977-01-11,105.0999984741211
1977-01-12,105.02999877929688
1977-01-13,105.30999755859375
1977-01-14,105.36000061035156
1977-01-17,105.44999694824219
1977-01-18,105.62000274658203
1977-01-19,105.54000091552734
1977-01-20,105.47000122070312
1977-01-21,105.45999908447266
1977-01-24,105.73999786376953
1977-01-25,105.88999938964844
1977-01-26,105.83000183105469
1977-01-27,105.91000366210938
1977-01-28,106.01000213623047
1977-01-31,105.54000091552734
1977-02-01,105.69999694824219
1977-02-02,105.69000244140625
1977-02-03,105.79000091552734
1977-02-04,105.77999877929688
1977-02-07,105.62999725341797
1977-02-08,105.63999938964844
1977-02-09,105.43000030517578
1977-02-10,105.41999816894531
1977-02-11,105.38999938964844
1977-02-14,105.08000183105469
1977-02-15,105.31999969482422
1977-02-16,105.27999877929688
1977-02-17,105.2300033569336
1977-02-18,105.22000122070312
1977-02-22,105.23999786376953
1977-02-23,105.29000091552734
1977-02-24,105.51000213623047
1977-02-25,105.29000091552734
1977-02-28,105.26000213623047
1977-03-01,105.27999877929688
1977-03-02,105.16999816894531
1977-03-03,105.13999938964844
1977-03-04,105.23999786376953
1977-03-07,105.2699966430664
1977-03-08,105.27999877929688
1977-03-09,105.38999938964844
1977-03-10,105.5
1977-03-11,105.44999694824219
1977-03-14,105.33999633789062
1977-03-15,105.38999938964844
1977-03-16,105.33000183105469
1977-03-17,105.2699966430664
1977-03-18,105.26000213623047
1977-03-21,105.11000061035156
1977-03-22,105.08000183105469
1977-03-23,104.98999786376953
1977-03-24,105.08999633789062
1977-03-25,105.08000183105469
1977-03-28,104.87999725341797
1977-03-29,104.98999786376953
1977-03-30,104.94999694824219
1977-03-31,105.02999877929688
1977-04-01,104.93000030517578
1977-04-04,105.04000091552734
1977-04-05,104.91000366210938
1977-04-06,104.9000015258789
1977-04-07,104.88999938964844
1977-04-08,104.8499984741211
1977-04-11,104.73999786376953
1977-04-12,104.52999877929688
1977-04-13,104.44999694824219
1977-04-14,104.54000091552734
1977-04-15,104.5199966430664
1977-04-18,104.54000091552734
1977-04-19,104.66000366210938
1977-04-20,104.83000183105469
1977-04-21,104.72000122070312
1977-04-22,104.76000213623047
1977-04-25,104.66999816894531
1977-04-26,104.75
1977-04-27,104.56999969482422
1977-04-28,104.41999816894531
1977-04-29,104.38999938964844
1977-05-02,104.41000366210938
1977-05-03,104.55000305175781
1977-05-04,104.22000122070312
1977-05-05,104.23999786376953
1977-05-06,104.30999755859375
1977-05-09,104.54000091552734
1977-05-10,104.56999969482422
1977-05-11,104.76000213623047
1977-05-12,104.68000030517578
1977-05-13,104.5999984741211
1977-05-16,104.61000061035156
1977-05-17,104.48999786376953
1977-05-18,104.44999694824219
1977-05-19,104.41999816894531
1977-05-20,104.5199966430664
1977-05-23,104.58999633789062
1977-05-24,104.55999755859375
1977-05-25,104.45999908447266
1977-05-26,104.4000015258789
1977-05-27,104.51000213623047
1977-05-31,104.5199966430664
1977-06-01,104.51000213623047
1977-06-02,104.44999694824219
1977-06-03,104.4800033569336
1977-06-06,104.45999908447266
1977-06-07,104.55000305175781
1977-06-08,104.41999816894531
1977-06-09,104.37999725341797
1977-06-10,104.41000366210938
1977-06-13,104.30000305175781
1977-06-14,104.33999633789062
1977-06-15,104.31999969482422
1977-06-16,104.31999969482422
1977-06-17,104.37999725341797
1977-06-20,104.4800033569336
1977-06-21,104.4800033569336
1977-06-22,104.37000274658203
1977-06-23,104.37999725341797
1977-06-24,104.4000015258789
1977-06-27,104.37000274658203
1977-06-28,104.33999633789062
1977-06-29,103.81999969482422
1977-06-30,103.83999633789062
1977-07-01,103.80000305175781
1977-07-05,103.13999938964844
1977-07-06,103.22000122070312
1977-07-07,103.02999877929688
1977-07-08,102.98999786376953
1977-07-11,102.55000305175781
1977-07-12,102.77999877929688
1977-07-13,102.58999633789062
1977-07-15,102.68000030517578
1977-07-18,102.29000091552734
1977-07-19,102.2300033569336
1977-07-20,102.1500015258789
1977-07-21,102.19000244140625
1977-07-22,102.0199966430664
1977-07-25,101.79000091552734
1977-07-26,101.77999877929688
1977-07-27,101.95999908447266
1977-07-28,102.33999633789062
1977-07-29,102.86000061035156
1977-08-01,102.97000122070312
1977-08-02,102.70999908447266
1977-08-03,102.66999816894531
1977-08-04,102.7699966430664
1977-08-05,102.66000366210938
1977-08-08,103.08999633789062
1977-08-09,102.98999786376953
1977-08-10,103.2300033569336
1977-08-11,103.18000030517578
1977-08-12,103.51000213623047
1977-08-15,103.58000183105469
1977-08-16,103.80000305175781
1977-08-17,103.4800033569336
1977-08-18,103.48999786376953
1977-08-19,103.48999786376953
1977-08-22,103.30999755859375
1977-08-23,103.22000122070312
1977-08-24,102.87000274658203
1977-08-25,103.23999786376953
1977-08-26,103.11000061035156
1977-08-29,103.83000183105469
1977-08-30,103.76000213623047
1977-08-31,103.63999938964844
1977-09-01,103.69000244140625
1977-09-02,103.7699966430664
1977-09-06,103.79000091552734
1977-09-07,103.61000061035156
1977-09-08,103.72000122070312
1977-09-09,103.80999755859375
1977-09-12,103.91999816894531
1977-09-13,103.9000015258789
1977-09-14,103.98999786376953
1977-09-15,103.88999938964844
1977-09-16,103.91000366210938
1977-09-19,103.87000274658203
1977-09-20,103.80000305175781
1977-09-21,103.75
1977-09-22,103.79000091552734
1977-09-23,103.80999755859375
1977-09-26,103.7699966430664
1977-09-27,103.87000274658203
1977-09-28,103.76000213623047
1977-09-29,103.52999877929688
1977-09-30,103.20999908447266
1977-10-03,102.69000244140625
1977-10-04,102.9000015258789
1977-10-05,102.91000366210938
1977-10-06,102.58999633789062
1977-10-07,102.5999984741211
1977-10-11,102.80000305175781
1977-10-12,102.55999755859375
1977-10-13,102.38999938964844
1977-10-14,102.04000091552734
1977-10-17,101.81999969482422
1977-10-18,101.81999969482422
1977-10-19,102.08999633789062
1977-10-20,102.12999725341797
1977-10-21,102.11000061035156
1977-10-24,101.69999694824219
1977-10-25,101.81999969482422
1977-10-26,101.73999786376953
1977-10-27,101.76000213623047
1977-10-28,101.56999969482422
1977-10-31,100.95999908447266
1977-11-01,100.41999816894531
1977-11-02,100.8499984741211
1977-11-03,100.97000122070312
1977-11-04,101.30999755859375
1977-11-07,101.45999908447266
1977-11-09,101.41000366210938
1977-11-10,101.01000213623047
1977-11-14,100.94000244140625
1977-11-15,100.97000122070312
1977-11-16,100.87000274658203
1977-11-17,100.93000030517578
1977-11-18,100.6500015258789
1977-11-21,100.61000061035156
1977-11-22,100.4000015258789
1977-11-23,100.30000305175781
1977-11-25,100.06999969482422
1977-11-28,100.0
1977-11-29,100.38999938964844
1977-11-30,100.37000274658203
1977-12-01,100.1500015258789
1977-12-02,99.94999694824219
1977-12-05,99.51000213623047
1977-12-06,99.27999877929688
1977-12-07,99.02999877929688
1977-12-08,99.22000122070312
1977-12-09,99.43000030517578
1977-12-12,99.16000366210938
1977-12-13,98.58999633789062
1977-12-14,97.98999786376953
1977-12-15,98.2300033569336
1977-12-16,98.16000366210938
1977-12-19,97.43000030517578
1977-12-20,97.37999725341797
1977-12-21,97.22000122070312
1977-12-22,98.26000213623047
1977-12-23,98.19000244140625
1977-12-27,98.41000366210938
1977-12-28,97.2300033569336
1977-12-29,96.56999969482422
1977-12-30,96.44000244140625
1978-01-03,95.20999908447266
1978-01-04,94.98999786376953
1978-01-05,97.87000274658203
1978-01-06,96.97000122070312
1978-01-09,97.48999786376953
1978-01-10,97.30000305175781
1978-01-11,96.5199966430664
1978-01-12,97.0999984741211
1978-01-13,96.83000183105469
1978-01-16,96.77999877929688
1978-01-17,97.16000366210938
1978-01-18,97.2699966430664
1978-01-19,97.08999633789062
1978-01-20,96.98999786376953
1978-01-23,96.62000274658203
1978-01-24,96.45999908447266
1978-01-25,96.22000122070312
1978-01-26,96.41000366210938
1978-01-27,96.73999786376953
1978-01-30,96.7300033569336
1978-01-31,96.63999938964844
1978-02-01,96.80999755859375
1978-02-02,96.9000015258789
1978-02-03,97.06999969482422
1978-02-06,97.04000091552734
1978-02-07,97.0999984741211
1978-02-08,97.02999877929688
1978-02-09,97.02999877929688
1978-02-10,96.95999908447266
1978-02-14,96.4000015258789
1978-02-15,96.44000244140625
1978-02-16,95.94999694824219
1978-02-17,95.77999877929688
1978-02-21,95.30999755859375
1978-02-22,95.16000366210938
1978-02-23,94.56999969482422
1978-02-24,95.94000244140625
1978-02-27,95.5
1978-02-28,94.5999984741211
1978-03-01,94.55999755859375
1978-03-02,94.45999908447266
1978-03-03,94.76000213623047
1978-03-06,94.88999938964844
1978-03-07,94.66000366210938
1978-03-08,94.80999755859375
1978-03-09,95.33000183105469
1978-03-10,96.0999984741211
1978-03-13,95.3499984741211
1978-03-14,95.19999694824219
1978-03-15,95.27999877929688
1978-03-16,94.95999908447266
1978-03-17,94.79000091552734
1978-03-20,94.79000091552734
1978-03-21,95.01000213623047
1978-03-22,94.83999633789062
1978-03-23,94.95999908447266
1978-03-24,94.79000091552734
1978-03-27,94.4800033569336
1978-03-28,94.41999816894531
1978-03-29,94.1500015258789
1978-03-30,94.16999816894531
1978-03-31,93.83999633789062
1978-04-03,93.4000015258789
1978-04-04,93.8499984741211
1978-04-05,93.63999938964844
1978-04-06,93.5
1978-04-07,93.66999816894531
1978-04-10,93.45999908447266
1978-04-11,93.5
1978-04-12,93.4800033569336
1978-04-13,94.0
1978-04-14,94.16000366210938
1978-04-17,94.48999786376953
1978-04-18,94.73999786376953
1978-04-19,94.87999725341797
1978-04-20,96.19000244140625
1978-04-21,95.80999755859375
1978-04-24,96.02999877929688
1978-04-25,95.9800033569336
1978-04-26,95.94000244140625
1978-04-27,95.12999725341797
1978-04-28,95.62000274658203
1978-05-01,95.58000183105469
1978-05-02,95.83999633789062
1978-05-03,95.77999877929688
1978-05-04,95.38999938964844
1978-05-05,95.54000091552734
1978-05-08,95.9800033569336
1978-05-09,96.19000244140625
1978-05-10,95.87999725341797
1978-05-11,96.16000366210938
1978-05-12,96.45999908447266
1978-05-15,96.62000274658203
1978-05-16,97.11000061035156
1978-05-17,97.0199966430664
1978-05-18,96.44000244140625
1978-05-19,96.9000015258789
1978-05-22,96.91000366210938
1978-05-23,97.08999633789062
1978-05-24,96.97000122070312
1978-05-25,96.66999816894531
1978-05-26,96.58000183105469
1978-05-29,96.4000015258789
1978-05-31,95.45999908447266
1978-06-01,95.44999694824219
1978-06-02,95.25
1978-06-05,95.58000183105469
1978-06-06,95.4800033569336
1978-06-07,95.4800033569336
1978-06-08,95.30999755859375
1978-06-09,95.29000091552734
1978-06-12,94.95999908447266
1978-06-13,94.98999786376953
1978-06-14,94.87999725341797
1978-06-15,95.20999908447266
1978-06-16,95.12999725341797
1978-06-19,94.9000015258789
1978-06-20,94.52999877929688
1978-06-21,94.23999786376953
1978-06-22,94.66000366210938
1978-06-23,94.02999877929688
1978-06-26,93.95999908447266
1978-06-27,94.05000305175781
1978-06-28,93.83000183105469
1978-06-29,93.62000274658203
1978-06-30,93.52999877929688
1978-07-03,93.16999816894531
1978-07-05,92.69999694824219
1978-07-06,93.19000244140625
1978-07-07,92.9000015258789
1978-07-10,92.41999816894531
1978-07-11,92.66999816894531
1978-07-12,92.86000061035156
1978-07-13,92.73999786376953
1978-07-14,92.87000274658203
1978-07-17,93.2300033569336
1978-07-18,93.04000091552734
1978-07-19,92.69999694824219
1978-07-20,92.55000305175781
1978-07-21,92.3499984741211
1978-07-24,91.80000305175781
1978-07-25,91.69999694824219
1978-07-26,91.8499984741211
1978-07-27,91.95999908447266
1978-07-28,91.2699966430664
1978-07-31,90.94000244140625
1978-08-01,90.9000015258789
1978-08-02,90.80999755859375
1978-08-03,90.86000061035156
1978-08-04,91.05999755859375
1978-08-07,90.47000122070312
1978-08-08,89.91000366210938
1978-08-09,89.66999816894531
1978-08-10,89.3499984741211
1978-08-11,88.91999816894531
1978-08-14,88.0
1978-08-15,88.33999633789062
1978-08-16,88.08000183105469
1978-08-17,89.88999938964844
1978-08-18,89.7300033569336
1978-08-21,90.63999938964844
1978-08-22,90.33000183105469
1978-08-23,90.61000061035156
1978-08-24,90.33000183105469
1978-08-25,90.83000183105469
1978-08-28,91.12999725341797
1978-08-29,90.11000061035156
1978-08-30,89.97000122070312
1978-08-31,90.0
1978-09-01,89.7300033569336
1978-09-05,89.76000213623047
1978-09-06,89.77999877929688
1978-09-07,90.05999755859375
1978-09-08,90.54000091552734
1978-09-11,90.4000015258789
1978-09-12,90.26000213623047
1978-09-13,89.68000030517578
1978-09-14,89.77999877929688
1978-09-15,89.70999908447266
1978-09-18,89.7699966430664
1978-09-19,89.73999786376953
1978-09-20,89.16999816894531
1978-09-21,88.87999725341797
1978-09-22,89.05000305175781
1978-09-25,88.66999816894531
1978-09-26,88.95999908447266
1978-09-27,88.80000305175781
1978-09-28,88.81999969482422
1978-09-29,88.83000183105469
1978-10-02,88.87999725341797
1978-10-03,88.2699966430664
1978-10-04,87.9000015258789
1978-10-05,87.87000274658203
1978-10-06,88.06999969482422
1978-10-10,87.80999755859375
1978-10-11,87.05000305175781
1978-10-12,87.2300033569336
1978-10-13,86.87000274658203
1978-10-16,86.6500015258789
1978-10-17,86.20999908447266
1978-10-18,86.0
1978-10-19,86.20999908447266
1978-10-20,85.45999908447266
1978-10-23,85.27999877929688
1978-10-24,85.44000244140625
1978-10-25,84.37000274658203
1978-10-26,83.56999969482422
1978-10-27,83.44000244140625
1978-10-30,82.06999969482422
1978-10-31,83.06999969482422
1978-11-01,86.68000030517578
1978-11-02,87.25
1978-11-03,87.94999694824219
1978-11-06,88.44000244140625
1978-11-08,87.5199966430664
1978-11-09,87.83000183105469
1978-11-10,87.9000015258789
1978-11-13,87.9800033569336
1978-11-14,88.05999755859375
1978-11-15,88.47000122070312
1978-11-16,89.36000061035156
1978-11-17,89.97000122070312
1978-11-20,90.19000244140625
1978-11-21,89.83999633789062
1978-11-22,89.69999694824219
1978-11-24,90.0199966430664
1978-11-27,90.05000305175781
1978-11-28,90.0
1978-11-29,90.01000213623047
1978-11-30,90.22000122070312
1978-12-01,90.62999725341797
1978-12-04,90.05000305175781
1978-12-05,89.83999633789062
1978-12-06,89.80000305175781
1978-12-07,89.87999725341797
1978-12-08,89.68000030517578
1978-12-11,89.22000122070312
1978-12-12,89.29000091552734
1978-12-13,89.33999633789062
1978-12-14,89.08999633789062
1978-12-15,88.94999694824219
1978-12-18,87.66000366210938
1978-12-19,87.19999694824219
1978-12-20,87.19000244140625
1978-12-21,87.87000274658203
1978-12-22,87.72000122070312
1978-12-26,87.56999969482422
1978-12-27,86.55000305175781
1978-12-28,86.81999969482422
1978-12-29,86.5
1979-01-02,86.5199966430664
1979-01-03,87.41000366210938
1979-01-04,87.54000091552734
1979-01-05,87.48999786376953
1979-01-08,87.20999908447266
1979-01-09,87.61000061035156
1979-01-10,87.63999938964844
1979-01-11,88.12000274658203
1979-01-12,88.04000091552734
1979-01-15,88.16000366210938
1979-01-16,87.80999755859375
1979-01-17,87.55999755859375
1979-01-18,87.37999725341797
1979-01-19,87.62000274658203
1979-01-22,87.66999816894531
1979-01-23,87.80999755859375
1979-01-24,87.66999816894531
1979-01-25,88.12999725341797
1979-01-26,88.12999725341797
1979-01-29,88.33999633789062
1979-01-30,88.43000030517578
1979-01-31,88.86000061035156
1979-02-01,89.23999786376953
1979-02-02,89.25
1979-02-05,88.5199966430664
1979-02-06,88.2699966430664
1979-02-07,87.3499984741211
1979-02-08,87.7699966430664
1979-02-09,87.8499984741211
1979-02-13,88.19000244140625
1979-02-14,88.25
1979-02-15,88.13999938964844
1979-02-16,88.2699966430664
1979-02-20,88.30999755859375
1979-02-21,88.3499984741211
1979-02-22,88.18000030517578
1979-02-23,88.16000366210938
1979-02-26,88.06999969482422
1979-02-27,88.13999938964844
1979-02-28,88.18000030517578
1979-03-01,88.27999877929688
1979-03-02,88.41000366210938
1979-03-05,88.4800033569336
1979-03-06,88.41000366210938
1979-03-07,88.1500015258789
1979-03-08,88.08999633789062
1979-03-09,88.20999908447266
1979-03-12,88.27999877929688
1979-03-13,88.58999633789062
1979-03-14,88.38999938964844
1979-03-15,88.45999908447266
1979-03-16,88.56999969482422
1979-03-19,88.5
1979-03-20,88.54000091552734
1979-03-21,88.5
1979-03-22,88.38999938964844
1979-03-23,88.44999694824219
1979-03-26,88.19999694824219
1979-03-27,88.41999816894531
1979-03-28,88.37000274658203
1979-03-29,88.4800033569336
1979-03-30,88.52999877929688
1979-04-02,88.9800033569336
1979-04-03,89.11000061035156
1979-04-04,89.1500015258789
1979-04-05,89.1500015258789
1979-04-06,89.20999908447266
1979-04-09,89.4000015258789
1979-04-10,89.18000030517578
1979-04-11,89.19000244140625
1979-04-12,89.62999725341797
1979-04-16,89.66000366210938
1979-04-17,89.75
1979-04-18,89.38999938964844
1979-04-19,89.43000030517578
1979-04-20,89.83000183105469
1979-04-23,89.76000213623047
1979-04-24,89.69000244140625
1979-04-25,89.73999786376953
1979-04-26,89.69999694824219
1979-04-27,89.8499984741211
1979-04-30,89.9800033569336
1979-05-01,90.11000061035156
1979-05-02,90.20999908447266
1979-05-03,90.18000030517578
1979-05-04,90.01000213623047
1979-05-07,89.55000305175781
1979-05-08,89.73999786376953
1979-05-09,89.63999938964844
1979-05-10,89.91000366210938
1979-05-11,90.02999877929688
1979-05-14,89.9800033569336
1979-05-15,90.08000183105469
1979-05-16,90.0199966430664
1979-05-17,90.37999725341797
1979-05-18,90.70999908447266
1979-05-21,90.87000274658203
1979-05-22,90.86000061035156
1979-05-23,90.72000122070312
1979-05-24,90.58999633789062
1979-05-25,90.83000183105469
1979-05-28,90.88999938964844
1979-05-29,91.0199966430664
1979-05-31,90.52999877929688
1979-06-01,90.81999969482422
1979-06-04,90.62000274658203
1979-06-05,90.79000091552734
1979-06-06,90.77999877929688
1979-06-07,90.66999816894531
1979-06-08,90.6500015258789
1979-06-11,90.6500015258789
1979-06-12,90.58999633789062
1979-06-13,90.44000244140625
1979-06-14,90.41999816894531
1979-06-15,89.80999755859375
1979-06-18,89.87999725341797
1979-06-19,89.19000244140625
1979-06-20,88.95999908447266
1979-06-21,88.75
1979-06-22,88.41999816894531
1979-06-25,87.70999908447266
1979-06-26,88.19000244140625
1979-06-27,88.02999877929688
1979-06-28,87.9800033569336
1979-06-29,87.8499984741211
1979-07-02,87.88999938964844
1979-07-03,87.81999969482422
1979-07-05,87.33999633789062
1979-07-06,87.51000213623047
1979-07-09,87.75
1979-07-10,87.54000091552734
1979-07-11,87.27999877929688
1979-07-12,87.23999786376953
1979-07-13,87.22000122070312
1979-07-16,86.94999694824219
1979-07-17,86.51000213623047
1979-07-18,86.11000061035156
1979-07-19,86.30000305175781
1979-07-20,86.7300033569336
1979-07-23,86.30000305175781
1979-07-24,86.0199966430664
1979-07-25,86.18000030517578
1979-07-26,86.36000061035156
1979-07-27,86.4800033569336
1979-07-30,86.77999877929688
1979-07-31,87.30999755859375
1979-08-01,86.97000122070312
1979-08-02,87.0199966430664
1979-08-03,87.13999938964844
1979-08-06,87.1500015258789
1979-08-07,87.29000091552734
1979-08-08,87.25
1979-08-09,87.0199966430664
1979-08-10,86.91000366210938
1979-08-13,87.12999725341797
1979-08-14,87.30000305175781
1979-08-15,87.31999969482422
1979-08-16,87.25
1979-08-17,87.4000015258789
1979-08-20,87.36000061035156
1979-08-21,87.43000030517578
1979-08-22,87.45999908447266
1979-08-23,87.33999633789062
1979-08-24,87.29000091552734
1979-08-27,87.43000030517578
1979-08-28,87.3499984741211
1979-08-29,87.45999908447266
1979-08-30,87.16999816894531
1979-08-31,87.19000244140625
1979-09-04,87.26000213623047
1979-09-05,87.20999908447266
1979-09-06,86.88999938964844
1979-09-07,86.7699966430664
1979-09-10,86.75
1979-09-11,86.93000030517578
1979-09-12,86.95999908447266
1979-09-13,87.30000305175781
1979-09-14,87.43000030517578
1979-09-17,87.47000122070312
1979-09-18,87.45999908447266
1979-09-19,87.36000061035156
1979-09-20,86.18000030517578
1979-09-21,86.22000122070312
1979-09-24,86.38999938964844
1979-09-25,86.37999725341797
1979-09-26,86.0999984741211
1979-09-27,85.52999877929688
1979-09-28,85.44999694824219
1979-10-01,85.43000030517578
1979-10-02,85.88999938964844
1979-10-03,86.08999633789062
1979-10-04,86.23999786376953
1979-10-05,86.18000030517578
1979-10-09,87.66000366210938
1979-10-10,87.0199966430664
1979-10-11,87.36000061035156
1979-10-12,87.44999694824219
1979-10-15,87.72000122070312
1979-10-16,88.0
1979-10-17,88.2699966430664
1979-10-18,87.97000122070312
1979-10-19,87.94999694824219
1979-10-22,88.27999877929688
1979-10-23,88.75
1979-10-24,88.55999755859375
1979-10-25,88.41999816894531
1979-10-26,88.80000305175781
1979-10-29,88.97000122070312
1979-10-30,89.12000274658203
1979-10-31,88.94999694824219
1979-11-01,88.79000091552734
1979-11-02,88.47000122070312
1979-11-05,88.61000061035156
1979-11-07,88.43000030517578
1979-11-08,88.77999877929688
1979-11-09,88.9800033569336
1979-11-13,89.0199966430664
1979-11-14,88.45999908447266
1979-11-15,88.61000061035156
1979-11-16,88.27999877929688
1979-11-19,87.68000030517578
1979-11-20,87.83999633789062
1979-11-21,87.68000030517578
1979-11-23,87.94000244140625
1979-11-26,87.76000213623047
1979-11-27,87.66000366210938
1979-11-28,87.5
1979-11-29,87.19999694824219
1979-11-30,86.79000091552734
1979-12-03,85.9800033569336
1979-12-04,86.55000305175781
1979-12-05,87.05000305175781
1979-12-06,86.86000061035156
1979-12-07,87.04000091552734
1979-12-10,86.62000274658203
1979-12-11,86.30999755859375
1979-12-12,86.29000091552734
1979-12-13,86.27999877929688
1979-12-14,86.66999816894531
1979-12-17,86.47000122070312
1979-12-18,86.31999969482422
1979-12-19,86.1500015258789
1979-12-20,86.2300033569336
1979-12-21,86.37999725341797
1979-12-24,86.16999816894531
1979-12-26,85.98999786376953
1979-12-27,85.51000213623047
1979-12-28,85.80999755859375
1979-12-31,85.81999969482422
1980-01-02,85.31999969482422
1980-01-03,85.26000213623047
1980-01-04,85.2300033569336
1980-01-07,84.79000091552734
1980-01-08,85.06999969482422
1980-01-09,85.0199966430664
1980-01-10,85.20999908447266
1980-01-11,85.3499984741211
1980-01-14,85.2300033569336
1980-01-15,85.63999938964844
1980-01-16,85.4000015258789
1980-01-17,85.5199966430664
1980-01-18,85.44999694824219
1980-01-21,85.69999694824219
1980-01-22,85.80000305175781
1980-01-23,85.55999755859375
1980-01-24,85.70999908447266
1980-01-25,85.94000244140625
1980-01-28,86.0999984741211
1980-01-29,86.0199966430664
1980-01-30,85.95999908447266
1980-01-31,86.13999938964844
1980-02-01,86.12999725341797
1980-02-04,86.05000305175781
1980-02-05,86.0199966430664
1980-02-06,85.62000274658203
1980-02-07,85.80000305175781
1980-02-08,85.94000244140625
1980-02-11,85.8499984741211
1980-02-13,85.7699966430664
1980-02-14,85.83999633789062
1980-02-15,86.0999984741211
1980-02-19,86.51000213623047
1980-02-20,86.4800033569336
1980-02-21,86.41000366210938
1980-02-22,86.91999816894531
1980-02-25,87.05000305175781
1980-02-26,87.08000183105469
1980-02-27,86.9000015258789
1980-02-28,87.01000213623047
1980-02-29,87.6500015258789
1980-03-03,87.8499984741211
1980-03-04,88.08000183105469
1980-03-05,87.98999786376953
1980-03-06,88.31999969482422
1980-03-07,88.41000366210938
1980-03-10,88.88999938964844
1980-03-11,88.93000030517578
1980-03-12,88.80000305175781
1980-03-13,89.2699966430664
1980-03-14,89.81999969482422
1980-03-17,91.2699966430664
1980-03-18,91.3499984741211
1980-03-19,91.08999633789062
1980-03-20,90.83999633789062
1980-03-21,91.26000213623047
1980-03-24,91.61000061035156
1980-03-25,91.83999633789062
1980-03-26,91.75
1980-03-27,92.48999786376953
1980-03-28,92.83000183105469
1980-03-31,93.58000183105469
1980-04-01,94.22000122070312
1980-04-02,94.06999969482422
1980-04-03,94.37000274658203
1980-04-04,94.66999816894531
1980-04-07,94.87999725341797
1980-04-08,93.45999908447266
1980-04-09,91.62999725341797
1980-04-10,91.06999969482422
1980-04-11,91.26000213623047
1980-04-14,91.0199966430664
1980-04-15,91.80999755859375
1980-04-16,90.56999969482422
1980-04-17,90.51000213623047
1980-04-18,90.5
1980-04-21,90.1500015258789
1980-04-22,90.55000305175781
1980-04-23,88.87000274658203
1980-04-24,88.83000183105469
1980-04-25,88.68000030517578
1980-04-28,88.04000091552734
1980-04-29,88.01000213623047
1980-04-30,88.11000061035156
1980-05-01,88.22000122070312
1980-05-02,88.9000015258789
1980-05-05,87.83999633789062
1980-05-06,87.41000366210938
1980-05-07,87.20999908447266
1980-05-08,87.5
1980-05-09,88.01000213623047
1980-05-12,87.08000183105469
1980-05-13,87.2300033569336
1980-05-14,86.91999816894531
1980-05-15,86.97000122070312
1980-05-16,87.23999786376953
1980-05-19,87.38999938964844
1980-05-20,87.23999786376953
1980-05-21,86.37999725341797
1980-05-22,86.37000274658203
1980-05-23,85.77999877929688
1980-05-27,85.1500015258789
1980-05-28,85.68000030517578
1980-05-29,85.9000015258789
1980-05-30,85.93000030517578
1980-06-02,86.08999633789062
1980-06-03,86.06999969482422
1980-06-04,85.80000305175781
1980-06-05,85.72000122070312
1980-06-06,85.5
1980-06-09,84.98999786376953
1980-06-10,85.0199966430664
1980-06-11,85.19000244140625
1980-06-12,85.06999969482422
1980-06-13,84.75
1980-06-16,85.12000274658203
1980-06-17,85.16000366210938
1980-06-18,85.0199966430664
1980-06-19,85.16000366210938
1980-06-20,85.25
1980-06-23,85.13999938964844
1980-06-24,85.2699966430664
1980-06-25,85.31999969482422
1980-06-26,85.16000366210938
1980-06-27,85.12999725341797
1980-06-30,85.19999694824219
1980-07-01,85.0999984741211
1980-07-02,85.0
1980-07-03,84.88999938964844
1980-07-07,84.19000244140625
1980-07-08,84.2699966430664
1980-07-09,84.2699966430664
1980-07-10,84.12000274658203
1980-07-11,84.22000122070312
1980-07-14,84.38999938964844
1980-07-15,84.62000274658203
1980-07-16,84.47000122070312
1980-07-17,84.16999816894531
1980-07-18,84.61000061035156
1980-07-21,84.43000030517578
1980-07-22,84.30999755859375
1980-07-23,84.52999877929688
1980-07-24,84.30000305175781
1980-07-25,84.54000091552734
1980-07-28,84.7300033569336
1980-07-29,85.29000091552734
1980-07-30,85.91999816894531
1980-07-31,86.08000183105469
1980-08-01,86.48999786376953
1980-08-04,86.12999725341797
1980-08-05,85.80999755859375
1980-08-06,85.44999694824219
1980-08-07,85.87000274658203
1980-08-08,85.93000030517578
1980-08-11,85.94999694824219
1980-08-12,85.72000122070312
1980-08-13,85.79000091552734
1980-08-14,85.93000030517578
1980-08-15,86.0
1980-08-18,86.43000030517578
1980-08-19,86.47000122070312
1980-08-20,86.30999755859375
1980-08-21,86.36000061035156
1980-08-22,86.86000061035156
1980-08-25,86.55000305175781
1980-08-26,86.25
1980-08-27,86.16999816894531
1980-08-28,85.69000244140625
1980-08-29,85.8499984741211
1980-09-02,85.19000244140625
1980-09-03,85.1500015258789
1980-09-04,85.19999694824219
1980-09-05,85.41000366210938
1980-09-08,85.19999694824219
1980-09-09,85.33000183105469
1980-09-10,85.29000091552734
1980-09-11,85.0999984741211
1980-09-12,85.08000183105469
1980-09-15,85.23999786376953
1980-09-16,85.26000213623047
1980-09-17,85.20999908447266
1980-09-18,85.58000183105469
1980-09-19,85.55000305175781
1980-09-22,86.0199966430664
1980-09-23,86.29000091552734
1980-09-24,85.66000366210938
1980-09-25,85.79000091552734
1980-09-26,85.80000305175781
1980-09-29,86.13999938964844
1980-09-30,86.0199966430664
1980-10-01,85.75
1980-10-02,85.87999725341797
1980-10-03,85.80000305175781
1980-10-06,85.43000030517578
1980-10-07,85.68000030517578
1980-10-08,85.5999984741211
1980-10-09,85.63999938964844
1980-10-10,85.58999633789062
1980-10-14,85.7300033569336
1980-10-15,86.0
1980-10-16,86.08999633789062
1980-10-17,86.5199966430664
1980-10-20,86.9800033569336
1980-10-21,86.91999816894531
1980-10-22,87.05999755859375
1980-10-23,87.04000091552734
1980-10-24,87.33999633789062
1980-10-27,87.80000305175781
1980-10-28,88.20999908447266
1980-10-29,87.76000213623047
1980-10-30,88.16000366210938
1980-10-31,88.37999725341797
1980-11-03,88.63999938964844
1980-11-05,89.48999786376953
1980-11-06,89.7300033569336
1980-11-07,90.12000274658203
1980-11-10,88.48999786376953
1980-11-12,88.70999908447266
1980-11-13,88.43000030517578
1980-11-14,88.8499984741211
1980-11-17,89.75
1980-11-18,89.41000366210938
1980-11-19,88.9800033569336
1980-11-20,89.30000305175781
1980-11-21,89.55999755859375
1980-11-24,89.66000366210938
1980-11-25,89.44999694824219
1980-11-26,89.7699966430664
1980-11-28,90.01000213623047
1980-12-01,90.55000305175781
1980-12-02,90.66000366210938
1980-12-03,90.30999755859375
1980-12-04,90.23999786376953
1980-12-05,90.83999633789062
1980-12-08,90.66999816894531
1980-12-09,91.3499984741211
1980-12-10,92.12999725341797
1980-12-11,92.56999969482422
1980-12-12,92.27999877929688
1980-12-15,91.76000213623047
1980-12-16,92.66000366210938
1980-12-17,91.5
1980-12-18,91.80999755859375
1980-12-19,91.1500015258789
1980-12-22,90.5999984741211
1980-12-23,90.18000030517578
1980-12-24,90.02999877929688
1980-12-26,90.06999969482422
1980-12-29,90.31999969482422
1980-12-30,89.86000061035156
1980-12-31,90.38999938964844
1981-01-02,90.51000213623047
1981-01-05,89.13999938964844
1981-01-06,88.94999694824219
1981-01-07,89.44999694824219
1981-01-08,89.98999786376953
1981-01-09,90.51000213623047
1981-01-12,90.83000183105469
1981-01-13,91.30999755859375
1981-01-14,91.01000213623047
1981-01-15,91.1500015258789
1981-01-16,91.44999694824219
1981-01-19,91.36000061035156
1981-01-20,91.04000091552734
1981-01-21,90.62999725341797
1981-01-22,91.7300033569336
1981-01-23,92.11000061035156
1981-01-26,92.58000183105469
1981-01-27,93.12000274658203
1981-01-28,93.62000274658203
1981-01-29,93.98999786376953
1981-01-30,95.23999786376953
1981-02-02,94.81999969482422
1981-02-03,95.29000091552734
1981-02-04,94.58999633789062
1981-02-05,95.58999633789062
1981-02-06,95.44999694824219
1981-02-09,95.38999938964844
1981-02-10,95.70999908447266
1981-02-11,95.73999786376953
1981-02-13,98.18000030517578
1981-02-17,97.83999633789062
1981-02-18,97.61000061035156
1981-02-19,96.05999755859375
1981-02-20,94.94999694824219
1981-02-23,95.77999877929688
1981-02-24,96.12999725341797
1981-02-25,96.0199966430664
1981-02-26,96.45999908447266
1981-02-27,97.05999755859375
1981-03-02,97.94999694824219
1981-03-03,97.68000030517578
1981-03-04,97.20999908447266
1981-03-05,97.22000122070312
1981-03-06,97.2699966430664
1981-03-09,96.33999633789062
1981-03-10,96.13999938964844
1981-03-11,96.58000183105469
1981-03-12,96.43000030517578
1981-03-13,96.30999755859375
1981-03-16,95.68000030517578
1981-03-17,95.47000122070312
1981-03-18,94.38999938964844
1981-03-19,94.23999786376953
1981-03-20,94.83000183105469
1981-03-23,95.69000244140625
1981-03-24,95.45999908447266
1981-03-25,95.58999633789062
1981-03-26,96.55000305175781
1981-03-27,97.12999725341797
1981-03-30,96.27999877929688
1981-03-31,96.76000213623047
1981-04-01,96.27999877929688
1981-04-02,96.86000061035156
1981-04-03,97.41999816894531
1981-04-06,98.44000244140625
1981-04-07,97.3499984741211
1981-04-08,97.62999725341797
1981-04-09,98.0
1981-04-10,98.37999725341797
1981-04-13,99.12999725341797
1981-04-14,98.8499984741211
1981-04-15,99.51000213623047
1981-04-16,99.69999694824219
1981-04-17,99.86000061035156
1981-04-20,99.80999755859375
1981-04-21,99.69999694824219
1981-04-22,98.91999816894531
1981-04-23,99.19999694824219
1981-04-24,99.30999755859375
1981-04-27,99.25
1981-04-28,99.45999908447266
1981-04-29,100.41999816894531
1981-04-30,100.44999694824219
1981-05-01,100.27999877929688
1981-05-04,101.80000305175781
1981-05-05,102.5
1981-05-06,102.04000091552734
1981-05-07,102.63999938964844
1981-05-08,102.05000305175781
1981-05-11,103.2300033569336
1981-05-12,103.72000122070312
1981-05-13,103.83000183105469
1981-05-14,104.5199966430664
1981-05-15,104.43000030517578
1981-05-18,104.0
1981-05-19,104.16000366210938
1981-05-20,103.86000061035156
1981-05-21,104.7300033569336
1981-05-22,104.51000213623047
1981-05-26,104.95999908447266
1981-05-27,105.36000061035156
1981-05-28,104.69000244140625
1981-05-29,104.94999694824219
1981-06-01,104.98999786376953
1981-06-02,106.11000061035156
1981-06-03,106.0
1981-06-04,108.23999786376953
1981-06-05,108.47000122070312
1981-06-08,108.08999633789062
1981-06-09,108.08999633789062
1981-06-10,106.80000305175781
1981-06-11,107.91999816894531
1981-06-12,107.55999755859375
1981-06-15,105.55000305175781
1981-06-16,105.56999969482422
1981-06-17,105.62000274658203
1981-06-18,106.56999969482422
1981-06-19,106.77999877929688
1981-06-22,106.2300033569336
1981-06-23,106.01000213623047
1981-06-24,106.51000213623047
1981-06-25,107.43000030517578
1981-06-26,107.37000274658203
1981-06-29,107.52999877929688
1981-06-30,107.70999908447266
1981-07-01,108.5199966430664
1981-07-02,108.55999755859375
1981-07-03,108.69000244140625
1981-07-06,109.58999633789062
1981-07-07,109.37999725341797
1981-07-08,110.5
1981-07-09,110.29000091552734
1981-07-10,109.44999694824219
1981-07-13,109.08000183105469
1981-07-14,110.04000091552734
1981-07-15,108.69999694824219
1981-07-16,108.83999633789062
1981-07-17,109.41999816894531
1981-07-20,110.06999969482422
1981-07-21,111.01000213623047
1981-07-22,110.16000366210938
1981-07-23,110.45999908447266
1981-07-24,110.13999938964844
1981-07-27,110.25
1981-07-28,110.44999694824219
1981-07-29,110.94999694824219
1981-07-30,111.0199966430664
1981-07-31,111.72000122070312
1981-08-03,114.02999877929688
1981-08-04,114.25
1981-08-05,113.26000213623047
1981-08-06,113.51000213623047
1981-08-07,113.7300033569336
1981-08-10,114.87999725341797
1981-08-11,114.51000213623047
1981-08-12,112.19999694824219
1981-08-13,112.91000366210938
1981-08-14,113.29000091552734
1981-08-17,112.01000213623047
1981-08-18,111.62999725341797
1981-08-19,111.75
1981-08-20,110.81999969482422
1981-08-21,110.01000213623047
1981-08-24,110.77999877929688
1981-08-25,112.18000030517578
1981-08-26,110.91999816894531
1981-08-27,111.22000122070312
1981-08-28,110.31999969482422
1981-08-31,110.27999877929688
1981-09-01,110.76000213623047
1981-09-02,110.08999633789062
1981-09-03,109.69999694824219
1981-09-04,109.3499984741211
1981-09-08,110.52999877929688
1981-09-09,110.55000305175781
1981-09-10,109.30999755859375
1981-09-11,109.58000183105469
1981-09-14,109.06999969482422
1981-09-15,107.41000366210938
1981-09-16,106.55000305175781
1981-09-17,105.77999877929688
1981-09-18,105.58999633789062
1981-09-21,103.83999633789062
1981-09-22,105.6500015258789
1981-09-23,106.47000122070312
1981-09-24,107.25
1981-09-25,107.62000274658203
1981-09-28,108.33000183105469
1981-09-29,107.30999755859375
1981-09-30,107.7300033569336
1981-10-01,107.56999969482422
1981-10-02,106.79000091552734
1981-10-05,105.2300033569336
1981-10-06,106.3499984741211
1981-10-07,105.05000305175781
1981-10-08,104.55999755859375
1981-10-09,103.86000061035156
1981-10-13,105.12000274658203
1981-10-14,105.26000213623047
1981-10-15,105.58999633789062
1981-10-16,105.9800033569336
1981-10-19,105.87000274658203
1981-10-20,106.11000061035156
1981-10-21,107.27999877929688
1981-10-22,107.55000305175781
1981-10-23,107.26000213623047
1981-10-26,108.6500015258789
1981-10-27,108.36000061035156
1981-10-28,107.79000091552734
1981-10-29,107.13999938964844
1981-10-30,106.12999725341797
1981-11-02,104.98999786376953
1981-11-04,104.62000274658203
1981-11-05,105.18000030517578
1981-11-06,105.04000091552734
1981-11-09,104.30999755859375
1981-11-10,105.3499984741211
1981-11-12,104.36000061035156
1981-11-13,104.4800033569336
1981-11-16,104.80000305175781
1981-11-17,105.29000091552734
1981-11-18,104.47000122070312
1981-11-19,104.63999938964844
1981-11-20,105.08000183105469
1981-11-23,104.80000305175781
1981-11-24,103.94999694824219
1981-11-25,103.8499984741211
1981-11-27,103.27999877929688
1981-11-30,103.18000030517578
1981-12-01,103.6500015258789
1981-12-02,103.37000274658203
1981-12-03,104.04000091552734
1981-12-04,103.80000305175781
1981-12-07,104.33999633789062
1981-12-08,104.72000122070312
1981-12-09,104.72000122070312
1981-12-10,105.33000183105469
1981-12-11,105.80000305175781
1981-12-14,106.45999908447266
1981-12-15,105.47000122070312
1981-12-16,105.76000213623047
1981-12-17,105.83000183105469
1981-12-18,106.23999786376953
1981-12-21,106.08999633789062
1981-12-22,105.7300033569336
1981-12-23,105.88999938964844
1981-12-24,105.94999694824219
1981-12-28,105.87000274658203
1981-12-29,105.88999938964844
1981-12-30,105.2300033569336
1981-12-31,104.69000244140625
1982-01-04,104.62000274658203
1982-01-05,105.41000366210938
1982-01-06,104.91999816894531
1982-01-07,105.55999755859375
1982-01-08,105.4800033569336
1982-01-11,106.54000091552734
1982-01-12,106.73999786376953
1982-01-13,107.02999877929688
1982-01-14,107.44000244140625
1982-01-15,107.56999969482422
1982-01-18,107.16999816894531
1982-01-19,106.95999908447266
1982-01-20,107.4800033569336
1982-01-21,107.22000122070312
1982-01-22,107.7300033569336
1982-01-25,108.77999877929688
1982-01-26,107.91999816894531
1982-01-27,108.36000061035156
1982-01-28,108.5
1982-01-29,108.02999877929688
1982-02-01,109.31999969482422
1982-02-02,109.44000244140625
1982-02-03,109.51000213623047
1982-02-04,109.13999938964844
1982-02-05,109.38999938964844
1982-02-08,109.80999755859375
1982-02-09,110.63999938964844
1982-02-10,110.36000061035156
1982-02-11,110.20999908447266
1982-02-16,111.54000091552734
1982-02-17,111.58999633789062
1982-02-18,110.30999755859375
1982-02-19,110.05999755859375
1982-02-22,110.19000244140625
1982-02-23,111.12999725341797
1982-02-24,111.02999877929688
1982-02-25,111.1500015258789
1982-02-26,111.93000030517578
1982-03-01,111.95999908447266
1982-03-02,111.69000244140625
1982-03-03,111.41999816894531
1982-03-04,111.20999908447266
1982-03-05,110.27999877929688
1982-03-08,110.36000061035156
1982-03-09,111.47000122070312
1982-03-10,111.18000030517578
1982-03-11,111.69000244140625
1982-03-12,112.06999969482422
1982-03-15,111.93000030517578
1982-03-16,112.2699966430664
1982-03-17,112.19999694824219
1982-03-18,112.66000366210938
1982-03-19,113.05000305175781
1982-03-22,113.52999877929688
1982-03-23,113.33000183105469
1982-03-24,113.16999816894531
1982-03-25,113.7300033569336
1982-03-26,113.98999786376953
1982-03-29,114.55999755859375
1982-03-30,114.16999816894531
1982-03-31,114.7300033569336
1982-04-01,114.16000366210938
1982-04-02,113.97000122070312
1982-04-05,114.58999633789062
1982-04-06,114.95999908447266
1982-04-07,114.76000213623047
1982-04-08,115.36000061035156
1982-04-09,115.23999786376953
1982-04-12,115.0199966430664
1982-04-13,114.66999816894531
1982-04-14,114.9800033569336
1982-04-15,115.16000366210938
1982-04-16,115.0999984741211
1982-04-19,114.44999694824219
1982-04-20,114.08999633789062
1982-04-21,113.91999816894531
1982-04-22,113.94999694824219
1982-04-23,113.72000122070312
1982-04-26,113.01000213623047
1982-04-27,112.88999938964844
1982-04-28,112.36000061035156
1982-04-29,111.83999633789062
1982-04-30,111.5999984741211
1982-05-03,111.51000213623047
1982-05-04,111.9800033569336
1982-05-05,111.02999877929688
1982-05-06,110.5
1982-05-07,109.86000061035156
1982-05-10,109.7300033569336
1982-05-11,109.69999694824219
1982-05-12,109.79000091552734
1982-05-13,110.37000274658203
1982-05-14,110.7699966430664
1982-05-17,110.79000091552734
1982-05-18,111.20999908447266
1982-05-19,111.61000061035156
1982-05-20,111.5199966430664
1982-05-21,111.05000305175781
1982-05-24,110.79000091552734
1982-05-25,111.2699966430664
1982-05-26,111.80000305175781
1982-05-27,112.68000030517578
1982-05-28,112.79000091552734
1982-06-01,113.70999908447266
1982-06-02,113.5
1982-06-03,113.25
1982-06-04,113.37000274658203
1982-06-07,114.01000213623047
1982-06-08,114.73999786376953
1982-06-09,115.44999694824219
1982-06-10,115.5
1982-06-11,115.05000305175781
1982-06-14,117.1500015258789
1982-06-15,117.23999786376953
1982-06-16,117.87000274658203
1982-06-17,118.48999786376953
1982-06-18,119.01000213623047
1982-06-21,119.81999969482422
1982-06-22,118.87000274658203
1982-06-23,119.69000244140625
1982-06-24,119.19999694824219
1982-06-25,120.11000061035156
1982-06-28,120.47000122070312
1982-06-29,119.16000366210938
1982-06-30,119.04000091552734
1982-07-01,119.33000183105469
1982-07-02,119.62000274658203
1982-07-06,120.16999816894531
1982-07-07,121.0199966430664
1982-07-08,121.05999755859375
1982-07-09,119.95999908447266
1982-07-12,119.22000122070312
1982-07-13,120.18000030517578
1982-07-14,120.04000091552734
1982-07-15,119.91999816894531
1982-07-16,119.2699966430664
1982-07-19,119.08999633789062
1982-07-20,118.30999755859375
1982-07-21,117.41000366210938
1982-07-22,117.61000061035156
1982-07-23,116.12000274658203
1982-07-26,116.66999816894531
1982-07-27,116.19999694824219
1982-07-28,118.33000183105469
1982-07-29,118.81999969482422
1982-07-30,119.05000305175781
1982-08-02,117.80000305175781
1982-08-03,118.16000366210938
1982-08-04,119.80000305175781
1982-08-05,119.86000061035156
1982-08-06,120.23999786376953
1982-08-09,121.16000366210938
1982-08-10,121.16000366210938
1982-08-11,121.41000366210938
1982-08-12,121.31999969482422
1982-08-13,120.93000030517578
1982-08-16,121.31999969482422
1982-08-17,120.79000091552734
1982-08-18,119.6500015258789
1982-08-19,119.83000183105469
1982-08-20,118.3499984741211
1982-08-23,118.4000015258789
1982-08-24,116.94999694824219
1982-08-25,117.29000091552734
1982-08-26,117.79000091552734
1982-08-27,119.12000274658203
1982-08-30,120.66999816894531
1982-08-31,120.29000091552734
1982-09-01,120.02999877929688
1982-09-02,118.77999877929688
1982-09-03,119.55000305175781
1982-09-07,119.5199966430664
1982-09-08,120.11000061035156
1982-09-09,119.80999755859375
1982-09-10,121.0
1982-09-13,121.45999908447266
1982-09-14,121.19000244140625
1982-09-15,121.27999877929688
1982-09-16,121.13999938964844
1982-09-17,120.79000091552734
1982-09-20,120.94000244140625
1982-09-21,121.05000305175781
1982-09-22,120.5999984741211
1982-09-23,121.22000122070312
1982-09-24,121.45999908447266
1982-09-27,122.62999725341797
1982-09-28,122.76000213623047
1982-09-29,122.19999694824219
1982-09-30,122.19999694824219
1982-10-01,122.13999938964844
1982-10-04,123.37999725341797
1982-10-05,123.36000061035156
1982-10-06,123.1500015258789
1982-10-07,122.55999755859375
1982-10-08,122.94000244140625
1982-10-12,121.2300033569336
1982-10-13,122.26000213623047
1982-10-14,122.66000366210938
1982-10-15,122.7699966430664
1982-10-18,122.55000305175781
1982-10-19,122.52999877929688
1982-10-20,123.06999969482422
1982-10-21,123.4000015258789
1982-10-22,123.41000366210938
1982-10-25,124.41999816894531
1982-10-26,124.16999816894531
1982-10-27,124.05000305175781
1982-10-28,124.76000213623047
1982-10-29,124.77999877929688
1982-11-01,124.36000061035156
1982-11-03,124.51000213623047
1982-11-04,125.37999725341797
1982-11-05,125.36000061035156
1982-11-08,126.0199966430664
1982-11-09,125.19999694824219
1982-11-10,124.8499984741211
1982-11-12,125.41999816894531
1982-11-15,125.41999816894531
1982-11-16,124.86000061035156
1982-11-17,125.08999633789062
1982-11-18,124.91000366210938
1982-11-19,123.72000122070312
1982-11-22,123.83000183105469
1982-11-23,124.16000366210938
1982-11-24,123.08000183105469
1982-11-26,122.63999938964844
1982-11-29,121.87999725341797
1982-11-30,121.0
1982-12-01,121.02999877929688
1982-12-02,120.33000183105469
1982-12-03,119.58000183105469
1982-12-06,119.68000030517578
1982-12-07,119.36000061035156
1982-12-08,119.52999877929688
1982-12-09,120.66000366210938
1982-12-10,120.4800033569336
1982-12-13,121.44999694824219
1982-12-14,119.9800033569336
1982-12-15,120.45999908447266
1982-12-16,119.3499984741211
1982-12-17,119.61000061035156
1982-12-20,119.27999877929688
1982-12-21,118.91999816894531
1982-12-22,118.68000030517578
1982-12-23,118.43000030517578
1982-12-24,118.22000122070312
1982-12-27,117.83999633789062
1982-12-28,117.2300033569336
1982-12-29,117.05000305175781
1982-12-30,117.91000366210938
1982-12-31,117.36000061035156
1983-01-03,116.97000122070312
1983-01-04,116.5199966430664
1983-01-05,115.9800033569336
1983-01-06,116.19999694824219
1983-01-07,115.76000213623047
1983-01-10,115.43000030517578
1983-01-11,115.94000244140625
1983-01-12,116.66999816894531
1983-01-13,115.94000244140625
1983-01-14,116.38999938964844
1983-01-17,116.37000274658203
1983-01-18,117.75
1983-01-19,118.54000091552734
1983-01-20,118.83000183105469
1983-01-21,119.5999984741211
1983-01-24,120.80999755859375
1983-01-25,119.31999969482422
1983-01-26,119.41999816894531
1983-01-27,119.5199966430664
1983-01-28,119.76000213623047
1983-01-31,121.12000274658203
1983-02-01,120.98999786376953
1983-02-02,122.27999877929688
1983-02-03,121.05000305175781
1983-02-04,121.41999816894531
1983-02-07,120.37999725341797
1983-02-08,120.13999938964844
1983-02-09,119.72000122070312
1983-02-10,118.98999786376953
1983-02-11,118.8499984741211
1983-02-14,119.08999633789062
1983-02-15,118.8499984741211
1983-02-16,118.0199966430664
1983-02-17,118.45999908447266
1983-02-18,118.52999877929688
1983-02-22,119.19000244140625
1983-02-23,119.5199966430664
1983-02-24,119.1500015258789
1983-02-25,119.44999694824219
1983-02-28,120.3499984741211
1983-03-01,120.79000091552734
1983-03-02,120.30000305175781
1983-03-03,119.9800033569336
1983-03-04,119.3499984741211
1983-03-07,119.08000183105469
1983-03-08,120.04000091552734
1983-03-09,120.1500015258789
1983-03-10,119.91000366210938
1983-03-11,120.2699966430664
1983-03-14,118.97000122070312
1983-03-15,119.06999969482422
1983-03-16,119.25
1983-03-17,119.94000244140625
1983-03-18,120.44999694824219
1983-03-21,121.87999725341797
1983-03-22,121.72000122070312
1983-03-23,122.12999725341797
1983-03-24,121.91000366210938
1983-03-25,121.7699966430664
1983-03-28,122.6500015258789
1983-03-29,122.58000183105469
1983-03-30,122.30999755859375
1983-03-31,122.20999908447266
1983-04-01,122.2699966430664
1983-04-04,121.83000183105469
1983-04-05,121.5
1983-04-06,121.13999938964844
1983-04-07,121.5
1983-04-08,121.88999938964844
1983-04-11,121.41999816894531
1983-04-12,121.33000183105469
1983-04-13,121.93000030517578
1983-04-14,121.87000274658203
1983-04-15,121.58999633789062
1983-04-18,122.19000244140625
1983-04-19,121.98999786376953
1983-04-20,122.43000030517578
1983-04-21,122.05999755859375
1983-04-22,121.88999938964844
1983-04-25,121.51000213623047
1983-04-26,121.7699966430664
1983-04-27,121.62000274658203
1983-04-28,122.30999755859375
1983-04-29,122.38999938964844
1983-05-02,122.04000091552734
1983-05-03,121.9800033569336
1983-05-04,121.56999969482422
1983-05-05,121.37999725341797
1983-05-06,121.31999969482422
1983-05-09,121.06999969482422
1983-05-10,121.31999969482422
1983-05-11,120.9000015258789
1983-05-12,121.04000091552734
1983-05-13,121.1500015258789
1983-05-16,121.94000244140625
1983-05-17,121.97000122070312
1983-05-18,121.91000366210938
1983-05-19,122.5999984741211
1983-05-20,122.5
1983-05-23,122.86000061035156
1983-05-24,123.04000091552734
1983-05-25,122.70999908447266
1983-05-26,122.76000213623047
1983-05-27,123.41000366210938
1983-05-31,123.79000091552734
1983-06-01,124.68000030517578
1983-06-02,124.44000244140625
1983-06-03,124.75
1983-06-06,125.33000183105469
1983-06-07,125.55999755859375
1983-06-08,125.68000030517578
1983-06-09,125.58999633789062
1983-06-10,125.38999938964844
1983-06-13,125.5
1983-06-14,126.16999816894531
1983-06-15,126.20999908447266
1983-06-16,125.61000061035156
1983-06-17,125.66000366210938
1983-06-20,125.18000030517578
1983-06-21,125.33000183105469
1983-06-22,124.25
1983-06-23,124.29000091552734
1983-06-24,124.2699966430664
1983-06-27,124.66000366210938
1983-06-28,124.94000244140625
1983-06-29,125.1500015258789
1983-06-30,124.94000244140625
1983-07-01,124.9800033569336
1983-07-05,125.98999786376953
1983-07-06,125.7699966430664
1983-07-07,126.12000274658203
1983-07-08,126.1500015258789
1983-07-11,126.4800033569336
1983-07-12,126.48999786376953
1983-07-13,126.33000183105469
1983-07-14,126.19000244140625
1983-07-15,127.05000305175781
1983-07-18,126.9000015258789
1983-07-19,126.77999877929688
1983-07-20,126.0999984741211
1983-07-21,126.30000305175781
1983-07-22,126.68000030517578
1983-07-25,127.11000061035156
1983-07-26,127.19999694824219
1983-07-27,127.5999984741211
1983-07-28,127.73999786376953
1983-07-29,128.44000244140625
1983-08-01,129.67999267578125
1983-08-02,129.10000610351562
1983-08-03,129.1699981689453
1983-08-04,129.6699981689453
1983-08-05,130.19000244140625
1983-08-08,130.52000427246094
1983-08-09,130.27999877929688
1983-08-10,131.60000610351562
1983-08-11,131.94000244140625
1983-08-12,131.69000244140625
1983-08-15,131.13999938964844
1983-08-16,129.25
1983-08-17,128.61000061035156
1983-08-18,128.32000732421875
1983-08-19,129.0800018310547
1983-08-22,128.25
1983-08-23,128.08999633789062
1983-08-24,128.41000366210938
1983-08-25,128.69000244140625
1983-08-26,129.63999938964844
1983-08-29,130.19000244140625
1983-08-30,130.49000549316406
1983-08-31,130.83999633789062
1983-09-01,130.74000549316406
1983-09-02,130.77000427246094
1983-09-06,130.22999572753906
1983-09-07,130.52000427246094
1983-09-08,130.13999938964844
1983-09-09,129.9499969482422
1983-09-12,129.42999267578125
1983-09-13,130.25999450683594
1983-09-14,130.5800018310547
1983-09-15,130.25
1983-09-16,129.72999572753906
1983-09-19,129.30999755859375
1983-09-20,129.66000366210938
1983-09-21,129.63999938964844
1983-09-22,130.3699951171875
1983-09-23,129.16000366210938
1983-09-26,128.91000366210938
1983-09-27,129.10000610351562
1983-09-28,128.80999755859375
1983-09-29,128.67999267578125
1983-09-30,128.35000610351562
1983-10-03,128.14999389648438
1983-10-04,128.44000244140625
1983-10-05,127.33000183105469
1983-10-06,126.94999694824219
1983-10-07,126.20999908447266
1983-10-11,126.8499984741211
1983-10-12,127.86000061035156
1983-10-13,127.54000091552734
1983-10-14,127.9000015258789
1983-10-17,127.47000122070312
1983-10-18,126.9000015258789
1983-10-19,126.97000122070312
1983-10-20,127.08999633789062
1983-10-21,126.88999938964844
1983-10-24,127.80000305175781
1983-10-25,127.4800033569336
1983-10-26,127.91000366210938
1983-10-27,127.9800033569336
1983-10-28,128.02000427246094
1983-10-31,128.39999389648438
1983-11-01,129.22999572753906
1983-11-02,128.89999389648438
1983-11-03,129.25999450683594
1983-11-04,129.80999755859375
1983-11-07,130.13999938964844
1983-11-09,129.77000427246094
1983-11-10,129.2899932861328
1983-11-14,129.85000610351562
1983-11-15,129.88999938964844
1983-11-16,130.25999450683594
1983-11-17,130.75
1983-11-18,131.02000427246094
1983-11-21,130.92999267578125
1983-11-22,130.4600067138672
1983-11-23,130.8699951171875
1983-11-25,131.3000030517578
1983-11-28,131.27999877929688
1983-11-29,131.36000061035156
1983-11-30,130.63999938964844
1983-12-01,130.77999877929688
1983-12-02,131.2100067138672
1983-12-05,132.3800048828125
1983-12-06,131.97999572753906
1983-12-07,132.10000610351562
1983-12-08,132.1300048828125
1983-12-09,133.00999450683594
1983-12-12,133.1199951171875
1983-12-13,133.83999633789062
1983-12-14,133.67999267578125
1983-12-15,133.6999969482422
1983-12-16,134.0500030517578
1983-12-19,133.91000366210938
1983-12-20,133.64999389648438
1983-12-21,133.69000244140625
1983-12-22,133.5399932861328
1983-12-23,133.1699981689453
1983-12-27,133.07000732421875
1983-12-28,132.89999389648438
1983-12-29,132.0
1983-12-30,131.7899932861328
1984-01-03,133.19000244140625
1984-01-04,134.19000244140625
1984-01-05,134.44000244140625
1984-01-06,134.86000061035156
1984-01-09,135.6300048828125
1984-01-10,135.1699981689453
1984-01-11,136.14999389648438
1984-01-12,136.10000610351562
1984-01-13,134.8699951171875
1984-01-16,134.47000122070312
1984-01-17,135.02999877929688
1984-01-18,134.8000030517578
1984-01-19,134.39999389648438
1984-01-20,135.50999450683594
1984-01-23,135.13999938964844
1984-01-24,135.66000366210938
1984-01-25,135.55999755859375
1984-01-26,135.1699981689453
1984-01-27,135.52999877929688
1984-01-30,135.25
1984-01-31,135.50999450683594
1984-02-01,134.64999389648438
1984-02-02,133.64999389648438
1984-02-03,132.7899932861328
1984-02-06,133.10000610351562
1984-02-07,134.08999633789062
1984-02-08,133.67999267578125
1984-02-09,133.74000549316406
1984-02-10,133.4199981689453
1984-02-14,132.6699981689453
1984-02-15,130.91000366210938
1984-02-16,130.9600067138672
1984-02-17,131.1999969482422
1984-02-21,132.13999938964844
1984-02-22,130.58999633789062
1984-02-23,130.49000549316406
1984-02-24,129.2899932861328
1984-02-27,129.60000610351562
1984-02-28,128.44000244140625
1984-02-29,128.25
1984-03-01,128.67999267578125
1984-03-02,127.5999984741211
1984-03-05,126.87999725341797
1984-03-06,126.18000030517578
1984-03-07,126.29000091552734
1984-03-08,127.66999816894531
1984-03-09,127.5199966430664
1984-03-12,128.35000610351562
1984-03-13,126.97000122070312
1984-03-14,126.91999816894531
1984-03-15,127.58999633789062
1984-03-16,129.1300048828125
1984-03-19,129.25
1984-03-20,129.50999450683594
1984-03-21,129.97000122070312
1984-03-22,129.57000732421875
1984-03-23,129.2899932861328
1984-03-26,128.27000427246094
1984-03-27,127.91999816894531
1984-03-28,128.10000610351562
1984-03-29,127.83999633789062
1984-03-30,128.22000122070312
1984-04-02,128.36000061035156
1984-04-03,129.10000610351562
1984-04-04,129.08999633789062
1984-04-05,129.5
1984-04-06,129.16000366210938
1984-04-09,129.49000549316406
1984-04-10,128.94000244140625
1984-04-11,128.47999572753906
1984-04-12,128.97000122070312
1984-04-13,129.25
1984-04-16,129.72000122070312
1984-04-17,129.8800048828125
1984-04-18,129.97000122070312
1984-04-19,130.47999572753906
1984-04-23,130.49000549316406
1984-04-24,131.36000061035156
1984-04-25,131.1199951171875
1984-04-26,131.67999267578125
1984-04-27,132.11000061035156
1984-04-30,132.63999938964844
1984-05-01,132.9499969482422
1984-05-02,132.9199981689453
1984-05-03,132.10000610351562
1984-05-04,132.6699981689453
1984-05-07,134.58999633789062
1984-05-08,134.92999267578125
1984-05-09,134.4499969482422
1984-05-10,134.8800048828125
1984-05-11,134.77999877929688
1984-05-14,134.33999633789062
1984-05-15,133.97999572753906
1984-05-16,133.8800048828125
1984-05-17,134.3800048828125
1984-05-18,135.05999755859375
1984-05-21,134.3699951171875
1984-05-22,134.05999755859375
1984-05-23,134.55999755859375
1984-05-24,134.05999755859375
1984-05-25,133.6199951171875
1984-05-29,133.74000549316406
1984-05-30,133.80999755859375
1984-05-31,133.69000244140625
1984-06-01,132.0
1984-06-04,131.5
1984-06-05,132.27000427246094
1984-06-06,131.9199981689453
1984-06-07,132.60000610351562
1984-06-08,132.72999572753906
1984-06-11,133.32000732421875
1984-06-12,133.77999877929688
1984-06-13,133.47000122070312
1984-06-14,133.58999633789062
1984-06-15,134.2899932861328
1984-06-18,134.80999755859375
1984-06-19,134.72000122070312
1984-06-20,135.6199951171875
1984-06-21,135.83999633789062
1984-06-22,135.94000244140625
1984-06-25,136.89999389648438
1984-06-26,136.30999755859375
1984-06-27,136.82000732421875
1984-06-28,136.33999633789062
1984-06-29,136.25999450683594
1984-07-02,136.6999969482422
1984-07-03,137.80999755859375
1984-07-05,138.49000549316406
1984-07-06,138.8800048828125
1984-07-09,139.17999267578125
1984-07-10,138.55999755859375
1984-07-11,139.1699981689453
1984-07-12,139.55999755859375
1984-07-13,138.64999389648438
1984-07-16,138.27999877929688
1984-07-17,139.27999877929688
1984-07-18,139.89999389648438
1984-07-19,139.11000061035156
1984-07-20,139.77000427246094
1984-07-23,140.47999572753906
1984-07-24,140.0399932861328
1984-07-25,139.42999267578125
1984-07-26,139.08999633789062
1984-07-27,140.72000122070312
1984-07-30,141.07000732421875
1984-07-31,141.2899932861328
1984-08-01,141.7100067138672
1984-08-02,140.89999389648438
1984-08-03,139.36000061035156
1984-08-06,140.25999450683594
1984-08-07,141.38999938964844
1984-08-08,140.80999755859375
1984-08-09,140.80999755859375
1984-08-10,140.6699981689453
1984-08-13,141.3800048828125
1984-08-14,140.13999938964844
1984-08-15,139.82000732421875
1984-08-16,139.00999450683594
1984-08-17,139.27000427246094
1984-08-20,139.6300048828125
1984-08-21,140.22000122070312
1984-08-22,139.9600067138672
1984-08-23,139.39999389648438
1984-08-24,139.80999755859375
1984-08-27,140.13999938964844
1984-08-28,139.94000244140625
1984-08-29,139.75
1984-08-30,140.11000061035156
1984-08-31,140.3300018310547
1984-09-04,141.9199981689453
1984-09-05,142.86000061035156
1984-09-06,142.66000366210938
1984-09-07,144.14999389648438
1984-09-10,144.22999572753906
1984-09-11,144.64999389648438
1984-09-12,144.3000030517578
1984-09-13,145.77999877929688
1984-09-14,145.5800018310547
1984-09-17,147.2899932861328
1984-09-18,147.97999572753906
1984-09-19,147.9600067138672
1984-09-20,149.3000030517578
1984-09-21,146.9199981689453
1984-09-24,145.7899932861328
1984-09-25,147.57000732421875
1984-09-26,146.41000366210938
1984-09-27,146.0500030517578
1984-09-28,147.5500030517578
1984-10-01,147.0500030517578
1984-10-02,146.4499969482422
1984-10-03,145.49000549316406
1984-10-04,146.00999450683594
1984-10-05,146.8300018310547
1984-10-09,148.0800018310547
1984-10-10,147.6300048828125
1984-10-11,148.3699951171875
1984-10-12,149.08999633789062
1984-10-15,149.91000366210938
1984-10-16,150.08999633789062
1984-10-17,149.6199951171875
1984-10-18,149.8000030517578
1984-10-19,148.2100067138672
1984-10-22,148.17999267578125
1984-10-23,146.77999877929688
1984-10-24,145.97000122070312
1984-10-25,145.57000732421875
1984-10-26,146.47999572753906
1984-10-29,147.83999633789062
1984-10-30,146.88999938964844
1984-10-31,146.38999938964844
1984-11-01,144.75999450683594
1984-11-02,143.17999267578125
1984-11-05,142.32000732421875
1984-11-07,142.3699951171875
1984-11-08,142.55999755859375
1984-11-09,142.89999389648438
1984-11-13,142.50999450683594
1984-11-14,143.75999450683594
1984-11-15,143.4600067138672
1984-11-16,143.89999389648438
1984-11-19,144.66000366210938
1984-11-20,145.41000366210938
1984-11-21,145.89999389648438
1984-11-23,146.2899932861328
1984-11-26,147.63999938964844
1984-11-27,147.25999450683594
1984-11-28,147.8800048828125
1984-11-29,148.05999755859375
1984-11-30,149.2100067138672
1984-12-03,149.50999450683594
1984-12-04,147.47000122070312
1984-12-05,148.1199951171875
1984-12-06,147.61000061035156
1984-12-07,148.4199981689453
1984-12-10,148.5800018310547
1984-12-11,148.47000122070312
1984-12-12,148.50999450683594
1984-12-13,149.24000549316406
1984-12-14,148.7100067138672
1984-12-17,148.6999969482422
1984-12-18,148.5800018310547
1984-12-19,149.22000122070312
1984-12-20,150.22999572753906
1984-12-21,149.75
1984-12-24,149.99000549316406
1984-12-26,150.1999969482422
1984-12-27,151.24000549316406
1984-12-28,150.91000366210938
1984-12-31,151.47000122070312
1985-01-02,152.22999572753906
1985-01-03,151.97000122070312
1985-01-04,152.11000061035156
1985-01-07,152.80999755859375
1985-01-08,151.91000366210938
1985-01-09,152.39999389648438
1985-01-10,151.8000030517578
1985-01-11,152.41000366210938
1985-01-14,153.88999938964844
1985-01-15,153.47000122070312
1985-01-16,153.63999938964844
1985-01-17,153.4600067138672
1985-01-18,153.47000122070312
1985-01-22,152.8699951171875
1985-01-23,153.4600067138672
1985-01-24,152.60000610351562
1985-01-25,153.00999450683594
1985-01-28,153.02000427246094
1985-01-29,153.27000427246094
1985-01-30,152.91000366210938
1985-01-31,152.72000122070312
1985-02-01,153.47000122070312
1985-02-04,154.94000244140625
1985-02-05,155.4199981689453
1985-02-06,155.30999755859375
1985-02-07,156.02000427246094
1985-02-08,156.50999450683594
1985-02-11,157.38999938964844
1985-02-13,158.5399932861328
1985-02-14,157.99000549316406
1985-02-15,156.97000122070312
1985-02-19,158.80999755859375
1985-02-20,159.6300048828125
1985-02-21,160.69000244140625
1985-02-22,162.0399932861328
1985-02-25,164.72000122070312
1985-02-26,164.0800018310547
1985-02-27,159.88999938964844
1985-02-28,160.41000366210938
1985-03-01,161.0399932861328
1985-03-04,161.77000427246094
1985-03-05,163.8300018310547
1985-03-06,162.0800018310547
1985-03-07,162.63999938964844
1985-03-08,163.17999267578125
1985-03-11,160.1999969482422
1985-03-12,160.5500030517578
1985-03-13,160.86000061035156
1985-03-14,161.94000244140625
1985-03-15,161.69000244140625
1985-03-18,160.0800018310547
1985-03-19,157.22000122070312
1985-03-20,156.5500030517578
1985-03-21,154.22999572753906
1985-03-22,155.1199951171875
1985-03-25,155.61000061035156
1985-03-26,154.4199981689453
1985-03-27,150.61000061035156
1985-03-28,150.99000549316406
1985-03-29,149.17999267578125
1985-04-01,150.64999389648438
1985-04-02,152.08999633789062
1985-04-03,150.94000244140625
1985-04-04,153.16000366210938
1985-04-05,152.97000122070312
1985-04-08,152.60000610351562
1985-04-09,151.8000030517578
1985-04-10,151.49000549316406
1985-04-11,148.82000732421875
1985-04-12,148.22999572753906
1985-04-15,146.85000610351562
1985-04-16,146.7899932861328
1985-04-17,146.97999572753906
1985-04-18,144.8300018310547
1985-04-19,144.8300018310547
1985-04-22,146.36000061035156
1985-04-23,148.7100067138672
1985-04-24,150.44000244140625
1985-04-25,151.82000732421875
1985-04-26,151.00999450683594
1985-04-29,150.3699951171875
1985-04-30,149.6999969482422
1985-05-01,151.57000732421875
1985-05-02,152.41000366210938
1985-05-03,154.1300048828125
1985-05-06,154.52000427246094
1985-05-07,152.3000030517578
1985-05-08,153.27000427246094
1985-05-09,150.27999877929688
1985-05-10,150.63999938964844
1985-05-13,148.72999572753906
1985-05-14,147.52999877929688
1985-05-15,148.66000366210938
1985-05-16,149.0800018310547
1985-05-17,148.3800048828125
1985-05-20,147.05999755859375
1985-05-21,148.1999969482422
1985-05-22,148.6199951171875
1985-05-23,148.94000244140625
1985-05-24,149.27999877929688
1985-05-28,149.97999572753906
1985-05-29,148.82000732421875
1985-05-30,148.75
1985-05-31,147.86000061035156
1985-06-03,146.94000244140625
1985-06-04,147.5500030517578
1985-06-05,148.47000122070312
1985-06-06,147.6699981689453
1985-06-07,148.5399932861328
1985-06-10,149.41000366210938
1985-06-11,148.83999633789062
1985-06-12,148.77000427246094
1985-06-13,149.13999938964844
1985-06-14,147.57000732421875
1985-06-17,147.72000122070312
1985-06-18,146.33999633789062
1985-06-19,145.9199981689453
1985-06-20,148.0500030517578
1985-06-21,147.58999633789062
1985-06-24,147.75
1985-06-25,147.8000030517578
1985-06-26,146.74000549316406
1985-06-27,147.3300018310547
1985-06-28,146.1199951171875
1985-07-01,146.44000244140625
1985-07-02,146.61000061035156
1985-07-03,146.08999633789062
1985-07-05,145.0
1985-07-08,143.9600067138672
1985-07-09,142.82000732421875
1985-07-10,141.80999755859375
1985-07-11,141.33999633789062
1985-07-12,140.25
1985-07-15,139.55999755859375
1985-07-16,139.77000427246094
1985-07-17,137.8300018310547
1985-07-18,139.17999267578125
1985-07-19,140.55999755859375
1985-07-22,140.75999450683594
1985-07-23,138.82000732421875
1985-07-24,140.25999450683594
1985-07-25,139.27999877929688
1985-07-26,139.2899932861328
1985-07-29,137.6699981689453
1985-07-30,137.5800018310547
1985-07-31,137.25999450683594
1985-08-01,138.4199981689453
1985-08-02,138.57000732421875
1985-08-05,138.63999938964844
1985-08-06,139.77000427246094
1985-08-07,139.85000610351562
1985-08-08,139.11000061035156
1985-08-09,139.1999969482422
1985-08-12,137.74000549316406
1985-08-13,137.3300018310547
1985-08-14,137.5800018310547
1985-08-15,136.4499969482422
1985-08-16,136.27000427246094
1985-08-19,136.3699951171875
1985-08-20,136.99000549316406
1985-08-21,136.57000732421875
1985-08-22,135.55999755859375
1985-08-23,135.99000549316406
1985-08-26,136.58999633789062
1985-08-27,137.38999938964844
1985-08-28,136.72999572753906
1985-08-29,136.97000122070312
1985-08-30,138.1999969482422
1985-09-03,139.91000366210938
1985-09-04,139.67999267578125
1985-09-05,140.19000244140625
1985-09-06,143.0500030517578
1985-09-09,143.6699981689453
1985-09-10,143.4499969482422
1985-09-11,144.19000244140625
1985-09-12,143.5500030517578
1985-09-13,141.94000244140625
1985-09-16,141.27999877929688
1985-09-17,141.64999389648438
1985-09-18,142.19000244140625
1985-09-19,142.0
1985-09-20,139.77000427246094
1985-09-23,134.89999389648438
1985-09-24,134.07000732421875
1985-09-25,132.75999450683594
1985-09-26,131.5500030517578
1985-09-30,132.1199951171875
1985-10-01,131.14999389648438
1985-10-02,130.9199981689453
1985-10-03,129.8800048828125
1985-10-04,130.3699951171875
1985-10-07,131.05999755859375
1985-10-08,130.97999572753906
1985-10-09,130.8800048828125
1985-10-10,131.3000030517578
1985-10-11,131.2899932861328
1985-10-15,131.4499969482422
1985-10-16,132.3800048828125
1985-10-17,130.9600067138672
1985-10-18,130.50999450683594
1985-10-21,130.38999938964844
1985-10-22,130.67999267578125
1985-10-23,130.47999572753906
1985-10-24,131.02999877929688
1985-10-25,130.99000549316406
1985-10-28,130.47000122070312
1985-10-29,129.63999938964844
1985-10-30,129.55999755859375
1985-10-31,129.38999938964844
1985-11-01,128.69000244140625
1985-11-04,128.47000122070312
1985-11-05,129.07000732421875
1985-11-06,128.39999389648438
1985-11-07,129.38999938964844
1985-11-08,129.39999389648438
1985-11-11,129.39999389648438
1985-11-12,129.44000244140625
1985-11-13,128.88999938964844
1985-11-14,128.85000610351562
1985-11-15,129.19000244140625
1985-11-18,128.7899932861328
1985-11-19,128.1199951171875
1985-11-20,128.5399932861328
1985-11-21,127.0999984741211
1985-11-22,126.54000091552734
1985-11-25,126.4800033569336
1985-11-26,125.91999816894531
1985-11-27,125.9000015258789
1985-11-28,125.9000015258789
1985-11-29,124.98999786376953
1985-12-02,125.31999969482422
1985-12-03,125.87000274658203
1985-12-04,125.33999633789062
1985-12-05,125.43000030517578
1985-12-06,125.69000244140625
1985-12-09,126.19000244140625
1985-12-10,126.66000366210938
1985-12-11,126.6500015258789
1985-12-12,125.9800033569336
1985-12-13,126.12999725341797
1985-12-16,125.77999877929688
1985-12-17,125.6500015258789
1985-12-18,126.4800033569336
1985-12-19,126.19000244140625
1985-12-20,125.8499984741211
1985-12-23,125.88999938964844
1985-12-24,125.7300033569336
1985-12-25,125.7300033569336
1985-12-26,125.80999755859375
1985-12-27,124.30000305175781
1985-12-30,124.04000091552734
1985-12-31,123.45999908447266
1986-01-01,123.45999908447266
1986-01-02,122.76000213623047
1986-01-03,124.5
1986-01-06,123.72000122070312
1986-01-07,123.5
1986-01-08,124.36000061035156
1986-01-09,123.20999908447266
1986-01-10,124.16000366210938
1986-01-13,124.47000122070312
1986-01-14,124.66999816894531
1986-01-15,124.30000305175781
1986-01-16,124.52999877929688
1986-01-17,124.41000366210938
1986-01-20,124.5999984741211
1986-01-21,124.5
1986-01-22,124.75
1986-01-23,124.44999694824219
1986-01-24,122.77999877929688
1986-01-27,122.44999694824219
1986-01-28,122.12999725341797
1986-01-29,121.8499984741211
1986-01-30,121.1500015258789
1986-01-31,121.5199966430664
1986-02-03,122.04000091552734
1986-02-04,122.87000274658203
1986-02-05,121.62999725341797
1986-02-06,121.80999755859375
1986-02-07,121.97000122070312
1986-02-10,120.80999755859375
1986-02-11,120.5999984741211
1986-02-12,120.08999633789062
1986-02-13,119.13999938964844
1986-02-14,118.81999969482422
1986-02-17,118.81999969482422
1986-02-18,118.05000305175781
1986-02-19,117.19000244140625
1986-02-20,117.0999984741211
1986-02-21,117.22000122070312
1986-02-24,115.86000061035156
1986-02-25,115.16999816894531
1986-02-26,114.7699966430664
1986-02-27,114.37999725341797
1986-02-28,115.08000183105469
1986-03-03,114.37999725341797
1986-03-04,113.7300033569336
1986-03-05,116.0999984741211
1986-03-06,115.25
1986-03-07,114.97000122070312
1986-03-10,116.22000122070312
1986-03-11,115.86000061035156
1986-03-12,116.12999725341797
1986-03-13,116.75
1986-03-14,115.22000122070312
1986-03-17,114.83000183105469
1986-03-18,114.41999816894531
1986-03-19,115.0999984741211
1986-03-20,114.68000030517578
1986-03-21,114.16999816894531
1986-03-24,116.83999633789062
1986-03-25,118.11000061035156
1986-03-26,118.0199966430664
1986-03-27,117.68000030517578
1986-03-28,117.68000030517578
1986-03-31,117.91999816894531
1986-04-01,118.0
1986-04-02,118.8499984741211
1986-04-03,119.94999694824219
1986-04-04,120.69000244140625
1986-04-07,120.41999816894531
1986-04-08,118.4000015258789
1986-04-09,118.44000244140625
1986-04-10,116.91999816894531
1986-04-11,117.30000305175781
1986-04-14,117.5
1986-04-15,117.4000015258789
1986-04-16,114.94999694824219
1986-04-17,114.29000091552734
1986-04-18,113.16999816894531
1986-04-21,113.0
1986-04-22,112.18000030517578
1986-04-23,112.16999816894531
1986-04-24,112.3499984741211
1986-04-25,111.12000274658203
1986-04-28,110.93000030517578
1986-04-29,111.44000244140625
1986-04-30,111.7699966430664
1986-05-01,113.37999725341797
1986-05-02,112.73999786376953
1986-05-05,111.25
1986-05-06,112.02999877929688
1986-05-07,111.44000244140625
1986-05-08,111.33999633789062
1986-05-09,111.31999969482422
1986-05-12,110.58000183105469
1986-05-13,111.54000091552734
1986-05-14,111.47000122070312
1986-05-15,111.58999633789062
1986-05-16,112.87000274658203
1986-05-19,112.41999816894531
1986-05-20,113.6500015258789
1986-05-21,114.45999908447266
1986-05-22,115.16999816894531
1986-05-23,115.45999908447266
1986-05-26,115.45999908447266
1986-05-27,115.02999877929688
1986-05-28,115.44000244140625
1986-05-29,116.5199966430664
1986-05-30,117.51000213623047
1986-06-02,117.48999786376953
1986-06-03,115.6500015258789
1986-06-04,115.38999938964844
1986-06-05,114.08999633789062
1986-06-06,113.41000366210938
1986-06-09,114.18000030517578
1986-06-10,112.9800033569336
1986-06-11,112.80000305175781
1986-06-12,112.41000366210938
1986-06-13,112.58000183105469
1986-06-16,112.95999908447266
1986-06-17,113.93000030517578
1986-06-18,113.4800033569336
1986-06-19,113.61000061035156
1986-06-20,114.72000122070312
1986-06-23,113.33000183105469
1986-06-24,113.19000244140625
1986-06-25,113.04000091552734
1986-06-26,112.93000030517578
1986-06-27,112.16999816894531
1986-06-30,111.61000061035156
1986-07-01,111.19000244140625
1986-07-02,111.08000183105469
1986-07-03,111.08000183105469
1986-07-04,111.08000183105469
1986-07-07,111.54000091552734
1986-07-08,111.13999938964844
1986-07-09,110.9000015258789
1986-07-10,111.12000274658203
1986-07-11,112.0
1986-07-14,111.20999908447266
1986-07-15,110.31999969482422
1986-07-16,110.02999877929688
1986-07-17,110.12000274658203
1986-07-18,109.43000030517578
1986-07-21,109.08999633789062
1986-07-22,109.37999725341797
1986-07-23,109.44000244140625
1986-07-24,109.83999633789062
1986-07-25,110.61000061035156
1986-07-28,109.11000061035156
1986-07-29,109.16999816894531
1986-07-30,108.9800033569336
1986-07-31,108.04000091552734
1986-08-01,108.05999755859375
1986-08-04,108.13999938964844
1986-08-05,108.3499984741211
1986-08-06,107.80999755859375
1986-08-07,107.63999938964844
1986-08-08,107.62999725341797
1986-08-11,107.18000030517578
1986-08-12,107.81999969482422
1986-08-13,107.58000183105469
1986-08-14,107.16000366210938
1986-08-15,107.26000213623047
1986-08-18,107.66000366210938
1986-08-19,106.97000122070312
1986-08-20,106.7699966430664
1986-08-21,106.58000183105469
1986-08-22,106.7699966430664
1986-08-25,106.87999725341797
1986-08-26,107.48999786376953
1986-08-27,107.05000305175781
1986-08-28,107.47000122070312
1986-08-29,106.43000030517578
1986-09-01,106.43000030517578
1986-09-02,106.26000213623047
1986-09-03,106.23999786376953
1986-09-04,106.45999908447266
1986-09-05,107.2699966430664
1986-09-08,108.0
1986-09-09,107.83000183105469
1986-09-10,107.66000366210938
1986-09-11,108.80000305175781
1986-09-12,107.58000183105469
1986-09-15,107.05000305175781
1986-09-16,107.44999694824219
1986-09-17,106.47000122070312
1986-09-18,105.12000274658203
1986-09-19,105.02999877929688
1986-09-22,106.75
1986-09-23,107.58999633789062
1986-09-24,107.47000122070312
1986-09-25,107.5999984741211
1986-09-26,107.68000030517578
1986-09-29,106.5999984741211
1986-09-30,106.73999786376953
1986-10-01,106.55999755859375
1986-10-02,106.19000244140625
1986-10-03,106.1500015258789
1986-10-06,105.56999969482422
1986-10-07,106.06999969482422
1986-10-08,106.02999877929688
1986-10-09,106.12000274658203
1986-10-10,105.58000183105469
1986-10-13,105.30999755859375
1986-10-14,105.12999725341797
1986-10-15,105.13999938964844
1986-10-16,105.26000213623047
1986-10-17,105.29000091552734
1986-10-20,105.68000030517578
1986-10-21,105.70999908447266
1986-10-22,105.72000122070312
1986-10-23,106.76000213623047
1986-10-24,108.12000274658203
1986-10-27,108.44999694824219
1986-10-28,107.86000061035156
1986-10-29,107.68000030517578
1986-10-30,108.58999633789062
1986-10-31,109.2699966430664
1986-11-03,109.33999633789062
1986-11-04,109.08999633789062
1986-11-05,109.13999938964844
1986-11-06,109.06999969482422
1986-11-07,108.95999908447266
1986-11-10,108.31999969482422
1986-11-11,108.0
1986-11-12,107.3499984741211
1986-11-13,107.26000213623047
1986-11-14,106.9800033569336
1986-11-17,107.5
1986-11-18,107.44999694824219
1986-11-19,107.26000213623047
1986-11-20,107.5199966430664
1986-11-21,107.98999786376953
1986-11-24,107.8499984741211
1986-11-25,106.55999755859375
1986-11-26,106.58999633789062
1986-11-27,106.58999633789062
1986-11-28,105.91999816894531
1986-12-01,105.73999786376953
1986-12-02,106.11000061035156
1986-12-03,105.94999694824219
1986-12-04,107.06999969482422
1986-12-05,107.2300033569336
1986-12-08,107.36000061035156
1986-12-09,107.72000122070312
1986-12-10,107.29000091552734
1986-12-11,107.47000122070312
1986-12-12,107.37999725341797
1986-12-15,107.58999633789062
1986-12-16,107.70999908447266
1986-12-17,107.61000061035156
1986-12-18,107.22000122070312
1986-12-19,106.9000015258789
1986-12-22,106.12999725341797
1986-12-23,105.58000183105469
1986-12-24,105.4800033569336
1986-12-25,105.4800033569336
1986-12-26,105.4800033569336
1986-12-29,104.55999755859375
1986-12-30,104.79000091552734
1986-12-31,103.58000183105469
1987-01-01,103.58000183105469
1987-01-02,103.61000061035156
1987-01-05,104.13999938964844
1987-01-06,103.69999694824219
1987-01-07,104.08000183105469
1987-01-08,103.55999755859375
1987-01-09,103.7300033569336
1987-01-12,102.6500015258789
1987-01-13,101.80000305175781
1987-01-14,100.16999816894531
1987-01-15,100.30000305175781
1987-01-16,100.33000183105469
1987-01-19,99.05000305175781
1987-01-20,100.16000366210938
1987-01-21,100.20999908447266
1987-01-22,99.13999938964844
1987-01-23,99.31999969482422
1987-01-26,99.44000244140625
1987-01-27,98.26000213623047
1987-01-28,97.66000366210938
1987-01-29,98.05000305175781
1987-01-30,99.86000061035156
1987-02-02,98.91000366210938
1987-02-03,98.5199966430664
1987-02-04,98.91000366210938
1987-02-05,99.83999633789062
1987-02-06,100.83000183105469
1987-02-09,98.62999725341797
1987-02-10,99.12999725341797
1987-02-11,99.26000213623047
1987-02-12,99.66999816894531
1987-02-13,99.33000183105469
1987-02-16,99.33000183105469
1987-02-17,99.12999725341797
1987-02-18,99.54000091552734
1987-02-19,99.51000213623047
1987-02-20,99.41000366210938
1987-02-23,99.75
1987-02-24,99.6500015258789
1987-02-25,99.3499984741211
1987-02-26,99.19999694824219
1987-02-27,99.26000213623047
1987-03-02,99.52999877929688
1987-03-03,99.30000305175781
1987-03-04,99.56999969482422
1987-03-05,99.12999725341797
1987-03-06,99.56999969482422
1987-03-09,100.0999984741211
1987-03-10,99.88999938964844
1987-03-11,99.93000030517578
1987-03-12,100.04000091552734
1987-03-13,99.68000030517578
1987-03-16,98.87000274658203
1987-03-17,98.76000213623047
1987-03-18,98.80000305175781
1987-03-19,98.7699966430664
1987-03-20,98.52999877929688
1987-03-23,97.91999816894531
1987-03-24,98.04000091552734
1987-03-25,98.2699966430664
1987-03-26,98.3499984741211
1987-03-27,97.63999938964844
1987-03-30,96.9000015258789
1987-03-31,97.11000061035156
1987-04-01,98.11000061035156
1987-04-02,97.52999877929688
1987-04-03,97.68000030517578
1987-04-06,97.7699966430664
1987-04-07,97.72000122070312
1987-04-08,98.23999786376953
1987-04-09,97.41000366210938
1987-04-10,96.87999725341797
1987-04-13,96.77999877929688
1987-04-14,96.12999725341797
1987-04-15,96.76000213623047
1987-04-16,96.94999694824219
1987-04-17,96.94999694824219
1987-04-20,96.77999877929688
1987-04-21,96.98999786376953
1987-04-22,97.41999816894531
1987-04-23,96.61000061035156
1987-04-24,95.81999969482422
1987-04-27,95.94000244140625
1987-04-28,95.97000122070312
1987-04-29,96.06999969482422
1987-04-30,95.94000244140625
1987-05-01,95.37000274658203
1987-05-04,94.87999725341797
1987-05-05,95.11000061035156
1987-05-06,94.94000244140625
1987-05-07,95.51000213623047
1987-05-08,95.86000061035156
1987-05-11,96.23999786376953
1987-05-12,96.08000183105469
1987-05-13,96.08999633789062
1987-05-14,95.66999816894531
1987-05-15,95.37999725341797
1987-05-18,95.6500015258789
1987-05-19,95.30000305175781
1987-05-20,95.38999938964844
1987-05-21,95.55999755859375
1987-05-22,95.83000183105469
1987-05-25,95.83000183105469
1987-05-26,97.44999694824219
1987-05-27,97.83000183105469
1987-05-28,97.38999938964844
1987-05-29,97.7699966430664
1987-06-01,98.13999938964844
1987-06-02,96.6500015258789
1987-06-03,97.12999725341797
1987-06-04,97.66000366210938
1987-06-05,97.56999969482422
1987-06-08,97.08999633789062
1987-06-09,96.22000122070312
1987-06-10,96.48999786376953
1987-06-11,96.41000366210938
1987-06-12,97.19999694824219
1987-06-15,97.87999725341797
1987-06-16,97.93000030517578
1987-06-17,98.11000061035156
1987-06-18,97.9800033569336
1987-06-19,98.1500015258789
1987-06-22,98.95999908447266
1987-06-23,98.6500015258789
1987-06-24,97.69000244140625
1987-06-25,98.23999786376953
1987-06-26,98.18000030517578
1987-06-29,98.43000030517578
1987-06-30,98.12999725341797
1987-07-01,98.23999786376953
1987-07-02,98.41000366210938
1987-07-03,98.41000366210938
1987-07-06,98.77999877929688
1987-07-07,98.95999908447266
1987-07-08,98.97000122070312
1987-07-09,98.9000015258789
1987-07-10,99.16999816894531
1987-07-13,99.08999633789062
1987-07-14,99.41000366210938
1987-07-15,98.19999694824219
1987-07-16,98.63999938964844
1987-07-17,100.01000213623047
1987-07-20,100.12999725341797
1987-07-21,99.9000015258789
1987-07-22,99.93000030517578
1987-07-23,99.7699966430664
1987-07-24,99.55000305175781
1987-07-27,99.62999725341797
1987-07-28,99.58999633789062
1987-07-29,99.76000213623047
1987-07-30,99.56999969482422
1987-07-31,99.79000091552734
1987-08-03,100.26000213623047
1987-08-04,101.02999877929688
1987-08-05,100.66000366210938
1987-08-06,100.83000183105469
1987-08-07,101.29000091552734
1987-08-10,101.29000091552734
1987-08-11,101.3499984741211
1987-08-12,101.19999694824219
1987-08-13,101.11000061035156
1987-08-14,100.51000213623047
1987-08-17,100.29000091552734
1987-08-18,98.83000183105469
1987-08-19,98.22000122070312
1987-08-20,98.3499984741211
1987-08-21,97.2699966430664
1987-08-24,97.37999725341797
1987-08-25,97.88999938964844
1987-08-26,97.80999755859375
1987-08-27,97.0
1987-08-28,97.08999633789062
1987-08-31,97.31999969482422
1987-09-01,96.9800033569336
1987-09-02,96.30999755859375
1987-09-03,96.22000122070312
1987-09-04,96.44999694824219
1987-09-07,96.44999694824219
1987-09-08,96.13999938964844
1987-09-09,96.66999816894531
1987-09-10,96.83999633789062
1987-09-11,97.01000213623047
1987-09-14,97.4800033569336
1987-09-15,97.13999938964844
1987-09-16,97.25
1987-09-17,97.1500015258789
1987-09-18,96.70999908447266
1987-09-21,97.0
1987-09-22,97.45999908447266
1987-09-23,97.5199966430664
1987-09-24,97.33999633789062
1987-09-25,97.4000015258789
1987-09-28,97.62999725341797
1987-09-29,98.3499984741211
1987-09-30,98.56999969482422
1987-10-01,98.41999816894531
1987-10-02,98.63999938964844
1987-10-05,98.41999816894531
1987-10-06,98.08999633789062
1987-10-07,97.6500015258789
1987-10-08,97.13999938964844
1987-10-09,96.8499984741211
1987-10-12,96.98999786376953
1987-10-13,97.33999633789062
1987-10-14,96.69999694824219
1987-10-15,96.5999984741211
1987-10-16,96.33000183105469
1987-10-19,95.36000061035156
1987-10-20,97.06999969482422
1987-10-21,97.31999969482422
1987-10-22,97.30000305175781
1987-10-23,95.68000030517578
1987-10-26,95.43000030517578
1987-10-27,94.83000183105469
1987-10-28,93.69999694824219
1987-10-29,93.83999633789062
1987-10-30,93.6500015258789
1987-11-02,92.83000183105469
1987-11-03,93.08999633789062
1987-11-04,92.66000366210938
1987-11-05,91.22000122070312
1987-11-06,91.08999633789062
1987-11-09,90.51000213623047
1987-11-10,90.6500015258789
1987-11-11,91.12000274658203
1987-11-12,91.66999816894531
1987-11-13,91.7300033569336
1987-11-16,92.69000244140625
1987-11-17,91.70999908447266
1987-11-18,91.45999908447266
1987-11-19,91.30999755859375
1987-11-20,91.26000213623047
1987-11-23,90.94000244140625
1987-11-24,90.98999786376953
1987-11-25,90.80999755859375
1987-11-26,90.80999755859375
1987-11-27,90.0
1987-11-30,89.1500015258789
1987-12-01,90.05000305175781
1987-12-02,90.0
1987-12-03,90.30999755859375
1987-12-04,90.47000122070312
1987-12-07,90.77999877929688
1987-12-08,90.33000183105469
1987-12-09,90.16000366210938
1987-12-10,88.77999877929688
1987-12-11,88.54000091552734
1987-12-14,88.4800033569336
1987-12-15,88.58000183105469
1987-12-16,88.2699966430664
1987-12-17,87.70999908447266
1987-12-18,88.55999755859375
1987-12-21,88.22000122070312
1987-12-22,88.1500015258789
1987-12-23,88.5199966430664
1987-12-24,88.11000061035156
1987-12-25,88.11000061035156
1987-12-28,86.80000305175781
1987-12-29,86.68000030517578
1987-12-30,86.63999938964844
1987-12-31,85.41999816894531
1988-01-01,85.41999816894531
1988-01-04,86.05999755859375
1988-01-05,88.41999816894531
1988-01-06,89.08999633789062
1988-01-07,89.16999816894531
1988-01-08,89.0
1988-01-11,88.79000091552734
1988-01-12,88.37999725341797
1988-01-13,88.5
1988-01-14,88.19000244140625
1988-01-15,90.75
1988-01-18,90.44999694824219
1988-01-19,90.22000122070312
1988-01-20,89.30999755859375
1988-01-21,89.5199966430664
1988-01-22,89.69000244140625
1988-01-25,90.2699966430664
1988-01-26,90.01000213623047
1988-01-27,89.76000213623047
1988-01-28,89.62999725341797
1988-01-29,90.33999633789062
1988-02-01,90.8499984741211
1988-02-02,90.36000061035156
1988-02-03,90.80000305175781
1988-02-04,90.5
1988-02-05,91.1500015258789
1988-02-08,91.13999938964844
1988-02-09,91.06999969482422
1988-02-10,90.77999877929688
1988-02-11,90.87999725341797
1988-02-12,91.8499984741211
1988-02-15,91.8499984741211
1988-02-16,91.58000183105469
1988-02-17,91.36000061035156
1988-02-18,91.72000122070312
1988-02-19,91.55999755859375
1988-02-22,91.05000305175781
1988-02-23,90.8499984741211
1988-02-24,90.87000274658203
1988-02-25,90.79000091552734
1988-02-26,90.52999877929688
1988-02-29,90.52999877929688
1988-03-01,90.44000244140625
1988-03-02,90.86000061035156
1988-03-03,90.80999755859375
1988-03-04,90.55999755859375
1988-03-07,89.7699966430664
1988-03-08,89.3499984741211
1988-03-09,89.31999969482422
1988-03-10,89.37999725341797
1988-03-11,89.0199966430664
1988-03-14,89.08000183105469
1988-03-15,89.33999633789062
1988-03-16,89.5199966430664
1988-03-17,90.37999725341797
1988-03-18,90.51000213623047
1988-03-21,90.0999984741211
1988-03-22,90.19999694824219
1988-03-23,90.06999969482422
1988-03-24,89.4000015258789
1988-03-25,89.3499984741211
1988-03-28,88.29000091552734
1988-03-29,88.69999694824219
1988-03-30,88.44999694824219
1988-03-31,88.30000305175781
1988-04-01,88.30000305175781
1988-04-04,88.16000366210938
1988-04-05,88.83999633789062
1988-04-06,89.4000015258789
1988-04-07,89.26000213623047
1988-04-08,89.13999938964844
1988-04-11,89.58000183105469
1988-04-12,89.83000183105469
1988-04-13,90.04000091552734
1988-04-14,88.44000244140625
1988-04-15,88.30999755859375
1988-04-18,88.31999969482422
1988-04-19,88.55000305175781
1988-04-20,88.5199966430664
1988-04-21,88.58000183105469
1988-04-22,88.88999938964844
1988-04-25,88.98999786376953
1988-04-26,89.02999877929688
1988-04-27,88.97000122070312
1988-04-28,88.79000091552734
1988-04-29,89.16000366210938
1988-05-02,89.16000366210938
1988-05-03,89.25
1988-05-04,89.19999694824219
1988-05-05,89.4800033569336
1988-05-06,89.30000305175781
1988-05-09,89.23999786376953
1988-05-10,89.05000305175781
1988-05-11,89.13999938964844
1988-05-12,89.1500015258789
1988-05-13,89.19000244140625
1988-05-16,89.4000015258789
1988-05-17,90.25
1988-05-18,89.98999786376953
1988-05-19,89.94999694824219
1988-05-20,89.94999694824219
1988-05-23,89.86000061035156
1988-05-24,89.80999755859375
1988-05-25,90.02999877929688
1988-05-26,90.06999969482422
1988-05-27,90.4800033569336
1988-05-30,90.4800033569336
1988-05-31,91.08999633789062
1988-06-01,91.11000061035156
1988-06-02,91.22000122070312
1988-06-03,91.30000305175781
1988-06-06,90.93000030517578
1988-06-07,90.62999725341797
1988-06-08,91.01000213623047
1988-06-09,90.5199966430664
1988-06-10,90.81999969482422
1988-06-13,90.94000244140625
1988-06-14,92.0199966430664
1988-06-15,92.20999908447266
1988-06-16,91.97000122070312
1988-06-17,92.05000305175781
1988-06-20,92.33000183105469
1988-06-21,92.18000030517578
1988-06-22,93.41999816894531
1988-06-23,93.44999694824219
1988-06-24,94.91999816894531
1988-06-27,95.43000030517578
1988-06-28,95.16000366210938
1988-06-29,95.5999984741211
1988-06-30,95.41000366210938
1988-07-01,95.88999938964844
1988-07-04,95.88999938964844
1988-07-05,95.80999755859375
1988-07-06,95.62999725341797
1988-07-07,95.43000030517578
1988-07-08,96.36000061035156
1988-07-11,96.55999755859375
1988-07-12,96.13999938964844
1988-07-13,96.33000183105469
1988-07-14,96.69999694824219
1988-07-15,98.12999725341797
1988-07-18,97.94999694824219
1988-07-19,96.76000213623047
1988-07-20,96.69000244140625
1988-07-21,95.73999786376953
1988-07-22,95.27999877929688
1988-07-25,96.43000030517578
1988-07-26,96.7300033569336
1988-07-27,96.11000061035156
1988-07-28,96.80999755859375
1988-07-29,97.52999877929688
1988-08-01,97.01000213623047
1988-08-02,97.38999938964844
1988-08-03,97.27999877929688
1988-08-04,97.5
1988-08-05,98.22000122070312
1988-08-08,98.38999938964844
1988-08-09,99.33000183105469
1988-08-10,98.86000061035156
1988-08-11,97.81999969482422
1988-08-12,97.93000030517578
1988-08-15,97.83000183105469
1988-08-16,98.16000366210938
1988-08-17,99.04000091552734
1988-08-18,98.61000061035156
1988-08-19,98.52999877929688
1988-08-22,98.8499984741211
1988-08-23,99.26000213623047
1988-08-24,98.19999694824219
1988-08-25,97.55000305175781
1988-08-26,97.48999786376953
1988-08-29,98.06999969482422
1988-08-30,97.87999725341797
1988-08-31,98.41999816894531
1988-09-01,98.43000030517578
1988-09-02,97.54000091552734
1988-09-05,97.54000091552734
1988-09-06,97.01000213623047
1988-09-07,96.83000183105469
1988-09-08,97.0
1988-09-09,97.20999908447266
1988-09-12,97.05000305175781
1988-09-13,97.12999725341797
1988-09-14,98.19000244140625
1988-09-15,98.06999969482422
1988-09-16,98.02999877929688
1988-09-19,97.7300033569336
1988-09-20,97.69999694824219
1988-09-21,97.9800033569336
1988-09-22,98.22000122070312
1988-09-23,98.12000274658203
1988-09-26,98.37999725341797
1988-09-27,98.25
1988-09-28,98.0199966430664
1988-09-29,98.29000091552734
1988-09-30,97.69000244140625
1988-10-03,97.30999755859375
1988-10-04,97.36000061035156
1988-10-05,97.41000366210938
1988-10-06,97.51000213623047
1988-10-07,97.33000183105469
1988-10-10,96.87000274658203
1988-10-11,96.69000244140625
1988-10-12,95.61000061035156
1988-10-13,94.80000305175781
1988-10-14,94.37000274658203
1988-10-17,94.4800033569336
1988-10-18,94.45999908447266
1988-10-19,94.66999816894531
1988-10-20,94.22000122070312
1988-10-21,93.38999938964844
1988-10-24,93.80000305175781
1988-10-25,93.98999786376953
1988-10-26,93.13999938964844
1988-10-27,93.22000122070312
1988-10-28,93.04000091552734
1988-10-31,93.76000213623047
1988-11-01,93.58999633789062
1988-11-02,92.88999938964844
1988-11-03,93.18000030517578
1988-11-04,93.80000305175781
1988-11-07,93.23999786376953
1988-11-08,93.6500015258789
1988-11-09,92.44000244140625
1988-11-10,92.20999908447266
1988-11-11,91.52999877929688
1988-11-14,91.98999786376953
1988-11-15,91.80000305175781
1988-11-16,90.83000183105469
1988-11-17,90.97000122070312
1988-11-18,91.43000030517578
1988-11-21,90.83999633789062
1988-11-22,90.4000015258789
1988-11-23,90.31999969482422
1988-11-24,90.31999969482422
1988-11-25,90.12000274658203
1988-11-28,90.83000183105469
1988-11-29,90.73999786376953
1988-11-30,90.52999877929688
1988-12-01,90.5
1988-12-02,90.05999755859375
1988-12-05,90.16999816894531
1988-12-06,90.75
1988-12-07,91.9000015258789
1988-12-08,90.80999755859375
1988-12-09,90.83999633789062
1988-12-12,91.11000061035156
1988-12-13,91.62000274658203
1988-12-14,91.08000183105469
1988-12-15,91.94000244140625
1988-12-16,92.08999633789062
1988-12-19,92.13999938964844
1988-12-20,92.98999786376953
1988-12-21,92.4800033569336
1988-12-22,92.61000061035156
1988-12-23,92.66000366210938
1988-12-26,92.66000366210938
1988-12-27,92.80000305175781
1988-12-28,93.37000274658203
1988-12-29,93.23999786376953
1988-12-30,92.5
1989-01-02,92.5
1989-01-03,92.16999816894531
1989-01-04,92.9800033569336
1989-01-05,93.58999633789062
1989-01-06,94.36000061035156
1989-01-09,94.5
1989-01-10,95.08999633789062
1989-01-11,94.55000305175781
1989-01-12,94.62999725341797
1989-01-13,95.31999969482422
1989-01-16,96.01000213623047
1989-01-17,95.62000274658203
1989-01-18,96.58000183105469
1989-01-19,95.83000183105469
1989-01-20,95.08999633789062
1989-01-23,94.94000244140625
1989-01-24,95.25
1989-01-25,95.05000305175781
1989-01-26,95.45999908447266
1989-01-27,96.19000244140625
1989-01-30,96.02999877929688
1989-01-31,96.7699966430664
1989-02-01,96.58000183105469
1989-02-02,96.80000305175781
1989-02-03,96.73999786376953
1989-02-06,96.61000061035156
1989-02-07,96.58999633789062
1989-02-08,96.48999786376953
1989-02-09,95.6500015258789
1989-02-10,96.37999725341797
1989-02-13,96.16999816894531
1989-02-14,95.20999908447266
1989-02-15,95.01000213623047
1989-02-16,95.0
1989-02-17,94.9000015258789
1989-02-20,94.9000015258789
1989-02-21,95.48999786376953
1989-02-22,95.23999786376953
1989-02-23,94.52999877929688
1989-02-24,94.66000366210938
1989-02-27,94.88999938964844
1989-02-28,94.9000015258789
1989-03-01,95.66999816894531
1989-03-02,96.01000213623047
1989-03-03,95.77999877929688
1989-03-06,96.20999908447266
1989-03-07,96.2699966430664
1989-03-08,96.62000274658203
1989-03-09,96.33999633789062
1989-03-10,96.48999786376953
1989-03-13,96.83999633789062
1989-03-14,96.44000244140625
1989-03-15,96.98999786376953
1989-03-16,96.88999938964844
1989-03-17,97.30999755859375
1989-03-20,96.93000030517578
1989-03-21,96.98999786376953
1989-03-22,96.83999633789062
1989-03-23,96.98999786376953
1989-03-24,96.98999786376953
1989-03-27,97.61000061035156
1989-03-28,98.23999786376953
1989-03-29,98.13999938964844
1989-03-30,98.13999938964844
1989-03-31,98.13999938964844
1989-04-03,97.51000213623047
1989-04-04,96.8499984741211
1989-04-05,97.05000305175781
1989-04-06,97.1500015258789
1989-04-07,97.5199966430664
1989-04-10,97.69999694824219
1989-04-11,97.81999969482422
1989-04-12,97.75
1989-04-13,97.27999877929688
1989-04-14,96.93000030517578
1989-04-17,96.76000213623047
1989-04-18,96.44000244140625
1989-04-19,96.86000061035156
1989-04-20,96.2300033569336
1989-04-21,96.36000061035156
1989-04-24,96.73999786376953
1989-04-25,97.0
1989-04-26,97.56999969482422
1989-04-27,97.44000244140625
1989-04-28,97.70999908447266
1989-05-01,98.18000030517578
1989-05-02,98.12999725341797
1989-05-03,98.2699966430664
1989-05-04,98.33000183105469
1989-05-05,98.41999816894531
1989-05-08,98.95999908447266
1989-05-09,98.9000015258789
1989-05-10,98.55999755859375
1989-05-11,99.16000366210938
1989-05-12,99.44000244140625
1989-05-15,100.43000030517578
1989-05-16,100.30999755859375
1989-05-17,101.87000274658203
1989-05-18,101.91999816894531
1989-05-19,101.97000122070312
1989-05-22,103.76000213623047
1989-05-23,103.94000244140625
1989-05-24,104.26000213623047
1989-05-25,102.83000183105469
1989-05-26,102.5199966430664
1989-05-29,102.5199966430664
1989-05-30,103.43000030517578
1989-05-31,102.9800033569336
1989-06-01,102.80999755859375
1989-06-02,101.22000122070312
1989-06-05,102.88999938964844
1989-06-06,102.48999786376953
1989-06-07,102.52999877929688
1989-06-08,102.72000122070312
1989-06-09,104.31999969482422
1989-06-12,105.0999984741211
1989-06-13,104.87000274658203
1989-06-14,105.61000061035156
1989-06-15,104.13999938964844
1989-06-16,103.33000183105469
1989-06-19,103.11000061035156
1989-06-20,103.55000305175781
1989-06-21,102.36000061035156
1989-06-22,101.55999755859375
1989-06-23,100.93000030517578
1989-06-26,101.95999908447266
1989-06-27,101.95999908447266
1989-06-28,102.19000244140625
1989-06-29,102.33999633789062
1989-06-30,102.0199966430664
1989-07-03,100.9000015258789
1989-07-04,100.9000015258789
1989-07-05,98.58000183105469
1989-07-06,98.80000305175781
1989-07-07,98.30999755859375
1989-07-10,98.0
1989-07-11,98.9000015258789
1989-07-12,98.54000091552734
1989-07-13,98.94000244140625
1989-07-14,99.98999786376953
1989-07-17,99.7699966430664
1989-07-18,99.33000183105469
1989-07-19,100.02999877929688
1989-07-20,99.68000030517578
1989-07-21,99.80000305175781
1989-07-24,99.48999786376953
1989-07-25,98.9000015258789
1989-07-26,97.98999786376953
1989-07-27,98.25
1989-07-28,98.29000091552734
1989-07-31,97.38999938964844
1989-08-01,96.9000015258789
1989-08-02,97.12999725341797
1989-08-03,97.9000015258789
1989-08-04,99.5199966430664
1989-08-07,99.91000366210938
1989-08-08,98.7699966430664
1989-08-09,98.80000305175781
1989-08-10,99.18000030517578
1989-08-11,101.02999877929688
1989-08-14,101.37000274658203
1989-08-15,100.98999786376953
1989-08-16,101.06999969482422
1989-08-17,102.1500015258789
1989-08-18,101.7300033569336
1989-08-21,101.63999938964844
1989-08-22,100.91000366210938
1989-08-23,101.5199966430664
1989-08-24,101.58999633789062
1989-08-25,101.8499984741211
1989-08-28,102.0
1989-08-29,100.9800033569336
1989-08-30,101.63999938964844
1989-08-31,102.27999877929688
1989-09-01,102.83000183105469
1989-09-04,102.83000183105469
1989-09-05,103.47000122070312
1989-09-06,102.91999816894531
1989-09-07,103.20999908447266
1989-09-08,103.5
1989-09-11,103.52999877929688
1989-09-12,103.37000274658203
1989-09-13,102.7300033569336
1989-09-14,102.94999694824219
1989-09-15,102.29000091552734
1989-09-18,101.80999755859375
1989-09-19,101.94000244140625
1989-09-20,101.41000366210938
1989-09-21,101.62000274658203
1989-09-22,101.91000366210938
1989-09-25,99.55999755859375
1989-09-26,99.19999694824219
1989-09-27,98.77999877929688
1989-09-28,98.9000015258789
1989-09-29,98.47000122070312
1989-10-02,98.75
1989-10-03,99.19999694824219
1989-10-04,99.04000091552734
1989-10-05,99.33000183105469
1989-10-06,99.4800033569336
1989-10-09,99.69000244140625
1989-10-10,100.58999633789062
1989-10-11,100.9000015258789
1989-10-12,100.6500015258789
1989-10-13,99.7699966430664
1989-10-16,98.9000015258789
1989-10-17,98.9800033569336
1989-10-18,98.27999877929688
1989-10-19,98.2699966430664
1989-10-20,98.58000183105469
1989-10-23,98.1500015258789
1989-10-24,97.5199966430664
1989-10-25,97.48999786376953
1989-10-26,98.08999633789062
1989-10-27,97.62999725341797
1989-10-30,97.7699966430664
1989-10-31,98.06999969482422
1989-11-01,98.5
1989-11-02,98.29000091552734
1989-11-03,98.33000183105469
1989-11-06,98.54000091552734
1989-11-07,98.12000274658203
1989-11-08,98.12999725341797
1989-11-09,98.43000030517578
1989-11-10,98.9800033569336
1989-11-13,98.79000091552734
1989-11-14,97.83999633789062
1989-11-15,98.18000030517578
1989-11-16,98.41000366210938
1989-11-17,98.37999725341797
1989-11-20,98.27999877929688
1989-11-21,97.4800033569336
1989-11-22,97.4800033569336
1989-11-23,97.4800033569336
1989-11-24,97.13999938964844
1989-11-27,96.7300033569336
1989-11-28,96.31999969482422
1989-11-29,96.51000213623047
1989-11-30,96.2699966430664
1989-12-01,96.56999969482422
1989-12-04,96.62999725341797
1989-12-05,96.25
1989-12-06,95.81999969482422
1989-12-07,96.05000305175781
1989-12-08,96.05000305175781
1989-12-11,95.6500015258789
1989-12-12,94.66000366210938
1989-12-13,94.4800033569336
1989-12-14,94.69999694824219
1989-12-15,94.20999908447266
1989-12-18,94.1500015258789
1989-12-19,94.69999694824219
1989-12-20,94.4800033569336
1989-12-21,94.2300033569336
1989-12-22,93.48999786376953
1989-12-25,93.48999786376953
1989-12-26,93.48999786376953
1989-12-27,92.66000366210938
1989-12-28,93.2699966430664
1989-12-29,93.20999908447266
1990-01-01,93.20999908447266
1990-01-02,94.29000091552734
1990-01-03,94.41999816894531
1990-01-04,92.5199966430664
1990-01-05,92.8499984741211
1990-01-08,92.05000305175781
1990-01-09,92.3499984741211
1990-01-10,92.38999938964844
1990-01-11,92.4000015258789
1990-01-12,92.43000030517578
1990-01-15,92.83999633789062
1990-01-16,92.94000244140625
1990-01-17,92.72000122070312
1990-01-18,93.73999786376953
1990-01-19,93.69000244140625
1990-01-22,94.31999969482422
1990-01-23,93.19000244140625
1990-01-24,93.02999877929688
1990-01-25,92.6500015258789
1990-01-26,92.5199966430664
1990-01-29,92.0999984741211
1990-01-30,92.91000366210938
1990-01-31,92.41000366210938
1990-02-01,92.16000366210938
1990-02-02,92.44000244140625
1990-02-05,91.54000091552734
1990-02-06,91.55000305175781
1990-02-07,91.75
1990-02-08,91.9800033569336
1990-02-09,91.9800033569336
1990-02-12,92.11000061035156
1990-02-13,92.30000305175781
1990-02-14,92.12999725341797
1990-02-15,92.79000091552734
1990-02-16,92.18000030517578
1990-02-19,92.18000030517578
1990-02-20,91.81999969482422
1990-02-21,91.80000305175781
1990-02-22,91.9800033569336
1990-02-23,92.16000366210938
1990-02-26,92.97000122070312
1990-02-27,92.70999908447266
1990-02-28,93.29000091552734
1990-03-01,94.0
1990-03-02,94.01000213623047
1990-03-05,93.2699966430664
1990-03-06,93.55999755859375
1990-03-07,93.63999938964844
1990-03-08,93.52999877929688
1990-03-09,93.87000274658203
1990-03-12,94.38999938964844
1990-03-13,94.30000305175781
1990-03-14,94.25
1990-03-15,93.77999877929688
1990-03-16,93.80000305175781
1990-03-19,93.48999786376953
1990-03-20,94.29000091552734
1990-03-21,94.41000366210938
1990-03-22,94.16999816894531
1990-03-23,94.37000274658203
1990-03-26,94.27999877929688
1990-03-27,94.41000366210938
1990-03-28,94.47000122070312
1990-03-29,93.7300033569336
1990-03-30,93.69000244140625
1990-04-02,94.05999755859375
1990-04-03,94.01000213623047
1990-04-04,93.9800033569336
1990-04-05,93.86000061035156
1990-04-06,93.72000122070312
1990-04-09,93.68000030517578
1990-04-10,93.0
1990-04-11,92.93000030517578
1990-04-12,92.87000274658203
1990-04-13,92.87000274658203
1990-04-16,93.33999633789062
1990-04-17,93.27999877929688
1990-04-18,92.86000061035156
1990-04-19,92.98999786376953
1990-04-20,93.29000091552734
1990-04-23,93.7699966430664
1990-04-24,93.77999877929688
1990-04-25,93.08999633789062
1990-04-26,93.19999694824219
1990-04-27,93.0199966430664
1990-04-30,93.06999969482422
1990-05-01,93.08999633789062
1990-05-02,93.23999786376953
1990-05-03,93.12999725341797
1990-05-04,92.37000274658203
1990-05-07,92.01000213623047
1990-05-08,91.98999786376953
1990-05-09,91.1500015258789
1990-05-10,91.20999908447266
1990-05-11,91.12000274658203
1990-05-14,91.0999984741211
1990-05-15,91.08999633789062
1990-05-16,91.16000366210938
1990-05-17,91.33999633789062
1990-05-18,91.30999755859375
1990-05-21,91.91000366210938
1990-05-22,92.0
1990-05-23,92.13999938964844
1990-05-24,92.37000274658203
1990-05-25,92.26000213623047
1990-05-28,92.26000213623047
1990-05-29,92.02999877929688
1990-05-30,92.31999969482422
1990-05-31,92.9800033569336
1990-06-01,92.95999908447266
1990-06-04,92.91000366210938
1990-06-05,92.61000061035156
1990-06-06,92.63999938964844
1990-06-07,92.73999786376953
1990-06-08,93.08000183105469
1990-06-11,92.91999816894531
1990-06-12,92.93000030517578
1990-06-13,92.5199966430664
1990-06-14,92.81999969482422
1990-06-15,92.58000183105469
1990-06-18,92.12000274658203
1990-06-19,91.77999877929688
1990-06-20,92.08000183105469
1990-06-21,92.08999633789062
1990-06-22,91.98999786376953
1990-06-25,92.16999816894531
1990-06-26,91.5199966430664
1990-06-27,91.44000244140625
1990-06-28,91.66999816894531
1990-06-29,91.1500015258789
1990-07-02,90.58999633789062
1990-07-03,90.41000366210938
1990-07-04,90.41000366210938
1990-07-05,90.44999694824219
1990-07-06,90.5199966430664
1990-07-09,90.2699966430664
1990-07-10,89.58000183105469
1990-07-11,90.18000030517578
1990-07-12,89.37999725341797
1990-07-13,90.05000305175781
1990-07-16,90.27999877929688
1990-07-17,89.69999694824219
1990-07-18,89.83999633789062
1990-07-19,89.62000274658203
1990-07-20,89.54000091552734
1990-07-23,88.88999938964844
1990-07-24,88.8499984741211
1990-07-25,89.16000366210938
1990-07-26,89.13999938964844
1990-07-27,88.43000030517578
1990-07-30,88.12999725341797
1990-07-31,87.16999816894531
1990-08-01,87.41999816894531
1990-08-02,87.7300033569336
1990-08-03,87.55000305175781
1990-08-06,87.12000274658203
1990-08-07,87.5199966430664
1990-08-08,87.58999633789062
1990-08-09,87.69000244140625
1990-08-10,87.58000183105469
1990-08-13,87.01000213623047
1990-08-14,86.37999725341797
1990-08-15,86.26000213623047
1990-08-16,85.83000183105469
1990-08-17,85.56999969482422
1990-08-20,86.19000244140625
1990-08-21,86.16999816894531
1990-08-22,85.97000122070312
1990-08-23,85.0999984741211
1990-08-24,85.66000366210938
1990-08-27,85.26000213623047
1990-08-28,85.4000015258789
1990-08-29,85.56999969482422
1990-08-30,85.91999816894531
1990-08-31,86.55999755859375
1990-09-03,86.55999755859375
1990-09-04,86.77999877929688
1990-09-05,85.7300033569336
1990-09-06,85.47000122070312
1990-09-07,86.05000305175781
1990-09-10,86.75
1990-09-11,86.9000015258789
1990-09-12,86.94000244140625
1990-09-13,85.79000091552734
1990-09-14,85.72000122070312
1990-09-17,84.87999725341797
1990-09-18,85.23999786376953
1990-09-19,85.9800033569336
1990-09-20,86.19999694824219
1990-09-21,86.30999755859375
1990-09-24,85.4800033569336
1990-09-25,85.93000030517578
1990-09-26,85.7699966430664
1990-09-27,85.72000122070312
1990-09-28,86.0
1990-10-01,85.43000030517578
1990-10-02,85.0999984741211
1990-10-03,84.70999908447266
1990-10-04,84.12999725341797
1990-10-05,84.27999877929688
1990-10-08,83.5999984741211
1990-10-09,83.20999908447266
1990-10-10,83.29000091552734
1990-10-11,82.79000091552734
1990-10-12,83.16000366210938
1990-10-15,83.25
1990-10-16,82.58999633789062
1990-10-17,82.55999755859375
1990-10-18,81.95999908447266
1990-10-19,82.30000305175781
1990-10-22,82.95999908447266
1990-10-23,83.06999969482422
1990-10-24,82.4800033569336
1990-10-25,83.04000091552734
1990-10-26,82.87999725341797
1990-10-29,83.23999786376953
1990-10-30,82.91999816894531
1990-10-31,83.27999877929688
1990-11-01,82.81999969482422
1990-11-02,82.26000213623047
1990-11-05,81.70999908447266
1990-11-06,82.11000061035156
1990-11-07,82.04000091552734
1990-11-08,82.13999938964844
1990-11-09,82.12000274658203
1990-11-12,81.70999908447266
1990-11-13,81.8499984741211
1990-11-14,81.62999725341797
1990-11-15,81.83999633789062
1990-11-16,81.58999633789062
1990-11-19,81.55999755859375
1990-11-20,81.62000274658203
1990-11-21,81.51000213623047
1990-11-22,81.51000213623047
1990-11-23,81.87000274658203
1990-11-26,82.0999984741211
1990-11-27,81.70999908447266
1990-11-28,82.2300033569336
1990-11-29,83.26000213623047
1990-11-30,82.93000030517578
1990-12-03,83.80999755859375
1990-12-04,83.23999786376953
1990-12-05,83.20999908447266
1990-12-06,82.70999908447266
1990-12-07,81.93000030517578
1990-12-10,82.0999984741211
1990-12-11,82.33000183105469
1990-12-12,82.12999725341797
1990-12-13,82.30999755859375
1990-12-14,82.55999755859375
1990-12-17,82.77999877929688
1990-12-18,82.33999633789062
1990-12-19,82.5999984741211
1990-12-20,83.88999938964844
1990-12-21,84.69999694824219
1990-12-24,84.70999908447266
1990-12-25,84.70999908447266
1990-12-26,85.04000091552734
1990-12-27,84.7300033569336
1990-12-28,83.26000213623047
1990-12-31,83.06999969482422
1991-01-01,83.06999969482422
1991-01-02,82.79000091552734
1991-01-03,82.80999755859375
1991-01-04,83.36000061035156
1991-01-07,84.66999816894531
1991-01-08,84.94999694824219
1991-01-09,84.52999877929688
1991-01-10,84.19000244140625
1991-01-11,84.29000091552734
1991-01-14,84.83000183105469
1991-01-15,84.8499984741211
1991-01-16,85.11000061035156
1991-01-17,83.37000274658203
1991-01-18,82.7699966430664
1991-01-21,82.44999694824219
1991-01-22,82.79000091552734
1991-01-23,82.22000122070312
1991-01-24,82.41999816894531
1991-01-25,82.7300033569336
1991-01-28,82.38999938964844
1991-01-29,82.72000122070312
1991-01-30,82.4800033569336
1991-01-31,82.0
1991-02-01,81.63999938964844
1991-02-04,81.37999725341797
1991-02-05,81.02999877929688
1991-02-06,80.5199966430664
1991-02-07,80.88999938964844
1991-02-08,80.83999633789062
1991-02-11,80.48999786376953
1991-02-12,80.88999938964844
1991-02-13,81.2300033569336
1991-02-14,81.37999725341797
1991-02-15,81.91999816894531
1991-02-18,81.91999816894531
1991-02-19,82.61000061035156
1991-02-20,82.66999816894531
1991-02-21,82.4800033569336
1991-02-22,83.12999725341797
1991-02-25,83.86000061035156
1991-02-26,83.93000030517578
1991-02-27,83.87000274658203
1991-02-28,84.08000183105469
1991-03-01,84.83999633789062
1991-03-04,84.70999908447266
1991-03-05,85.05000305175781
1991-03-06,84.94000244140625
1991-03-07,85.23999786376953
1991-03-08,86.30999755859375
1991-03-11,86.9000015258789
1991-03-12,86.20999908447266
1991-03-13,86.3499984741211
1991-03-14,86.72000122070312
1991-03-15,87.9000015258789
1991-03-18,88.91000366210938
1991-03-19,89.63999938964844
1991-03-20,89.41000366210938
1991-03-21,88.87000274658203
1991-03-22,89.47000122070312
1991-03-25,91.08000183105469
1991-03-26,91.04000091552734
1991-03-27,91.87000274658203
1991-03-28,92.0199966430664
1991-03-29,92.0199966430664
1991-04-01,90.80999755859375
1991-04-02,90.3499984741211
1991-04-03,90.45999908447266
1991-04-04,89.91999816894531
1991-04-05,90.62999725341797
1991-04-08,90.94999694824219
1991-04-09,89.62000274658203
1991-04-10,90.5199966430664
1991-04-11,89.94000244140625
1991-04-12,90.36000061035156
1991-04-15,89.63999938964844
1991-04-16,89.56999969482422
1991-04-17,89.83999633789062
1991-04-18,91.30000305175781
1991-04-19,92.70999908447266
1991-04-22,93.80999755859375
1991-04-23,92.93000030517578
1991-04-24,93.1500015258789
1991-04-25,93.26000213623047
1991-04-26,93.45999908447266
1991-04-29,93.30999755859375
1991-04-30,91.54000091552734
1991-05-01,91.91000366210938
1991-05-02,92.2699966430664
1991-05-03,93.44000244140625
1991-05-06,92.69000244140625
1991-05-07,92.06999969482422
1991-05-08,92.5999984741211
1991-05-09,92.51000213623047
1991-05-10,92.37999725341797
1991-05-13,92.01000213623047
1991-05-14,91.29000091552734
1991-05-15,90.79000091552734
1991-05-16,91.1500015258789
1991-05-17,92.94999694824219
1991-05-20,92.72000122070312
1991-05-21,91.81999969482422
1991-05-22,92.26000213623047
1991-05-23,91.9000015258789
1991-05-24,91.73999786376953
1991-05-27,91.73999786376953
1991-05-28,91.16000366210938
1991-05-29,92.0199966430664
1991-05-30,92.18000030517578
1991-05-31,93.12999725341797
1991-06-03,93.44000244140625
1991-06-04,93.29000091552734
1991-06-05,93.4800033569336
1991-06-06,93.69999694824219
1991-06-07,94.55999755859375
1991-06-10,94.55999755859375
1991-06-11,94.86000061035156
1991-06-12,95.55999755859375
1991-06-13,95.91000366210938
1991-06-14,95.79000091552734
1991-06-17,95.77999877929688
1991-06-18,96.7300033569336
1991-06-19,95.55000305175781
1991-06-20,95.38999938964844
1991-06-21,95.80999755859375
1991-06-24,95.05000305175781
1991-06-25,95.55000305175781
1991-06-26,95.30000305175781
1991-06-27,95.51000213623047
1991-06-28,96.05999755859375
1991-07-01,96.80999755859375
1991-07-02,97.1500015258789
1991-07-03,97.06999969482422
1991-07-04,97.06999969482422
1991-07-05,96.70999908447266
1991-07-08,96.02999877929688
1991-07-09,96.4800033569336
1991-07-10,96.3499984741211
1991-07-11,97.18000030517578
1991-07-12,95.05999755859375
1991-07-15,95.20999908447266
1991-07-16,95.58000183105469
1991-07-17,95.23999786376953
1991-07-18,94.66000366210938
1991-07-19,93.4800033569336
1991-07-22,94.16999816894531
1991-07-23,94.0
1991-07-24,93.2300033569336
1991-07-25,94.19000244140625
1991-07-26,93.5199966430664
1991-07-29,93.75
1991-07-30,94.0
1991-07-31,93.48999786376953
1991-08-01,93.9800033569336
1991-08-02,93.36000061035156
1991-08-05,92.33999633789062
1991-08-06,91.87999725341797
1991-08-07,92.01000213623047
1991-08-08,92.30000305175781
1991-08-09,92.86000061035156
1991-08-12,92.69999694824219
1991-08-13,92.97000122070312
1991-08-14,93.19999694824219
1991-08-15,93.73999786376953
1991-08-16,94.37999725341797
1991-08-19,96.45999908447266
1991-08-20,95.45999908447266
1991-08-21,93.2300033569336
1991-08-22,92.9000015258789
1991-08-23,93.58999633789062
1991-08-26,93.5
1991-08-27,93.5999984741211
1991-08-28,93.13999938964844
1991-08-29,93.37000274658203
1991-08-30,93.48999786376953
1991-09-02,93.48999786376953
1991-09-03,92.97000122070312
1991-09-04,92.91999816894531
1991-09-05,93.0
1991-09-06,92.11000061035156
1991-09-09,91.11000061035156
1991-09-10,91.16999816894531
1991-09-11,90.94999694824219
1991-09-12,90.7699966430664
1991-09-13,90.77999877929688
1991-09-16,90.33999633789062
1991-09-17,90.19000244140625
1991-09-18,90.83000183105469
1991-09-19,90.94999694824219
1991-09-20,90.77999877929688
1991-09-23,90.06999969482422
1991-09-24,90.8499984741211
1991-09-25,90.55000305175781
1991-09-26,90.83000183105469
1991-09-27,90.12000274658203
1991-09-30,89.9000015258789
1991-10-01,90.0199966430664
1991-10-02,89.8499984741211
1991-10-03,89.5199966430664
1991-10-04,90.05999755859375
1991-10-07,90.12000274658203
1991-10-08,90.94999694824219
1991-10-09,90.5999984741211
1991-10-10,90.80999755859375
1991-10-11,90.5
1991-10-14,90.88999938964844
1991-10-15,91.5199966430664
1991-10-16,91.26000213623047
1991-10-17,90.75
1991-10-18,90.43000030517578
1991-10-21,90.73999786376953
1991-10-22,91.02999877929688
1991-10-23,91.62000274658203
1991-10-24,91.08000183105469
1991-10-25,91.12999725341797
1991-10-28,91.88999938964844
1991-10-29,90.4800033569336
1991-10-30,89.88999938964844
1991-10-31,89.93000030517578
1991-11-01,88.69999694824219
1991-11-04,88.44000244140625
1991-11-05,88.54000091552734
1991-11-06,88.58000183105469
1991-11-07,88.70999908447266
1991-11-08,88.91000366210938
1991-11-11,88.63999938964844
1991-11-12,88.69999694824219
1991-11-13,88.54000091552734
1991-11-14,88.26000213623047
1991-11-15,87.86000061035156
1991-11-18,87.44999694824219
1991-11-19,86.87000274658203
1991-11-20,87.22000122070312
1991-11-21,87.11000061035156
1991-11-22,86.62999725341797
1991-11-25,86.6500015258789
1991-11-26,87.5999984741211
1991-11-27,87.83999633789062
1991-11-28,87.86000061035156
1991-11-29,88.19000244140625
1991-12-02,87.73999786376953
1991-12-03,87.51000213623047
1991-12-04,87.11000061035156
1991-12-05,86.62999725341797
1991-12-06,85.75
1991-12-09,86.01000213623047
1991-12-10,86.25
1991-12-11,86.26000213623047
1991-12-12,86.4800033569336
1991-12-13,86.62000274658203
1991-12-16,86.0999984741211
1991-12-17,86.0199966430664
1991-12-18,85.80000305175781
1991-12-19,85.4800033569336
1991-12-20,84.45999908447266
1991-12-23,83.72000122070312
1991-12-24,83.87999725341797
1991-12-25,83.87999725341797
1991-12-26,83.30999755859375
1991-12-27,83.62000274658203
1991-12-30,83.73999786376953
1991-12-31,83.5199966430664
1992-01-01,83.5199966430664
1992-01-02,83.83000183105469
1992-01-03,84.41999816894531
1992-01-06,83.16999816894531
1992-01-07,82.83999633789062
1992-01-08,82.91999816894531
1992-01-09,85.31999969482422
1992-01-10,86.51000213623047
1992-01-13,86.18000030517578
1992-01-14,86.66999816894531
1992-01-15,88.18000030517578
1992-01-16,87.83000183105469
1992-01-17,86.38999938964844
1992-01-20,86.2699966430664
1992-01-21,86.1500015258789
1992-01-22,86.26000213623047
1992-01-23,86.94000244140625
1992-01-24,86.37000274658203
1992-01-27,87.41000366210938
1992-01-28,87.05000305175781
1992-01-29,86.9800033569336
1992-01-30,87.58000183105469
1992-01-31,87.48999786376953
1992-02-03,87.08000183105469
1992-02-04,86.69999694824219
1992-02-05,86.25
1992-02-06,86.0999984741211
1992-02-07,85.29000091552734
1992-02-10,86.0999984741211
1992-02-11,86.93000030517578
1992-02-12,87.5
1992-02-13,88.27999877929688
1992-02-14,88.31999969482422
1992-02-17,88.0999984741211
1992-02-18,89.05999755859375
1992-02-19,89.05000305175781
1992-02-20,89.08999633789062
1992-02-21,89.6500015258789
1992-02-24,89.44000244140625
1992-02-25,89.75
1992-02-26,89.19999694824219
1992-02-27,88.72000122070312
1992-02-28,88.98999786376953
1992-03-02,89.19999694824219
1992-03-03,89.97000122070312
1992-03-04,90.51000213623047
1992-03-05,90.69000244140625
1992-03-06,90.4800033569336
1992-03-09,90.26000213623047
1992-03-10,90.72000122070312
1992-03-11,90.3499984741211
1992-03-12,90.83000183105469
1992-03-13,90.83999633789062
1992-03-16,90.51000213623047
1992-03-17,89.76000213623047
1992-03-18,89.98999786376953
1992-03-19,90.91000366210938
1992-03-20,90.94000244140625
1992-03-23,90.68000030517578
1992-03-24,90.54000091552734
1992-03-25,90.0
1992-03-26,90.5199966430664
1992-03-27,89.5199966430664
1992-03-30,89.80999755859375
1992-03-31,89.6500015258789
1992-04-01,90.22000122070312
1992-04-02,89.8499984741211
1992-04-03,89.08000183105469
1992-04-06,89.0199966430664
1992-04-07,88.8499984741211
1992-04-08,88.9800033569336
1992-04-09,88.4800033569336
1992-04-10,89.25
1992-04-13,89.9000015258789
1992-04-14,89.80999755859375
1992-04-15,90.12000274658203
1992-04-16,90.51000213623047
1992-04-17,90.51000213623047
1992-04-20,90.51000213623047
1992-04-21,90.51000213623047
1992-04-22,90.20999908447266
1992-04-23,90.27999877929688
1992-04-24,89.79000091552734
1992-04-27,89.77999877929688
1992-04-28,89.75
1992-04-29,89.93000030517578
1992-04-30,89.62000274658203
1992-05-01,89.12000274658203
1992-05-04,89.44999694824219
1992-05-05,89.04000091552734
1992-05-06,88.66999816894531
1992-05-07,88.91999816894531
1992-05-08,89.38999938964844
1992-05-11,89.1500015258789
1992-05-12,88.29000091552734
1992-05-13,87.5999984741211
1992-05-14,87.94000244140625
1992-05-15,87.62999725341797
1992-05-18,86.91000366210938
1992-05-19,86.75
1992-05-20,87.2699966430664
1992-05-21,87.95999908447266
1992-05-22,87.9000015258789
1992-05-25,87.9000015258789
1992-05-26,87.6500015258789
1992-05-27,88.83000183105469
1992-05-28,88.2699966430664
1992-05-29,87.22000122070312
1992-06-01,87.19999694824219
1992-06-02,87.33999633789062
1992-06-03,87.26000213623047
1992-06-04,87.08000183105469
1992-06-05,86.58000183105469
1992-06-08,86.56999969482422
1992-06-09,86.72000122070312
1992-06-10,86.77999877929688
1992-06-11,86.01000213623047
1992-06-12,85.97000122070312
1992-06-15,85.72000122070312
1992-06-16,85.44000244140625
1992-06-17,85.94999694824219
1992-06-18,85.61000061035156
1992-06-19,85.91000366210938
1992-06-22,85.58000183105469
1992-06-23,85.56999969482422
1992-06-24,84.9000015258789
1992-06-25,84.27999877929688
1992-06-26,84.12999725341797
1992-06-29,83.62000274658203
1992-06-30,83.72000122070312
1992-07-01,83.63999938964844
1992-07-02,83.0999984741211
1992-07-03,83.0999984741211
1992-07-06,83.12999725341797
1992-07-07,82.1500015258789
1992-07-08,82.31999969482422
1992-07-09,83.31999969482422
1992-07-10,82.62000274658203
1992-07-13,81.83999633789062
1992-07-14,82.18000030517578
1992-07-15,82.06999969482422
1992-07-16,81.75
1992-07-17,81.04000091552734
1992-07-20,82.54000091552734
1992-07-21,82.41000366210938
1992-07-22,82.44000244140625
1992-07-23,82.33999633789062
1992-07-24,83.18000030517578
1992-07-27,82.2300033569336
1992-07-28,81.83000183105469
1992-07-29,82.22000122070312
1992-07-30,81.9800033569336
1992-07-31,81.91000366210938
1992-08-03,81.9000015258789
1992-08-04,82.02999877929688
1992-08-05,82.30000305175781
1992-08-06,82.1500015258789
1992-08-07,81.6500015258789
1992-08-10,81.61000061035156
1992-08-11,81.75
1992-08-12,81.61000061035156
1992-08-13,81.30000305175781
1992-08-14,81.66000366210938
1992-08-17,81.58000183105469
1992-08-18,81.33000183105469
1992-08-19,81.19000244140625
1992-08-20,80.91999816894531
1992-08-21,80.16000366210938
1992-08-24,78.94000244140625
1992-08-25,78.87000274658203
1992-08-26,79.20999908447266
1992-08-27,79.30999755859375
1992-08-28,79.16999816894531
1992-08-31,78.87999725341797
1992-09-01,78.33000183105469
1992-09-02,78.41000366210938
1992-09-03,79.4000015258789
1992-09-04,78.81999969482422
1992-09-07,78.81999969482422
1992-09-08,78.48999786376953
1992-09-09,79.45999908447266
1992-09-10,79.73999786376953
1992-09-11,81.12999725341797
1992-09-14,82.9000015258789
1992-09-15,83.38999938964844
1992-09-16,84.33000183105469
1992-09-17,83.63999938964844
1992-09-18,84.83999633789062
1992-09-21,84.41999816894531
1992-09-22,84.69000244140625
1992-09-23,84.44999694824219
1992-09-24,84.06999969482422
1992-09-25,83.8499984741211
1992-09-28,82.69000244140625
1992-09-29,81.0
1992-09-30,81.0999984741211
1992-10-01,81.79000091552734
1992-10-02,81.36000061035156
1992-10-05,82.4000015258789
1992-10-06,82.62000274658203
1992-10-07,83.27999877929688
1992-10-08,84.87000274658203
1992-10-09,84.80999755859375
1992-10-12,84.0199966430664
1992-10-13,83.80999755859375
1992-10-14,83.75
1992-10-15,83.52999877929688
1992-10-16,84.55999755859375
1992-10-19,85.5
1992-10-20,86.45999908447266
1992-10-21,86.62999725341797
1992-10-22,85.93000030517578
1992-10-23,86.80000305175781
1992-10-26,87.25
1992-10-27,87.01000213623047
1992-10-28,87.66000366210938
1992-10-29,87.33000183105469
1992-10-30,87.62999725341797
1992-11-02,88.83999633789062
1992-11-03,88.55000305175781
1992-11-04,88.6500015258789
1992-11-05,89.20999908447266
1992-11-06,89.91999816894531
1992-11-09,90.19000244140625
1992-11-10,89.80999755859375
1992-11-11,89.62000274658203
1992-11-12,89.44000244140625
1992-11-13,88.97000122070312
1992-11-16,90.02999877929688
1992-11-17,90.01000213623047
1992-11-18,89.86000061035156
1992-11-19,89.52999877929688
1992-11-20,91.12000274658203
1992-11-23,90.87000274658203
1992-11-24,90.68000030517578
1992-11-25,90.41000366210938
1992-11-26,90.75
1992-11-27,91.11000061035156
1992-11-30,90.83999633789062
1992-12-01,90.13999938964844
1992-12-02,90.02999877929688
1992-12-03,90.1500015258789
1992-12-04,90.58999633789062
1992-12-07,88.97000122070312
1992-12-08,89.12000274658203
1992-12-09,89.88999938964844
1992-12-10,90.1500015258789
1992-12-11,90.0999984741211
1992-12-14,89.70999908447266
1992-12-15,89.77999877929688
1992-12-16,89.33000183105469
1992-12-17,89.37999725341797
1992-12-18,89.68000030517578
1992-12-21,89.83000183105469
1992-12-22,90.75
1992-12-23,91.05000305175781
1992-12-24,91.18000030517578
1992-12-25,91.13999938964844
1992-12-28,92.16000366210938
1992-12-29,92.1500015258789
1992-12-30,92.16999816894531
1992-12-31,92.36000061035156
1993-01-01,92.36000061035156
1993-01-04,93.45999908447266
1993-01-05,92.62999725341797
1993-01-06,93.06999969482422
1993-01-07,93.19000244140625
1993-01-08,93.44999694824219
1993-01-11,92.69000244140625
1993-01-12,92.88999938964844
1993-01-13,92.62000274658203
1993-01-14,92.66000366210938
1993-01-15,93.04000091552734
1993-01-18,92.05999755859375
1993-01-19,92.0
1993-01-20,91.55000305175781
1993-01-21,92.25
1993-01-22,91.41000366210938
1993-01-25,90.47000122070312
1993-01-26,90.55000305175781
1993-01-27,91.36000061035156
1993-01-28,91.27999877929688
1993-01-29,92.45999908447266
1993-02-01,93.55999755859375
1993-02-02,93.91999816894531
1993-02-03,94.23999786376953
1993-02-04,94.52999877929688
1993-02-05,94.4000015258789
1993-02-08,94.3499984741211
1993-02-09,94.02999877929688
1993-02-10,94.4800033569336
1993-02-11,94.31999969482422
1993-02-12,94.25
1993-02-15,94.37999725341797
1993-02-16,93.08999633789062
1993-02-17,92.93000030517578
1993-02-18,93.19999694824219
1993-02-19,93.3499984741211
1993-02-22,92.6500015258789
1993-02-23,92.91000366210938
1993-02-24,93.41000366210938
1993-02-25,93.5199966430664
1993-02-26,94.05000305175781
1993-03-01,94.18000030517578
1993-03-02,93.23999786376953
1993-03-03,93.4000015258789
1993-03-04,93.22000122070312
1993-03-05,94.30000305175781
1993-03-08,94.0199966430664
1993-03-09,94.37999725341797
1993-03-10,94.29000091552734
1993-03-11,94.36000061035156
1993-03-12,94.5
1993-03-15,94.51000213623047
1993-03-16,94.30000305175781
1993-03-17,94.22000122070312
1993-03-18,93.18000030517578
1993-03-19,92.88999938964844
1993-03-22,92.91999816894531
1993-03-23,92.7300033569336
1993-03-24,93.29000091552734
1993-03-25,93.5199966430664
1993-03-26,92.93000030517578
1993-03-29,92.77999877929688
1993-03-30,92.44999694824219
1993-03-31,91.87000274658203
1993-04-01,91.0999984741211
1993-04-02,91.37000274658203
1993-04-05,91.20999908447266
1993-04-06,91.72000122070312
1993-04-07,91.95999908447266
1993-04-08,91.26000213623047
1993-04-09,91.22000122070312
1993-04-12,90.66999816894531
1993-04-13,89.97000122070312
1993-04-14,90.5
1993-04-15,90.94999694824219
1993-04-16,91.30999755859375
1993-04-19,90.3499984741211
1993-04-20,90.18000030517578
1993-04-21,90.31999969482422
1993-04-22,89.77999877929688
1993-04-23,89.37999725341797
1993-04-26,88.51000213623047
1993-04-27,89.61000061035156
1993-04-28,89.2699966430664
1993-04-29,89.25
1993-04-30,89.48999786376953
1993-05-03,89.31999969482422
1993-05-04,89.0
1993-05-05,89.11000061035156
1993-05-06,88.7699966430664
1993-05-07,89.2300033569336
1993-05-10,90.5199966430664
1993-05-11,90.51000213623047
1993-05-12,90.58000183105469
1993-05-13,90.93000030517578
1993-05-14,90.16999816894531
1993-05-17,90.63999938964844
1993-05-18,90.9000015258789
1993-05-19,90.66000366210938
1993-05-20,90.38999938964844
1993-05-21,90.69999694824219
1993-05-24,91.04000091552734
1993-05-25,90.62000274658203
1993-05-26,90.48999786376953
1993-05-27,89.5199966430664
1993-05-28,88.95999908447266
1993-05-31,89.08000183105469
1993-06-01,89.0199966430664
1993-06-02,89.4000015258789
1993-06-03,89.31999969482422
1993-06-04,90.75
1993-06-07,90.41999816894531
1993-06-08,90.44000244140625
1993-06-09,90.83000183105469
1993-06-10,90.44000244140625
1993-06-11,90.44000244140625
1993-06-14,90.30000305175781
1993-06-15,91.06999969482422
1993-06-16,91.7300033569336
1993-06-17,91.77999877929688
1993-06-18,92.93000030517578
1993-06-21,93.36000061035156
1993-06-22,93.76000213623047
1993-06-23,93.4800033569336
1993-06-24,94.08000183105469
1993-06-25,93.55000305175781
1993-06-28,93.41000366210938
1993-06-29,92.83999633789062
1993-06-30,93.62999725341797
1993-07-01,93.19000244140625
1993-07-02,93.4800033569336
1993-07-05,93.4800033569336
1993-07-06,93.83000183105469
1993-07-07,94.0
1993-07-08,94.0
1993-07-09,94.9800033569336
1993-07-12,95.26000213623047
1993-07-13,94.5999984741211
1993-07-14,94.4800033569336
1993-07-15,94.86000061035156
1993-07-16,94.5999984741211
1993-07-19,94.22000122070312
1993-07-20,94.0199966430664
1993-07-21,93.97000122070312
1993-07-22,93.98999786376953
1993-07-23,94.56999969482422
1993-07-26,94.76000213623047
1993-07-27,94.87999725341797
1993-07-28,94.44000244140625
1993-07-29,95.52999877929688
1993-07-30,95.37000274658203
1993-08-02,94.62999725341797
1993-08-03,94.4000015258789
1993-08-04,94.37999725341797
1993-08-05,94.5199966430664
1993-08-06,94.13999938964844
1993-08-09,94.37999725341797
1993-08-10,95.20999908447266
1993-08-11,95.2300033569336
1993-08-12,95.2699966430664
1993-08-13,95.12999725341797
1993-08-16,93.94000244140625
1993-08-17,93.9800033569336
1993-08-18,93.37999725341797
1993-08-19,94.12000274658203
1993-08-20,93.37999725341797
1993-08-23,93.68000030517578
1993-08-24,93.55999755859375
1993-08-25,94.01000213623047
1993-08-26,93.30000305175781
1993-08-27,93.30000305175781
1993-08-30,93.62000274658203
1993-08-31,93.94999694824219
1993-09-01,93.51000213623047
1993-09-02,93.19000244140625
1993-09-03,92.08000183105469
1993-09-06,92.08000183105469
1993-09-07,91.36000061035156
1993-09-08,91.72000122070312
1993-09-09,91.05000305175781
1993-09-10,90.80000305175781
1993-09-13,91.18000030517578
1993-09-14,91.20999908447266
1993-09-15,90.75
1993-09-16,90.94000244140625
1993-09-17,91.4000015258789
1993-09-20,91.4000015258789
1993-09-21,92.72000122070312
1993-09-22,92.31999969482422
1993-09-23,92.80999755859375
1993-09-24,92.6500015258789
1993-09-27,92.25
1993-09-28,91.81999969482422
1993-09-29,91.88999938964844
1993-09-30,92.81999969482422
1993-10-01,92.69000244140625
1993-10-04,92.3499984741211
1993-10-05,92.43000030517578
1993-10-06,92.27999877929688
1993-10-07,92.30999755859375
1993-10-08,91.6500015258789
1993-10-11,91.70999908447266
1993-10-12,91.31999969482422
1993-10-13,91.77999877929688
1993-10-14,92.38999938964844
1993-10-15,92.5199966430664
1993-10-18,93.36000061035156
1993-10-19,93.43000030517578
1993-10-20,93.33999633789062
1993-10-21,94.13999938964844
1993-10-22,94.44000244140625
1993-10-25,94.80999755859375
1993-10-26,94.70999908447266
1993-10-27,94.8499984741211
1993-10-28,94.4800033569336
1993-10-29,95.08000183105469
1993-11-01,95.27999877929688
1993-11-02,95.44000244140625
1993-11-03,95.01000213623047
1993-11-04,95.12999725341797
1993-11-05,94.87999725341797
1993-11-08,94.5999984741211
1993-11-09,95.0999984741211
1993-11-10,94.88999938964844
1993-11-11,94.9800033569336
1993-11-12,94.5
1993-11-15,94.94999694824219
1993-11-16,95.26000213623047
1993-11-17,95.19000244140625
1993-11-18,95.69000244140625
1993-11-19,96.0199966430664
1993-11-22,95.77999877929688
1993-11-23,95.68000030517578
1993-11-24,95.5999984741211
1993-11-25,95.5999984741211
1993-11-26,96.0199966430664
1993-11-29,95.94999694824219
1993-11-30,96.20999908447266
1993-12-01,96.47000122070312
1993-12-02,96.44000244140625
1993-12-03,96.08000183105469
1993-12-06,94.9800033569336
1993-12-07,95.11000061035156
1993-12-08,95.16000366210938
1993-12-09,95.30000305175781
1993-12-10,95.05000305175781
1993-12-13,95.51000213623047
1993-12-14,95.80999755859375
1993-12-15,95.9800033569336
1993-12-16,95.66999816894531
1993-12-17,95.73999786376953
1993-12-20,95.7300033569336
1993-12-21,95.66000366210938
1993-12-22,95.13999938964844
1993-12-23,94.68000030517578
1993-12-24,94.68000030517578
1993-12-27,95.23999786376953
1993-12-28,95.13999938964844
1993-12-29,96.44999694824219
1993-12-30,96.69999694824219
1993-12-31,96.83999633789062
1994-01-03,96.97000122070312
1994-01-04,96.55000305175781
1994-01-05,96.58000183105469
1994-01-06,96.81999969482422
1994-01-07,96.08000183105469
1994-01-10,96.43000030517578
1994-01-11,96.69000244140625
1994-01-12,96.2300033569336
1994-01-13,96.7699966430664
1994-01-14,96.68000030517578
1994-01-17,96.83000183105469
1994-01-18,96.37999725341797
1994-01-19,96.47000122070312
1994-01-20,96.18000030517578
1994-01-21,96.70999908447266
1994-01-24,96.54000091552734
1994-01-25,96.5
1994-01-26,96.1500015258789
1994-01-27,95.44999694824219
1994-01-28,96.18000030517578
1994-01-31,95.58999633789062
1994-02-01,95.5199966430664
1994-02-02,95.52999877929688
1994-02-03,95.87000274658203
1994-02-04,96.75
1994-02-07,96.63999938964844
1994-02-08,96.94999694824219
1994-02-09,96.83000183105469
1994-02-10,96.5999984741211
1994-02-11,96.6500015258789
1994-02-14,94.91000366210938
1994-02-15,95.2300033569336
1994-02-16,95.16000366210938
1994-02-17,95.1500015258789
1994-02-18,94.5999984741211
1994-02-21,94.5999984741211
1994-02-22,95.2300033569336
1994-02-23,95.37999725341797
1994-02-24,95.01000213623047
1994-02-25,94.7699966430664
1994-02-28,94.55000305175781
1994-03-01,94.7699966430664
1994-03-02,94.51000213623047
1994-03-03,94.5199966430664
1994-03-04,95.16000366210938
1994-03-07,95.2300033569336
1994-03-08,95.0199966430664
1994-03-09,94.80000305175781
1994-03-10,93.70999908447266
1994-03-11,93.91000366210938
1994-03-14,94.2300033569336
1994-03-15,94.58000183105469
1994-03-16,94.19999694824219
1994-03-17,94.2699966430664
1994-03-18,94.56999969482422
1994-03-21,94.41999816894531
1994-03-22,94.31999969482422
1994-03-23,94.12000274658203
1994-03-24,93.56999969482422
1994-03-25,93.5
1994-03-28,93.48999786376953
1994-03-29,93.7300033569336
1994-03-30,93.54000091552734
1994-03-31,93.05999755859375
1994-04-01,94.30999755859375
1994-04-04,94.31999969482422
1994-04-05,95.27999877929688
1994-04-06,95.13999938964844
1994-04-07,95.08000183105469
1994-04-08,94.93000030517578
1994-04-11,94.70999908447266
1994-04-12,94.9000015258789
1994-04-13,94.55000305175781
1994-04-14,94.75
1994-04-15,94.9000015258789
1994-04-18,94.63999938964844
1994-04-19,94.44999694824219
1994-04-20,94.0
1994-04-21,93.95999908447266
1994-04-22,93.91000366210938
1994-04-25,93.5999984741211
1994-04-26,93.33000183105469
1994-04-27,93.33000183105469
1994-04-28,92.44000244140625
1994-04-29,92.12000274658203
1994-05-02,92.05999755859375
1994-05-03,91.6500015258789
1994-05-04,92.43000030517578
1994-05-05,92.98999786376953
1994-05-06,92.70999908447266
1994-05-09,92.47000122070312
1994-05-10,93.5
1994-05-11,93.33000183105469
1994-05-12,93.11000061035156
1994-05-13,93.30000305175781
1994-05-16,93.41999816894531
1994-05-17,93.30999755859375
1994-05-18,92.51000213623047
1994-05-19,92.61000061035156
1994-05-20,92.23999786376953
1994-05-23,92.23999786376953
1994-05-24,92.75
1994-05-25,92.44000244140625
1994-05-26,92.55000305175781
1994-05-27,92.31999969482422
1994-05-30,92.31999969482422
1994-05-31,92.5199966430664
1994-06-01,92.44000244140625
1994-06-02,92.81999969482422
1994-06-03,93.41999816894531
1994-06-06,93.38999938964844
1994-06-07,93.08000183105469
1994-06-08,93.19999694824219
1994-06-09,93.08999633789062
1994-06-10,92.97000122070312
1994-06-13,92.16999816894531
1994-06-14,92.16999816894531
1994-06-15,91.81999969482422
1994-06-16,91.83000183105469
1994-06-17,90.97000122070312
1994-06-20,90.44999694824219
1994-06-21,89.8499984741211
1994-06-22,90.51000213623047
1994-06-23,90.36000061035156
1994-06-24,89.5999984741211
1994-06-27,89.5999984741211
1994-06-28,89.37999725341797
1994-06-29,89.47000122070312
1994-06-30,89.62000274658203
1994-07-01,89.91999816894531
1994-07-04,90.01000213623047
1994-07-05,89.56999969482422
1994-07-06,89.33999633789062
1994-07-07,89.33000183105469
1994-07-08,88.87000274658203
1994-07-11,87.30999755859375
1994-07-12,87.20999908447266
1994-07-13,87.63999938964844
1994-07-14,88.44999694824219
1994-07-15,88.33000183105469
1994-07-18,88.12999725341797
1994-07-19,89.0199966430664
1994-07-20,88.97000122070312
1994-07-21,89.91000366210938
1994-07-22,90.18000030517578
1994-07-25,89.83999633789062
1994-07-26,89.69000244140625
1994-07-27,89.33000183105469
1994-07-28,90.19999694824219
1994-07-29,89.87000274658203
1994-08-01,89.55999755859375
1994-08-02,89.87000274658203
1994-08-03,89.48999786376953
1994-08-04,90.05999755859375
1994-08-05,89.62999725341797
1994-08-08,89.91000366210938
1994-08-09,89.87000274658203
1994-08-10,89.94999694824219
1994-08-11,89.12000274658203
1994-08-12,88.94000244140625
1994-08-15,88.91000366210938
1994-08-16,89.11000061035156
1994-08-17,88.93000030517578
1994-08-18,88.2699966430664
1994-08-19,88.02999877929688
1994-08-22,87.44000244140625
1994-08-23,87.75
1994-08-24,88.22000122070312
1994-08-25,88.1500015258789
1994-08-26,89.58999633789062
1994-08-29,89.56999969482422
1994-08-30,89.4800033569336
1994-08-31,89.66999816894531
1994-09-01,89.3499984741211
1994-09-02,88.55999755859375
1994-09-05,88.43000030517578
1994-09-06,88.01000213623047
1994-09-07,88.38999938964844
1994-09-08,88.68000030517578
1994-09-09,87.91999816894531
1994-09-12,87.8499984741211
1994-09-13,87.75
1994-09-14,87.83000183105469
1994-09-15,87.93000030517578
1994-09-16,87.56999969482422
1994-09-19,87.83999633789062
1994-09-20,87.76000213623047
1994-09-21,87.52999877929688
1994-09-22,87.66999816894531
1994-09-23,87.58000183105469
1994-09-26,87.98999786376953
1994-09-27,87.44999694824219
1994-09-28,87.8499984741211
1994-09-29,87.62999725341797
1994-09-30,87.87999725341797
1994-10-03,88.0199966430664
1994-10-04,87.72000122070312
1994-10-05,87.62999725341797
1994-10-06,87.6500015258789
1994-10-07,87.9000015258789
1994-10-10,87.81999969482422
1994-10-11,87.9000015258789
1994-10-12,87.66000366210938
1994-10-13,87.4000015258789
1994-10-14,86.73999786376953
1994-10-17,85.77999877929688
1994-10-18,85.91000366210938
1994-10-19,85.70999908447266
1994-10-20,85.3499984741211
1994-10-21,85.62999725341797
1994-10-24,85.31999969482422
1994-10-25,85.22000122070312
1994-10-26,85.16999816894531
1994-10-27,85.4000015258789
1994-10-28,85.98999786376953
1994-10-31,85.69000244140625
1994-11-01,85.5
1994-11-02,86.37999725341797
1994-11-03,86.58000183105469
1994-11-04,86.5
1994-11-07,86.4800033569336
1994-11-08,86.16999816894531
1994-11-09,87.05999755859375
1994-11-10,87.13999938964844
1994-11-11,87.08999633789062
1994-11-14,87.75
1994-11-15,88.2699966430664
1994-11-16,88.12999725341797
1994-11-17,88.0199966430664
1994-11-18,88.36000061035156
1994-11-21,88.43000030517578
1994-11-22,88.56999969482422
1994-11-23,88.41999816894531
1994-11-24,88.66000366210938
1994-11-25,88.75
1994-11-28,88.97000122070312
1994-11-29,89.19000244140625
1994-11-30,89.12999725341797
1994-12-01,89.25
1994-12-02,89.55999755859375
1994-12-05,89.38999938964844
1994-12-06,89.33999633789062
1994-12-07,89.20999908447266
1994-12-08,89.6500015258789
1994-12-09,89.5999984741211
1994-12-12,89.54000091552734
1994-12-13,89.52999877929688
1994-12-14,89.48999786376953
1994-12-15,89.5199966430664
1994-12-16,89.58999633789062
1994-12-19,89.69999694824219
1994-12-20,89.62000274658203
1994-12-21,90.0199966430664
1994-12-22,89.91000366210938
1994-12-23,89.95999908447266
1994-12-26,89.95999908447266
1994-12-27,89.87000274658203
1994-12-28,88.5
1994-12-29,89.0199966430664
1994-12-30,88.7300033569336
1995-01-02,88.7300033569336
1995-01-03,89.11000061035156
1995-01-04,89.30999755859375
1995-01-05,88.9800033569336
1995-01-06,89.61000061035156
1995-01-09,88.41000366210938
1995-01-10,88.43000030517578
1995-01-11,88.41999816894531
1995-01-12,88.0999984741211
1995-01-13,88.13999938964844
1995-01-16,88.0199966430664
1995-01-17,88.30000305175781
1995-01-18,88.44999694824219
1995-01-19,87.54000091552734
1995-01-20,87.44999694824219
1995-01-23,87.37999725341797
1995-01-24,87.41000366210938
1995-01-25,87.62999725341797
1995-01-26,87.62000274658203
1995-01-27,87.62000274658203
1995-01-30,87.0999984741211
1995-01-31,87.98999786376953
1995-02-01,87.77999877929688
1995-02-02,87.69000244140625
1995-02-03,88.19000244140625
1995-02-06,88.19000244140625
1995-02-07,88.43000030517578
1995-02-08,88.20999908447266
1995-02-09,88.12000274658203
1995-02-10,87.76000213623047
1995-02-13,87.77999877929688
1995-02-14,87.33999633789062
1995-02-15,87.4000015258789
1995-02-16,86.61000061035156
1995-02-17,86.43000030517578
1995-02-20,86.43000030517578
1995-02-21,86.11000061035156
1995-02-22,85.94000244140625
1995-02-23,85.77999877929688
1995-02-24,85.83000183105469
1995-02-27,86.19999694824219
1995-02-28,85.93000030517578
1995-03-01,85.9800033569336
1995-03-02,85.05000305175781
1995-03-03,84.37000274658203
1995-03-06,83.48999786376953
1995-03-07,81.91000366210938
1995-03-08,83.25
1995-03-09,83.0199966430664
1995-03-10,84.2300033569336
1995-03-13,83.79000091552734
1995-03-14,84.05999755859375
1995-03-15,83.11000061035156
1995-03-16,83.4800033569336
1995-03-17,83.29000091552734
1995-03-20,83.75
1995-03-21,83.61000061035156
1995-03-22,83.43000030517578
1995-03-23,83.38999938964844
1995-03-24,83.87000274658203
1995-03-27,83.44999694824219
1995-03-28,82.7300033569336
1995-03-29,82.47000122070312
1995-03-30,83.61000061035156
1995-03-31,81.9000015258789
1995-04-03,81.87999725341797
1995-04-04,82.04000091552734
1995-04-05,81.63999938964844
1995-04-06,81.72000122070312
1995-04-07,81.44000244140625
1995-04-10,82.6500015258789
1995-04-11,82.4000015258789
1995-04-12,82.37000274658203
1995-04-13,81.73999786376953
1995-04-14,81.73999786376953
1995-04-17,80.83999633789062
1995-04-18,80.2699966430664
1995-04-19,81.22000122070312
1995-04-20,81.97000122070312
1995-04-21,81.37999725341797
1995-04-24,81.61000061035156
1995-04-25,80.95999908447266
1995-04-26,81.33000183105469
1995-04-27,81.4000015258789
1995-04-28,81.80000305175781
1995-05-01,81.75
1995-05-02,81.41000366210938
1995-05-03,81.27999877929688
1995-05-04,81.2699966430664
1995-05-05,81.30000305175781
1995-05-08,80.80000305175781
1995-05-09,81.31999969482422
1995-05-10,81.55000305175781
1995-05-11,83.43000030517578
1995-05-12,84.04000091552734
1995-05-15,83.70999908447266
1995-05-16,83.86000061035156
1995-05-17,84.16999816894531
1995-05-18,84.01000213623047
1995-05-19,84.23999786376953
1995-05-22,84.1500015258789
1995-05-23,84.43000030517578
1995-05-24,84.11000061035156
1995-05-25,82.20999908447266
1995-05-26,81.0999984741211
1995-05-29,81.0999984741211
1995-05-30,81.4800033569336
1995-05-31,82.56999969482422
1995-06-01,82.54000091552734
1995-06-02,82.52999877929688
1995-06-05,82.37999725341797
1995-06-06,82.55000305175781
1995-06-07,82.4000015258789
1995-06-08,82.30999755859375
1995-06-09,82.18000030517578
1995-06-12,82.29000091552734
1995-06-13,82.4800033569336
1995-06-14,82.01000213623047
1995-06-15,82.41000366210938
1995-06-16,82.12000274658203
1995-06-19,82.16999816894531
1995-06-20,81.80000305175781
1995-06-21,81.5
1995-06-22,82.04000091552734
1995-06-23,81.43000030517578
1995-06-26,81.70999908447266
1995-06-27,81.55999755859375
1995-06-28,82.30000305175781
1995-06-29,81.45999908447266
1995-06-30,81.58000183105469
1995-07-03,81.56999969482422
1995-07-04,81.45999908447266
1995-07-05,81.37999725341797
1995-07-06,81.33000183105469
1995-07-07,81.86000061035156
1995-07-10,81.88999938964844
1995-07-11,82.31999969482422
1995-07-12,82.29000091552734
1995-07-13,81.87000274658203
1995-07-14,81.91000366210938
1995-07-17,82.16000366210938
1995-07-18,81.87000274658203
1995-07-19,81.38999938964844
1995-07-20,81.66999816894531
1995-07-21,81.80000305175781
1995-07-24,81.63999938964844
1995-07-25,81.9000015258789
1995-07-26,81.58000183105469
1995-07-27,81.48999786376953
1995-07-28,81.41000366210938
1995-07-31,81.56999969482422
1995-08-01,81.16000366210938
1995-08-02,82.22000122070312
1995-08-03,81.88999938964844
1995-08-04,82.08000183105469
1995-08-07,82.55999755859375
1995-08-08,82.63999938964844
1995-08-09,82.63999938964844
1995-08-10,83.16000366210938
1995-08-11,84.08999633789062
1995-08-14,84.0199966430664
1995-08-15,85.91000366210938
1995-08-16,86.12000274658203
1995-08-17,85.81999969482422
1995-08-18,85.95999908447266
1995-08-21,85.9800033569336
1995-08-22,86.23999786376953
1995-08-23,86.06999969482422
1995-08-24,85.80000305175781
1995-08-25,85.70999908447266
1995-08-28,85.51000213623047
1995-08-29,86.05000305175781
1995-08-30,86.05000305175781
1995-08-31,85.56999969482422
1995-09-01,85.47000122070312
1995-09-04,85.56999969482422
1995-09-05,85.48999786376953
1995-09-06,86.08999633789062
1995-09-07,86.12000274658203
1995-09-08,86.01000213623047
1995-09-11,85.98999786376953
1995-09-12,86.0
1995-09-13,87.05000305175781
1995-09-14,86.79000091552734
1995-09-15,86.97000122070312
1995-09-18,86.61000061035156
1995-09-19,86.98999786376953
1995-09-20,85.95999908447266
1995-09-21,83.69999694824219
1995-09-22,84.2699966430664
1995-09-25,84.55000305175781
1995-09-26,84.69999694824219
1995-09-27,84.2300033569336
1995-09-28,84.05000305175781
1995-09-29,84.29000091552734
1995-10-02,84.29000091552734
1995-10-03,84.56999969482422
1995-10-04,84.51000213623047
1995-10-05,83.91000366210938
1995-10-06,84.27999877929688
1995-10-09,83.9800033569336
1995-10-10,84.16999816894531
1995-10-11,84.44000244140625
1995-10-12,84.05000305175781
1995-10-13,84.41999816894531
1995-10-16,84.16999816894531
1995-10-17,83.91999816894531
1995-10-18,84.33000183105469
1995-10-19,83.76000213623047
1995-10-20,83.51000213623047
1995-10-23,83.19999694824219
1995-10-24,83.37999725341797
1995-10-25,83.44000244140625
1995-10-26,83.27999877929688
1995-10-27,83.77999877929688
1995-10-30,83.83000183105469
1995-10-31,83.66000366210938
1995-11-01,84.02999877929688
1995-11-02,84.30000305175781
1995-11-03,84.12000274658203
1995-11-06,84.05000305175781
1995-11-07,84.11000061035156
1995-11-08,84.11000061035156
1995-11-09,83.4800033569336
1995-11-10,83.83999633789062
1995-11-13,84.16000366210938
1995-11-14,83.98999786376953
1995-11-15,83.62999725341797
1995-11-16,83.83000183105469
1995-11-17,83.7699966430664
1995-11-20,83.61000061035156
1995-11-21,83.68000030517578
1995-11-22,83.54000091552734
1995-11-23,83.6500015258789
1995-11-24,83.9800033569336
1995-11-27,84.54000091552734
1995-11-28,84.5
1995-11-29,84.79000091552734
1995-11-30,85.26000213623047
1995-12-01,85.16000366210938
1995-12-04,84.97000122070312
1995-12-05,84.62000274658203
1995-12-06,84.93000030517578
1995-12-07,85.25
1995-12-08,85.23999786376953
1995-12-11,85.20999908447266
1995-12-12,85.43000030517578
1995-12-13,85.47000122070312
1995-12-14,84.88999938964844
1995-12-15,85.12999725341797
1995-12-18,84.62999725341797
1995-12-19,85.05000305175781
1995-12-20,84.94999694824219
1995-12-21,84.77999877929688
1995-12-22,84.69999694824219
1995-12-25,84.69999694824219
1995-12-26,84.44000244140625
1995-12-27,84.58999633789062
1995-12-28,84.80000305175781
1995-12-29,84.76000213623047
1996-01-01,84.76000213623047
1996-01-02,84.69000244140625
1996-01-03,85.11000061035156
1996-01-04,85.22000122070312
1996-01-05,85.05999755859375
1996-01-08,85.04000091552734
1996-01-09,85.06999969482422
1996-01-10,84.91000366210938
1996-01-11,85.12999725341797
1996-01-12,85.05999755859375
1996-01-15,85.30999755859375
1996-01-16,85.98999786376953
1996-01-17,86.26000213623047
1996-01-18,86.44000244140625
1996-01-19,86.75
1996-01-22,86.7300033569336
1996-01-23,86.83000183105469
1996-01-24,87.19000244140625
1996-01-25,87.41999816894531
1996-01-26,87.63999938964844
1996-01-29,87.41000366210938
1996-01-30,87.58999633789062
1996-01-31,87.37999725341797
1996-02-01,87.18000030517578
1996-02-02,87.01000213623047
1996-02-05,86.2300033569336
1996-02-06,86.41000366210938
1996-02-07,86.6500015258789
1996-02-08,86.76000213623047
1996-02-09,86.87000274658203
1996-02-12,86.77999877929688
1996-02-13,86.7300033569336
1996-02-14,86.43000030517578
1996-02-15,86.44000244140625
1996-02-16,86.12000274658203
1996-02-19,85.51000213623047
1996-02-20,85.75
1996-02-21,85.66000366210938
1996-02-22,85.56999969482422
1996-02-23,85.44999694824219
1996-02-26,85.43000030517578
1996-02-27,85.41000366210938
1996-02-28,85.95999908447266
1996-02-29,86.29000091552734
1996-03-01,86.52999877929688
1996-03-04,86.44000244140625
1996-03-05,86.37999725341797
1996-03-06,86.47000122070312
1996-03-07,86.41000366210938
1996-03-08,86.9000015258789
1996-03-11,86.62000274658203
1996-03-12,86.33000183105469
1996-03-13,86.26000213623047
1996-03-14,86.33999633789062
1996-03-15,86.2699966430664
1996-03-18,86.30000305175781
1996-03-19,86.25
1996-03-20,86.19000244140625
1996-03-21,86.51000213623047
1996-03-22,86.47000122070312
1996-03-25,86.44999694824219
1996-03-26,86.55000305175781
1996-03-27,86.79000091552734
1996-03-28,86.31999969482422
1996-03-29,86.5199966430664
1996-04-01,86.70999908447266
1996-04-02,86.68000030517578
1996-04-03,86.5199966430664
1996-04-04,86.45999908447266
1996-04-05,86.45999908447266
1996-04-08,86.55000305175781
1996-04-09,87.30000305175781
1996-04-10,87.33000183105469
1996-04-11,87.44999694824219
1996-04-12,87.52999877929688
1996-04-15,87.9000015258789
1996-04-16,87.7699966430664
1996-04-17,87.66999816894531
1996-04-18,87.23999786376953
1996-04-19,87.4800033569336
1996-04-22,87.63999938964844
1996-04-23,87.69999694824219
1996-04-24,87.72000122070312
1996-04-25,88.2300033569336
1996-04-26,87.9000015258789
1996-04-29,87.81999969482422
1996-04-30,88.0199966430664
1996-05-01,88.33000183105469
1996-05-02,87.94999694824219
1996-05-03,87.8499984741211
1996-05-06,87.80999755859375
1996-05-07,87.80999755859375
1996-05-08,87.54000091552734
1996-05-09,87.55999755859375
1996-05-10,87.91999816894531
1996-05-13,88.02999877929688
1996-05-14,88.16999816894531
1996-05-15,88.25
1996-05-16,88.23999786376953
1996-05-17,88.23999786376953
1996-05-20,88.33999633789062
1996-05-21,88.69999694824219
1996-05-22,88.69999694824219
1996-05-23,88.62999725341797
1996-05-24,88.83000183105469
1996-05-27,88.83000183105469
1996-05-28,89.0
1996-05-29,88.33999633789062
1996-05-30,88.25
1996-05-31,87.77999877929688
1996-06-03,87.95999908447266
1996-06-04,88.05000305175781
1996-06-05,88.1500015258789
1996-06-06,88.1500015258789
1996-06-07,88.41999816894531
1996-06-10,88.4000015258789
1996-06-11,88.41000366210938
1996-06-12,88.37000274658203
1996-06-13,88.11000061035156
1996-06-14,88.13999938964844
1996-06-17,87.83999633789062
1996-06-18,87.36000061035156
1996-06-19,87.66000366210938
1996-06-20,87.81999969482422
1996-06-21,88.30000305175781
1996-06-24,88.08999633789062
1996-06-25,88.05000305175781
1996-06-26,87.91999816894531
1996-06-27,87.61000061035156
1996-06-28,87.81999969482422
1996-07-01,87.77999877929688
1996-07-02,87.93000030517578
1996-07-03,87.72000122070312
1996-07-04,87.75
1996-07-05,88.12000274658203
1996-07-08,88.08999633789062
1996-07-09,88.05999755859375
1996-07-10,88.05000305175781
1996-07-11,87.9000015258789
1996-07-12,88.06999969482422
1996-07-15,87.80999755859375
1996-07-16,86.43000030517578
1996-07-17,86.55999755859375
1996-07-18,86.7300033569336
1996-07-19,86.4800033569336
1996-07-22,86.30999755859375
1996-07-23,86.5
1996-07-24,86.61000061035156
1996-07-25,86.20999908447266
1996-07-26,86.45999908447266
1996-07-29,86.33000183105469
1996-07-30,86.22000122070312
1996-07-31,85.9000015258789
1996-08-01,86.0999984741211
1996-08-02,86.0999984741211
1996-08-05,86.26000213623047
1996-08-06,86.45999908447266
1996-08-07,86.58999633789062
1996-08-08,86.54000091552734
1996-08-09,86.4000015258789
1996-08-12,86.36000061035156
1996-08-13,86.25
1996-08-14,86.66000366210938
1996-08-15,86.5999984741211
1996-08-16,86.75
1996-08-19,86.66000366210938
1996-08-20,86.69999694824219
1996-08-21,86.51000213623047
1996-08-22,86.72000122070312
1996-08-23,86.20999908447266
1996-08-26,86.19999694824219
1996-08-27,86.20999908447266
1996-08-28,86.20999908447266
1996-08-29,86.22000122070312
1996-08-30,86.36000061035156
1996-09-02,86.4800033569336
1996-09-03,86.54000091552734
1996-09-04,86.41999816894531
1996-09-05,86.61000061035156
1996-09-06,86.8499984741211
1996-09-09,87.0
1996-09-10,87.56999969482422
1996-09-11,87.5999984741211
1996-09-12,87.72000122070312
1996-09-13,87.70999908447266
1996-09-16,87.51000213623047
1996-09-17,87.5999984741211
1996-09-18,87.3499984741211
1996-09-19,87.55000305175781
1996-09-20,87.56999969482422
1996-09-23,87.43000030517578
1996-09-24,87.30000305175781
1996-09-25,87.55999755859375
1996-09-26,87.81999969482422
1996-09-27,87.83999633789062
1996-09-30,87.94000244140625
1996-10-01,87.94000244140625
1996-10-02,88.16999816894531
1996-10-03,88.05999755859375
1996-10-04,88.12000274658203
1996-10-07,87.97000122070312
1996-10-08,87.88999938964844
1996-10-09,87.97000122070312
1996-10-10,87.87000274658203
1996-10-11,87.94999694824219
1996-10-14,87.87000274658203
1996-10-15,88.30999755859375
1996-10-16,88.3499984741211
1996-10-17,88.47000122070312
1996-10-18,88.38999938964844
1996-10-21,88.12999725341797
1996-10-22,87.6500015258789
1996-10-23,87.66999816894531
1996-10-24,87.66999816894531
1996-10-25,87.62999725341797
1996-10-28,87.62000274658203
1996-10-29,87.33999633789062
1996-10-30,87.11000061035156
1996-10-31,87.43000030517578
1996-11-01,87.18000030517578
1996-11-04,87.06999969482422
1996-11-05,87.33999633789062
1996-11-06,87.30999755859375
1996-11-07,86.94999694824219
1996-11-08,86.62999725341797
1996-11-11,86.29000091552734
1996-11-12,86.80999755859375
1996-11-13,86.62999725341797
1996-11-14,86.68000030517578
1996-11-15,86.69999694824219
1996-11-18,86.45999908447266
1996-11-19,86.54000091552734
1996-11-20,86.18000030517578
1996-11-21,86.13999938964844
1996-11-22,86.55999755859375
1996-11-25,87.26000213623047
1996-11-26,87.3499984741211
1996-11-27,87.51000213623047
1996-11-28,87.62000274658203
1996-11-29,87.91999816894531
1996-12-02,88.5999984741211
1996-12-03,88.69000244140625
1996-12-04,88.80999755859375
1996-12-05,88.52999877929688
1996-12-06,88.4800033569336
1996-12-09,88.77999877929688
1996-12-10,88.66999816894531
1996-12-11,88.11000061035156
1996-12-12,88.25
1996-12-13,88.72000122070312
1996-12-16,88.47000122070312
1996-12-17,88.4800033569336
1996-12-18,88.5999984741211
1996-12-19,88.83000183105469
1996-12-20,88.66999816894531
1996-12-23,88.69999694824219
1996-12-24,88.80999755859375
1996-12-25,88.80999755859375
1996-12-26,88.77999877929688
1996-12-27,88.76000213623047
1996-12-30,88.86000061035156
1996-12-31,88.18000030517578
1997-01-01,88.18000030517578
1997-01-02,88.36000061035156
1997-01-03,89.30000305175781
1997-01-06,89.11000061035156
1997-01-07,89.0199966430664
1997-01-08,89.45999908447266
1997-01-09,89.5
1997-01-10,89.77999877929688
1997-01-13,89.94999694824219
1997-01-14,90.31999969482422
1997-01-15,89.91000366210938
1997-01-16,90.0999984741211
1997-01-17,90.86000061035156
1997-01-20,91.55000305175781
1997-01-21,91.62000274658203
1997-01-22,92.47000122070312
1997-01-23,92.55999755859375
1997-01-24,92.12000274658203
1997-01-27,92.7699966430664
1997-01-28,93.16000366210938
1997-01-29,93.0199966430664
1997-01-30,92.83000183105469
1997-01-31,93.04000091552734
1997-02-03,93.08999633789062
1997-02-04,93.23999786376953
1997-02-05,93.31999969482422
1997-02-06,93.47000122070312
1997-02-07,93.68000030517578
1997-02-10,93.5199966430664
1997-02-11,94.25
1997-02-12,94.70999908447266
1997-02-13,94.80000305175781
1997-02-14,94.91000366210938
1997-02-17,95.23999786376953
1997-02-18,95.08999633789062
1997-02-19,95.52999877929688
1997-02-20,94.91000366210938
1997-02-21,95.04000091552734
1997-02-24,94.29000091552734
1997-02-25,94.26000213623047
1997-02-26,94.94000244140625
1997-02-27,94.87000274658203
1997-02-28,94.88999938964844
1997-03-03,95.38999938964844
1997-03-04,96.08000183105469
1997-03-05,95.91999816894531
1997-03-06,95.9000015258789
1997-03-07,96.12000274658203
1997-03-10,95.58000183105469
1997-03-11,95.66999816894531
1997-03-12,95.41999816894531
1997-03-13,96.0199966430664
1997-03-14,95.58000183105469
1997-03-17,95.68000030517578
1997-03-18,94.9800033569336
1997-03-19,95.19999694824219
1997-03-20,95.69999694824219
1997-03-21,95.27999877929688
1997-03-24,95.25
1997-03-25,95.4800033569336
1997-03-26,95.33000183105469
1997-03-27,94.69000244140625
1997-03-28,94.69000244140625
1997-03-31,94.72000122070312
1997-04-01,94.08999633789062
1997-04-02,94.75
1997-04-03,94.30000305175781
1997-04-04,95.12000274658203
1997-04-07,96.1500015258789
1997-04-08,96.3499984741211
1997-04-09,96.91999816894531
1997-04-10,96.54000091552734
1997-04-11,96.56999969482422
1997-04-14,96.94000244140625
1997-04-15,96.72000122070312
1997-04-16,96.8499984741211
1997-04-17,96.69999694824219
1997-04-18,96.29000091552734
1997-04-21,95.80000305175781
1997-04-22,96.5199966430664
1997-04-23,96.44000244140625
1997-04-24,96.5
1997-04-25,97.04000091552734
1997-04-28,97.30999755859375
1997-04-29,96.91000366210938
1997-04-30,97.18000030517578
1997-05-01,96.80999755859375
1997-05-02,97.04000091552734
1997-05-05,97.16000366210938
1997-05-06,96.51000213623047
1997-05-07,96.51000213623047
1997-05-08,95.94000244140625
1997-05-09,94.9000015258789
1997-05-12,95.45999908447266
1997-05-13,94.87999725341797
1997-05-14,94.5
1997-05-15,94.37999725341797
1997-05-16,94.26000213623047
1997-05-19,94.68000030517578
1997-05-20,93.26000213623047
1997-05-21,94.01000213623047
1997-05-22,94.36000061035156
1997-05-23,94.23999786376953
1997-05-26,94.23999786376953
1997-05-27,94.97000122070312
1997-05-28,94.55999755859375
1997-05-29,94.6500015258789
1997-05-30,94.8499984741211
1997-06-02,95.7300033569336
1997-06-03,95.5199966430664
1997-06-04,95.7300033569336
1997-06-05,95.58000183105469
1997-06-06,95.5199966430664
1997-06-09,94.69999694824219
1997-06-10,94.9800033569336
1997-06-11,94.69999694824219
1997-06-12,95.4800033569336
1997-06-13,95.79000091552734
1997-06-16,95.43000030517578
1997-06-17,95.41000366210938
1997-06-18,95.51000213623047
1997-06-19,95.06999969482422
1997-06-20,95.30000305175781
1997-06-23,94.88999938964844
1997-06-24,95.18000030517578
1997-06-25,95.0199966430664
1997-06-26,94.94000244140625
1997-06-27,95.55000305175781
1997-06-30,95.66999816894531
1997-07-01,95.8499984741211
1997-07-02,95.86000061035156
1997-07-03,95.56999969482422
1997-07-04,95.73999786376953
1997-07-07,95.48999786376953
1997-07-08,95.83999633789062
1997-07-09,95.8499984741211
1997-07-10,95.58000183105469
1997-07-11,96.31999969482422
1997-07-14,97.1500015258789
1997-07-15,97.26000213623047
1997-07-16,97.2300033569336
1997-07-17,97.47000122070312
1997-07-18,97.3499984741211
1997-07-21,97.44999694824219
1997-07-22,98.19000244140625
1997-07-23,98.4000015258789
1997-07-24,98.87000274658203
1997-07-25,99.12999725341797
1997-07-28,99.66000366210938
1997-07-29,99.62000274658203
1997-07-30,99.55999755859375
1997-07-31,99.63999938964844
1997-08-01,100.41999816894531
1997-08-04,100.61000061035156
1997-08-05,101.16999816894531
1997-08-06,101.38999938964844
1997-08-07,101.02999877929688
1997-08-08,99.80000305175781
1997-08-11,100.41000366210938
1997-08-12,100.76000213623047
1997-08-13,99.66999816894531
1997-08-14,100.05000305175781
1997-08-15,99.33999633789062
1997-08-18,99.38999938964844
1997-08-19,99.88999938964844
1997-08-20,100.47000122070312
1997-08-21,99.81999969482422
1997-08-22,99.05999755859375
1997-08-25,99.26000213623047
1997-08-26,98.36000061035156
1997-08-27,98.5999984741211
1997-08-28,98.36000061035156
1997-08-29,99.0
1997-09-01,99.0
1997-09-02,100.06999969482422
1997-09-03,99.5999984741211
1997-09-04,99.47000122070312
1997-09-05,98.77999877929688
1997-09-08,99.06999969482422
1997-09-09,99.05000305175781
1997-09-10,98.70999908447266
1997-09-11,97.98999786376953
1997-09-12,97.7300033569336
1997-09-15,97.27999877929688
1997-09-16,97.68000030517578
1997-09-17,97.69999694824219
1997-09-18,97.98999786376953
1997-09-19,97.87000274658203
1997-09-22,98.43000030517578
1997-09-23,98.38999938964844
1997-09-24,97.48999786376953
1997-09-25,97.04000091552734
1997-09-26,97.25
1997-09-29,97.26000213623047
1997-09-30,97.11000061035156
1997-10-01,97.5999984741211
1997-10-02,97.63999938964844
1997-10-03,97.1500015258789
1997-10-06,97.12000274658203
1997-10-07,97.12999725341797
1997-10-08,96.69000244140625
1997-10-09,96.61000061035156
1997-10-10,96.66000366210938
1997-10-13,96.7699966430664
1997-10-14,96.94999694824219
1997-10-15,96.83000183105469
1997-10-16,96.48999786376953
1997-10-17,97.5199966430664
1997-10-20,97.48999786376953
1997-10-21,98.0999984741211
1997-10-22,97.9800033569336
1997-10-23,97.44000244140625
1997-10-24,97.7300033569336
1997-10-27,97.01000213623047
1997-10-28,96.05000305175781
1997-10-29,95.7699966430664
1997-10-30,95.45999908447266
1997-10-31,95.63999938964844
1997-11-03,96.06999969482422
1997-11-04,95.54000091552734
1997-11-05,95.51000213623047
1997-11-06,95.66999816894531
1997-11-07,95.16999816894531
1997-11-10,95.19999694824219
1997-11-11,95.29000091552734
1997-11-12,95.76000213623047
1997-11-13,96.0
1997-11-14,96.0999984741211
1997-11-17,96.19000244140625
1997-11-18,96.19000244140625
1997-11-19,96.38999938964844
1997-11-20,96.72000122070312
1997-11-21,96.56999969482422
1997-11-24,96.68000030517578
1997-11-25,97.2300033569336
1997-11-26,97.63999938964844
1997-11-27,97.80999755859375
1997-11-28,97.79000091552734
1997-12-01,98.4000015258789
1997-12-02,98.31999969482422
1997-12-03,98.0999984741211
1997-12-04,98.3499984741211
1997-12-05,98.87999725341797
1997-12-08,99.23999786376953
1997-12-09,99.16000366210938
1997-12-10,98.9800033569336
1997-12-11,98.18000030517578
1997-12-12,98.7300033569336
1997-12-15,98.76000213623047
1997-12-16,99.05999755859375
1997-12-17,98.27999877929688
1997-12-18,98.47000122070312
1997-12-19,98.44000244140625
1997-12-22,98.83000183105469
1997-12-23,98.56999969482422
1997-12-24,98.51000213623047
1997-12-25,98.51000213623047
1997-12-26,98.54000091552734
1997-12-29,99.0999984741211
1997-12-30,99.27999877929688
1997-12-31,99.6500015258789
1998-01-01,99.6500015258789
1998-01-02,100.0999984741211
1998-01-05,101.05999755859375
1998-01-06,101.4000015258789
1998-01-07,100.63999938964844
1998-01-08,101.0199966430664
1998-01-09,100.93000030517578
1998-01-12,100.93000030517578
1998-01-13,100.70999908447266
1998-01-14,100.73999786376953
1998-01-15,100.9800033569336
1998-01-16,100.91999816894531
1998-01-19,100.91999816894531
1998-01-20,101.19999694824219
1998-01-21,100.23999786376953
1998-01-22,99.76000213623047
1998-01-23,98.44000244140625
1998-01-26,99.16000366210938
1998-01-27,99.06999969482422
1998-01-28,99.81999969482422
1998-01-29,100.58000183105469
1998-01-30,100.79000091552734
1998-02-02,100.2699966430664
1998-02-03,99.86000061035156
1998-02-04,99.13999938964844
1998-02-05,98.55000305175781
1998-02-06,99.51000213623047
1998-02-09,99.93000030517578
1998-02-10,99.56999969482422
1998-02-11,99.83999633789062
1998-02-12,99.62000274658203
1998-02-13,100.12000274658203
1998-02-16,100.16000366210938
1998-02-17,100.51000213623047
1998-02-18,100.16999816894531
1998-02-19,100.0
1998-02-20,100.31999969482422
1998-02-23,99.31999969482422
1998-02-24,99.3499984741211
1998-02-25,100.30999755859375
1998-02-26,99.94000244140625
1998-02-27,99.81999969482422
1998-03-02,99.58000183105469
1998-03-03,99.55000305175781
1998-03-04,99.97000122070312
1998-03-05,100.83000183105469
1998-03-06,100.72000122070312
1998-03-09,100.43000030517578
1998-03-10,100.4000015258789
1998-03-11,100.58000183105469
1998-03-12,100.38999938964844
1998-03-13,99.87000274658203
1998-03-16,100.04000091552734
1998-03-17,100.05000305175781
1998-03-18,100.37999725341797
1998-03-19,100.7699966430664
1998-03-20,100.56999969482422
1998-03-23,100.3499984741211
1998-03-24,100.4000015258789
1998-03-25,100.19999694824219
1998-03-26,99.7699966430664
1998-03-27,100.30999755859375
1998-03-30,101.33999633789062
1998-03-31,101.5
1998-04-01,101.70999908447266
1998-04-02,101.83999633789062
1998-04-03,101.80000305175781
1998-04-06,101.5
1998-04-07,101.22000122070312
1998-04-08,100.0999984741211
1998-04-09,100.3499984741211
1998-04-10,100.3499984741211
1998-04-13,100.44000244140625
1998-04-14,99.51000213623047
1998-04-15,99.58999633789062
1998-04-16,99.80999755859375
1998-04-17,99.91999816894531
1998-04-20,99.73999786376953
1998-04-21,99.22000122070312
1998-04-22,99.27999877929688
1998-04-23,99.55999755859375
1998-04-24,99.37999725341797
1998-04-27,99.33999633789062
1998-04-28,99.62000274658203
1998-04-29,99.7300033569336
1998-04-30,99.70999908447266
1998-05-01,99.22000122070312
1998-05-04,99.23999786376953
1998-05-05,98.63999938964844
1998-05-06,98.80000305175781
1998-05-07,98.88999938964844
1998-05-08,99.05000305175781
1998-05-11,99.30999755859375
1998-05-12,99.38999938964844
1998-05-13,99.58999633789062
1998-05-14,99.5999984741211
1998-05-15,99.91999816894531
1998-05-18,100.16999816894531
1998-05-19,100.11000061035156
1998-05-20,99.5
1998-05-21,98.88999938964844
1998-05-22,99.08000183105469
1998-05-25,99.08000183105469
1998-05-26,99.7300033569336
1998-05-27,100.1500015258789
1998-05-28,100.25
1998-05-29,100.44999694824219
1998-06-01,100.19000244140625
1998-06-02,100.13999938964844
1998-06-03,99.80000305175781
1998-06-04,99.55000305175781
1998-06-05,100.13999938964844
1998-06-08,100.4000015258789
1998-06-09,100.38999938964844
1998-06-10,101.19999694824219
1998-06-11,101.94000244140625
1998-06-12,101.88999938964844
1998-06-15,102.23999786376953
1998-06-16,101.31999969482422
1998-06-17,100.04000091552734
1998-06-18,100.52999877929688
1998-06-19,100.12000274658203
1998-06-22,100.51000213623047
1998-06-23,100.87000274658203
1998-06-24,101.12000274658203
1998-06-25,101.12000274658203
1998-06-26,101.58999633789062
1998-06-29,101.63999938964844
1998-06-30,101.16999816894531
1998-07-01,101.45999908447266
1998-07-02,101.9800033569336
1998-07-03,101.9800033569336
1998-07-06,101.75
1998-07-07,101.66999816894531
1998-07-08,101.81999969482422
1998-07-09,102.45999908447266
1998-07-10,102.08999633789062
1998-07-13,101.51000213623047
1998-07-14,101.4800033569336
1998-07-15,101.37000274658203
1998-07-16,100.81999969482422
1998-07-17,100.58000183105469
1998-07-20,100.47000122070312
1998-07-21,100.94000244140625
1998-07-22,101.0999984741211
1998-07-23,100.97000122070312
1998-07-24,100.69999694824219
1998-07-27,101.0199966430664
1998-07-28,100.36000061035156
1998-07-29,100.55999755859375
1998-07-30,101.11000061035156
1998-07-31,101.19999694824219
1998-08-03,101.6500015258789
1998-08-04,101.12999725341797
1998-08-05,100.83999633789062
1998-08-06,101.0999984741211
1998-08-07,101.48999786376953
1998-08-10,101.37999725341797
1998-08-11,101.68000030517578
1998-08-12,101.79000091552734
1998-08-13,101.6500015258789
1998-08-14,102.43000030517578
1998-08-17,102.16999816894531
1998-08-18,102.4000015258789
1998-08-19,102.12000274658203
1998-08-20,102.0
1998-08-21,102.18000030517578
1998-08-24,102.02999877929688
1998-08-25,102.2300033569336
1998-08-26,102.56999969482422
1998-08-27,101.93000030517578
1998-08-28,100.12999725341797
1998-08-31,100.19999694824219
1998-09-01,99.19000244140625
1998-09-02,99.4000015258789
1998-09-03,98.37999725341797
1998-09-04,98.19999694824219
1998-09-07,98.19999694824219
1998-09-08,98.05000305175781
1998-09-09,98.23999786376953
1998-09-10,96.63999938964844
1998-09-11,96.5
1998-09-14,96.80000305175781
1998-09-15,96.51000213623047
1998-09-16,96.76000213623047
1998-09-17,96.47000122070312
1998-09-18,96.63999938964844
1998-09-21,96.7699966430664
1998-09-22,96.62999725341797
1998-09-23,96.44000244140625
1998-09-24,96.19999694824219
1998-09-25,96.37999725341797
1998-09-28,96.12000274658203
1998-09-29,95.81999969482422
1998-09-30,96.16999816894531
1998-10-01,95.36000061035156
1998-10-02,95.37000274658203
1998-10-05,94.9800033569336
1998-10-06,94.52999877929688
1998-10-07,92.37000274658203
1998-10-08,93.11000061035156
1998-10-09,93.0999984741211
1998-10-12,93.79000091552734
1998-10-13,93.13999938964844
1998-10-14,93.4000015258789
1998-10-15,92.98999786376953
1998-10-16,92.22000122070312
1998-10-19,92.56999969482422
1998-10-20,93.0199966430664
1998-10-21,93.48999786376953
1998-10-22,93.20999908447266
1998-10-23,93.16999816894531
1998-10-26,94.38999938964844
1998-10-27,93.87999725341797
1998-10-28,93.91999816894531
1998-10-29,93.80000305175781
1998-10-30,93.7300033569336
1998-11-02,93.55999755859375
1998-11-03,93.91000366210938
1998-11-04,94.12999725341797
1998-11-05,94.0199966430664
1998-11-06,94.81999969482422
1998-11-09,95.61000061035156
1998-11-10,95.69999694824219
1998-11-11,95.3499984741211
1998-11-12,95.68000030517578
1998-11-13,95.73999786376953
1998-11-16,94.80999755859375
1998-11-17,94.97000122070312
1998-11-18,95.27999877929688
1998-11-19,95.54000091552734
1998-11-20,95.80999755859375
1998-11-23,96.31999969482422
1998-11-24,96.4000015258789
1998-11-25,96.36000061035156
1998-11-26,96.41999816894531
1998-11-27,96.83000183105469
1998-11-30,96.19999694824219
1998-12-01,95.58999633789062
1998-12-02,94.81999969482422
1998-12-03,94.70999908447266
1998-12-04,94.91000366210938
1998-12-07,95.23999786376953
1998-12-08,94.80000305175781
1998-12-09,94.6500015258789
1998-12-10,93.9000015258789
1998-12-11,93.4800033569336
1998-12-14,93.38999938964844
1998-12-15,93.80999755859375
1998-12-16,94.45999908447266
1998-12-17,94.30999755859375
1998-12-18,94.04000091552734
1998-12-21,94.44000244140625
1998-12-22,94.5
1998-12-23,94.5199966430664
1998-12-24,94.88999938964844
1998-12-25,94.88999938964844
1998-12-28,94.66000366210938
1998-12-29,94.4000015258789
1998-12-30,94.69000244140625
1998-12-31,94.16999816894531
1999-01-01,94.16999816894531
1999-01-04,93.44000244140625
1999-01-05,93.47000122070312
1999-01-06,94.52999877929688
1999-01-07,93.72000122070312
1999-01-08,94.3499984741211
1999-01-11,94.66000366210938
1999-01-12,94.79000091552734
1999-01-13,94.25
1999-01-14,94.02999877929688
1999-01-15,94.72000122070312
1999-01-18,94.72000122070312
1999-01-19,94.5199966430664
1999-01-20,94.72000122070312
1999-01-21,94.5
1999-01-22,94.66000366210938
1999-01-25,94.7300033569336
1999-01-26,94.72000122070312
1999-01-27,95.68000030517578
1999-01-28,95.79000091552734
1999-01-29,96.08000183105469
1999-02-01,96.2300033569336
1999-02-02,95.70999908447266
1999-02-03,96.02999877929688
1999-02-04,95.68000030517578
1999-02-05,96.22000122070312
1999-02-08,96.01000213623047
1999-02-09,96.27999877929688
1999-02-10,95.95999908447266
1999-02-11,96.68000030517578
1999-02-12,96.30999755859375
1999-02-15,96.69999694824219
1999-02-16,97.20999908447266
1999-02-17,97.05999755859375
1999-02-18,97.31999969482422
1999-02-19,98.2699966430664
1999-02-22,98.5199966430664
1999-02-23,98.8499984741211
1999-02-24,99.11000061035156
1999-02-25,98.56999969482422
1999-02-26,98.68000030517578
1999-03-01,99.55999755859375
1999-03-02,99.37000274658203
1999-03-03,99.76000213623047
1999-03-04,100.33999633789062
1999-03-05,100.23999786376953
1999-03-08,99.69000244140625
1999-03-09,99.55999755859375
1999-03-10,99.01000213623047
1999-03-11,98.45999908447266
1999-03-12,99.1500015258789
1999-03-15,98.88999938964844
1999-03-16,98.5999984741211
1999-03-17,98.5
1999-03-18,98.56999969482422
1999-03-19,99.05000305175781
1999-03-22,98.91999816894531
1999-03-23,98.91999816894531
1999-03-24,99.05999755859375
1999-03-25,99.4800033569336
1999-03-26,100.19000244140625
1999-03-29,100.36000061035156
1999-03-30,100.54000091552734
1999-03-31,100.0999984741211
1999-04-01,100.08999633789062
1999-04-05,100.73999786376953
1999-04-06,99.91000366210938
1999-04-07,100.3499984741211
1999-04-08,100.44000244140625
1999-04-09,100.08000183105469
1999-04-12,99.80000305175781
1999-04-13,100.05999755859375
1999-04-14,99.81999969482422
1999-04-15,100.33999633789062
1999-04-16,100.08000183105469
1999-04-19,100.56999969482422
1999-04-20,100.80999755859375
1999-04-21,100.9800033569336
1999-04-22,100.91000366210938
1999-04-23,100.87000274658203
1999-04-26,101.0199966430664
1999-04-27,100.62999725341797
1999-04-28,100.79000091552734
1999-04-29,100.94000244140625
1999-04-30,101.0
1999-05-03,101.11000061035156
1999-05-04,100.68000030517578
1999-05-05,99.91000366210938
1999-05-06,99.44999694824219
1999-05-07,99.98999786376953
1999-05-10,99.7300033569336
1999-05-11,100.23999786376953
1999-05-12,100.69999694824219
1999-05-13,100.69999694824219
1999-05-14,100.93000030517578
1999-05-17,100.86000061035156
1999-05-18,100.72000122070312
1999-05-19,101.08999633789062
1999-05-20,101.33999633789062
1999-05-21,101.63999938964844
1999-05-24,101.4000015258789
1999-05-25,101.37999725341797
1999-05-26,102.23999786376953
1999-05-27,102.08000183105469
1999-05-28,102.51000213623047
1999-06-01,102.06999969482422
1999-06-02,102.79000091552734
1999-06-03,102.9800033569336
1999-06-04,102.6500015258789
1999-06-07,103.11000061035156
1999-06-08,101.76000213623047
1999-06-09,101.76000213623047
1999-06-10,101.58000183105469
1999-06-11,101.0
1999-06-14,102.11000061035156
1999-06-15,102.20999908447266
1999-06-16,102.8499984741211
1999-06-17,102.5199966430664
1999-06-18,102.37000274658203
1999-06-21,102.9000015258789
1999-06-22,103.0
1999-06-23,103.04000091552734
1999-06-24,102.51000213623047
1999-06-25,102.27999877929688
1999-06-28,102.8499984741211
1999-06-29,103.05000305175781
1999-06-30,102.8499984741211
1999-07-01,103.66000366210938
1999-07-02,103.48999786376953
1999-07-05,103.91999816894531
1999-07-06,103.8499984741211
1999-07-07,103.93000030517578
1999-07-08,104.12000274658203
1999-07-09,104.44000244140625
1999-07-12,104.5
1999-07-13,104.31999969482422
1999-07-14,103.93000030517578
1999-07-15,104.0
1999-07-16,104.08000183105469
1999-07-19,102.91999816894531
1999-07-20,102.41000366210938
1999-07-21,101.62999725341797
1999-07-22,101.48999786376953
1999-07-23,101.55000305175781
1999-07-26,100.56999969482422
1999-07-27,100.79000091552734
1999-07-28,100.41000366210938
1999-07-29,99.77999877929688
1999-07-30,99.75
1999-08-02,99.83999633789062
1999-08-03,99.91000366210938
1999-08-04,99.2699966430664
1999-08-05,99.41999816894531
1999-08-06,99.58999633789062
1999-08-09,99.9800033569336
1999-08-10,99.80999755859375
1999-08-11,100.18000030517578
1999-08-12,100.08999633789062
1999-08-13,100.58999633789062
1999-08-16,100.62999725341797
1999-08-17,100.83999633789062
1999-08-18,100.56999969482422
1999-08-19,99.80000305175781
1999-08-20,99.5999984741211
1999-08-23,100.73999786376953
1999-08-24,100.48999786376953
1999-08-25,101.30999755859375
1999-08-26,101.20999908447266
1999-08-27,101.08000183105469
1999-08-30,100.94000244140625
1999-08-31,99.94999694824219
1999-09-01,99.79000091552734
1999-09-02,99.25
1999-09-03,99.77999877929688
1999-09-06,99.9000015258789
1999-09-07,100.0
1999-09-08,99.87999725341797
1999-09-09,99.62999725341797
1999-09-10,101.0199966430664
1999-09-13,100.37999725341797
1999-09-14,100.7300033569336
1999-09-15,100.19999694824219
1999-09-16,100.31999969482422
1999-09-17,100.36000061035156
1999-09-20,100.51000213623047
1999-09-21,99.5999984741211
1999-09-22,99.75
1999-09-23,99.72000122070312
1999-09-24,99.63999938964844
1999-09-27,99.69000244140625
1999-09-28,99.18000030517578
1999-09-29,98.80000305175781
1999-09-30,98.54000091552734
1999-10-01,97.97000122070312
1999-10-04,98.04000091552734
1999-10-05,97.9800033569336
1999-10-06,98.4800033569336
1999-10-07,98.37999725341797
1999-10-08,99.0199966430664
1999-10-11,98.7699966430664
1999-10-12,97.94999694824219
1999-10-13,97.88999938964844
1999-10-14,97.91999816894531
1999-10-15,97.04000091552734
1999-10-18,97.41999816894531
1999-10-19,97.37999725341797
1999-10-20,98.12999725341797
1999-10-21,97.4800033569336
1999-10-22,98.4800033569336
1999-10-25,98.33999633789062
1999-10-26,98.81999969482422
1999-10-27,99.30000305175781
1999-10-28,99.37000274658203
1999-10-29,99.05999755859375
1999-11-01,99.30999755859375
1999-11-02,99.18000030517578
1999-11-03,99.55000305175781
1999-11-04,100.43000030517578
1999-11-05,100.27999877929688
1999-11-08,100.3499984741211
1999-11-09,100.2699966430664
1999-11-10,99.79000091552734
1999-11-11,100.13999938964844
1999-11-12,100.75
1999-11-15,100.69000244140625
1999-11-16,100.79000091552734
1999-11-17,100.19999694824219
1999-11-18,101.0
1999-11-19,100.88999938964844
1999-11-22,100.66000366210938
1999-11-23,100.83000183105469
1999-11-24,101.72000122070312
1999-11-25,101.52999877929688
1999-11-26,101.36000061035156
1999-11-29,101.86000061035156
1999-11-30,101.98999786376953
1999-12-01,102.08999633789062
1999-12-02,102.5199966430664
1999-12-03,102.51000213623047
1999-12-06,101.12999725341797
1999-12-07,100.81999969482422
1999-12-08,100.70999908447266
1999-12-09,101.0199966430664
1999-12-10,101.66000366210938
1999-12-13,101.66999816894531
1999-12-14,102.3499984741211
1999-12-15,102.4000015258789
1999-12-16,101.5999984741211
1999-12-17,102.18000030517578
1999-12-20,101.8499984741211
1999-12-21,101.93000030517578
1999-12-22,101.87000274658203
1999-12-23,101.44000244140625
1999-12-24,101.58000183105469
1999-12-27,101.48999786376953
1999-12-28,101.94000244140625
1999-12-29,101.9800033569336
1999-12-30,101.81999969482422
1999-12-31,101.87000274658203
2000-01-03,100.22000122070312
2000-01-04,100.41000366210938
2000-01-05,100.37999725341797
2000-01-06,100.6500015258789
2000-01-07,100.80000305175781
2000-01-10,100.98999786376953
2000-01-11,100.55999755859375
2000-01-12,100.62000274658203
2000-01-13,101.0
2000-01-14,101.72000122070312
2000-01-17,102.05000305175781
2000-01-18,101.86000061035156
2000-01-19,101.76000213623047
2000-01-20,101.36000061035156
2000-01-21,101.76000213623047
2000-01-24,102.19999694824219
2000-01-25,102.41000366210938
2000-01-26,102.44000244140625
2000-01-27,103.16999816894531
2000-01-28,104.4800033569336
2000-01-31,105.12999725341797
2000-02-01,104.91999816894531
2000-02-02,104.79000091552734
2000-02-03,103.80000305175781
2000-02-04,104.29000091552734
2000-02-07,104.63999938964844
2000-02-08,104.22000122070312
2000-02-09,103.68000030517578
2000-02-10,104.12999725341797
2000-02-11,104.19000244140625
2000-02-14,104.72000122070312
2000-02-15,104.69000244140625
2000-02-16,104.27999877929688
2000-02-17,104.2699966430664
2000-02-18,104.62999725341797
2000-02-21,104.58000183105469
2000-02-22,103.27999877929688
2000-02-23,103.52999877929688
2000-02-24,104.01000213623047
2000-02-25,105.26000213623047
2000-02-28,105.2699966430664
2000-02-29,105.91999816894531
2000-03-01,104.88999938964844
2000-03-02,105.6500015258789
2000-03-03,106.0
2000-03-06,106.16000366210938
2000-03-07,106.08999633789062
2000-03-08,105.93000030517578
2000-03-09,105.37000274658203
2000-03-10,105.70999908447266
2000-03-13,105.5
2000-03-14,105.30000305175781
2000-03-15,105.37999725341797
2000-03-16,105.18000030517578
2000-03-17,105.19999694824219
2000-03-20,105.1500015258789
2000-03-21,105.80999755859375
2000-03-22,106.04000091552734
2000-03-23,105.2300033569336
2000-03-24,104.7699966430664
2000-03-27,105.44999694824219
2000-03-28,105.52999877929688
2000-03-29,106.25
2000-03-30,105.47000122070312
2000-03-31,105.44000244140625
2000-04-03,105.54000091552734
2000-04-04,105.16999816894531
2000-04-05,105.29000091552734
2000-04-06,105.5199966430664
2000-04-07,105.97000122070312
2000-04-10,105.68000030517578
2000-04-11,105.94000244140625
2000-04-12,105.95999908447266
2000-04-13,106.13999938964844
2000-04-14,105.75
2000-04-17,106.12999725341797
2000-04-18,106.62999725341797
2000-04-19,107.12999725341797
2000-04-20,107.44999694824219
2000-04-24,107.27999877929688
2000-04-25,108.69000244140625
2000-04-26,108.55000305175781
2000-04-27,109.56999969482422
2000-04-28,110.13999938964844
2000-05-01,109.62999725341797
2000-05-02,110.26000213623047
2000-05-03,111.26000213623047
2000-05-04,111.80000305175781
2000-05-05,111.30999755859375
2000-05-08,111.44999694824219
2000-05-09,110.75
2000-05-10,110.80000305175781
2000-05-11,111.5199966430664
2000-05-12,109.9000015258789
2000-05-15,110.55999755859375
2000-05-16,111.30999755859375
2000-05-17,112.0999984741211
2000-05-18,112.20999908447266
2000-05-19,111.47000122070312
2000-05-22,111.05999755859375
2000-05-23,111.13999938964844
2000-05-24,111.22000122070312
2000-05-25,110.75
2000-05-26,109.12000274658203
2000-05-30,108.93000030517578
2000-05-31,108.73999786376953
2000-06-01,109.05000305175781
2000-06-02,108.12000274658203
2000-06-05,107.45999908447266
2000-06-06,106.58999633789062
2000-06-07,106.18000030517578
2000-06-08,106.70999908447266
2000-06-09,106.98999786376953
2000-06-12,106.97000122070312
2000-06-13,106.4000015258789
2000-06-14,106.45999908447266
2000-06-15,106.87999725341797
2000-06-16,105.95999908447266
2000-06-19,106.33000183105469
2000-06-20,106.33000183105469
2000-06-21,107.43000030517578
2000-06-22,107.70999908447266
2000-06-23,108.01000213623047
2000-06-26,108.11000061035156
2000-06-27,107.36000061035156
2000-06-28,107.5999984741211
2000-06-29,106.83999633789062
2000-06-30,106.83999633789062
2000-07-03,107.05999755859375
2000-07-04,107.29000091552734
2000-07-05,107.12000274658203
2000-07-06,107.37000274658203
2000-07-07,107.6500015258789
2000-07-10,107.01000213623047
2000-07-11,107.13999938964844
2000-07-12,108.12000274658203
2000-07-13,108.54000091552734
2000-07-14,108.44999694824219
2000-07-17,108.69999694824219
2000-07-18,109.37999725341797
2000-07-19,109.58999633789062
2000-07-20,108.61000061035156
2000-07-21,108.41999816894531
2000-07-24,108.69000244140625
2000-07-25,108.37999725341797
2000-07-26,108.11000061035156
2000-07-27,108.88999938964844
2000-07-28,109.73999786376953
2000-07-31,109.56999969482422
2000-08-01,110.05000305175781
2000-08-02,110.66999816894531
2000-08-03,110.9800033569336
2000-08-04,110.8499984741211
2000-08-07,110.80000305175781
2000-08-08,111.31999969482422
2000-08-09,111.44000244140625
2000-08-10,110.9000015258789
2000-08-11,111.20999908447266
2000-08-14,111.08000183105469
2000-08-15,110.51000213623047
2000-08-16,110.26000213623047
2000-08-17,110.11000061035156
2000-08-18,111.01000213623047
2000-08-21,111.45999908447266
2000-08-22,111.79000091552734
2000-08-23,111.41999816894531
2000-08-24,111.2300033569336
2000-08-25,111.3499984741211
2000-08-28,111.45999908447266
2000-08-29,112.19999694824219
2000-08-30,112.13999938964844
2000-08-31,112.5999984741211
2000-09-01,111.41999816894531
2000-09-05,112.41000366210938
2000-09-06,114.12000274658203
2000-09-07,113.6500015258789
2000-09-08,114.33999633789062
2000-09-11,115.37000274658203
2000-09-12,115.16999816894531
2000-09-13,115.33999633789062
2000-09-14,115.16000366210938
2000-09-15,115.94000244140625
2000-09-18,116.0
2000-09-19,116.11000061035156
2000-09-20,116.41000366210938
2000-09-21,115.2699966430664
2000-09-22,113.55999755859375
2000-09-25,114.05999755859375
2000-09-26,113.16000366210938
2000-09-27,113.11000061035156
2000-09-28,113.30999755859375
2000-09-29,113.25
2000-10-02,113.79000091552734
2000-10-03,114.22000122070312
2000-10-04,114.16999816894531
2000-10-05,114.73999786376953
2000-10-06,114.8499984741211
2000-10-09,114.80999755859375
2000-10-10,114.36000061035156
2000-10-11,114.48999786376953
2000-10-12,114.88999938964844
2000-10-13,115.86000061035156
2000-10-16,116.38999938964844
2000-10-17,115.88999938964844
2000-10-18,117.33000183105469
2000-10-19,116.94000244140625
2000-10-20,117.16000366210938
2000-10-23,117.54000091552734
2000-10-24,117.41999816894531
2000-10-25,118.48999786376953
2000-10-26,118.5
2000-10-27,117.38999938964844
2000-10-30,117.25
2000-10-31,116.6500015258789
2000-11-01,115.55999755859375
2000-11-02,115.61000061035156
2000-11-03,114.97000122070312
2000-11-06,115.69000244140625
2000-11-07,115.5199966430664
2000-11-08,116.2300033569336
2000-11-09,115.33999633789062
2000-11-10,115.79000091552734
2000-11-13,115.69999694824219
2000-11-14,116.22000122070312
2000-11-15,116.3499984741211
2000-11-16,116.93000030517578
2000-11-17,117.30999755859375
2000-11-20,117.3499984741211
2000-11-21,117.94999694824219
2000-11-22,117.8499984741211
2000-11-23,118.08999633789062
2000-11-24,118.4800033569336
2000-11-27,117.0999984741211
2000-11-28,116.58000183105469
2000-11-29,116.61000061035156
2000-11-30,115.23999786376953
2000-12-01,114.7300033569336
2000-12-04,113.70999908447266
2000-12-05,114.47000122070312
2000-12-06,113.30999755859375
2000-12-07,113.54000091552734
2000-12-08,114.05000305175781
2000-12-11,114.29000091552734
2000-12-12,114.26000213623047
2000-12-13,114.70999908447266
2000-12-14,113.37999725341797
2000-12-15,112.9000015258789
2000-12-18,113.06999969482422
2000-12-19,113.20999908447266
2000-12-20,111.97000122070312
2000-12-21,111.51000213623047
2000-12-22,110.81999969482422
2000-12-26,110.30999755859375
2000-12-27,110.31999969482422
2000-12-28,110.37999725341797
2000-12-29,109.55999755859375
2001-01-02,108.7699966430664
2001-01-03,110.16999816894531
2001-01-04,108.80999755859375
2001-01-05,108.41999816894531
2001-01-08,108.86000061035156
2001-01-09,109.5199966430664
2001-01-10,109.86000061035156
2001-01-11,109.01000213623047
2001-01-12,109.36000061035156
2001-01-15,109.97000122070312
2001-01-16,110.11000061035156
2001-01-17,110.80999755859375
2001-01-18,109.94000244140625
2001-01-19,110.66000366210938
2001-01-22,110.23999786376953
2001-01-23,110.23999786376953
2001-01-24,111.68000030517578
2001-01-25,111.61000061035156
2001-01-26,111.45999908447266
2001-01-29,111.7699966430664
2001-01-30,110.9800033569336
2001-01-31,110.5199966430664
2001-02-01,109.66000366210938
2001-02-02,110.31999969482422
2001-02-05,109.88999938964844
2001-02-06,110.7699966430664
2001-02-07,110.88999938964844
2001-02-08,112.05999755859375
2001-02-09,111.5199966430664
2001-02-12,111.19000244140625
2001-02-13,111.95999908447266
2001-02-14,112.04000091552734
2001-02-15,113.19999694824219
2001-02-16,112.26000213623047
2001-02-19,111.91999816894531
2001-02-20,112.81999969482422
2001-02-21,113.12000274658203
2001-02-22,113.33999633789062
2001-02-23,112.02999877929688
2001-02-26,112.7699966430664
2001-02-27,112.33999633789062
2001-02-28,112.01000213623047
2001-03-01,111.27999877929688
2001-03-02,111.16999816894531
2001-03-05,111.54000091552734
2001-03-06,111.19999694824219
2001-03-07,111.83000183105469
2001-03-08,111.48999786376953
2001-03-09,111.44000244140625
2001-03-12,112.01000213623047
2001-03-13,113.11000061035156
2001-03-14,113.69999694824219
2001-03-15,114.70999908447266
2001-03-16,115.31999969482422
2001-03-19,115.19999694824219
2001-03-20,114.11000061035156
2001-03-21,115.52999877929688
2001-03-22,116.30000305175781
2001-03-23,115.94000244140625
2001-03-26,115.20999908447266
2001-03-27,115.43000030517578
2001-03-28,116.01000213623047
2001-03-29,116.5999984741211
2001-03-30,117.37000274658203
2001-04-02,117.33999633789062
2001-04-03,115.62999725341797
2001-04-04,115.08000183105469
2001-04-05,115.47000122070312
2001-04-06,114.75
2001-04-09,115.20999908447266
2001-04-10,116.0199966430664
2001-04-11,116.12999725341797
2001-04-12,115.54000091552734
2001-04-16,116.18000030517578
2001-04-17,116.45999908447266
2001-04-18,116.12999725341797
2001-04-19,115.0199966430664
2001-04-20,114.31999969482422
2001-04-23,114.7699966430664
2001-04-24,115.19999694824219
2001-04-25,114.9800033569336
2001-04-26,114.45999908447266
2001-04-27,115.62000274658203
2001-04-30,115.8499984741211
2001-05-01,115.30000305175781
2001-05-02,115.16000366210938
2001-05-03,115.37999725341797
2001-05-04,114.93000030517578
2001-05-07,115.31999969482422
2001-05-08,116.08000183105469
2001-05-09,116.05000305175781
2001-05-10,116.37000274658203
2001-05-11,116.83999633789062
2001-05-14,117.13999938964844
2001-05-15,116.79000091552734
2001-05-16,116.13999938964844
2001-05-17,116.12000274658203
2001-05-18,116.41000366210938
2001-05-21,116.5199966430664
2001-05-22,117.69000244140625
2001-05-23,118.29000091552734
2001-05-24,118.36000061035156
2001-05-25,118.18000030517578
2001-05-29,118.22000122070312
2001-05-30,118.22000122070312
2001-05-31,119.06999969482422
2001-06-01,118.88999938964844
2001-06-04,119.19000244140625
2001-06-05,118.69999694824219
2001-06-06,119.36000061035156
2001-06-07,119.08999633789062
2001-06-08,119.20999908447266
2001-06-11,120.05000305175781
2001-06-12,119.61000061035156
2001-06-13,119.02999877929688
2001-06-14,117.98999786376953
2001-06-15,118.29000091552734
2001-06-18,118.36000061035156
2001-06-19,119.04000091552734
2001-06-20,119.12999725341797
2001-06-21,118.88999938964844
2001-06-22,118.91000366210938
2001-06-25,118.31999969482422
2001-06-26,118.06999969482422
2001-06-27,118.37999725341797
2001-06-28,120.01000213623047
2001-06-29,119.43000030517578
2001-07-02,119.66999816894531
2001-07-03,119.5999984741211
2001-07-04,119.91000366210938
2001-07-05,120.9000015258789
2001-07-06,119.9000015258789
2001-07-09,119.88999938964844
2001-07-10,119.12999725341797
2001-07-11,118.63999938964844
2001-07-12,119.08999633789062
2001-07-13,119.33000183105469
2001-07-16,119.30000305175781
2001-07-17,118.9000015258789
2001-07-18,117.37999725341797
2001-07-19,117.33000183105469
2001-07-20,117.20999908447266
2001-07-23,117.8499984741211
2001-07-24,117.12000274658203
2001-07-25,116.63999938964844
2001-07-26,116.73999786376953
2001-07-27,116.94000244140625
2001-07-30,117.19999694824219
2001-07-31,117.18000030517578
2001-08-01,116.55999755859375
2001-08-02,116.27999877929688
2001-08-03,116.13999938964844
2001-08-06,116.41999816894531
2001-08-07,116.83000183105469
2001-08-08,116.54000091552734
2001-08-09,115.25
2001-08-10,115.29000091552734
2001-08-13,115.01000213623047
2001-08-14,114.38999938964844
2001-08-15,113.19000244140625
2001-08-16,113.08000183105469
2001-08-17,112.98999786376953
2001-08-20,113.4000015258789
2001-08-21,113.29000091552734
2001-08-22,113.2699966430664
2001-08-23,113.08999633789062
2001-08-24,113.33000183105469
2001-08-27,113.38999938964844
2001-08-28,113.43000030517578
2001-08-29,113.54000091552734
2001-08-30,112.83999633789062
2001-08-31,113.41999816894531
2001-09-03,113.66999816894531
2001-09-04,115.68000030517578
2001-09-05,115.5999984741211
2001-09-06,114.97000122070312
2001-09-07,114.05000305175781
2001-09-10,114.56999969482422
2001-09-17,112.01000213623047
2001-09-18,111.91999816894531
2001-09-19,111.61000061035156
2001-09-20,111.87000274658203
2001-09-21,113.04000091552734
2001-09-24,112.83999633789062
2001-09-25,112.27999877929688
2001-09-26,112.29000091552734
2001-09-27,112.9800033569336
2001-09-28,113.4800033569336
2001-10-01,113.0
2001-10-02,113.01000213623047
2001-10-03,113.4000015258789
2001-10-04,113.16000366210938
2001-10-05,112.91000366210938
2001-10-08,112.58999633789062
2001-10-09,113.3499984741211
2001-10-10,113.69999694824219
2001-10-11,114.44000244140625
2001-10-12,113.88999938964844
2001-10-15,113.81999969482422
2001-10-16,113.91999816894531
2001-10-17,114.37999725341797
2001-10-18,114.3499984741211
2001-10-19,114.86000061035156
2001-10-22,115.75
2001-10-23,115.8499984741211
2001-10-24,115.5999984741211
2001-10-25,115.55000305175781
2001-10-26,115.6500015258789
2001-10-29,114.44000244140625
2001-10-30,114.3499984741211
2001-10-31,114.86000061035156
2001-11-01,114.45999908447266
2001-11-02,114.54000091552734
2001-11-05,114.54000091552734
2001-11-06,114.80999755859375
2001-11-07,114.9800033569336
2001-11-08,115.12999725341797
2001-11-09,115.08999633789062
2001-11-12,115.33999633789062
2001-11-13,116.4000015258789
2001-11-14,116.19999694824219
2001-11-15,116.51000213623047
2001-11-16,116.41000366210938
2001-11-19,116.93000030517578
2001-11-20,116.62000274658203
2001-11-21,117.1500015258789
2001-11-22,117.30000305175781
2001-11-23,117.33000183105469
2001-11-26,117.11000061035156
2001-11-27,116.88999938964844
2001-11-28,116.16999816894531
2001-11-29,116.12999725341797
2001-11-30,116.12999725341797
2001-12-03,115.95999908447266
2001-12-04,116.08000183105469
2001-12-05,116.41000366210938
2001-12-06,115.62999725341797
2001-12-07,116.1500015258789
2001-12-10,116.26000213623047
2001-12-11,116.05000305175781
2001-12-12,115.33000183105469
2001-12-13,115.80000305175781
2001-12-14,114.93000030517578
2001-12-17,114.93000030517578
2001-12-18,115.1500015258789
2001-12-19,115.4800033569336
2001-12-20,115.58999633789062
2001-12-21,116.9800033569336
2001-12-24,117.94000244140625
2001-12-26,117.8499984741211
2001-12-27,117.56999969482422
2001-12-28,117.26000213623047
2001-12-31,116.75
2002-01-02,115.79000091552734
2002-01-03,116.11000061035156
2002-01-04,116.33000183105469
2002-01-07,116.33000183105469
2002-01-08,116.83000183105469
2002-01-09,117.01000213623047
2002-01-10,116.87999725341797
2002-01-11,116.63999938964844
2002-01-14,116.63999938964844
2002-01-15,117.29000091552734
2002-01-16,117.58999633789062
2002-01-17,117.8499984741211
2002-01-18,117.51000213623047
2002-01-21,117.66000366210938
2002-01-22,117.75
2002-01-23,118.47000122070312
2002-01-24,118.63999938964844
2002-01-25,119.8499984741211
2002-01-28,120.04000091552734
2002-01-29,119.62000274658203
2002-01-30,119.7300033569336
2002-01-31,120.23999786376953
2002-02-01,119.79000091552734
2002-02-04,118.9000015258789
2002-02-05,119.4000015258789
2002-02-06,119.30000305175781
2002-02-07,119.06999969482422
2002-02-08,118.9800033569336
2002-02-11,118.44000244140625
2002-02-12,118.25
2002-02-13,118.80000305175781
2002-02-14,118.43000030517578
2002-02-15,118.5999984741211
2002-02-18,118.76000213623047
2002-02-19,118.36000061035156
2002-02-20,118.93000030517578
2002-02-21,119.16000366210938
2002-02-22,118.4800033569336
2002-02-25,119.12999725341797
2002-02-26,119.81999969482422
2002-02-27,119.56999969482422
2002-02-28,119.16000366210938
2002-03-01,119.4000015258789
2002-03-04,118.80999755859375
2002-03-05,118.56999969482422
2002-03-06,117.95999908447266
2002-03-07,116.80000305175781
2002-03-08,117.98999786376953
2002-03-11,117.7300033569336
2002-03-12,117.80000305175781
2002-03-13,117.95999908447266
2002-03-14,117.29000091552734
2002-03-15,117.22000122070312
2002-03-18,117.5
2002-03-19,117.5
2002-03-20,117.22000122070312
2002-03-21,117.5199966430664
2002-03-22,118.05000305175781
2002-03-25,118.0999984741211
2002-03-26,118.13999938964844
2002-03-27,118.54000091552734
2002-03-28,118.62000274658203
2002-04-01,117.7699966430664
2002-04-02,117.91999816894531
2002-04-03,117.68000030517578
2002-04-04,117.94000244140625
2002-04-05,117.69000244140625
2002-04-08,118.19999694824219
2002-04-09,117.58999633789062
2002-04-10,117.51000213623047
2002-04-11,117.37000274658203
2002-04-12,117.73999786376953
2002-04-15,117.63999938964844
2002-04-16,117.37000274658203
2002-04-17,116.5999984741211
2002-04-18,116.38999938964844
2002-04-19,116.29000091552734
2002-04-22,116.43000030517578
2002-04-23,116.56999969482422
2002-04-24,116.1500015258789
2002-04-25,115.44999694824219
2002-04-26,115.04000091552734
2002-04-29,114.88999938964844
2002-04-30,115.19000244140625
2002-05-01,114.54000091552734
2002-05-02,114.87000274658203
2002-05-03,113.58999633789062
2002-05-06,113.66000366210938
2002-05-07,113.91999816894531
2002-05-08,114.91000366210938
2002-05-09,114.5199966430664
2002-05-10,113.94999694824219
2002-05-13,114.1500015258789
2002-05-14,115.08999633789062
2002-05-15,114.12000274658203
2002-05-16,114.12999725341797
2002-05-17,113.0
2002-05-20,112.81999969482422
2002-05-21,112.80000305175781
2002-05-22,112.33000183105469
2002-05-23,112.79000091552734
2002-05-24,112.80000305175781
2002-05-27,113.0
2002-05-28,112.0999984741211
2002-05-29,111.48999786376953
2002-05-30,111.16999816894531
2002-05-31,111.80999755859375
2002-06-03,111.30000305175781
2002-06-04,111.08999633789062
2002-06-05,111.33999633789062
2002-06-06,110.83000183105469
2002-06-07,110.98999786376953
2002-06-10,111.0999984741211
2002-06-11,110.77999877929688
2002-06-12,111.0
2002-06-13,111.1500015258789
2002-06-14,110.76000213623047
2002-06-17,110.8499984741211
2002-06-18,110.19999694824219
2002-06-19,109.66999816894531
2002-06-20,108.94000244140625
2002-06-21,108.19000244140625
2002-06-24,108.20999908447266
2002-06-25,107.56999969482422
2002-06-26,106.55999755859375
2002-06-27,106.37000274658203
2002-06-28,106.11000061035156
2002-07-01,106.51000213623047
2002-07-02,106.80000305175781
2002-07-03,107.05000305175781
2002-07-04,107.33999633789062
2002-07-05,107.66999816894531
2002-07-08,106.30000305175781
2002-07-09,105.6500015258789
2002-07-10,106.01000213623047
2002-07-11,105.72000122070312
2002-07-12,105.88999938964844
2002-07-15,104.66999816894531
2002-07-16,104.48999786376953
2002-07-17,104.41999816894531
2002-07-18,104.47000122070312
2002-07-19,104.05999755859375
2002-07-22,104.75
2002-07-23,106.66000366210938
2002-07-24,105.5199966430664
2002-07-25,105.12000274658203
2002-07-26,106.61000061035156
2002-07-29,107.0999984741211
2002-07-30,106.80000305175781
2002-07-31,107.41000366210938
2002-08-01,107.0199966430664
2002-08-02,106.66999816894531
2002-08-05,107.2699966430664
2002-08-06,108.69000244140625
2002-08-07,107.8499984741211
2002-08-08,108.66000366210938
2002-08-09,108.20999908447266
2002-08-12,107.41000366210938
2002-08-13,107.11000061035156
2002-08-14,106.79000091552734
2002-08-15,106.72000122070312
2002-08-16,106.72000122070312
2002-08-19,107.5199966430664
2002-08-20,107.30999755859375
2002-08-21,107.13999938964844
2002-08-22,108.12999725341797
2002-08-23,107.97000122070312
2002-08-26,107.86000061035156
2002-08-27,106.7699966430664
2002-08-28,107.08000183105469
2002-08-29,106.69999694824219
2002-08-30,106.9800033569336
2002-09-03,105.56999969482422
2002-09-04,106.0999984741211
2002-09-05,105.9800033569336
2002-09-06,106.83999633789062
2002-09-09,107.0999984741211
2002-09-10,107.5199966430664
2002-09-11,107.62000274658203
2002-09-12,107.16000366210938
2002-09-13,108.05999755859375
2002-09-16,108.23999786376953
2002-09-17,108.33000183105469
2002-09-18,107.76000213623047
2002-09-19,107.0
2002-09-20,107.52999877929688
2002-09-23,107.86000061035156
2002-09-24,107.5199966430664
2002-09-25,107.79000091552734
2002-09-26,107.68000030517578
2002-09-27,107.52999877929688
2002-09-30,106.87000274658203
2002-10-01,107.06999969482422
2002-10-02,107.16000366210938
2002-10-03,106.97000122070312
2002-10-04,107.5999984741211
2002-10-07,107.55000305175781
2002-10-08,108.06999969482422
2002-10-09,106.94000244140625
2002-10-10,107.19999694824219
2002-10-11,107.25
2002-10-14,107.1500015258789
2002-10-15,107.77999877929688
2002-10-16,107.62999725341797
2002-10-17,108.37000274658203
2002-10-18,108.5199966430664
2002-10-21,108.2300033569336
2002-10-22,107.94000244140625
2002-10-23,108.0
2002-10-24,107.91000366210938
2002-10-25,107.91999816894531
2002-10-28,107.16000366210938
2002-10-29,107.06999969482422
2002-10-30,107.06999969482422
2002-10-31,106.63999938964844
2002-11-01,106.08000183105469
2002-11-04,106.12000274658203
2002-11-05,105.87000274658203
2002-11-06,105.5999984741211
2002-11-07,104.97000122070312
2002-11-08,104.5
2002-11-11,104.56999969482422
2002-11-12,104.66000366210938
2002-11-13,105.0999984741211
2002-11-14,105.20999908447266
2002-11-15,105.04000091552734
2002-11-18,105.19999694824219
2002-11-19,105.66999816894531
2002-11-20,105.87000274658203
2002-11-21,105.80999755859375
2002-11-22,106.12000274658203
2002-11-25,106.54000091552734
2002-11-26,106.52999877929688
2002-11-27,106.7699966430664
2002-11-28,106.54000091552734
2002-11-29,106.41000366210938
2002-12-02,106.3499984741211
2002-12-03,106.37000274658203
2002-12-04,106.13999938964844
2002-12-05,106.0999984741211
2002-12-06,105.36000061035156
2002-12-09,105.23999786376953
2002-12-10,105.37000274658203
2002-12-11,105.3499984741211
2002-12-12,104.51000213623047
2002-12-13,103.9800033569336
2002-12-16,104.05999755859375
2002-12-17,103.51000213623047
2002-12-18,103.62999725341797
2002-12-19,103.4800033569336
2002-12-20,103.45999908447266
2002-12-23,103.63999938964844
2002-12-24,103.25
2002-12-26,102.81999969482422
2002-12-27,102.41000366210938
2002-12-30,102.01000213623047
2002-12-31,101.8499984741211
2003-01-02,102.9800033569336
2003-01-03,102.47000122070312
2003-01-06,101.97000122070312
2003-01-07,102.56999969482422
2003-01-08,101.87000274658203
2003-01-09,101.94000244140625
2003-01-10,101.2300033569336
2003-01-13,101.47000122070312
2003-01-14,101.20999908447266
2003-01-15,101.33999633789062
2003-01-16,100.79000091552734
2003-01-17,100.55000305175781
2003-01-21,100.2300033569336
2003-01-22,100.2300033569336
2003-01-23,99.86000061035156
2003-01-24,99.22000122070312
2003-01-27,99.26000213623047
2003-01-28,99.4800033569336
2003-01-29,99.27999877929688
2003-01-30,99.5199966430664
2003-01-31,99.91000366210938
2003-02-03,99.9000015258789
2003-02-04,99.13999938964844
2003-02-05,99.6500015258789
2003-02-06,99.45999908447266
2003-02-07,99.56999969482422
2003-02-10,100.2699966430664
2003-02-11,100.38999938964844
2003-02-12,100.51000213623047
2003-02-13,99.58999633789062
2003-02-14,100.04000091552734
2003-02-18,100.52999877929688
2003-02-19,100.0
2003-02-20,99.55000305175781
2003-02-21,100.08999633789062
2003-02-24,99.66000366210938
2003-02-25,99.83000183105469
2003-02-26,99.62000274658203
2003-02-27,99.80999755859375
2003-02-28,99.70999908447266
2003-03-03,99.0999984741211
2003-03-04,99.12999725341797
2003-03-05,98.27999877929688
2003-03-06,98.30999755859375
2003-03-07,98.04000091552734
2003-03-10,97.8499984741211
2003-03-11,97.98999786376953
2003-03-12,98.16000366210938
2003-03-13,99.55000305175781
2003-03-14,99.98999786376953
2003-03-17,100.73999786376953
2003-03-18,100.86000061035156
2003-03-19,101.58000183105469
2003-03-20,101.1500015258789
2003-03-21,101.91999816894531
2003-03-24,100.9800033569336
2003-03-25,100.87000274658203
2003-03-26,100.61000061035156
2003-03-27,100.63999938964844
2003-03-28,99.95999908447266
2003-03-31,99.05999755859375
2003-04-01,99.1500015258789
2003-04-02,100.08000183105469
2003-04-03,100.33999633789062
2003-04-04,100.44999694824219
2003-04-07,101.04000091552734
2003-04-08,100.52999877929688
2003-04-09,100.16000366210938
2003-04-10,99.81999969482422
2003-04-11,100.18000030517578
2003-04-14,99.95999908447266
2003-04-15,99.76000213623047
2003-04-16,99.05999755859375
2003-04-17,99.30000305175781
2003-04-21,99.58999633789062
2003-04-22,98.7300033569336
2003-04-23,98.77999877929688
2003-04-24,98.33000183105469
2003-04-25,98.36000061035156
2003-04-28,98.66999816894531
2003-04-29,98.0199966430664
2003-04-30,97.19000244140625
2003-05-01,96.69999694824219
2003-05-02,96.76000213623047
2003-05-05,96.37000274658203
2003-05-06,95.33999633789062
2003-05-07,95.58000183105469
2003-05-08,94.93000030517578
2003-05-09,94.9800033569336
2003-05-12,94.55000305175781
2003-05-13,94.72000122070312
2003-05-14,94.58000183105469
2003-05-15,95.22000122070312
2003-05-16,94.08000183105469
2003-05-19,93.77999877929688
2003-05-20,93.26000213623047
2003-05-21,93.54000091552734
2003-05-22,93.55999755859375
2003-05-23,93.05000305175781
2003-05-27,92.72000122070312
2003-05-28,93.44999694824219
2003-05-29,92.70999908447266
2003-05-30,93.2699966430664
2003-06-02,93.33999633789062
2003-06-03,93.52999877929688
2003-06-04,93.7300033569336
2003-06-05,92.5199966430664
2003-06-06,93.4800033569336
2003-06-09,93.30000305175781
2003-06-10,93.55999755859375
2003-06-11,92.97000122070312
2003-06-12,92.9000015258789
2003-06-13,92.22000122070312
2003-06-16,92.4000015258789
2003-06-17,92.61000061035156
2003-06-18,93.16999816894531
2003-06-19,93.16000366210938
2003-06-20,94.04000091552734
2003-06-23,94.08000183105469
2003-06-24,94.38999938964844
2003-06-25,94.12000274658203
2003-06-26,94.97000122070312
2003-06-27,95.1500015258789
2003-06-30,94.7300033569336
2003-07-01,94.30000305175781
2003-07-02,94.12000274658203
2003-07-03,94.41000366210938
2003-07-04,94.55000305175781
2003-07-07,95.51000213623047
2003-07-08,95.81999969482422
2003-07-09,95.58999633789062
2003-07-10,95.38999938964844
2003-07-11,95.80000305175781
2003-07-14,96.06999969482422
2003-07-15,96.06999969482422
2003-07-16,96.72000122070312
2003-07-17,96.86000061035156
2003-07-18,96.86000061035156
2003-07-21,96.11000061035156
2003-07-22,96.37999725341797
2003-07-23,95.44000244140625
2003-07-24,95.33999633789062
2003-07-25,94.95999908447266
2003-07-28,95.05999755859375
2003-07-29,95.33000183105469
2003-07-30,96.06999969482422
2003-07-31,96.88999938964844
2003-08-01,96.66000366210938
2003-08-04,96.18000030517578
2003-08-05,96.16000366210938
2003-08-06,96.2300033569336
2003-08-07,95.83000183105469
2003-08-08,96.36000061035156
2003-08-11,95.87000274658203
2003-08-12,96.1500015258789
2003-08-13,96.18000030517578
2003-08-14,96.68000030517578
2003-08-15,96.6500015258789
2003-08-18,97.3499984741211
2003-08-19,97.30999755859375
2003-08-20,97.37000274658203
2003-08-21,98.61000061035156
2003-08-22,98.83000183105469
2003-08-25,98.83000183105469
2003-08-26,98.76000213623047
2003-08-27,98.86000061035156
2003-08-28,98.83000183105469
2003-08-29,98.0999984741211
2003-09-01,98.0
2003-09-02,98.94999694824219
2003-09-03,98.70999908447266
2003-09-04,98.19999694824219
2003-09-05,97.08999633789062
2003-09-08,97.16000366210938
2003-09-09,96.44000244140625
2003-09-10,96.5
2003-09-11,96.55999755859375
2003-09-12,96.01000213623047
2003-09-15,95.9800033569336
2003-09-16,96.66999816894531
2003-09-17,95.73999786376953
2003-09-18,95.94999694824219
2003-09-19,94.95999908447266
2003-09-22,93.8499984741211
2003-09-23,93.98999786376953
2003-09-24,93.69999694824219
2003-09-25,93.76000213623047
2003-09-26,93.87000274658203
2003-09-29,93.08000183105469
2003-09-30,92.8499984741211
2003-10-01,92.38999938964844
2003-10-02,92.41999816894531
2003-10-03,93.2300033569336
2003-10-06,92.41000366210938
2003-10-07,91.88999938964844
2003-10-08,91.7300033569336
2003-10-09,91.98999786376953
2003-10-10,91.5199966430664
2003-10-13,91.88999938964844
2003-10-14,91.83000183105469
2003-10-15,92.41999816894531
2003-10-16,92.61000061035156
2003-10-17,92.29000091552734
2003-10-20,92.43000030517578
2003-10-21,92.37000274658203
2003-10-22,91.2699966430664
2003-10-23,91.51000213623047
2003-10-24,91.27999877929688
2003-10-27,91.61000061035156
2003-10-28,91.86000061035156
2003-10-29,91.86000061035156
2003-10-30,92.20999908447266
2003-10-31,92.7300033569336
2003-11-03,93.66000366210938
2003-11-04,93.2300033569336
2003-11-05,93.62999725341797
2003-11-06,93.88999938964844
2003-11-07,93.0199966430664
2003-11-10,93.05000305175781
2003-11-11,93.0999984741211
2003-11-12,92.30999755859375
2003-11-13,91.61000061035156
2003-11-14,91.44000244140625
2003-11-17,91.52999877929688
2003-11-18,90.33000183105469
2003-11-19,90.9000015258789
2003-11-20,90.66000366210938
2003-11-21,90.5999984741211
2003-11-24,91.58999633789062
2003-11-25,91.45999908447266
2003-11-26,90.5999984741211
2003-11-28,90.20999908447266
2003-12-01,90.3499984741211
2003-12-02,89.63999938964844
2003-12-03,89.5
2003-12-04,89.5999984741211
2003-12-05,89.13999938964844
2003-12-08,88.75
2003-12-09,88.61000061035156
2003-12-10,88.8499984741211
2003-12-11,88.87999725341797
2003-12-12,88.48999786376953
2003-12-15,88.45999908447266
2003-12-16,88.30999755859375
2003-12-17,87.94000244140625
2003-12-18,87.8499984741211
2003-12-19,88.11000061035156
2003-12-22,87.98999786376953
2003-12-23,87.98999786376953
2003-12-24,87.54000091552734
2003-12-26,87.62999725341797
2003-12-29,87.3499984741211
2003-12-30,87.0
2003-12-31,86.91999816894531
2004-01-02,86.91999816894531
2004-01-05,86.06999969482422
2004-01-06,85.62999725341797
2004-01-07,86.19999694824219
2004-01-08,85.56999969482422
2004-01-09,85.11000061035156
2004-01-12,85.55000305175781
2004-01-13,85.51000213623047
2004-01-14,86.02999877929688
2004-01-15,86.55999755859375
2004-01-16,87.7300033569336
2004-01-19,87.66000366210938
2004-01-20,86.70999908447266
2004-01-21,86.36000061035156
2004-01-22,85.81999969482422
2004-01-23,86.55999755859375
2004-01-26,87.25
2004-01-27,86.27999877929688
2004-01-28,86.97000122070312
2004-01-29,87.58000183105469
2004-01-30,87.19999694824219
2004-02-02,87.52999877929688
2004-02-03,86.79000091552734
2004-02-04,86.83999633789062
2004-02-05,86.9000015258789
2004-02-06,86.0199966430664
2004-02-09,86.0
2004-02-10,85.83999633789062
2004-02-11,85.19999694824219
2004-02-12,85.29000091552734
2004-02-13,85.55999755859375
2004-02-16,85.47000122070312
2004-02-17,85.0199966430664
2004-02-18,85.87999725341797
2004-02-19,85.94999694824219
2004-02-20,87.23999786376953
2004-02-23,87.04000091552734
2004-02-24,86.13999938964844
2004-02-25,87.25
2004-02-26,87.68000030517578
2004-02-27,87.30999755859375
2004-03-01,87.5199966430664
2004-03-02,88.83000183105469
2004-03-03,89.02999877929688
2004-03-04,89.13999938964844
2004-03-05,88.18000030517578
2004-03-08,88.0
2004-03-09,88.29000091552734
2004-03-10,88.94999694824219
2004-03-11,88.51000213623047
2004-03-12,89.12000274658203
2004-03-15,88.80999755859375
2004-03-16,88.58999633789062
2004-03-17,88.6500015258789
2004-03-18,87.69999694824219
2004-03-19,88.16000366210938
2004-03-22,87.80999755859375
2004-03-23,87.8499984741211
2004-03-24,88.93000030517578
2004-03-25,88.9000015258789
2004-03-26,88.88999938964844
2004-03-29,88.62999725341797
2004-03-30,88.43000030517578
2004-03-31,87.61000061035156
2004-04-01,87.20999908447266
2004-04-02,88.51000213623047
2004-04-05,89.22000122070312
2004-04-06,88.75
2004-04-07,88.2699966430664
2004-04-08,89.0199966430664
2004-04-12,88.94999694824219
2004-04-13,89.83000183105469
2004-04-14,90.23999786376953
2004-04-15,90.05999755859375
2004-04-16,89.94000244140625
2004-04-19,89.80000305175781
2004-04-20,90.48999786376953
2004-04-21,91.12000274658203
2004-04-22,90.81999969482422
2004-04-23,91.08000183105469
2004-04-26,90.62000274658203
2004-04-27,90.41000366210938
2004-04-28,91.16999816894531
2004-04-29,90.56999969482422
2004-04-30,90.4800033569336
2004-05-03,90.76000213623047
2004-05-04,89.80999755859375
2004-05-05,89.30999755859375
2004-05-06,89.87999725341797
2004-05-07,91.12999725341797
2004-05-10,91.55999755859375
2004-05-11,91.66000366210938
2004-05-12,91.29000091552734
2004-05-13,91.95999908447266
2004-05-14,91.66000366210938
2004-05-17,91.0
2004-05-18,91.25
2004-05-19,90.52999877929688
2004-05-20,91.02999877929688
2004-05-21,90.48999786376953
2004-05-24,90.4800033569336
2004-05-25,89.83999633789062
2004-05-26,89.72000122070312
2004-05-27,88.66999816894531
2004-05-28,88.94999694824219
2004-06-01,88.87999725341797
2004-06-02,88.83999633789062
2004-06-03,88.94999694824219
2004-06-04,88.54000091552734
2004-06-07,88.25
2004-06-08,88.51000213623047
2004-06-09,89.7300033569336
2004-06-10,89.25
2004-06-11,90.01000213623047
2004-06-14,89.94000244140625
2004-06-15,89.08999633789062
2004-06-16,90.04000091552734
2004-06-17,89.5999984741211
2004-06-18,89.08000183105469
2004-06-21,89.29000091552734
2004-06-22,89.43000030517578
2004-06-23,89.41999816894531
2004-06-24,88.75
2004-06-25,88.87999725341797
2004-06-28,88.72000122070312
2004-06-29,89.41000366210938
2004-06-30,88.80000305175781
2004-07-01,88.79000091552734
2004-07-02,87.97000122070312
2004-07-05,88.2300033569336
2004-07-06,88.12000274658203
2004-07-07,87.6500015258789
2004-07-08,87.54000091552734
2004-07-09,87.41999816894531
2004-07-12,87.38999938964844
2004-07-13,87.81999969482422
2004-07-14,87.58000183105469
2004-07-15,87.98999786376953
2004-07-16,87.13999938964844
2004-07-19,87.18000030517578
2004-07-20,87.83000183105469
2004-07-21,88.55999755859375
2004-07-22,88.44999694824219
2004-07-23,89.26000213623047
2004-07-26,89.02999877929688
2004-07-27,89.79000091552734
2004-07-28,89.75
2004-07-29,89.94999694824219
2004-07-30,89.95999908447266
2004-08-02,89.75
2004-08-03,89.56999969482422
2004-08-04,89.68000030517578
2004-08-05,89.63999938964844
2004-08-06,88.36000061035156
2004-08-09,88.38999938964844
2004-08-10,88.79000091552734
2004-08-11,88.8499984741211
2004-08-12,88.69000244140625
2004-08-13,87.9000015258789
2004-08-16,87.95999908447266
2004-08-17,88.05999755859375
2004-08-18,88.08000183105469
2004-08-19,87.79000091552734
2004-08-20,88.12000274658203
2004-08-23,89.05999755859375
2004-08-24,89.45999908447266
2004-08-25,89.41999816894531
2004-08-26,89.30000305175781
2004-08-27,89.7699966430664
2004-08-30,89.69000244140625
2004-08-31,88.94000244140625
2004-09-01,88.87000274658203
2004-09-02,88.9800033569336
2004-09-03,89.62999725341797
2004-09-06,89.52999877929688
2004-09-07,89.2300033569336
2004-09-08,88.7699966430664
2004-09-09,88.83000183105469
2004-09-10,88.38999938964844
2004-09-13,88.55000305175781
2004-09-14,88.45999908447266
2004-09-15,89.1500015258789
2004-09-16,88.79000091552734
2004-09-17,88.91000366210938
2004-09-20,88.98999786376953
2004-09-21,88.12999725341797
2004-09-22,88.51000213623047
2004-09-23,88.44000244140625
2004-09-24,88.4000015258789
2004-09-27,88.29000091552734
2004-09-28,88.11000061035156
2004-09-29,88.0999984741211
2004-09-30,87.36000061035156
2004-10-01,87.62999725341797
2004-10-04,88.37999725341797
2004-10-05,88.16999816894531
2004-10-06,88.4800033569336
2004-10-07,88.33999633789062
2004-10-08,87.44999694824219
2004-10-11,87.54000091552734
2004-10-12,88.0199966430664
2004-10-13,87.87999725341797
2004-10-14,87.55000305175781
2004-10-15,87.08999633789062
2004-10-18,87.0199966430664
2004-10-19,86.83999633789062
2004-10-20,86.3499984741211
2004-10-21,86.0199966430664
2004-10-22,85.87000274658203
2004-10-25,84.97000122070312
2004-10-26,85.20999908447266
2004-10-27,85.44000244140625
2004-10-28,85.27999877929688
2004-10-29,84.91000366210938
2004-11-01,85.19999694824219
2004-11-02,85.47000122070312
2004-11-03,84.69999694824219
2004-11-04,84.54000091552734
2004-11-05,84.01000213623047
2004-11-08,84.08999633789062
2004-11-09,84.29000091552734
2004-11-10,84.43000030517578
2004-11-11,84.37000274658203
2004-11-12,83.69000244140625
2004-11-15,84.0
2004-11-16,83.80000305175781
2004-11-17,83.29000091552734
2004-11-18,83.69000244140625
2004-11-19,83.30999755859375
2004-11-22,83.19000244140625
2004-11-23,82.97000122070312
2004-11-24,82.41000366210938
2004-11-25,82.18000030517578
2004-11-26,81.77999877929688
2004-11-29,81.93000030517578
2004-11-30,81.81999969482422
2004-12-01,81.55999755859375
2004-12-02,81.94999694824219
2004-12-03,80.9800033569336
2004-12-06,81.27999877929688
2004-12-07,81.23999786376953
2004-12-08,81.9000015258789
2004-12-09,82.02999877929688
2004-12-10,82.55000305175781
2004-12-13,82.0999984741211
2004-12-14,82.31999969482422
2004-12-15,81.62999725341797
2004-12-16,82.5
2004-12-17,82.16000366210938
2004-12-20,81.66999816894531
2004-12-21,81.94000244140625
2004-12-22,81.93000030517578
2004-12-23,81.33999633789062
2004-12-24,81.22000122070312
2004-12-27,80.72000122070312
2004-12-28,80.72000122070312
2004-12-29,80.97000122070312
2004-12-30,80.52999877929688
2004-12-31,80.8499984741211
2005-01-03,81.30000305175781
2005-01-04,82.56999969482422
2005-01-05,82.54000091552734
2005-01-06,83.1500015258789
2005-01-07,83.61000061035156
2005-01-10,83.29000091552734
2005-01-11,83.0199966430664
2005-01-12,82.13999938964844
2005-01-13,82.51000213623047
2005-01-14,83.05999755859375
2005-01-17,83.05999755859375
2005-01-18,83.36000061035156
2005-01-19,83.5999984741211
2005-01-20,83.83999633789062
2005-01-21,83.26000213623047
2005-01-24,83.23999786376953
2005-01-25,83.98999786376953
2005-01-26,83.30000305175781
2005-01-27,83.43000030517578
2005-01-28,83.4800033569336
2005-01-31,83.5999984741211
2005-02-01,83.44999694824219
2005-02-02,83.5199966430664
2005-02-03,83.97000122070312
2005-02-04,84.38999938964844
2005-02-07,85.04000091552734
2005-02-08,85.0999984741211
2005-02-09,85.0199966430664
2005-02-10,84.54000091552734
2005-02-11,84.56999969482422
2005-02-14,83.95999908447266
2005-02-15,83.58999633789062
2005-02-16,83.66999816894531
2005-02-17,83.47000122070312
2005-02-18,83.48999786376953
2005-02-21,83.55000305175781
2005-02-22,82.41000366210938
2005-02-23,82.68000030517578
2005-02-24,82.87999725341797
2005-02-25,82.66000366210938
2005-02-28,82.51000213623047
2005-03-01,82.7699966430664
2005-03-02,83.08000183105469
2005-03-03,83.27999877929688
2005-03-04,82.54000091552734
2005-03-07,82.79000091552734
2005-03-08,81.9800033569336
2005-03-09,81.62999725341797
2005-03-10,81.56999969482422
2005-03-11,81.41999816894531
2005-03-14,81.97000122070312
2005-03-15,82.12000274658203
2005-03-16,81.62000274658203
2005-03-17,81.83999633789062
2005-03-18,82.12999725341797
2005-03-21,82.87999725341797
2005-03-22,83.36000061035156
2005-03-23,84.0
2005-03-24,84.12999725341797
2005-03-28,84.62000274658203
2005-03-29,84.31999969482422
2005-03-30,84.29000091552734
2005-03-31,84.05999755859375
2005-04-01,84.43000030517578
2005-04-04,84.77999877929688
2005-04-05,84.66000366210938
2005-04-06,84.68000030517578
2005-04-07,84.87000274658203
2005-04-08,84.47000122070312
2005-04-11,84.16000366210938
2005-04-12,84.41999816894531
2005-04-13,84.41999816894531
2005-04-14,85.0
2005-04-15,84.55999755859375
2005-04-18,84.0
2005-04-19,83.76000213623047
2005-04-20,83.5199966430664
2005-04-21,83.69999694824219
2005-04-22,83.5
2005-04-25,83.81999969482422
2005-04-26,83.95999908447266
2005-04-27,84.12000274658203
2005-04-28,84.3499984741211
2005-04-29,84.43000030517578
2005-05-02,84.48999786376953
2005-05-03,84.51000213623047
2005-05-04,84.0
2005-05-05,83.94000244140625
2005-05-06,84.61000061035156
2005-05-09,84.63999938964844
2005-05-10,84.44999694824219
2005-05-11,84.94000244140625
2005-05-12,85.48999786376953
2005-05-13,86.0999984741211
2005-05-16,86.12000274658203
2005-05-17,86.20999908447266
2005-05-18,85.81999969482422
2005-05-19,86.08999633789062
2005-05-20,86.62999725341797
2005-05-23,86.4000015258789
2005-05-24,86.37000274658203
2005-05-25,86.3499984741211
2005-05-26,86.8499984741211
2005-05-27,86.41999816894531
2005-05-31,87.76000213623047
2005-06-01,88.11000061035156
2005-06-02,87.75
2005-06-03,88.04000091552734
2005-06-06,87.5999984741211
2005-06-07,87.48999786376953
2005-06-08,87.87999725341797
2005-06-09,88.06999969482422
2005-06-10,88.69000244140625
2005-06-13,88.94999694824219
2005-06-14,89.26000213623047
2005-06-15,88.6500015258789
2005-06-16,88.72000122070312
2005-06-17,87.7300033569336
2005-06-20,88.48999786376953
2005-06-21,88.18000030517578
2005-06-22,88.55999755859375
2005-06-23,89.12000274658203
2005-06-24,88.77999877929688
2005-06-27,88.44999694824219
2005-06-28,88.98999786376953
2005-06-29,89.11000061035156
2005-06-30,89.11000061035156
2005-07-01,90.12999725341797
2005-07-04,90.43000030517578
2005-07-05,90.44000244140625
2005-07-06,90.37999725341797
2005-07-07,90.27999877929688
2005-07-08,90.25
2005-07-11,89.45999908447266
2005-07-12,88.41000366210938
2005-07-13,89.30999755859375
2005-07-14,89.4000015258789
2005-07-15,89.72000122070312
2005-07-18,89.63999938964844
2005-07-19,89.8499984741211
2005-07-20,89.33999633789062
2005-07-21,88.93000030517578
2005-07-22,89.63999938964844
2005-07-25,89.5999984741211
2005-07-26,90.0
2005-07-27,89.7300033569336
2005-07-28,89.33999633789062
2005-07-29,89.3499984741211
2005-08-01,88.80000305175781
2005-08-02,88.76000213623047
2005-08-03,87.98999786376953
2005-08-04,87.80000305175781
2005-08-05,88.05999755859375
2005-08-08,87.91999816894531
2005-08-09,87.88999938964844
2005-08-10,87.61000061035156
2005-08-11,87.0999984741211
2005-08-12,86.9800033569336
2005-08-15,87.31999969482422
2005-08-16,87.43000030517578
2005-08-17,88.0
2005-08-18,88.58999633789062
2005-08-19,88.58000183105469
2005-08-22,88.13999938964844
2005-08-23,88.08000183105469
2005-08-24,87.91000366210938
2005-08-25,87.63999938964844
2005-08-26,87.86000061035156
2005-08-29,88.25
2005-08-30,88.3499984741211
2005-08-31,87.58000183105469
2005-09-01,86.55000305175781
2005-09-02,86.30000305175781
2005-09-06,86.56999969482422
2005-09-07,86.97000122070312
2005-09-08,87.04000091552734
2005-09-09,86.88999938964844
2005-09-12,87.70999908447266
2005-09-13,87.75
2005-09-14,87.66999816894531
2005-09-15,88.12999725341797
2005-09-16,88.05000305175781
2005-09-19,88.44000244140625
2005-09-20,88.5999984741211
2005-09-21,88.13999938964844
2005-09-22,88.55999755859375
2005-09-23,89.20999908447266
2005-09-26,89.11000061035156
2005-09-27,89.5999984741211
2005-09-28,89.47000122070312
2005-09-29,89.4000015258789
2005-09-30,89.5199966430664
2005-10-03,90.12999725341797
2005-10-04,90.0999984741211
2005-10-05,89.9800033569336
2005-10-06,88.66000366210938
2005-10-07,89.16999816894531
2005-10-10,89.45999908447266
2005-10-11,89.97000122070312
2005-10-12,89.62999725341797
2005-10-13,89.80999755859375
2005-10-14,89.3499984741211
2005-10-17,89.80000305175781
2005-10-18,90.29000091552734
2005-10-19,89.98999786376953
2005-10-20,89.91000366210938
2005-10-21,90.30999755859375
2005-10-24,90.11000061035156
2005-10-25,89.23999786376953
2005-10-26,89.48999786376953
2005-10-27,89.0999984741211
2005-10-28,89.58999633789062
2005-10-31,90.06999969482422
2005-11-01,90.08000183105469
2005-11-02,89.72000122070312
2005-11-03,90.44000244140625
2005-11-04,91.26000213623047
2005-11-07,91.29000091552734
2005-11-08,91.37000274658203
2005-11-09,91.5
2005-11-10,92.08000183105469
2005-11-11,91.9800033569336
2005-11-14,92.12999725341797
2005-11-15,92.08999633789062
2005-11-16,92.33000183105469
2005-11-17,91.87999725341797
2005-11-18,91.93000030517578
2005-11-21,92.02999877929688
2005-11-22,91.5
2005-11-23,91.51000213623047
2005-11-25,92.04000091552734
2005-11-28,90.9800033569336
2005-11-29,91.62000274658203
2005-11-30,91.56999969482422
2005-12-01,91.81999969482422
2005-12-02,91.94999694824219
2005-12-05,91.4800033569336
2005-12-06,91.44000244140625
2005-12-07,91.88999938964844
2005-12-08,91.26000213623047
2005-12-09,91.25
2005-12-12,90.3499984741211
2005-12-13,90.37999725341797
2005-12-14,89.83000183105469
2005-12-15,90.0199966430664
2005-12-16,89.69999694824219
2005-12-19,89.87000274658203
2005-12-20,90.77999877929688
2005-12-21,90.94000244140625
2005-12-22,90.72000122070312
2005-12-23,90.83999633789062
2005-12-27,91.19000244140625
2005-12-28,91.26000213623047
2005-12-29,91.0999984741211
2005-12-30,91.16999816894531
2006-01-03,89.83999633789062
2006-01-04,89.13999938964844
2006-01-05,89.33000183105469
2006-01-06,88.8499984741211
2006-01-09,89.25
2006-01-10,89.33000183105469
2006-01-11,88.98999786376953
2006-01-12,89.44000244140625
2006-01-13,88.88999938964844
2006-01-17,89.30000305175781
2006-01-18,89.26000213623047
2006-01-19,89.38999938964844
2006-01-20,88.94999694824219
2006-01-23,87.94999694824219
2006-01-24,88.05999755859375
2006-01-25,88.33000183105469
2006-01-26,88.62000274658203
2006-01-27,89.31999969482422
2006-01-30,89.41999816894531
2006-01-31,88.95999908447266
2006-02-01,89.51000213623047
2006-02-02,89.37000274658203
2006-02-03,89.88999938964844
2006-02-06,90.29000091552734
2006-02-07,90.23999786376953
2006-02-08,90.43000030517578
2006-02-09,90.29000091552734
2006-02-10,90.55000305175781
2006-02-13,90.54000091552734
2006-02-14,90.54000091552734
2006-02-15,90.72000122070312
2006-02-16,90.7300033569336
2006-02-17,90.63999938964844
2006-02-21,90.55000305175781
2006-02-22,90.66999816894531
2006-02-23,90.38999938964844
2006-02-24,90.61000061035156
2006-02-27,90.62999725341797
2006-02-28,90.11000061035156
2006-03-01,90.22000122070312
2006-03-02,89.55999755859375
2006-03-03,89.66000366210938
2006-03-06,89.88999938964844
2006-03-07,90.7699966430664
2006-03-08,90.62000274658203
2006-03-09,90.75
2006-03-10,90.8499984741211
2006-03-13,90.54000091552734
2006-03-14,90.0
2006-03-15,89.69999694824219
2006-03-16,89.06999969482422
2006-03-17,88.91999816894531
2006-03-20,89.12999725341797
2006-03-21,89.62000274658203
2006-03-22,89.72000122070312
2006-03-23,90.45999908447266
2006-03-24,90.06999969482422
2006-03-27,90.06999969482422
2006-03-28,90.25
2006-03-29,90.25
2006-03-30,89.38999938964844
2006-03-31,89.7300033569336
2006-04-03,89.62999725341797
2006-04-04,88.83000183105469
2006-04-05,88.62999725341797
2006-04-06,88.95999908447266
2006-04-07,89.62999725341797
2006-04-10,89.72000122070312
2006-04-11,89.44000244140625
2006-04-12,89.62000274658203
2006-04-13,89.62000274658203
2006-04-17,88.63999938964844
2006-04-18,88.23999786376953
2006-04-19,87.79000091552734
2006-04-20,88.25
2006-04-21,88.05000305175781
2006-04-24,87.44999694824219
2006-04-25,87.31999969482422
2006-04-26,87.22000122070312
2006-04-27,86.62999725341797
2006-04-28,86.11000061035156
2006-05-01,85.97000122070312
2006-05-02,85.79000091552734
2006-05-03,85.83999633789062
2006-05-04,85.83999633789062
2006-05-05,85.12000274658203
2006-05-08,85.2300033569336
2006-05-09,84.83000183105469
2006-05-10,84.5
2006-05-11,84.2699966430664
2006-05-12,83.95999908447266
2006-05-15,84.54000091552734
2006-05-16,84.16999816894531
2006-05-17,84.8499984741211
2006-05-18,84.51000213623047
2006-05-19,84.87999725341797
2006-05-22,84.3499984741211
2006-05-23,84.3499984741211
2006-05-24,84.94999694824219
2006-05-25,84.6500015258789
2006-05-26,85.26000213623047
2006-05-30,84.27999877929688
2006-05-31,84.72000122070312
2006-06-01,84.79000091552734
2006-06-02,84.05000305175781
2006-06-05,84.13999938964844
2006-06-06,84.7300033569336
2006-06-07,84.98999786376953
2006-06-08,85.91000366210938
2006-06-09,85.72000122070312
2006-06-12,85.8499984741211
2006-06-13,86.43000030517578
2006-06-14,86.13999938964844
2006-06-15,86.0199966430664
2006-06-16,85.91999816894531
2006-06-19,86.30999755859375
2006-06-20,86.18000030517578
2006-06-21,85.77999877929688
2006-06-22,86.38999938964844
2006-06-23,86.81999969482422
2006-06-26,86.48999786376953
2006-06-27,86.47000122070312
2006-06-28,86.62999725341797
2006-06-29,85.87000274658203
2006-06-30,85.22000122070312
2006-07-03,85.18000030517578
2006-07-05,85.5999984741211
2006-07-06,85.3499984741211
2006-07-07,84.9800033569336
2006-07-10,85.5
2006-07-11,85.36000061035156
2006-07-12,85.91000366210938
2006-07-13,85.79000091552734
2006-07-14,86.08999633789062
2006-07-17,86.95999908447266
2006-07-18,87.01000213623047
2006-07-19,86.45999908447266
2006-07-20,86.22000122070312
2006-07-21,85.93000030517578
2006-07-24,86.33999633789062
2006-07-25,86.63999938964844
2006-07-26,85.93000030517578
2006-07-27,85.87000274658203
2006-07-28,85.44000244140625
2006-07-31,85.30000305175781
2006-08-01,85.05000305175781
2006-08-02,85.05000305175781
2006-08-03,85.0199966430664
2006-08-04,84.56999969482422
2006-08-07,84.75
2006-08-08,84.66000366210938
2006-08-09,84.70999908447266
2006-08-10,85.08000183105469
2006-08-11,85.5199966430664
2006-08-14,85.63999938964844
2006-08-15,85.22000122070312
2006-08-16,84.87999725341797
2006-08-17,85.04000091552734
2006-08-18,85.08999633789062
2006-08-21,84.62999725341797
2006-08-22,85.18000030517578
2006-08-23,85.12999725341797
2006-08-24,85.27999877929688
2006-08-25,85.37999725341797
2006-08-28,85.2300033569336
2006-08-29,84.91000366210938
2006-08-30,84.97000122070312
2006-08-31,85.05000305175781
2006-09-01,84.94000244140625
2006-09-05,85.0
2006-09-06,85.0999984741211
2006-09-07,85.52999877929688
2006-09-08,85.94999694824219
2006-09-11,85.91999816894531
2006-09-12,85.91999816894531
2006-09-13,85.87000274658203
2006-09-14,85.66000366210938
2006-09-15,85.98999786376953
2006-09-18,85.80999755859375
2006-09-19,85.94000244140625
2006-09-20,85.80999755859375
2006-09-21,85.18000030517578
2006-09-22,85.19999694824219
2006-09-25,85.29000091552734
2006-09-26,85.62999725341797
2006-09-27,85.66000366210938
2006-09-28,85.72000122070312
2006-09-29,85.97000122070312
2006-10-02,85.58999633789062
2006-10-03,85.70999908447266
2006-10-04,85.83999633789062
2006-10-05,85.91999816894531
2006-10-06,86.44000244140625
2006-10-09,86.5199966430664
2006-10-10,87.0199966430664
2006-10-11,87.12000274658203
2006-10-12,86.91999816894531
2006-10-13,87.12000274658203
2006-10-16,87.0
2006-10-17,86.87000274658203
2006-10-18,86.87999725341797
2006-10-19,86.23999786376953
2006-10-20,86.2699966430664
2006-10-23,86.70999908447266
2006-10-24,86.62999725341797
2006-10-25,86.37999725341797
2006-10-26,85.88999938964844
2006-10-27,85.55999755859375
2006-10-30,85.58999633789062
2006-10-31,85.31999969482422
2006-11-01,85.31999969482422
2006-11-02,85.33999633789062
2006-11-03,85.70999908447266
2006-11-06,85.75
2006-11-07,85.43000030517578
2006-11-08,85.41000366210938
2006-11-09,85.18000030517578
2006-11-10,85.05000305175781
2006-11-13,85.36000061035156
2006-11-14,85.23999786376953
2006-11-15,85.33999633789062
2006-11-16,85.5
2006-11-17,85.37000274658203
2006-11-20,85.41999816894531
2006-11-21,85.23999786376953
2006-11-22,84.6500015258789
2006-11-23,84.4800033569336
2006-11-24,83.70999908447266
2006-11-27,83.51000213623047
2006-11-28,83.20999908447266
2006-11-29,83.44000244140625
2006-11-30,82.91999816894531
2006-12-01,82.4800033569336
2006-12-04,82.48999786376953
2006-12-05,82.44999694824219
2006-12-06,82.7699966430664
2006-12-07,82.80000305175781
2006-12-08,83.33000183105469
2006-12-11,83.12000274658203
2006-12-12,82.97000122070312
2006-12-13,82.97000122070312
2006-12-14,83.6500015258789
2006-12-15,84.05999755859375
2006-12-18,83.9800033569336
2006-12-19,83.45999908447266
2006-12-20,83.5199966430664
2006-12-21,83.56999969482422
2006-12-22,83.94000244140625
2006-12-26,84.06999969482422
2006-12-27,83.94000244140625
2006-12-28,83.81999969482422
2006-12-29,83.72000122070312
2007-01-02,83.19999694824219
2007-01-03,83.91999816894531
2007-01-04,84.31999969482422
2007-01-05,84.62999725341797
2007-01-08,84.5999984741211
2007-01-09,84.73999786376953
2007-01-10,85.08000183105469
2007-01-11,85.30999755859375
2007-01-12,85.02999877929688
2007-01-16,85.05000305175781
2007-01-17,84.9800033569336
2007-01-18,84.91000366210938
2007-01-19,84.86000061035156
2007-01-22,85.0199966430664
2007-01-23,84.66999816894531
2007-01-24,84.94000244140625
2007-01-25,85.11000061035156
2007-01-26,85.27999877929688
2007-01-29,85.0999984741211
2007-01-30,85.02999877929688
2007-01-31,84.61000061035156
2007-02-01,84.62999725341797
2007-02-02,84.95999908447266
2007-02-05,85.08000183105469
2007-02-06,84.77999877929688
2007-02-07,84.75
2007-02-08,84.69999694824219
2007-02-09,84.87000274658203
2007-02-12,85.1500015258789
2007-02-13,84.7300033569336
2007-02-14,84.19999694824219
2007-02-15,84.01000213623047
2007-02-16,84.08999633789062
2007-02-20,84.19000244140625
2007-02-21,84.20999908447266
2007-02-22,84.31999969482422
2007-02-23,84.06999969482422
2007-02-26,83.93000030517578
2007-02-27,83.4800033569336
2007-02-28,83.56999969482422
2007-03-01,83.68000030517578
2007-03-02,83.73999786376953
2007-03-05,84.1500015258789
2007-03-06,84.06999969482422
2007-03-07,83.77999877929688
2007-03-08,84.0999984741211
2007-03-09,84.23999786376953
2007-03-12,83.86000061035156
2007-03-13,83.7300033569336
2007-03-14,83.61000061035156
2007-03-15,83.68000030517578
2007-03-16,83.2300033569336
2007-03-19,83.38999938964844
2007-03-20,83.11000061035156
2007-03-21,82.7699966430664
2007-03-22,83.08999633789062
2007-03-23,83.27999877929688
2007-03-26,83.08000183105469
2007-03-27,83.01000213623047
2007-03-28,83.02999877929688
2007-03-29,83.08999633789062
2007-03-30,82.93000030517578
2007-04-02,82.87000274658203
2007-04-03,83.1500015258789
2007-04-04,82.95999908447266
2007-04-05,82.68000030517578
2007-04-09,83.0999984741211
2007-04-10,82.69999694824219
2007-04-11,82.66999816894531
2007-04-12,82.37000274658203
2007-04-13,82.12999725341797
2007-04-16,82.06999969482422
2007-04-17,81.83000183105469
2007-04-18,81.73999786376953
2007-04-19,81.63999938964844
2007-04-20,81.63999938964844
2007-04-23,81.73999786376953
2007-04-24,81.55000305175781
2007-04-25,81.43000030517578
2007-04-26,81.75
2007-04-27,81.52999877929688
2007-04-30,81.44999694824219
2007-05-01,81.5999984741211
2007-05-02,81.73999786376953
2007-05-03,81.94999694824219
2007-05-04,81.73999786376953
2007-05-07,81.68000030517578
2007-05-08,81.94000244140625
2007-05-09,82.0199966430664
2007-05-10,82.29000091552734
2007-05-11,82.12000274658203
2007-05-14,82.06999969482422
2007-05-15,81.75
2007-05-16,82.16000366210938
2007-05-17,82.31999969482422
2007-05-18,82.19999694824219
2007-05-21,82.36000061035156
2007-05-22,82.38999938964844
2007-05-23,82.30999755859375
2007-05-24,82.41000366210938
2007-05-25,82.33000183105469
2007-05-29,82.30999755859375
2007-05-30,82.43000030517578
2007-05-31,82.30000305175781
2007-06-01,82.31999969482422
2007-06-04,82.05999755859375
2007-06-05,81.88999938964844
2007-06-06,81.9000015258789
2007-06-07,82.29000091552734
2007-06-08,82.69000244140625
2007-06-11,82.70999908447266
2007-06-12,82.88999938964844
2007-06-13,83.04000091552734
2007-06-14,83.12999725341797
2007-06-15,82.8499984741211
2007-06-18,82.70999908447266
2007-06-19,82.54000091552734
2007-06-20,82.5199966430664
2007-06-21,82.7300033569336
2007-06-22,82.33999633789062
2007-06-25,82.31999969482422
2007-06-26,82.29000091552734
2007-06-27,82.31999969482422
2007-06-28,82.33000183105469
2007-06-29,81.91999816894531
2007-07-02,81.38999938964844
2007-07-03,81.43000030517578
2007-07-05,81.54000091552734
2007-07-06,81.45999908447266
2007-07-09,81.43000030517578
2007-07-10,80.86000061035156
2007-07-11,80.7300033569336
2007-07-12,80.63999938964844
2007-07-13,80.58000183105469
2007-07-16,80.5199966430664
2007-07-17,80.54000091552734
2007-07-18,80.41999816894531
2007-07-19,80.41999816894531
2007-07-20,80.29000091552734
2007-07-23,80.3499984741211
2007-07-24,80.08000183105469
2007-07-25,80.6500015258789
2007-07-26,80.44999694824219
2007-07-27,80.94999694824219
2007-07-30,80.8499984741211
2007-07-31,80.7699966430664
2007-08-01,80.87000274658203
2007-08-02,80.70999908447266
2007-08-03,80.18000030517578
2007-08-06,80.25
2007-08-07,80.4800033569336
2007-08-08,80.33999633789062
2007-08-09,80.73999786376953
2007-08-10,80.68000030517578
2007-08-13,81.05000305175781
2007-08-14,81.48999786376953
2007-08-15,81.81999969482422
2007-08-16,81.7300033569336
2007-08-17,81.43000030517578
2007-08-20,81.4000015258789
2007-08-21,81.48999786376953
2007-08-22,81.25
2007-08-23,81.13999938964844
2007-08-24,80.66999816894531
2007-08-27,80.73999786376953
2007-08-28,80.76000213623047
2007-08-29,80.69999694824219
2007-08-30,80.79000091552734
2007-08-31,80.79000091552734
2007-09-04,80.87999725341797
2007-09-05,80.62000274658203
2007-09-06,80.47000122070312
2007-09-07,79.95999908447266
2007-09-10,79.81999969482422
2007-09-11,79.69999694824219
2007-09-12,79.36000061035156
2007-09-13,79.51000213623047
2007-09-14,79.62000274658203
2007-09-17,79.72000122070312
2007-09-18,79.20999908447266
2007-09-19,79.30000305175781
2007-09-20,78.58000183105469
2007-09-21,78.5999984741211
2007-09-24,78.52999877929688
2007-09-25,78.30999755859375
2007-09-26,78.48999786376953
2007-09-27,78.33999633789062
2007-09-28,77.72000122070312
2007-10-01,77.9000015258789
2007-10-02,78.30000305175781
2007-10-03,78.56999969482422
2007-10-04,78.4800033569336
2007-10-05,78.30999755859375
2007-10-08,78.66999816894531
2007-10-09,78.52999877929688
2007-10-10,78.37999725341797
2007-10-11,78.08000183105469
2007-10-12,78.22000122070312
2007-10-15,78.08999633789062
2007-10-16,78.25
2007-10-17,78.12000274658203
2007-10-18,77.58999633789062
2007-10-19,77.41000366210938
2007-10-22,78.05999755859375
2007-10-23,77.58999633789062
2007-10-24,77.55000305175781
2007-10-25,77.27999877929688
2007-10-26,77.02999877929688
2007-10-29,76.83999633789062
2007-10-30,76.7699966430664
2007-10-31,76.4800033569336
2007-11-01,76.58999633789062
2007-11-02,76.33999633789062
2007-11-05,76.43000030517578
2007-11-06,76.04000091552734
2007-11-07,75.41000366210938
2007-11-08,75.45999908447266
2007-11-09,75.4000015258789
2007-11-12,75.9000015258789
2007-11-13,75.87999725341797
2007-11-14,75.80999755859375
2007-11-15,76.06999969482422
2007-11-16,75.83000183105469
2007-11-19,75.77999877929688
2007-11-20,75.20999908447266
2007-11-21,75.06999969482422
2007-11-23,75.05000305175781
2007-11-26,74.86000061035156
2007-11-27,75.0999984741211
2007-11-28,75.08000183105469
2007-11-29,75.58999633789062
2007-11-30,76.1500015258789
2007-12-03,75.93000030517578
2007-12-04,75.69000244140625
2007-12-05,76.41000366210938
2007-12-06,76.37999725341797
2007-12-07,76.29000091552734
2007-12-10,76.05999755859375
2007-12-11,76.22000122070312
2007-12-12,76.13999938964844
2007-12-13,76.55999755859375
2007-12-14,77.44000244140625
2007-12-17,77.4000015258789
2007-12-18,77.41000366210938
2007-12-19,77.58999633789062
2007-12-20,77.79000091552734
2007-12-21,77.72000122070312
2007-12-24,77.56999969482422
2007-12-26,77.1500015258789
2007-12-27,76.61000061035156
2007-12-28,76.22000122070312
2007-12-31,76.69999694824219
2008-01-02,75.97000122070312
2008-01-03,75.88999938964844
2008-01-04,75.79000091552734
2008-01-07,76.16999816894531
2008-01-08,76.11000061035156
2008-01-09,76.41999816894531
2008-01-10,75.93000030517578
2008-01-11,75.9800033569336
2008-01-14,75.61000061035156
2008-01-15,75.56999969482422
2008-01-16,76.26000213623047
2008-01-17,76.16999816894531
2008-01-18,76.37999725341797
2008-01-22,76.3499984741211
2008-01-23,76.4000015258789
2008-01-24,75.69000244140625
2008-01-25,75.97000122070312
2008-01-28,75.58000183105469
2008-01-29,75.54000091552734
2008-01-30,75.02999877929688
2008-01-31,75.18000030517578
2008-02-01,75.44999694824219
2008-02-04,75.37000274658203
2008-02-05,76.12000274658203
2008-02-06,76.13999938964844
2008-02-07,76.94000244140625
2008-02-08,76.66999816894531
2008-02-11,76.58000183105469
2008-02-12,76.31999969482422
2008-02-13,76.4000015258789
2008-02-14,76.1500015258789
2008-02-15,76.0999984741211
2008-02-19,76.0
2008-02-20,76.12000274658203
2008-02-21,75.5999984741211
2008-02-22,75.5199966430664
2008-02-25,75.52999877929688
2008-02-26,74.76000213623047
2008-02-27,74.20999908447266
2008-02-28,73.72000122070312
2008-02-29,73.70999908447266
2008-03-03,73.69999694824219
2008-03-04,73.66000366210938
2008-03-05,73.4800033569336
2008-03-06,73.0
2008-03-07,73.02999877929688
2008-03-10,72.98999786376953
2008-03-11,73.27999877929688
2008-03-12,72.4000015258789
2008-03-13,72.06999969482422
2008-03-14,71.66000366210938
2008-03-17,71.45999908447266
2008-03-18,71.56999969482422
2008-03-19,72.13999938964844
2008-03-20,72.75
2008-03-24,72.94999694824219
2008-03-25,72.27999877929688
2008-03-26,71.51000213623047
2008-03-27,71.66000366210938
2008-03-28,71.68000030517578
2008-03-31,71.80000305175781
2008-04-01,72.55999755859375
2008-04-02,72.26000213623047
2008-04-03,72.22000122070312
2008-04-04,72.0199966430664
2008-04-07,72.19999694824219
2008-04-08,72.2300033569336
2008-04-09,71.83000183105469
2008-04-10,72.12000274658203
2008-04-11,71.80999755859375
2008-04-14,71.87999725341797
2008-04-15,72.0199966430664
2008-04-16,71.41000366210938
2008-04-17,71.68000030517578
2008-04-18,72.01000213623047
2008-04-21,71.6500015258789
2008-04-22,71.33000183105469
2008-04-23,71.81999969482422
2008-04-24,72.54000091552734
2008-04-25,72.79000091552734
2008-04-28,72.79000091552734
2008-04-29,72.88999938964844
2008-04-30,72.51000213623047
2008-05-01,73.27999877929688
2008-05-02,73.5
2008-05-05,73.19000244140625
2008-05-06,73.0
2008-05-07,73.51000213623047
2008-05-08,73.4800033569336
2008-05-09,73.05000305175781
2008-05-12,72.94999694824219
2008-05-13,73.2699966430664
2008-05-14,73.4000015258789
2008-05-15,73.3499984741211
2008-05-16,72.83999633789062
2008-05-19,73.04000091552734
2008-05-20,72.4000015258789
2008-05-21,71.94000244140625
2008-05-22,72.27999877929688
2008-05-23,71.88999938964844
2008-05-27,72.33999633789062
2008-05-28,72.55000305175781
2008-05-29,73.0199966430664
2008-05-30,72.87999725341797
2008-06-02,72.93000030517578
2008-06-03,73.23999786376953
2008-06-04,73.41999816894531
2008-06-05,73.04000091552734
2008-06-06,72.38999938964844
2008-06-09,72.8499984741211
2008-06-10,73.69999694824219
2008-06-11,73.20999908447266
2008-06-12,73.86000061035156
2008-06-13,74.1500015258789
2008-06-16,73.61000061035156
2008-06-17,73.51000213623047
2008-06-18,73.44000244140625
2008-06-19,73.4800033569336
2008-06-20,73.02999877929688
2008-06-23,73.43000030517578
2008-06-24,73.23999786376953
2008-06-25,72.93000030517578
2008-06-26,72.48999786376953
2008-06-27,72.36000061035156
2008-06-30,72.45999908447266
2008-07-01,72.37000274658203
2008-07-02,72.02999877929688
2008-07-03,72.73999786376953
2008-07-07,72.66999816894531
2008-07-08,73.01000213623047
2008-07-09,72.58000183105469
2008-07-10,72.48999786376953
2008-07-11,72.0999984741211
2008-07-14,71.91999816894531
2008-07-15,71.87000274658203
2008-07-16,72.05999755859375
2008-07-17,72.23999786376953
2008-07-18,72.19000244140625
2008-07-21,71.98999786376953
2008-07-22,72.44999694824219
2008-07-23,72.80999755859375
2008-07-24,72.93000030517578
2008-07-25,72.86000061035156
2008-07-28,72.6500015258789
2008-07-29,73.30999755859375
2008-07-30,73.31999969482422
2008-07-31,73.2300033569336
2008-08-01,73.41999816894531
2008-08-04,73.45999908447266
2008-08-05,73.87999725341797
2008-08-06,74.23999786376953
2008-08-07,74.55000305175781
2008-08-08,75.8499984741211
2008-08-11,76.12999725341797
2008-08-12,76.1500015258789
2008-08-13,76.20999908447266
2008-08-14,76.66999816894531
2008-08-15,77.18000030517578
2008-08-18,77.12000274658203
2008-08-19,76.83999633789062
2008-08-20,76.95999908447266
2008-08-21,76.19999694824219
2008-08-22,76.80999755859375
2008-08-25,76.79000091552734
2008-08-26,77.25
2008-08-27,77.05000305175781
2008-08-28,77.1500015258789
2008-08-29,77.37999725341797
2008-09-02,78.05999755859375
2008-09-03,78.08999633789062
2008-09-04,78.61000061035156
2008-09-05,78.93000030517578
2008-09-08,79.58999633789062
2008-09-09,79.25
2008-09-10,79.8499984741211
2008-09-11,80.1500015258789
2008-09-12,78.97000122070312
2008-09-15,78.91000366210938
2008-09-16,79.06999969482422
2008-09-17,78.0999984741211
2008-09-18,78.0199966430664
2008-09-19,77.68000030517578
2008-09-22,76.1500015258789
2008-09-23,76.47000122070312
2008-09-24,76.79000091552734
2008-09-25,76.98999786376953
2008-09-26,76.94999694824219
2008-09-29,77.47000122070312
2008-09-30,79.44999694824219
2008-10-01,79.45999908447266
2008-10-02,80.44000244140625
2008-10-03,80.30999755859375
2008-10-06,81.68000030517578
2008-10-07,80.97000122070312
2008-10-08,80.91000366210938
2008-10-09,81.16000366210938
2008-10-10,83.0
2008-10-13,81.87999725341797
2008-10-14,81.36000061035156
2008-10-15,82.05000305175781
2008-10-16,82.45999908447266
2008-10-17,82.41000366210938
2008-10-20,83.0999984741211
2008-10-21,83.98999786376953
2008-10-22,85.37000274658203
2008-10-23,85.36000061035156
2008-10-24,86.44000244140625
2008-10-27,86.93000030517578
2008-10-28,87.02999877929688
2008-10-29,85.06999969482422
2008-10-30,84.55999755859375
2008-10-31,85.62999725341797
2008-11-03,86.3499984741211
2008-11-04,84.77999877929688
2008-11-05,84.61000061035156
2008-11-06,85.88999938964844
2008-11-07,85.91000366210938
2008-11-10,85.91000366210938
2008-11-11,87.06999969482422
2008-11-12,87.47000122070312
2008-11-13,86.94000244140625
2008-11-14,86.36000061035156
2008-11-17,86.80999755859375
2008-11-18,87.37000274658203
2008-11-19,87.30999755859375
2008-11-20,87.97000122070312
2008-11-21,88.19000244140625
2008-11-24,86.08000183105469
2008-11-25,85.0
2008-11-26,85.66999816894531
2008-11-28,86.5199966430664
2008-12-01,86.72000122070312
2008-12-02,86.69999694824219
2008-12-03,87.02999877929688
2008-12-04,86.44000244140625
2008-12-05,87.12000274658203
2008-12-08,85.55999755859375
2008-12-09,85.83999633789062
2008-12-10,85.4800033569336
2008-12-11,83.83000183105469
2008-12-12,83.63999938964844
2008-12-15,82.2699966430664
2008-12-16,80.68000030517578
2008-12-17,78.91000366210938
2008-12-18,79.47000122070312
2008-12-19,81.30000305175781
2008-12-22,81.08999633789062
2008-12-23,81.23999786376953
2008-12-24,81.20999908447266
2008-12-26,80.88999938964844
2008-12-29,80.68000030517578
2008-12-30,80.9000015258789
2008-12-31,81.30999755859375
2009-01-02,81.83999633789062
2009-01-05,82.63999938964844
2009-01-06,82.8499984741211
2009-01-07,82.27999877929688
2009-01-08,81.54000091552734
2009-01-09,82.66000366210938
2009-01-12,83.0199966430664
2009-01-13,84.2699966430664
2009-01-14,84.41999816894531
2009-01-15,84.44000244140625
2009-01-16,84.20999908447266
2009-01-20,86.22000122070312
2009-01-21,85.81999969482422
2009-01-22,85.5199966430664
2009-01-23,85.61000061035156
2009-01-26,84.7300033569336
2009-01-27,84.43000030517578
2009-01-28,84.66999816894531
2009-01-29,85.27999877929688
2009-01-30,86.0
2009-02-02,86.06999969482422
2009-02-03,85.05000305175781
2009-02-04,85.69999694824219
2009-02-05,86.05999755859375
2009-02-06,85.3499984741211
2009-02-09,84.79000091552734
2009-02-10,85.80999755859375
2009-02-11,85.77999877929688
2009-02-12,86.55000305175781
2009-02-13,86.04000091552734
2009-02-17,87.58000183105469
2009-02-18,88.01000213623047
2009-02-19,87.44000244140625
2009-02-20,86.48999786376953
2009-02-23,87.23999786376953
2009-02-24,86.88999938964844
2009-02-25,87.91000366210938
2009-02-26,87.7300033569336
2009-02-27,88.01000213623047
2009-03-02,88.94000244140625
2009-03-03,88.91000366210938
2009-03-04,88.58000183105469
2009-03-05,89.11000061035156
2009-03-06,88.51000213623047
2009-03-09,89.01000213623047
2009-03-10,88.93000030517578
2009-03-11,87.87000274658203
2009-03-12,87.66000366210938
2009-03-13,87.43000030517578
2009-03-16,86.94999694824219
2009-03-17,86.93000030517578
2009-03-18,84.5999984741211
2009-03-19,83.12999725341797
2009-03-20,83.83999633789062
2009-03-23,83.43000030517578
2009-03-24,83.86000061035156
2009-03-25,83.80999755859375
2009-03-26,84.16999816894531
2009-03-27,85.11000061035156
2009-03-30,85.87000274658203
2009-03-31,85.43000030517578
2009-04-01,85.5
2009-04-02,84.44999694824219
2009-04-03,84.16999816894531
2009-04-06,84.56999969482422
2009-04-07,85.29000091552734
2009-04-08,85.36000061035156
2009-04-09,85.79000091552734
2009-04-13,84.63999938964844
2009-04-14,84.63999938964844
2009-04-15,85.08000183105469
2009-04-16,85.2300033569336
2009-04-17,85.9800033569336
2009-04-20,86.63999938964844
2009-04-21,86.58000183105469
2009-04-22,86.19000244140625
2009-04-23,85.5199966430664
2009-04-24,84.70999908447266
2009-04-27,85.69999694824219
2009-04-28,85.16000366210938
2009-04-29,84.47000122070312
2009-04-30,84.61000061035156
2009-05-01,84.55000305175781
2009-05-04,83.97000122070312
2009-05-05,84.16000366210938
2009-05-06,83.80000305175781
2009-05-07,83.94000244140625
2009-05-08,82.52999877929688
2009-05-11,82.68000030517578
2009-05-12,82.30999755859375
2009-05-13,82.5
2009-05-14,82.27999877929688
2009-05-15,83.0199966430664
2009-05-18,82.66999816894531
2009-05-19,81.9800033569336
2009-05-20,80.98999786376953
2009-05-21,80.55999755859375
2009-05-22,79.95999908447266
2009-05-26,80.12999725341797
2009-05-27,80.33000183105469
2009-05-28,80.43000030517578
2009-05-29,80.43000030517578
2009-06-01,79.16999816894531
2009-06-02,78.4000015258789
2009-06-03,79.5
2009-06-04,79.41000366210938
2009-06-05,80.66999816894531
2009-06-08,80.91000366210938
2009-06-09,79.79000091552734
2009-06-10,80.33000183105469
2009-06-11,79.41000366210938
2009-06-12,80.13999938964844
2009-06-15,81.13999938964844
2009-06-16,80.70999908447266
2009-06-17,80.16999816894531
2009-06-18,80.61000061035156
2009-06-19,80.26000213623047
2009-06-22,80.77999877929688
2009-06-23,79.83999633789062
2009-06-24,80.55999755859375
2009-06-25,80.4000015258789
2009-06-26,79.87999725341797
2009-06-29,79.83999633789062
2009-06-30,80.12999725341797
2009-07-01,79.62999725341797
2009-07-02,80.1500015258789
2009-07-06,80.44999694824219
2009-07-07,80.62000274658203
2009-07-08,80.7699966430664
2009-07-09,79.86000061035156
2009-07-10,80.2300033569336
2009-07-13,80.12999725341797
2009-07-14,80.18000030517578
2009-07-15,79.31999969482422
2009-07-16,79.22000122070312
2009-07-17,79.3499984741211
2009-07-20,78.91000366210938
2009-07-21,78.93000030517578
2009-07-22,78.70999908447266
2009-07-23,78.80000305175781
2009-07-24,78.75
2009-07-27,78.62999725341797
2009-07-28,78.8499984741211
2009-07-29,79.62999725341797
2009-07-30,79.29000091552734
2009-07-31,78.3499984741211
2009-08-03,77.63999938964844
2009-08-04,77.7699966430664
2009-08-05,77.5199966430664
2009-08-06,78.06999969482422
2009-08-07,78.97000122070312
2009-08-10,79.26000213623047
2009-08-11,79.18000030517578
2009-08-12,78.79000091552734
2009-08-13,78.48999786376953
2009-08-14,78.88999938964844
2009-08-17,79.29000091552734
2009-08-18,78.94000244140625
2009-08-19,78.47000122070312
2009-08-20,78.37999725341797
2009-08-21,78.04000091552734
2009-08-24,78.2699966430664
2009-08-25,78.23999786376953
2009-08-26,78.66000366210938
2009-08-27,78.01000213623047
2009-08-28,78.37000274658203
2009-08-31,78.16999816894531
2009-09-01,78.76000213623047
2009-09-02,78.37999725341797
2009-09-03,78.45999908447266
2009-09-04,78.13999938964844
2009-09-08,77.31999969482422
2009-09-09,77.08999633789062
2009-09-10,76.81999969482422
2009-09-11,76.61000061035156
2009-09-14,76.69999694824219
2009-09-15,76.54000091552734
2009-09-16,76.23999786376953
2009-09-17,76.19000244140625
2009-09-18,76.43000030517578
2009-09-21,76.77999877929688
2009-09-22,76.12000274658203
2009-09-23,76.05000305175781
2009-09-24,76.9000015258789
2009-09-25,76.80999755859375
2009-09-28,77.05000305175781
2009-09-29,77.12000274658203
2009-09-30,76.6500015258789
2009-10-01,77.19000244140625
2009-10-02,77.0
2009-10-05,76.63999938964844
2009-10-06,76.33999633789062
2009-10-07,76.48999786376953
2009-10-08,75.97000122070312
2009-10-09,76.43000030517578
2009-10-12,76.12999725341797
2009-10-13,75.9800033569336
2009-10-14,75.55000305175781
2009-10-15,75.4800033569336
2009-10-16,75.5999984741211
2009-10-19,75.51000213623047
2009-10-20,75.56999969482422
2009-10-21,74.97000122070312
2009-10-22,75.08999633789062
2009-10-23,75.47000122070312
2009-10-26,76.05999755859375
2009-10-27,76.13999938964844
2009-10-28,76.43000030517578
2009-10-29,75.91999816894531
2009-10-30,76.30000305175781
2009-11-02,76.29000091552734
2009-11-03,76.38999938964844
2009-11-04,75.63999938964844
2009-11-05,75.73999786376953
2009-11-06,75.81999969482422
2009-11-09,75.02999877929688
2009-11-10,75.0199966430664
2009-11-11,75.16000366210938
2009-11-12,75.5999984741211
2009-11-13,75.33000183105469
2009-11-16,74.91000366210938
2009-11-17,75.37000274658203
2009-11-18,75.18000030517578
2009-11-19,75.29000091552734
2009-11-20,75.66000366210938
2009-11-23,75.08999633789062
2009-11-24,75.06999969482422
2009-11-25,74.2699966430664
2009-11-27,75.0
2009-11-30,74.87999725341797
2009-12-01,74.36000061035156
2009-12-02,74.66999816894531
2009-12-03,74.62999725341797
2009-12-04,75.91000366210938
2009-12-07,75.7699966430664
2009-12-08,76.30999755859375
2009-12-09,76.04000091552734
2009-12-10,76.04000091552734
2009-12-11,76.56999969482422
2009-12-14,76.3499984741211
2009-12-15,76.95999908447266
2009-12-16,77.0
2009-12-17,77.69000244140625
2009-12-18,77.81999969482422
2009-12-21,78.04000091552734
2009-12-22,78.25
2009-12-23,77.9000015258789
2009-12-24,77.83999633789062
2009-12-28,77.62999725341797
2009-12-29,77.83000183105469
2009-12-30,77.91000366210938
2009-12-31,77.86000061035156
2010-01-04,77.52999877929688
2010-01-05,77.62000274658203
2010-01-06,77.48999786376953
2010-01-07,77.91000366210938
2010-01-08,77.47000122070312
2010-01-11,77.0
2010-01-12,76.94999694824219
2010-01-13,76.8499984741211
2010-01-14,76.7300033569336
2010-01-15,77.31999969482422
2010-01-19,77.5
2010-01-20,78.33999633789062
2010-01-21,78.31999969482422
2010-01-22,78.27999877929688
2010-01-25,78.19000244140625
2010-01-26,78.43000030517578
2010-01-27,78.68000030517578
2010-01-28,78.9000015258789
2010-01-29,79.45999908447266
2010-02-01,79.23999786376953
2010-02-02,79.01000213623047
2010-02-03,79.37000274658203
2010-02-04,79.91999816894531
2010-02-05,80.44000244140625
2010-02-08,80.30000305175781
2010-02-09,79.86000061035156
2010-02-10,80.02999877929688
2010-02-11,79.98999786376953
2010-02-12,80.31999969482422
2010-02-16,79.69999694824219
2010-02-17,80.37999725341797
2010-02-18,80.4000015258789
2010-02-19,80.63999938964844
2010-02-22,80.51000213623047
2010-02-23,80.8499984741211
2010-02-24,80.8499984741211
2010-02-25,80.79000091552734
2010-02-26,80.36000061035156
2010-03-01,80.66000366210938
2010-03-02,80.5199966430664
2010-03-03,79.9800033569336
2010-03-04,80.55999755859375
2010-03-05,80.43000030517578
2010-03-08,80.43000030517578
2010-03-09,80.58999633789062
2010-03-10,80.44999694824219
2010-03-11,80.31999969482422
2010-03-12,79.83000183105469
2010-03-15,80.25
2010-03-16,79.75
2010-03-17,79.63999938964844
2010-03-18,80.22000122070312
2010-03-19,80.72000122070312
2010-03-22,80.6500015258789
2010-03-23,80.9000015258789
2010-03-24,81.83999633789062
2010-03-25,82.12000274658203
2010-03-26,81.68000030517578
2010-03-29,81.36000061035156
2010-03-30,81.47000122070312
2010-03-31,81.06999969482422
2010-04-01,80.77999877929688
2010-04-05,81.08999633789062
2010-04-06,81.38999938964844
2010-04-07,81.44000244140625
2010-04-08,81.52999877929688
2010-04-09,81.08999633789062
2010-04-12,80.55999755859375
2010-04-13,80.51000213623047
2010-04-14,80.19000244140625
2010-04-15,80.4800033569336
2010-04-16,80.81999969482422
2010-04-19,81.0
2010-04-20,81.05000305175781
2010-04-21,81.16000366210938
2010-04-22,81.56999969482422
2010-04-23,81.3499984741211
2010-04-26,81.4800033569336
2010-04-27,82.1500015258789
2010-04-28,82.37999725341797
2010-04-29,82.0
2010-04-30,81.87000274658203
2010-05-03,82.2699966430664
2010-05-04,83.30000305175781
2010-05-05,84.08000183105469
2010-05-06,84.88999938964844
2010-05-07,84.44999694824219
2010-05-10,84.16000366210938
2010-05-11,84.47000122070312
2010-05-12,84.83000183105469
2010-05-13,85.20999908447266
2010-05-14,86.0999984741211
2010-05-17,86.20999908447266
2010-05-18,87.16000366210938
2010-05-19,86.38999938964844
2010-05-20,85.56999969482422
2010-05-21,85.37000274658203
2010-05-24,86.20999908447266
2010-05-25,86.77999877929688
2010-05-26,87.12000274658203
2010-05-27,86.18000030517578
2010-05-28,86.4800033569336
2010-06-01,86.63999938964844
2010-06-02,86.79000091552734
2010-06-03,87.13999938964844
2010-06-04,88.2300033569336
2010-06-07,88.4000015258789
2010-06-08,88.38999938964844
2010-06-09,87.9000015258789
2010-06-10,87.16999816894531
2010-06-11,87.51000213623047
2010-06-14,86.51000213623047
2010-06-15,85.9800033569336
2010-06-16,86.08000183105469
2010-06-17,85.69000244140625
2010-06-18,85.69999694824219
2010-06-21,85.93000030517578
2010-06-22,86.11000061035156
2010-06-23,85.73999786376953
2010-06-24,85.7300033569336
2010-06-25,85.30999755859375
2010-06-28,85.6500015258789
2010-06-29,86.02999877929688
2010-06-30,86.0199966430664
2010-07-01,84.72000122070312
2010-07-02,84.43000030517578
2010-07-06,84.08000183105469
2010-07-07,83.81999969482422
2010-07-08,83.81999969482422
2010-07-09,83.94999694824219
2010-07-12,84.19999694824219
2010-07-13,83.63999938964844
2010-07-14,83.43000030517578
2010-07-15,82.55999755859375
2010-07-16,82.48999786376953
2010-07-19,82.51000213623047
2010-07-20,82.75
2010-07-21,83.38999938964844
2010-07-22,82.5999984741211
2010-07-23,82.45999908447266
2010-07-26,82.08999633789062
2010-07-27,82.18000030517578
2010-07-28,82.18000030517578
2010-07-29,81.63999938964844
2010-07-30,81.54000091552734
2010-08-02,80.94000244140625
2010-08-03,80.5999984741211
2010-08-04,80.88999938964844
2010-08-05,80.81999969482422
2010-08-06,80.41000366210938
2010-08-09,80.70999908447266
2010-08-10,80.80000305175781
2010-08-11,82.29000091552734
2010-08-12,82.63999938964844
2010-08-13,82.94999694824219
2010-08-16,82.52999877929688
2010-08-17,82.2300033569336
2010-08-18,82.22000122070312
2010-08-19,82.44999694824219
2010-08-20,83.05999755859375
2010-08-23,83.12000274658203
2010-08-24,83.1500015258789
2010-08-25,83.26000213623047
2010-08-26,82.93000030517578
2010-08-27,82.91999816894531
2010-08-30,83.16000366210938
2010-08-31,83.19999694824219
2010-09-01,82.5199966430664
2010-09-02,82.45999908447266
2010-09-03,83.0999984741211
2010-09-07,82.81999969482422
2010-09-08,82.58999633789062
2010-09-09,82.66999816894531
2010-09-10,82.69999694824219
2010-09-13,81.91000366210938
2010-09-14,81.08000183105469
2010-09-15,81.48999786376953
2010-09-16,81.23999786376953
2010-09-17,81.4000015258789
2010-09-20,81.33999633789062
2010-09-21,80.44000244140625
2010-09-22,79.83000183105469
2010-09-23,80.01000213623047
2010-09-24,79.38999938964844
2010-09-27,79.33999633789062
2010-09-28,79.01000213623047
2010-09-29,78.69000244140625
2010-09-30,78.72000122070312
2010-10-01,78.08999633789062
2010-10-04,78.44999694824219
2010-10-05,77.75
2010-10-06,77.38999938964844
2010-10-07,77.38999938964844
2010-10-08,77.31999969482422
2010-10-11,77.44000244140625
2010-10-12,77.36000061035156
2010-10-13,77.06999969482422
2010-10-14,76.6500015258789
2010-10-15,77.04000091552734
2010-10-18,76.93000030517578
2010-10-19,78.18000030517578
2010-10-20,77.16999816894531
2010-10-21,77.41999816894531
2010-10-22,77.47000122070312
2010-10-25,77.0999984741211
2010-10-26,77.70999908447266
2010-10-27,78.1500015258789
2010-10-28,77.30999755859375
2010-10-29,77.2699966430664
2010-11-01,77.30000305175781
2010-11-02,76.72000122070312
2010-11-03,76.4800033569336
2010-11-04,75.87999725341797
2010-11-05,76.55000305175781
2010-11-08,77.02999877929688
2010-11-09,77.44000244140625
2010-11-10,77.62999725341797
2010-11-11,78.22000122070312
2010-11-12,78.08000183105469
2010-11-15,78.5199966430664
2010-11-16,79.20999908447266
2010-11-17,79.08000183105469
2010-11-18,78.62000274658203
2010-11-19,78.5
2010-11-22,78.68000030517578
2010-11-23,79.68000030517578
2010-11-24,79.87000274658203
2010-11-26,80.36000061035156
2010-11-29,80.83999633789062
2010-11-30,81.19999694824219
2010-12-01,80.70999908447266
2010-12-02,80.30000305175781
2010-12-03,79.37999725341797
2010-12-06,79.56999969482422
2010-12-07,79.86000061035156
2010-12-08,80.0
2010-12-09,80.06999969482422
2010-12-10,80.06999969482422
2010-12-13,79.27999877929688
2010-12-14,79.37000274658203
2010-12-15,80.26000213623047
2010-12-16,80.18000030517578
2010-12-17,80.37000274658203
2010-12-20,80.62999725341797
2010-12-21,80.72000122070312
2010-12-22,80.7300033569336
2010-12-23,80.5
2010-12-27,80.37000274658203
2010-12-28,80.36000061035156
2010-12-29,79.80000305175781
2010-12-30,79.5199966430664
2010-12-31,79.02999877929688
2011-01-03,79.12999725341797
2011-01-04,79.44000244140625
2011-01-05,80.26000213623047
2011-01-06,80.79000091552734
2011-01-07,81.01000213623047
2011-01-10,80.87999725341797
2011-01-11,80.8499984741211
2011-01-12,80.02999877929688
2011-01-13,79.19000244140625
2011-01-14,79.16000366210938
2011-01-18,78.95999908447266
2011-01-19,78.63999938964844
2011-01-20,78.81999969482422
2011-01-21,78.20999908447266
2011-01-24,78.05000305175781
2011-01-25,78.0
2011-01-26,77.9000015258789
2011-01-27,77.7300033569336
2011-01-28,78.12999725341797
2011-01-31,77.73999786376953
2011-02-01,77.06999969482422
2011-02-02,77.16000366210938
2011-02-03,77.75
2011-02-04,78.04000091552734
2011-02-07,78.02999877929688
2011-02-08,78.0
2011-02-09,77.63999938964844
2011-02-10,78.25
2011-02-11,78.45999908447266
2011-02-14,78.61000061035156
2011-02-15,78.56999969482422
2011-02-16,78.22000122070312
2011-02-17,78.0
2011-02-18,77.66000366210938
2011-02-22,77.7699966430664
2011-02-23,77.41000366210938
2011-02-24,77.05999755859375
2011-02-25,77.27999877929688
2011-02-28,76.88999938964844
2011-03-01,77.05000305175781
2011-03-02,76.66999816894531
2011-03-03,76.4800033569336
2011-03-04,76.4000015258789
2011-03-07,76.5
2011-03-08,76.80000305175781
2011-03-09,76.72000122070312
2011-03-10,77.27999877929688
2011-03-11,76.77999877929688
2011-03-14,76.3499984741211
2011-03-15,76.33000183105469
2011-03-16,76.68000030517578
2011-03-17,76.04000091552734
2011-03-18,75.72000122070312
2011-03-21,75.4000015258789
2011-03-22,75.43000030517578
2011-03-23,75.79000091552734
2011-03-24,75.66000366210938
2011-03-25,76.22000122070312
2011-03-28,76.12999725341797
2011-03-29,76.25
2011-03-30,76.12000274658203
2011-03-31,75.86000061035156
2011-04-01,75.83000183105469
2011-04-04,75.91000366210938
2011-04-05,75.87999725341797
2011-04-06,75.51000213623047
2011-04-07,75.58999633789062
2011-04-08,75.06999969482422
2011-04-11,75.05999755859375
2011-04-12,74.8499984741211
2011-04-13,74.9800033569336
2011-04-14,74.68000030517578
2011-04-15,74.83000183105469
2011-04-18,75.5
2011-04-19,75.02999877929688
2011-04-20,74.37000274658203
2011-04-21,74.0
2011-04-25,73.98999786376953
2011-04-26,73.83999633789062
2011-04-27,73.5199966430664
2011-04-28,73.12000274658203
2011-04-29,72.93000030517578
2011-05-02,72.94999694824219
2011-05-03,73.13999938964844
2011-05-04,73.02999877929688
2011-05-05,74.19000244140625
2011-05-06,74.83999633789062
2011-05-09,74.73999786376953
2011-05-10,74.61000061035156
2011-05-11,75.33000183105469
2011-05-12,75.23999786376953
2011-05-13,75.76000213623047
2011-05-16,75.47000122070312
2011-05-17,75.4000015258789
2011-05-18,75.47000122070312
2011-05-19,75.12000274658203
2011-05-20,75.43000030517578
2011-05-23,76.0999984741211
2011-05-24,75.87999725341797
2011-05-25,75.93000030517578
2011-05-26,75.55000305175781
2011-05-27,74.94999694824219
2011-05-31,74.63999938964844
2011-06-01,74.68000030517578
2011-06-02,74.33000183105469
2011-06-03,73.77999877929688
2011-06-06,73.94999694824219
2011-06-07,73.5199966430664
2011-06-08,73.93000030517578
2011-06-09,74.19000244140625
2011-06-10,74.79000091552734
2011-06-13,74.51000213623047
2011-06-14,74.33000183105469
2011-06-15,75.5999984741211
2011-06-16,75.75
2011-06-17,74.98999786376953
2011-06-20,75.02999877929688
2011-06-21,74.54000091552734
2011-06-22,74.77999877929688
2011-06-23,75.44999694824219
2011-06-24,75.66999816894531
2011-06-27,75.38999938964844
2011-06-28,75.05999755859375
2011-06-29,74.69000244140625
2011-06-30,74.30000305175781
2011-07-01,74.3499984741211
2011-07-05,74.69000244140625
2011-07-06,75.12000274658203
2011-07-07,74.95999908447266
2011-07-08,75.18000030517578
2011-07-11,75.98999786376953
2011-07-12,75.80999755859375
2011-07-13,75.20999908447266
2011-07-14,75.25
2011-07-15,75.12999725341797
2011-07-18,75.4800033569336
2011-07-19,75.22000122070312
2011-07-20,74.79000091552734
2011-07-21,74.0199966430664
2011-07-22,74.19999694824219
2011-07-25,74.05999755859375
2011-07-26,73.47000122070312
2011-07-27,74.08999633789062
2011-07-28,74.22000122070312
2011-07-29,73.9000015258789
2011-08-01,74.26000213623047
2011-08-02,74.51000213623047
2011-08-03,74.04000091552734
2011-08-04,75.12000274658203
2011-08-05,74.5999984741211
2011-08-08,74.79000091552734
2011-08-09,74.61000061035156
2011-08-10,74.63999938964844
2011-08-11,74.68000030517578
2011-08-12,74.61000061035156
2011-08-15,73.83999633789062
2011-08-16,74.01000213623047
2011-08-17,73.66999816894531
2011-08-18,74.23999786376953
2011-08-19,73.98999786376953
2011-08-22,74.06999969482422
2011-08-23,73.87000274658203
2011-08-24,74.01000213623047
2011-08-25,74.27999877929688
2011-08-26,73.80999755859375
2011-08-29,73.72000122070312
2011-08-30,73.94000244140625
2011-08-31,74.12999725341797
2011-09-01,74.4800033569336
2011-09-02,74.75
2011-09-06,75.91999816894531
2011-09-07,75.45999908447266
2011-09-08,76.23999786376953
2011-09-09,77.19000244140625
2011-09-12,77.56999969482422
2011-09-13,76.91000366210938
2011-09-14,76.83000183105469
2011-09-15,76.23999786376953
2011-09-16,76.58000183105469
2011-09-19,77.38999938964844
2011-09-20,77.02999877929688
2011-09-21,77.33999633789062
2011-09-22,78.37999725341797
2011-09-23,78.30000305175781
2011-09-26,78.36000061035156
2011-09-27,77.51000213623047
2011-09-28,77.8499984741211
2011-09-29,77.91999816894531
2011-09-30,78.55000305175781
2011-10-03,79.44999694824219
2011-10-04,79.5999984741211
2011-10-05,78.91000366210938
2011-10-06,78.52999877929688
2011-10-07,78.72000122070312
2011-10-10,77.5999984741211
2011-10-11,77.58000183105469
2011-10-12,76.98999786376953
2011-10-13,76.98999786376953
2011-10-14,76.62000274658203
2011-10-17,77.13999938964844
2011-10-18,77.12999725341797
2011-10-19,77.11000061035156
2011-10-20,76.97000122070312
2011-10-21,76.30000305175781
2011-10-24,76.0199966430664
2011-10-25,76.25
2011-10-26,76.19999694824219
2011-10-27,74.87000274658203
2011-10-28,75.08999633789062
2011-10-31,76.16999816894531
2011-11-01,77.26000213623047
2011-11-02,77.01000213623047
2011-11-03,76.66999816894531
2011-11-04,76.91000366210938
2011-11-07,76.95999908447266
2011-11-08,76.66999816894531
2011-11-09,77.93000030517578
2011-11-10,77.63999938964844
2011-11-11,76.94000244140625
2011-11-14,77.55999755859375
2011-11-15,77.87999725341797
2011-11-16,78.16000366210938
2011-11-17,78.29000091552734
2011-11-18,78.0199966430664
2011-11-21,78.30000305175781
2011-11-22,78.2300033569336
2011-11-23,79.0
2011-11-25,79.61000061035156
2011-11-28,79.29000091552734
2011-11-29,79.0
2011-11-30,78.38999938964844
2011-12-01,78.31999969482422
2011-12-02,78.62999725341797
2011-12-05,78.61000061035156
2011-12-06,78.51000213623047
2011-12-07,78.4800033569336
2011-12-08,78.80999755859375
2011-12-09,78.62999725341797
2011-12-12,79.56999969482422
2011-12-13,80.25
2011-12-14,80.52999877929688
2011-12-15,80.23999786376953
2011-12-16,80.25
2011-12-19,80.25
2011-12-20,79.87999725341797
2011-12-21,80.0199966430664
2011-12-22,79.91999816894531
2011-12-23,80.01000213623047
2011-12-27,79.79000091552734
2011-12-28,80.48999786376953
2011-12-29,80.4800033569336
2011-12-30,80.16999816894531
2012-01-03,79.61000061035156
2012-01-04,80.08999633789062
2012-01-05,80.94000244140625
2012-01-06,81.23999786376953
2012-01-09,81.05000305175781
2012-01-10,80.80000305175781
2012-01-11,81.3499984741211
2012-01-12,80.7699966430664
2012-01-13,81.43000030517578
2012-01-17,81.18000030517578
2012-01-18,80.5999984741211
2012-01-19,80.20999908447266
2012-01-20,80.22000122070312
2012-01-23,79.69000244140625
2012-01-24,79.86000061035156
2012-01-25,79.56999969482422
2012-01-26,79.41000366210938
2012-01-27,78.9000015258789
2012-01-30,79.16000366210938
2012-01-31,79.27999877929688
2012-02-01,78.91999816894531
2012-02-02,78.97000122070312
2012-02-03,78.94000244140625
2012-02-06,79.08999633789062
2012-02-07,78.56999969482422
2012-02-08,78.63999938964844
2012-02-09,78.55999755859375
2012-02-10,79.11000061035156
2012-02-13,78.94000244140625
2012-02-14,79.58000183105469
2012-02-15,79.66999816894531
2012-02-16,79.33999633789062
2012-02-17,79.33000183105469
2012-02-21,79.04000091552734
2012-02-22,79.20999908447266
2012-02-23,78.80999755859375
2012-02-24,78.3499984741211
2012-02-27,78.55999755859375
2012-02-28,78.2699966430664
2012-02-29,78.7300033569336
2012-03-01,78.77999877929688
2012-03-02,79.4000015258789
2012-03-05,79.31999969482422
2012-03-06,79.86000061035156
2012-03-07,79.70999908447266
2012-03-08,79.16000366210938
2012-03-09,80.04000091552734
2012-03-12,79.87000274658203
2012-03-13,80.19000244140625
2012-03-14,80.55999755859375
2012-03-15,80.1500015258789
2012-03-16,79.77999877929688
2012-03-19,79.44999694824219
2012-03-20,79.58999633789062
2012-03-21,79.62999725341797
2012-03-22,79.73999786376953
2012-03-23,79.33999633789062
2012-03-26,78.93000030517578
2012-03-27,79.04000091552734
2012-03-28,79.16000366210938
2012-03-29,79.18000030517578
2012-03-30,78.93000030517578
2012-04-02,78.81999969482422
2012-04-03,79.4800033569336
2012-04-04,79.76000213623047
2012-04-05,80.06999969482422
2012-04-09,79.7300033569336
2012-04-10,79.88999938964844
2012-04-11,79.77999877929688
2012-04-12,79.27999877929688
2012-04-13,79.87999725341797
2012-04-16,79.55000305175781
2012-04-17,79.47000122070312
2012-04-18,79.52999877929688
2012-04-19,79.55999755859375
2012-04-20,79.18000030517578
2012-04-23,79.41999816894531
2012-04-24,79.22000122070312
2012-04-25,79.01000213623047
2012-04-26,78.91000366210938
2012-04-27,78.69999694824219
2012-04-30,78.79000091552734
2012-05-01,78.86000061035156
2012-05-02,79.12999725341797
2012-05-03,79.22000122070312
2012-05-04,79.47000122070312
2012-05-07,79.5999984741211
2012-05-08,79.7300033569336
2012-05-09,80.08000183105469
2012-05-10,80.11000061035156
2012-05-11,80.27999877929688
2012-05-14,80.5999984741211
2012-05-15,81.22000122070312
2012-05-16,81.37000274658203
2012-05-17,81.37999725341797
2012-05-18,81.29000091552734
2012-05-21,81.08000183105469
2012-05-22,81.66999816894531
2012-05-23,82.08999633789062
2012-05-24,82.29000091552734
2012-05-25,82.4000015258789
2012-05-29,82.44000244140625
2012-05-30,83.01000213623047
2012-05-31,83.04000091552734
2012-06-01,82.88999938964844
2012-06-04,82.55000305175781
2012-06-05,82.80000305175781
2012-06-06,82.31999969482422
2012-06-07,82.05000305175781
2012-06-08,82.51000213623047
2012-06-11,82.51000213623047
2012-06-12,82.41000366210938
2012-06-13,82.05000305175781
2012-06-14,81.9000015258789
2012-06-15,81.58999633789062
2012-06-18,81.94000244140625
2012-06-19,81.37000274658203
2012-06-20,81.48999786376953
2012-06-21,82.31999969482422
2012-06-22,82.22000122070312
2012-06-25,82.45999908447266
2012-06-26,82.37000274658203
2012-06-27,82.55999755859375
2012-06-28,82.66999816894531
2012-06-29,81.6500015258789
2012-07-02,81.87000274658203
2012-07-03,81.77999877929688
2012-07-05,82.80999755859375
2012-07-06,83.29000091552734
2012-07-09,83.16000366210938
2012-07-10,83.36000061035156
2012-07-11,83.56999969482422
2012-07-12,83.6500015258789
2012-07-13,83.30000305175781
2012-07-16,83.08999633789062
2012-07-17,83.02999877929688
2012-07-18,82.94999694824219
2012-07-19,82.9000015258789
2012-07-20,83.47000122070312
2012-07-23,83.70999908447266
2012-07-24,84.01000213623047
2012-07-25,83.5199966430664
2012-07-26,82.80999755859375
2012-07-27,82.70999908447266
2012-07-30,82.79000091552734
2012-07-31,82.63999938964844
2012-08-01,83.05999755859375
2012-08-02,83.33000183105469
2012-08-03,82.37999725341797
2012-08-06,82.2699966430664
2012-08-07,82.20999908447266
2012-08-08,82.38999938964844
2012-08-09,82.63999938964844
2012-08-10,82.55000305175781
2012-08-13,82.44000244140625
2012-08-14,82.4800033569336
2012-08-15,82.6500015258789
2012-08-16,82.36000061035156
2012-08-17,82.5999984741211
2012-08-20,82.45999908447266
2012-08-21,81.91000366210938
2012-08-22,81.48999786376953
2012-08-23,81.36000061035156
2012-08-24,81.58999633789062
2012-08-27,81.66000366210938
2012-08-28,81.37000274658203
2012-08-29,81.55000305175781
2012-08-30,81.68000030517578
2012-08-31,81.25
2012-09-04,81.31999969482422
2012-09-05,81.23999786376953
2012-09-06,81.08000183105469
2012-09-07,80.25
2012-09-10,80.36000061035156
2012-09-11,79.86000061035156
2012-09-12,79.73999786376953
2012-09-13,79.26000213623047
2012-09-14,78.8499984741211
2012-09-17,79.01000213623047
2012-09-18,79.25
2012-09-19,79.05999755859375
2012-09-20,79.41000366210938
2012-09-21,79.33000183105469
2012-09-24,79.5199966430664
2012-09-25,79.55000305175781
2012-09-26,79.88999938964844
2012-09-27,79.55000305175781
2012-09-28,79.94000244140625
2012-10-01,79.81999969482422
2012-10-02,79.73999786376953
2012-10-03,79.97000122070312
2012-10-04,79.3499984741211
2012-10-05,79.33999633789062
2012-10-08,79.54000091552734
2012-10-09,79.94999694824219
2012-10-10,79.91999816894531
2012-10-11,79.77999877929688
2012-10-12,79.69000244140625
2012-10-15,79.73999786376953
2012-10-16,79.37000274658203
2012-10-17,79.0199966430664
2012-10-18,79.37000274658203
2012-10-19,79.63999938964844
2012-10-22,79.6500015258789
2012-10-23,79.9800033569336
2012-10-24,79.97000122070312
2012-10-25,80.04000091552734
2012-10-26,80.06999969482422
2012-10-31,79.91999816894531
2012-11-01,80.05000305175781
2012-11-02,80.58999633789062
2012-11-05,80.75
2012-11-06,80.61000061035156
2012-11-07,80.76000213623047
2012-11-08,80.79000091552734
2012-11-09,81.02999877929688
2012-11-12,81.04000091552734
2012-11-13,81.08000183105469
2012-11-14,81.05999755859375
2012-11-15,81.08000183105469
2012-11-16,81.26000213623047
2012-11-19,80.87000274658203
2012-11-20,80.95999908447266
2012-11-21,80.93000030517578
2012-11-23,80.19000244140625
2012-11-26,80.25
2012-11-27,80.4000015258789
2012-11-28,80.33999633789062
2012-11-29,80.19999694824219
2012-11-30,80.1500015258789
2012-12-03,79.87999725341797
2012-12-04,79.63999938964844
2012-12-05,79.7699966430664
2012-12-06,80.26000213623047
2012-12-07,80.41999816894531
2012-12-10,80.33000183105469
2012-12-11,80.05999755859375
2012-12-12,79.88999938964844
2012-12-13,79.93000030517578
2012-12-14,79.5999984741211
2012-12-17,79.56999969482422
2012-12-18,79.36000061035156
2012-12-19,79.25
2012-12-20,79.26000213623047
2012-12-21,79.62000274658203
2012-12-24,79.63999938964844
2012-12-26,79.62000274658203
2012-12-27,79.62000274658203
2012-12-28,79.68000030517578
2012-12-31,79.7699966430664
2013-01-02,79.8499984741211
2013-01-03,80.43000030517578
2013-01-04,80.5
2013-01-07,80.26000213623047
2013-01-08,80.3499984741211
2013-01-09,80.55999755859375
2013-01-10,79.73999786376953
2013-01-11,79.55999755859375
2013-01-14,79.48999786376953
2013-01-15,79.77999877929688
2013-01-16,79.80000305175781
2013-01-17,79.6500015258789
2013-01-18,80.05000305175781
2013-01-22,79.87000274658203
2013-01-23,79.91999816894531
2013-01-24,79.94999694824219
2013-01-25,79.75
2013-01-28,79.77999877929688
2013-01-29,79.55999755859375
2013-01-30,79.27999877929688
2013-01-31,79.20999908447266
2013-02-01,79.12999725341797
2013-02-04,79.55000305175781
2013-02-05,79.48999786376953
2013-02-06,79.72000122070312
2013-02-07,80.19000244140625
2013-02-08,80.25
2013-02-11,80.30999755859375
2013-02-12,80.11000061035156
2013-02-13,80.08999633789062
2013-02-14,80.45999908447266
2013-02-15,80.58000183105469
2013-02-19,80.47000122070312
2013-02-20,81.08999633789062
2013-02-21,81.45999908447266
2013-02-22,81.4800033569336
2013-02-25,81.66999816894531
2013-02-26,81.87000274658203
2013-02-27,81.5999984741211
2013-02-28,81.9800033569336
2013-03-01,82.30999755859375
2013-03-04,82.22000122070312
2013-03-05,82.08999633789062
2013-03-06,82.45999908447266
2013-03-07,82.08000183105469
2013-03-08,82.69999694824219
2013-03-11,82.56999969482422
2013-03-12,82.58000183105469
2013-03-13,82.88999938964844
2013-03-14,82.61000061035156
2013-03-15,82.26000213623047
2013-03-18,82.69000244140625
2013-03-19,82.98999786376953
2013-03-20,82.77999877929688
2013-03-21,82.80000305175781
2013-03-22,82.52999877929688
2013-03-25,82.87000274658203
2013-03-26,82.87999725341797
2013-03-27,83.20999908447266
2013-03-28,82.98999786376953
2013-04-01,82.7300033569336
2013-04-02,82.94000244140625
2013-04-03,82.72000122070312
2013-04-04,82.68000030517578
2013-04-05,82.5
2013-04-08,82.75
2013-04-09,82.30999755859375
2013-04-10,82.52999877929688
2013-04-11,82.25
2013-04-12,82.30999755859375
2013-04-15,82.41999816894531
2013-04-16,81.75
2013-04-17,82.66000366210938
2013-04-18,82.55000305175781
2013-04-19,82.70999908447266
2013-04-22,82.68000030517578
2013-04-23,83.02999877929688
2013-04-24,82.93000030517578
2013-04-25,82.73999786376953
2013-04-26,82.4800033569336
2013-04-29,82.1500015258789
2013-04-30,81.7300033569336
2013-05-01,81.63999938964844
2013-05-02,82.20999908447266
2013-05-03,82.0999984741211
2013-05-06,82.31999969482422
2013-05-07,82.30000305175781
2013-05-08,81.9000015258789
2013-05-09,82.79000091552734
2013-05-10,83.13999938964844
2013-05-13,83.26000213623047
2013-05-14,83.56999969482422
2013-05-15,83.83000183105469
2013-05-16,83.7699966430664
2013-05-17,84.27999877929688
2013-05-20,83.80999755859375
2013-05-21,83.86000061035156
2013-05-22,84.25
2013-05-23,83.80000305175781
2013-05-24,83.69999694824219
2013-05-28,84.13999938964844
2013-05-29,83.63999938964844
2013-05-30,83.01000213623047
2013-05-31,83.37999725341797
2013-06-03,82.68000030517578
2013-06-04,82.7699966430664
2013-06-05,82.56999969482422
2013-06-06,81.5199966430664
2013-06-07,81.69000244140625
2013-06-10,81.6500015258789
2013-06-11,81.05999755859375
2013-06-12,80.95999908447266
2013-06-13,80.62000274658203
2013-06-14,80.66999816894531
2013-06-17,80.56999969482422
2013-06-18,80.62000274658203
2013-06-19,81.43000030517578
2013-06-20,81.83999633789062
2013-06-21,82.31999969482422
2013-06-24,82.43000030517578
2013-06-25,82.58000183105469
2013-06-26,82.94999694824219
2013-06-27,82.91000366210938
2013-06-28,83.16999816894531
2013-07-01,82.9800033569336
2013-07-02,83.54000091552734
2013-07-03,83.2300033569336
2013-07-05,84.41999816894531
2013-07-08,84.19999694824219
2013-07-09,84.58000183105469
2013-07-10,84.04000091552734
2013-07-11,82.75
2013-07-12,82.98999786376953
2013-07-15,83.04000091552734
2013-07-16,82.43000030517578
2013-07-17,82.70999908447266
2013-07-18,82.81999969482422
2013-07-19,82.58000183105469
2013-07-22,82.22000122070312
2013-07-23,82.01000213623047
2013-07-24,82.30000305175781
2013-07-25,81.97000122070312
2013-07-26,81.62000274658203
2013-07-29,81.66000366210938
2013-07-30,81.83000183105469
2013-07-31,81.44999694824219
2013-08-01,82.33999633789062
2013-08-02,81.91000366210938
2013-08-05,81.87999725341797
2013-08-06,81.5999984741211
2013-08-07,81.29000091552734
2013-08-08,81.01000213623047
2013-08-09,81.12999725341797
2013-08-12,81.33000183105469
2013-08-13,81.7300033569336
2013-08-14,81.69999694824219
2013-08-15,81.12999725341797
2013-08-16,81.26000213623047
2013-08-19,81.2300033569336
2013-08-20,80.91000366210938
2013-08-21,81.31999969482422
2013-08-22,81.48999786376953
2013-08-23,81.33999633789062
2013-08-26,81.37000274658203
2013-08-27,81.16999816894531
2013-08-28,81.41999816894531
2013-08-29,81.94999694824219
2013-08-30,82.08999633789062
2013-09-03,82.36000061035156
2013-09-04,82.16999816894531
2013-09-05,82.62999725341797
2013-09-06,82.1500015258789
2013-09-09,81.79000091552734
2013-09-10,81.81999969482422
2013-09-11,81.5199966430664
2013-09-12,81.48999786376953
2013-09-13,81.44999694824219
2013-09-16,81.25
2013-09-17,81.16999816894531
2013-09-18,80.23999786376953
2013-09-19,80.36000061035156
2013-09-20,80.44000244140625
2013-09-23,80.44999694824219
2013-09-24,80.55999755859375
2013-09-25,80.33000183105469
2013-09-26,80.5199966430664
2013-09-27,80.2699966430664
2013-09-30,80.22000122070312
2013-10-01,80.0999984741211
2013-10-02,79.87999725341797
2013-10-03,79.7699966430664
2013-10-04,80.12000274658203
2013-10-07,79.94000244140625
2013-10-08,80.05999755859375
2013-10-09,80.37000274658203
2013-10-10,80.41999816894531
2013-10-11,80.36000061035156
2013-10-14,80.26000213623047
2013-10-15,80.4800033569336
2013-10-16,80.5
2013-10-17,79.6500015258789
2013-10-18,79.63999938964844
2013-10-21,79.68000030517578
2013-10-22,79.23999786376953
2013-10-23,79.26000213623047
2013-10-24,79.19000244140625
2013-10-25,79.18000030517578
2013-10-28,79.25
2013-10-29,79.62999725341797
2013-10-30,79.75
2013-10-31,80.19999694824219
2013-11-01,80.7300033569336
2013-11-04,80.55000305175781
2013-11-05,80.70999908447266
2013-11-06,80.4800033569336
2013-11-07,80.81999969482422
2013-11-08,81.20999908447266
2013-11-11,81.08999633789062
2013-11-12,81.19000244140625
2013-11-13,80.93000030517578
2013-11-14,80.9800033569336
2013-11-15,80.83999633789062
2013-11-18,80.83000183105469
2013-11-19,80.69999694824219
2013-11-20,81.11000061035156
2013-11-21,81.05000305175781
2013-11-22,80.70999908447266
2013-11-25,80.91999816894531
2013-11-26,80.61000061035156
2013-11-27,80.73999786376953
2013-11-29,80.68000030517578
2013-12-02,80.91000366210938
2013-12-03,80.62000274658203
2013-12-04,80.62999725341797
2013-12-05,80.2699966430664
2013-12-06,80.2699966430664
2013-12-09,80.12999725341797
2013-12-10,79.97000122070312
2013-12-11,79.88999938964844
2013-12-12,80.19999694824219
2013-12-13,80.20999908447266
2013-12-16,80.06999969482422
2013-12-17,80.05999755859375
2013-12-18,80.11000061035156
2013-12-19,80.62999725341797
2013-12-20,80.58000183105469
2013-12-23,80.44999694824219
2013-12-24,80.52999877929688
2013-12-26,80.4800033569336
2013-12-27,80.38999938964844
2013-12-30,80.0
2013-12-31,80.04000091552734
2014-01-02,80.62999725341797
2014-01-03,80.79000091552734
2014-01-06,80.6500015258789
2014-01-07,80.83000183105469
2014-01-08,81.04000091552734
2014-01-09,81.01000213623047
2014-01-10,80.66000366210938
2014-01-13,80.51000213623047
2014-01-14,80.61000061035156
2014-01-15,81.0
2014-01-16,80.9000015258789
2014-01-17,81.26000213623047
2014-01-21,81.0999984741211
2014-01-22,81.16999816894531
2014-01-23,80.44000244140625
2014-01-24,80.45999908447266
2014-01-27,80.5
2014-01-28,80.56999969482422
2014-01-29,80.51000213623047
2014-01-30,81.08999633789062
2014-01-31,81.2699966430664
2014-02-03,81.01000213623047
2014-02-04,81.12000274658203
2014-02-05,81.02999877929688
2014-02-06,80.88999938964844
2014-02-07,80.69000244140625
2014-02-10,80.66999816894531
2014-02-11,80.62999725341797
2014-02-12,80.68000030517578
2014-02-13,80.29000091552734
2014-02-14,80.12999725341797
2014-02-18,80.01000213623047
2014-02-19,80.16999816894531
2014-02-20,80.29000091552734
2014-02-21,80.23999786376953
2014-02-24,80.20999908447266
2014-02-25,80.1500015258789
2014-02-26,80.41000366210938
2014-02-27,80.29000091552734
2014-02-28,79.77999877929688
2014-03-03,80.06999969482422
2014-03-04,80.16000366210938
2014-03-05,80.11000061035156
2014-03-06,79.68000030517578
2014-03-07,79.72000122070312
2014-03-10,79.75
2014-03-11,79.7699966430664
2014-03-12,79.61000061035156
2014-03-13,79.62000274658203
2014-03-14,79.44000244140625
2014-03-17,79.38999938964844
2014-03-18,79.41000366210938
2014-03-19,79.98999786376953
2014-03-20,80.20999908447266
2014-03-21,80.11000061035156
2014-03-24,79.93000030517578
2014-03-25,79.94000244140625
2014-03-26,79.9800033569336
2014-03-27,80.11000061035156
2014-03-28,80.18000030517578
2014-03-31,80.0999984741211
2014-04-01,80.08000183105469
2014-04-02,80.22000122070312
2014-04-03,80.47000122070312
2014-04-04,80.41999816894531
2014-04-07,80.22000122070312
2014-04-08,79.75
2014-04-09,79.4800033569336
2014-04-10,79.37999725341797
2014-04-11,79.44999694824219
2014-04-14,79.7300033569336
2014-04-15,79.80000305175781
2014-04-16,79.81999969482422
2014-04-17,79.83000183105469
2014-04-21,79.94999694824219
2014-04-22,79.91000366210938
2014-04-23,79.86000061035156
2014-04-24,79.80000305175781
2014-04-25,79.7699966430664
2014-04-28,79.68000030517578
2014-04-29,79.80999755859375
2014-04-30,79.48999786376953
2014-05-01,79.52999877929688
2014-05-02,79.5199966430664
2014-05-05,79.48999786376953
2014-05-06,79.13999938964844
2014-05-07,79.22000122070312
2014-05-08,79.43000030517578
2014-05-09,79.9000015258789
2014-05-12,79.9000015258789
2014-05-13,80.13999938964844
2014-05-14,80.06999969482422
2014-05-15,80.0
2014-05-16,80.04000091552734
2014-05-19,79.98999786376953
2014-05-20,80.04000091552734
2014-05-21,80.0999984741211
2014-05-22,80.25
2014-05-23,80.38999938964844
2014-05-27,80.3499984741211
2014-05-28,80.56999969482422
2014-05-29,80.48999786376953
2014-05-30,80.37000274658203
2014-06-02,80.63999938964844
2014-06-03,80.55000305175781
2014-06-04,80.66999816894531
2014-06-05,80.37000274658203
2014-06-06,80.41000366210938
2014-06-09,80.6500015258789
2014-06-10,80.81999969482422
2014-06-11,80.79000091552734
2014-06-12,80.58000183105469
2014-06-13,80.58000183105469
2014-06-16,80.47000122070312
2014-06-17,80.62999725341797
2014-06-18,80.58000183105469
2014-06-19,80.31999969482422
2014-06-20,80.37000274658203
2014-06-23,80.26000213623047
2014-06-24,80.33000183105469
2014-06-25,80.22000122070312
2014-06-26,80.2300033569336
2014-06-27,80.04000091552734
2014-06-30,79.77999877929688
2014-07-01,79.81999969482422
2014-07-02,79.95999908447266
2014-07-03,80.20999908447266
2014-07-07,80.22000122070312
2014-07-08,80.18000030517578
2014-07-09,79.98999786376953
2014-07-10,80.12999725341797
2014-07-11,80.19000244140625
2014-07-14,80.19000244140625
2014-07-15,80.38999938964844
2014-07-16,80.55999755859375
2014-07-17,80.5199966430664
2014-07-18,80.5199966430664
2014-07-21,80.55999755859375
2014-07-22,80.77999877929688
2014-07-23,80.80999755859375
2014-07-24,80.87000274658203
2014-07-25,81.02999877929688
2014-07-28,81.02999877929688
2014-07-29,81.20999908447266
2014-07-30,81.41999816894531
2014-07-31,81.45999908447266
2014-08-01,81.30000305175781
2014-08-04,81.33000183105469
2014-08-05,81.5199966430664
2014-08-06,81.44000244140625
2014-08-07,81.5199966430664
2014-08-08,81.38999938964844
2014-08-11,81.47000122070312
2014-08-12,81.5
2014-08-13,81.5999984741211
2014-08-14,81.58999633789062
2014-08-15,81.41999816894531
2014-08-18,81.58000183105469
2014-08-19,81.87999725341797
2014-08-20,82.25
2014-08-21,82.1500015258789
2014-08-22,82.33999633789062
2014-08-25,82.55000305175781
2014-08-26,82.6500015258789
2014-08-27,82.43000030517578
2014-08-28,82.4800033569336
2014-08-29,82.75
2014-09-02,82.98999786376953
2014-09-03,82.87000274658203
2014-09-04,83.81999969482422
2014-09-05,83.76000213623047
2014-09-08,84.2300033569336
2014-09-09,84.27999877929688
2014-09-10,84.25
2014-09-11,84.30000305175781
2014-09-12,84.23999786376953
2014-09-15,84.26000213623047
2014-09-16,84.06999969482422
2014-09-17,84.69999694824219
2014-09-18,84.31999969482422
2014-09-19,84.80000305175781
2014-09-22,84.66999816894531
2014-09-23,84.66000366210938
2014-09-24,85.05000305175781
2014-09-25,85.19999694824219
2014-09-26,85.63999938964844
2014-09-29,85.58999633789062
2014-09-30,85.94000244140625
2014-10-01,85.97000122070312
2014-10-02,85.5999984741211
2014-10-03,86.69000244140625
2014-10-06,85.70999908447266
2014-10-07,85.66999816894531
2014-10-08,85.30000305175781
2014-10-09,85.5199966430664
2014-10-10,85.91000366210938
2014-10-13,85.43000030517578
2014-10-14,85.81999969482422
2014-10-15,85.1500015258789
2014-10-16,85.0
2014-10-17,85.19000244140625
2014-10-20,84.94999694824219
2014-10-21,85.30999755859375
2014-10-22,85.73999786376953
2014-10-23,85.83999633789062
2014-10-24,85.7300033569336
2014-10-27,85.5
2014-10-28,85.41000366210938
2014-10-29,85.94999694824219
2014-10-30,86.1500015258789
2014-10-31,86.87999725341797
2014-11-03,87.30999755859375
2014-11-04,86.9800033569336
2014-11-05,87.44000244140625
2014-11-06,88.01000213623047
2014-11-07,87.63999938964844
2014-11-10,87.80999755859375
2014-11-11,87.52999877929688
2014-11-12,87.81999969482422
2014-11-13,87.66999816894531
2014-11-14,87.52999877929688
2014-11-17,87.93000030517578
2014-11-18,87.58000183105469
2014-11-19,87.6500015258789
2014-11-20,87.58999633789062
2014-11-21,88.30999755859375
2014-11-24,88.1500015258789
2014-11-25,87.91999816894531
2014-11-26,87.61000061035156
2014-11-28,88.36000061035156
2014-12-01,87.94999694824219
2014-12-02,88.6500015258789
2014-12-03,88.95999908447266
2014-12-04,88.69999694824219
2014-12-05,89.33000183105469
2014-12-08,89.04000091552734
2014-12-09,88.69000244140625
2014-12-10,88.2699966430664
2014-12-11,88.66000366210938
2014-12-12,88.36000061035156
2014-12-15,88.45999908447266
2014-12-16,88.12999725341797
2014-12-17,89.12999725341797
2014-12-18,89.23999786376953
2014-12-19,89.5999984741211
2014-12-22,89.7699966430664
2014-12-23,90.05999755859375
2014-12-24,89.97000122070312
2014-12-26,90.02999877929688
2014-12-29,90.19000244140625
2014-12-30,89.98999786376953
2014-12-31,90.2699966430664
2015-01-02,91.08000183105469
2015-01-05,91.37999725341797
2015-01-06,91.5
2015-01-07,91.88999938964844
2015-01-08,92.37000274658203
2015-01-09,91.94000244140625
2015-01-12,91.9800033569336
2015-01-13,92.30999755859375
2015-01-14,92.16000366210938
2015-01-15,92.3499984741211
2015-01-16,92.5199966430664
2015-01-20,93.05000305175781
2015-01-21,92.9000015258789
2015-01-22,94.23999786376953
2015-01-23,95.0
2015-01-26,94.80000305175781
2015-01-27,94.0199966430664
2015-01-28,94.47000122070312
2015-01-29,94.77999877929688
2015-01-30,94.80000305175781
2015-02-02,94.5
2015-02-03,93.5999984741211
2015-02-04,93.98999786376953
2015-02-05,94.69999694824219
2015-02-06,94.69999694824219
2015-02-09,94.44999694824219
2015-02-10,94.76000213623047
2015-02-11,94.98999786376953
2015-02-12,94.08999633789062
2015-02-13,94.19999694824219
2015-02-17,94.05999755859375
2015-02-18,94.19999694824219
2015-02-19,94.4000015258789
2015-02-20,94.25
2015-02-23,94.56999969482422
2015-02-24,94.48999786376953
2015-02-25,94.20999908447266
2015-02-26,95.29000091552734
2015-02-27,95.25
2015-03-02,95.45999908447266
2015-03-03,95.37999725341797
2015-03-04,95.97000122070312
2015-03-05,96.37999725341797
2015-03-06,97.62000274658203
2015-03-09,97.58999633789062
2015-03-10,98.62000274658203
2015-03-11,99.80000305175781
2015-03-12,99.1500015258789
2015-03-13,100.33000183105469
2015-03-16,99.5999984741211
2015-03-17,99.58999633789062
2015-03-18,98.55000305175781
2015-03-19,99.0999984741211
2015-03-20,97.91000366210938
2015-03-23,97.02999877929688
2015-03-24,97.19000244140625
2015-03-25,96.9800033569336
2015-03-26,97.44000244140625
2015-03-27,97.29000091552734
2015-03-30,97.9800033569336
2015-03-31,98.36000061035156
2015-04-01,98.19000244140625
2015-04-02,97.44000244140625
2015-04-06,97.11000061035156
2015-04-07,97.83000183105469
2015-04-08,98.06999969482422
2015-04-09,99.16000366210938
2015-04-10,99.38999938964844
2015-04-13,99.48999786376953
2015-04-14,98.76000213623047
2015-04-15,98.33000183105469
2015-04-16,97.41999816894531
2015-04-17,97.5199966430664
2015-04-20,97.94000244140625
2015-04-21,97.9800033569336
2015-04-22,98.0199966430664
2015-04-23,97.27999877929688
2015-04-24,96.91999816894531
2015-04-27,96.7699966430664
2015-04-28,96.08999633789062
2015-04-29,95.12000274658203
2015-04-30,94.5999984741211
2015-05-01,95.30000305175781
2015-05-04,95.4800033569336
2015-05-05,95.12999725341797
2015-05-06,94.12999725341797
2015-05-07,94.62000274658203
2015-05-08,94.79000091552734
2015-05-11,95.01000213623047
2015-05-12,94.52999877929688
2015-05-13,93.62000274658203
2015-05-14,93.36000061035156
2015-05-15,93.13999938964844
2015-05-18,94.19000244140625
2015-05-19,95.2699966430664
2015-05-20,95.44999694824219
2015-05-21,95.26000213623047
2015-05-22,96.01000213623047
2015-05-26,97.30000305175781
2015-05-27,97.37000274658203
2015-05-28,96.97000122070312
2015-05-29,96.91000366210938
2015-06-01,97.38999938964844
2015-06-02,95.83999633789062
2015-06-03,95.47000122070312
2015-06-04,95.45999908447266
2015-06-05,96.30999755859375
2015-06-08,95.30000305175781
2015-06-09,95.16999816894531
2015-06-10,94.6500015258789
2015-06-11,94.9800033569336
2015-06-12,94.97000122070312
2015-06-15,94.80999755859375
2015-06-16,95.0
2015-06-17,94.30000305175781
2015-06-18,94.04000091552734
2015-06-19,94.08999633789062
2015-06-22,94.33000183105469
2015-06-23,95.43000030517578
2015-06-24,95.26000213623047
2015-06-25,95.19000244140625
2015-06-26,95.47000122070312
2015-06-29,94.79000091552734
2015-06-30,95.48999786376953
2015-07-01,96.30999755859375
2015-07-02,96.11000061035156
2015-07-06,96.30000305175781
2015-07-07,96.87000274658203
2015-07-08,96.29000091552734
2015-07-09,96.61000061035156
2015-07-10,96.02999877929688
2015-07-13,96.86000061035156
2015-07-14,96.63999938964844
2015-07-15,97.12999725341797
2015-07-16,97.66000366210938
2015-07-17,97.86000061035156
2015-07-20,98.02999877929688
2015-07-21,97.33000183105469
2015-07-22,97.5999984741211
2015-07-23,97.12000274658203
2015-07-24,97.23999786376953
2015-07-27,96.5
2015-07-28,96.7699966430664
2015-07-29,96.9800033569336
2015-07-30,97.55999755859375
2015-07-31,97.37000274658203
2015-08-03,97.48999786376953
2015-08-04,97.93000030517578
2015-08-05,97.95999908447266
2015-08-06,97.83000183105469
2015-08-07,97.55999755859375
2015-08-10,97.16000366210938
2015-08-11,97.29000091552734
2015-08-12,96.26000213623047
2015-08-13,96.44999694824219
2015-08-14,96.56999969482422
2015-08-17,96.81999969482422
2015-08-18,96.97000122070312
2015-08-19,96.45999908447266
2015-08-20,95.75
2015-08-21,94.83000183105469
2015-08-24,93.30999755859375
2015-08-25,94.52999877929688
2015-08-26,95.0999984741211
2015-08-27,95.61000061035156
2015-08-28,96.11000061035156
2015-08-31,95.94999694824219
2015-09-01,95.44999694824219
2015-09-02,95.83000183105469
2015-09-03,96.41000366210938
2015-09-04,96.2300033569336
2015-09-08,95.87999725341797
2015-09-09,96.01000213623047
2015-09-10,95.45999908447266
2015-09-11,95.19000244140625
2015-09-14,95.25
2015-09-15,95.61000061035156
2015-09-16,95.41999816894531
2015-09-17,94.55000305175781
2015-09-18,94.86000061035156
2015-09-21,95.88999938964844
2015-09-22,96.27999877929688
2015-09-23,96.06999969482422
2015-09-24,95.98999786376953
2015-09-25,96.2699966430664
2015-09-28,96.02999877929688
2015-09-29,95.88999938964844
2015-09-30,96.3499984741211
2015-10-01,96.19000244140625
2015-10-02,95.83000183105469
2015-10-05,96.11000061035156
2015-10-06,95.45999908447266
2015-10-07,95.5
2015-10-08,95.31999969482422
2015-10-09,94.80999755859375
2015-10-12,94.83999633789062
2015-10-13,94.76000213623047
2015-10-14,93.93000030517578
2015-10-15,94.37000274658203
2015-10-16,94.54000091552734
2015-10-19,94.95999908447266
2015-10-20,94.8499984741211
2015-10-21,95.05000305175781
2015-10-22,96.33999633789062
2015-10-23,97.06999969482422
2015-10-26,96.86000061035156
2015-10-27,96.91000366210938
2015-10-28,97.77999877929688
2015-10-29,97.27999877929688
2015-10-30,96.94999694824219
2015-11-02,96.93000030517578
2015-11-03,97.16000366210938
2015-11-04,97.94999694824219
2015-11-05,97.94000244140625
2015-11-06,99.16000366210938
2015-11-09,98.9800033569336
2015-11-10,99.29000091552734
2015-11-11,99.01000213623047
2015-11-12,98.6500015258789
2015-11-13,98.98999786376953
2015-11-16,99.44000244140625
2015-11-17,99.62999725341797
2015-11-18,99.6500015258789
2015-11-19,98.98999786376953
2015-11-20,99.56999969482422
2015-11-23,99.80000305175781
2015-11-24,99.52999877929688
2015-11-25,99.80000305175781
2015-11-27,100.0199966430664
2015-11-30,100.16999816894531
2015-12-01,99.80000305175781
2015-12-02,99.98999786376953
2015-12-03,97.62000274658203
2015-12-04,98.3499984741211
2015-12-07,98.66000366210938
2015-12-08,98.47000122070312
2015-12-09,97.3499984741211
2015-12-10,97.94000244140625
2015-12-11,97.56999969482422
2015-12-14,97.5999984741211
2015-12-15,98.22000122070312
2015-12-16,97.87000274658203
2015-12-17,99.2699966430664
2015-12-18,98.69999694824219
2015-12-21,98.45999908447266
2015-12-22,98.23999786376953
2015-12-23,98.33999633789062
2015-12-24,97.9800033569336
2015-12-28,97.91999816894531
2015-12-29,98.0999984741211
2015-12-30,98.2699966430664
2015-12-31,98.62999725341797
2016-01-04,98.87000274658203
2016-01-05,99.4000015258789
2016-01-06,99.18000030517578
2016-01-07,98.22000122070312
2016-01-08,98.54000091552734
2016-01-11,98.7300033569336
2016-01-12,98.97000122070312
2016-01-13,98.93000030517578
2016-01-14,99.08999633789062
2016-01-15,98.95999908447266
2016-01-18,99.12000274658203
2016-01-19,98.98999786376953
2016-01-20,99.08999633789062
2016-01-21,99.05999755859375
2016-01-22,99.56999969482422
2016-01-25,99.36000061035156
2016-01-26,99.36000061035156
2016-01-27,98.9000015258789
2016-01-28,98.51000213623047
2016-01-29,99.61000061035156
2016-02-01,99.0
2016-02-02,98.87000274658203
2016-02-03,97.29000091552734
2016-02-04,96.47000122070312
2016-02-05,97.02999877929688
2016-02-08,96.56999969482422
2016-02-09,96.06999969482422
2016-02-10,95.88999938964844
2016-02-11,95.55999755859375
2016-02-12,95.9800033569336
2016-02-16,96.87000274658203
2016-02-17,96.79000091552734
2016-02-18,96.94999694824219
2016-02-19,96.5999984741211
2016-02-22,97.37999725341797
2016-02-23,97.4800033569336
2016-02-24,97.45999908447266
2016-02-25,97.29000091552734
2016-02-26,98.1500015258789
2016-02-29,98.20999908447266
2016-03-01,98.3499984741211
2016-03-02,98.20999908447266
2016-03-03,97.56999969482422
2016-03-04,97.33999633789062
2016-03-07,97.06999969482422
2016-03-08,97.20999908447266
2016-03-09,97.16999816894531
2016-03-10,96.06999969482422
2016-03-11,96.16999816894531
2016-03-14,96.62000274658203
2016-03-15,96.62999725341797
2016-03-16,95.88999938964844
2016-03-17,94.76000213623047
2016-03-18,94.98999786376953
2016-03-21,95.29000091552734
2016-03-22,95.6500015258789
2016-03-23,96.05000305175781
2016-03-24,96.13999938964844
2016-03-28,95.94000244140625
2016-03-29,95.16000366210938
2016-03-30,94.83999633789062
2016-03-31,94.58999633789062
2016-04-01,94.62000274658203
2016-04-04,94.51000213623047
2016-04-05,94.62999725341797
2016-04-06,94.43000030517578
2016-04-07,94.4800033569336
2016-04-08,94.23999786376953
2016-04-11,93.94999694824219
2016-04-12,93.95999908447266
2016-04-13,94.73999786376953
2016-04-14,94.9000015258789
2016-04-15,94.69999694824219
2016-04-18,94.48999786376953
2016-04-19,93.9800033569336
2016-04-20,94.48999786376953
2016-04-21,94.5999984741211
2016-04-22,95.12000274658203
2016-04-25,94.83999633789062
2016-04-26,94.56999969482422
2016-04-27,94.38999938964844
2016-04-28,93.76000213623047
2016-04-29,93.08000183105469
2016-05-02,92.62999725341797
2016-05-03,92.94000244140625
2016-05-04,93.18000030517578
2016-05-05,93.77999877929688
2016-05-06,93.88999938964844
2016-05-09,94.1500015258789
2016-05-10,94.29000091552734
2016-05-11,93.81999969482422
2016-05-12,94.13999938964844
2016-05-13,94.61000061035156
2016-05-16,94.56999969482422
2016-05-17,94.55000305175781
2016-05-18,95.08000183105469
2016-05-19,95.29000091552734
2016-05-20,95.30999755859375
2016-05-23,95.2300033569336
2016-05-24,95.56999969482422
2016-05-25,95.3499984741211
2016-05-26,95.16999816894531
2016-05-27,95.5199966430664
2016-05-31,95.88999938964844
2016-06-01,95.45999908447266
2016-06-02,95.55999755859375
2016-06-03,94.02999877929688
2016-06-06,93.9000015258789
2016-06-07,93.83000183105469
2016-06-08,93.58999633789062
2016-06-09,94.0999984741211
2016-06-10,94.5999984741211
2016-06-13,94.37000274658203
2016-06-14,94.93000030517578
2016-06-15,94.61000061035156
2016-06-16,94.56999969482422
2016-06-17,94.20999908447266
2016-06-20,93.61000061035156
2016-06-21,94.0199966430664
2016-06-22,93.72000122070312
2016-06-23,93.52999877929688
2016-06-24,95.44999694824219
2016-06-27,96.54000091552734
2016-06-28,96.25
2016-06-29,95.7699966430664
2016-06-30,96.13999938964844
2016-07-01,95.6500015258789
2016-07-05,96.16999816894531
2016-07-06,96.05999755859375
2016-07-07,96.33000183105469
2016-07-08,96.30000305175781
2016-07-11,96.56999969482422
2016-07-12,96.44000244140625
2016-07-13,96.22000122070312
2016-07-14,96.08000183105469
2016-07-15,96.58000183105469
2016-07-18,96.55999755859375
2016-07-19,97.05000305175781
2016-07-20,97.19999694824219
2016-07-21,97.0
2016-07-22,97.47000122070312
2016-07-25,97.29000091552734
2016-07-26,97.16000366210938
2016-07-27,97.05000305175781
2016-07-28,96.73999786376953
2016-07-29,95.52999877929688
2016-08-01,95.70999908447266
2016-08-02,95.05999755859375
2016-08-03,95.55999755859375
2016-08-04,95.76000213623047
2016-08-05,96.19000244140625
2016-08-08,96.4000015258789
2016-08-09,96.18000030517578
2016-08-10,95.6500015258789
2016-08-11,95.86000061035156
2016-08-12,95.72000122070312
2016-08-15,95.62999725341797
2016-08-16,94.79000091552734
2016-08-17,94.72000122070312
2016-08-18,94.16000366210938
2016-08-19,94.51000213623047
2016-08-22,94.5199966430664
2016-08-23,94.54000091552734
2016-08-24,94.79000091552734
2016-08-25,94.7699966430664
2016-08-26,95.56999969482422
2016-08-29,95.58000183105469
2016-08-30,96.05000305175781
2016-08-31,96.0199966430664
2016-09-01,95.6500015258789
2016-09-02,95.87999725341797
2016-09-06,94.81999969482422
2016-09-07,94.95999908447266
2016-09-08,95.02999877929688
2016-09-09,95.33999633789062
2016-09-12,95.0999984741211
2016-09-13,95.62999725341797
2016-09-14,95.33000183105469
2016-09-15,95.29000091552734
2016-09-16,96.11000061035156
2016-09-19,95.83999633789062
2016-09-20,96.0199966430664
2016-09-21,95.66000366210938
2016-09-22,95.44999694824219
2016-09-23,95.4800033569336
2016-09-26,95.30999755859375
2016-09-27,95.44000244140625
2016-09-28,95.43000030517578
2016-09-29,95.54000091552734
2016-09-30,95.45999908447266
2016-10-03,95.75
2016-10-04,96.12000274658203
2016-10-05,96.12999725341797
2016-10-06,96.66000366210938
2016-10-07,96.5199966430664
2016-10-11,97.69999694824219
2016-10-12,97.97000122070312
2016-10-13,97.5199966430664
2016-10-14,98.0199966430664
2016-10-17,97.88999938964844
2016-10-18,97.9000015258789
2016-10-19,97.87000274658203
2016-10-20,98.31999969482422
2016-10-21,98.69999694824219
2016-10-24,98.66999816894531
2016-10-25,98.72000122070312
2016-10-26,98.62999725341797
2016-10-27,98.88999938964844
2016-10-28,98.3499984741211
2016-10-31,98.44999694824219
2016-11-01,97.69999694824219
2016-11-02,97.4000015258789
2016-11-03,97.16000366210938
2016-11-04,97.06999969482422
2016-11-07,97.77999877929688
2016-11-08,97.86000061035156
2016-11-09,98.5
2016-11-10,98.79000091552734
2016-11-14,100.11000061035156
2016-11-15,100.19000244140625
2016-11-16,100.41000366210938
2016-11-17,100.88999938964844
2016-11-18,101.20999908447266
2016-11-21,101.05000305175781
2016-11-22,101.04000091552734
2016-11-23,101.69999694824219
2016-11-25,101.48999786376953
2016-11-28,101.33000183105469
2016-11-29,100.93000030517578
2016-11-30,101.5
2016-12-01,101.04000091552734
2016-12-02,100.7699966430664
2016-12-05,100.13999938964844
2016-12-06,100.48999786376953
2016-12-07,100.2300033569336
2016-12-08,101.06999969482422
2016-12-09,101.56999969482422
2016-12-12,100.95999908447266
2016-12-13,101.02999877929688
2016-12-14,102.0
2016-12-15,103.12999725341797
2016-12-16,102.94999694824219
2016-12-19,103.13999938964844
2016-12-20,103.29000091552734
2016-12-21,103.0199966430664
2016-12-22,103.08999633789062
2016-12-23,103.01000213623047
2016-12-27,103.0199966430664
2016-12-28,103.26000213623047
2016-12-29,102.68000030517578
2016-12-30,102.38999938964844
2017-01-03,103.20999908447266
2017-01-04,102.69999694824219
2017-01-05,101.5199966430664
2017-01-06,102.22000122070312
2017-01-09,101.93000030517578
2017-01-10,102.01000213623047
2017-01-11,101.77999877929688
2017-01-12,101.3499984741211
2017-01-13,101.18000030517578
2017-01-17,100.33000183105469
2017-01-18,100.93000030517578
2017-01-19,101.1500015258789
2017-01-20,100.73999786376953
2017-01-23,100.16000366210938
2017-01-24,100.3499984741211
2017-01-25,100.02999877929688
2017-01-26,100.37999725341797
2017-01-27,100.52999877929688
2017-01-30,100.43000030517578
2017-01-31,99.51000213623047
2017-02-01,99.63999938964844
2017-02-02,99.8499984741211
2017-02-03,99.87000274658203
2017-02-06,99.91000366210938
2017-02-07,100.26000213623047
2017-02-08,100.27999877929688
2017-02-09,100.6500015258789
2017-02-10,100.80000305175781
2017-02-13,100.95999908447266
2017-02-14,101.25
2017-02-15,101.18000030517578
2017-02-16,100.44000244140625
2017-02-17,100.94999694824219
2017-02-21,101.37000274658203
2017-02-22,101.33000183105469
2017-02-23,101.05000305175781
2017-02-24,101.08999633789062
2017-02-27,101.12999725341797
2017-02-28,101.12000274658203
2017-03-01,101.77999877929688
2017-03-02,102.19999694824219
2017-03-03,101.54000091552734
2017-03-06,101.63999938964844
2017-03-07,101.80999755859375
2017-03-08,102.06999969482422
2017-03-09,101.8499984741211
2017-03-10,101.25
2017-03-13,101.37999725341797
2017-03-14,101.69999694824219
2017-03-15,100.73999786376953
2017-03-16,100.2699966430664
2017-03-17,100.30000305175781
2017-03-20,100.41000366210938
2017-03-21,99.80999755859375
2017-03-22,99.68000030517578
2017-03-23,99.76000213623047
2017-03-24,99.62999725341797
2017-03-27,99.16999816894531
2017-03-28,99.70999908447266
2017-03-29,100.0
2017-03-30,100.41000366210938
2017-03-31,100.3499984741211
2017-04-03,100.54000091552734
2017-04-04,100.54000091552734
2017-04-05,100.55999755859375
2017-04-06,100.66999816894531
2017-04-07,101.18000030517578
2017-04-10,101.0199966430664
2017-04-11,100.70999908447266
2017-04-12,100.77999877929688
2017-04-13,100.55999755859375
2017-04-17,100.30000305175781
2017-04-18,99.5
2017-04-19,99.73999786376953
2017-04-20,99.77999877929688
2017-04-21,99.9800033569336
2017-04-24,99.08999633789062
2017-04-25,98.81999969482422
2017-04-26,98.95999908447266
2017-04-27,99.08000183105469
2017-04-28,99.05000305175781
2017-05-01,99.13999938964844
2017-05-02,98.9800033569336
2017-05-03,99.20999908447266
2017-05-04,98.76000213623047
2017-05-05,98.6500015258789
2017-05-08,99.1500015258789
2017-05-09,99.58999633789062
2017-05-10,99.66999816894531
2017-05-11,99.62000274658203
2017-05-12,99.25
2017-05-15,98.91000366210938
2017-05-16,98.11000061035156
2017-05-17,97.41999816894531
2017-05-18,97.87999725341797
2017-05-19,97.1500015258789
2017-05-22,96.9800033569336
2017-05-23,97.3499984741211
2017-05-24,97.23999786376953
2017-05-25,97.25
2017-05-26,97.4000015258789
2017-05-30,97.27999877929688
2017-05-31,96.91999816894531
2017-06-01,97.19999694824219
2017-06-02,96.72000122070312
2017-06-05,96.80000305175781
2017-06-06,96.63999938964844
2017-06-07,96.75
2017-06-08,96.91999816894531
2017-06-09,97.2699966430664
2017-06-12,97.13999938964844
2017-06-13,96.9800033569336
2017-06-14,96.94000244140625
2017-06-15,97.43000030517578
2017-06-16,97.16000366210938
2017-06-19,97.52999877929688
2017-06-20,97.75
2017-06-21,97.55999755859375
2017-06-22,97.54000091552734
2017-06-23,97.30000305175781
2017-06-26,97.43000030517578
2017-06-27,96.47000122070312
2017-06-28,96.05000305175781
2017-06-29,95.62999725341797
2017-06-30,95.66000366210938
2017-07-03,96.19999694824219
2017-07-05,96.29000091552734
2017-07-06,95.81999969482422
2017-07-07,96.01000213623047
2017-07-10,96.05000305175781
2017-07-11,95.73999786376953
2017-07-12,95.79000091552734
2017-07-13,95.7300033569336
2017-07-14,95.11000061035156
2017-07-17,95.12999725341797
2017-07-18,94.66000366210938
2017-07-19,94.80000305175781
2017-07-20,94.2699966430664
2017-07-21,93.94000244140625
2017-07-24,93.9800033569336
2017-07-25,94.05000305175781
2017-07-26,93.66999816894531
2017-07-27,93.86000061035156
2017-07-28,93.26000213623047
2017-07-31,92.86000061035156
2017-08-01,93.02999877929688
2017-08-02,92.83000183105469
2017-08-03,92.80999755859375
2017-08-04,93.54000091552734
2017-08-07,93.43000030517578
2017-08-08,93.63999938964844
2017-08-09,93.5199966430664
2017-08-10,93.4000015258789
2017-08-11,93.06999969482422
2017-08-14,93.45999908447266
2017-08-15,93.8499984741211
2017-08-16,93.48999786376953
2017-08-17,93.62000274658203
2017-08-18,93.43000030517578
2017-08-21,93.0999984741211
2017-08-22,93.55000305175781
2017-08-23,93.1500015258789
2017-08-24,93.27999877929688
2017-08-25,92.73999786376953
2017-08-28,92.20999908447266
2017-08-29,92.3499984741211
2017-08-30,92.87999725341797
2017-08-31,92.66999816894531
2017-09-01,92.80999755859375
2017-09-05,92.30999755859375
2017-09-06,92.29000091552734
2017-09-07,91.52999877929688
2017-09-08,91.33000183105469
2017-09-11,91.86000061035156
2017-09-12,91.91000366210938
2017-09-13,92.5199966430664
2017-09-14,92.12000274658203
2017-09-15,91.87000274658203
2017-09-18,92.05000305175781
2017-09-19,91.79000091552734
2017-09-20,92.51000213623047
2017-09-21,92.26000213623047
2017-09-22,92.16999816894531
2017-09-25,92.6500015258789
2017-09-26,92.97000122070312
2017-09-27,93.36000061035156
2017-09-28,93.08999633789062
2017-09-29,93.08000183105469
2017-10-02,93.55999755859375
2017-10-03,93.56999969482422
2017-10-04,93.45999908447266
2017-10-05,93.95999908447266
2017-10-06,93.80000305175781
2017-10-09,93.73999786376953
2017-10-10,93.29000091552734
2017-10-11,92.95999908447266
2017-10-12,93.12000274658203
2017-10-13,93.08999633789062
2017-10-16,93.27999877929688
2017-10-17,93.48999786376953
2017-10-18,93.36000061035156
2017-10-19,93.2699966430664
2017-10-20,93.69999694824219
2017-10-23,93.94000244140625
2017-10-24,93.95999908447266
2017-10-25,93.70999908447266
2017-10-26,94.61000061035156
2017-10-27,94.91999816894531
2017-10-30,94.48999786376953
2017-10-31,94.55000305175781
2017-11-01,94.81999969482422
2017-11-02,94.69000244140625
2017-11-03,94.94000244140625
2017-11-06,94.72000122070312
2017-11-07,94.91000366210938
2017-11-08,94.87000274658203
2017-11-09,94.44000244140625
2017-11-10,94.38999938964844
2017-11-13,94.48999786376953
2017-11-14,93.83000183105469
2017-11-15,93.80999755859375
2017-11-16,93.93000030517578
2017-11-17,93.66000366210938
2017-11-20,94.08000183105469
2017-11-21,93.94999694824219
2017-11-22,93.22000122070312
2017-11-24,92.76000213623047
2017-11-27,92.9000015258789
2017-11-28,93.26000213623047
2017-11-29,93.26000213623047
2017-11-30,93.01000213623047
2017-12-01,92.9000015258789
2017-12-04,93.19000244140625
2017-12-05,93.37999725341797
2017-12-06,93.61000061035156
2017-12-07,93.80000305175781
2017-12-08,93.9000015258789
2017-12-11,93.87000274658203
2017-12-12,94.0999984741211
2017-12-13,93.43000030517578
2017-12-14,93.48999786376953
2017-12-15,93.93000030517578
2017-12-18,93.69999694824219
2017-12-19,93.47000122070312
2017-12-20,93.3499984741211
2017-12-21,93.27999877929688
2017-12-22,93.3499984741211
2017-12-26,93.26000213623047
2017-12-27,93.02999877929688
2017-12-28,92.5999984741211
2017-12-29,92.12000274658203
2018-01-02,91.8499984741211
2018-01-03,92.16000366210938
2018-01-04,91.8499984741211
2018-01-05,91.94999694824219
2018-01-08,92.33000183105469
2018-01-09,92.52999877929688
2018-01-10,92.33000183105469
2018-01-11,91.8499984741211
2018-01-12,90.97000122070312
2018-01-16,90.38999938964844
2018-01-17,90.54000091552734
2018-01-18,90.5
2018-01-19,90.56999969482422
2018-01-22,90.4000015258789
2018-01-23,90.12000274658203
2018-01-24,89.20999908447266
2018-01-25,89.38999938964844
2018-01-26,89.06999969482422
2018-01-29,89.30999755859375
2018-01-30,89.19000244140625
2018-01-31,89.12999725341797
2018-02-01,88.66999816894531
2018-02-02,89.19999694824219
2018-02-05,89.55000305175781
2018-02-06,89.58999633789062
2018-02-07,90.26000213623047
2018-02-08,90.2300033569336
2018-02-09,90.44000244140625
2018-02-12,90.20999908447266
2018-02-13,89.69999694824219
2018-02-14,89.12000274658203
2018-02-15,88.58999633789062
2018-02-16,89.0999984741211
2018-02-20,89.72000122070312
2018-02-21,90.08000183105469
2018-02-22,89.75
2018-02-23,89.87999725341797
2018-02-26,89.81999969482422
2018-02-27,90.36000061035156
2018-02-28,90.61000061035156
2018-03-01,90.31999969482422
2018-03-02,89.94000244140625
2018-03-05,90.08000183105469
2018-03-06,89.62000274658203
2018-03-07,89.63999938964844
2018-03-08,90.12000274658203
2018-03-09,90.08999633789062
2018-03-12,89.9000015258789
2018-03-13,89.66000366210938
2018-03-14,89.69999694824219
2018-03-15,90.13999938964844
2018-03-16,90.2300033569336
2018-03-19,89.9000015258789
2018-03-20,90.37000274658203
2018-03-21,89.77999877929688
2018-03-22,89.86000061035156
2018-03-23,89.44000244140625
2018-03-26,89.02999877929688
2018-03-27,89.37000274658203
2018-03-28,90.05999755859375
2018-03-29,90.1500015258789
2018-04-02,90.05000305175781
2018-04-03,90.19999694824219
2018-04-04,90.13999938964844
2018-04-05,90.45999908447266
2018-04-06,90.11000061035156
2018-04-09,89.83999633789062
2018-04-10,89.58999633789062
2018-04-11,89.56999969482422
2018-04-12,89.75
2018-04-13,89.80000305175781
2018-04-16,89.43000030517578
2018-04-17,89.5199966430664
2018-04-18,89.62000274658203
2018-04-19,89.94000244140625
2018-04-20,90.31999969482422
2018-04-23,90.94000244140625
2018-04-24,90.7699966430664
2018-04-25,91.16999816894531
2018-04-26,91.55999755859375
2018-04-27,91.54000091552734
2018-04-30,91.83999633789062
2018-05-01,92.44999694824219
2018-05-02,92.51000213623047
2018-05-03,92.41000366210938
2018-05-04,92.56999969482422
2018-05-07,92.75
2018-05-08,93.12000274658203
2018-05-09,93.04000091552734
2018-05-10,92.6500015258789
2018-05-11,92.54000091552734
2018-05-14,92.58999633789062
2018-05-15,93.22000122070312
2018-05-16,93.38999938964844
2018-05-17,93.47000122070312
2018-05-18,93.63999938964844
2018-05-21,93.68000030517578
2018-05-22,93.61000061035156
2018-05-23,94.01000213623047
2018-05-24,93.77999877929688
2018-05-25,94.19000244140625
2018-05-29,94.83000183105469
2018-05-30,94.1500015258789
2018-05-31,93.98999786376953
2018-06-01,94.19000244140625
2018-06-04,94.0199966430664
2018-06-05,93.88999938964844
2018-06-06,93.66000366210938
2018-06-07,93.4000015258789
2018-06-08,93.55000305175781
2018-06-11,93.58000183105469
2018-06-12,93.80000305175781
2018-06-13,93.70999908447266
2018-06-14,94.7699966430664
2018-06-15,94.79000091552734
2018-06-18,94.75
2018-06-19,95.08999633789062
2018-06-20,95.05999755859375
2018-06-21,94.87000274658203
2018-06-22,94.5199966430664
2018-06-25,94.27999877929688
2018-06-26,94.68000030517578
2018-06-27,95.29000091552734
2018-06-28,95.38999938964844
2018-06-29,94.62999725341797
2018-07-02,94.87000274658203
2018-07-03,94.58999633789062
2018-07-05,94.47000122070312
2018-07-06,94.04000091552734
2018-07-09,94.08000183105469
2018-07-10,94.11000061035156
2018-07-11,94.72000122070312
2018-07-12,94.80999755859375
2018-07-13,94.75
2018-07-16,94.51000213623047
2018-07-17,94.97000122070312
2018-07-18,95.08000183105469
2018-07-19,95.16999816894531
2018-07-20,94.45999908447266
2018-07-23,94.66999816894531
2018-07-24,94.61000061035156
2018-07-25,94.36000061035156
2018-07-26,94.75
2018-07-27,94.68000030517578
2018-07-30,94.36000061035156
2018-07-31,94.48999786376953
2018-08-01,94.62000274658203
2018-08-02,95.16999816894531
2018-08-03,95.13999938964844
2018-08-06,95.36000061035156
2018-08-07,95.22000122070312
2018-08-08,95.0999984741211
2018-08-09,95.5
2018-08-10,96.36000061035156
2018-08-13,96.38999938964844
2018-08-14,96.7300033569336
2018-08-15,96.69999694824219
2018-08-16,96.6500015258789
2018-08-17,96.0999984741211
2018-08-20,95.9000015258789
2018-08-21,95.26000213623047
2018-08-22,95.1500015258789
2018-08-23,95.62000274658203
2018-08-24,95.1500015258789
2018-08-27,94.77999877929688
2018-08-28,94.72000122070312
2018-08-29,94.5999984741211
2018-08-30,94.72000122070312
2018-08-31,95.13999938964844
2018-09-04,95.41999816894531
2018-09-05,95.12999725341797
2018-09-06,95.0199966430664
2018-09-07,95.37000274658203
2018-09-10,95.1500015258789
2018-09-11,95.05999755859375
2018-09-12,94.80000305175781
2018-09-13,94.54000091552734
2018-09-14,94.9800033569336
2018-09-17,94.51000213623047
2018-09-18,94.62000274658203
2018-09-19,94.55000305175781
2018-09-20,93.91000366210938
2018-09-21,94.22000122070312
2018-09-24,94.26000213623047
2018-09-25,94.12999725341797
2018-09-26,94.19000244140625
2018-09-27,95.0
2018-09-28,95.19000244140625
2018-10-01,95.30000305175781
2018-10-02,95.51000213623047
2018-10-03,95.76000213623047
2018-10-04,95.75
2018-10-05,95.62000274658203
2018-10-08,95.7699966430664
2018-10-09,95.68000030517578
2018-10-10,95.51000213623047
2018-10-11,95.0199966430664
2018-10-12,95.22000122070312
2018-10-15,95.06999969482422
2018-10-16,95.05000305175781
2018-10-17,95.58000183105469
2018-10-18,95.9000015258789
2018-10-19,95.70999908447266
2018-10-22,96.01000213623047
2018-10-23,95.95999908447266
2018-10-24,96.43000030517578
2018-10-25,96.68000030517578
2018-10-26,96.36000061035156
2018-10-29,96.58000183105469
2018-10-30,97.01000213623047
2018-10-31,97.12999725341797
2018-11-01,96.27999877929688
2018-11-02,96.54000091552734
2018-11-05,96.3499984741211
2018-11-06,96.31999969482422
2018-11-07,96.0
2018-11-08,96.63999938964844
2018-11-09,96.91000366210938
2018-11-12,97.54000091552734
2018-11-13,97.30000305175781
2018-11-14,96.80000305175781
2018-11-15,96.93000030517578
2018-11-16,96.47000122070312
2018-11-19,96.19000244140625
2018-11-20,96.80999755859375
2018-11-21,96.70999908447266
2018-11-23,96.91999816894531
2018-11-26,97.06999969482422
2018-11-27,97.37000274658203
2018-11-28,96.79000091552734
2018-11-29,96.77999877929688
2018-11-30,97.2699966430664
2018-12-03,97.04000091552734
2018-12-04,96.97000122070312
2018-12-06,96.80999755859375
2018-12-07,96.51000213623047
2018-12-10,97.22000122070312
2018-12-11,97.38999938964844
2018-12-12,97.04000091552734
2018-12-13,97.05999755859375
2018-12-14,97.44000244140625
2018-12-17,97.0999984741211
2018-12-18,97.13999938964844
2018-12-19,97.04000091552734
2018-12-20,96.27999877929688
2018-12-21,96.95999908447266
2018-12-24,96.55000305175781
2018-12-26,97.05000305175781
2018-12-27,96.4800033569336
2018-12-28,96.38999938964844
2018-12-31,96.16999816894531
2019-01-02,96.81999969482422
2019-01-03,96.30999755859375
2019-01-04,96.19000244140625
2019-01-07,95.70999908447266
2019-01-08,95.9000015258789
2019-01-09,95.22000122070312
2019-01-10,95.54000091552734
2019-01-11,95.66999816894531
2019-01-14,95.58999633789062
2019-01-15,95.97000122070312
2019-01-16,96.05999755859375
2019-01-17,96.06999969482422
2019-01-18,96.33999633789062
2019-01-22,96.30000305175781
2019-01-23,96.12000274658203
2019-01-24,96.5999984741211
2019-01-25,95.79000091552734
2019-01-28,95.75
2019-01-29,95.81999969482422
2019-01-30,95.33999633789062
2019-01-31,95.58000183105469
2019-02-01,95.58000183105469
2019-02-04,95.8499984741211
2019-02-05,96.0999984741211
2019-02-06,96.41999816894531
2019-02-07,96.51000213623047
2019-02-08,96.63999938964844
2019-02-11,97.05999755859375
2019-02-12,96.70999908447266
2019-02-13,97.12999725341797
2019-02-14,96.9800033569336
2019-02-15,96.91999816894531
2019-02-19,96.5199966430664
2019-02-20,96.44999694824219
2019-02-21,96.61000061035156
2019-02-22,96.51000213623047
2019-02-25,96.41000366210938
2019-02-26,96.0
2019-02-27,96.1500015258789
2019-02-28,96.16000366210938
2019-03-01,96.52999877929688
2019-03-04,96.68000030517578
2019-03-05,96.8499984741211
2019-03-06,96.87000274658203
2019-03-07,97.66999816894531
2019-03-08,97.37000274658203
2019-03-11,97.22000122070312
2019-03-12,96.94000244140625
2019-03-13,96.55000305175781
2019-03-14,96.79000091552734
2019-03-15,96.5999984741211
2019-03-18,96.5199966430664
2019-03-19,96.37999725341797
2019-03-20,95.76000213623047
2019-03-21,96.5
2019-03-22,96.6500015258789
2019-03-25,96.56999969482422
2019-03-26,96.73999786376953
2019-03-27,96.7699966430664
2019-03-28,97.19999694824219
2019-03-29,97.27999877929688
2019-04-01,97.25
2019-04-02,97.36000061035156
2019-04-03,97.08999633789062
2019-04-04,97.30999755859375
2019-04-05,97.4000015258789
2019-04-08,97.05000305175781
2019-04-09,97.01000213623047
2019-04-10,96.94999694824219
2019-04-11,97.18000030517578
2019-04-12,96.97000122070312
2019-04-15,96.94000244140625
2019-04-16,97.04000091552734
2019-04-17,97.01000213623047
2019-04-18,97.47000122070312
2019-04-22,97.27999877929688
2019-04-23,97.56999969482422
2019-04-24,98.0999984741211
2019-04-25,98.19999694824219
2019-04-26,98.01000213623047
2019-04-29,97.86000061035156
2019-04-30,97.4800033569336
2019-05-01,97.69000244140625
2019-05-02,97.83000183105469
2019-05-03,97.5199966430664
2019-05-06,97.5199966430664
2019-05-07,97.62999725341797
2019-05-08,97.62000274658203
2019-05-09,97.37000274658203
2019-05-10,97.33000183105469
2019-05-13,97.31999969482422
2019-05-14,97.52999877929688
2019-05-15,97.56999969482422
2019-05-16,97.83999633789062
2019-05-17,98.0
2019-05-20,97.93000030517578
2019-05-21,98.05999755859375
2019-05-22,98.11000061035156
2019-05-23,97.8499984741211
2019-05-24,97.61000061035156
2019-05-28,97.95999908447266
2019-05-29,98.13999938964844
2019-05-30,98.13999938964844
2019-05-31,97.75
2019-06-03,97.13999938964844
2019-06-04,97.06999969482422
2019-06-05,97.37000274658203
2019-06-06,97.02999877929688
2019-06-07,96.61000061035156
2019-06-10,96.76000213623047
2019-06-11,96.69000244140625
2019-06-12,97.0
2019-06-13,97.01000213623047
2019-06-14,97.56999969482422
2019-06-17,97.55999755859375
2019-06-18,97.63999938964844
2019-06-19,97.12000274658203
2019-06-20,96.62999725341797
2019-06-21,96.22000122070312
2019-06-24,95.9800033569336
2019-06-25,96.16000366210938
2019-06-26,96.20999908447266
2019-06-27,96.19000244140625
2019-06-28,96.12999725341797
2019-07-01,96.83999633789062
2019-07-02,96.7300033569336
2019-07-03,96.7699966430664
2019-07-05,97.25
2019-07-08,97.37999725341797
2019-07-09,97.48999786376953
2019-07-10,97.0999984741211
2019-07-11,97.05000305175781
2019-07-12,96.80999755859375
2019-07-15,96.93000030517578
2019-07-16,97.4000015258789
2019-07-17,97.22000122070312
2019-07-18,96.79000091552734
2019-07-19,97.1500015258789
2019-07-22,97.26000213623047
2019-07-23,97.70999908447266
2019-07-24,97.7300033569336
2019-07-25,97.81999969482422
2019-07-26,98.01000213623047
2019-07-29,98.04000091552734
2019-07-30,98.05000305175781
2019-07-31,98.5199966430664
2019-08-01,98.38999938964844
2019-08-02,98.0999984741211
2019-08-05,97.5
2019-08-06,97.62999725341797
2019-08-07,97.54000091552734
2019-08-08,97.62000274658203
2019-08-09,97.48999786376953
2019-08-12,97.37999725341797
2019-08-13,97.80999755859375
2019-08-14,97.98999786376953
2019-08-15,98.13999938964844
2019-08-16,98.13999938964844
2019-08-19,98.3499984741211
2019-08-20,98.19000244140625
2019-08-21,98.30000305175781
2019-08-22,98.16999816894531
2019-08-23,97.63999938964844
2019-08-26,98.08000183105469
2019-08-27,98.0
2019-08-28,98.20999908447266
2019-08-29,98.51000213623047
2019-08-30,98.91999816894531
2019-09-03,98.94999694824219
2019-09-04,98.44999694824219
2019-09-05,98.41000366210938
2019-09-06,98.38999938964844
2019-09-09,98.27999877929688
2019-09-10,98.33000183105469
2019-09-11,98.6500015258789
2019-09-12,98.30999755859375
2019-09-13,98.26000213623047
2019-09-16,98.6500015258789
2019-09-17,98.26000213623047
2019-09-18,98.5999984741211
2019-09-19,98.2699966430664
2019-09-20,98.51000213623047
2019-09-23,98.5999984741211
2019-09-24,98.33999633789062
2019-09-25,99.04000091552734
2019-09-26,99.20999908447266
2019-09-27,99.11000061035156
2019-09-30,99.37999725341797
2019-10-01,99.12999725341797
2019-10-02,99.04000091552734
2019-10-03,98.86000061035156
2019-10-04,98.80999755859375
2019-10-07,98.98999786376953
2019-10-08,99.13999938964844
2019-10-09,99.12000274658203
2019-10-10,98.70999908447266
2019-10-11,98.30000305175781
2019-10-14,98.44999694824219
2019-10-15,98.29000091552734
2019-10-16,98.01000213623047
2019-10-17,97.61000061035156
2019-10-18,97.27999877929688
2019-10-21,97.33000183105469
2019-10-22,97.52999877929688
2019-10-23,97.47000122070312
2019-10-24,97.62999725341797
2019-10-25,97.83000183105469
2019-10-28,97.76000213623047
2019-10-29,97.69000244140625
2019-10-30,97.6500015258789
2019-10-31,97.3499984741211
2019-11-01,97.23999786376953
2019-11-04,97.51000213623047
2019-11-05,97.9800033569336
2019-11-06,97.94999694824219
2019-11-07,98.13999938964844
2019-11-08,98.3499984741211
2019-11-11,98.19999694824219
2019-11-12,98.30999755859375
2019-11-13,98.37000274658203
2019-11-14,98.16000366210938
2019-11-15,98.0
2019-11-18,97.79000091552734
2019-11-19,97.86000061035156
2019-11-20,97.93000030517578
2019-11-21,97.98999786376953
2019-11-22,98.2699966430664
2019-11-25,98.31999969482422
2019-11-26,98.25
2019-11-27,98.41000366210938
2019-11-29,98.2699966430664
2019-12-02,97.86000061035156
2019-12-03,97.73999786376953
2019-12-04,97.6500015258789
2019-12-05,97.41000366210938
2019-12-06,97.69999694824219
2019-12-09,97.63999938964844
2019-12-10,97.41000366210938
2019-12-11,97.16000366210938
2019-12-12,97.4000015258789
2019-12-13,97.16999816894531
2019-12-16,97.06999969482422
2019-12-17,97.20999908447266
2019-12-18,97.41000366210938
2019-12-19,97.41999816894531
2019-12-20,97.70999908447266
2019-12-23,97.66000366210938
2019-12-24,97.6500015258789
2019-12-26,97.58999633789062
2019-12-27,96.91999816894531
2019-12-30,96.73999786376953
2019-12-31,96.38999938964844
2020-01-02,96.8499984741211
2020-01-03,96.83999633789062
2020-01-06,96.66999816894531
2020-01-07,96.9800033569336
2020-01-08,97.30000305175781
2020-01-09,97.44999694824219
2020-01-10,97.36000061035156
2020-01-13,97.3499984741211
2020-01-14,97.37000274658203
2020-01-15,97.2300033569336
2020-01-16,97.31999969482422
2020-01-17,97.61000061035156
2020-01-21,97.52999877929688
2020-01-22,97.52999877929688
2020-01-23,97.69000244140625
2020-01-24,97.8499984741211
2020-01-27,97.95999908447266
2020-01-28,98.0199966430664
2020-01-29,97.98999786376953
2020-01-30,97.87000274658203
2020-01-31,97.38999938964844
2020-02-03,97.80000305175781
2020-02-04,97.95999908447266
2020-02-05,98.2699966430664
2020-02-06,98.5
2020-02-07,98.68000030517578
2020-02-10,98.83000183105469
2020-02-11,98.72000122070312
2020-02-12,99.05000305175781
2020-02-13,99.06999969482422
2020-02-14,99.12000274658203
2020-02-18,99.45999908447266
2020-02-19,99.5999984741211
2020-02-20,99.87000274658203
2020-02-21,99.26000213623047
2020-02-24,99.29000091552734
2020-02-25,98.97000122070312
2020-02-26,99.0
2020-02-27,98.44000244140625
2020-02-28,98.12999725341797
2020-03-02,97.36000061035156
2020-03-03,97.1500015258789
2020-03-04,97.33999633789062
2020-03-05,96.81999969482422
2020-03-06,95.94999694824219
2020-03-09,94.9000015258789
2020-03-10,96.41000366210938
2020-03-11,96.51000213623047
2020-03-12,97.47000122070312
2020-03-13,98.75
2020-03-16,98.08999633789062
2020-03-17,99.58000183105469
2020-03-18,101.16000366210938
2020-03-19,102.76000213623047
2020-03-20,102.81999969482422
2020-03-23,102.48999786376953
2020-03-24,101.73999786376953
2020-03-25,101.05000305175781
2020-03-26,99.41999816894531
2020-03-27,98.37000274658203
2020-03-30,99.18000030517578
2020-03-31,99.05000305175781
2020-04-01,99.66999816894531
2020-04-02,100.18000030517578
2020-04-03,100.58000183105469
2020-04-06,100.69000244140625
2020-04-07,99.9800033569336
2020-04-08,100.12000274658203
2020-04-09,99.5199966430664
2020-04-13,99.3499984741211
2020-04-14,98.88999938964844
2020-04-15,99.45999908447266
2020-04-16,100.02999877929688
2020-04-17,99.77999877929688
2020-04-20,99.95999908447266
2020-04-21,100.26000213623047
2020-04-22,100.38999938964844
2020-04-23,100.43000030517578
2020-04-24,100.37999725341797
2020-04-27,100.04000091552734
2020-04-28,99.87000274658203
2020-04-29,99.56999969482422
2020-04-30,99.0199966430664
2020-05-01,98.80000305175781
2020-05-04,99.4800033569336
2020-05-05,99.70999908447266
2020-05-06,100.08999633789062
2020-05-07,99.88999938964844
2020-05-08,99.7300033569336
2020-05-11,100.23999786376953
2020-05-12,99.93000030517578
2020-05-13,100.23999786376953
2020-05-14,100.47000122070312
2020-05-15,100.4000015258789
2020-05-18,99.66999816894531
2020-05-19,99.37000274658203
2020-05-20,99.12000274658203
2020-05-21,99.37000274658203
2020-05-22,99.86000061035156
2020-05-26,98.91000366210938
2020-05-27,99.05999755859375
2020-05-28,98.37999725341797
2020-05-29,98.33999633789062
2020-06-01,97.83000183105469
2020-06-02,97.66999816894531
2020-06-03,97.27999877929688
2020-06-04,96.68000030517578
2020-06-05,96.94000244140625
2020-06-08,96.62000274658203
2020-06-09,96.31999969482422
2020-06-10,95.95999908447266
2020-06-11,96.7300033569336
2020-06-12,97.31999969482422
2020-06-15,96.68000030517578
2020-06-16,96.95999908447266
2020-06-17,97.16000366210938
2020-06-18,97.41999816894531
2020-06-19,97.62000274658203
2020-06-22,97.04000091552734
2020-06-23,96.69000244140625
2020-06-24,97.1500015258789
2020-06-25,97.43000030517578
2020-06-26,97.5
2020-06-29,97.54000091552734
2020-06-30,97.38999938964844
2020-07-01,97.19999694824219
2020-07-02,97.31999969482422
2020-07-06,96.79000091552734
2020-07-07,96.87999725341797
2020-07-08,96.43000030517578
2020-07-09,96.69999694824219
2020-07-10,96.6500015258789
2020-07-13,96.45999908447266
2020-07-14,96.26000213623047
2020-07-15,96.08000183105469
2020-07-16,96.3499984741211
2020-07-17,95.94000244140625
2020-07-20,95.83000183105469
2020-07-21,95.12000274658203
2020-07-22,94.97000122070312
2020-07-23,94.69000244140625
2020-07-24,94.44000244140625
2020-07-27,93.66999816894531
2020-07-28,93.76000213623047
2020-07-29,93.26000213623047
2020-07-30,93.0199966430664
2020-07-31,93.48999786376953
2020-08-03,93.5
2020-08-04,93.37999725341797
2020-08-05,92.83000183105469
2020-08-06,92.79000091552734
2020-08-07,93.44000244140625
2020-08-10,93.58000183105469
2020-08-11,93.62999725341797
2020-08-12,93.44000244140625
2020-08-13,93.33999633789062
2020-08-14,93.0999984741211
2020-08-17,92.8499984741211
2020-08-18,92.2699966430664
2020-08-19,92.88999938964844
2020-08-20,92.79000091552734
2020-08-21,93.25
2020-08-24,93.30000305175781
2020-08-25,93.0199966430664
2020-08-26,93.01000213623047
2020-08-27,93.01000213623047
2020-08-28,92.37000274658203
2020-08-31,92.13999938964844
2020-09-01,92.33999633789062
2020-09-02,92.8499984741211
2020-09-03,92.73999786376953
2020-09-04,92.72000122070312
2020-09-08,93.4800033569336
2020-09-09,93.26000213623047
2020-09-10,93.33999633789062
2020-09-11,93.33000183105469
2020-09-14,93.06999969482422
2020-09-15,93.05000305175781
2020-09-16,93.20999908447266
2020-09-17,92.97000122070312
2020-09-18,92.93000030517578
2020-09-21,93.54000091552734
2020-09-22,93.98999786376953
2020-09-23,94.38999938964844
2020-09-24,94.3499984741211
2020-09-25,94.58000183105469
2020-09-28,94.26000213623047
2020-09-29,93.88999938964844
2020-09-30,93.88999938964844
2020-10-01,93.70999908447266
2020-10-02,93.83999633789062
2020-10-05,93.51000213623047
2020-10-06,93.83000183105469
2020-10-07,93.62999725341797
2020-10-08,93.61000061035156
2020-10-09,93.05999755859375
2020-10-12,93.06999969482422
2020-10-13,93.52999877929688
2020-10-14,93.37999725341797
2020-10-15,93.86000061035156
2020-10-16,93.68000030517578
2020-10-19,93.43000030517578
2020-10-20,93.06999969482422
2020-10-21,92.61000061035156
2020-10-22,92.94999694824219
2020-10-23,92.7699966430664
2020-10-26,93.05000305175781
2020-10-27,92.94000244140625
2020-10-28,93.41000366210938
2020-10-29,93.95999908447266
2020-10-30,94.04000091552734
2020-11-02,94.05000305175781
2020-11-03,93.55000305175781
2020-11-04,93.41000366210938
2020-11-05,92.52999877929688
2020-11-06,92.2300033569336
2020-11-09,92.7300033569336
2020-11-10,92.75
2020-11-11,93.04000091552734
2020-11-12,92.95999908447266
2020-11-13,92.76000213623047
2020-11-16,92.56999969482422
2020-11-17,92.41999816894531
2020-11-18,92.31999969482422
2020-11-19,92.29000091552734
2020-11-20,92.38999938964844
2020-11-23,92.51000213623047
2020-11-24,92.2300033569336
2020-11-25,91.98999786376953
2020-11-27,91.79000091552734
2020-11-30,91.87000274658203
2020-12-01,91.30999755859375
2020-12-02,91.12000274658203
2020-12-03,90.70999908447266
2020-12-04,90.69999694824219
2020-12-07,90.79000091552734
2020-12-08,90.97000122070312
2020-12-09,91.08999633789062
2020-12-10,90.79000091552734
2020-12-11,90.9800033569336
2020-12-14,90.70999908447266
2020-12-15,90.47000122070312
2020-12-16,90.44999694824219
2020-12-17,89.81999969482422
2020-12-18,90.0199966430664
2020-12-21,90.04000091552734
2020-12-22,90.6500015258789
2020-12-23,90.41000366210938
2020-12-24,90.33000183105469
2020-12-28,90.33999633789062
2020-12-29,90.01000213623047
2020-12-30,89.62999725341797
2020-12-31,89.94000244140625
2021-01-04,89.87999725341797
2021-01-05,89.44000244140625
2021-01-06,89.52999877929688
2021-01-07,89.83000183105469
2021-01-08,90.0999984741211
2021-01-11,90.54000091552734
2021-01-12,90.05000305175781
2021-01-13,90.31999969482422
2021-01-14,90.23999786376953
2021-01-15,90.77999877929688
2021-01-19,90.5
2021-01-20,90.47000122070312
2021-01-21,90.12999725341797
2021-01-22,90.23999786376953
2021-01-25,90.38999938964844
2021-01-26,90.16999816894531
2021-01-27,90.6500015258789
2021-01-28,90.45999908447266
2021-01-29,90.58000183105469
2021-02-01,91.0199966430664
2021-02-02,91.19999694824219
2021-02-03,91.12000274658203
2021-02-04,91.52999877929688
2021-02-05,91.04000091552734
2021-02-08,90.93000030517578
2021-02-09,90.44000244140625
2021-02-10,90.37000274658203
2021-02-11,90.41999816894531
2021-02-12,90.4800033569336
2021-02-16,90.51000213623047
2021-02-17,90.94999694824219
2021-02-18,90.58999633789062
2021-02-19,90.36000061035156
2021-02-22,90.01000213623047
2021-02-23,90.16999816894531
2021-02-24,90.18000030517578
2021-02-25,90.12999725341797
2021-02-26,90.93000030517578
2021-03-01,91.04000091552734
2021-03-02,90.79000091552734
2021-03-03,90.94999694824219
2021-03-04,91.62999725341797
2021-03-05,91.9800033569336
2021-03-08,92.30999755859375
2021-03-09,91.95999908447266
2021-03-10,91.79000091552734
2021-03-11,91.41999816894531
2021-03-12,91.68000030517578
2021-03-15,91.83000183105469
2021-03-16,91.87000274658203
2021-03-17,91.4000015258789
2021-03-18,91.8499984741211
2021-03-19,91.91999816894531
2021-03-22,91.80000305175781
2021-03-23,92.33999633789062
2021-03-24,92.52999877929688
2021-03-25,92.87999725341797
2021-03-26,92.7699966430664
2021-03-29,92.94000244140625
2021-03-30,93.30000305175781
2021-03-31,93.2300033569336
2021-04-01,92.93000030517578
2021-04-05,92.5999984741211
2021-04-06,92.33999633789062
2021-04-07,92.45999908447266
2021-04-08,92.05999755859375
2021-04-09,92.16000366210938
2021-04-12,92.13999938964844
2021-04-13,91.8499984741211
2021-04-14,91.69000244140625
2021-04-15,91.66999816894531
2021-04-16,91.55999755859375
2021-04-19,91.06999969482422
2021-04-20,91.23999786376953
2021-04-21,91.16000366210938
2021-04-22,91.33000183105469
2021-04-23,90.86000061035156
2021-04-26,90.80999755859375
2021-04-27,90.91000366210938
2021-04-28,90.61000061035156
2021-04-29,90.61000061035156
2021-04-30,91.27999877929688
2021-05-03,90.94999694824219
2021-05-04,91.29000091552734
2021-05-05,91.30999755859375
2021-05-06,90.94999694824219
2021-05-07,90.2300033569336
2021-05-10,90.20999908447266
2021-05-11,90.13999938964844
2021-05-12,90.70999908447266
2021-05-13,90.75
2021-05-14,90.31999969482422
2021-05-17,90.22000122070312
2021-05-18,89.75
2021-05-19,90.19000244140625
2021-05-20,89.80999755859375
2021-05-21,90.0199966430664
2021-05-24,89.83000183105469
2021-05-25,89.63999938964844
2021-05-26,90.04000091552734
2021-05-27,89.97000122070312
2021-05-28,90.02999877929688
2021-06-01,89.83000183105469
2021-06-02,89.9000015258789
2021-06-03,90.5
2021-06-04,90.13999938964844
2021-06-07,89.94999694824219
2021-06-08,90.08000183105469
2021-06-09,90.12000274658203
2021-06-10,90.08000183105469
2021-06-11,90.55999755859375
2021-06-14,90.5199966430664
2021-06-15,90.54000091552734
2021-06-16,91.12999725341797
2021-06-17,91.88999938964844
2021-06-18,92.2300033569336
2021-06-21,91.86000061035156
2021-06-22,91.7300033569336
2021-06-23,91.80000305175781
2021-06-24,91.81999969482422
2021-06-25,91.80999755859375
2021-06-28,91.87999725341797
2021-06-29,92.05000305175781
2021-06-30,92.44000244140625
2021-07-01,92.5999984741211
2021-07-02,92.2300033569336
2021-07-06,92.55000305175781
2021-07-07,92.63999938964844
2021-07-08,92.36000061035156
2021-07-09,92.12999725341797
2021-07-12,92.2300033569336
2021-07-13,92.75
2021-07-14,92.41000366210938
2021-07-15,92.62000274658203
2021-07-16,92.69000244140625
2021-07-19,92.88999938964844
2021-07-20,92.97000122070312
2021-07-21,92.75
2021-07-22,92.81999969482422
2021-07-23,92.91000366210938
2021-07-26,92.6500015258789
2021-07-27,92.43000030517578
2021-07-28,92.31999969482422
2021-07-29,91.86000061035156
2021-07-30,92.16999816894531
2021-08-02,92.05000305175781
2021-08-03,92.08000183105469
2021-08-04,92.2699966430664
2021-08-05,92.23999786376953
2021-08-06,92.80000305175781
2021-08-09,92.94999694824219
2021-08-10,93.05999755859375
2021-08-11,92.91000366210938
2021-08-12,93.04000091552734
2021-08-13,92.5199966430664
2021-08-16,92.62999725341797
2021-08-17,93.12999725341797
2021-08-18,93.13999938964844
2021-08-19,93.56999969482422
2021-08-20,93.5
2021-08-23,92.95999908447266
2021-08-24,92.88999938964844
2021-08-25,92.83000183105469
2021-08-26,93.05999755859375
2021-08-27,92.69000244140625
2021-08-30,92.6500015258789
2021-08-31,92.62999725341797
2021-09-01,92.44999694824219
2021-09-02,92.2300033569336
2021-09-03,92.04000091552734
2021-09-07,92.5199966430664
2021-09-08,92.6500015258789
2021-09-09,92.4800033569336
2021-09-10,92.58000183105469
2021-09-13,92.62000274658203
2021-09-14,92.6500015258789
2021-09-15,92.48999786376953
2021-09-16,92.86000061035156
2021-09-17,93.19999694824219
2021-09-20,93.23999786376953
2021-09-21,93.19999694824219
2021-09-22,93.45999908447266
2021-09-23,93.0999984741211
2021-09-24,93.33000183105469
2021-09-27,93.37999725341797
2021-09-28,93.7699966430664
2021-09-29,94.33999633789062
2021-09-30,94.25
2021-10-01,94.04000091552734
2021-10-04,93.80999755859375
2021-10-05,93.9800033569336
2021-10-06,94.2699966430664
2021-10-07,94.22000122070312
2021-10-08,94.06999969482422
2021-10-11,94.31999969482422
2021-10-12,94.5199966430664
2021-10-13,94.08000183105469
2021-10-14,93.95999908447266
2021-10-15,93.94000244140625
2021-10-18,93.94999694824219
2021-10-19,93.79000091552734
2021-10-20,93.55999755859375
2021-10-21,93.7699966430664
2021-10-22,93.61000061035156
2021-10-25,93.80999755859375
2021-10-26,93.94999694824219
2021-10-27,93.86000061035156
2021-10-28,93.3499984741211
2021-10-29,94.12000274658203
2021-11-01,93.87999725341797
2021-11-02,94.08999633789062
2021-11-03,93.86000061035156
2021-11-04,94.3499984741211
2021-11-05,94.31999969482422
2021-11-08,94.05000305175781
2021-11-09,93.95999908447266
2021-11-10,94.8499984741211
2021-11-11,95.18000030517578
2021-11-12,95.12999725341797
2021-11-15,95.41000366210938
2021-11-16,95.91999816894531
2021-11-17,95.83000183105469
2021-11-18,95.54000091552734
2021-11-19,96.06999969482422
2021-11-22,96.5
2021-11-23,96.48999786376953
2021-11-24,96.83999633789062
2021-11-26,96.08999633789062
2021-11-29,96.33999633789062
2021-11-30,95.98999786376953
2021-12-01,96.05000305175781
2021-12-02,96.12999725341797
2021-12-03,96.12000274658203
2021-12-06,96.29000091552734
2021-12-07,96.37000274658203
2021-12-08,95.88999938964844
2021-12-09,96.2699966430664
2021-12-10,96.05000305175781
2021-12-13,96.31999969482422
2021-12-14,96.56999969482422
2021-12-15,96.51000213623047
2021-12-16,96.04000091552734
2021-12-17,96.56999969482422
2021-12-20,96.55000305175781
2021-12-21,96.48999786376953
2021-12-22,96.08000183105469
2021-12-23,96.0199966430664
2021-12-27,96.08999633789062
2021-12-28,96.19999694824219
2021-12-29,95.93000030517578
2021-12-30,95.97000122070312
2021-12-31,95.66999816894531
2022-01-03,96.23999786376953
2022-01-04,96.29000091552734
2022-01-05,96.19000244140625
2022-01-06,96.25
2022-01-07,95.73999786376953
2022-01-10,95.98999786376953
2022-01-11,95.62000274658203
2022-01-12,95.0
2022-01-13,94.79000091552734
2022-01-14,95.16999816894531
2022-01-18,95.7300033569336
2022-01-19,95.51000213623047
2022-01-20,95.73999786376953
2022-01-21,95.63999938964844
2022-01-24,95.91999816894531
2022-01-25,95.94999694824219
2022-01-26,96.48999786376953
2022-01-27,97.26000213623047
2022-01-28,97.2699966430664
2022-01-31,96.54000091552734
2022-02-01,96.38999938964844
2022-02-02,95.94000244140625
2022-02-03,95.37999725341797
2022-02-04,95.4800033569336
2022-02-07,95.4000015258789
2022-02-08,95.63999938964844
2022-02-09,95.48999786376953
2022-02-10,95.55000305175781
2022-02-11,96.08000183105469
2022-02-14,96.37000274658203
2022-02-15,95.98999786376953
2022-02-16,95.69999694824219
2022-02-17,95.80000305175781
2022-02-18,96.04000091552734
2022-02-22,96.02999877929688
2022-02-23,96.19000244140625
2022-02-24,97.13999938964844
2022-02-25,96.62000274658203
2022-02-28,96.70999908447266
2022-03-01,97.41000366210938
2022-03-02,97.38999938964844
2022-03-03,97.79000091552734
2022-03-04,98.6500015258789
2022-03-07,99.29000091552734
2022-03-08,99.05999755859375
2022-03-09,97.97000122070312
2022-03-10,98.51000213623047
2022-03-11,99.12000274658203
2022-03-14,99.05999755859375
2022-03-15,99.06999969482422
2022-03-16,98.37999725341797
2022-03-17,98.01000213623047
2022-03-18,98.2300033569336
2022-03-21,98.5
2022-03-22,98.48999786376953
2022-03-23,98.62000274658203
2022-03-24,98.79000091552734
2022-03-25,98.80999755859375
2022-03-28,99.08999633789062
2022-03-29,98.4000015258789
2022-03-30,97.79000091552734
2022-03-31,98.30999755859375
2022-04-01,98.62999725341797
2022-04-04,98.98999786376953
2022-04-05,99.47000122070312
2022-04-06,99.5999984741211
2022-04-07,99.75
2022-04-08,99.80000305175781
2022-04-11,99.93000030517578
2022-04-12,100.29000091552734
2022-04-13,99.87999725341797
2022-04-14,100.31999969482422
2022-04-18,100.77999877929688
2022-04-19,100.95999908447266
2022-04-20,100.38999938964844
2022-04-21,100.58000183105469
2022-04-22,101.22000122070312
2022-04-25,101.75
2022-04-26,102.30000305175781
2022-04-27,102.94999694824219
2022-04-28,103.62000274658203
2022-04-29,102.95999908447266
2022-05-02,103.73999786376953
2022-05-03,103.47000122070312
2022-05-04,102.58999633789062
2022-05-05,103.75
2022-05-06,103.66000366210938
2022-05-09,103.6500015258789
2022-05-10,103.91999816894531
2022-05-11,103.8499984741211
2022-05-12,104.8499984741211
2022-05-13,104.55999755859375
2022-05-16,104.19000244140625
2022-05-17,103.36000061035156
2022-05-18,103.80999755859375
2022-05-19,102.72000122070312
2022-05-20,103.1500015258789
2022-05-23,102.08000183105469
2022-05-24,101.86000061035156
2022-05-25,102.05999755859375
2022-05-26,101.83000183105469
2022-05-27,101.66999816894531
2022-05-31,101.75
2022-06-01,102.55000305175781
2022-06-02,101.7699966430664
2022-06-03,102.13999938964844
2022-06-06,102.44000244140625
2022-06-07,102.31999969482422
2022-06-08,102.54000091552734
2022-06-09,103.22000122070312
2022-06-10,104.1500015258789
2022-06-13,105.08000183105469
2022-06-14,105.5199966430664
2022-06-15,105.16000366210938
2022-06-16,103.62999725341797
2022-06-17,104.69999694824219
2022-06-21,104.44000244140625
2022-06-22,104.19999694824219
2022-06-23,104.43000030517578
2022-06-24,104.19000244140625
2022-06-27,103.94000244140625
2022-06-28,104.51000213623047
2022-06-29,105.11000061035156
2022-06-30,104.69000244140625
2022-07-01,105.13999938964844
2022-07-05,106.5
2022-07-06,107.0999984741211
2022-07-07,107.12999725341797
2022-07-08,107.01000213623047
2022-07-11,108.0199966430664
2022-07-12,108.06999969482422
2022-07-13,107.95999908447266
2022-07-14,108.54000091552734
2022-07-15,108.05999755859375
2022-07-18,107.37000274658203
2022-07-19,106.68000030517578
2022-07-20,107.08000183105469
2022-07-21,106.91000366210938
2022-07-22,106.7300033569336
2022-07-25,106.4800033569336
2022-07-26,107.19000244140625
2022-07-27,106.44999694824219
2022-07-28,106.3499984741211
2022-07-29,105.9000015258789
2022-08-01,105.44999694824219
2022-08-02,106.23999786376953
2022-08-03,106.51000213623047
2022-08-04,105.69000244140625
2022-08-05,106.62000274658203
2022-08-08,106.44000244140625
2022-08-09,106.37000274658203
2022-08-10,105.19999694824219
2022-08-11,105.08999633789062
2022-08-12,105.62999725341797
2022-08-15,106.55000305175781
2022-08-16,106.5
2022-08-17,106.56999969482422
2022-08-18,107.4800033569336
2022-08-19,108.16999816894531
2022-08-22,109.05000305175781
2022-08-23,108.62000274658203
2022-08-24,108.68000030517578
2022-08-25,108.47000122070312
2022-08-26,108.80000305175781
2022-08-29,108.83999633789062
2022-08-30,108.7699966430664
2022-08-31,108.69999694824219
2022-09-01,109.69000244140625
2022-09-02,109.52999877929688
2022-09-06,110.20999908447266
2022-09-07,109.83999633789062
2022-09-08,109.70999908447266
2022-09-09,109.0
2022-09-12,108.33000183105469
2022-09-13,109.81999969482422
2022-09-14,109.66000366210938
2022-09-15,109.73999786376953
2022-09-16,109.76000213623047
2022-09-19,109.73999786376953
2022-09-20,110.22000122070312
2022-09-21,110.63999938964844
2022-09-22,111.3499984741211
2022-09-23,113.19000244140625
2022-09-26,114.0999984741211
2022-09-27,114.11000061035156
2022-09-28,112.5999984741211
2022-09-29,112.25
2022-09-30,112.12000274658203
2022-10-03,111.75
2022-10-04,110.06999969482422
2022-10-05,111.06999969482422
2022-10-06,112.26000213623047
2022-10-07,112.80000305175781
2022-10-10,113.13999938964844
2022-10-11,113.22000122070312
2022-10-12,113.31999969482422
2022-10-13,112.36000061035156
2022-10-14,113.30999755859375
2022-10-17,112.04000091552734
2022-10-18,112.12999725341797
2022-10-19,112.9800033569336
2022-10-20,112.87999725341797
2022-10-21,112.01000213623047
2022-10-24,111.98999786376953
2022-10-25,110.94999694824219
2022-10-26,109.69999694824219
2022-10-27,110.58999633789062
2022-10-28,110.66999816894531
2022-10-31,111.52999877929688
2022-11-01,111.4800033569336
2022-11-02,111.3499984741211
2022-11-03,112.93000030517578
2022-11-04,110.87999725341797
2022-11-07,110.12000274658203
2022-11-08,109.62000274658203
2022-11-09,110.55000305175781
2022-11-10,108.20999908447266
2022-11-11,106.29000091552734
2022-11-14,106.66000366210938
2022-11-15,106.4000015258789
2022-11-16,106.27999877929688
2022-11-17,106.69000244140625
2022-11-18,106.93000030517578
2022-11-21,107.83999633789062
2022-11-22,107.22000122070312
2022-11-23,106.08000183105469
2022-11-25,105.95999908447266
2022-11-28,106.68000030517578
2022-11-29,106.81999969482422
2022-11-30,105.94999694824219
2022-12-01,104.7300033569336
2022-12-02,104.55000305175781
2022-12-05,105.29000091552734
2022-12-06,105.58000183105469
2022-12-07,105.0999984741211
2022-12-08,104.7699966430664
2022-12-09,104.80999755859375
2022-12-12,105.12999725341797
2022-12-13,103.9800033569336
2022-12-14,103.7699966430664
2022-12-15,104.55999755859375
2022-12-16,104.69999694824219
2022-12-19,104.72000122070312
2022-12-20,103.97000122070312
2022-12-21,104.16000366210938
2022-12-22,104.43000030517578
2022-12-23,104.30999755859375
2022-12-27,104.18000030517578
2022-12-28,104.45999908447266
2022-12-29,103.83999633789062
2022-12-30,103.5199966430664
2023-01-03,104.5199966430664
2023-01-04,104.25
2023-01-05,105.04000091552734
2023-01-06,103.87999725341797
2023-01-09,103.0
2023-01-10,103.23999786376953
2023-01-11,103.19000244140625
2023-01-12,102.25
2023-01-13,102.19999694824219
2023-01-17,102.38999938964844
2023-01-18,102.36000061035156
2023-01-19,102.05999755859375
2023-01-20,102.01000213623047
2023-01-23,102.13999938964844
2023-01-24,101.91999816894531
2023-01-25,101.63999938964844
2023-01-26,101.83999633789062
2023-01-27,101.93000030517578
2023-01-30,102.27999877929688
2023-01-31,102.0999984741211
2023-02-01,101.22000122070312
2023-02-02,101.75
2023-02-03,102.91999816894531
2023-02-06,103.62000274658203
2023-02-07,103.43000030517578
2023-02-08,103.41000366210938
2023-02-09,103.22000122070312
2023-02-10,103.62999725341797
2023-02-13,103.3499984741211
2023-02-14,103.2300033569336
2023-02-15,103.91999816894531
2023-02-16,103.86000061035156
2023-02-17,103.86000061035156
2023-02-21,104.18000030517578
2023-02-22,104.58999633789062
2023-02-23,104.5999984741211
2023-02-24,105.20999908447266
2023-02-27,104.66999816894531
2023-02-28,104.87000274658203
2023-03-01,104.4800033569336
2023-03-02,105.02999877929688
2023-03-03,104.5199966430664
2023-03-06,104.3499984741211
2023-03-07,105.62000274658203
2023-03-08,105.66000366210938
2023-03-09,105.30999755859375
2023-03-10,104.58000183105469
2023-03-13,103.5999984741211
2023-03-14,103.5999984741211
2023-03-15,104.6500015258789
2023-03-16,104.41999816894531
2023-03-17,103.70999908447266
2023-03-20,103.27999877929688
2023-03-21,103.26000213623047
2023-03-22,102.3499984741211
2023-03-23,102.52999877929688
2023-03-24,103.12000274658203
2023-03-27,102.86000061035156
2023-03-28,102.43000030517578
2023-03-29,102.63999938964844
2023-03-30,102.13999938964844
2023-03-31,102.51000213623047
2023-04-03,102.08999633789062
2023-04-04,101.58999633789062
2023-04-05,101.8499984741211
2023-04-06,101.81999969482422
2023-04-10,102.58000183105469
2023-04-11,102.19999694824219
2023-04-12,101.5
2023-04-13,101.01000213623047
2023-04-14,101.55000305175781
2023-04-17,102.0999984741211
2023-04-18,101.75
2023-04-19,101.97000122070312
2023-04-20,101.83999633789062
2023-04-21,101.81999969482422
2023-04-24,101.3499984741211
2023-04-25,101.86000061035156
2023-04-26,101.47000122070312
2023-04-27,101.5
2023-04-28,101.66999816894531
2023-05-01,102.1500015258789
2023-05-02,101.95999908447266
2023-05-03,101.33999633789062
2023-05-04,101.4000015258789
2023-05-05,101.20999908447266
2023-05-08,101.37000274658203
2023-05-09,101.63999938964844
2023-05-10,101.4800033569336
2023-05-11,102.05999755859375
2023-05-12,102.68000030517578
2023-05-15,102.43000030517578
2023-05-16,102.55999755859375
2023-05-17,102.87999725341797
2023-05-18,103.58000183105469
2023-05-19,103.19999694824219
2023-05-22,103.19999694824219
2023-05-23,103.48999786376953
2023-05-24,103.88999938964844
2023-05-25,104.20999908447266
2023-05-26,104.20999908447266
2023-05-30,104.16999816894531
2023-05-31,104.31999969482422
2023-06-01,103.55999755859375
2023-06-02,104.0199966430664
2023-06-05,104.0
2023-06-06,104.12999725341797
2023-06-07,104.0999984741211
2023-06-08,103.33999633789062
2023-06-09,103.55999755859375
2023-06-12,103.62999725341797
2023-06-13,103.33999633789062
2023-06-14,103.01000213623047
2023-06-15,102.12000274658203
2023-06-16,102.30000305175781
2023-06-20,102.54000091552734
2023-06-21,102.06999969482422
2023-06-22,102.38999938964844
2023-06-23,102.9000015258789
2023-06-26,102.69000244140625
2023-06-27,102.48999786376953
2023-06-28,102.91000366210938
2023-06-29,103.33999633789062
2023-06-30,102.91000366210938
2023-07-03,102.98999786376953
2023-07-05,103.37000274658203
2023-07-06,103.16999816894531
2023-07-07,102.2699966430664
2023-07-10,101.97000122070312
2023-07-11,101.7300033569336
2023-07-12,100.5199966430664
2023-07-13,99.7699966430664
2023-07-14,99.91000366210938
2023-07-17,99.83999633789062
2023-07-18,99.94000244140625
2023-07-19,100.27999877929688
2023-07-20,100.87999725341797
2023-07-21,101.06999969482422
2023-07-24,101.3499984741211
2023-07-25,101.3499984741211
2023-07-26,100.88999938964844
2023-07-27,101.7699966430664
2023-07-28,101.62000274658203
2023-07-31,101.86000061035156
2023-08-01,102.30000305175781
2023-08-02,102.58999633789062
2023-08-03,102.54000091552734
2023-08-04,102.0199966430664
2023-08-07,102.05000305175781
2023-08-08,102.52999877929688
2023-08-09,102.48999786376953
2023-08-10,102.5199966430664
2023-08-11,102.83999633789062
2023-08-14,103.19000244140625
2023-08-15,103.20999908447266
2023-08-16,103.41999816894531
2023-08-17,103.44000244140625
2023-08-18,103.37999725341797
2023-08-21,103.33000183105469
2023-08-22,103.55999755859375
2023-08-23,103.36000061035156
2023-08-24,103.9800033569336
2023-08-25,104.08000183105469
2023-08-28,104.05999755859375
2023-08-29,103.55000305175781
2023-08-30,103.16000366210938
2023-08-31,103.62000274658203
2023-09-01,104.23999786376953
2023-09-05,104.80999755859375
2023-09-06,104.86000061035156
2023-09-07,105.05999755859375
2023-09-08,105.08999633789062
2023-09-11,104.56999969482422
2023-09-12,104.70999908447266
2023-09-13,104.7699966430664
2023-09-14,105.41000366210938
2023-09-15,105.31999969482422
2023-09-18,105.19999694824219
2023-09-19,105.19999694824219
2023-09-20,105.16000366210938
2023-09-21,105.36000061035156
2023-09-22,105.58000183105469
2023-09-25,106.0
2023-09-26,106.2300033569336
2023-09-27,106.66999816894531
2023-09-28,106.22000122070312
2023-09-29,106.16999816894531
2023-10-02,106.9000015258789
2023-10-03,107.0
2023-10-04,106.80000305175781
2023-10-05,106.33000183105469
2023-10-06,106.04000091552734
2023-10-09,106.08000183105469
2023-10-10,105.83000183105469
2023-10-11,105.81999969482422
2023-10-12,106.56999969482422
2023-10-13,106.6500015258789
2023-10-16,106.23999786376953
2023-10-17,106.25
2023-10-18,106.56999969482422
2023-10-19,106.25
2023-10-20,106.16000366210938
2023-10-23,105.54000091552734
2023-10-24,106.2699966430664
2023-10-25,106.52999877929688
2023-10-26,106.5999984741211
2023-10-27,106.55999755859375
2023-10-30,106.12000274658203
2023-10-31,106.66000366210938
2023-11-01,106.87999725341797
2023-11-02,106.12000274658203
2023-11-03,105.0199966430664
2023-11-06,105.22000122070312
2023-11-07,105.54000091552734
2023-11-08,105.58999633789062
2023-11-09,105.91000366210938
2023-11-10,105.86000061035156
2023-11-13,105.66000366210938
2023-11-14,104.11000061035156
2023-11-15,104.38999938964844
2023-11-16,104.37000274658203
2023-11-17,103.81999969482422
2023-11-20,103.47000122070312
2023-11-21,103.58999633789062
2023-11-22,103.91999816894531
2023-11-24,103.4000015258789
2023-11-27,103.19999694824219
2023-11-28,102.75
2023-11-29,102.7699966430664
2023-11-30,103.5
2023-12-01,103.2699966430664
2023-12-04,103.63999938964844
2023-12-05,104.05000305175781
2023-12-06,104.1500015258789
2023-12-07,103.54000091552734
2023-12-08,104.01000213623047
2023-12-11,104.0999984741211
2023-12-12,103.87000274658203
2023-12-13,102.87000274658203
2023-12-14,101.95999908447266
2023-12-15,102.55000305175781
2023-12-18,102.51000213623047
2023-12-19,102.16999816894531
2023-12-20,102.41000366210938
2023-12-21,101.83999633789062
2023-12-22,101.69999694824219
2023-12-26,101.47000122070312
2023-12-27,100.98999786376953
2023-12-28,101.2300033569336
2023-12-29,101.33000183105469
2024-01-02,102.19999694824219
2024-01-03,102.45999908447266
2024-01-04,102.41999816894531
2024-01-05,102.41000366210938
2024-01-08,102.20999908447266
2024-01-09,102.56999969482422
2024-01-10,102.36000061035156
2024-01-11,102.29000091552734
2024-01-12,102.4000015258789
2024-01-16,103.36000061035156
2024-01-17,103.44999694824219
2024-01-18,103.54000091552734
2024-01-19,103.29000091552734
2024-01-22,103.33000183105469
2024-01-23,103.62000274658203
2024-01-24,103.23999786376953
2024-01-25,103.56999969482422
2024-01-26,103.47000122070312
2024-01-29,103.61000061035156
2024-01-30,103.4000015258789
2024-01-31,103.2699966430664
2024-02-01,103.05000305175781
2024-02-02,103.91999816894531
2024-02-05,104.44999694824219
2024-02-06,104.18000030517578
2024-02-07,104.04000091552734
2024-02-08,104.1500015258789
2024-02-09,104.08000183105469
2024-02-12,104.16999816894531
2024-02-13,104.95999908447266
2024-02-14,104.72000122070312
2024-02-15,104.30000305175781
2024-02-16,104.27999877929688
2024-02-20,104.08000183105469
2024-02-21,104.01000213623047
2024-02-22,103.95999908447266
2024-02-23,103.94000244140625
2024-02-26,103.83000183105469
2024-02-27,103.83000183105469
2024-02-28,103.9800033569336
2024-02-29,104.16000366210938
2024-03-01,103.86000061035156
2024-03-04,103.83000183105469
2024-03-05,103.80000305175781
2024-03-06,103.37000274658203
2024-03-07,102.81999969482422
2024-03-08,102.73999786376953
2024-03-11,102.87000274658203
2024-03-12,102.95999908447266
2024-03-13,102.79000091552734
2024-03-14,103.36000061035156
2024-03-15,103.43000030517578
2024-03-18,103.58000183105469
2024-03-19,103.80999755859375
2024-03-20,103.41000366210938
2024-03-21,104.0
2024-03-22,104.43000030517578
2024-03-25,104.2300033569336
2024-03-26,104.29000091552734
2024-03-27,104.3499984741211
2024-03-28,104.55000305175781
2024-04-01,105.0199966430664
2024-04-02,104.81999969482422
2024-04-03,104.25
2024-04-04,104.12000274658203
2024-04-05,104.30000305175781
2024-04-08,104.13999938964844
2024-04-09,104.1500015258789
2024-04-10,105.25
2024-04-11,105.27999877929688
2024-04-12,106.04000091552734
2024-04-15,106.20999908447266
2024-04-16,106.26000213623047
2024-04-17,105.94999694824219
2024-04-18,106.1500015258789
2024-04-19,106.1500015258789
2024-04-22,106.08000183105469
2024-04-23,105.69000244140625
2024-04-24,105.86000061035156
2024-04-25,105.5999984741211
2024-04-26,105.94000244140625
2024-04-29,105.58000183105469
2024-04-30,106.22000122070312
2024-05-01,105.76000213623047
2024-05-02,105.30000305175781
2024-05-03,105.02999877929688
2024-05-06,105.05000305175781
2024-05-07,105.41000366210938
2024-05-08,105.55000305175781
2024-05-09,105.2300033569336
2024-05-10,105.30999755859375
2024-05-13,105.22000122070312
2024-05-14,105.01000213623047
2024-05-15,104.3499984741211
2024-05-16,104.45999908447266
2024-05-17,104.44999694824219
2024-05-20,104.56999969482422
2024-05-21,104.66000366210938
2024-05-22,104.94000244140625
2024-05-23,105.11000061035156
2024-05-24,104.72000122070312
2024-05-28,104.61000061035156
2024-05-29,105.0999984741211
2024-05-30,104.72000122070312
2024-05-31,104.66999816894531
2024-06-03,104.13999938964844
2024-06-04,104.11000061035156
2024-06-05,104.2699966430664
2024-06-06,104.0999984741211
2024-06-07,104.88999938964844
2024-06-10,105.1500015258789
2024-06-11,105.2300033569336
2024-06-12,104.6500015258789
2024-06-13,105.19999694824219
2024-06-14,105.55000305175781
2024-06-17,105.31999969482422
2024-06-18,105.26000213623047
2024-06-20,105.58999633789062
2024-06-21,105.80000305175781
2024-06-24,105.47000122070312
2024-06-25,105.61000061035156
2024-06-26,106.05000305175781
2024-06-27,105.91000366210938
2024-06-28,105.87000274658203
2024-07-01,105.9000015258789
2024-07-02,105.72000122070312
2024-07-03,105.4000015258789
2024-07-05,104.87999725341797
2024-07-08,105.01000213623047
2024-07-09,105.12000274658203
2024-07-10,105.05000305175781
2024-07-11,104.44000244140625
2024-07-12,104.08999633789062
2024-07-15,104.19000244140625
2024-07-16,104.2699966430664
2024-07-17,103.75
2024-07-18,104.16999816894531
2024-07-19,104.4000015258789
2024-07-22,104.30999755859375
2024-07-23,104.44999694824219
2024-07-24,104.38999938964844
2024-07-25,104.36000061035156
2024-07-26,104.31999969482422
2024-07-29,104.55999755859375
2024-07-30,104.55000305175781
2024-07-31,104.0999984741211
2024-08-01,104.41999816894531
2024-08-02,103.20999908447266
2024-08-05,102.69000244140625
2024-08-06,102.97000122070312
2024-08-07,103.19999694824219
2024-08-08,103.20999908447266
2024-08-09,103.13999938964844
2024-08-12,103.13999938964844
2024-08-13,102.55999755859375
2024-08-14,102.56999969482422
2024-08-15,102.9800033569336
2024-08-16,102.45999908447266
2024-08-19,101.88999938964844
2024-08-20,101.44000244140625
2024-08-21,101.04000091552734
2024-08-22,101.51000213623047
2024-08-23,100.72000122070312
2024-08-26,100.8499984741211
2024-08-27,100.55000305175781
2024-08-28,101.08999633789062
2024-08-29,101.33999633789062
2024-08-30,101.69999694824219
2024-09-03,101.83000183105469
2024-09-04,101.36000061035156
2024-09-05,101.11000061035156
2024-09-06,101.18000030517578
2024-09-09,101.55000305175781
2024-09-10,101.62999725341797
2024-09-11,101.68000030517578
2024-09-12,101.37000274658203
2024-09-13,101.11000061035156
2024-09-16,100.76000213623047
2024-09-17,100.88999938964844
2024-09-18,100.5999984741211
2024-09-19,100.61000061035156
2024-09-20,100.72000122070312
2024-09-23,100.91999816894531
2024-09-24,100.37000274658203
2024-09-25,100.91999816894531
2024-09-26,100.55999755859375
2024-09-27,100.41999816894531
2024-09-30,100.77999877929688
2024-10-01,101.19000244140625
2024-10-02,101.68000030517578
2024-10-03,101.98999786376953
2024-10-04,102.5199966430664
2024-10-07,102.54000091552734
2024-10-08,102.55000305175781
2024-10-09,102.93000030517578
2024-10-10,102.98999786376953
2024-10-11,102.88999938964844
2024-10-14,103.30000305175781
2024-10-15,103.26000213623047
2024-10-16,103.58999633789062
2024-10-17,103.83000183105469
2024-10-18,103.48999786376953
2024-10-21,104.01000213623047
2024-10-22,104.08000183105469
2024-10-23,104.43000030517578
2024-10-24,104.05999755859375
2024-10-25,104.26000213623047
2024-10-28,104.31999969482422
2024-10-29,104.27999877929688
2024-10-30,103.98999786376953
2024-10-31,103.9800033569336
2024-11-01,104.27999877929688
2024-11-04,103.88999938964844
2024-11-05,103.41999816894531
2024-11-06,105.08999633789062
2024-11-07,104.51000213623047
2024-11-08,105.0
2024-11-11,105.54000091552734
2024-11-12,106.0199966430664
2024-11-13,106.4800033569336
2024-11-14,106.66999816894531
2024-11-15,106.69000244140625
2024-11-18,106.27999877929688
2024-11-19,106.20999908447266
2024-11-20,106.68000030517578
2024-11-21,106.97000122070312
2024-11-22,107.48999786376953
2024-11-25,106.81999969482422
2024-11-26,107.01000213623047
2024-11-27,106.08000183105469
2024-11-29,105.73999786376953
2024-12-02,106.44999694824219
2024-12-03,106.37000274658203
2024-12-04,106.33999633789062
2024-12-05,105.70999908447266
2024-12-06,105.97000122070312
2024-12-09,106.1500015258789
2024-12-10,106.4000015258789
2024-12-11,106.70999908447266
2024-12-12,106.95999908447266
2024-12-13,107.0
2024-12-16,106.86000061035156
2024-12-17,106.95999908447266
2024-12-18,108.02999877929688
2024-12-19,108.41000366210938
2024-12-20,107.62000274658203
2024-12-23,108.04000091552734
2024-12-24,108.26000213623047
2024-12-26,108.12999725341797
2024-12-27,108.0
2024-12-30,108.12999725341797
2024-12-31,108.48999786376953
2025-01-02,109.38999938964844
2025-01-03,108.94999694824219
2025-01-06,108.26000213623047
2025-01-07,108.54000091552734
2025-01-08,109.08999633789062
2025-01-09,109.18000030517578
2025-01-10,109.6500015258789
2025-01-13,109.95999908447266
2025-01-14,109.2699966430664
2025-01-15,109.08999633789062
2025-01-16,108.95999908447266
2025-01-17,109.3499984741211
2025-01-21,108.05999755859375
2025-01-22,108.16999816894531
2025-01-23,108.05000305175781
2025-01-24,107.44000244140625
2025-01-27,107.33999633789062
2025-01-28,107.87000274658203
2025-01-29,108.0
2025-01-30,107.80000305175781
2025-01-31,108.37000274658203
2025-02-03,108.98999786376953
2025-02-04,107.95999908447266
2025-02-05,107.58000183105469
2025-02-06,107.69000244140625
2025-02-07,108.04000091552734
2025-02-10,108.31999969482422
2025-02-11,107.95999908447266
2025-02-12,107.94000244140625
2025-02-13,107.30999755859375
2025-02-14,106.56999969482422
2025-02-18,107.05000305175781
2025-02-19,107.16999816894531
2025-02-20,106.33999633789062
2025-02-21,106.61000061035156
2025-02-24,106.5999984741211
2025-02-25,106.30999755859375
2025-02-26,106.41999816894531
2025-02-27,107.23999786376953
2025-02-28,107.61000061035156
2025-03-03,106.75
2025-03-04,105.73999786376953
2025-03-05,105.73999786376953
2025-03-06,104.05999755859375
2025-03-07,103.83999633789062
2025-03-10,103.91000366210938
2025-03-11,103.44000244140625
2025-03-12,103.61000061035156
2025-03-13,103.83000183105469
2025-03-14,103.72000122070312
2025-03-17,103.37000274658203
2025-03-18,103.23999786376953
2025-03-19,103.43000030517578
2025-03-20,103.8499984741211
2025-03-21,104.08999633789062
2025-03-24,104.26000213623047
2025-03-25,104.18000030517578
2025-03-26,104.55000305175781
2025-03-27,104.06999969482422
2025-03-28,104.04000091552734
2025-03-31,104.20999908447266
2025-04-01,104.26000213623047
2025-04-02,103.80999755859375
2025-04-03,102.06999969482422
2025-04-04,103.0199966430664
2025-04-07,103.26000213623047
2025-04-08,102.95999908447266
2025-04-09,102.9000015258789
2025-04-10,100.87000274658203
2025-04-11,99.77999877929688
2025-04-14,99.63999938964844
2025-04-15,100.22000122070312
2025-04-16,99.37999725341797
2025-04-17,99.37999725341797
2025-04-21,98.27999877929688
2025-04-22,98.91999816894531
2025-04-23,99.83999633789062
2025-04-24,99.29000091552734
2025-04-25,99.47000122070312
2025-04-28,99.01000213623047
2025-04-29,99.23999786376953
2025-04-30,99.47000122070312
2025-05-01,100.25
2025-05-02,100.0
2025-05-05,99.83000183105469
2025-05-06,99.23999786376953
2025-05-07,99.61000061035156
2025-05-08,100.63999938964844
2025-05-09,100.33999633789062
2025-05-12,101.79000091552734
2025-05-13,101.0
2025-05-14,101.04000091552734
2025-05-15,100.87999725341797
2025-05-16,101.08999633789062
2025-05-19,100.43000030517578
2025-05-20,100.12000274658203
2025-05-21,99.55999755859375
2025-05-22,99.95999908447266
2025-05-23,99.11000061035156
2025-05-26,98.93000030517578
2025-05-27,99.5199966430664
2025-05-28,99.87999725341797
2025-05-29,99.27999877929688
2025-05-30,99.33000183105469
2025-06-02,98.69999694824219
2025-06-03,99.25
2025-06-04,98.79000091552734
2025-06-05,98.73999786376953
2025-06-06,99.19000244140625
2025-06-09,98.94000244140625
2025-06-10,99.05000305175781
2025-06-11,98.62999725341797
2025-06-12,97.91999816894531
2025-06-13,98.18000030517578
2025-06-16,98.0
2025-06-17,98.81999969482422
2025-06-18,98.91000366210938
2025-06-20,98.70999908447266
2025-06-23,98.41999816894531
2025-06-24,97.86000061035156
2025-06-25,97.68000030517578
2025-06-26,97.1500015258789
2025-06-27,97.4000015258789
2025-06-30,96.87999725341797
2025-07-01,96.81999969482422
2025-07-02,96.77999877929688
2025-07-03,97.18000030517578
2025-07-07,97.4800033569336
2025-07-08,97.51000213623047
2025-07-09,97.47000122070312
2025-07-10,97.6500015258789
2025-07-11,97.8499984741211
2025-07-14,98.08000183105469
2025-07-15,98.62000274658203
2025-07-16,98.38999938964844
2025-07-17,98.7300033569336
2025-07-18,98.4800033569336
2025-07-21,97.8499984741211
2025-07-22,97.38999938964844
2025-07-23,97.20999908447266
2025-07-24,97.37999725341797
2025-07-25,97.6500015258789
2025-07-28,98.66000366210938
2025-07-29,98.91000366210938
2025-07-30,99.94000244140625
2025-07-31,100.02999877929688
2025-08-01,98.69000244140625
2025-08-04,98.77999877929688
2025-08-05,98.77999877929688
2025-08-06,98.18000030517578
2025-08-07,98.4000015258789
2025-08-08,98.18000030517578
2025-08-11,98.5199966430664
2025-08-12,98.0999984741211
2025-08-13,97.83999633789062
2025-08-14,98.25
2025-08-15,97.8499984741211
2025-08-18,98.16999816894531
2025-08-19,98.2699966430664
2025-08-20,98.22000122070312
2025-08-21,98.62000274658203
2025-08-22,97.72000122070312
2025-08-25,98.43000030517578
2025-08-26,98.2300033569336
2025-08-27,98.2300033569336
2025-08-28,97.80999755859375
2025-08-29,97.7699966430664
2025-09-02,98.4000015258789
2025-09-03,98.13999938964844
2025-09-04,98.3499984741211
2025-09-05,97.7699966430664
2025-09-08,97.44999694824219
2025-09-09,97.79000091552734
2025-09-10,97.77999877929688
2025-09-11,97.54000091552734
2025-09-12,97.55000305175781
2025-09-15,97.30000305175781
2025-09-16,96.62999725341797
2025-09-17,96.87000274658203
2025-09-18,97.3499984741211
2025-09-19,97.63999938964844
2025-09-22,97.33000183105469
2025-09-23,97.26000213623047
2025-09-24,97.87000274658203
2025-09-25,98.55000305175781
2025-09-26,98.1500015258789
2025-09-29,97.91000366210938
2025-09-30,97.7699966430664
2025-10-01,97.70999908447266
2025-10-02,97.8499984741211
2025-10-03,97.72000122070312
2025-10-06,98.11000061035156
2025-10-07,98.58000183105469
2025-10-08,98.8499984741211
2025-10-09,99.54000091552734
2025-10-10,98.9800033569336
2025-10-13,99.2699966430664
2025-10-14,99.05000305175781
2025-10-15,98.79000091552734
2025-10-16,98.38999938964844
2025-10-17,98.43000030517578
2025-10-20,98.58999633789062
2025-10-21,98.93000030517578
2025-10-22,98.9000015258789
2025-10-23,98.94000244140625
2025-10-24,98.94999694824219
2025-10-27,98.77999877929688
2025-10-28,98.69000244140625
2025-10-29,99.22000122070312
2025-10-30,99.52999877929688
2025-10-31,99.80000305175781
2025-11-03,99.87000274658203
2025-11-04,100.22000122070312
2025-11-05,100.19999694824219
2025-11-06,99.7300033569336
2025-11-07,99.5999984741211
2025-11-10,99.62000274658203
2025-11-11,99.45999908447266
2025-11-12,99.4800033569336
2025-11-13,99.18000030517578
2025-11-14,99.2699966430664
2025-11-17,99.58999633789062
2025-11-18,99.55000305175781
2025-11-19,100.2300033569336
2025-11-20,100.16000366210938
2025-11-21,100.18000030517578
2025-11-24,100.13999938964844
2025-11-25,99.66000366210938
2025-11-26,99.5999984741211
2025-11-28,99.45999908447266
2025-12-01,99.41000366210938
2025-12-02,99.36000061035156
2025-12-03,98.8499984741211
2025-12-04,98.98999786376953
2025-12-05,98.98999786376953
2025-12-08,99.08999633789062
2025-12-09,99.22000122070312
2025-12-10,98.79000091552734
2025-12-11,98.3499984741211
2025-12-12,98.4000015258789
2025-12-15,98.1500015258789
2025-12-16,98.1500015258789
2025-12-17,98.37000274658203
2025-12-18,98.43000030517578
2025-12-19,98.5999984741211
2025-12-22,98.29000091552734
2025-12-23,97.94000244140625
2025-12-24,97.9800033569336
2025-12-26,98.0199966430664
2025-12-29,98.04000091552734
2025-12-30,98.23999786376953
2025-12-31,98.27999877929688
2026-01-02,98.41999816894531
2026-01-05,98.2699966430664
2026-01-06,98.58000183105469
2026-01-07,98.68000030517578
2026-01-08,98.93000030517578
2026-01-09,99.12999725341797
2026-01-12,98.86000061035156
2026-01-13,99.12999725341797
2026-01-14,99.12999725341797
2026-01-15,99.31999969482422
2026-01-16,99.38999938964844
2026-01-20,98.63999938964844
2026-01-21,98.76000213623047
2026-01-22,98.36000061035156
2026-01-23,97.5999984741211
2026-01-26,97.04000091552734
2026-01-27,96.22000122070312
2026-01-28,96.44999694824219
2026-01-29,96.27999877929688
2026-01-30,96.98999786376953
2026-02-02,97.61000061035156
2026-02-03,97.44000244140625
2026-02-04,97.62000274658203
2026-02-05,97.81999969482422
2026-02-06,97.62999725341797
2026-02-09,96.81999969482422
2026-02-10,96.80000305175781
2026-02-11,96.83000183105469
2026-02-12,96.93000030517578
2026-02-13,96.87999725341797
2026-02-17,97.16000366210938
2026-02-18,97.69999694824219
2026-02-19,97.93000030517578
2026-02-20,97.80000305175781
2026-02-23,97.69999694824219
2026-02-24,97.87999725341797
2026-02-25,97.69999694824219
2026-02-26,97.79000091552734
2026-02-27,97.61000061035156
2026-03-02,98.37999725341797
2026-03-03,99.05000305175781
2026-03-04,98.7699966430664
2026-03-05,99.31999969482422
2026-03-06,98.98999786376953
2026-03-09,99.18000030517578
2026-03-10,98.83000183105469
2026-03-11,99.2300033569336
2026-03-12,99.73999786376953
2026-03-13,100.36000061035156
2026-03-16,99.70999908447266
2026-03-17,99.58000183105469
2026-03-18,100.08999633789062
2026-03-19,99.2300033569336
2026-03-20,99.6500015258789
2026-03-23,98.94999694824219
2026-03-24,99.43000030517578
2026-03-25,99.5999984741211
2026-03-26,99.9000015258789
2026-03-27,100.1500015258789
2026-03-30,100.51000213623047
2026-03-31,99.95999908447266
2026-04-01,99.6500015258789
2026-04-02,100.02999877929688
2026-04-03,99.97200012207031
