Date,EXH1.DE,EXSA.DE,EXV1.DE,EXV2.DE,EXV3.DE,EXV4.DE,EXV5.DE,EXV9.DE
2008-01-02,25.280595779418945,24.582197189331055,24.841272354125977,20.864810943603516,25.547279357910156,30.434688568115234,22.436933517456055,12.692163467407227
2008-01-03,25.75844383239746,24.507848739624023,24.72393035888672,20.696908950805664,25.478469848632812,30.249353408813477,21.878393173217773,12.403199195861816
2008-01-04,25.37730598449707,24.03472137451172,24.23697280883789,20.61296272277832,24.583881378173828,29.940448760986328,20.647062301635742,12.040141105651855
2008-01-07,25.73567771911621,23.987411499023438,24.107894897460938,21.055105209350586,23.766712188720703,30.504186630249023,20.52012062072754,11.810452461242676
2008-01-08,25.61054801940918,24.129356384277344,24.03160858154297,21.396501541137695,24.050575256347656,31.562177658081055,20.57089614868164,11.7437744140625
2008-01-09,25.212339401245117,23.818437576293945,23.71479606628418,21.26218605041504,23.28501319885254,32.149105072021484,20.113908767700195,11.254756927490234
2008-01-10,24.734479904174805,23.588634490966797,23.485973358154297,21.23979377746582,23.345226287841797,32.08731460571289,20.2535457611084,11.091748237609863
2008-01-11,24.381778717041016,23.473735809326172,23.6678524017334,20.94877052307129,23.328027725219727,31.7243595123291,20.513782501220703,11.225118637084961
2008-01-14,24.336273193359375,23.548070907592773,23.726524353027344,20.691307067871094,23.809720993041992,31.469524383544922,20.843820571899414,11.343667030334473
2008-01-15,23.687755584716797,22.953304290771484,22.9168643951416,20.489830017089844,23.42264175415039,30.71270179748535,20.06947898864746,11.017657279968262
2008-01-16,23.215593338012695,22.737016677856445,22.617643356323242,20.450651168823242,23.2506103515625,30.836259841918945,20.075830459594727,11.069520950317383
2008-01-17,22.97098159790039,22.628873825073242,22.506166458129883,20.489830017089844,23.31082534790039,30.558244705200195,19.631528854370117,11.15843391418457
2008-01-18,22.811695098876953,22.38555335998535,21.94293212890625,20.38908576965332,22.975358963012695,30.53507423400879,19.269744873046875,11.017657279968262
2008-01-21,21.49760627746582,21.12162971496582,20.458555221557617,19.426437377929688,21.530254364013672,29.322629928588867,18.66042709350586,10.506413459777832
2008-01-22,21.702396392822266,21.58123779296875,21.42662239074707,19.42083740234375,21.882925033569336,29.384424209594727,18.812763214111328,10.980607986450195
2008-01-23,20.68412971496582,20.93238067626953,20.951383590698242,18.570125579833984,21.21198272705078,28.751171112060547,18.133621215820312,11.03247356414795
2008-01-24,21.873062133789062,22.02056884765625,22.20694351196289,19.224956512451172,23.04416275024414,29.12957191467285,19.168193817138672,11.640037536621094
2008-01-25,22.174562454223633,22.034080505371094,21.94879913330078,19.39286231994629,23.465656280517578,28.774335861206055,19.31418228149414,11.484443664550781
2008-01-28,21.850303649902344,21.79751968383789,21.69064712524414,19.185781478881836,22.940940856933594,28.542667388916016,19.568058013916016,11.36589527130127
2008-01-29,22.14043426513672,22.176021575927734,22.165878295898438,19.404050827026367,23.164592742919922,28.69711685180664,19.79020881652832,11.625221252441406
2008-01-30,21.770666122436523,22.034080505371094,22.072002410888672,19.42083740234375,23.22480010986328,28.419092178344727,19.37130355834961,11.64745044708252
2008-01-31,21.86737632751465,22.034080505371094,21.75518798828125,19.471220016479492,23.57748031616211,28.57354736328125,19.212629318237305,11.573355674743652
2008-02-01,22.14043426513672,22.453140258789062,22.142412185668945,19.689489364624023,24.01616859436035,28.6739444732666,19.60614776611328,11.65485668182373
2008-02-04,22.3167781829834,22.5072078704834,22.189355850219727,19.588743209838867,24.145191192626953,28.550384521484375,19.834640502929688,11.691905975341797
2008-02-05,21.969770431518555,21.804279327392578,21.321022033691406,19.185781478881836,23.121578216552734,28.0870361328125,18.768329620361328,11.269573211669922
2008-02-06,22.015277862548828,21.9191837310791,21.268218994140625,19.3312931060791,23.319425582885742,28.28008460998535,18.730241775512695,11.343667030334473
2008-02-07,21.70808219909668,21.500133514404297,20.910316467285156,19.096229553222656,22.70870018005371,27.708616256713867,18.24152183532715,11.165844917297363
2008-02-08,22.020959854125977,21.594757080078125,20.810579299926758,19.141006469726562,23.173200607299805,27.662281036376953,18.24152183532715,11.239936828613281
2008-02-11,21.969770431518555,21.391992568969727,20.376413345336914,19.001083374023438,23.259220123291016,27.63912010192871,18.063806533813477,11.15843391418457
2008-02-12,22.70930290222168,22.10167694091797,21.162609100341797,19.415245056152344,24.06777572631836,28.141084671020508,18.946043014526367,11.447397232055664
2008-02-13,22.652414321899414,22.121946334838867,21.285818099975586,19.141006469726562,23.955963134765625,28.403648376464844,19.26339340209961,11.521491050720215
2008-02-14,22.914087295532227,22.148988723754883,21.098064422607422,19.13540267944336,23.861330032348633,28.31098747253418,19.0666446685791,11.521491050720215
2008-02-15,22.47606658935547,21.716415405273438,20.476152420043945,18.77161407470703,23.259220123291016,28.071571350097656,18.927001953125,11.180663108825684
2008-02-18,22.936845779418945,22.135469436645508,20.98659896850586,18.95630645751953,23.775318145751953,28.349597930908203,19.428424835205078,11.35107421875
2008-02-19,23.067691802978516,22.176021575927734,20.968992233276367,18.687660217285156,23.654890060424805,28.403648376464844,19.618833541870117,11.506672859191895
2008-02-20,22.823081970214844,21.92594337463379,20.781246185302734,18.267906188964844,23.44845199584961,28.0870361328125,19.409381866455078,11.3881196975708
2008-02-21,22.817386627197266,22.06787872314453,20.910316467285156,18.396629333496094,23.508655548095703,28.25691795349121,19.549022674560547,11.35107421875
2008-02-22,22.817386627197266,21.898910522460938,20.74604034423828,18.245515823364258,23.216205596923828,28.171972274780273,19.053945541381836,11.151021957397461
2008-02-25,23.244037628173828,22.263887405395508,21.279945373535156,18.53095245361328,23.43985366821289,28.658491134643555,19.269744873046875,11.477032661437988
2008-02-26,23.363502502441406,22.581554412841797,21.88425636291504,18.743629455566406,23.809720993041992,28.851552963256836,19.79020881652832,11.573355674743652
2008-02-27,23.289548873901367,22.54776382446289,21.761043548583984,18.480575561523438,23.8785343170166,28.782058715820312,19.96792221069336,11.484443664550781
2008-02-28,22.94253921508789,22.135469436645508,21.297550201416016,18.172760009765625,23.371034622192383,28.372760772705078,19.580753326416016,11.254756927490234
2008-02-29,22.788944244384766,21.844831466674805,20.90445327758789,18.150373458862305,22.717300415039062,27.917125701904297,19.269744873046875,10.943563461303711
2008-03-03,22.43624496459961,21.540681838989258,20.558300018310547,17.86493492126465,22.201189041137695,27.739501953125,19.35226058959961,10.810198783874512
2008-03-04,22.185928344726562,21.25680160522461,20.18280029296875,17.523529052734375,21.366817474365234,27.376541137695312,18.679468154907227,10.780556678771973
2008-03-05,22.675168991088867,21.65558624267578,20.646303176879883,17.758590698242188,21.934534072875977,27.376541137695312,19.079336166381836,11.062110900878906
2008-03-06,22.350908279418945,21.37171745300293,20.094799041748047,17.428386688232422,21.40982437133789,27.07536506652832,18.812763214111328,10.78796672821045
2008-03-07,22.06647300720215,21.14190673828125,19.977455139160156,17.238094329833984,21.143169403076172,27.0367488861084,18.609651565551758,10.750920295715332
2008-03-10,22.015277862548828,20.88506507873535,19.731037139892578,17.064594268798828,20.876522064208984,26.666067123413086,18.374805450439453,10.484187126159668
2008-03-11,22.242834091186523,21.135147094726562,20.35880470275879,17.215715408325195,20.45503044128418,26.642898559570312,18.349414825439453,10.476778030395508
2008-03-12,22.35660171508789,21.391992568969727,20.857515335083008,17.17093849182129,20.75609016418457,26.78190803527832,18.628694534301758,10.62496280670166
2008-03-13,22.020959854125977,21.10810661315918,20.294265747070312,16.975046157836914,20.584056854248047,26.426668167114258,18.20978355407715,10.350817680358887
2008-03-14,21.827545166015625,20.898584365844727,19.895305633544922,16.773561477661133,20.21417808532715,26.025094985961914,18.101879119873047,10.239676475524902
2008-03-17,20.758071899414062,19.76984214782715,18.704296112060547,16.34261131286621,19.328189849853516,25.52312469482422,17.619504928588867,9.721026420593262
2008-03-18,21.25868034362793,20.4727725982666,19.83077621459961,16.773561477661133,20.050743103027344,26.179550170898438,18.47001838684082,10.069262504577637
2008-03-19,20.94011116027832,20.27001190185547,19.824907302856445,16.23627281188965,19.293785095214844,26.15637969970703,18.730241775512695,9.950713157653809
2008-03-20,20.51915740966797,20.22945213317871,19.989185333251953,16.169113159179688,19.05293846130371,26.650623321533203,18.8825740814209,10.076672554016113
2008-03-25,21.0880184173584,20.891826629638672,20.91619300842285,16.639244079589844,20.265785217285156,26.98269271850586,19.63787841796875,10.417502403259277
2008-03-26,21.133525848388672,20.763404846191406,20.61696434020996,16.58327293395996,20.179767608642578,26.426668167114258,19.580753326416016,10.328590393066406
2008-03-27,21.224544525146484,21.01348876953125,20.90445327758789,16.82952880859375,20.08514976501465,26.77418327331543,19.656919479370117,10.536050796508789
2008-03-28,21.048198699951172,20.905345916748047,20.792984008789062,16.734384536743164,20.188373565673828,26.751018524169922,19.644227981567383,10.484187126159668
2008-03-31,21.179040908813477,20.858034133911133,20.65803337097168,16.392980575561523,20.23138427734375,26.735570907592773,19.656919479370117,10.439729690551758
2008-04-01,21.40658950805664,21.547439575195312,21.784515380859375,16.913484573364258,21.298006057739258,27.484663009643555,20.025053024291992,10.928746223449707
2008-04-02,21.622756958007812,21.79076385498047,22.324289321899414,17.176528930664062,21.444242477416992,27.77039909362793,19.853681564331055,10.958382606506348
2008-04-03,21.873062133789062,21.675861358642578,21.919456481933594,17.19891357421875,21.375425338745117,27.585060119628906,19.66961097717285,10.773153305053711
2008-04-04,21.969770431518555,21.76372528076172,21.919456481933594,17.266084671020508,21.461435317993164,27.77039909362793,19.536333084106445,10.810198783874512
2008-04-07,22.271272659301758,21.959739685058594,22.20694351196289,17.48995018005371,21.8485164642334,27.631389617919922,19.663267135620117,10.9361572265625
2008-04-08,22.185928344726562,21.74345588684082,22.007457733154297,17.254880905151367,21.435632705688477,27.137144088745117,19.485551834106445,10.691643714904785
2008-04-09,22.459001541137695,21.594757080078125,21.714113235473633,17.31085777282715,21.194782257080078,26.72784423828125,19.422075271606445,10.587916374206543
2008-04-10,22.62396812438965,21.527164459228516,21.50876808166504,17.277273178100586,21.082962036132812,26.751018524169922,19.307830810546875,10.587916374206543
2008-04-11,22.34522247314453,21.223012924194336,21.227144241333008,16.835132598876953,20.764694213867188,26.20271873474121,19.142805099487305,10.536050796508789
2008-04-14,22.3167781829834,21.054040908813477,20.968992233276367,16.67841911315918,20.541051864624023,25.878368377685547,18.812763214111328,10.476778030395508
2008-04-15,22.407794952392578,21.14190673828125,20.763647079467773,16.392980575561523,20.39481544494629,25.82430648803711,18.74928855895996,10.395271301269531
2008-04-16,22.806007385253906,21.52041244506836,21.221271514892578,16.61685562133789,21.10017204284668,26.001928329467773,19.04125213623047,10.632369041442871
2008-04-17,22.743436813354492,21.405498504638672,21.250606536865234,16.364999771118164,19.775493621826172,25.608074188232422,19.149152755737305,10.765740394592285
2008-04-18,23.158708572387695,21.92594337463379,22.013341903686523,16.81833267211914,20.15397071838379,26.241331100463867,19.510936737060547,11.069520950317383
2008-04-21,23.17008399963379,21.68262481689453,21.59677505493164,16.555286407470703,19.990528106689453,26.310823440551758,19.244359970092773,10.869470596313477
2008-04-22,23.272483825683594,21.58123779296875,21.397289276123047,16.493728637695312,19.913118362426758,26.233606338500977,19.206275939941406,10.639780044555664
2008-04-23,23.579675674438477,21.72317886352539,21.285818099975586,16.516109466552734,20.36041259765625,26.57340431213379,19.26339340209961,10.56568717956543
2008-04-24,23.35782814025879,21.75696563720703,21.42662239074707,16.611255645751953,20.30879783630371,26.87457847595215,19.26339340209961,10.573098182678223
2008-04-25,23.642250061035156,22.04759979248047,21.79038429260254,16.902286529541016,21.022748947143555,27.237545013427734,19.726741790771484,10.90651798248291
2008-04-28,23.767393112182617,22.182788848876953,22.013341903686523,16.902286529541016,21.203386306762695,27.206645965576172,19.853681564331055,10.980607986450195
2008-04-29,24.250944137573242,21.986770629882812,21.831457138061523,16.739980697631836,21.35821533203125,26.920915603637695,19.63787841796875,10.839829444885254
2008-04-30,24.222497940063477,22.162500381469727,21.931190490722656,16.980640411376953,21.676483154296875,27.214374542236328,19.54267692565918,11.010245323181152
2008-05-02,24.501243591308594,22.601831436157227,22.63524055480957,17.378013610839844,21.659276962280273,27.507829666137695,19.986970901489258,11.32884693145752
2008-05-05,24.467103958129883,22.53424835205078,22.547245025634766,17.294063568115234,21.427034378051758,27.368818283081055,19.99966049194336,11.284392356872559
2008-05-06,24.728796005249023,22.432861328125,22.289087295532227,17.059001922607422,21.323806762695312,27.09853744506836,19.891761779785156,11.232528686523438
2008-05-07,24.956344604492188,22.622112274169922,22.400575637817383,17.2213077545166,21.94313621520996,27.168046951293945,20.329713821411133,11.506672859191895
2008-05-08,24.916513442993164,22.615352630615234,22.142412185668945,17.24369239807129,21.78830337524414,27.214374542236328,20.418567657470703,11.4622163772583
2008-05-09,24.586570739746094,22.344995498657227,21.778650283813477,17.16533851623535,21.63347053527832,26.812803268432617,20.19007110595703,11.306620597839355
2008-05-12,24.836877822875977,22.426101684570312,21.778650283813477,17.31645393371582,21.573253631591797,26.735570907592773,20.240854263305664,11.343667030334473
2008-05-13,24.60932159423828,22.405824661254883,21.69064712524414,17.294063568115234,21.693687438964844,26.812803268432617,20.3106689453125,11.239936828613281
2008-05-14,24.933584213256836,22.527484893798828,21.696510314941406,17.344438552856445,21.92593002319336,26.88230323791504,20.405874252319336,11.1436185836792
2008-05-15,25.075807571411133,22.608596801757812,21.69064712524414,17.378013610839844,21.92593002319336,27.191204071044922,20.405874252319336,11.106568336486816
2008-05-16,25.559343338012695,22.730257034301758,21.631973266601562,17.445178985595703,22.175382614135742,27.461496353149414,20.723228454589844,11.210301399230957
2008-05-19,26.133909225463867,22.973575592041016,21.614368438720703,17.48995018005371,22.743099212646484,27.870800018310547,20.91998863220215,11.284392356872559
2008-05-20,25.701560974121094,22.52073097229004,21.262344360351562,17.114965438842773,22.183977127075195,27.623668670654297,20.462997436523438,10.9361572265625
2008-05-21,26.355764389038086,22.344995498657227,20.816444396972656,16.835132598876953,21.882925033569336,27.469215393066406,19.891761779785156,10.68423843383789
2008-05-22,26.333005905151367,22.446388244628906,20.880985260009766,17.232498168945312,22.02056121826172,27.50011444091797,19.866371154785156,10.721284866333008
2008-05-23,25.747072219848633,22.081392288208008,20.61696434020996,17.109365463256836,21.564661026000977,27.16030502319336,19.422075271606445,10.580507278442383
2008-05-26,25.64466094970703,22.040843963623047,20.52309226989746,17.1429500579834,21.487232208251953,27.029024124145508,19.231664657592773,10.580507278442383
2008-05-27,25.218021392822266,21.96649742126465,20.517223358154297,16.980640411376953,21.59046745300293,27.121706008911133,19.326868057250977,10.721284866333008
2008-05-28,25.25783348083496,22.176021575927734,20.59349250793457,17.137357711791992,22.054962158203125,27.28387451171875,19.536333084106445,10.90651798248291
2008-05-29,25.587779998779297,22.23685646057129,20.493757247924805,17.120563507080078,21.960344314575195,27.50011444091797,19.504592895507812,10.780556678771973
2008-05-30,25.400054931640625,22.32472038269043,20.652170181274414,17.204519271850586,22.33881187438965,27.53872299194336,19.60614776611328,10.943563461303711
2008-06-02,25.109935760498047,22.074636459350586,20.27667808532715,16.975046157836914,21.874324798583984,27.762678146362305,19.168193817138672,10.80278491973877
2008-06-03,25.28628158569336,22.25712776184082,20.347078323364258,17.154142379760742,22.158184051513672,27.893966674804688,19.08568000793457,10.86206340789795
2008-06-04,24.450040817260742,22.007043838500977,20.194538116455078,16.958251953125,21.951738357543945,27.52327537536621,18.965087890625,10.995429039001465
2008-06-05,24.4614200592041,21.98001480102539,20.159334182739258,17.103775024414062,21.495838165283203,27.469215393066406,18.84449577331543,11.010245323181152
2008-06-06,24.455739974975586,21.547439575195312,19.47288703918457,16.857513427734375,21.12596321105957,26.94407844543457,18.152660369873047,10.617555618286133
2008-06-09,24.91083526611328,21.439300537109375,19.114988327026367,16.61685562133789,20.816301345825195,26.751018524169922,18.032062530517578,10.439729690551758
2008-06-10,24.52399253845215,21.30412483215332,19.097387313842773,16.60565757751465,20.704479217529297,26.642898559570312,17.987640380859375,10.491596221923828
2008-06-11,24.47279930114746,20.952655792236328,18.575218200683594,16.420961380004883,20.523845672607422,26.480735778808594,17.492557525634766,10.306363105773926
2008-06-12,24.370397567749023,21.135147094726562,19.015247344970703,16.48253059387207,20.661476135253906,26.658349990844727,17.600461959838867,10.424912452697754
2008-06-13,24.26232147216797,21.243289947509766,19.232336044311523,16.711999893188477,20.790491104125977,26.666067123413086,17.752790451049805,10.56568717956543
2008-06-16,24.42728042602539,20.87155532836914,19.126724243164062,16.50491714477539,20.69587516784668,26.57340431213379,17.689327239990234,10.439729690551758
2008-06-17,24.421600341796875,20.972929000854492,19.296871185302734,16.549692153930664,20.91952133178711,26.46527862548828,18.120925903320312,10.469366073608398
2008-06-18,23.949440002441406,20.662023544311523,18.833364486694336,16.331418991088867,20.53244972229004,26.71240234375,17.879732131958008,10.261909484863281
2008-06-19,23.909624099731445,20.560640335083008,18.53414535522461,16.18030548095703,20.07655143737793,26.812803268432617,17.765485763549805,10.224859237670898
2008-06-20,23.568300247192383,20.20917510986328,18.223190307617188,15.827705383300781,19.827104568481445,26.60428810119629,17.505260467529297,10.084081649780273
2008-06-23,23.9039249420166,20.195648193359375,18.011974334716797,15.911657333374023,19.60344886779785,26.88230323791504,17.245025634765625,10.002580642700195
2008-06-24,23.767393112182617,20.040203094482422,18.058914184570312,15.872476577758789,19.54323959350586,27.07536506652832,16.800731658935547,9.928484916687012
2008-06-25,23.71620750427246,20.28352928161621,18.581083297729492,16.113147735595703,20.13676643371582,27.291606903076172,17.33388900756836,10.217451095581055
2008-06-26,23.47157859802246,19.76984214782715,17.789026260375977,15.715767860412598,19.534643173217773,27.191204071044922,16.654748916625977,9.928484916687012
2008-06-27,23.738950729370117,19.695499420166016,17.648216247558594,15.665397644042969,18.932514190673828,26.99814796447754,16.50242042541504,9.876625061035156
2008-06-30,24.29644012451172,19.83067512512207,17.501543045043945,15.995604515075684,19.035734176635742,27.42287826538086,16.572237014770508,9.906259536743164
2008-07-01,23.738950729370117,19.404863357543945,17.008705139160156,15.995604515075684,18.717464447021484,27.175762176513672,16.159677505493164,9.63952350616455
2008-07-02,23.420385360717773,19.249408721923828,17.08497428894043,16.353805541992188,18.57984161376953,27.631389617919922,16.115245819091797,9.387603759765625
2008-07-03,23.204225540161133,19.418380737304688,17.49566650390625,16.527301788330078,18.89810562133789,27.978912353515625,16.19776153564453,9.5283842086792
2008-07-04,23.01649284362793,19.1750545501709,16.991104125976562,16.392980575561523,18.82929229736328,27.92485809326172,15.975605964660645,9.283875465393066
2008-07-07,23.608112335205078,19.418380737304688,17.00284194946289,16.560882568359375,19.2077693939209,27.92485809326172,16.115245819091797,9.513564109802246
2008-07-08,22.902721405029297,19.13450050354004,16.69187355041504,16.650434494018555,18.8206844329834,28.249202728271484,15.893095016479492,9.572836875915527
2008-07-09,22.874265670776367,19.472454071044922,17.20818328857422,16.790359497070312,19.293785095214844,28.712560653686523,16.089855194091797,9.721026420593262
2008-07-10,22.197317123413086,19.07367706298828,16.944162368774414,16.43215560913086,19.156166076660156,28.488603591918945,15.829625129699707,9.417245864868164
2008-07-11,22.220075607299805,18.559999465942383,16.245981216430664,15.956430435180664,18.726076126098633,27.63912010192871,15.315510749816895,9.039371490478516
2008-07-14,22.049407958984375,18.701932907104492,16.39852523803711,15.984421730041504,18.726076126098633,27.600507736206055,15.582084655761719,9.187553405761719
2008-07-15,21.04251480102539,18.30316734313965,15.037357330322266,15.133703231811523,18.218568801879883,26.920915603637695,15.093367576599121,8.765222549438477
2008-07-16,20.513460159301758,18.43834114074707,15.277912139892578,15.290416717529297,18.657258987426758,26.83595848083496,15.797887802124023,9.08382511138916
2008-07-17,20.843414306640625,18.958772659301758,16.1403751373291,15.51988410949707,19.680871963500977,26.743303298950195,16.210451126098633,9.469106674194336
2008-07-18,20.8604679107666,19.25617218017578,16.93242645263672,15.749351501464844,20.23138427734375,27.07536506652832,16.451644897460938,9.817347526550293
2008-07-21,20.928733825683594,19.371074676513672,17.08497428894043,15.648606300354004,20.30879783630371,27.08309555053711,16.63570213317871,9.758071899414062
2008-07-22,21.235937118530273,19.269691467285156,16.850290298461914,14.596419334411621,19.749677658081055,27.492389678955078,16.63570213317871,9.78770923614502
2008-07-23,21.281435012817383,19.67521858215332,17.882898330688477,14.809089660644531,19.86150360107422,27.492389678955078,17.46082878112793,10.187812805175781
2008-07-24,20.644304275512695,19.36431121826172,17.77142906188965,14.865056037902832,19.89590835571289,27.56188201904297,16.610315322875977,9.906259536743164
2008-07-25,20.900293350219727,19.33051109313965,17.48980140686035,14.82028579711914,20.16256332397461,27.816741943359375,16.794387817382812,9.876625061035156
2008-07-28,21.070955276489258,19.127748489379883,17.02630043029785,14.60760498046875,19.86150360107422,27.361103057861328,16.52781105041504,9.491339683532715
2008-07-29,20.849098205566406,19.18857765197754,16.926570892333984,14.9042329788208,20.27439308166504,27.569612503051758,16.426254272460938,9.624704360961914
2008-07-30,21.082334518432617,19.485965728759766,17.23752212524414,15.060946464538574,20.36041259765625,27.670000076293945,16.388172149658203,9.735843658447266
2008-07-31,21.27005386352539,19.472454071044922,17.255123138427734,15.077739715576172,20.23138427734375,27.739501953125,16.216800689697266,9.595067977905273
2008-08-01,20.917354583740234,19.235897064208984,17.143648147583008,14.993783950805664,20.04214096069336,27.600507736206055,15.72807502746582,9.550612449645996
2008-08-04,20.610170364379883,19.060155868530273,16.862028121948242,14.921024322509766,20.07655143737793,27.832170486450195,15.582084655761719,9.513564109802246
2008-08-05,20.297290802001953,19.560321807861328,17.830095291137695,15.27922248840332,20.609861373901367,28.31870460510254,16.2294979095459,10.106307029724121
2008-08-06,20.66136932373047,19.74956703186035,18.058914184570312,15.290416717529297,20.850717544555664,28.202869415283203,16.413557052612305,10.195223808288574
2008-08-07,20.985618591308594,19.702255249023438,17.94157600402832,15.116912841796875,20.652875900268555,27.971187591552734,16.407211303710938,10.024807929992676
2008-08-08,20.68412971496582,19.864469528198242,18.058914184570312,15.290416717529297,20.885114669799805,28.511764526367188,16.959409713745117,10.417502403259277
2008-08-11,20.968549728393555,20.114547729492188,18.452009201049805,15.435931205749512,21.298006057739258,28.619874954223633,17.416391372680664,10.59532642364502
2008-08-12,21.036819458007812,20.033437728881836,18.252531051635742,15.458322525024414,21.315204620361328,28.480878829956055,17.7020206451416,10.580507278442383
2008-08-13,20.638620376586914,19.546802520751953,17.37833023071289,15.150495529174805,20.84210777282715,28.419092178344727,16.991147994995117,10.024807929992676
2008-08-14,20.951494216918945,19.6481876373291,17.4428653717041,15.105719566345215,20.979738235473633,28.45771026611328,17.092695236206055,10.024807929992676
2008-08-15,20.78082847595215,19.736047744750977,17.548480987548828,15.172883033752441,21.031347274780273,28.820667266845703,17.219636917114258,10.276727676391602
2008-08-18,20.96286392211914,19.715776443481445,17.48980140686035,15.251240730285645,20.876522064208984,28.689373016357422,17.105390548706055,10.128539085388184
2008-08-19,20.644304275512695,19.229129791259766,16.73295021057129,14.937820434570312,20.291593551635742,28.403648376464844,16.680131912231445,9.758071899414062
2008-08-20,21.05388641357422,19.316997528076172,16.73881721496582,14.937820434570312,20.412023544311523,28.226024627685547,16.603971481323242,9.706206321716309
2008-08-21,21.372455596923828,19.161544799804688,16.386795043945312,14.747526168823242,20.36041259765625,27.778118133544922,16.369131088256836,9.5654296875
2008-08-22,21.429332733154297,19.52652359008789,16.903095245361328,15.072136878967285,20.850717544555664,28.094749450683594,16.813419342041016,9.846985816955566
2008-08-25,21.264371871948242,19.411624908447266,16.75641632080078,15.004980087280273,20.781902313232422,28.06385040283203,16.730913162231445,9.824759483337402
2008-08-26,21.207475662231445,19.45217514038086,16.76815414428711,14.960205078125,21.194782257080078,28.31098747253418,16.718217849731445,9.795114517211914
2008-08-27,21.548805236816406,19.485965728759766,16.762287139892578,15.172883033752441,21.031347274780273,28.187416076660156,16.553194046020508,9.683979988098145
2008-08-28,21.491918563842773,19.74956703186035,17.30205726623535,15.340785026550293,21.21198272705078,28.581262588500977,16.730913162231445,9.80993938446045
2008-08-29,21.651203155517578,19.817161560058594,17.41939926147461,15.290416717529297,20.91952133178711,28.619874954223633,16.616666793823242,9.891440391540527
2008-09-01,21.099393844604492,19.74956703186035,17.384193420410156,15.290416717529297,21.031347274780273,28.689373016357422,16.88958740234375,9.950713157653809
2008-09-02,20.655677795410156,19.945575714111328,17.789026260375977,15.559059143066406,21.160369873046875,28.913345336914062,17.321189880371094,10.276727676391602
2008-09-03,20.246095657348633,19.6481876373291,17.65995216369629,15.452730178833008,20.609861373901367,28.52720069885254,17.28945541381836,10.032217025756836
2008-09-04,19.955968856811523,19.14802360534668,17.032176971435547,15.128113746643066,19.93032455444336,28.05613899230957,16.800731658935547,9.758071899414062
2008-09-05,19.54637908935547,18.74924659729004,16.662538528442383,14.7027587890625,18.94972038269043,27.986629486083984,16.2802677154541,9.587658882141113
2008-09-08,20.12662696838379,19.36431121826172,17.79489517211914,15.077739715576172,19.113149642944336,28.017515182495117,16.642047882080078,9.884032249450684
2008-09-09,19.55207061767578,19.249408721923828,17.94157600402832,15.167290687561035,18.992719650268555,28.226024627685547,16.711872100830078,9.987760543823242
2008-09-10,19.506559371948242,19.1007137298584,17.501543045043945,15.150495529174805,18.97551918029785,28.751171112060547,16.81976890563965,9.772890090942383
2008-09-11,19.75118064880371,18.985815048217773,17.17885398864746,15.111320495605469,18.932514190673828,28.511764526367188,16.768993377685547,9.721026420593262
2008-09-12,20.33711051940918,19.310239791870117,17.407670974731445,15.385560989379883,19.2077693939209,28.581262588500977,16.768993377685547,9.824759483337402
2008-09-15,19.364349365234375,18.451858520507812,16.333984375,14.85945987701416,19.01853370666504,28.187416076660156,16.185068130493164,9.750664710998535
2008-09-16,18.511035919189453,17.971973419189453,15.6358003616333,14.7027587890625,18.880905151367188,27.700895309448242,16.356433868408203,9.632115364074707
2008-09-17,18.53948211669922,17.6002254486084,14.990426063537598,14.445296287536621,18.141151428222656,27.654558181762695,16.216800689697266,9.31351375579834
2008-09-18,18.340373992919922,17.51236915588379,14.955221176147461,14.378134727478027,17.97771453857422,27.33020782470703,17.378313064575195,9.224599838256836
2008-09-19,19.836502075195312,18.958772659301758,17.548480987548828,15.251240730285645,19.224977493286133,27.68545913696289,17.594118118286133,9.765482902526855
2008-09-22,19.955968856811523,18.573516845703125,16.93242645263672,14.943411827087402,18.562641143798828,27.168046951293945,17.714712142944336,9.417245864868164
2008-09-23,19.699974060058594,18.22881507873535,16.48066520690918,14.613203048706055,18.321788787841797,27.25298309326172,17.194250106811523,9.069007873535156
2008-09-24,19.597585678100586,18.12066650390625,16.55694007873535,14.288590431213379,18.19275665283203,27.021310806274414,16.661094665527344,9.03195858001709
2008-09-25,19.8023738861084,18.485654830932617,16.967634201049805,14.78110408782959,18.493825912475586,27.700895309448242,16.95305633544922,9.069007873535156
2008-09-26,19.307453155517578,18.140947341918945,16.644943237304688,14.680364608764648,18.046527862548828,27.530994415283203,16.680131912231445,8.913413047790527
2008-09-29,18.158342361450195,17.160905838012695,15.3600492477417,14.143074989318848,17.07453155517578,26.673786163330078,16.521461486816406,8.461441993713379
2008-09-30,18.425703048706055,17.471811294555664,15.536066055297852,14.322172164916992,17.203556060791016,27.307044982910156,16.356433868408203,8.713360786437988
2008-10-01,18.334688186645508,17.586715698242188,16.005428314208984,14.557238578796387,17.160545349121094,27.739501953125,15.582084655761719,8.735586166381836
2008-10-02,17.652042388916016,17.35015106201172,16.1403751373291,14.646781921386719,16.756267547607422,27.86307144165039,14.90930461883545,8.742995262145996
2008-10-03,18.232288360595703,17.8367977142334,17.143648147583008,14.988189697265625,16.74765968322754,28.357318878173828,15.359941482543945,8.668904304504395
2008-10-06,16.502927780151367,16.49177360534668,15.61819839477539,14.266209602355957,15.164931297302246,27.1834716796875,14.604639053344727,8.07615852355957
2008-10-07,16.906822204589844,16.437698364257812,15.013894081115723,14.355752944946289,15.035910606384277,27.492389678955078,14.477697372436523,7.957606792449951
2008-10-08,15.615493774414062,15.464411735534668,14.069291114807129,13.549809455871582,14.425180435180664,26.025094985961914,14.020705223083496,7.64641809463501
2008-10-09,15.353804588317871,15.160264015197754,13.963682174682617,13.236396789550781,14.287555694580078,24.59642219543457,13.938192367553711,7.6241936683654785
2008-10-10,14.13642406463623,14.031518936157227,12.532105445861816,12.066668510437012,13.565006256103516,22.98240089416504,14.223821640014648,7.083315849304199
2008-10-13,15.689440727233887,15.417101860046387,13.54711627960205,13.269975662231445,14.41657829284668,25.036605834960938,15.512279510498047,7.735323429107666
2008-10-14,16.548433303833008,15.863192558288574,13.822869300842285,13.723319053649902,14.967092514038086,25.53084945678711,16.00100326538086,8.08356761932373
2008-10-15,15.25141429901123,14.849356651306152,12.95454216003418,13.090883255004883,13.797256469726562,24.92076301574707,15.918478965759277,7.631599426269531
2008-10-16,14.193314552307129,14.119384765625,12.15661334991455,12.67111873626709,13.401570320129395,24.650476455688477,15.601128578186035,7.179637908935547
2008-10-17,15.245722770690918,14.653342247009277,12.385431289672852,13.359522819519043,14.330567359924316,26.542512893676758,15.118756294250488,7.283365726470947
2008-10-20,16.45741844177246,15.173776626586914,12.737458229064941,13.796077728271484,15.199346542358398,26.98269271850586,13.646233558654785,7.490822792053223
2008-10-21,16.480175018310547,15.099430084228516,12.743327140808105,13.409895896911621,14.98430061340332,26.588855743408203,12.99882698059082,7.631599426269531
2008-10-22,15.336737632751465,14.335672378540039,12.086215019226074,12.637537956237793,14.158530235290527,26.179550170898438,12.47201919555664,7.424140453338623
2008-10-23,15.661001205444336,14.281597137451172,11.839790344238281,12.799844741821289,14.3133544921875,26.50389289855957,11.900782585144043,7.231503963470459
2008-10-24,14.7166748046875,13.612465858459473,10.813055038452148,12.245768547058105,13.900472640991211,25.770244598388672,10.999497413635254,6.868444919586182
2008-10-27,14.392416954040527,13.355629920959473,10.197007179260254,11.893168449401855,13.539198875427246,26.094602584838867,16.464330673217773,6.616530895233154
2008-10-28,15.029555320739746,13.653022766113281,9.844985961914062,12.189793586730957,13.332754135131836,26.194990158081055,24.759979248046875,6.638756275177002
2008-10-29,16.906822204589844,14.619544982910156,10.994933128356934,13.264376640319824,14.339162826538086,27.129426956176758,17.378313064575195,7.142590522766113
2008-10-30,16.75322914123535,14.7885160446167,11.569907188415527,13.13565444946289,14.683234214782715,26.673786163330078,17.613161087036133,7.216682434082031
2008-10-31,17.470006942749023,15.187294960021973,11.839790344238281,13.169234275817871,14.62302303314209,28.02524185180664,17.841651916503906,7.290775299072266
2008-11-03,17.470006942749023,15.275166511535645,11.792858123779297,13.102076530456543,15.001508712768555,28.249202728271484,16.051782608032227,7.305595397949219
2008-11-04,18.48259925842285,15.957818984985352,12.502776145935059,13.549809455871582,15.741256713867188,28.31870460510254,16.749954223632812,7.698282241821289
2008-11-05,17.85683250427246,15.60634994506836,12.379566192626953,13.477059364318848,15.569225311279297,26.88230323791504,16.584930419921875,7.690874099731445
2008-11-06,16.702030181884766,14.74797248840332,11.675512313842773,12.74947452545166,14.235947608947754,26.480735778808594,15.72807502746582,7.372279167175293
2008-11-07,17.208324432373047,15.004806518554688,11.72831916809082,12.9061861038208,14.511197090148926,27.191204071044922,15.848671913146973,7.468592643737793
2008-11-10,17.475692749023438,15.119705200195312,11.546440124511719,12.984538078308105,14.640231132507324,27.291606903076172,15.93752384185791,7.535276412963867
2008-11-11,16.582563400268555,14.52492618560791,10.725048065185547,13.00132942199707,13.737038612365723,27.38426399230957,15.207616806030273,7.209272384643555
2008-11-12,15.820281982421875,14.065317153930664,10.249811172485352,12.978944778442383,13.281143188476562,27.06764030456543,14.718886375427246,6.90549373626709
2008-11-13,15.786145210266113,13.990972518920898,10.06793212890625,13.19721794128418,13.298348426818848,26.928634643554688,15.042588233947754,6.816582202911377
2008-11-14,16.15591049194336,14.099105834960938,10.11486530303955,13.2755708694458,13.109110832214355,27.291606903076172,14.921996116638184,6.779533863067627
2008-11-17,15.865790367126465,13.747644424438477,9.663104057312012,13.057303428649902,12.911267280578613,26.51161766052246,14.179383277893066,6.594300746917725
2008-11-18,16.36071014404297,13.849028587341309,9.422550201416016,13.359522819519043,13.083305358886719,26.94407844543457,14.490394592285156,6.609118938446045
2008-11-19,15.678065299987793,13.315075874328613,8.765436172485352,13.079683303833008,12.816651344299316,26.025094985961914,13.652573585510254,6.497981548309326
2008-11-20,14.796318054199219,12.841954231262207,8.519020080566406,13.034915924072266,12.481181144714355,25.067495346069336,13.005179405212402,6.305337429046631
2008-11-21,14.602893829345703,12.52427864074707,8.425145149230957,12.508810997009277,12.094103813171387,23.53070068359375,13.170196533203125,6.283108711242676
2008-11-24,16.286752700805664,13.571910858154297,9.117463111877441,13.426682472229004,13.169323921203613,24.99026870727539,13.46216106414795,6.623937129974365
2008-11-25,16.571195602416992,13.65977954864502,9.522293090820312,13.47146224975586,13.427374839782715,24.49602699279785,12.224481582641602,6.764716148376465
2008-11-26,16.508615493774414,13.666535377502441,9.54576301574707,13.60578441619873,13.487589836120605,24.357013702392578,13.132119178771973,6.912902355194092
2008-11-27,17.083173751831055,13.990972518920898,9.944721221923828,13.600187301635742,13.685430526733398,24.3338565826416,13.41773509979248,7.075906276702881
2008-11-28,16.992156982421875,14.16669750213623,10.062063217163086,13.76249885559082,13.57360553741455,25.55402183532715,12.897273063659668,7.3130059242248535
2008-12-01,15.666688919067383,13.328592300415039,9.358014106750488,13.163636207580566,12.859658241271973,24.90532112121582,12.32603645324707,6.823988437652588
2008-12-02,15.996626853942871,13.558396339416504,9.528160095214844,13.49384880065918,13.100508689880371,24.913042068481445,12.859190940856934,6.986992835998535
2008-12-03,15.76908016204834,13.6327486038208,9.510558128356934,13.779282569885254,13.203729629516602,25.623525619506836,12.935357093811035,6.942541122436523
2008-12-04,15.780464172363281,13.571910858154297,9.563362121582031,13.588996887207031,13.22093391418457,25.37640380859375,12.99882698059082,6.972175598144531
2008-12-05,14.602893829345703,13.058233261108398,9.211337089538574,13.426682472229004,12.601604461669922,25.175613403320312,12.395854949951172,6.690622329711914
2008-12-08,15.899925231933594,13.923381805419922,10.026861190795898,13.963984489440918,13.599414825439453,25.95560073852539,13.25905990600586,7.105543613433838
2008-12-09,16.286752700805664,14.105873107910156,10.138339042663574,13.991961479187012,13.883268356323242,25.83203125,13.614495277404785,7.275956630706787
2008-12-10,16.25830841064453,14.112625122070312,10.108999252319336,13.807271957397461,14.055304527282715,25.360952377319336,13.811250686645508,7.253729343414307
2008-12-11,16.69634246826172,14.004485130310059,9.962324142456055,13.6841402053833,13.711234092712402,24.99026870727539,13.608153343200684,7.157409191131592
2008-12-12,15.996626853942871,13.625986099243164,9.434285163879395,13.376310348510742,13.306950569152832,24.897598266601562,13.25270938873291,7.024042129516602
2008-12-15,16.25263214111328,13.578675270080566,9.258270263671875,13.409895896911621,13.152119636535645,24.357013702392578,13.170196533203125,6.957357883453369
2008-12-16,16.281068801879883,13.680058479309082,9.340415954589844,13.521838188171387,13.39297103881836,24.604143142700195,13.335223197937012,7.038860321044922
2008-12-17,16.24124526977539,13.578675270080566,8.976654052734375,13.387510299682617,13.169323921203613,24.411081314086914,13.366958618164062,7.001813888549805
2008-12-18,15.831658363342285,13.565157890319824,8.824108123779297,13.505035400390625,13.238141059875488,24.59642219543457,13.595455169677734,7.098137378692627
2008-12-19,15.439135551452637,13.511085510253906,8.829976081848145,13.415489196777344,13.384368896484375,24.72770118713379,13.09403133392334,7.090725421905518
2008-12-22,15.194527626037598,13.301563262939453,8.607028007507324,13.40429973602295,13.057501792907715,24.704538345336914,12.522801399230957,6.935129165649414
2008-12-23,15.069369316101074,13.281278610229492,8.665696144104004,13.180428504943848,12.988688468933105,24.488306045532227,12.402205467224121,7.001813888549805
2008-12-29,15.029555320739746,13.308317184448242,8.741965293884277,13.029318809509277,12.713431358337402,24.69681739807129,12.402205467224121,6.898083686828613
2008-12-30,15.353804588317871,13.538118362426758,8.90624713897705,13.303558349609375,13.177925109863281,24.86671257019043,12.643385887145996,6.979584217071533
2009-01-02,16.172977447509766,14.14642333984375,9.234803199768066,13.801666259765625,13.496192932128906,25.685300827026367,13.15115737915039,6.935122013092041
2009-01-05,16.827184677124023,14.410016059875488,9.504691123962402,14.14867115020752,14.038104057312012,25.45362663269043,12.986132621765137,7.424140453338623
2009-01-06,17.185575485229492,14.572239875793457,9.580964088439941,14.227025985717773,14.29615306854248,25.95560073852539,12.986132621765137,7.424140453338623
2009-01-07,16.593952178955078,14.403267860412598,9.575096130371094,13.94158935546875,14.244544982910156,26.557950973510742,12.986132621765137,7.424140453338623
2009-01-08,16.616697311401367,14.416783332824707,9.504691123962402,13.980764389038086,13.917678833007812,26.04826545715332,12.986132621765137,7.424140453338623
2009-01-09,16.71340560913086,14.220772743225098,9.451889991760254,13.885624885559082,14.038104057312012,26.295391082763672,13.887415885925293,7.424140453338623
2009-01-12,16.212799072265625,14.0923490524292,9.475353240966797,13.784878730773926,14.038104057312012,26.480735778808594,13.63988208770752,7.424140453338623
2009-01-13,16.25830841064453,13.869308471679688,9.111595153808594,13.49384880065918,13.444580078125,26.480735778808594,12.706859588623047,7.424140453338623
2009-01-14,15.399320602416992,13.233973503112793,8.436881065368652,13.297957420349121,12.747836112976074,25.8011531829834,12.8274564743042,7.424140453338623
2009-01-15,14.910089492797852,13.206929206848145,8.143524169921875,13.297957420349121,12.549993515014648,26.20271873474121,12.8274564743042,7.424140453338623
2009-01-16,15.626863479614258,13.369149208068848,8.18459415435791,13.320348739624023,13.272542953491211,26.110048294067383,12.8274564743042,7.424140453338623
2009-01-19,15.416375160217285,13.031201362609863,7.2927961349487305,13.320348739624023,13.272542953491211,26.110048294067383,11.951559066772461,7.424140453338623
2009-01-20,14.995414733886719,12.855470657348633,6.858630657196045,13.051700592041016,12.704828262329102,26.140926361083984,11.951559066772461,7.424140453338623
2009-01-21,14.762189865112305,12.720288276672363,6.934904098510742,13.051700592041016,13.074703216552734,25.515413284301758,11.18990707397461,7.424140453338623
2009-01-22,14.671163558959961,12.706771850585938,7.093315124511719,12.693509101867676,12.8252534866333,25.26055335998535,11.18990707397461,7.424140453338623
2009-01-23,14.654098510742188,12.463454246520996,6.88796854019165,12.693509101867676,12.317747116088867,25.360952377319336,11.18990707397461,7.424140453338623
2009-01-26,15.427759170532227,12.943336486816406,7.486410140991211,12.615153312683105,12.661815643310547,25.53084945678711,11.316849708557129,7.424140453338623
2009-01-27,15.490338325500488,12.916302680969238,7.521613597869873,12.648733139038086,12.679021835327148,25.461345672607422,11.316849708557129,7.424140453338623
2009-01-28,15.831658363342285,13.362385749816895,8.431014060974121,12.917380332946777,13.41877555847168,25.314613342285156,11.684979438781738,7.424140453338623
2009-01-29,15.797528266906738,13.139348030090332,8.073119163513184,12.917380332946777,13.41877555847168,24.7740421295166,11.634202003479004,7.424140453338623
2009-01-30,15.76908016204834,13.085270881652832,8.037918090820312,12.553586959838867,13.289746284484863,25.090665817260742,11.634202003479004,6.801755905151367
2009-02-02,15.353804588317871,12.89602279663086,7.650692939758301,12.251359939575195,12.84245491027832,25.067495346069336,11.113744735717773,6.801755905151367
2009-02-03,15.450521469116211,13.15286636352539,7.732830047607422,12.978944778442383,12.84245491027832,25.19878387451172,11.4945707321167,6.801755905151367
2009-02-04,16.042139053344727,13.463776588439941,8.096586227416992,12.984538078308105,13.608014106750488,25.106107711791992,11.4945707321167,6.801755905151367
2009-02-05,16.25830841064453,13.342113494873047,7.9029765129089355,12.956557273864746,13.608014106750488,25.01343536376953,11.4945707321167,6.801755905151367
2009-02-06,16.65652084350586,13.754402160644531,8.143524169921875,13.057303428649902,13.977890968322754,25.1292781829834,11.4945707321167,6.801755905151367
2009-02-09,16.77029800415039,13.801713943481445,8.272600173950195,13.130054473876953,14.089714050292969,24.982545852661133,12.973440170288086,7.394497871398926
2009-02-10,16.326576232910156,13.315075874328613,8.237398147583008,13.062894821166992,13.797256469726562,25.19878387451172,12.662437438964844,7.394497871398926
2009-02-11,16.184358596801758,13.382668495178223,7.908840656280518,12.760662078857422,13.496192932128906,25.314613342285156,12.357771873474121,7.009213447570801
2009-02-12,15.93405532836914,13.119071960449219,7.7562947273254395,12.620744705200195,13.349959373474121,25.337787628173828,12.45297908782959,7.009213447570801
2009-02-13,16.497234344482422,13.294800758361816,7.58615255355835,12.878199577331543,13.504789352416992,25.098390579223633,11.995988845825195,7.009213447570801
2009-02-16,16.366395950317383,13.058233261108398,7.550948619842529,12.777459144592285,13.41877555847168,25.183338165283203,12.357771873474121,6.8832573890686035
2009-02-17,15.928366661071777,12.66622257232666,7.028775215148926,12.39687728881836,13.005889892578125,25.02888298034668,11.786534309387207,6.964757442474365
2009-02-18,15.643930435180664,12.585113525390625,6.946640491485596,12.42486572265625,12.894068717956543,24.92076301574707,12.357771873474121,6.8832573890686035
2009-02-19,16.047828674316406,12.720288276672363,7.011178016662598,12.42486572265625,12.601604461669922,24.611867904663086,12.357771873474121,6.8832573890686035
2009-02-20,15.359500885009766,12.321514129638672,6.653284549713135,12.128235816955566,12.171518325805664,23.9554443359375,10.726574897766113,6.801755905151367
2009-02-23,15.296921730041504,12.186341285705566,6.500738620758057,12.391281127929688,12.15431022644043,24.024948120117188,10.358440399169922,6.8832573890686035
2009-02-24,14.995414733886719,12.051155090332031,6.412734031677246,12.044281005859375,11.689818382263184,23.53843116760254,9.774511337280273,6.8832573890686035
2009-02-25,15.14332389831543,11.855148315429688,6.524209499359131,11.75324821472168,12.085498809814453,23.445756912231445,9.774511337280273,6.8832573890686035
2009-02-26,15.160388946533203,12.280961036682129,7.105048179626465,12.22897720336914,11.904860496520996,22.897445678710938,9.774511337280273,6.8832573890686035
2009-02-27,14.802002906799316,11.909218788146973,6.729555130004883,12.284941673278809,11.629610061645508,22.65804672241211,9.520626068115234,6.8832573890686035
2009-03-02,14.335530281066895,11.442856788635254,6.166315078735352,11.988316535949707,11.4317626953125,21.963022232055664,9.400035858154297,6.453514575958252
2009-03-03,13.749594688415527,11.158980369567871,6.095909595489502,11.893168449401855,11.4317626953125,21.746784210205078,9.361948013305664,6.8832573890686035
2009-03-04,14.261575698852539,11.605071067810059,6.072443008422852,12.044281005859375,11.586600303649902,21.630956649780273,9.457155227661133,6.8832573890686035
2009-03-05,13.817858695983887,11.26036548614502,5.784953594207764,11.881972312927246,11.543586730957031,22.032520294189453,10.003002166748047,6.8832573890686035
2009-03-06,13.829236030578613,11.08463191986084,5.532670021057129,11.714070320129395,11.319940567016602,21.337488174438477,9.672955513000488,6.134916305541992
2009-03-09,14.079537391662598,10.962971687316895,5.4387969970703125,11.411842346191406,10.864049911499023,21.65411376953125,9.761815071105957,5.860771656036377
2009-03-10,14.557390213012695,11.483407974243164,6.048975467681885,11.69727897644043,11.638206481933594,21.530555725097656,10.047433853149414,6.171962261199951
2009-03-11,14.494817733764648,11.571269035339355,6.148714542388916,11.518180847167969,12.1973237991333,21.6077823638916,10.352092742919922,6.142324924468994
2009-03-12,14.363973617553711,11.638863563537598,6.412734031677246,11.585344314575195,12.326350212097168,21.73906898498535,10.593281745910645,6.171962261199951
2009-03-13,14.62565803527832,11.719968795776367,6.565276622772217,11.837193489074707,12.326350212097168,22.040241241455078,11.005843162536621,6.231235980987549
2009-03-16,14.762189865112305,11.828110694885254,6.964238166809082,11.977117538452148,12.722027778625488,22.58854866027832,10.796391487121582,6.142324924468994
2009-03-17,14.637033462524414,11.747004508972168,6.870367527008057,11.977117538452148,12.56719970703125,22.58854866027832,10.777348518371582,6.142324924468994
2009-03-18,14.329843521118164,11.544236183166504,6.952505111694336,12.184199333190918,12.661815643310547,22.318260192871094,10.777348518371582,6.142324924468994
2009-03-19,14.591527938842773,11.767281532287598,7.333865165710449,11.876373291015625,12.885464668273926,21.692729949951172,10.777348518371582,6.142324924468994
2009-03-20,14.824761390686035,11.848390579223633,7.198922634124756,11.786827087402344,12.386563301086426,21.9012393951416,10.790040969848633,6.142324924468994
2009-03-23,15.177459716796875,12.193094253540039,7.779764175415039,11.909960746765137,12.42956829071045,21.816286087036133,10.94871997833252,6.238646030426025
2009-03-24,15.07505989074707,12.098470687866211,7.61549186706543,12.033088684082031,12.549993515014648,21.939847946166992,11.164517402648926,6.409059524536133
2009-03-25,15.342430114746094,12.280961036682129,7.650692939758301,12.122636795043945,12.79084587097168,22.380037307739258,11.164517402648926,6.409059524536133
2009-03-26,15.228652954101562,12.15929889678955,7.750428676605225,12.061070442199707,12.79084587097168,22.333698272705078,11.25972843170166,6.409059524536133
2009-03-27,15.200209617614746,12.166058540344238,7.721092700958252,12.010699272155762,12.816651344299316,22.132923126220703,11.583430290222168,6.409059524536133
2009-03-30,14.602893829345703,11.679421424865723,7.093315124511719,11.786827087402344,12.291940689086914,22.488155364990234,10.796391487121582,6.409059524536133
2009-03-31,14.705293655395508,12.064678192138672,7.451208591461182,11.98271656036377,12.6962251663208,23.02100944519043,10.631363868713379,6.209009170532227
2009-04-01,14.881647109985352,12.179576873779297,7.709360599517822,12.128235816955566,12.541394233703613,22.866567611694336,10.974109649658203,6.549836158752441
2009-04-02,15.71788501739502,12.882503509521484,8.448616027832031,12.60955810546875,13.255340576171875,23.190906524658203,12.059459686279297,6.209009170532227
2009-04-03,15.171770095825195,12.787878036499023,8.46621322631836,12.391281127929688,13.513395309448242,22.457263946533203,12.719560623168945,6.209009170532227
2009-04-06,15.069369316101074,12.66622257232666,8.325407028198242,12.15621566772461,13.857465744018555,22.434101104736328,12.55453109741211,6.209009170532227
2009-04-07,14.802002906799316,12.625664710998535,8.225665092468262,12.20659065246582,13.496192932128906,22.627159118652344,12.059459686279297,6.209009170532227
2009-04-08,14.762189865112305,12.53104019165039,8.325407028198242,12.301733016967773,13.521995544433594,22.349151611328125,12.776681900024414,6.705433368682861
2009-04-09,14.95560073852539,12.950098037719727,8.859309196472168,12.20098876953125,14.115521430969238,22.488155364990234,12.99882698059082,6.705433368682861
2009-04-14,14.830451965332031,13.132583618164062,9.299344062805176,12.139424324035645,14.425180435180664,22.186973571777344,13.23366928100586,7.238905906677246
2009-04-15,14.790629386901855,13.071754455566406,9.1409330368042,12.20098876953125,14.210138320922852,22.627159118652344,13.144811630249023,7.105536937713623
2009-04-16,15.063681602478027,13.294800758361816,9.393217086791992,12.284941673278809,14.640231132507324,22.750728607177734,13.26540470123291,7.105536937713623
2009-04-17,15.154704093933105,13.416461944580078,9.668968200683594,12.67111873626709,15.01870346069336,23.044187545776367,13.627191543579102,7.2685441970825195
2009-04-20,14.875958442687988,13.071754455566406,9.1409330368042,12.458444595336914,14.62302303314209,22.68121910095215,13.39234447479248,7.149989604949951
2009-04-21,14.949910163879395,13.071754455566406,8.976654052734375,12.268149375915527,14.571413040161133,22.642606735229492,12.694170951843262,7.149989604949951
2009-04-22,15.018173217773438,13.125826835632324,9.352148056030273,12.089056015014648,14.769250869750977,22.179250717163086,13.176544189453125,7.135173797607422
2009-04-23,15.166081428527832,13.179895401000977,9.305211067199707,12.122636795043945,14.769250869750977,21.947572708129883,13.595455169677734,7.335226058959961
2009-04-24,15.831658363342285,13.389423370361328,9.522293090820312,11.977117538452148,14.889678955078125,22.526763916015625,13.817602157592773,7.4019083976745605
2009-04-27,15.700821876525879,13.517839431762695,9.58682918548584,12.016295433044434,14.795060157775879,23.082782745361328,13.950891494750977,7.253721237182617
2009-04-28,15.76908016204834,13.233973503112793,9.404952049255371,11.999507904052734,14.691832542419434,23.098236083984375,13.576414108276367,7.238905906677246
2009-04-29,15.93405532836914,13.585431098937988,9.70417594909668,12.173008918762207,14.571413040161133,23.075075149536133,13.576414108276367,7.364861488342285
2009-04-30,16.110408782958984,13.86255168914795,10.097269058227539,12.21218204498291,14.932687759399414,23.314472198486328,13.576414108276367,7.364861488342285
2009-05-04,16.531368255615234,14.105873107910156,10.179402351379395,12.262555122375488,14.932687759399414,22.936065673828125,13.97628402709961,7.564914226531982
2009-05-05,16.366395950317383,14.078831672668457,10.513832092285156,12.296133995056152,15.087515830993652,22.85883331298828,14.319021224975586,7.631599426269531
2009-05-06,16.72478485107422,14.3018798828125,10.719179153442383,12.508810997009277,15.311163902282715,23.407135009765625,14.560211181640625,7.809422969818115
2009-05-07,16.878381729125977,14.16669750213623,10.689842224121094,12.245768547058105,14.889678955078125,23.144569396972656,14.103222846984863,7.7131028175354
2009-05-08,17.236766815185547,14.511404991149902,11.118145942687988,12.195395469665527,14.967092514038086,23.051902770996094,14.192076683044434,7.742739200592041
2009-05-11,16.736169815063477,14.227530479431152,10.953863143920898,12.184199333190918,14.459587097167969,22.851116180419922,13.67796516418457,7.631599426269531
2009-05-12,16.906822204589844,14.26132583618164,10.719179153442383,12.480828285217285,14.674633979797363,23.414857864379883,13.67796516418457,7.535276412963867
2009-05-13,16.861316680908203,13.80848217010498,9.9740571975708,12.452847480773926,14.278952598571777,23.808719635009766,13.443122863769531,7.535276412963867
2009-05-14,16.719097137451172,14.031518936157227,10.020995140075684,12.452847480773926,14.02950668334961,23.6619873046875,12.73224925994873,7.298177719116211
2009-05-15,16.741851806640625,14.065317153930664,10.296746253967285,12.346505165100098,14.425180435180664,23.70060157775879,12.979783058166504,7.298177719116211
2009-05-18,17.179885864257812,14.288358688354492,10.77198600769043,12.603960990905762,14.906876564025879,23.731491088867188,12.821110725402832,7.298177719116211
2009-05-19,17.185575485229492,14.578995704650879,11.10640811920166,12.452847480773926,15.336970329284668,23.924549102783203,13.493900299072266,7.476001262664795
2009-05-20,17.407428741455078,14.653342247009277,11.018401145935059,12.374488830566406,15.293964385986328,24.024948120117188,13.646233558654785,7.298177719116211
2009-05-21,16.918201446533203,14.410016059875488,10.736780166625977,12.173008918762207,15.010104179382324,23.978612899780273,13.436776161193848,7.298177719116211
2009-05-22,17.020601272583008,14.389744758605957,10.818920135498047,12.234574317932129,14.812264442443848,23.584760665893555,13.576414108276367,7.298177719116211
2009-05-25,17.0888614654541,14.410016059875488,10.85998821258545,12.089056015014648,14.949893951416016,23.947717666625977,13.576414108276367,7.298177719116211
2009-05-26,17.214012145996094,14.504647254943848,10.625303268432617,12.273749351501465,14.657428741455078,23.878217697143555,13.132119178771973,7.5945515632629395
2009-05-27,17.287967681884766,14.612788200378418,11.08880615234375,12.42486572265625,15.061717987060547,23.70060157775879,13.563720703125,7.5945515632629395
2009-05-28,17.111616134643555,14.34919261932373,10.91279125213623,12.42486572265625,14.97569751739502,23.623376846313477,13.25270938873291,7.5945515632629395
2009-05-29,17.532581329345703,14.423539161682129,11.006670951843262,12.368891716003418,15.319766998291016,23.6619873046875,13.25270938873291,7.5945515632629395
2009-06-01,18.175399780273438,14.896672248840332,11.35869026184082,12.419262886047363,15.4487943649292,23.932273864746094,14.223821640014648,7.5945515632629395
2009-06-02,18.05025291442871,14.916942596435547,11.264819145202637,12.452847480773926,15.638032913208008,23.53070068359375,14.96008014678955,7.683464527130127
2009-06-03,17.629289627075195,14.673620223999023,10.877593994140625,12.402472496032715,15.121927261352539,23.461198806762695,14.610986709594727,7.683464527130127
2009-06-04,17.74875259399414,14.53844165802002,10.91279125213623,12.296133995056152,15.096114158630371,23.785551071166992,14.496737480163574,7.683464527130127
2009-06-05,17.890968322753906,14.633066177368164,10.983199119567871,12.329719543457031,15.164931297302246,23.63109588623047,14.604639053344727,7.64641809463501
2009-06-08,17.799951553344727,14.606025695800781,10.883459091186523,12.189793586730957,14.95849323272705,23.61564826965332,14.439614295959473,7.587142467498779
2009-06-09,17.92510223388672,14.612788200378418,10.97733211517334,12.357701301574707,15.276759147644043,23.70060157775879,14.45865535736084,7.535276412963867
2009-06-10,18.209531784057617,14.849356651306152,11.24721908569336,12.42486572265625,15.500408172607422,23.770103454589844,14.45865535736084,7.587142467498779
2009-06-11,18.209531784057617,14.984533309936523,11.317620277404785,12.430455207824707,15.517608642578125,24.094449996948242,14.991816520690918,7.527867794036865
2009-06-12,17.90803337097168,14.903426170349121,11.393895149230957,12.542389869689941,15.388580322265625,24.943941116333008,14.883912086486816,7.483412742614746
2009-06-15,17.39605140686035,14.268083572387695,11.024271011352539,12.542389869689941,15.242350578308105,24.56553077697754,14.426918029785156,7.483412742614746
2009-06-16,17.475692749023438,14.342432022094727,10.983199119567871,12.475235939025879,15.147733688354492,24.588687896728516,14.046093940734863,7.483412742614746
2009-06-17,16.918201446533203,14.03827953338623,10.549032211303711,12.603960990905762,15.147733688354492,24.58097267150879,13.608153343200684,7.483412742614746
2009-06-18,16.958023071289062,14.126147270202637,10.824788093566895,12.70470142364502,14.838068008422852,24.542362213134766,13.747788429260254,7.483412742614746
2009-06-19,17.21970558166504,14.355952262878418,10.924527168273926,12.81663703918457,14.949893951416016,24.936214447021484,13.512941360473633,7.127762317657471
2009-06-22,16.474477767944336,13.876062393188477,10.513832092285156,12.799844741821289,14.562814712524414,24.82037353515625,13.09403133392334,7.37227201461792
2009-06-23,16.25263214111328,13.788198471069336,10.326085090637207,12.626344680786133,14.666033744812012,24.58097267150879,12.846500396728516,7.031441688537598
2009-06-24,16.639453887939453,14.1734619140625,10.748512268066406,12.872600555419922,14.967092514038086,24.681360244750977,13.322528839111328,7.112945556640625
2009-06-25,16.366395950317383,13.97068977355957,10.507965087890625,12.78305435180664,14.820867538452148,24.017227172851562,13.322528839111328,7.201857566833496
2009-06-26,16.747541427612305,13.997727394104004,10.648775100708008,12.788654327392578,14.924083709716797,23.87049102783203,13.963587760925293,7.179627418518066
2009-06-29,16.849939346313477,14.2748441696167,10.848255157470703,12.900588989257812,14.967092514038086,24.171680450439453,14.039752006530762,7.179627418518066
2009-06-30,16.65083885192871,14.099105834960938,10.736780166625977,12.872600555419922,14.967092514038086,24.10988998413086,13.97628402709961,7.179627418518066
2009-07-01,17.060413360595703,14.281597137451172,10.883459091186523,13.11326789855957,15.113325119018555,24.411081314086914,14.027053833007812,7.179627418518066
2009-07-02,16.622385025024414,14.045038223266602,10.648775100708008,12.900588989257812,14.889678955078125,24.094449996948242,13.436776161193848,7.216675758361816
2009-07-03,16.542741775512695,13.990972518920898,10.67224407196045,12.766264915466309,14.829465866088867,23.924549102783203,13.436776161193848,7.216675758361816
2009-07-06,16.0592098236084,13.774678230285645,10.572503089904785,12.799844741821289,14.777852058410645,24.27979278564453,13.011520385742188,7.075900077819824
2009-07-07,15.979567527770996,13.815237998962402,10.566634178161621,12.715899467468262,14.640231132507324,23.978612899780273,13.024216651916504,7.075900077819824
2009-07-08,15.843034744262695,13.578675270080566,10.26154613494873,12.598365783691406,14.528404235839844,24.171680450439453,12.630697250366211,7.075900077819824
2009-07-09,15.905609130859375,13.700335502624512,10.461027145385742,12.587163925170898,14.580013275146484,24.1021728515625,12.802066802978516,7.075900077819824
2009-07-10,15.740641593933105,13.592188835144043,10.378890037536621,12.469635963439941,14.580013275146484,23.723770141601562,12.618003845214844,7.009213447570801
2009-07-13,15.962506294250488,13.727370262145996,10.654641151428223,12.631943702697754,14.75205135345459,23.80099105834961,13.055949211120605,7.009213447570801
2009-07-14,16.127473831176758,13.957169532775879,10.842389106750488,12.581572532653809,14.75205135345459,23.994056701660156,13.220974922180176,7.009213447570801
2009-07-15,16.116100311279297,14.315397262573242,10.930394172668457,12.475235939025879,15.035910606384277,23.623376846313477,13.798565864562988,7.009213447570801
2009-07-16,16.15022850036621,14.416783332824707,11.10640811920166,12.654330253601074,14.64882755279541,23.947717666625977,14.299982070922852,7.009213447570801
2009-07-17,16.33226776123047,14.470850944519043,11.129875183105469,12.615153312683105,14.640231132507324,23.916833877563477,14.579249382019043,7.009213447570801
2009-07-20,16.497234344482422,14.59926700592041,11.294154167175293,12.592771530151367,14.493995666503906,24.194839477539062,14.249202728271484,7.009213447570801
2009-07-21,16.69065284729004,14.734453201293945,11.288290023803711,12.648733139038086,14.511197090148926,24.42652130126953,14.50943374633789,7.009213447570801
2009-07-22,16.588260650634766,14.734453201293945,11.176809310913086,12.693509101867676,14.433784484863281,24.61958122253418,14.776010513305664,7.009213447570801
2009-07-23,16.89544677734375,15.099430084228516,11.640312194824219,12.945365905761719,14.898282051086426,24.86671257019043,15.169529914855957,6.868437767028809
2009-07-24,16.94095802307129,15.065633773803711,11.740053176879883,13.068495750427246,14.657428741455078,24.982545852661133,15.537662506103516,6.867697238922119
2009-07-27,17.05472755432129,15.16701889038086,11.769390106201172,13.13565444946289,14.674633979797363,24.86671257019043,15.087019920349121,6.801755905151367
2009-07-28,16.707717895507812,15.052117347717285,11.564040184020996,13.146849632263184,14.605819702148438,25.1292781829834,14.972769737243652,6.7128424644470215
2009-07-29,16.764604568481445,15.052117347717285,11.698984146118164,13.28676700592041,14.614418983459473,25.299177169799805,15.201265335083008,6.7128424644470215
2009-07-30,16.969402313232422,15.410341262817383,12.086215019226074,13.60578441619873,14.829465866088867,25.48451805114746,15.188568115234375,6.7128424644470215
2009-07-31,16.571195602416992,15.36302661895752,12.150753021240234,13.533025741577148,15.010104179382324,25.422739028930664,15.87405014038086,6.7128424644470215
2009-08-03,16.91251564025879,15.728014945983887,12.520374298095703,13.622576713562012,15.242350578308105,25.353235244750977,16.305662155151367,7.075900077819824
2009-08-04,16.673587799072266,15.626620292663574,12.373703002929688,13.60578441619873,15.276759147644043,25.276002883911133,16.096206665039062,7.053670406341553
2009-08-05,16.593952178955078,15.579318046569824,12.461706161499023,13.53862476348877,14.992902755737305,25.314613342285156,16.096206665039062,7.246313095092773
2009-08-06,16.537059783935547,15.633380889892578,12.743327140808105,13.44347858428955,15.207940101623535,25.1292781829834,15.72807502746582,7.357452392578125
2009-08-07,16.77029800415039,15.83614444732666,12.978012084960938,13.796077728271484,14.98430061340332,25.106107711791992,15.582084655761719,7.238905906677246
2009-08-10,16.611011505126953,15.70097541809082,12.995613098144531,13.784878730773926,15.225151062011719,25.353235244750977,15.721731185913086,7.238905906677246
2009-08-11,16.497234344482422,15.532000541687012,12.643584251403809,13.734509468078613,15.285358428955078,25.221946716308594,15.588436126708984,7.238905906677246
2009-08-12,16.810117721557617,15.707733154296875,12.837198257446289,13.779282569885254,15.285358428955078,25.41501808166504,15.283775329589844,7.238905906677246
2009-08-13,16.798738479614258,15.78884220123291,13.218561172485352,13.807271957397461,15.25955581665039,25.407289505004883,15.702679634094238,7.238905906677246
2009-08-14,16.815805435180664,15.680699348449707,12.966272354125977,13.577801704406738,15.070319175720215,25.28373146057129,15.118756294250488,7.253721237182617
2009-08-17,16.49155044555664,15.322477340698242,12.567313194274902,13.40429973602295,14.820867538452148,25.183338165283203,14.636373519897461,7.253721237182617
2009-08-18,16.684965133666992,15.50497055053711,12.813730239868164,13.44907283782959,14.95849323272705,25.25284194946289,14.382488250732422,7.253721237182617
2009-08-19,16.707717895507812,15.545519828796387,12.755061149597168,13.44907283782959,14.709040641784668,25.322345733642578,14.160346031188965,7.112945556640625
2009-08-20,17.043344497680664,15.795601844787598,12.983874320983887,13.734509468078613,14.95849323272705,25.45362663269043,14.388833999633789,7.112945556640625
2009-08-21,17.40174102783203,16.12002182006836,13.294835090637207,13.89681625366211,15.035910606384277,25.73935890197754,14.782356262207031,7.283358097076416
2009-08-24,17.464317321777344,16.282243728637695,13.582317352294922,13.868828773498535,15.250953674316406,25.716190338134766,14.801395416259766,7.283358097076416
2009-08-25,17.549644470214844,16.329557418823242,13.594056129455566,14.1262845993042,15.18214225769043,25.793420791625977,14.76966381072998,7.476001262664795
2009-08-26,17.287967681884766,16.234926223754883,13.682062149047852,14.047927856445312,15.422988891601562,25.816587448120117,14.76966381072998,7.476001262664795
2009-08-27,17.174192428588867,16.17410659790039,13.699664115905762,14.042332649230957,15.646636962890625,25.82430648803711,14.24285888671875,7.416727542877197
2009-08-28,17.305034637451172,16.329557418823242,13.80527114868164,14.17664909362793,15.870285987854004,25.8629207611084,14.363448143005371,7.476001262664795
2009-08-31,17.157123565673828,16.17410659790039,13.73486614227295,14.059125900268555,15.896086692810059,25.90154266357422,14.236509323120117,7.535276412963867
2009-09-01,16.935270309448242,16.00513458251953,13.341765403747559,13.935993194580078,15.706852912902832,25.83974838256836,13.671616554260254,7.409316062927246
2009-09-02,17.179885864257812,15.856431007385254,12.966272354125977,13.712120056152344,15.414386749267578,25.63896369934082,13.316182136535645,7.253721237182617
2009-09-03,17.094554901123047,15.896986961364746,13.083617210388184,13.751300811767578,15.646636962890625,25.445903778076172,13.424081802368164,7.253721237182617
2009-09-04,17.253835678100586,16.065959930419922,13.324169158935547,13.947188377380371,15.861681938171387,25.53084945678711,13.811250686645508,7.4019083976745605
2009-09-07,17.361923217773438,16.289005279541016,13.558852195739746,14.199045181274414,16.171342849731445,25.816587448120117,14.179383277893066,7.416727542877197
2009-09-08,17.549644470214844,16.34983253479004,13.418044090270996,14.288590431213379,16.28316879272461,25.546297073364258,14.306326866149902,7.587142467498779
2009-09-09,17.8739070892334,16.49177360534668,13.523651123046875,14.361346244812012,16.37778663635254,25.507678985595703,14.439614295959473,7.861288070678711
2009-09-10,17.913724899291992,16.525564193725586,13.464982032775879,14.42291259765625,16.67024803161621,25.592632293701172,14.6484375,7.883513927459717
2009-09-11,17.993366241455078,16.633710861206055,13.564723014831543,14.42291259765625,16.816486358642578,25.90925407409668,14.782356262207031,8.113205909729004
2009-09-14,17.74875259399414,16.512046813964844,13.418044090270996,14.434107780456543,16.50681495666504,25.793420791625977,14.53481674194336,8.113205909729004
2009-09-15,17.9023494720459,16.552597045898438,13.506049156188965,14.551636695861816,16.807880401611328,25.646690368652344,14.649067878723145,7.987246990203857
2009-09-16,17.976303100585938,16.816198348999023,13.8756742477417,14.602011680603027,16.859485626220703,25.90925407409668,14.979114532470703,8.053933143615723
2009-09-17,18.095760345458984,16.897302627563477,14.022356033325195,14.579623222351074,16.782072067260742,25.994203567504883,14.890256881713867,8.090975761413574
2009-09-18,17.993366241455078,16.856752395629883,14.010618209838867,14.434107780456543,16.782072067260742,26.15637969970703,14.807744979858398,8.090975761413574
2009-09-21,17.890968322753906,16.647226333618164,13.758337020874023,14.366943359375,16.74765968322754,26.102313995361328,14.807744979858398,7.890923023223877
2009-09-22,18.038881301879883,16.789161682128906,13.828741073608398,14.613203048706055,16.902494430541992,26.457555770874023,14.331717491149902,8.039108276367188
2009-09-23,17.788578033447266,16.76212501525879,13.928476333618164,14.551636695861816,16.962709426879883,26.264488220214844,14.64272403717041,8.061339378356934
2009-09-24,17.316415786743164,16.46473503112793,13.71726131439209,14.355752944946289,16.50681495666504,25.886083602905273,14.477697372436523,7.890923023223877
2009-09-25,17.407428741455078,16.41065788269043,13.599924087524414,14.417320251464844,16.403581619262695,26.063703536987305,14.439614295959473,7.890923023223877
2009-09-28,17.59515380859375,16.59315299987793,13.858071327209473,14.506861686706543,16.394983291625977,26.249053955078125,14.439614295959473,7.779784679412842
2009-09-29,17.691864013671875,16.728328704833984,14.03995132446289,14.585220336914062,16.524017333984375,26.357175827026367,14.668107986450195,7.839060306549072
2009-09-30,17.583782196044922,16.613435745239258,13.852209091186523,14.473286628723145,16.515419006347656,26.241331100463867,14.47134780883789,7.831650257110596
2009-10-01,17.350542068481445,16.383623123168945,13.582317352294922,14.473286628723145,16.3433780670166,26.218154907226562,14.382488250732422,7.831650257110596
2009-10-02,16.969402313232422,16.086227416992188,13.154023170471191,14.103898048400879,15.930489540100098,25.924701690673828,14.027053833007812,7.609370231628418
2009-10-05,17.03197479248047,16.14706039428711,13.335902214050293,14.41171932220459,16.03371810913086,25.916980743408203,14.039752006530762,7.609370231628418
2009-10-06,17.50982666015625,16.545839309692383,13.758337020874023,14.462090492248535,16.30896759033203,26.164108276367188,14.280939102172852,7.831650257110596
2009-10-07,17.356229782104492,16.532323837280273,13.728999137878418,14.350157737731934,16.351985931396484,25.978759765625,14.280939102172852,7.831650257110596
2009-10-08,17.475692749023438,16.660743713378906,13.75246810913086,14.32777214050293,16.532617568969727,26.071430206298828,14.9156494140625,7.85387659072876
2009-10-09,17.424489974975586,16.626949310302734,13.764196395874023,14.18225383758545,16.55841827392578,25.963314056396484,15.023551940917969,7.861288070678711
2009-10-12,17.59515380859375,16.79592514038086,13.834607124328613,14.227025985717773,16.859485626220703,26.51161766052246,15.283775329589844,7.861288070678711
2009-10-13,17.515518188476562,16.505287170410156,13.670328140258789,14.120689392089844,16.859485626220703,26.218154907226562,15.061626434326172,7.742739200592041
2009-10-14,17.993366241455078,16.9378604888916,14.045822143554688,14.383735656738281,16.9713134765625,26.3880558013916,15.474187850952148,7.890923023223877
2009-10-15,18.055944442749023,16.99192237854004,14.133827209472656,14.1262845993042,16.72185516357422,26.519344329833984,15.512279510498047,7.883513927459717
2009-10-16,18.14695930480957,16.822952270507812,13.934349060058594,13.986361503601074,16.30896759033203,26.22588348388672,15.632864952087402,7.816827297210693
2009-10-19,18.528108596801758,17.106826782226562,14.186630249023438,14.1262845993042,16.46380615234375,26.720121383666992,15.696335792541504,7.85387659072876
2009-10-20,18.43708610534668,17.032482147216797,14.057550430297852,14.17664909362793,16.24875831604004,26.59657096862793,16.007343292236328,7.816827297210693
2009-10-21,18.579303741455078,17.09331703186035,14.133827209472656,14.322172164916992,16.23155975341797,26.619739532470703,15.88040828704834,7.846465587615967
2009-10-22,18.36313247680664,16.904064178466797,13.881542205810547,14.462090492248535,15.904694557189941,26.426668167114258,15.689993858337402,7.720510482788086
2009-10-23,18.215221405029297,16.8297119140625,13.811138153076172,14.221426010131836,15.956304550170898,26.171825408935547,15.753461837768555,7.639007091522217
2009-10-26,18.12989616394043,16.613435745239258,13.506049156188965,14.13747787475586,15.792866706848145,26.071430206298828,15.391678810119629,7.542686462402344
2009-10-27,18.573612213134766,16.647226333618164,13.335902214050293,14.243820190429688,15.784262657165527,26.52706527709961,15.017207145690918,7.490822792053223
2009-10-28,18.192466735839844,16.29576301574707,12.948673248291016,14.294182777404785,15.302563667297363,26.519344329833984,14.287286758422852,7.261133670806885
2009-10-29,18.306241989135742,16.59315299987793,13.406307220458984,14.389330863952637,15.491804122924805,26.372610092163086,14.782356262207031,7.394497871398926
2009-10-30,17.788578033447266,16.268726348876953,13.101216316223145,14.26060676574707,15.13052749633789,26.287670135498047,14.338065147399902,7.298177719116211
2009-11-02,17.9023494720459,16.329557418823242,13.171627044677734,14.13747787475586,15.216547012329102,26.086881637573242,14.452310562133789,7.283358097076416
2009-11-03,17.84546661376953,16.133546829223633,12.790262222290039,13.958382606506348,15.156332969665527,26.040544509887695,13.957239151000977,7.290769577026367
2009-11-04,18.11283302307129,16.43093490600586,13.101216316223145,14.131880760192871,15.465993881225586,26.133214950561523,14.388833999633789,7.290769577026367
2009-11-05,18.249359130859375,16.5188045501709,13.130553245544434,14.288590431213379,15.345573425292969,26.14865493774414,14.522133827209473,7.461184024810791
2009-11-06,18.209531784057617,16.532323837280273,13.318303108215332,14.227025985717773,15.345573425292969,26.133214950561523,14.649067878723145,7.572322845458984
2009-11-09,18.562236785888672,16.870264053344727,13.629257202148438,14.445296287536621,15.595024108886719,26.480735778808594,14.90930461883545,7.6241936683654785
2009-11-10,18.493967056274414,16.843233108520508,13.640993118286133,14.378134727478027,15.422988891601562,26.557950973510742,14.661765098571777,7.520456314086914
2009-11-11,18.499658584594727,16.904064178466797,13.764196395874023,14.26060676574707,15.715445518493652,26.52706527709961,14.795049667358398,7.51304817199707
2009-11-12,18.425703048706055,16.9378604888916,13.770069122314453,14.46768569946289,15.715445518493652,26.588855743408203,14.73157787322998,7.631599426269531
2009-11-13,18.545169830322266,17.032482147216797,13.852209091186523,14.512458801269531,15.801465034484863,26.758737564086914,14.814092636108398,7.735323429107666
2009-11-16,18.852365493774414,17.29607582092285,14.057550430297852,14.629997253417969,16.01651382446289,26.967252731323242,15.334555625915527,7.772374629974365
2009-11-17,18.869426727294922,17.21497344970703,13.899145126342773,14.646781921386719,15.999302864074707,26.843700408935547,15.074322700500488,7.7871928215026855
2009-11-18,18.749963760375977,17.167661666870117,13.811138153076172,14.596419334411621,16.03371810913086,26.751018524169922,15.201265335083008,7.764964580535889
2009-11-19,18.431394577026367,16.91082000732422,13.570586204528809,14.434107780456543,15.56061840057373,26.519344329833984,14.902950286865234,7.609370231628418
2009-11-20,18.2607364654541,16.775646209716797,13.365235328674316,14.355752944946289,15.422988891601562,26.5656795501709,14.630030632019043,7.51304817199707
2009-11-23,18.607746124267578,17.11358642578125,13.746597290039062,14.523655891418457,15.603622436523438,27.029024124145508,14.90930461883545,7.631599426269531
2009-11-24,18.499658584594727,16.99192237854004,13.558852195739746,14.50126838684082,15.440196990966797,26.990421295166016,14.750619888305664,7.542686462402344
2009-11-25,18.579303741455078,17.073041915893555,13.541250228881836,14.663578033447266,15.474605560302734,27.245262145996094,14.69984245300293,7.64641809463501
2009-11-26,18.02750015258789,16.49853515625,12.872405052185059,14.417320251464844,15.01870346069336,26.89775276184082,14.09052562713623,7.64641809463501
2009-11-27,18.266420364379883,16.7012996673584,13.06601619720459,14.50126838684082,15.336970329284668,27.005859375,13.722392082214355,7.379680156707764
2009-11-30,17.96491813659668,16.4444580078125,12.892930030822754,14.352954864501953,15.08321475982666,26.72784423828125,14.12226390838623,7.442660808563232
2009-12-01,18.357444763183594,16.870264053344727,13.239092826843262,14.677569389343262,15.345573425292969,27.168046951293945,14.039752006530762,7.631599426269531
2009-12-02,18.405797958374023,16.985170364379883,13.189225196838379,14.937820434570312,15.229449272155762,27.299318313598633,14.541168212890625,7.709394454956055
2009-12-03,18.303401947021484,16.931095123291016,13.25083065032959,14.769916534423828,15.117626190185547,27.237545013427734,14.67446517944336,7.772374629974365
2009-12-04,18.525259017944336,17.160905838012695,13.412179946899414,14.954611778259277,15.195037841796875,27.700895309448242,14.864869117736816,7.876106262207031
2009-12-07,18.51957130432129,17.04938507080078,13.253765106201172,14.837076187133789,15.16063404083252,27.569612503051758,14.9156494140625,7.850174427032471
2009-12-08,18.26357650756836,16.78578758239746,12.942809104919434,14.60760498046875,15.16923999786377,27.44990348815918,14.60781478881836,7.764964580535889
2009-12-09,18.07870101928711,16.606672286987305,12.737458229064941,14.459294319152832,15.010104179382324,27.28387451171875,14.449140548706055,7.690874099731445
2009-12-10,18.11567497253418,16.799301147460938,12.960406303405762,14.618803977966309,15.113325119018555,27.453773498535156,14.461833000183105,7.7575554847717285
2009-12-11,18.21807289123535,16.883787155151367,12.837198257446289,14.697155952453613,15.238051414489746,27.51555824279785,14.598296165466309,7.902038097381592
2009-12-14,18.405797958374023,17.022342681884766,13.01907730102539,14.761523246765137,15.354172706604004,27.662281036376953,14.750619888305664,7.946495056152344
2009-12-15,18.46552276611328,16.849992752075195,12.907602310180664,14.747526168823242,15.319766998291016,27.724063873291016,14.820442199707031,8.016884803771973
2009-12-16,18.63050079345703,17.059524536132812,13.21269702911377,14.786705017089844,15.534808158874512,28.102468490600586,15.017207145690918,8.068748474121094
2009-12-17,18.420015335083008,16.856752395629883,12.872405052185059,14.596419334411621,15.388580322265625,28.017515182495117,14.96008014678955,7.935379981994629
2009-12-18,18.346065521240234,16.782405853271484,12.661187171936035,14.568427085876465,15.4487943649292,28.21058464050293,14.76966381072998,7.920559406280518
2009-12-21,18.73859214782715,17.02573013305664,12.889998435974121,14.792304039001465,15.586419105529785,28.195140838623047,14.763315200805664,7.994655609130859
2009-12-22,18.92630958557129,17.086559295654297,12.948673248291016,14.837076187133789,15.741256713867188,28.53493309020996,14.934690475463867,8.016884803771973
2009-12-23,19.00595474243164,17.167661666870117,13.03081226348877,14.865056037902832,15.698247909545898,28.51949119567871,14.928339004516602,7.994655609130859
2009-12-28,19.15386199951172,17.269046783447266,13.130553245544434,14.960205078125,15.758460998535156,28.57354736328125,14.979114532470703,8.009476661682129
2009-12-29,19.114042282104492,17.309600830078125,13.118820190429688,14.921024322509766,15.784262657165527,28.619874954223633,14.99815559387207,8.016884803771973
2009-12-30,19.023021697998047,17.19469451904297,13.001477241516113,14.837076187133789,15.827272415161133,28.53493309020996,14.921996116638184,7.935379981994629
2010-01-04,19.489498138427734,17.532644271850586,13.347639083862305,15.021763801574707,16.17994499206543,28.774335861206055,15.150489807128906,8.10579776763916
2010-01-05,19.574825286865234,17.546157836914062,13.506049156188965,14.988189697265625,16.240154266357422,28.272371292114258,15.27108097076416,8.12061595916748
2010-01-06,19.591894149780273,17.573198318481445,13.576454162597656,14.926627159118652,16.394983291625977,28.28008460998535,15.41706371307373,8.202116012573242
2010-01-07,19.711347579956055,17.586715698242188,13.664461135864258,14.7027587890625,16.55841827392578,28.249202728271484,15.429759979248047,8.135431289672852
2010-01-08,19.705665588378906,17.66782569885254,13.852209091186523,14.602011680603027,16.524017333984375,28.226024627685547,15.448805809020996,8.239161491394043
2010-01-11,19.91045570373535,17.640790939331055,13.740735054016113,14.50126838684082,16.394983291625977,28.419092178344727,15.461498260498047,8.24657154083252
2010-01-12,19.734111785888672,17.478572845458984,13.605792999267578,14.484477996826172,16.240154266357422,28.334150314331055,15.131448745727539,8.098384857177734
2010-01-13,19.648784637451172,17.532644271850586,13.51191234588623,14.562834739685059,16.412187576293945,28.511764526367188,15.245695114135742,8.150253295898438
2010-01-14,19.734111785888672,17.634033203125,13.605792999267578,14.534846305847168,16.661643981933594,28.951961517333984,15.524962425231934,8.239161491394043
2010-01-15,19.44966697692871,17.465051651000977,13.330031394958496,14.232619285583496,16.489612579345703,28.774335861206055,15.315510749816895,8.209527969360352
2010-01-18,19.603273391723633,17.586715698242188,13.359374046325684,14.338960647583008,16.532617568969727,28.975122451782227,15.486881256103516,8.29843807220459
2010-01-19,19.745481491088867,17.715129852294922,13.42977523803711,14.540448188781738,16.567028045654297,29.430749893188477,15.385333061218262,8.342889785766602
2010-01-20,19.483802795410156,17.451536178588867,13.112955093383789,14.372541427612305,16.489612579345703,29.368976593017578,14.985466957092285,8.35030460357666
2010-01-21,19.18229866027832,17.228490829467773,12.731589317321777,14.434107780456543,16.394983291625977,29.268590927124023,14.649067878723145,8.328075408935547
2010-01-22,18.846675872802734,17.032482147216797,12.496908187866211,14.17664909362793,16.30896759033203,29.013723373413086,14.445961952209473,8.194705963134766
2010-01-25,18.7442684173584,16.917577743530273,12.502776145935059,14.042332649230957,16.068126678466797,28.743432998657227,14.141300201416016,8.231754302978516
2010-01-26,18.767026901245117,16.985170364379883,12.485173225402832,14.115087509155273,16.17994499206543,29.16819190979004,14.23016357421875,8.28361701965332
2010-01-27,18.567928314208984,16.843233108520508,12.191819190979004,14.08150577545166,16.2143497467041,29.075510025024414,13.89376449584961,8.231754302978516
2010-01-28,18.2607364654541,16.57963752746582,12.03341293334961,13.868828773498535,16.394983291625977,28.712560653686523,13.716049194335938,8.194705963134766
2010-01-29,18.448461532592773,16.809444427490234,12.238759994506836,13.986361503601074,16.69605255126953,28.712560653686523,14.027053833007812,8.24657154083252
2010-02-01,18.511035919189453,16.92435073852539,12.432366371154785,14.008749961853027,16.868085861206055,28.681669235229492,14.179383277893066,8.276208877563477
2010-02-02,18.53379249572754,17.073041915893555,12.596646308898926,14.059125900268555,17.04012680053711,28.812946319580078,14.24285888671875,8.409578323364258
2010-02-03,18.45415496826172,16.985170364379883,12.414769172668457,13.90800952911377,17.057329177856445,28.882442474365234,14.34441089630127,8.36512279510498
2010-02-04,18.073007583618164,16.539079666137695,11.751785278320312,13.874428749084473,16.782072067260742,28.66621971130371,13.83029556274414,8.142842292785645
2010-02-05,17.7032470703125,16.194372177124023,11.487768173217773,13.734509468078613,16.420799255371094,28.102468490600586,13.398694038391113,8.090975761413574
2010-02-08,17.788578033447266,16.268726348876953,11.499505043029785,13.852046012878418,16.334775924682617,28.47315216064453,13.48755168914795,8.053933143615723
2010-02-09,17.799951553344727,16.34983253479004,11.575778007507324,13.812865257263184,16.24875831604004,28.38819694519043,13.474861145019531,8.061339378356934
2010-02-10,17.84546661376953,16.424179077148438,11.904333114624023,13.913607597351074,16.171342849731445,28.31870460510254,13.563720703125,8.194705963134766
2010-02-11,18.220914840698242,16.49177360534668,11.740053176879883,13.812865257263184,16.09392547607422,28.751171112060547,13.246365547180176,8.128023147583008
2010-02-12,18.12989616394043,16.457979202270508,11.599244117736816,13.840845108032227,16.03371810913086,28.843833923339844,12.986132621765137,8.090975761413574
2010-02-15,18.192466735839844,16.525564193725586,11.71071720123291,13.840845108032227,15.982098579406738,28.975122451782227,12.935357093811035,8.113205909729004
2010-02-16,18.47690200805664,16.687774658203125,11.939536094665527,13.90800952911377,16.257368087768555,28.959678649902344,13.195591926574707,8.142842292785645
2010-02-17,18.53379249572754,16.94462013244629,12.185955047607422,14.019949913024902,16.515419006347656,29.152753829956055,13.443122863769531,8.313254356384277
2010-02-18,18.693078994750977,17.018962860107422,12.197686195373535,14.131880760192871,16.610034942626953,29.361249923706055,13.15750503540039,8.342889785766602
2010-02-19,18.68170166015625,17.086559295654297,12.268092155456543,14.031137466430664,16.687442779541016,29.53887176513672,13.39234447479248,8.409578323364258
2010-02-22,18.636192321777344,17.045995712280273,12.33849811553955,14.10949420928955,16.7132568359375,29.1758975982666,13.182892799377441,8.372529983520508
2010-02-23,18.380205154418945,16.89054298400879,12.103816032409668,13.924798965454102,16.524017333984375,29.083236694335938,12.954398155212402,8.342889785766602
2010-02-24,18.4029483795166,16.89054298400879,12.168349266052246,13.94158935546875,16.601436614990234,29.137287139892578,12.9099702835083,8.357710838317871
2010-02-25,17.890968322753906,16.620187759399414,11.998208045959473,13.919206619262695,16.334775924682617,28.867002487182617,12.694170951843262,8.253981590270996
2010-02-26,18.0445556640625,16.76212501525879,12.144886016845703,13.947188377380371,16.59283447265625,29.044626235961914,12.859190940856934,8.29843807220459
2010-03-01,18.317623138427734,17.005443572998047,12.074482917785645,14.047927856445312,16.782072067260742,29.42302894592285,13.100380897521973,8.387351036071777
2010-03-02,18.43708610534668,17.140621185302734,12.256357192993164,14.131880760192871,16.98851776123047,29.623817443847656,13.385995864868164,8.498488426208496
2010-03-03,18.573612213134766,17.275800704956055,12.438237190246582,14.243820190429688,17.194961547851562,29.585206985473633,13.538329124450684,8.468850135803223
2010-03-04,18.602062225341797,17.29607582092285,12.54970932006836,14.26060676574707,17.237966537475586,29.6160888671875,13.551031112670898,8.505898475646973
2010-03-05,18.87511444091797,17.573198318481445,12.93693733215332,14.406120300292969,17.496017456054688,29.770545959472656,14.008014678955078,8.609627723693848
2010-03-08,18.886497497558594,17.559680938720703,12.931073188781738,14.456491470336914,17.539031982421875,29.685606002807617,13.96993350982666,8.557764053344727
2010-03-09,18.94338035583496,17.51236915588379,12.819596290588379,14.434107780456543,17.547632217407227,29.809146881103516,13.912814140319824,8.550353050231934
2010-03-10,19.040090560913086,17.65430450439453,12.983874320983887,14.456491470336914,17.822887420654297,29.701051712036133,14.103222846984863,8.57258129119873
2010-03-11,19.062841415405273,17.61375617980957,12.884136199951172,14.484477996826172,17.693862915039062,29.59292984008789,14.23016357421875,8.654088020324707
2010-03-12,19.017332077026367,17.67458152770996,12.983874320983887,14.579623222351074,17.84868812561035,29.345800399780273,14.35075855255127,8.683721542358398
2010-03-15,18.829607009887695,17.55292320251465,12.8548002243042,14.42291259765625,17.73686408996582,29.492534637451172,14.24285888671875,8.6244478225708
2010-03-16,19.034399032592773,17.715129852294922,13.0366792678833,14.456491470336914,17.943313598632812,29.608381271362305,14.452310562133789,8.698538780212402
2010-03-17,19.284698486328125,17.870595932006836,13.259629249572754,14.506861686706543,18.175554275512695,29.585206985473633,14.522133827209473,8.83190631866455
2010-03-18,19.324525833129883,17.850309371948242,13.08948040008545,14.46768569946289,18.00352668762207,29.894115447998047,14.528473854064941,8.883772850036621
2010-03-19,19.250566482543945,17.78948402404785,13.08948040008545,14.456491470336914,18.00352668762207,30.033113479614258,14.445961952209473,8.876364707946777
2010-03-22,19.136791229248047,17.796247482299805,12.995613098144531,14.389330863952637,18.098140716552734,30.110340118408203,14.490394592285156,8.84672737121582
2010-03-23,19.31883430480957,17.924659729003906,13.124691009521484,14.495672225952148,18.235767364501953,30.094892501831055,14.528473854064941,9.00973129272461
2010-03-24,19.31314468383789,17.931421279907227,13.107087135314941,14.478883743286133,18.33038902282715,30.287952423095703,14.617338180541992,9.002323150634766
2010-03-25,19.37002944946289,18.134187698364258,13.35350513458252,14.50126838684082,18.536828994750977,30.342018127441406,14.839481353759766,9.202373504638672
2010-03-26,19.244876861572266,18.026044845581055,13.341765403747559,14.434107780456543,18.39920425415039,29.955890655517578,14.85217571258545,9.194965362548828
2010-03-29,19.222129821777344,18.080120086669922,13.30656909942627,14.629997253417969,18.45081901550293,29.886388778686523,14.871217727661133,9.17273998260498
2010-03-30,19.250566482543945,18.059831619262695,13.224432945251465,14.669172286987305,18.34760093688965,29.85549545288086,14.610986709594727,9.157916069030762
2010-03-31,19.250566482543945,18.046321868896484,13.130553245544434,14.596419334411621,18.493825912475586,29.847766876220703,14.623682975769043,9.120871543884277
2010-04-01,19.60896110534668,18.309921264648438,13.388710021972656,14.669172286987305,18.75187110900879,29.940448760986328,14.90930461883545,9.335744857788086
2010-04-06,20.069744110107422,18.451858520507812,13.476712226867676,14.680364608764648,18.82929229736328,29.75510597229004,15.055278778076172,9.409832954406738
2010-04-07,19.950281143188477,18.404542922973633,13.435643196105957,14.635594367980957,18.769075393676758,29.894115447998047,14.921996116638184,9.380196571350098
2010-04-08,19.85356903076172,18.2558536529541,13.218561172485352,14.557238578796387,18.554039001464844,29.91726303100586,14.687154769897461,9.306106567382812
2010-04-09,20.10956382751465,18.458620071411133,13.488448143005371,14.697155952453613,18.622852325439453,30.06400489807129,14.76966381072998,9.469106674194336
2010-04-12,20.035608291625977,18.465373992919922,13.629257202148438,14.67477035522461,18.554039001464844,29.91726303100586,14.76966381072998,9.417245864868164
2010-04-13,19.89339256286621,18.418066024780273,13.582317352294922,14.685965538024902,18.468017578125,29.986778259277344,14.864869117736816,9.380196571350098
2010-04-14,19.950281143188477,18.526208877563477,13.73486614227295,14.853864669799805,18.760478973388672,29.85549545288086,15.067973136901855,9.380196571350098
2010-04-15,20.2745418548584,18.647859573364258,13.922609329223633,14.949015617370605,19.01853370666504,30.233898162841797,15.137795448303223,9.483930587768555
2010-04-16,19.916147232055664,18.384265899658203,13.54711627960205,14.797894477844238,18.614246368408203,30.110340118408203,15.042588233947754,9.31351375579834
2010-04-19,19.819442749023438,18.26260757446289,13.418044090270996,14.657971382141113,18.700267791748047,30.04084014892578,14.890256881713867,9.194965362548828
2010-04-20,20.22333526611328,18.519447326660156,13.582317352294922,14.725137710571289,19.009929656982422,30.257070541381836,15.670947074890137,9.32833480834961
2010-04-21,20.103878021240234,18.445096969604492,13.388710021972656,14.7027587890625,19.061542510986328,30.164400100708008,15.64555835723877,9.395015716552734
2010-04-22,19.864948272705078,18.249094009399414,13.136423110961914,14.60760498046875,18.364789962768555,29.84005355834961,15.505924224853516,9.380196571350098
2010-04-23,19.984405517578125,18.330196380615234,13.183357238769531,14.641188621520996,18.631446838378906,29.770545959472656,15.848671913146973,9.558023452758789
2010-04-26,20.0014705657959,18.50593376159668,13.388710021972656,14.585220336914062,18.700267791748047,29.940448760986328,16.039077758789062,9.706206321716309
2010-04-27,19.603273391723633,17.931421279907227,12.819596290588379,14.17664909362793,18.252971649169922,29.4075870513916,15.5503511428833,9.446883201599121
2010-04-28,19.717044830322266,17.72865104675293,12.69052505493164,14.14867115020752,17.891698837280273,29.361249923706055,15.245695114135742,9.246827125549316
2010-04-29,19.39278793334961,17.938180923461914,12.93693733215332,14.227025985717773,17.994922637939453,29.430749893188477,15.588436126708984,9.217192649841309
2010-04-30,19.199371337890625,17.80976104736328,12.790262222290039,14.322172164916992,18.01212501525879,29.268590927124023,15.575742721557617,9.387603759765625
2010-05-03,19.00595474243164,17.877349853515625,12.93693733215332,14.18225383758545,17.9519100189209,29.322629928588867,15.651909828186035,9.432061195373535
2010-05-04,18.62481117248535,17.451536178588867,12.320894241333008,13.991961479187012,17.676645278930664,29.1758975982666,15.721731185913086,9.202373504638672
2010-05-05,18.767026901245117,17.262283325195312,12.015804290771484,13.874428749084473,17.539031982421875,29.106403350830078,14.76966381072998,9.039371490478516
2010-05-06,18.431394577026367,17.01221466064453,11.499505043029785,13.695333480834961,17.349781036376953,29.145023345947266,14.75696849822998,8.906000137329102
2010-05-07,17.691864013671875,16.268726348876953,10.75438404083252,13.130054473876953,16.72185516357422,28.187416076660156,14.280939102172852,8.906000137329102
2010-05-10,18.64756965637207,17.51236915588379,12.649452209472656,13.997560501098633,17.504615783691406,29.006023406982422,15.137795448303223,8.78004264831543
2010-05-11,18.59636878967285,17.478572845458984,12.449974060058594,13.846447944641113,17.453006744384766,29.12185287475586,15.353593826293945,8.987504959106445
2010-05-12,18.658945083618164,17.72189712524414,12.54970932006836,14.036734580993652,17.814273834228516,29.345800399780273,15.715378761291504,9.224599838256836
2010-05-13,18.693078994750977,17.742172241210938,12.438237190246582,14.036734580993652,17.68524932861328,29.507980346679688,15.975605964660645,9.224599838256836
2010-05-14,18.15265464782715,17.181182861328125,11.792858123779297,13.633769035339355,17.470218658447266,29.067790985107422,15.442455291748047,9.08382511138916
2010-05-17,18.095760345458984,17.201465606689453,11.82219123840332,13.706524848937988,17.323984146118164,29.12957191467285,15.404376029968262,8.972683906555176
2010-05-18,18.323312759399414,17.40422821044922,12.027541160583496,13.784878730773926,17.427204132080078,29.12185287475586,15.753461837768555,9.06159782409668
2010-05-19,17.782886505126953,16.897302627563477,11.646175384521484,13.460264205932617,17.160545349121094,28.704814910888672,15.106059074401855,8.80967903137207
2010-05-20,17.589468002319336,16.552597045898438,11.434962272644043,13.152443885803223,16.489612579345703,28.249202728271484,14.553865432739258,8.639266014099121
2010-05-21,17.39035987854004,16.457979202270508,11.546440124511719,13.348329544067383,16.274560928344727,27.546449661254883,14.649067878723145,8.542946815490723
2010-05-24,17.236766815185547,16.539079666137695,11.564040184020996,13.370716094970703,16.67024803161621,27.917125701904297,14.636373519897461,8.57999038696289
2010-05-25,16.94664764404297,16.133546829223633,11.129875183105469,13.19721794128418,16.22294807434082,27.492389678955078,14.636373519897461,8.372529983520508
2010-05-26,17.350542068481445,16.485017776489258,11.341095924377441,13.488251686096191,16.67885398864746,27.92485809326172,14.490394592285156,8.639266014099121
2010-05-27,18.02750015258789,16.94462013244629,11.646175384521484,13.807271957397461,16.919692993164062,28.31098747253418,15.080672264099121,8.817090034484863
2010-05-28,17.74875259399414,16.9378604888916,11.628578186035156,13.885624885559082,16.91109848022461,28.550384521484375,15.144143104553223,8.787452697753906
2010-05-31,17.339162826538086,16.99869155883789,11.669647216796875,13.863234519958496,17.11754608154297,28.689373016357422,15.347249031066895,8.85413646697998
2010-06-01,17.350542068481445,17.02573013305664,11.628578186035156,13.947188377380371,17.143342971801758,28.890169143676758,15.296473503112793,8.957869529724121
2010-06-02,17.259523391723633,17.05275535583496,11.5581693649292,14.10949420928955,17.17775535583496,29.260854721069336,15.296473503112793,9.04677963256836
2010-06-03,17.623600006103516,17.282560348510742,11.669647216796875,14.299781799316406,17.547632217407227,29.685606002807617,15.613829612731934,9.2097806930542
2010-06-04,17.447250366210938,16.985170364379883,11.235485076904297,14.159867286682129,17.289569854736328,29.438467025756836,15.220303535461426,8.994915008544922
2010-06-07,17.265213012695312,16.843233108520508,11.12401008605957,14.036734580993652,17.04012680053711,29.268590927124023,15.118756294250488,8.950458526611328
2010-06-08,16.958023071289062,16.674259185791016,11.006670951843262,13.82405948638916,16.945505142211914,29.013723373413086,14.99815559387207,8.787452697753906
2010-06-09,17.03197479248047,16.985170364379883,11.282417297363281,14.025540351867676,17.246566772460938,29.39986228942871,15.46784782409668,8.787452697753906
2010-06-10,16.832874298095703,17.255531311035156,11.534707069396973,14.322172164916992,17.513214111328125,29.646987915039062,16.01369285583496,9.150506973266602
2010-06-11,17.253835678100586,17.33663558959961,11.751785278320312,14.389330863952637,17.504615783691406,29.82460594177246,15.962913513183594,9.187553405761719
2010-06-14,17.16851234436035,17.51912498474121,11.9688720703125,14.490072250366211,17.62504005432129,29.886388778686523,16.070817947387695,9.35055923461914
2010-06-15,17.1457462310791,17.41098403930664,12.150753021240234,14.613203048706055,17.874496459960938,30.04084014892578,16.070817947387695,9.432061195373535
2010-06-16,17.242454528808594,17.417743682861328,12.133148193359375,14.534846305847168,17.539031982421875,30.249353408813477,15.785205841064453,9.417245864868164
2010-06-17,17.299345016479492,17.451536178588867,12.238759994506836,14.574026107788086,17.616439819335938,30.164400100708008,16.14698028564453,9.35055923461914
2010-06-18,17.225391387939453,17.49884605407715,12.438237190246582,14.618803977966309,17.754072189331055,29.901832580566406,16.413557052612305,9.387603759765625
2010-06-21,17.361923217773438,17.688098907470703,12.54970932006836,14.7027587890625,17.745466232299805,29.971324920654297,16.84515953063965,9.291285514831543
2010-06-22,17.094554901123047,17.6002254486084,12.455839157104492,14.652384757995605,17.659456253051758,30.164400100708008,16.762653350830078,9.254237174987793
2010-06-23,16.980775833129883,17.40422821044922,12.297429084777832,14.602011680603027,17.564830780029297,29.909549713134766,16.623010635375977,9.254237174987793
2010-06-24,16.571195602416992,17.106826782226562,11.910198211669922,14.490072250366211,17.160545349121094,29.8168888092041,16.400867462158203,9.06159782409668
2010-06-25,16.246929168701172,16.99192237854004,11.916064262390137,14.523655891418457,17.09173011779785,29.646987915039062,15.981953620910645,9.00973129272461
2010-06-28,16.42329216003418,17.201465606689453,12.068611145019531,14.7027587890625,17.255170822143555,29.894115447998047,16.356433868408203,9.076417922973633
2010-06-29,15.945433616638184,16.7012996673584,11.534707069396973,14.41171932220459,16.84228515625,29.59292984008789,15.651909828186035,8.80967903137207
2010-06-30,15.962506294250488,16.65398406982422,11.599244117736816,14.21583080291748,16.876697540283203,29.801435470581055,15.753461837768555,8.654088020324707
2010-07-01,15.626863479614258,16.234926223754883,11.294154167175293,14.092706680297852,16.455202102661133,28.98284339904785,15.125100135803223,8.468850135803223
2010-07-02,15.76908016204834,16.255212783813477,11.370428085327148,13.963984489440918,16.420799255371094,28.797504425048828,15.213961601257324,8.57258129119873
2010-07-05,15.803220748901367,16.207895278930664,11.276552200317383,14.003154754638672,16.326173782348633,28.581262588500977,15.150489807128906,8.550353050231934
2010-07-06,16.172977447509766,16.59991455078125,11.687244415283203,14.282991409301758,16.7132568359375,29.006023406982422,15.620171546936035,8.750406265258789
2010-07-07,16.497234344482422,16.8297119140625,12.150753021240234,14.562834739685059,16.859485626220703,29.098682403564453,15.848671913146973,8.80967903137207
2010-07-08,16.69634246826172,16.985170364379883,12.36196517944336,14.624402046203613,16.876697540283203,29.314916610717773,15.893095016479492,8.928228378295898
2010-07-09,16.75322914123535,17.09331703186035,12.438237190246582,14.680364608764648,16.919692993164062,29.53114891052246,16.01369285583496,8.957869529724121
2010-07-12,17.111616134643555,17.17442512512207,12.467573165893555,14.635594367980957,16.98851776123047,29.65471076965332,16.064470291137695,8.972683906555176
2010-07-13,17.418811798095703,17.485336303710938,12.790262222290039,14.881847381591797,17.280969619750977,29.863216400146484,16.84515953063965,9.157916069030762
2010-07-14,17.28227424621582,17.50560760498047,12.72572135925293,14.921024322509766,17.496017456054688,30.009958267211914,16.737262725830078,9.157916069030762
2010-07-15,16.67928123474121,17.3231143951416,12.244626998901367,14.417320251464844,17.169151306152344,29.245403289794922,16.591279983520508,8.824498176574707
2010-07-16,16.497234344482422,16.971651077270508,11.863262176513672,14.17664909362793,16.902494430541992,28.53493309020996,16.52781105041504,8.742995262145996
2010-07-19,16.212799072265625,16.877025604248047,11.816325187683105,14.154264450073242,16.84228515625,28.34185791015625,16.305662155151367,8.639266014099121
2010-07-20,16.224180221557617,16.870264053344727,11.886728286743164,14.070317268371582,16.76487159729004,28.272371292114258,16.00100326538086,8.631858825683594
2010-07-21,16.394840240478516,17.06627655029297,11.98060417175293,14.227025985717773,16.91109848022461,28.079301834106445,16.13428497314453,8.817090034484863
2010-07-22,16.662212371826172,17.417743682861328,12.391303062438965,14.540448188781738,17.2293701171875,28.365034103393555,16.648399353027344,8.980093955993652
2010-07-23,16.838560104370117,17.51912498474121,12.414769172668457,14.669172286987305,17.126140594482422,28.002079010009766,16.781688690185547,9.106054306030273
2010-07-26,16.975088119506836,17.634033203125,12.614253997802734,14.713951110839844,17.083133697509766,27.700895309448242,16.946712493896484,9.120871543884277
2010-07-27,16.929584503173828,17.67458152770996,13.21269702911377,14.719544410705566,16.92830467224121,27.739501953125,16.559547424316406,9.024552345275879
2010-07-28,16.849939346313477,17.627269744873047,13.236163139343262,14.680364608764648,16.7304630279541,27.778118133544922,16.464330673217773,8.935641288757324
2010-07-29,16.815805435180664,17.51912498474121,13.124691009521484,14.89863395690918,16.67024803161621,27.74724006652832,16.445293426513672,8.876364707946777
2010-07-30,16.758920669555664,17.50560760498047,13.0366792678833,14.876251220703125,16.72185516357422,27.68545913696289,16.584930419921875,8.891182899475098
2010-08-02,17.270906448364258,17.8367977142334,13.564723014831543,15.128113746643066,16.98851776123047,28.02524185180664,16.648399353027344,9.113462448120117
2010-08-03,17.316415786743164,17.97873306274414,13.541250228881836,15.044156074523926,16.885286331176758,28.195140838623047,16.95305633544922,9.143097877502441
2010-08-04,17.452939987182617,17.97873306274414,13.476712226867676,15.139302253723145,16.859485626220703,28.156532287597656,16.87055015563965,9.17273998260498
2010-08-05,17.407428741455078,17.924659729003906,13.418044090270996,15.049748420715332,16.859485626220703,28.357318878173828,17.08635139465332,9.06159782409668
2010-08-06,17.339162826538086,17.748924255371094,13.277233123779297,15.038558006286621,16.644441604614258,28.187416076660156,16.730913162231445,8.994915008544922
2010-08-09,17.583782196044922,17.99225425720215,13.45324420928955,15.234443664550781,16.84228515625,28.511764526367188,16.96575164794922,9.076417922973633
2010-08-10,17.322093963623047,17.830034255981445,13.30656909942627,15.21205997467041,16.687442779541016,28.80522346496582,16.69917869567871,8.876364707946777
2010-08-11,16.992156982421875,17.51912498474121,12.86066722869873,14.982598304748535,16.17994499206543,28.581262588500977,16.2675724029541,8.705947875976562
2010-08-12,16.969402313232422,17.49884605407715,12.801994323730469,15.100126266479492,16.119733810424805,28.83612823486328,15.943881034851074,8.60222053527832
2010-08-13,17.122987747192383,17.532644271850586,12.766799926757812,15.251240730285645,16.171342849731445,29.06007957458496,15.95021915435791,8.631858825683594
2010-08-16,17.05472755432129,17.51912498474121,12.71985912322998,15.228846549987793,16.17994499206543,29.12185287475586,16.083515167236328,8.639266014099121
2010-08-17,17.174192428588867,17.688098907470703,12.942809104919434,15.240046501159668,16.394983291625977,29.090953826904297,16.508758544921875,8.750406265258789
2010-08-18,16.935270309448242,17.66782569885254,12.84306526184082,15.21205997467041,16.3433780670166,29.20680046081543,16.48972511291504,8.750406265258789
2010-08-19,16.616697311401367,17.431264877319336,12.590781211853027,15.038558006286621,16.334775924682617,28.959678649902344,16.69283103942871,8.713360786437988
2010-08-20,16.662212371826172,17.255531311035156,12.461706161499023,14.91542911529541,16.20575523376465,28.959678649902344,15.969258308410645,8.57258129119873
2010-08-23,16.832874298095703,17.424495697021484,12.649452209472656,15.055352210998535,16.240154266357422,29.183631896972656,16.00100326538086,8.654088020324707
2010-08-24,16.45741844177246,17.24877166748047,12.379566192626953,14.926627159118652,15.921900749206543,28.797504425048828,15.791545867919922,8.58739948272705
2010-08-25,16.275381088256836,16.99192237854004,12.180084228515625,14.865056037902832,15.792866706848145,28.789783477783203,15.607475280761719,8.550353050231934
2010-08-26,16.474477767944336,17.100065231323242,12.33849811553955,14.881847381591797,15.913290023803711,28.80522346496582,15.683649063110352,8.64667797088623
2010-08-27,16.463106155395508,17.228490829467773,12.35609245300293,15.195266723632812,15.818668365478516,29.02145767211914,15.816936492919922,8.698538780212402
2010-08-30,16.49155044555664,17.24201202392578,12.33849811553955,15.2008695602417,15.801465034484863,29.260854721069336,15.70903491973877,8.728174209594727
2010-08-31,16.355022430419922,17.19469451904297,12.350232124328613,15.262432098388672,15.67243766784668,29.16819190979004,15.753461837768555,8.661494255065918
2010-09-01,16.775983810424805,17.68134117126465,12.790262222290039,15.491899490356445,16.22294807434082,29.59292984008789,16.464330673217773,8.661494255065918
2010-09-02,16.775983810424805,17.762449264526367,12.79613208770752,15.385560989379883,16.30896759033203,29.569759368896484,16.705524444580078,8.920818328857422
2010-09-03,17.0035400390625,17.830034255981445,12.966272354125977,15.458322525024414,16.446603775024414,29.639259338378906,16.87055015563965,8.987504959106445
2010-09-06,17.04904556274414,17.870595932006836,12.983874320983887,15.48070240020752,16.54121971130371,29.662424087524414,16.794387817382812,8.987504959106445
2010-09-07,16.952329635620117,17.78272247314453,12.831331253051758,15.475107192993164,16.49820899963379,29.92499542236328,16.711872100830078,8.972683906555176
2010-09-08,17.191253662109375,17.931421279907227,12.86066722869873,15.615034103393555,16.79926872253418,30.141239166259766,16.946712493896484,9.08382511138916
2010-09-09,17.322093963623047,18.09364128112793,13.124691009521484,15.603836059570312,17.083133697509766,30.311128616333008,17.308496475219727,9.202373504638672
2010-09-10,17.242454528808594,18.134187698364258,13.06014633178711,15.592647552490234,17.048730850219727,30.388355255126953,17.6258544921875,9.194965362548828
2010-09-13,17.333477020263672,18.282882690429688,13.247899055480957,15.587044715881348,17.194961547851562,30.303407669067383,17.670284271240234,9.246827125549316
2010-09-14,17.327787399291992,18.2558536529541,13.288966178894043,15.603836059570312,17.17775535583496,30.41923713684082,17.778182983398438,9.202373504638672
2010-09-15,17.16851234436035,18.09364128112793,13.206829071044922,15.665397644042969,17.10893440246582,30.264787673950195,17.841651916503906,9.202373504638672
2010-09-16,17.140060424804688,18.086881637573242,13.042546272277832,15.542272567749023,17.00571632385254,29.92499542236328,17.790876388549805,9.113462448120117
2010-09-17,17.009220123291016,18.026044845581055,12.884136199951172,15.51988410949707,17.048730850219727,30.0253963470459,17.911468505859375,9.143097877502441
2010-09-20,17.287967681884766,18.23557472229004,13.06014633178711,15.698978424072266,17.315380096435547,30.226179122924805,18.355764389038086,9.187553405761719
2010-09-21,17.28227424621582,18.208534240722656,12.95454216003418,15.637417793273926,17.143342971801758,30.048559188842773,18.298641204833984,9.217192649841309
2010-09-22,16.94664764404297,17.938180923461914,12.696388244628906,15.419146537780762,16.876697540283203,29.623817443847656,18.04475975036621,9.017142295837402
2010-09-23,17.04904556274414,17.924659729003906,12.608386039733887,15.447124481201172,16.893890380859375,29.731931686401367,17.911468505859375,9.04677963256836
2010-09-24,17.1457462310791,18.09364128112793,12.813730239868164,15.503093719482422,17.09173011779785,29.778274536132812,18.54617691040039,9.09864330291748
2010-09-27,17.140060424804688,18.059831619262695,12.72572135925293,15.402347564697266,16.9713134765625,29.608381271362305,18.558870315551758,9.120871543884277
2010-09-28,17.05472755432129,17.97873306274414,12.602511405944824,15.34638786315918,17.031518936157227,29.577478408813477,18.279600143432617,9.017142295837402
2010-09-29,17.117305755615234,17.90437889099121,12.403033256530762,15.301610946655273,16.98851776123047,29.338075637817383,18.279600143432617,9.09864330291748
2010-09-30,17.117305755615234,17.796247482299805,12.579046249389648,15.167290687561035,16.99711036682129,29.245403289794922,18.412893295288086,8.957869529724121
2010-10-01,17.4301815032959,17.78272247314453,12.256357192993164,15.223254203796387,17.143342971801758,29.067790985107422,18.05110740661621,8.883772850036621
2010-10-04,17.242454528808594,17.69485855102539,12.227025032043457,15.172883033752441,16.936906814575195,28.9982852935791,17.594118118286133,8.898591995239258
2010-10-05,17.39605140686035,17.938180923461914,12.526241302490234,15.35197925567627,16.902494430541992,29.21451759338379,17.905118942260742,9.04677963256836
2010-10-06,17.515518188476562,17.999013900756836,12.561444282531738,15.35197925567627,16.91109848022461,29.20680046081543,17.873388290405273,9.120871543884277
2010-10-07,17.418811798095703,18.012529373168945,12.543848037719727,15.396753311157227,16.962709426879883,29.353532791137695,18.203432083129883,9.106054306030273
2010-10-08,17.39035987854004,18.012529373168945,12.455839157104492,15.35197925567627,16.9541015625,29.477088928222656,18.27326202392578,9.120871543884277
2010-10-11,17.40174102783203,18.046321868896484,12.473440170288086,15.413543701171875,17.06593132019043,29.562034606933594,18.39385223388672,9.150506973266602
2010-10-12,17.191253662109375,18.032806396484375,12.432366371154785,15.335192680358887,17.17775535583496,29.608381271362305,18.774673461914062,9.17273998260498
2010-10-13,17.498445510864258,18.309921264648438,12.590781211853027,15.447124481201172,17.556230545043945,29.85549545288086,18.927001953125,9.217192649841309
2010-10-14,17.447250366210938,18.26260757446289,12.420636177062988,15.559059143066406,17.427204132080078,29.701051712036133,18.857189178466797,9.165329933166504
2010-10-15,17.447250366210938,18.22881507873535,12.414769172668457,15.463916778564453,17.409997940063477,29.84005355834961,18.965087890625,9.217192649841309
2010-10-18,17.56102752685547,18.323440551757812,12.526241302490234,15.51988410949707,17.470218658447266,29.92499542236328,18.958740234375,9.291285514831543
2010-10-19,17.447250366210938,18.23557472229004,12.590781211853027,15.413543701171875,17.237966537475586,29.670143127441406,18.73659324645996,9.232010841369629
2010-10-20,17.441564559936523,18.26936912536621,12.602511405944824,15.48070240020752,17.289569854736328,29.83233070373535,18.965087890625,9.261648178100586
2010-10-21,17.39035987854004,18.404542922973633,12.573183059692383,15.475107192993164,17.461610794067383,29.600658416748047,19.36495018005371,9.298696517944336
2010-10-22,17.36760711669922,18.370752334594727,12.53797721862793,15.452730178833008,17.60784149169922,29.42302894592285,19.65056800842285,9.335744857788086
2010-10-25,17.356229782104492,18.384265899658203,12.444103240966797,15.435931205749512,17.642250061035156,29.515701293945312,19.942537307739258,9.365375518798828
2010-10-26,17.37898826599121,18.357236862182617,12.373703002929688,15.609429359436035,17.599241256713867,29.39986228942871,19.739431381225586,9.469106674194336
2010-10-27,17.157123565673828,18.208534240722656,12.36196517944336,15.51428508758545,17.39279556274414,29.438467025756836,19.37130355834961,9.424653053283691
2010-10-28,17.36760711669922,18.276126861572266,12.33849811553955,15.878077507019043,17.427204132080078,29.368976593017578,19.288787841796875,9.402424812316895
2010-10-29,17.50982666015625,18.23557472229004,12.27396297454834,15.850091934204102,17.401395797729492,29.3767032623291,19.485551834106445,9.395015716552734
2010-11-01,17.583782196044922,18.296396255493164,12.180084228515625,15.883674621582031,17.349781036376953,29.353532791137695,19.57440757751465,9.432061195373535
2010-11-02,17.811325073242188,18.384265899658203,12.203551292419434,16.012399673461914,17.43579864501953,29.392148971557617,19.57440757751465,9.454294204711914
2010-11-03,17.84546661376953,18.309921264648438,12.180084228515625,15.990013122558594,17.246566772460938,29.199079513549805,19.498239517211914,9.454294204711914
2010-11-04,18.12989616394043,18.607311248779297,12.461706161499023,15.917256355285645,17.220762252807617,29.284013748168945,20.06947898864746,9.520976066589355
2010-11-05,18.226606369018555,18.634347915649414,12.379566192626953,15.928451538085938,17.30678367614746,29.59292984008789,19.986970901489258,9.60988712310791
2010-11-08,18.164026260375977,18.67490005493164,12.420636177062988,15.928451538085938,17.315380096435547,29.670143127441406,20.031396865844727,9.669161796569824
2010-11-09,18.380205154418945,18.80332374572754,12.51451301574707,15.945241928100586,17.539031982421875,29.608381271362305,20.513782501220703,9.624704360961914
2010-11-10,18.294870376586914,18.68165397644043,12.291555404663086,15.956430435180664,17.401395797729492,29.646987915039062,20.120258331298828,9.572836875915527
2010-11-11,18.425703048706055,18.661386489868164,12.197686195373535,15.878077507019043,17.2293701171875,29.562034606933594,20.15833854675293,9.520976066589355
2010-11-12,18.19816017150879,18.546485900878906,12.250492095947266,15.878077507019043,17.10033416748047,29.45392608642578,20.3677921295166,9.520976066589355
2010-11-15,18.374507904052734,18.728973388671875,12.35609245300293,15.945241928100586,17.18634796142578,29.569759368896484,20.71053695678711,9.5654296875
2010-11-16,17.743066787719727,18.36399269104004,11.939536094665527,15.648606300354004,16.9541015625,29.322629928588867,20.3106689453125,9.32833480834961
2010-11-17,17.885278701782227,18.39103126525879,12.056877136230469,15.648606300354004,17.10893440246582,29.646987915039062,20.304323196411133,9.380196571350098
2010-11-18,18.05025291442871,18.661386489868164,12.209423065185547,15.799727439880371,17.315380096435547,29.901832580566406,20.92633628845215,9.5654296875
2010-11-19,17.9023494720459,18.566755294799805,12.039273262023926,15.738157272338867,17.289569854736328,29.73966407775879,21.091352462768555,9.513564109802246
2010-11-22,17.737375259399414,18.424814224243164,11.781123161315918,15.603836059570312,17.220762252807617,29.646987915039062,21.28812026977539,9.550612449645996
2010-11-23,17.549644470214844,18.147706985473633,11.511237144470215,15.35197925567627,17.10033416748047,29.368976593017578,20.729576110839844,9.439473152160645
2010-11-24,17.75444221496582,18.336952209472656,11.593376159667969,15.435931205749512,17.2293701171875,29.53114891052246,21.421411514282227,9.706206321716309
2010-11-25,17.805639266967773,18.424814224243164,11.610977172851562,15.458322525024414,17.41860580444336,29.569759368896484,21.65625,9.728435516357422
2010-11-26,17.75444221496582,18.323440551757812,11.417363166809082,15.475107192993164,17.41860580444336,29.793720245361328,21.51661491394043,9.713616371154785
2010-11-29,17.435876846313477,18.059831619262695,11.276552200317383,15.167290687561035,17.134740829467773,29.4075870513916,20.843820571899414,9.758071899414062
2010-11-30,17.50982666015625,18.019285202026367,11.141609191894531,15.189675331115723,17.17775535583496,29.353532791137695,20.786697387695312,9.63952350616455
2010-12-01,17.777191162109375,18.36399269104004,11.569907188415527,15.407944679260254,17.530418395996094,29.6160888671875,21.5737361907959,9.795114517211914
2010-12-02,18.0445556640625,18.661386489868164,11.810454368591309,15.463916778564453,17.650846481323242,29.708765029907227,22.271921157836914,9.980353355407715
2010-12-03,17.999055862426758,18.708698272705078,11.85739803314209,15.402347564697266,17.84868812561035,29.492534637451172,22.633699417114258,9.884032249450684
2010-12-06,18.329002380371094,18.708698272705078,11.751785278320312,15.430335998535156,17.822887420654297,29.554317474365234,22.46232795715332,9.995169639587402
2010-12-07,18.573612213134766,18.85738754272461,11.792858123779297,15.48070240020752,17.986318588256836,29.69332504272461,22.760639190673828,10.047036170959473
2010-12-08,18.68170166015625,18.90469741821289,11.951271057128906,15.503093719482422,17.960508346557617,29.9945011138916,22.430593490600586,10.098899841308594
2010-12-09,18.767026901245117,18.972286224365234,12.15661334991455,15.547867774963379,17.97771453857422,30.04084014892578,21.979955673217773,10.047036170959473
2010-12-10,18.767026901245117,18.992568969726562,12.051008224487305,15.587044715881348,18.055137634277344,30.094892501831055,22.52580451965332,10.039626121520996
2010-12-13,18.886497497558594,19.080434799194336,12.074482917785645,15.659806251525879,18.072336196899414,30.048559188842773,22.703519821166992,10.017398834228516
2010-12-14,19.045772552490234,19.087200164794922,12.09795093536377,15.648606300354004,18.063735961914062,30.303407669067383,22.449636459350586,9.958125114440918
2010-12-15,18.949071884155273,18.85738754272461,11.880861282348633,15.536676406860352,18.063735961914062,30.68181610107422,22.443294525146484,9.906259536743164
2010-12-16,18.966129302978516,18.891185760498047,11.892595291137695,15.553467750549316,18.252971649169922,30.766765594482422,22.39885902404785,9.972944259643555
2010-12-17,18.949071884155273,18.81683349609375,11.704852104187012,15.525476455688477,18.45081901550293,30.41923713684082,22.03707504272461,9.958125114440918
2010-12-20,19.091283798217773,18.945261001586914,11.769390106201172,15.615034103393555,18.511035919189453,30.4964656829834,22.290952682495117,9.965538024902344
2010-12-21,19.284698486328125,19.14802360534668,11.98060417175293,15.693387031555176,18.760478973388672,30.581418991088867,22.70985984802246,10.039626121520996
2010-12-22,19.296079635620117,19.161544799804688,11.957135200500488,15.648606300354004,18.81209373474121,30.65865707397461,22.817771911621094,10.121129989624023
2010-12-23,19.34158706665039,19.161544799804688,11.9277982711792,15.754948616027832,18.760478973388672,30.735855102539062,22.678131103515625,10.150766372680664
2010-12-27,19.159549713134766,18.979055404663086,11.71071720123291,15.559059143066406,18.614246368408203,30.527359008789062,21.7133731842041,10.061854362487793
2010-12-28,19.256258010864258,19.033119201660156,11.763521194458008,15.62062931060791,18.726076126098633,30.820831298828125,21.630857467651367,10.061854362487793
2010-12-29,19.375722885131836,19.11423110961914,11.80459213256836,15.598240852355957,18.794885635375977,30.80536651611328,21.707029342651367,10.128539085388184
2010-12-30,19.17661476135254,18.93173599243164,11.693116188049316,15.413543701171875,18.691665649414062,30.542797088623047,21.561050415039062,10.024807929992676
2011-01-03,19.415542602539062,19.07367706298828,11.775254249572754,15.491899490356445,18.89810562133789,30.519643783569336,22.297306060791016,10.024807929992676
2011-01-04,19.614646911621094,19.1007137298584,11.910198211669922,15.592647552490234,18.73467445373535,30.558244705200195,22.37981414794922,10.172993659973145
2011-01-05,19.779619216918945,19.087200164794922,12.004073143005371,15.771739959716797,18.872299194335938,30.565980911254883,22.481372833251953,10.217451095581055
2011-01-06,19.836502075195312,19.195337295532227,11.998208045959473,15.911657333374023,18.94972038269043,30.928939819335938,22.640045166015625,10.373048782348633
2011-01-07,19.85356903076172,19.120988845825195,11.839790344238281,15.878077507019043,18.915311813354492,30.789926528930664,22.76699447631836,10.469366073608398
2011-01-10,19.79668617248535,18.979055404663086,11.628578186035156,15.861286163330078,18.66586685180664,30.604598999023438,22.665443420410156,10.395271301269531
2011-01-11,20.064054489135742,19.18857765197754,11.85152530670166,15.833306312561035,19.147554397583008,30.71270179748535,23.223981857299805,10.536050796508789
2011-01-12,20.2176456451416,19.45217514038086,12.420636177062988,15.872476577758789,19.36260223388672,30.952106475830078,23.13512420654297,10.521233558654785
2011-01-13,20.092498779296875,19.3372745513916,12.532105445861816,15.805318832397461,19.130359649658203,30.481019973754883,22.824121475219727,10.321178436279297
2011-01-14,20.10956382751465,19.310239791870117,12.590781211853027,15.738157272338867,19.551841735839844,30.365198135375977,23.11607551574707,10.34340763092041
2011-01-17,20.081119537353516,19.36431121826172,12.532105445861816,15.833306312561035,19.560447692871094,30.565980911254883,23.223981857299805,10.358226776123047
2011-01-18,20.325733184814453,19.533283233642578,12.737458229064941,16.01799964904785,19.577653884887695,30.527359008789062,23.452482223510742,10.424912452697754
2011-01-19,20.046995162963867,19.289966583251953,12.62598705291748,15.833306312561035,19.534643173217773,30.287952423095703,23.014524459838867,10.210041999816895
2011-01-20,19.64308738708496,19.033119201660156,12.649452209472656,15.710176467895508,19.01853370666504,29.785982131958008,22.271921157836914,9.958125114440918
2011-01-21,19.870635986328125,19.181819915771484,12.790262222290039,15.967630386352539,19.19056510925293,29.778274536132812,22.132280349731445,9.935894012451172
2011-01-24,19.870635986328125,19.249408721923828,12.784398078918457,16.0347843170166,19.147554397583008,30.048559188842773,21.998994827270508,9.943307876586914
2011-01-25,19.66584587097168,19.1007137298584,12.567313194274902,16.00121307373047,19.19056510925293,30.071727752685547,22.125934600830078,9.884032249450684
2011-01-26,19.847883224487305,19.249408721923828,12.54970932006836,16.06277084350586,19.60344886779785,30.287952423095703,22.671781539916992,10.061854362487793
2011-01-27,19.97303009033203,19.283203125,12.7139892578125,16.051576614379883,19.79269790649414,30.04084014892578,22.551193237304688,10.002580642700195
2011-01-28,19.711347579956055,19.10747528076172,12.620119094848633,15.883674621582031,19.741085052490234,29.8168888092041,22.42424964904785,9.906259536743164
2011-01-31,19.899076461791992,19.13450050354004,12.579046249389648,15.883674621582031,19.741085052490234,29.747377395629883,21.98630142211914,9.884032249450684
2011-02-01,20.479326248168945,19.38458824157715,12.819596290588379,16.051576614379883,20.06795310974121,29.93273162841797,22.005332946777344,9.943307876586914
2011-02-02,20.50208282470703,19.418380737304688,12.919340133666992,16.146728515625,20.33460235595703,29.894115447998047,21.681640625,9.92108154296875
2011-02-03,20.33711051940918,19.431896209716797,12.884136199951172,16.253067016601562,20.27439308166504,30.12578010559082,21.853004455566406,10.009987831115723
2011-02-04,20.263158798217773,19.533283233642578,12.925209999084473,16.37618637084961,20.412023544311523,30.079442977905273,21.78953742980957,10.047036170959473
2011-02-07,20.439512252807617,19.67521858215332,13.03081226348877,16.34261131286621,20.79910659790039,30.342018127441406,22.195751190185547,10.172993659973145
2011-02-08,20.348482131958008,19.68873405456543,13.08948040008545,16.34261131286621,20.61846160888672,30.249353408813477,22.9447021484375,10.143356323242188
2011-02-09,20.189205169677734,19.614389419555664,13.06014633178711,16.320228576660156,20.59265899658203,30.133499145507812,22.862199783325195,10.150766372680664
2011-02-10,20.246095657348633,19.573827743530273,12.884136199951172,16.34261131286621,20.652875900268555,30.233898162841797,22.9573974609375,10.069262504577637
2011-02-11,20.33711051940918,19.654943466186523,12.925209999084473,16.28104591369629,20.446426391601562,30.334299087524414,23.357267379760742,10.084081649780273
2011-02-14,20.513460159301758,19.736047744750977,12.913470268249512,16.292240142822266,20.523845672607422,30.550537109375,23.331872940063477,10.11371898651123
2011-02-15,20.627239227294922,19.76308250427246,13.083617210388184,16.286645889282227,20.326004028320312,30.565980911254883,23.0399169921875,10.11371898651123
2011-02-16,20.576040267944336,19.850955963134766,13.382833480834961,16.43215560913086,20.506641387939453,30.69725799560547,22.798721313476562,10.187812805175781
2011-02-17,20.62154769897461,19.864469528198242,13.488448143005371,16.320228576660156,20.56685447692871,30.751317977905273,22.475027084350586,10.217451095581055
2011-02-18,20.632925033569336,19.877988815307617,13.42977523803711,16.40976905822754,20.506641387939453,30.82853889465332,22.354427337646484,10.217451095581055
2011-02-21,20.382627487182617,19.627904891967773,13.06014633178711,16.253067016601562,20.119558334350586,30.71270179748535,22.087858200073242,10.076672554016113
2011-02-22,20.297290802001953,19.465694427490234,12.925209999084473,16.118738174438477,20.08514976501465,30.434688568115234,22.297306060791016,9.943307876586914
2011-02-23,20.18351173400879,19.283203125,12.884136199951172,15.973227500915527,19.69807243347168,30.388355255126953,21.592782974243164,9.86180591583252
2011-02-24,20.376937866210938,19.1750545501709,12.766799926757812,15.833306312561035,19.60344886779785,30.133499145507812,21.072324752807617,9.572836875915527
2011-02-25,20.58173179626465,19.404863357543945,12.95454216003418,15.950835227966309,19.947525024414062,30.35746955871582,21.649904251098633,9.713616371154785
2011-02-28,20.72394561767578,19.533283233642578,12.919340133666992,16.06836700439453,20.15397071838379,30.65865707397461,21.891090393066406,9.765482902526855
2011-03-01,20.541906356811523,19.45217514038086,12.684659004211426,16.06836700439453,20.07655143737793,30.759048461914062,21.707029342651367,9.63952350616455
2011-03-02,20.376937866210938,19.296720504760742,12.643584251403809,16.04038429260254,20.007740020751953,30.573701858520508,21.33889389038086,9.558023452758789
2011-03-03,20.507774353027344,19.357545852661133,12.561444282531738,16.079561233520508,20.20557403564453,30.542797088623047,21.29446792602539,9.646934509277344
2011-03-04,20.58173179626465,19.283203125,12.385431289672852,15.990013122558594,20.102354049682617,30.481019973754883,20.951725006103516,9.535792350769043
2011-03-07,20.576040267944336,19.1750545501709,12.303296089172363,15.9228515625,20.06795310974121,30.311128616333008,20.93903160095215,9.498748779296875
2011-03-08,20.51915740966797,19.249408721923828,12.397170066833496,16.197099685668945,20.050743103027344,30.249353408813477,21.345251083374023,9.550612449645996
2011-03-09,20.31435775756836,19.208845138549805,12.35609245300293,16.18030548095703,19.81850242614746,30.226179122924805,21.484882354736328,9.654341697692871
2011-03-10,19.921844482421875,19.006086349487305,12.227025032043457,16.09635353088379,19.491626739501953,30.342018127441406,20.977115631103516,9.54320240020752
2011-03-11,19.79099464416504,18.837114334106445,12.185955047607422,16.01799964904785,19.276586532592773,30.110340118408203,20.71053695678711,9.424653053283691
2011-03-14,19.63740348815918,18.539718627929688,12.203551292419434,15.721369743347168,19.044342041015625,29.685606002807617,20.41222381591797,9.31351375579834
2011-03-15,19.33021354675293,18.22881507873535,11.9688720703125,15.385560989379883,18.493825912475586,29.044626235961914,19.76481819152832,9.106054306030273
2011-03-16,19.091283798217773,17.985488891601562,11.681384086608887,15.094532012939453,18.19275665283203,28.681669235229492,19.320528030395508,8.950458526611328
2011-03-17,19.52931785583496,18.2558536529541,11.874993324279785,15.379963874816895,18.528226852416992,28.951961517333984,19.593448638916016,9.150506973266602
2011-03-18,19.52931785583496,18.289644241333008,11.85152530670166,15.273625373840332,18.57123374938965,28.774335861206055,20.050437927246094,9.128277778625488
2011-03-21,19.717044830322266,18.600549697875977,12.092081069946289,15.816516876220703,18.889503479003906,29.052337646484375,20.3233642578125,9.232010841369629
2011-03-22,19.85356903076172,18.559999465942383,12.092081069946289,15.805318832397461,18.84649658203125,29.19135284423828,20.056787490844727,9.232010841369629
2011-03-23,19.93890380859375,18.66814422607422,12.080345153808594,15.838899612426758,18.94111442565918,29.222248077392578,20.24720001220703,9.2097806930542
2011-03-24,20.115257263183594,18.837114334106445,12.203551292419434,15.648606300354004,19.2077693939209,29.21451759338379,20.95807456970215,9.298696517944336
2011-03-25,20.194896697998047,18.884424209594727,12.150753021240234,15.67099666595459,19.37120819091797,29.338075637817383,20.92633628845215,9.32833480834961
2011-03-28,20.138010025024414,18.87091064453125,12.232889175415039,15.682185173034668,19.594852447509766,29.299476623535156,20.837474822998047,9.291285514831543
2011-03-29,20.04129981994629,18.90469741821289,12.068611145019531,15.777335166931152,19.62926483154297,29.284013748168945,20.87555503845215,9.372785568237305
2011-03-30,20.120935440063477,19.039886474609375,12.051008224487305,15.833306312561035,19.715272903442383,29.546600341796875,21.230993270874023,9.409832954406738
2011-03-31,20.029918670654297,18.891185760498047,11.79871940612793,15.676597595214844,19.6120548248291,29.353532791137695,21.104047775268555,9.306106567382812
2011-04-01,20.43381690979004,19.1750545501709,12.068611145019531,15.861286163330078,19.69807243347168,29.507980346679688,21.6054744720459,9.34315013885498
2011-04-04,20.43381690979004,19.1750545501709,11.974740028381348,15.894868850708008,19.723873138427734,29.685606002807617,21.707029342651367,9.320927619934082
2011-04-05,20.541906356811523,19.235897064208984,11.951271057128906,15.861286163330078,19.973331451416016,29.870948791503906,21.91012954711914,9.31351375579834
2011-04-06,20.43381690979004,19.310239791870117,12.180084228515625,15.872476577758789,19.80989646911621,29.8168888092041,21.941864013671875,9.335744857788086
2011-04-07,20.302978515625,19.235897064208984,12.309161186218262,15.827705383300781,19.73248291015625,29.955890655517578,21.599130630493164,9.320927619934082
2011-04-08,20.39968490600586,19.289966583251953,12.332630157470703,15.822104454040527,19.741085052490234,29.863216400146484,21.472187042236328,9.194965362548828
2011-04-11,20.33711051940918,19.262929916381836,12.303296089172363,15.838899612426758,19.749677658081055,29.963607788085938,21.072324752807617,9.143097877502441
2011-04-12,19.654468536376953,18.9520206451416,12.127280235290527,15.648606300354004,19.156166076660156,29.886388778686523,20.786697387695312,9.224599838256836
2011-04-13,19.75118064880371,19.093952178955078,12.203551292419434,15.715767860412598,19.37120819091797,30.002225875854492,21.078670501708984,9.320927619934082
2011-04-14,19.60896110534668,19.012847900390625,12.009936332702637,15.648606300354004,19.25937843322754,29.9945011138916,21.180221557617188,9.335744857788086
2011-04-15,19.586204528808594,19.046640396118164,11.945401191711426,15.782930374145508,19.319589614868164,30.295690536499023,21.110403060913086,9.365375518798828
2011-04-18,19.34158706665039,18.735727310180664,11.687244415283203,15.631826400756836,19.061542510986328,30.110340118408203,20.691492080688477,9.276469230651855
2011-04-19,19.358657836914062,18.85738754272461,11.669647216796875,15.559059143066406,19.00133514404297,30.280227661132812,21.06597328186035,9.320927619934082
2011-04-20,19.79099464416504,19.120988845825195,11.7341890335083,15.710176467895508,19.491626739501953,30.774471282958984,21.929176330566406,9.417245864868164
2011-04-21,19.876323699951172,19.276443481445312,11.89846420288086,15.368767738342285,19.672269821166992,30.7281494140625,22.125934600830078,9.417245864868164
2011-04-26,19.85356903076172,19.357545852661133,11.939536094665527,15.486305236816406,19.93032455444336,30.689533233642578,22.52580451965332,9.424653053283691
2011-04-27,19.984405517578125,19.411624908447266,11.951271057128906,15.51988410949707,20.291593551635742,30.774471282958984,22.893932342529297,9.550612449645996
2011-04-28,19.995790481567383,19.479211807250977,12.004073143005371,15.56466007232666,20.13676643371582,30.836259841918945,23.10972785949707,9.535792350769043
2011-04-29,20.029918670654297,19.540042877197266,12.03341293334961,15.643013000488281,20.07655143737793,30.975265502929688,23.128772735595703,9.550612449645996
2011-05-02,19.984405517578125,19.594118118286133,12.027541160583496,15.648606300354004,20.188373565673828,31.152881622314453,23.31283950805664,9.54320240020752
2011-05-03,19.68291473388672,19.43865966796875,11.974740028381348,15.542272567749023,20.05934715270996,31.176069259643555,23.008180618286133,9.446883201599121
2011-05-04,19.187990188598633,19.195337295532227,11.863262176513672,15.435931205749512,19.80989646911621,31.291889190673828,22.65909194946289,9.365375518798828
2011-05-05,18.97751235961914,19.161544799804688,11.740053176879883,15.441530227661133,19.947525024414062,31.523578643798828,22.500411987304688,9.513564109802246
2011-05-06,19.307453155517578,19.404863357543945,11.85739803314209,15.435931205749512,20.171171188354492,31.940595626831055,22.9573974609375,9.669161796569824
2011-05-09,19.324525833129883,19.38458824157715,11.71071720123291,15.536676406860352,20.30879783630371,32.11820983886719,22.652738571166992,9.63952350616455
2011-05-10,19.438302993774414,19.560321807861328,11.839790344238281,15.536676406860352,20.609861373901367,32.07960510253906,22.9447021484375,9.728435516357422
2011-05-11,19.375722885131836,19.573827743530273,11.869129180908203,15.682185173034668,20.635663986206055,32.4271125793457,22.88123893737793,9.817347526550293
2011-05-12,19.057151794433594,19.465694427490234,11.79871940612793,15.525476455688477,20.54964828491211,32.6356315612793,22.779682159423828,9.83957576751709
2011-05-13,18.97182273864746,19.43865966796875,11.71071720123291,15.452730178833008,20.463634490966797,32.84412384033203,22.703519821166992,9.83216667175293
2011-05-16,18.892181396484375,19.39810562133789,11.65791130065918,15.441530227661133,20.523845672607422,32.8673095703125,22.557537078857422,9.795114517211914
2011-05-17,18.76133918762207,19.229129791259766,11.593376159667969,15.441530227661133,20.05934715270996,32.45027160644531,22.14497947692871,9.706206321716309
2011-05-18,18.914932250976562,19.242650985717773,11.599244117736816,15.452730178833008,20.179767608642578,32.55839538574219,22.233827590942383,9.646934509277344
2011-05-19,19.136791229248047,19.38458824157715,11.669647216796875,15.581443786621094,20.24859046936035,32.75918960571289,22.475027084350586,9.758071899414062
2011-05-20,19.267635345458984,19.36431121826172,11.587510108947754,15.587044715881348,20.239988327026367,32.83641052246094,22.18305206298828,9.743255615234375
2011-05-23,18.880800247192383,19.087200164794922,11.382160186767578,15.430335998535156,19.784090042114258,32.504329681396484,21.554697036743164,9.535792350769043
2011-05-24,19.062841415405273,19.11423110961914,11.335226058959961,15.379963874816895,19.723873138427734,32.62017059326172,21.872055053710938,9.498748779296875
2011-05-25,19.17661476135254,19.269691467285156,11.587510108947754,15.413543701171875,19.835697174072266,32.84412384033203,22.075157165527344,9.580246925354004
2011-05-26,19.273326873779297,19.25617218017578,11.5581693649292,15.32399845123291,19.73248291015625,32.9290657043457,21.89743995666504,9.580246925354004
2011-05-27,19.34727668762207,19.371074676513672,11.569907188415527,15.116912841796875,19.560447692871094,32.41167449951172,21.929176330566406,9.387603759765625
2011-05-30,19.34727668762207,19.344036102294922,11.511237144470215,15.116912841796875,19.62065315246582,32.41167449951172,21.91012954711914,9.380196571350098
2011-05-31,19.52362823486328,19.499488830566406,11.652044296264648,15.18407917022705,19.276586532592773,32.62017059326172,22.233827590942383,9.387603759765625
2011-06-01,19.14248275756836,19.350791931152344,11.464303970336914,15.032958984375,19.293785095214844,32.39622497558594,22.05611801147461,9.306106567382812
2011-06-02,18.75565528869629,19.1007137298584,11.282417297363281,14.876251220703125,,31.940595626831055,21.65625,9.239421844482422
2011-06-03,18.636192321777344,19.026365280151367,11.317620277404785,14.876251220703125,18.923913955688477,31.7861328125,21.7133731842041,9.180146217346191
2011-06-06,18.579303741455078,18.864147186279297,11.212018966674805,14.792304039001465,18.8206844329834,31.71663475036621,21.687984466552734,9.135687828063965
2011-06-07,18.528108596801758,18.89793586730957,11.176809310913086,14.797894477844238,18.760478973388672,31.585365295410156,21.694337844848633,9.128277778625488
2011-06-08,18.220914840698242,18.789798736572266,11.047737121582031,14.685965538024902,18.39920425415039,31.423173904418945,21.58643341064453,8.965276718139648
2011-06-09,18.710134506225586,18.884424209594727,11.082939147949219,14.747526168823242,18.545434951782227,31.492677688598633,21.738758087158203,9.076417922973633
2011-06-10,18.431394577026367,18.627588272094727,10.936261177062988,14.590821266174316,18.295984268188477,31.152881622314453,21.91012954711914,8.972683906555176
2011-06-13,18.45415496826172,18.67490005493164,10.971466064453125,14.691560745239258,18.287384033203125,31.35366439819336,21.618173599243164,8.987504959106445
2011-06-14,18.658945083618164,18.830354690551758,11.112272262573242,14.842668533325195,18.597036361694336,31.47723960876465,21.916479110717773,9.03195858001709
2011-06-15,18.408647537231445,18.336952209472656,10.89519214630127,14.646781921386719,18.373397827148438,31.35366439819336,21.95456314086914,8.980093955993652
2011-06-16,18.323312759399414,18.276126861572266,10.865859031677246,14.652384757995605,18.149757385253906,31.152881622314453,21.79588508605957,8.876364707946777
2011-06-17,18.28349494934082,18.276126861572266,11.018401145935059,14.669172286987305,18.175554275512695,31.013887405395508,22.05611801147461,8.906000137329102
2011-06-20,18.12989616394043,18.17473793029785,10.906928062438965,14.719544410705566,17.986318588256836,30.928939819335938,22.049766540527344,8.876364707946777
2011-06-21,18.579303741455078,18.377513885498047,11.112272262573242,14.865056037902832,18.373397827148438,30.944379806518555,22.608314514160156,9.024552345275879
2011-06-22,18.420015335083008,18.357236862182617,11.006670951843262,14.842668533325195,18.235767364501953,30.851728439331055,22.640045166015625,9.017142295837402
2011-06-23,18.02750015258789,18.086881637573242,10.713311195373535,14.73073673248291,17.865888595581055,30.836259841918945,22.40519905090332,8.957869529724121
2011-06-24,18.0161190032959,18.059831619262695,10.531432151794434,14.641188621520996,17.960508346557617,30.975265502929688,22.76699447631836,9.03195858001709
2011-06-27,18.06163215637207,18.080120086669922,10.513832092285156,14.67477035522461,18.055137634277344,30.91349983215332,22.893932342529297,9.03195858001709
2011-06-28,18.135583877563477,18.154464721679688,10.660511016845703,14.512458801269531,18.098140716552734,30.898042678833008,23.37630844116211,9.09123420715332
2011-06-29,18.53948211669922,18.458620071411133,10.824788093566895,14.769916534423828,18.45081901550293,31.307340621948242,23.731746673583984,9.143097877502441
2011-06-30,18.863740921020508,18.634347915649414,11.0418701171875,14.91542911529541,18.614246368408203,31.423173904418945,23.573068618774414,9.187553405761719
2011-07-01,18.9888858795166,18.80332374572754,11.335226058959961,14.881847381591797,18.66586685180664,31.446353912353516,23.83965492248535,9.254237174987793
2011-07-04,19.079910278320312,18.85063362121582,11.264819145202637,14.870659828186035,18.84649658203125,31.5467472076416,24.233171463012695,9.31351375579834
2011-07-05,19.10835075378418,18.87091064453125,11.194417953491211,14.88744831085205,18.777685165405273,31.701200485229492,24.360118865966797,9.365375518798828
2011-07-06,19.079910278320312,18.80332374572754,11.006670951843262,14.78110408782959,18.794885635375977,31.940595626831055,24.3029842376709,9.34315013885498
2011-07-07,19.273326873779297,18.877668380737305,11.159213066101074,14.831482887268066,18.9841251373291,31.894258499145508,24.429929733276367,9.35055923461914
2011-07-08,19.34158706665039,18.762771606445312,10.701576232910156,14.75312328338623,18.872299194335938,32.195438385009766,24.150651931762695,9.35797119140625
2011-07-11,18.960447311401367,18.451858520507812,10.390623092651367,14.540448188781738,18.657258987426758,32.179988861083984,23.40804100036621,9.239421844482422
2011-07-12,18.840978622436523,18.357236862182617,10.384754180908203,14.462090492248535,18.34760093688965,32.21087646484375,23.611143112182617,9.06159782409668
2011-07-13,19.00595474243164,18.526208877563477,10.408222198486328,14.506861686706543,18.278779983520508,32.280399322509766,24.188737869262695,9.09864330291748
2011-07-14,18.789779663085938,18.357236862182617,10.302616119384766,14.389330863952637,17.814273834228516,32.05642318725586,24.118919372558594,8.891182899475098
2011-07-15,18.73859214782715,18.2558536529541,10.22634506225586,14.344555854797363,17.659456253051758,32.33445358276367,24.398189544677734,8.943045616149902
2011-07-18,18.567928314208984,17.924659729003906,9.909518241882324,14.171058654785156,17.375587463378906,32.09505081176758,23.719051361083984,8.698538780212402
2011-07-19,18.687393188476562,18.080120086669922,10.038597106933594,14.299781799316406,17.83148956298828,32.218605041503906,24.00467300415039,8.787452697753906
2011-07-20,18.903560638427734,18.30316734313965,10.414091110229492,14.50126838684082,17.960508346557617,32.34217834472656,24.07448959350586,8.906000137329102
2011-07-21,19.00595474243164,18.546485900878906,10.824788093566895,14.680364608764648,17.8572940826416,32.33445358276367,23.890422821044922,8.950458526611328
2011-07-22,19.136791229248047,18.614065170288086,10.801319122314453,14.865056037902832,17.9519100189209,32.38849639892578,24.137962341308594,9.135687828063965
2011-07-25,19.17661476135254,18.559999465942383,10.484496116638184,14.685965538024902,17.900300979614258,32.712852478027344,24.455318450927734,9.06159782409668
2011-07-26,19.102659225463867,18.47889518737793,10.490363121032715,14.84826946258545,17.994922637939453,32.56610870361328,23.87772560119629,9.017142295837402
2011-07-27,18.892181396484375,18.26260757446289,10.24394416809082,14.713951110839844,17.90890121459961,32.458003997802734,23.357267379760742,8.965276718139648
2011-07-28,18.903560638427734,18.276126861572266,10.408222198486328,14.837076187133789,17.60784149169922,32.55839538574219,23.147817611694336,8.876364707946777
2011-07-29,18.732894897460938,18.154464721679688,10.302616119384766,15.150495529174805,17.48741340637207,32.31901550292969,23.008180618286133,8.84672737121582
2011-08-01,18.59636878967285,17.917905807495117,10.073798179626465,14.853864669799805,17.18634796142578,32.30356216430664,22.494064331054688,8.757816314697266
2011-08-02,18.289182662963867,17.546157836914062,9.862585067749023,14.75312328338623,16.859485626220703,31.762985229492188,21.630857467651367,8.520716667175293
2011-08-03,17.743066787719727,17.235254287719727,9.8860502243042,14.88744831085205,16.429399490356445,31.307340621948242,20.94538116455078,8.387351036071777
2011-08-04,17.04904556274414,16.79592514038086,9.187868118286133,14.76431941986084,16.429399490356445,30.68181610107422,19.872718811035156,8.10579776763916
2011-08-05,16.793052673339844,16.390380859375,9.129199981689453,14.277395248413086,15.620829582214355,29.878671646118164,19.301477432250977,8.276208877563477
2011-08-08,15.916986465454102,15.76856803894043,8.824108123779297,14.193442344665527,14.820867538452148,28.936504364013672,17.81626319885254,7.868696689605713
2011-08-09,16.070585250854492,15.9037504196167,8.841708183288574,13.712120056152344,15.199346542358398,29.268590927124023,18.24152183532715,7.883513927459717
2011-08-10,15.552915573120117,15.261643409729004,8.266735076904297,13.712120056152344,15.40578556060791,28.357318878173828,17.422748565673828,7.9724273681640625
2011-08-11,15.911307334899902,15.78208065032959,8.565957069396973,13.656157493591309,15.268155097961426,28.758892059326172,18.101879119873047,7.9724273681640625
2011-08-12,16.440351486206055,16.336313247680664,8.900381088256836,13.94158935546875,15.362775802612305,29.22995948791504,18.825448989868164,8.03170108795166
2011-08-15,16.605318069458008,16.316038131713867,8.91211223602295,14.14867115020752,15.732657432556152,29.492534637451172,18.704853057861328,8.068748474121094
2011-08-16,16.684965133666992,16.29576301574707,8.923848152160645,14.13747787475586,15.758460998535156,29.67786979675293,18.501750946044922,8.024293899536133
2011-08-17,16.781673431396484,16.363353729248047,8.853446960449219,14.221426010131836,15.474605560302734,30.009958267211914,18.47001838684082,8.07615852355957
2011-08-18,16.110408782958984,15.545519828796387,8.296070098876953,13.734509468078613,14.493995666503906,29.338075637817383,17.162513732910156,7.705690860748291
2011-08-19,15.752015113830566,15.329227447509766,8.114190101623535,13.44907283782959,14.94129467010498,28.89789581298828,16.654748916625977,7.639007091522217
2011-08-22,15.928366661071777,15.47116470336914,8.055517196655273,13.678545951843262,14.94129467010498,29.45392608642578,16.17237091064453,7.683464527130127
2011-08-23,16.116100311279297,15.559038162231445,8.078985214233398,13.902414321899414,15.25955581665039,29.801435470581055,16.337387084960938,7.683464527130127
2011-08-24,16.286752700805664,15.795601844787598,8.1669921875,14.08150577545166,15.586419105529785,30.048559188842773,17.11808204650879,7.698282241821289
2011-08-25,15.899925231933594,15.640144348144531,8.219799041748047,13.768085479736328,15.397188186645508,29.585206985473633,17.048267364501953,7.639007091522217
2011-08-26,15.894234657287598,15.57255744934082,8.049649238586426,13.644964218139648,15.457396507263184,29.461647033691406,17.041919708251953,7.64641809463501
2011-08-29,16.190048217773438,15.78208065032959,8.254999160766602,13.868828773498535,15.835880279541016,29.59292984008789,17.397357940673828,7.742739200592041
2011-08-30,16.389150619506836,15.883465766906738,8.337139129638672,13.82965087890625,15.896086692810059,29.65471076965332,17.44813346862793,7.831650257110596
2011-08-31,16.878381729125977,16.329557418823242,8.565957069396973,13.885624885559082,16.317577362060547,30.434688568115234,18.17804718017578,8.04651927947998
2011-09-01,16.867000579833984,16.43093490600586,8.64809513092041,14.1262845993042,16.429399490356445,30.944379806518555,17.993988037109375,8.053933143615723
2011-09-02,16.474477767944336,16.025405883789062,8.307805061340332,13.880021095275879,16.01651382446289,30.426971435546875,17.156166076660156,7.905745983123779
2011-09-05,15.774770736694336,15.47116470336914,7.820834636688232,13.415489196777344,15.268155097961426,29.646987915039062,16.204103469848633,7.653825283050537
2011-09-06,15.837345123291016,15.295442581176758,7.656554698944092,13.44347858428955,15.371376991271973,29.546600341796875,15.969258308410645,7.690874099731445
2011-09-07,16.463106155395508,15.741527557373047,7.9440436363220215,13.695333480834961,15.982098579406738,30.179847717285156,16.84515953063965,7.920559406280518
2011-09-08,16.84424591064453,15.86994457244873,8.037918090820312,13.835250854492188,16.2143497467041,30.303407669067383,16.69283103942871,7.994655609130859
2011-09-09,16.576881408691406,15.484691619873047,7.63308572769165,13.600187301635742,15.792866706848145,30.033113479614258,15.90578842163086,7.846465587615967
2011-09-12,16.25830841064453,15.072392463684082,7.281060218811035,13.208407402038574,15.48320198059082,29.338075637817383,15.505924224853516,7.750148296356201
2011-09-13,16.30950927734375,15.214333534240723,7.53334903717041,13.38191032409668,15.56061840057373,29.438467025756836,15.804235458374023,7.764964580535889
2011-09-14,16.508615493774414,15.369783401489258,7.556816577911377,13.53862476348877,15.844475746154785,29.608381271362305,16.616666793823242,7.920559406280518
2011-09-15,16.901138305664062,15.57255744934082,7.873639106750488,13.689735412597656,16.119733810424805,29.785982131958008,17.14982032775879,7.994655609130859
2011-09-16,16.992156982421875,15.660429954528809,7.908840656280518,13.79047966003418,16.119733810424805,29.940448760986328,17.397357940673828,8.039108276367188
2011-09-19,16.633769989013672,15.322477340698242,7.638956069946289,13.544217109680176,15.861681938171387,29.69332504272461,16.876893997192383,7.920559406280518
2011-09-20,16.94664764404297,15.592836380004883,7.721092700958252,13.818466186523438,16.154142379760742,30.187562942504883,17.422748565673828,8.04651927947998
2011-09-21,16.622385025024414,15.376543998718262,7.59788703918457,13.622576713562012,15.999302864074707,29.93273162841797,16.864206314086914,7.883513927459717
2011-09-22,15.746335983276367,14.660103797912598,7.1754560470581055,13.174832344055176,15.250953674316406,29.260854721069336,15.740768432617188,7.557505130767822
2011-09-23,15.746335983276367,14.714171409606934,7.410139083862305,13.28676700592041,15.190738677978516,29.314916610717773,15.651909828186035,7.631599426269531
2011-09-26,15.76908016204834,14.937223434448242,7.668290138244629,13.516234397888184,15.414386749267578,29.809146881103516,15.493236541748047,7.72791862487793
2011-09-27,16.582563400268555,15.653667449951172,8.202194213867188,13.935993194580078,16.1971492767334,30.527359008789062,16.578584671020508,7.927972316741943
2011-09-28,16.440351486206055,15.51848316192627,8.061385154724121,13.874428749084473,16.00791358947754,30.488750457763672,16.483375549316406,7.816827297210693
2011-09-29,16.383460998535156,15.60634994506836,8.278470039367676,14.025540351867676,15.96490478515625,30.627763748168945,16.52781105041504,7.846465587615967
2011-09-30,16.428974151611328,15.50497055053711,8.04378604888916,14.064720153808594,15.724056243896484,30.71270179748535,15.861360549926758,7.7871928215026855
2011-10-04,15.71788501739502,14.82231616973877,7.498147964477539,13.818466186523438,14.906876564025879,30.04084014892578,14.363448143005371,7.438956260681152
2011-10-05,16.394840240478516,15.234609603881836,7.820834636688232,14.193442344665527,15.491804122924805,30.272512435913086,15.296473503112793,7.579732894897461
2011-10-06,16.781673431396484,15.660429954528809,8.149394989013672,14.3109769821167,15.930489540100098,30.481019973754883,15.90578842163086,7.7131028175354
2011-10-07,17.12868881225586,15.775327682495117,8.161126136779785,14.3109769821167,16.03371810913086,30.766765594482422,16.178714752197266,7.802009582519531
2011-10-10,17.475692749023438,16.09299087524414,8.343005180358887,14.529252052307129,16.394983291625977,30.975265502929688,16.895931243896484,7.868696689605713
2011-10-11,17.322093963623047,16.106504440307617,8.343005180358887,14.383735656738281,16.351985931396484,30.851728439331055,17.01653289794922,7.861288070678711
2011-10-12,17.612220764160156,16.30251693725586,8.612890243530273,14.590821266174316,16.610034942626953,30.813095092773438,17.6575870513916,8.039108276367188
2011-10-13,17.52689552307129,16.153823852539062,8.307805061340332,14.546042442321777,16.54981803894043,30.581418991088867,17.5242977142334,8.002066612243652
2011-10-14,17.9592342376709,16.261966705322266,8.266735076904297,14.613203048706055,16.782072067260742,30.7281494140625,17.89877700805664,8.03170108795166
2011-10-17,17.96491813659668,16.106504440307617,8.143524169921875,14.243820190429688,16.584230422973633,30.53507423400879,17.130775451660156,7.994655609130859
2011-10-18,18.038881301879883,16.086227416992188,8.084853172302246,14.14867115020752,16.601436614990234,30.519643783569336,17.308496475219727,7.942789554595947
2011-10-19,18.243671417236328,16.153823852539062,8.231527328491211,14.204636573791504,16.455202102661133,30.4964656829834,17.17521095275879,7.97983455657959
2011-10-20,18.095760345458984,15.937536239624023,7.932309150695801,14.064720153808594,16.55841827392578,30.69725799560547,16.80707359313965,7.950199127197266
2011-10-21,18.493967056274414,16.309282302856445,8.202194213867188,14.282991409301758,16.687442779541016,31.021595001220703,17.5560359954834,8.090975761413574
2011-10-24,18.48259925842285,16.49853515625,8.343005180358887,14.3109769821167,17.00571632385254,31.013887405395508,18.019371032714844,8.216933250427246
2011-10-25,18.69876480102539,16.403898239135742,8.254999160766602,14.17664909362793,16.98851776123047,30.627763748168945,18.006675720214844,8.157660484313965
2011-10-26,18.749963760375977,16.41742706298828,8.225665092468262,14.294182777404785,17.031518936157227,30.766765594482422,17.981290817260742,8.209527969360352
2011-10-27,19.102659225463867,17.03923988342285,8.959051132202148,14.590821266174316,17.616439819335938,30.990711212158203,18.939701080322266,8.387351036071777
2011-10-28,18.949071884155273,16.964889526367188,8.941449165344238,14.42291259765625,17.59063720703125,31.19148826599121,19.0666446685791,8.402167320251465
2011-10-31,18.658945083618164,16.640466690063477,8.536620140075684,14.355752944946289,17.298171997070312,31.176069259643555,18.133621215820312,8.30584716796875
2011-11-01,18.095760345458984,16.05244255065918,7.996847629547119,13.969571113586426,16.72185516357422,30.674091339111328,18.133621215820312,8.016884803771973
2011-11-02,18.459842681884766,16.20113182067871,8.084853172302246,14.08150577545166,16.99711036682129,30.604598999023438,17.562379837036133,8.08356761932373
2011-11-03,18.693078994750977,16.532323837280273,8.208062171936035,14.338960647583008,17.461610794067383,31.044763565063477,18.16535758972168,8.276208877563477
2011-11-04,18.53379249572754,16.34983253479004,8.108322143554688,14.187849998474121,17.39279556274414,30.990711212158203,17.517948150634766,8.157660484313965
2011-11-07,18.641874313354492,16.30251693725586,8.037918090820312,14.154264450073242,17.237966537475586,30.69725799560547,17.562379837036133,8.179886817932129
2011-11-08,18.914932250976562,16.41742706298828,8.120057106018066,14.26060676574707,17.427204132080078,30.851728439331055,17.5242977142334,8.172477722167969
2011-11-09,18.66463279724121,16.14030647277832,7.826703071594238,14.131880760192871,17.09173011779785,30.69725799560547,17.137126922607422,8.068748474121094
2011-11-10,18.55654525756836,16.09299087524414,7.779764175415039,14.232619285583496,16.979907989501953,30.589141845703125,17.130775451660156,8.03170108795166
2011-11-11,18.806848526000977,16.451213836669922,8.037918090820312,14.473286628723145,17.341184616088867,30.89031410217285,17.581422805786133,8.179886817932129
2011-11-14,18.778409957885742,16.30251693725586,7.914709568023682,14.456491470336914,17.169151306152344,30.944379806518555,17.35927391052246,8.10579776763916
2011-11-15,18.732894897460938,16.207895278930664,7.7562947273254395,14.316569328308105,17.083133697509766,31.09884262084961,16.991147994995117,8.068748474121094
2011-11-16,18.880800247192383,16.207895278930664,7.7562947273254395,14.333358764648438,17.11754608154297,31.1992244720459,16.756305694580078,8.061339378356934
2011-11-17,18.636192321777344,15.998361587524414,7.592017650604248,14.21583080291748,16.945505142211914,31.044763565063477,16.400867462158203,7.9724273681640625
2011-11-18,18.448461532592773,15.896986961364746,7.556816577911377,14.165461540222168,16.653051376342773,30.80536651611328,16.2294979095459,7.942789554595947
2011-11-21,17.794261932373047,15.383299827575684,7.298664569854736,13.773687362670898,16.171342849731445,30.118064880371094,15.474187850952148,7.750148296356201
2011-11-22,17.680492401123047,15.281920433044434,7.151986598968506,13.611381530761719,15.801465034484863,30.009958267211914,15.27108097076416,7.676052570343018
2011-11-23,17.452939987182617,15.079154968261719,7.017043113708496,13.454668045043945,15.595024108886719,30.033113479614258,14.9156494140625,7.564914226531982
2011-11-24,17.214012145996094,15.065633773803711,7.081579208374023,13.370716094970703,15.629433631896973,29.562034606933594,15.106059074401855,7.609370231628418
2011-11-25,17.504138946533203,15.13322925567627,7.140249729156494,13.477059364318848,15.638032913208008,29.886388778686523,15.093367576599121,7.668646335601807
2011-11-28,18.067317962646484,15.721254348754883,7.527482509613037,13.857636451721191,16.171342849731445,30.519643783569336,16.102550506591797,7.839060306549072
2011-11-29,18.19816017150879,15.87670612335205,7.545080661773682,13.963984489440918,16.24875831604004,30.604598999023438,16.14698028564453,7.97983455657959
2011-11-30,18.897869110107422,16.397144317626953,7.867770671844482,14.344555854797363,16.84228515625,31.415470123291016,17.07365608215332,8.239161491394043
2011-12-01,18.687393188476562,16.316038131713867,7.785634517669678,14.299781799316406,16.739059448242188,31.500410079956055,16.895931243896484,8.179886817932129
2011-12-02,18.9888858795166,16.471494674682617,8.108322143554688,14.18225383758545,16.82508087158203,31.500410079956055,17.137126922607422,8.216933250427246
2011-12-05,19.14248275756836,16.626949310302734,8.313674926757812,14.288590431213379,16.7304630279541,31.1992244720459,17.486217498779297,8.253981590270996
2011-12-06,19.15386199951172,16.559358596801758,8.237398147583008,14.32777214050293,16.69605255126953,31.585365295410156,17.276765823364258,8.224345207214355
2011-12-07,19.16524314880371,16.552597045898438,8.2139310836792,14.21583080291748,16.618637084960938,31.755250930786133,17.05461883544922,8.253981590270996
2011-12-08,18.789779663085938,16.30251693725586,7.949913024902344,14.165461540222168,16.38637924194336,31.986928939819336,16.45799446105957,8.128023147583008
2011-12-09,19.062841415405273,16.478252410888672,8.149394989013672,14.3109769821167,16.403581619262695,32.06415939331055,16.87055015563965,8.179886817932129
2011-12-12,18.767026901245117,16.194372177124023,7.850170135498047,14.14867115020752,16.119733810424805,32.05642318725586,16.343740463256836,8.10579776763916
2011-12-13,19.159549713134766,16.289005279541016,7.797368049621582,14.322172164916992,16.24875831604004,32.46574401855469,16.356433868408203,8.135431289672852
2011-12-14,18.693078994750977,15.944295883178711,7.592017650604248,14.08711051940918,15.930489540100098,32.18772888183594,15.670947074890137,7.97983455657959
2011-12-15,18.732894897460938,16.09975242614746,7.685891628265381,14.120689392089844,16.076725006103516,32.79007339477539,15.785205841064453,8.090975761413574
2011-12-16,18.653255462646484,16.04568099975586,7.6624250411987305,14.059125900268555,15.775659561157227,32.62017059326172,15.575742721557617,8.090975761413574
2011-12-19,18.53948211669922,16.04568099975586,7.668290138244629,13.991961479187012,15.715445518493652,32.921356201171875,15.461498260498047,8.128023147583008
2011-12-20,18.886497497558594,16.37686538696289,7.908840656280518,14.1262845993042,16.154142379760742,32.9290657043457,16.235837936401367,8.28361701965332
2011-12-21,18.829607009887695,16.289005279541016,7.850170135498047,14.0535306930542,15.715445518493652,32.89046096801758,16.369131088256836,8.24657154083252
2011-12-22,19.17661476135254,16.457979202270508,8.014450073242188,14.14867115020752,15.982098579406738,32.9599609375,16.483375549316406,8.253981590270996
2011-12-23,19.37002944946289,16.58639144897461,8.049649238586426,14.282991409301758,16.042316436767578,33.338382720947266,16.521461486816406,8.30584716796875
2011-12-27,19.421228408813477,16.57963752746582,7.967512607574463,14.266209602355957,16.059520721435547,33.29975509643555,16.534160614013672,8.320667266845703
2011-12-28,19.296079635620117,16.478252410888672,7.856038570404053,14.18225383758545,15.973504066467285,33.454219818115234,16.026382446289062,8.372529983520508
2011-12-29,19.489498138427734,16.65398406982422,7.949913024902344,14.338960647583008,16.162742614746094,33.585514068603516,16.13428497314453,8.394759178161621
2011-12-30,19.563451766967773,16.741851806640625,7.961643695831299,14.389330863952637,16.3433780670166,33.863525390625,16.235837936401367,8.402167320251465
2012-01-02,19.85356903076172,17.120344161987305,8.161126136779785,14.7027587890625,16.524017333984375,34.35775375366211,16.902284622192383,8.557764053344727
2012-01-03,20.092498779296875,17.235254287719727,8.237398147583008,14.691560745239258,16.756267547607422,34.29597854614258,17.384662628173828,8.57999038696289
2012-01-04,20.155075073242188,17.120344161987305,8.114190101623535,14.590821266174316,16.532617568969727,34.21102523803711,17.308496475219727,8.557764053344727
2012-01-05,20.081119537353516,16.971651077270508,7.826703071594238,14.344555854797363,16.62723731994629,34.16469192504883,17.492557525634766,8.431807518005371
2012-01-06,20.25747299194336,16.964889526367188,7.768033027648926,14.40052318572998,16.69605255126953,34.44270324707031,17.340234756469727,8.513307571411133
2012-01-09,20.22333526611328,16.883787155151367,7.621354579925537,14.299781799316406,16.739059448242188,34.180145263671875,17.33388900756836,8.542946815490723
2012-01-10,20.524843215942383,17.17442512512207,7.89124059677124,14.484477996826172,16.782072067260742,34.22647476196289,17.962249755859375,8.639266014099121
2012-01-11,20.149385452270508,17.100065231323242,7.9264445304870605,14.50126838684082,16.704652786254883,34.172428131103516,17.981290817260742,8.676309585571289
2012-01-12,19.995790481567383,17.06627655029297,8.020316123962402,14.434107780456543,16.601436614990234,33.97163391113281,18.152660369873047,8.617037773132324
2012-01-13,19.944595336914062,17.045995712280273,8.114190101623535,14.299781799316406,16.67885398864746,33.90212631225586,17.943208694458008,8.661494255065918
2012-01-16,19.808063507080078,17.19469451904297,8.1669921875,14.42291259765625,17.022918701171875,34.21875762939453,18.349414825439453,8.565174102783203
2012-01-17,19.99009895324707,17.35015106201172,8.254999160766602,14.462090492248535,17.083133697509766,34.326866149902344,18.86988067626953,8.58739948272705
2012-01-18,19.93890380859375,17.383949279785156,8.243265151977539,14.282991409301758,17.246566772460938,34.45043182373047,18.914310455322266,8.713360786437988
2012-01-19,20.0014705657959,17.52588653564453,8.73023509979248,14.299781799316406,17.3583927154541,34.29597854614258,19.288787841796875,8.83190631866455
2012-01-20,19.671537399291992,17.52588653564453,8.824108123779297,14.32777214050293,17.33258628845215,33.863525390625,19.37130355834961,8.83931827545166
2012-01-23,19.847883224487305,17.6002254486084,8.994250297546387,14.350157737731934,17.470218658447266,33.71677780151367,19.39668083190918,8.868956565856934
2012-01-24,19.921844482421875,17.532644271850586,8.90624713897705,14.143074989318848,17.17775535583496,33.80173873901367,19.257047653198242,8.77263069152832
2012-01-25,19.79099464416504,17.478572845458984,8.888646125793457,14.08711051940918,16.79926872253418,33.477378845214844,19.409381866455078,8.80967903137207
2012-01-26,19.92752456665039,17.69485855102539,9.041190147399902,14.204636573791504,17.09173011779785,33.60093688964844,19.97426986694336,8.891182899475098
2012-01-27,19.52931785583496,17.49884605407715,8.947315216064453,14.064720153808594,16.99711036682129,33.20709991455078,19.56171417236328,8.85413646697998
2012-01-30,19.37002944946289,17.32988166809082,8.68329906463623,14.036734580993652,16.876697540283203,33.2765998840332,19.441120147705078,8.77263069152832
2012-01-31,19.722726821899414,17.44477653503418,8.747833251953125,14.092706680297852,17.031518936157227,33.36155700683594,19.510936737060547,8.861546516418457
2012-02-01,19.950281143188477,17.803001403808594,9.099863052368164,14.17664909362793,17.33258628845215,33.53916549682617,20.1773738861084,9.017142295837402
2012-02-02,19.99009895324707,17.877349853515625,9.170269012451172,14.143074989318848,17.272363662719727,33.36927795410156,20.3106689453125,9.054187774658203
2012-02-03,20.13231658935547,18.140947341918945,9.404952049255371,14.344555854797363,17.68524932861328,33.778568267822266,20.86920738220215,9.276469230651855
2012-02-06,20.166452407836914,18.12742805480957,9.375615119934082,14.450896263122559,17.59063720703125,33.886688232421875,20.92633628845215,9.254237174987793
2012-02-07,20.143695831298828,18.10039520263672,9.422550201416016,14.372541427612305,17.573434829711914,33.948463439941406,20.659753799438477,9.187553405761719
2012-02-08,20.120935440063477,18.046321868896484,9.463622093200684,14.243820190429688,17.504615783691406,33.824913024902344,20.672447204589844,9.106054306030273
2012-02-09,20.320045471191406,18.09364128112793,9.528160095214844,14.282991409301758,17.44440269470215,33.87895584106445,21.300809860229492,9.157916069030762
2012-02-10,20.22333526611328,17.91114616394043,9.293475151062012,14.159867286682129,17.547632217407227,33.917579650878906,20.900951385498047,9.150506973266602
2012-02-13,20.36556053161621,18.046321868896484,9.334548950195312,14.2382173538208,17.547632217407227,34.26507568359375,21.135787963867188,9.165329933166504
2012-02-14,20.39968490600586,17.999013900756836,9.228937149047852,14.21022891998291,17.659456253051758,34.24192810058594,20.97076416015625,9.113462448120117
2012-02-15,20.462268829345703,18.134187698364258,9.381481170654297,14.2382173538208,17.8572940826416,34.5430908203125,21.01519775390625,9.165329933166504
2012-02-16,20.507774353027344,18.12742805480957,9.375615119934082,14.21583080291748,17.934711456298828,34.44270324707031,20.87555503845215,9.165329933166504
2012-02-17,20.57035255432129,18.2558536529541,9.510558128356934,14.338960647583008,18.184154510498047,34.31142044067383,21.472187042236328,9.232010841369629
2012-02-20,20.741012573242188,18.411300659179688,9.63376522064209,14.383735656738281,18.41640853881836,34.11835861206055,21.776840209960938,9.239421844482422
2012-02-21,20.58173179626465,18.309921264648438,9.563362121582031,14.372541427612305,18.34760093688965,34.187862396240234,21.62451934814453,9.120871543884277
2012-02-22,20.598785400390625,18.154464721679688,9.340415954589844,14.2382173538208,18.141151428222656,34.04887390136719,21.5293025970459,9.03195858001709
2012-02-23,20.547595977783203,18.140947341918945,9.275875091552734,14.120689392089844,18.158357620239258,34.172428131103516,21.148483276367188,8.972683906555176
2012-02-24,20.66705322265625,18.188257217407227,9.363882064819336,14.18225383758545,18.42501449584961,33.9793701171875,21.357933044433594,8.972683906555176
2012-02-27,20.71825408935547,18.12066650390625,9.228937149047852,14.25500774383545,18.175554275512695,33.8403434753418,20.97076416015625,8.943045616149902
2012-02-28,20.68412971496582,18.16798973083496,9.26413631439209,14.21583080291748,18.34760093688965,33.770835876464844,21.104047775268555,8.957869529724121
2012-02-29,20.61585807800293,18.16798973083496,9.299344062805176,14.159867286682129,18.261573791503906,33.662723541259766,20.88825035095215,9.017142295837402
2012-03-01,20.814956665039062,18.357236862182617,9.469491958618164,14.25500774383545,18.184154510498047,33.92530059814453,21.205608367919922,9.150506973266602
2012-03-02,20.85479164123535,18.357236862182617,9.534028053283691,14.221426010131836,18.261573791503906,33.97163391113281,21.243690490722656,9.180146217346191
2012-03-05,20.792203903198242,18.242338180541992,9.381481170654297,14.187849998474121,18.13254737854004,34.15696716308594,21.091352462768555,9.120871543884277
2012-03-06,20.263158798217773,17.77596664428711,9.005987167358398,13.94158935546875,17.68524932861328,33.7476806640625,20.056787490844727,8.943045616149902
2012-03-07,20.31435775756836,17.884105682373047,9.117463111877441,13.952789306640625,17.900300979614258,33.8403434753418,20.2979736328125,9.09864330291748
2012-03-08,20.62154769897461,18.16122817993164,9.287609100341797,14.0535306930542,18.19275665283203,34.025691986083984,21.06597328186035,9.187553405761719
2012-03-09,20.66136932373047,18.242338180541992,9.217204093933105,14.047927856445312,18.373397827148438,34.45043182373047,21.326196670532227,9.232010841369629
2012-03-12,20.56466293334961,18.22205352783203,9.129199981689453,13.991961479187012,18.34760093688965,34.42726135253906,21.47853660583496,9.232010841369629
2012-03-13,20.87184715270996,18.519447326660156,9.416682243347168,14.17664909362793,18.648658752441406,34.75932693481445,21.681640625,9.432061195373535
2012-03-14,20.92305564880371,18.593791961669922,9.58682918548584,14.10949420928955,18.691665649414062,34.7207145690918,22.138629913330078,9.446883201599121
2012-03-15,20.786523818969727,18.512693405151367,9.651369094848633,14.08150577545166,18.89810562133789,34.66667556762695,22.125934600830078,9.417245864868164
2012-03-16,20.89460563659668,18.573516845703125,9.756978034973145,14.120689392089844,18.966917037963867,34.682106018066406,21.859357833862305,9.491339683532715
2012-03-19,20.905981063842773,18.566755294799805,9.76871109008789,14.232619285583496,19.035734176635742,34.75932693481445,21.687984466552734,9.454294204711914
2012-03-20,20.604482650756836,18.34371566772461,9.598564147949219,14.389330863952637,18.8378963470459,34.751609802246094,20.812084197998047,9.395015716552734
2012-03-21,20.587413787841797,18.330196380615234,9.510558128356934,14.372541427612305,18.8206844329834,34.81338119506836,20.843820571899414,9.395015716552734
2012-03-22,20.291601181030273,18.140947341918945,9.352148056030273,14.383735656738281,18.657258987426758,34.62033462524414,20.532817840576172,9.395015716552734
2012-03-23,20.26884651184082,18.113914489746094,9.358014106750488,14.42291259765625,18.640056610107422,34.39638900756836,20.824783325195312,9.417245864868164
2012-03-26,20.598785400390625,18.309921264648438,9.393217086791992,14.473286628723145,18.803495407104492,34.604881286621094,21.173866271972656,9.5283842086792
2012-03-27,20.092498779296875,18.208534240722656,9.363882064819336,14.41171932220459,18.86370277404785,34.473594665527344,21.173866271972656,9.476518630981445
2012-03-28,19.82512664794922,18.005769729614258,9.228937149047852,14.322172164916992,18.880905151367188,34.5662727355957,20.77400779724121,9.454294204711914
2012-03-29,19.6601619720459,17.80976104736328,8.982519149780273,14.243820190429688,18.631446838378906,34.23419189453125,20.2535457611084,9.380196571350098
2012-03-30,19.859256744384766,17.9652156829834,9.082260131835938,14.26060676574707,18.803495407104492,34.334590911865234,20.672447204589844,9.476518630981445
2012-04-02,20.211963653564453,18.215295791625977,9.123331069946289,14.434107780456543,19.02713966369629,35.06052017211914,20.964414596557617,9.580246925354004
2012-04-03,19.967348098754883,18.059831619262695,8.917983055114746,14.288590431213379,18.923913955688477,35.03734588623047,20.799386978149414,9.491339683532715
2012-04-04,19.597585678100586,17.67458152770996,8.706766128540039,14.031137466430664,18.295984268188477,34.66667556762695,20.164688110351562,9.306106567382812
2012-04-05,19.745481491088867,17.715129852294922,8.671565055847168,14.031137466430664,18.287384033203125,34.628047943115234,20.329713821411133,9.380196571350098
2012-04-10,19.102659225463867,17.29607582092285,8.319539070129395,13.79047966003418,17.883102416992188,34.326866149902344,19.555360794067383,9.157916069030762
2012-04-11,19.244876861572266,17.431264877319336,8.46621322631836,13.835250854492188,17.754072189331055,34.19558334350586,19.840980529785156,9.2097806930542
2012-04-12,19.279014587402344,17.61375617980957,8.571824073791504,13.82405948638916,17.874496459960938,34.45814895629883,20.2662410736084,9.372785568237305
2012-04-13,19.085599899291992,17.370437622070312,8.36060619354248,13.644964218139648,17.633649826049805,34.28053283691406,19.75212860107422,9.2097806930542
2012-04-16,18.97182273864746,17.424495697021484,8.055517196655273,13.281170845031738,17.315380096435547,33.956180572509766,20.01870346069336,9.165329933166504
2012-04-17,19.31314468383789,17.762449264526367,8.389942169189453,13.510637283325195,17.513214111328125,34.29597854614258,20.47568702697754,9.32833480834961
2012-04-18,19.256258010864258,17.661062240600586,8.2139310836792,13.314749717712402,17.48741340637207,34.373207092285156,20.22180938720703,9.35797119140625
2012-04-19,19.00595474243164,17.586715698242188,8.102457046508789,13.214006423950195,17.401395797729492,34.489051818847656,19.745777130126953,9.395015716552734
2012-04-20,19.017332077026367,17.688098907470703,8.19046401977539,13.331539154052734,17.289569854736328,34.828834533691406,19.866371154785156,9.409832954406738
2012-04-23,18.66463279724121,17.29607582092285,7.961643695831299,13.158041000366211,16.74765968322754,34.388641357421875,19.11741828918457,9.217192649841309
2012-04-24,18.846675872802734,17.44477653503418,8.102457046508789,13.342740058898926,16.85088539123535,34.41953659057617,19.491893768310547,9.283875465393066
2012-04-25,18.914932250976562,17.65430450439453,8.237398147583008,13.465867042541504,17.15194320678711,34.350040435791016,20.088520050048828,9.380196571350098
2012-04-26,19.261945724487305,17.67458152770996,8.161126136779785,13.40429973602295,17.315380096435547,34.26507568359375,20.628021240234375,9.417245864868164
2012-04-27,19.35296630859375,17.803001403808594,8.272600173950195,13.409895896911621,17.427204132080078,34.31142044067383,20.85017204284668,9.491339683532715
2012-04-30,19.296079635620117,17.688098907470703,8.178729057312012,13.353926658630371,17.375587463378906,34.42726135253906,20.691492080688477,9.432061195373535
2012-05-02,19.187990188598633,17.708377838134766,8.120057106018066,13.314749717712402,17.237966537475586,34.5430908203125,20.564552307128906,9.617294311523438
2012-05-03,19.205055236816406,17.72189712524414,8.04378604888916,13.38191032409668,17.17775535583496,34.73617172241211,20.583595275878906,9.646934509277344
2012-05-04,18.64756965637207,17.431264877319336,7.979248523712158,13.387510299682617,16.72185516357422,34.550819396972656,19.853681564331055,9.483930587768555
2012-05-07,18.90924835205078,17.579954147338867,8.178729057312012,13.583395004272461,16.83367919921875,34.45043182373047,20.012353897094727,9.60988712310791
2012-05-08,18.36313247680664,17.29607582092285,7.996847629547119,13.661750793457031,16.481016159057617,34.2496452331543,19.37130355834961,9.31351375579834
2012-05-09,18.226606369018555,17.24877166748047,7.873639106750488,13.628166198730469,16.515419006347656,34.16469192504883,19.447463989257812,9.372785568237305
2012-05-10,18.48828125,17.33663558959961,8.055517196655273,13.706524848937988,16.69605255126953,34.064300537109375,19.326868057250977,9.402424812316895
2012-05-11,18.55654525756836,17.41098403930664,7.996847629547119,13.656157493591309,16.876697540283203,34.42726135253906,19.809247970581055,9.483930587768555
2012-05-14,18.135583877563477,17.100065231323242,7.773897647857666,13.460264205932617,16.54121971130371,34.14152526855469,19.37130355834961,9.320927619934082
2012-05-15,18.02750015258789,17.005443572998047,7.650692939758301,13.421085357666016,16.394983291625977,34.00251388549805,19.15550422668457,9.276469230651855
2012-05-16,17.976303100585938,16.91082000732422,7.592017650604248,13.297957420349121,16.30896759033203,33.94073486328125,19.193578720092773,9.26905632019043
2012-05-17,17.68617820739746,16.687774658203125,7.363201141357422,13.13565444946289,16.059520721435547,33.770835876464844,18.84449577331543,9.09864330291748
2012-05-18,17.53827476501465,16.552597045898438,7.310396671295166,13.068495750427246,15.853081703186035,33.55461883544922,18.457317352294922,8.913413047790527
2012-05-21,17.663419723510742,16.681018829345703,7.3866705894470215,13.107666015625,16.059520721435547,33.69363784790039,18.73659324645996,8.980093955993652
2012-05-22,18.010427474975586,16.978408813476562,7.61549186706543,13.44347858428955,16.360580444335938,33.97163391113281,19.288787841796875,9.135687828063965
2012-05-23,17.600847244262695,16.633710861206055,7.404273509979248,13.186020851135254,16.09392547607422,33.53144454956055,18.800071716308594,8.980093955993652
2012-05-24,17.98198890686035,16.789161682128906,7.504012107849121,13.331539154052734,16.274560928344727,33.809452056884766,18.83814811706543,9.09123420715332
2012-05-25,18.073007583618164,16.822952270507812,7.486410140991211,13.348329544067383,16.18854522705078,34.079750061035156,18.84449577331543,9.106054306030273
2012-05-28,17.993366241455078,16.822952270507812,7.398406505584717,13.253182411193848,16.38637924194336,34.13381576538086,18.8825740814209,9.194965362548828
2012-05-29,18.192466735839844,16.958141326904297,7.3866705894470215,13.174832344055176,16.644441604614258,34.26507568359375,19.485551834106445,9.261648178100586
2012-05-30,17.794261932373047,16.741851806640625,7.298664569854736,13.107666015625,16.360580444335938,34.025691986083984,18.933351516723633,9.157916069030762
2012-05-31,17.7032470703125,16.65398406982422,7.298664569854736,13.102076530456543,16.420799255371094,34.00251388549805,18.647727966308594,9.165329933166504
2012-06-01,17.418811798095703,16.37010955810547,7.251727104187012,13.074089050292969,15.96490478515625,33.446495056152344,17.987640380859375,8.965276718139648
2012-06-04,17.208324432373047,16.248449325561523,7.2927961349487305,13.085282325744629,15.724056243896484,33.18392562866211,17.562379837036133,8.898591995239258
2012-06-05,17.418811798095703,16.329557418823242,7.357335567474365,13.029318809509277,15.913290023803711,33.32292556762695,17.6575870513916,8.928228378295898
2012-06-06,17.84546661376953,16.694528579711914,7.650692939758301,13.230802536010742,16.30896759033203,33.71677780151367,18.10823631286621,9.039371490478516
2012-06-07,18.095760345458984,16.870264053344727,7.785634517669678,13.214006423950195,16.446603775024414,33.85580825805664,18.279600143432617,9.187553405761719
2012-06-08,17.890968322753906,16.816198348999023,7.709360599517822,13.40429973602295,16.472410202026367,33.963897705078125,18.057456970214844,9.150506973266602
2012-06-11,17.98198890686035,16.8297119140625,7.6624250411987305,13.393106460571289,16.515419006347656,34.079750061035156,18.05110740661621,9.150506973266602
2012-06-12,18.095760345458984,16.91082000732422,7.685891628265381,13.622576713562012,16.532617568969727,34.388641357421875,18.000333786010742,9.128277778625488
2012-06-13,18.00474739074707,16.843233108520508,7.703493118286133,13.566605567932129,16.515419006347656,34.504486083984375,17.575077056884766,9.039371490478516
2012-06-14,17.885278701782227,16.809444427490234,7.721092700958252,13.561006546020508,16.11112403869629,34.434993743896484,17.302152633666992,9.017142295837402
2012-06-15,18.272109985351562,16.681018829345703,7.850170135498047,13.549809455871582,16.334775924682617,34.365474700927734,17.56873321533203,9.076417922973633
2012-06-18,18.220914840698242,16.76212501525879,7.726962089538574,13.488251686096191,16.49820899963379,34.7207145690918,17.822614669799805,9.180146217346191
2012-06-19,18.52241325378418,16.99192237854004,7.914709568023682,13.740102767944336,16.773462295532227,35.253578186035156,18.152660369873047,9.365375518798828
2012-06-20,18.55654525756836,17.09331703186035,8.037918090820312,13.779282569885254,16.962709426879883,35.16864013671875,18.362112045288086,9.520976066589355
2012-06-21,18.237987518310547,17.005443572998047,7.990983486175537,13.723319053649902,16.782072067260742,35.384864807128906,18.006675720214844,9.5654296875
2012-06-22,17.919410705566406,16.897302627563477,7.996847629547119,13.807271957397461,16.49820899963379,35.36941146850586,17.771835327148438,9.439473152160645
2012-06-25,17.652042388916016,16.633710861206055,7.738696575164795,13.622576713562012,16.1971492767334,35.01417922973633,17.283113479614258,9.424653053283691
2012-06-26,17.6463565826416,16.65398406982422,7.697625160217285,13.66734790802002,16.00791358947754,35.19178771972656,17.06096076965332,9.454294204711914
2012-06-27,18.0161190032959,16.883787155151367,7.885373115539551,13.874428749084473,16.2143497467041,35.423465728759766,17.308496475219727,9.535792350769043
2012-06-28,18.07870101928711,16.80267906188965,7.703493118286133,13.885624885559082,16.025114059448242,35.207252502441406,17.283113479614258,9.446883201599121
2012-06-29,18.602062225341797,17.24201202392578,8.020316123962402,14.08711051940918,16.49820899963379,35.601078033447266,18.095537185668945,9.572836875915527
2012-07-02,18.97182273864746,17.478572845458984,8.155257225036621,14.193442344665527,16.773462295532227,36.00267028808594,18.317684173583984,9.683979988098145
2012-07-03,19.296079635620117,17.627269744873047,8.18459415435791,14.193442344665527,16.919692993164062,36.28840255737305,18.774673461914062,9.706206321716309
2012-07-04,19.21643829345703,17.634033203125,8.178729057312012,14.204636573791504,16.91109848022461,36.39653015136719,18.86988067626953,9.758071899414062
2012-07-05,19.227815628051758,17.61375617980957,8.078985214233398,14.204636573791504,16.885286331176758,36.47373580932617,18.933351516723633,9.750664710998535
2012-07-06,19.00595474243164,17.44477653503418,7.9029765129089355,14.0535306930542,16.412187576293945,36.47373580932617,18.324026107788086,9.750664710998535
2012-07-09,18.87511444091797,17.383949279785156,7.861904144287109,14.131880760192871,16.18854522705078,36.57414627075195,18.298641204833984,9.735843658447266
2012-07-10,19.085599899291992,17.539403915405273,7.932309150695801,14.187849998474121,16.46380615234375,36.61274719238281,18.590608596801758,9.706206321716309
2012-07-11,19.199371337890625,17.51912498474121,7.979248523712158,14.372541427612305,16.481016159057617,36.6204719543457,18.381160736083984,9.691389083862305
2012-07-12,19.011642456054688,17.32988166809082,7.8325676918029785,14.1262845993042,16.412187576293945,36.39653015136719,18.27326202392578,9.572836875915527
2012-07-13,19.273326873779297,17.6002254486084,7.89124059677124,14.495672225952148,16.62723731994629,36.62819290161133,18.641387939453125,9.698798179626465
2012-07-16,19.273326873779297,17.627269744873047,7.715229034423828,14.193442344665527,16.610034942626953,36.60504150390625,18.412893295288086,9.758071899414062
2012-07-17,19.33021354675293,17.627269744873047,7.650692939758301,14.21022891998291,16.394983291625977,36.659088134765625,18.400197982788086,9.743255615234375
2012-07-18,19.540687561035156,17.78948402404785,7.726962089538574,14.378134727478027,16.85088539123535,37.153343200683594,18.730241775512695,9.846985816955566
2012-07-19,19.620336532592773,17.97873306274414,7.809099197387695,14.406120300292969,17.263771057128906,37.5626335144043,19.04125213623047,10.002580642700195
2012-07-20,19.483802795410156,17.742172241210938,7.509880542755127,13.997560501098633,17.10893440246582,37.40045928955078,18.692163467407227,9.958125114440918
2012-07-23,18.97182273864746,17.255531311035156,7.310396671295166,13.773687362670898,16.704652786254883,36.828983306884766,18.127269744873047,9.713616371154785
2012-07-24,18.812541961669922,17.19469451904297,7.204790115356445,13.577801704406738,16.962709426879883,36.72859573364258,17.949556350708008,9.698798179626465
2012-07-25,18.715829849243164,17.235254287719727,7.245861530303955,13.505035400390625,17.06593132019043,36.659088134765625,18.260560989379883,9.691389083862305
2012-07-26,19.057151794433594,17.59347915649414,7.550948619842529,13.82965087890625,17.461610794067383,37.01433563232422,18.51443862915039,9.913668632507324
2012-07-27,19.3017635345459,17.884105682373047,7.7562947273254395,13.958382606506348,17.719669342041016,37.36956024169922,19.06029510498047,10.024807929992676
2012-07-30,19.620336532592773,18.10715675354004,7.996847629547119,14.059125900268555,17.90890121459961,37.73252868652344,19.504592895507812,10.254496574401855
2012-07-31,19.33589744567871,17.924659729003906,7.838435173034668,14.008749961853027,17.926101684570312,37.87924575805664,19.549022674560547,10.069262504577637
2012-08-01,19.387100219726562,18.005769729614258,7.885373115539551,14.165461540222168,17.97771453857422,37.80203628540039,19.307830810546875,10.098899841308594
2012-08-02,19.284698486328125,17.77596664428711,7.656554698944092,13.89681625366211,17.719669342041016,37.941036224365234,18.83814811706543,10.076672554016113
2012-08-03,19.66584587097168,18.208534240722656,8.037918090820312,14.17664909362793,18.089536666870117,38.12637710571289,19.549022674560547,10.158177375793457
2012-08-06,19.76255226135254,18.276126861572266,8.125925064086914,14.322172164916992,18.063735961914062,37.97193145751953,19.948888778686523,10.158177375793457
2012-08-07,20.25178337097168,18.404542922973633,8.090720176696777,14.490072250366211,18.184154510498047,38.018272399902344,20.2789363861084,10.232267379760742
2012-08-08,20.31435775756836,18.47889518737793,8.178729057312012,14.590821266174316,18.2099609375,38.0568733215332,20.151992797851562,10.202631950378418
2012-08-09,20.348482131958008,18.539718627929688,8.231527328491211,14.512458801269531,18.373397827148438,38.12637710571289,20.113908767700195,10.224859237670898
2012-08-10,20.33711051940918,18.512693405151367,8.196329116821289,14.551636695861816,18.321788787841797,38.07232666015625,20.10120964050293,10.269317626953125
2012-08-13,20.194896697998047,18.43834114074707,8.18459415435791,14.512458801269531,18.141151428222656,38.02598190307617,19.866371154785156,10.202631950378418
2012-08-14,20.35417938232422,18.553237915039062,8.231527328491211,14.596419334411621,18.184154510498047,38.3812255859375,20.012353897094727,10.261909484863281
2012-08-15,20.39968490600586,18.559999465942383,8.260866165161133,14.540448188781738,18.252971649169922,38.666961669921875,19.88541030883789,10.284136772155762
2012-08-16,20.42244529724121,18.627588272094727,8.40754508972168,14.585220336914062,18.304584503173828,38.55884552001953,20.044090270996094,10.239676475524902
2012-08-17,20.56466293334961,18.735727310180664,8.554224967956543,14.657971382141113,18.511035919189453,38.26538848876953,20.456649780273438,10.321178436279297
2012-08-20,20.394001007080078,18.6411075592041,8.419278144836426,14.663578033447266,18.45941734313965,38.21904373168945,20.3106689453125,10.284136772155762
2012-08-21,20.35417938232422,18.688413619995117,8.571824073791504,14.624402046203613,18.511035919189453,38.08005905151367,20.494731903076172,10.34340763092041
2012-08-22,20.13231658935547,18.47889518737793,8.46621322631836,14.428512573242188,18.252971649169922,37.655303955078125,20.431262969970703,10.210041999816895
2012-08-23,20.0014705657959,18.34371566772461,8.40754508972168,14.344555854797363,18.2099609375,37.46996307373047,20.259889602661133,10.128539085388184
2012-08-24,19.944595336914062,18.357236862182617,8.366475105285645,14.406120300292969,18.2099609375,37.75569534301758,19.904451370239258,10.128539085388184
2012-08-27,20.05836296081543,18.465373992919922,8.436881065368652,14.512458801269531,18.442211151123047,37.80203628540039,20.145647048950195,10.239676475524902
2012-08-28,19.967348098754883,18.316679000854492,8.389942169189453,14.439704895019531,18.037927627563477,37.48540496826172,20.056787490844727,10.128539085388184
2012-08-29,19.967348098754883,18.30316734313965,8.354740142822266,14.40052318572998,18.072336196899414,37.43134689331055,20.088520050048828,10.143356323242188
2012-08-30,19.870635986328125,18.16798973083496,8.249134063720703,14.25500774383545,17.865888595581055,37.423614501953125,19.25070571899414,10.180402755737305
2012-08-31,19.97303009033203,18.249094009399414,8.4016752243042,14.282991409301758,18.029333114624023,37.392730712890625,19.36495018005371,10.172993659973145
2012-09-03,20.143695831298828,18.404542922973633,8.436881065368652,14.41171932220459,18.13254737854004,37.60124206542969,19.218975067138672,10.210041999816895
2012-09-04,19.864948272705078,18.201784133911133,8.354740142822266,14.350157737731934,17.822887420654297,37.13788986206055,18.85083770751953,10.098899841308594
2012-09-05,19.54637908935547,18.201784133911133,8.389942169189453,14.27180004119873,17.745466232299805,37.43907165527344,18.857189178466797,10.172993659973145
2012-09-06,20.046995162963867,18.614065170288086,8.747833251953125,14.534846305847168,17.97771453857422,37.948753356933594,19.618833541870117,10.373048782348633
2012-09-07,20.081119537353516,18.647859573364258,8.941449165344238,14.540448188781738,17.994922637939453,37.493125915527344,19.77117156982422,10.38786792755127
2012-09-10,20.075428009033203,18.607311248779297,8.953185081481934,14.490072250366211,17.960508346557617,37.23828887939453,19.726741790771484,10.432317733764648
2012-09-11,20.172143936157227,18.708698272705078,9.05879020690918,14.534846305847168,18.063735961914062,37.43907165527344,19.97426986694336,10.402684211730957
2012-09-12,20.138010025024414,18.72221565246582,9.17613410949707,14.596419334411621,18.235767364501953,37.19194412231445,20.22815704345703,10.395271301269531
2012-09-13,20.189205169677734,18.715452194213867,9.076396942138672,14.646781921386719,18.2099609375,37.32322692871094,20.056787490844727,10.417502403259277
2012-09-14,20.53621482849121,18.958772659301758,9.322809219360352,14.579623222351074,18.519628524780273,36.92940139770508,20.818429946899414,10.395271301269531
2012-09-17,20.462268829345703,18.76952362060547,9.31694507598877,14.456491470336914,18.45941734313965,36.98345184326172,20.60898208618164,10.36563777923584
2012-09-18,20.22333526611328,18.701932907104492,9.146798133850098,14.434107780456543,18.41640853881836,37.222835540771484,20.17103385925293,10.402684211730957
2012-09-19,20.263158798217773,18.762771606445312,9.205467224121094,14.428512573242188,18.39059829711914,37.423614501953125,20.545515060424805,10.38045597076416
2012-09-20,20.160757064819336,18.762771606445312,9.123331069946289,14.462090492248535,18.407812118530273,37.5626335144043,20.1773738861084,10.491596221923828
2012-09-21,20.200580596923828,18.81683349609375,9.223071098327637,14.60760498046875,18.39920425415039,37.87153625488281,20.513782501220703,10.491596221923828
2012-09-24,20.240402221679688,18.756011962890625,9.17613410949707,14.562834739685059,18.2271728515625,38.01054763793945,20.443958282470703,10.499007225036621
2012-09-25,20.34279441833496,18.843870162963867,9.228937149047852,14.60760498046875,18.321788787841797,38.118656158447266,20.139301300048828,10.59532642364502
2012-09-26,19.950281143188477,18.47889518737793,8.888646125793457,14.355752944946289,17.814273834228516,37.7943000793457,19.536333084106445,10.432317733764648
2012-09-27,20.0014705657959,18.566755294799805,8.976654052734375,14.41171932220459,18.020723342895508,38.04144287109375,19.460159301757812,10.395271301269531
2012-09-28,19.75118064880371,18.323440551757812,8.81237506866455,14.193442344665527,17.917499542236328,37.693904876708984,19.295129776000977,10.254496574401855
2012-10-01,19.967348098754883,18.593791961669922,9.017722129821777,14.21022891998291,18.089536666870117,38.18816375732422,19.504592895507812,10.38045597076416
2012-10-02,19.93890380859375,18.539718627929688,8.953185081481934,14.227025985717773,17.943313598632812,38.06459045410156,19.517282485961914,10.373048782348633
2012-10-04,19.699974060058594,18.559999465942383,8.994250297546387,14.1262845993042,17.874496459960938,38.16499710083008,19.917146682739258,10.439729690551758
2012-10-05,19.84219741821289,18.715452194213867,9.152667999267578,14.333358764648438,18.046527862548828,38.334896087646484,20.259889602661133,10.506413459777832
2012-10-08,19.717044830322266,18.5329647064209,9.000121116638184,14.159867286682129,17.900300979614258,38.18816375732422,19.777509689331055,10.417502403259277
2012-10-09,19.76255226135254,18.465373992919922,8.92971420288086,14.025540351867676,17.840087890625,38.04914093017578,19.688648223876953,10.38786792755127
2012-10-10,19.75118064880371,18.36399269104004,8.882777214050293,13.94158935546875,17.48741340637207,37.77113342285156,19.663267135620117,10.247089385986328
2012-10-11,19.904773712158203,18.50593376159668,9.047057151794434,13.997560501098633,17.52182388305664,37.74799728393555,19.986970901489258,10.306363105773926
2012-10-12,19.671537399291992,18.39103126525879,9.005987167358398,13.812865257263184,17.547632217407227,37.693904876708984,19.796554565429688,10.261909484863281
2012-10-15,19.500869750976562,18.519447326660156,9.105731010437012,13.4994478225708,17.298171997070312,38.02598190307617,19.580753326416016,10.306363105773926
2012-10-16,19.694290161132812,18.735727310180664,9.36974811553955,13.600187301635742,17.642250061035156,38.38895797729492,19.428424835205078,10.34340763092041
2012-10-17,19.944595336914062,18.810081481933594,9.469491958618164,13.712120056152344,17.461610794067383,38.24993133544922,19.599796295166016,10.306363105773926
2012-10-18,19.944595336914062,18.884424209594727,9.504691123962402,13.784878730773926,17.616439819335938,38.47389221191406,19.815597534179688,10.358226776123047
2012-10-19,19.830820083618164,18.72221565246582,9.299344062805176,13.639366149902344,17.504615783691406,38.38895797729492,19.75212860107422,10.328590393066406
2012-10-22,19.671537399291992,18.654621124267578,9.31694507598877,13.549809455871582,17.43579864501953,38.15727233886719,19.523630142211914,10.291548728942871
2012-10-23,19.23918914794922,18.323440551757812,9.187868118286133,13.365119934082031,17.280969619750977,37.500850677490234,19.282438278198242,10.143356323242188
2012-10-24,19.38141441345215,18.43157958984375,9.228937149047852,13.359522819519043,17.668048858642578,37.53173065185547,19.428424835205078,10.180402755737305
2012-10-25,19.296079635620117,18.465373992919922,9.234803199768066,13.202814102172852,17.719669342041016,37.59352493286133,19.301477432250977,10.298951148986816
2012-10-26,19.375722885131836,18.499170303344727,9.211337089538574,13.214006423950195,17.62504005432129,37.71707534790039,19.288787841796875,10.284136772155762
2012-10-29,19.19368553161621,18.424814224243164,9.182001113891602,13.124456405639648,17.676645278930664,37.539459228515625,19.161846160888672,10.247089385986328
2012-10-30,19.586204528808594,18.580272674560547,9.305211067199707,13.191620826721191,17.934711456298828,37.693904876708984,19.549022674560547,10.31376838684082
2012-10-31,19.307453155517578,18.47213363647461,9.234803199768066,13.124456405639648,17.797077178955078,37.28462219238281,19.441120147705078,10.298951148986816
2012-11-01,19.45536231994629,18.701932907104492,9.446022033691406,13.303558349609375,18.13254737854004,37.52401351928711,19.777509689331055,10.469366073608398
2012-11-02,19.500869750976562,18.76952362060547,9.481224060058594,13.230802536010742,18.252971649169922,37.57807540893555,19.993314743041992,10.59532642364502
2012-11-05,19.31883430480957,18.654621124267578,9.363882064819336,13.130054473876953,18.158357620239258,37.54717254638672,19.82194709777832,10.573098182678223
2012-11-06,19.39278793334961,18.762771606445312,9.481224060058594,13.241992950439453,18.313182830810547,37.53173065185547,19.809247970581055,10.699054718017578
2012-11-07,19.057151794433594,18.5329647064209,9.311076164245605,13.062894821166992,17.994922637939453,37.16878890991211,19.57440757751465,10.617555618286133
2012-11-08,18.960447311401367,18.47889518737793,9.287609100341797,13.074089050292969,18.01212501525879,37.13788986206055,19.276092529296875,10.617555618286133
2012-11-09,18.966129302978516,18.485654830932617,9.182001113891602,13.074089050292969,17.969114303588867,37.41592025756836,19.326868057250977,10.617555618286133
2012-11-12,18.880800247192383,18.424814224243164,9.187868118286133,13.023719787597656,17.917499542236328,37.230552673339844,19.269744873046875,10.62496280670166
2012-11-13,18.92630958557129,18.485654830932617,9.322809219360352,12.962152481079102,17.994922637939453,37.40045928955078,19.238008499145508,10.691643714904785
2012-11-14,18.67032241821289,18.350482940673828,9.217204093933105,12.889397621154785,18.020723342895508,37.10698699951172,19.034900665283203,10.662010192871094
2012-11-15,18.55654525756836,18.16122817993164,9.205467224121094,12.833423614501953,17.771276473999023,36.58186721801758,18.939701080322266,10.432317733764648
2012-11-16,18.317623138427734,17.971973419189453,9.029457092285156,12.626344680786133,17.702457427978516,36.43513107299805,18.8190975189209,10.417502403259277
2012-11-19,18.778409957885742,18.370752334594727,9.340415954589844,12.80544376373291,18.19275665283203,36.774925231933594,19.523630142211914,10.550869941711426
2012-11-20,18.835290908813477,18.43157958984375,9.299344062805176,12.850217819213867,18.261573791503906,36.79810333251953,19.644227981567383,10.721284866333008
2012-11-21,18.90924835205078,18.47213363647461,9.340415954589844,12.922974586486816,18.47661590576172,36.89848709106445,19.847332000732422,10.639780044555664
2012-11-22,18.97751235961914,18.573516845703125,9.41081714630127,12.91177749633789,18.674463272094727,37.09156036376953,19.955232620239258,10.750920295715332
2012-11-23,19.045772552490234,18.69517707824707,9.487090110778809,12.956557273864746,18.906709671020508,37.31550979614258,20.075830459594727,10.795377731323242
2012-11-26,18.897869110107422,18.607311248779297,9.375615119934082,12.9061861038208,18.889503479003906,37.09156036376953,20.044090270996094,10.80278491973877
2012-11-27,18.823915481567383,18.634347915649414,9.434285163879395,12.777459144592285,18.95831871032715,37.330936431884766,20.120258331298828,10.83242416381836
2012-11-28,18.823915481567383,18.68165397644043,9.393217086791992,12.794249534606934,18.95831871032715,37.500850677490234,20.1773738861084,10.839829444885254
2012-11-29,18.9888858795166,18.884424209594727,9.569228172302246,13.029318809509277,19.224977493286133,37.83293151855469,20.469345092773438,10.913925170898438
2012-11-30,18.920625686645508,18.884424209594727,9.575096130371094,12.967747688293457,19.224977493286133,37.59352493286133,20.672447204589844,10.854653358459473
2012-12-03,18.897869110107422,18.918224334716797,9.569228172302246,12.978944778442383,19.36260223388672,37.709354400634766,20.60898208618164,10.869470596313477
2012-12-04,18.806848526000977,18.918224334716797,9.63376522064209,12.928574562072754,19.224977493286133,37.77885437011719,20.602630615234375,10.913925170898438
2012-12-05,18.75565528869629,18.96553611755371,9.692439079284668,13.00692367553711,19.285184860229492,37.8251953125,20.577241897583008,10.950973510742188
2012-12-06,18.829607009887695,19.10747528076172,9.756978034973145,13.118863105773926,19.491626739501953,38.118656158447266,20.79304313659668,11.03247356414795
2012-12-07,18.76133918762207,19.11423110961914,9.739374160766602,13.046104431152344,19.62926483154297,38.27311325073242,20.831125259399414,11.069520950317383
2012-12-10,18.840978622436523,19.154787063598633,9.645498275756836,13.051700592041016,19.60344886779785,38.55884552001953,20.86285972595215,11.08434009552002
2012-12-11,18.85804557800293,19.215614318847656,9.668968200683594,13.130054473876953,19.80989646911621,38.713294982910156,21.161176681518555,11.15843391418457
2012-12-12,18.97182273864746,19.242650985717773,9.715906143188477,13.158041000366211,19.66366195678711,38.62062454223633,21.275423049926758,11.1436185836792
2012-12-13,18.880800247192383,19.14802360534668,9.698309898376465,13.19721794128418,19.534643173217773,38.35804748535156,21.29446792602539,11.076933860778809
2012-12-14,18.784093856811523,19.127748489379883,9.68657112121582,13.107666015625,19.577653884887695,38.24220657348633,21.472187042236328,11.062110900878906
2012-12-17,18.806848526000977,19.10747528076172,9.680706977844238,12.945365905761719,19.62065315246582,38.07232666015625,21.668947219848633,11.054701805114746
2012-12-18,18.829607009887695,19.215614318847656,9.774580001831055,12.934167861938477,19.801298141479492,38.19588851928711,21.71971893310547,11.121387481689453
2012-12-19,18.949071884155273,19.30348014831543,9.8860502243042,12.956557273864746,19.93032455444336,38.087772369384766,21.592782974243164,11.232528686523438
2012-12-20,18.914932250976562,19.310239791870117,9.921255111694336,12.939765930175781,19.89590835571289,38.04144287109375,21.643552780151367,11.27698040008545
2012-12-21,18.892181396484375,19.222375869750977,9.827381134033203,12.945365905761719,19.672269821166992,38.087772369384766,21.751449584960938,11.165844917297363
2012-12-27,18.812541961669922,19.222375869750977,9.827381134033203,12.934167861938477,19.646465301513672,37.95650100708008,21.821271896362305,11.08434009552002
2012-12-28,18.784093856811523,19.127748489379883,9.756978034973145,12.811038970947266,19.62065315246582,37.97193145751953,21.776840209960938,11.025066375732422
2013-01-02,19.17661476135254,19.600873947143555,10.091400146484375,13.107666015625,20.20557403564453,38.504791259765625,22.40519905090332,11.336257934570312
2013-01-03,19.33021354675293,19.62114715576172,10.11486530303955,13.158041000366211,20.36900520324707,38.65150833129883,22.551193237304688,11.395529747009277
2013-01-04,19.421228408813477,19.695499420166016,10.150071144104004,13.258785247802734,20.30879783630371,38.92180633544922,22.455978393554688,11.439986228942871
2013-01-07,19.227815628051758,19.614389419555664,10.27328109741211,13.214006423950195,20.24859046936035,38.70555877685547,22.37981414794922,11.454806327819824
2013-01-08,19.23918914794922,19.594118118286133,10.302616119384766,13.320348739624023,19.999134063720703,38.99131774902344,22.049766540527344,11.410350799560547
2013-01-09,19.387100219726562,19.722536087036133,10.525565147399902,13.644964218139648,20.11095428466797,39.091697692871094,22.018035888671875,11.380712509155273
2013-01-10,19.39278793334961,19.695499420166016,10.578368186950684,13.59459114074707,20.343202590942383,38.86774826049805,22.18305206298828,11.36589527130127
2013-01-11,19.3017635345459,19.66846466064453,10.601836204528809,13.533025741577148,20.49803352355957,38.813690185546875,22.221139907836914,11.36589527130127
2013-01-14,19.205055236816406,19.58059310913086,10.607707023620605,13.505035400390625,20.446426391601562,38.64379119873047,22.436933517456055,11.314032554626465
2013-01-15,19.32328224182129,19.594118118286133,10.566532135009766,13.381890296936035,20.017250061035156,38.57429885864258,22.421829223632812,11.3560209274292
2013-01-16,19.36345863342285,19.58059310913086,10.489185333251953,13.285938262939453,20.165781021118164,38.7673454284668,22.453981399536133,11.401411056518555
2013-01-17,19.38641357421875,19.68198013305664,10.614130973815918,13.370597839355469,20.288110733032227,39.022193908691406,22.608306884765625,11.424111366271973
2013-01-18,19.357717514038086,19.67521858215332,10.590333938598633,13.381890296936035,20.2706298828125,38.744178771972656,22.56972312927246,11.484633445739746
2013-01-21,19.346240997314453,19.715776443481445,10.62008285522461,13.42140007019043,20.349273681640625,38.86774826049805,22.711183547973633,11.507329940795898
2013-01-22,19.41510581970215,19.695499420166016,10.590333938598633,13.370597839355469,20.305578231811523,38.805973052978516,22.63401985168457,11.53759479522705
2013-01-23,19.51266860961914,19.729286193847656,10.50108814239502,13.308518409729004,20.541492462158203,39.392887115478516,22.68546485900879,11.507329940795898
2013-01-24,19.5757999420166,19.78335952758789,10.631978988647461,13.398819923400879,20.480329513549805,39.47782516479492,22.63401985168457,11.590550422668457
2013-01-25,19.443803787231445,19.82392120361328,10.673624992370605,13.427037239074707,20.646339416503906,39.40060806274414,22.897663116455078,11.711603164672852
2013-01-28,19.420846939086914,19.81039810180664,10.7390718460083,13.443971633911133,20.716243743896484,39.307945251464844,22.916954040527344,11.643513679504395
2013-01-29,19.63319206237793,19.898265838623047,10.70932388305664,13.522988319396973,20.69876480102539,39.43921661376953,22.95553207397461,11.66621208190918
2013-01-30,19.271631240844727,19.76984214782715,10.649831771850586,13.517343521118164,20.541492462158203,39.30020523071289,22.72404670715332,11.598119735717773
2013-01-31,19.082242965698242,19.67521858215332,10.608180046081543,13.449620246887207,20.67254638671875,39.392887115478516,22.492563247680664,11.575420379638672
2013-02-01,19.019119262695312,19.715776443481445,10.560585021972656,13.42140007019043,21.083202362060547,39.3156623840332,22.87837028503418,11.66621208190918
2013-02-04,18.663299560546875,19.458934783935547,10.269052505493164,13.21257209777832,20.97835922241211,39.3465461730957,22.209640502929688,11.613250732421875
2013-02-05,18.881380081176758,19.499488830566406,10.364245414733887,13.139196395874023,20.987098693847656,39.43149948120117,22.119613647460938,11.582988739013672
2013-02-06,18.82398796081543,19.479211807250977,10.316648483276367,13.094047546386719,20.943403244018555,39.416046142578125,22.216066360473633,11.66621208190918
2013-02-07,18.646081924438477,19.411624908447266,10.23930549621582,13.133552551269531,20.925933837890625,39.12260055541992,22.48613166809082,11.83265495300293
2013-02-08,18.686250686645508,19.661705017089844,10.51893424987793,13.21257209777832,21.083202362060547,39.547325134277344,23.051986694335938,12.006662368774414
2013-02-11,18.50260353088379,19.553558349609375,10.447542190551758,13.105334281921387,20.934673309326172,39.12260055541992,22.904090881347656,11.862919807434082
2013-02-12,18.634601593017578,19.6481876373291,10.63792896270752,13.094047546386719,21.126895904541016,39.24614715576172,22.64688491821289,11.90074348449707
2013-02-13,18.669036865234375,19.709014892578125,10.63792896270752,13.094047546386719,21.170574188232422,39.48554229736328,22.89122200012207,11.946139335632324
2013-02-14,18.53130340576172,19.68873405456543,10.602230072021484,13.009381294250488,21.13562774658203,39.5859489440918,22.704763412475586,11.968835830688477
2013-02-15,18.456693649291992,19.654943466186523,10.51893424987793,12.896506309509277,21.179319381713867,39.71725082397461,22.67903709411621,12.029359817504883
2013-02-18,18.399307250976562,19.661705017089844,10.51893424987793,12.845708847045898,20.96087646484375,39.69406509399414,22.756196975708008,11.938572883605957
2013-02-19,18.51982307434082,19.83067512512207,10.608180046081543,12.82313346862793,21.20552635192871,40.08790969848633,23.07770347595215,12.067188262939453
2013-02-20,18.422258377075195,19.79688262939453,10.566532135009766,12.682034492492676,21.23173713684082,40.35047912597656,23.122722625732422,11.976401329040527
2013-02-21,18.278776168823242,19.533283233642578,10.316648483276367,12.495779991149902,20.9084529876709,39.79446029663086,22.54400634765625,11.878043174743652
2013-02-22,18.514081954956055,19.76308250427246,10.43564510345459,12.744115829467773,21.022043228149414,40.38138198852539,22.228923797607422,11.938572883605957
2013-02-25,18.491125106811523,19.742807388305664,10.459439277648926,12.698969841003418,21.170574188232422,40.4894905090332,22.537569046020508,11.76456069946289
2013-02-26,18.301738739013672,19.51301383972168,10.150055885314941,12.524001121520996,20.89971923828125,40.25008010864258,22.158199310302734,11.76456069946289
2013-02-27,18.479650497436523,19.68198013305664,10.280954360961914,12.727187156677246,21.13562774658203,40.33503341674805,22.666173934936523,11.825090408325195
2013-02-28,18.542781829833984,19.864469528198242,10.393993377685547,12.789270401000977,21.144363403320312,40.75205612182617,22.788347244262695,12.006662368774414
2013-03-01,18.491125106811523,19.83743667602539,10.257149696350098,12.806205749511719,21.22300910949707,40.921958923339844,22.56972312927246,12.120148658752441
2013-03-04,18.462432861328125,19.78335952758789,10.167906761169434,12.919081687927246,21.249217987060547,41.138187408447266,22.389680862426758,12.157978057861328
2013-03-05,18.783811569213867,20.128067016601562,10.382092475891113,13.105334281921387,21.773456573486328,41.58610534667969,23.109853744506836,12.33198356628418
2013-03-06,18.801040649414062,20.121318817138672,10.263100624084473,13.291582107543945,21.79092788696289,41.35441970825195,23.193445205688477,12.324421882629395
2013-03-07,18.7608585357666,20.1077938079834,10.257149696350098,13.240788459777832,21.817142486572266,41.377586364746094,23.193445205688477,12.18067455291748
2013-03-08,18.84121322631836,20.256492614746094,10.530834197998047,13.551206588745117,21.78219985961914,41.393035888671875,23.334909439086914,12.195805549621582
2013-03-11,18.766605377197266,20.27001190185547,10.4534912109375,13.58506965637207,21.738494873046875,41.439361572265625,23.379919052124023,12.203368186950684
2013-03-12,18.84121322631836,20.26324462890625,10.405893325805664,13.545565605163574,21.74724769592285,41.601539611816406,23.232030868530273,12.271459579467773
2013-03-13,18.864164352416992,20.276771545410156,10.364245414733887,13.46654987335205,21.712289810180664,41.539756774902344,23.167726516723633,12.271459579467773
2013-03-14,19.04781150817871,20.520090103149414,10.554631233215332,13.850341796875,21.93072509765625,41.78688049316406,23.15485382080078,12.392508506774902
2013-03-15,18.910070419311523,20.424230575561523,10.489185333251953,13.782612800598145,21.860820770263672,41.9567756652832,22.95553207397461,12.339550018310547
2013-03-18,18.95598602294922,20.390193939208984,10.32259464263916,13.810832023620605,21.764719009399414,41.810054779052734,23.00054168701172,12.40007495880127
2013-03-19,18.933029174804688,20.294878005981445,10.10246467590332,13.87291431427002,21.668601989746094,42.21162796020508,22.621158599853516,12.498428344726562
2013-03-20,18.904340744018555,20.362951278686523,10.227407455444336,13.884199142456055,21.69481086730957,42.466468811035156,22.736907958984375,12.437908172607422
2013-03-21,18.915817260742188,20.254030227661133,10.167906761169434,13.799545288085938,21.36280059814453,42.32746887207031,22.26108169555664,12.324421882629395
2013-03-22,18.95598602294922,20.219982147216797,10.096514701843262,13.884199142456055,21.20552635192871,42.412418365478516,22.293222427368164,12.301722526550293
2013-03-25,18.887121200561523,20.15190887451172,9.91207504272461,13.946287155151367,21.266687393188477,42.67497634887695,22.203208923339844,12.34711742401123
2013-03-26,18.92728614807129,20.18594741821289,9.858527183532715,13.748744010925293,21.240478515625,42.88349151611328,22.306093215942383,12.294157028198242
2013-03-27,18.898591995239258,20.117860794067383,9.864476203918457,13.590718269348145,21.144363403320312,42.891212463378906,22.010305404663086,12.271459579467773
2013-03-28,18.801040649414062,20.19956398010254,9.852577209472656,13.686662673950195,21.30164337158203,43.26960754394531,21.720943450927734,12.392508506774902
2013-04-02,18.99041175842285,20.417423248291016,10.007266998291016,13.901139259338379,21.30164337158203,43.678916931152344,21.991016387939453,12.566518783569336
2013-04-03,18.864164352416992,20.26764678955078,9.864476203918457,13.607648849487305,21.249217987060547,43.632572174072266,21.94600486755371,12.483295440673828
2013-04-04,18.65755271911621,20.063400268554688,9.745485305786133,13.613288879394531,20.85603904724121,43.13833236694336,21.675935745239258,12.279024124145508
2013-04-05,18.370601654052734,19.736614227294922,9.656241416931152,13.432687759399414,20.489072799682617,42.48963928222656,21.283695220947266,11.83265495300293
2013-04-08,18.450956344604492,19.791072845458984,9.584844589233398,13.449620246887207,20.497806549072266,42.93754577636719,21.245119094848633,11.878043174743652
2013-04-09,18.54851531982422,19.7774658203125,9.715736389160156,13.596357345581055,20.44538116455078,42.84487533569336,21.045785903930664,11.817520141601562
2013-04-10,18.674774169921875,20.165525436401367,10.060815811157227,13.833403587341309,20.777402877807617,43.292781829833984,21.611637115478516,12.036925315856934
2013-04-11,18.720687866210938,20.335725784301758,10.13221263885498,13.940648078918457,20.96961784362793,43.61714553833008,21.96529197692871,12.195805549621582
2013-04-12,18.537038803100586,20.15190887451172,9.971571922302246,13.929351806640625,20.716243743896484,43.51673889160156,21.36728286743164,12.07475471496582
2013-04-15,18.222930908203125,20.02936553955078,9.908075332641602,13.866694450378418,20.57054901123047,44.29495620727539,20.90260887145996,11.985830307006836
2013-04-16,18.0947265625,19.86597442626953,9.866140365600586,13.735651016235352,20.500457763671875,43.73853302001953,20.966922760009766,11.963029861450195
2013-04-17,17.756717681884766,19.58002471923828,9.692418098449707,13.644502639770508,20.360279083251953,43.111568450927734,20.45240020751953,11.917426109313965
2013-04-18,17.82082176208496,19.607261657714844,9.578600883483887,13.758442878723145,20.395322799682617,43.573951721191406,20.27231788635254,11.780617713928223
2013-04-19,17.90241050720215,19.7161865234375,9.75232219696045,13.764143943786621,20.193824768066406,43.613136291503906,20.54887580871582,11.80341911315918
2013-04-22,17.949031829833984,19.722993850708008,9.836185455322266,13.855293273925781,20.062416076660156,43.550437927246094,20.735387802124023,11.80341911315918
2013-04-23,18.269550323486328,20.18594741821289,10.147688865661621,14.003417015075684,20.614349365234375,44.38899612426758,21.43000030517578,12.122633934020996
2013-04-24,18.613380432128906,20.376569747924805,10.213578224182129,14.077478408813477,21.04363441467285,44.5143928527832,21.719417572021484,12.084634780883789
2013-04-25,18.79985809326172,20.519542694091797,10.26749324798584,14.311059951782227,21.376543045043945,44.467376708984375,22.098886489868164,12.229043006896973
2013-04-26,18.62503433227539,20.471878051757812,10.273484230041504,14.25408935546875,21.210086822509766,44.45170593261719,22.053863525390625,12.198640823364258
2013-04-29,18.724105834960938,20.60123634338379,10.375322341918945,14.248393058776855,21.280179977416992,44.66330337524414,22.426889419555664,12.267044067382812
2013-04-30,18.794031143188477,20.56038475036621,10.429234504699707,14.271183967590332,21.359027862548828,44.45170593261719,22.38187026977539,12.145440101623535
2013-05-02,18.916418075561523,20.648900985717773,10.507113456726074,14.208508491516113,21.50796127319336,44.45170593261719,22.40760040283203,12.358251571655273
2013-05-03,19.190319061279297,20.832704544067383,10.608946800231934,14.25408935546875,21.797056198120117,44.475223541259766,23.134355545043945,12.44945240020752
2013-05-06,19.196142196655273,20.900802612304688,10.614935874938965,14.242700576782227,21.84963035583496,44.44386291503906,22.99930763244629,12.472253799438477
2013-05-07,19.190319061279297,20.962066650390625,10.818604469299316,14.2369966506958,22.033613204956055,44.436038970947266,23.05718994140625,12.403851509094238
2013-05-08,19.289379119873047,21.105037689208984,10.83059024810791,14.27688217163086,22.226350784301758,44.96111297607422,23.2308406829834,12.472253799438477
2013-05-09,19.400104522705078,21.12546157836914,10.794650077819824,14.231301307678223,22.287681579589844,44.93760299682617,23.308015823364258,12.43425464630127
2013-05-10,19.365142822265625,21.19354248046875,10.842572212219238,14.544636726379395,22.410327911376953,45.43915939331055,23.333742141723633,12.540660858154297
2013-05-13,19.336000442504883,21.152692794799805,10.710783004760742,14.459184646606445,22.436613082885742,45.525386810302734,23.417348861694336,12.4950590133667
2013-05-14,19.522483825683594,21.248003005981445,10.740731239318848,14.5047607421875,22.462892532348633,45.56455612182617,23.931882858276367,12.510257720947266
2013-05-15,19.49917221069336,21.418209075927734,10.938416481018066,14.61870002746582,22.681913375854492,46.15233612060547,24.31778335571289,12.745868682861328
2013-05-16,19.440902709960938,21.459062576293945,10.98034954071045,14.766829490661621,22.52422332763672,45.91721725463867,24.420690536499023,12.882680892944336
2013-05-17,19.592418670654297,21.51352310180664,11.112133979797363,14.761125564575195,22.497940063476562,45.6429328918457,25.153886795043945,12.890280723571777
2013-05-20,19.60990333557129,21.608829498291016,11.190009117126465,14.806705474853516,22.585548400878906,45.831024169921875,25.706993103027344,13.049884796142578
2013-05-21,19.743934631347656,21.608829498291016,11.064212799072266,14.812400817871094,22.445371627807617,45.97993087768555,25.51404571533203,12.951078414916992
2013-05-22,19.72645378112793,21.676916122436523,11.148080825805664,14.692764282226562,22.436613082885742,46.544189453125,25.546201705932617,12.996683120727539
2013-05-23,19.46420669555664,21.227584838867188,10.818604469299316,14.442094802856445,21.937244415283203,45.791831970214844,24.7551212310791,12.76107120513916
2013-05-24,19.38262176513672,21.19354248046875,10.704793930053711,14.40790843963623,21.665653228759766,45.90156555175781,24.575037002563477,12.669865608215332
2013-05-27,19.470041275024414,21.30927848815918,10.788655281066895,14.476273536682129,21.937244415283203,45.9955940246582,24.88374137878418,12.73066520690918
2013-05-28,19.708965301513672,21.49989891052246,10.98034954071045,14.630097389221191,22.270153045654297,46.230712890625,25.173171997070312,12.95867919921875
2013-05-29,19.452556610107422,21.166309356689453,10.84855842590332,14.30535888671875,21.919710159301758,45.125701904296875,24.896617889404297,12.677470207214355
2013-05-30,19.42924690246582,21.200345993041992,10.908465385437012,14.214207649230957,21.989803314208984,45.055152893066406,25.128162384033203,12.73066520690918
2013-05-31,19.24858856201172,21.036956787109375,10.866534233093262,14.07178783416748,21.814586639404297,44.60059356689453,25.321096420288086,12.707867622375488
2013-06-03,19.196142196655273,20.866756439208984,10.770685195922852,13.855293273925781,21.569286346435547,44.09119415283203,25.23748779296875,12.593862533569336
2013-06-04,19.161170959472656,20.93483543395996,10.866534233093262,13.912264823913574,21.70070457458496,44.193092346191406,25.108861923217773,12.692667007446289
2013-06-05,18.910587310791016,20.608049392700195,10.686821937561035,13.764143943786621,21.36778450012207,43.79338455200195,24.909481048583984,12.555858612060547
2013-06-06,18.677480697631836,20.362951278686523,10.429234504699707,13.860995292663574,21.315217971801758,43.229122161865234,24.587900161743164,12.403851509094238
2013-06-07,18.782379150390625,20.64208221435547,10.608946800231934,14.077478408813477,21.446622848510742,43.75421905517578,25.121723175048828,12.4950590133667
2013-06-10,18.805686950683594,20.64208221435547,10.51309871673584,14.031908988952637,21.569286346435547,43.895259857177734,25.205333709716797,12.563459396362305
2013-06-11,18.677480697631836,20.35614776611328,10.351362228393555,13.906569480895996,21.323976516723633,43.64448165893555,24.722959518432617,12.350647926330566
2013-06-12,18.54344940185547,20.376569747924805,10.25551700592041,13.84389591217041,21.210086822509766,43.93445587158203,24.208438873291016,12.365849494934082
2013-06-13,18.584239959716797,20.28807258605957,10.285465240478516,13.769835472106934,21.183809280395508,43.71501922607422,24.073379516601562,12.41905403137207
2013-06-14,18.636695861816406,20.376569747924805,10.303439140319824,13.809717178344727,21.332735061645508,43.66016387939453,24.414249420166016,12.502654075622559
2013-06-17,18.66582489013672,20.492069244384766,10.315418243408203,13.997721672058105,21.446622848510742,43.99715805053711,24.671518325805664,12.4950590133667
2013-06-18,18.601726531982422,20.492069244384766,10.381311416625977,14.031908988952637,21.446622848510742,43.72286605834961,24.530014038085938,12.517858505249023
2013-06-19,18.54344940185547,20.450632095336914,10.279476165771484,13.866694450378418,21.61309051513672,43.64448165893555,24.35636329650879,12.555858612060547
2013-06-20,18.14716911315918,19.84974479675293,9.89609432220459,13.519171714782715,21.113719940185547,42.39839172363281,23.29515838623047,12.388650894165039
2013-06-21,17.989824295043945,19.649457931518555,9.75232219696045,13.4678955078125,20.710723876953125,42.186790466308594,22.754901885986328,12.343048095703125
2013-06-24,17.77420425415039,19.297224044799805,9.626526832580566,13.3026762008667,20.27267074584961,41.48928451538086,22.549091339111328,12.099834442138672
2013-06-25,17.931549072265625,19.601106643676758,9.770292282104492,13.576138496398926,20.553024291992188,41.90465545654297,23.417348861694336,12.350647926330566
2013-06-26,18.0947265625,19.89809799194336,9.967975616455078,13.815415382385254,21.131240844726562,42.884300231933594,23.56528091430664,12.533055305480957
2013-06-27,18.18213653564453,20.036231994628906,9.926042556762695,13.917959213256836,21.42034912109375,43.620975494384766,23.97690200805664,12.616661071777344
2013-06-28,18.0947265625,19.905000686645508,9.80623722076416,13.92935848236084,21.087434768676758,43.36235427856445,23.790386199951172,12.601460456848145
2013-07-01,18.269550323486328,20.139827728271484,9.991937637329102,14.003417015075684,21.12248420715332,43.5426025390625,23.938312530517578,12.935877799987793
2013-07-02,18.17047882080078,20.063854217529297,9.926042556762695,13.963533401489258,21.139997482299805,43.44855880737305,23.931882858276367,12.897873878479004
2013-07-03,18.077241897583008,19.97406768798828,9.818218231201172,13.940746307373047,21.12248420715332,43.2682991027832,23.931882858276367,12.882680892944336
2013-07-04,18.368619918823242,20.457538604736328,10.195609092712402,14.231301307678223,21.59556770324707,44.153892517089844,24.845163345336914,13.133488655090332
2013-07-05,18.164661407470703,20.188175201416016,10.081791877746582,14.014806747436523,21.350263595581055,43.879600524902344,24.298477172851562,12.928277015686035
2013-07-08,18.403579711914062,20.457538604736328,10.225564956665039,14.145844459533691,21.744497299194336,44.25578308105469,24.671518325805664,13.01948356628418
2013-07-09,18.537616729736328,20.630205154418945,10.291458129882812,14.248393058776855,21.884674072265625,44.48304748535156,25.057405471801758,13.042283058166504
2013-07-10,18.648345947265625,20.630205154418945,10.243535041809082,14.191424369812012,21.87591552734375,44.68681716918945,25.076702117919922,13.042283058166504
2013-07-11,18.741588592529297,20.74070930480957,10.32140827178955,14.214207649230957,22.086172103881836,44.63195037841797,25.243919372558594,13.027081489562988
2013-07-12,18.741588592529297,20.73379898071289,10.26749324798584,14.214207649230957,22.401573181152344,44.7808723449707,25.861352920532227,13.072687149047852
2013-07-15,18.779497146606445,20.816680908203125,10.36686897277832,14.26814079284668,22.490325927734375,44.73445129394531,25.71549415588379,13.072402954101562
2013-07-16,18.720624923706055,20.6716365814209,10.263508796691895,14.11198616027832,22.43762969970703,44.18149948120117,25.879770278930664,12.85161304473877
2013-07-17,18.84425163269043,20.78214454650879,10.354711532592773,14.106201171875,22.490325927734375,44.36319351196289,26.024349212646484,12.981039047241211
2013-07-18,19.091506958007812,20.98934555053711,10.591841697692871,14.16982364654541,22.323467254638672,44.513275146484375,26.530385971069336,13.224676132202148
2013-07-19,19.097396850585938,21.010074615478516,10.63440227508545,14.256577491760254,22.19174575805664,44.22890090942383,26.530385971069336,13.209444999694824
2013-07-22,19.221025466918945,21.023889541625977,10.707365036010742,14.395383834838867,22.086353302001953,44.14989471435547,26.4055233001709,13.118080139160156
2013-07-23,19.0502986907959,20.97553825378418,10.707365036010742,14.482138633728027,21.79654884338379,43.72333908081055,26.4055233001709,12.958197593688965
2013-07-24,19.173927307128906,21.120576858520508,10.835052490234375,14.534188270568848,22.024883270263672,44.110408782958984,26.826122283935547,13.201831817626953
2013-07-25,19.103281021118164,21.010074615478516,10.853294372558594,14.453217506408691,21.9985408782959,43.99190902709961,26.79983139038086,13.163762092590332
2013-07-26,19.02086639404297,20.95481300354004,10.847214698791504,14.487924575805664,21.849246978759766,43.715431213378906,26.48438835144043,13.034333229064941
2013-07-29,18.90900421142578,20.961713790893555,10.786410331726074,14.539969444274902,21.849246978759766,43.93661880493164,26.70125389099121,13.034333229064941
2013-07-30,18.767724990844727,20.982444763183594,10.756010055541992,14.563109397888184,21.9985408782959,43.84181594848633,26.872119903564453,13.0800142288208
2013-07-31,18.755952835083008,20.98934555053711,10.786410331726074,14.551543235778809,21.91950035095215,43.81813049316406,26.7275390625,13.0800142288208
2013-08-01,18.8678035736084,21.307064056396484,11.023540496826172,14.719264030456543,22.19174575805664,44.02350997924805,27.0889892578125,13.224676132202148
2013-08-02,18.84425163269043,21.32087516784668,11.047863006591797,14.696131706237793,22.244428634643555,44.14201736450195,27.161279678344727,13.308425903320312
2013-08-05,18.850143432617188,21.348493576049805,10.962738990783691,14.68455982208252,22.376161575317383,44.165706634521484,27.272991180419922,13.361717224121094
2013-08-06,18.74417495727539,21.26561164855957,10.895855903625488,14.580456733703613,22.481544494628906,44.29998779296875,27.029850006103516,13.384554862976074
2013-08-07,18.720624923706055,21.251798629760742,10.950575828552246,14.649857521057129,22.358592987060547,44.34739303588867,26.826122283935547,13.194215774536133
2013-08-08,18.767724990844727,21.32777214050293,11.084342956542969,14.78288459777832,22.420076370239258,44.14989471435547,27.04298973083496,13.171379089355469
2013-08-09,18.84425163269043,21.458993911743164,11.212029457092285,14.939040184020996,22.4464054107666,44.49748229980469,27.25328826904297,13.156149864196777
2013-08-12,18.879573822021484,21.465904235839844,11.23635196685791,14.956390380859375,22.428850173950195,44.52907180786133,27.397871017456055,13.064786911010742
2013-08-13,19.0502986907959,21.583324432373047,11.284994125366211,15.066278457641602,22.5957088470459,44.845054626464844,27.647594451904297,13.171379089355469
2013-08-14,19.12683868408203,21.68001937866211,11.37619686126709,14.985306739807129,22.911848068237305,44.924041748046875,27.89075469970703,13.17899227142334
2013-08-15,18.93844985961914,21.424467086791992,11.254591941833496,14.852288246154785,22.630836486816406,44.46587371826172,27.61473274230957,12.889677047729492
2013-08-16,18.96199607849121,21.479732513427734,11.400517463684082,14.875419616699219,22.65717887878418,44.37108612060547,27.79218292236328,12.859223365783691
2013-08-19,18.83837127685547,21.389934539794922,11.1937894821167,14.713479995727539,22.639625549316406,44.386878967285156,27.68703269958496,12.912520408630371
2013-08-20,18.64409637451172,21.224178314208984,11.023540496826172,14.632508277893066,22.38494300842285,44.600162506103516,27.272991180419922,12.942972183227539
2013-08-21,18.532241821289062,21.127473831176758,10.91409683227539,14.632508277893066,22.270774841308594,44.37108612060547,27.29271125793457,12.942972183227539
2013-08-22,18.691194534301758,21.33466911315918,11.102585792541504,14.661426544189453,22.534229278564453,44.521175384521484,27.818462371826172,12.981039047241211
2013-08-23,18.926673889160156,21.376121520996094,11.157309532165527,14.730829238891602,22.569358825683594,44.505374908447266,27.739601135253906,12.996267318725586
2013-08-26,18.93844985961914,21.389934539794922,11.084342956542969,14.78288459777832,22.665964126586914,44.75026321411133,27.60159683227539,13.003880500793457
2013-08-27,19.044410705566406,21.0169734954834,10.731687545776367,14.52262020111084,22.165393829345703,44.21310043334961,26.61582374572754,12.676497459411621
2013-08-28,19.462392807006836,20.927183151245117,10.774250984191895,14.482138633728027,22.07758140563965,43.73124313354492,26.04407501220703,12.516617774963379
2013-08-29,19.42707633972168,21.079133987426758,10.87153434753418,14.967954635620117,22.23564910888672,43.85761260986328,26.49095344543457,12.790703773498535
2013-08-30,19.18569564819336,20.871936798095703,10.725605964660645,14.933260917663574,22.033668518066406,43.478450775146484,26.050642013549805,12.630821228027344
2013-09-02,19.326990127563477,21.27252197265625,10.999220848083496,15.338109016418457,22.31468391418457,44.28419876098633,26.59610939025879,12.897290229797363
2013-09-03,19.326990127563477,21.203458786010742,10.950575828552246,15.187739372253418,22.806474685668945,43.897125244140625,26.372661590576172,12.805929183959961
2013-09-04,19.42707633972168,21.244892120361328,10.980977058410645,15.367024421691895,22.806474685668945,43.92872619628906,26.510669708251953,12.615592956542969
2013-09-05,19.468278884887695,21.410654067993164,11.13298511505127,15.598370552062988,22.92942237854004,43.97611999511719,27.18756675720215,12.745019912719727
2013-09-06,19.568359375,21.51425552368164,11.169469833374023,15.604158401489258,23.05236053466797,44.04720687866211,27.29271125793457,12.798317909240723
2013-09-09,19.350534439086914,21.493532180786133,11.199869155883789,15.563671112060547,23.219219207763672,43.81813049316406,27.463586807250977,12.836384773254395
2013-09-10,19.39763069152832,21.783615112304688,11.424840927124023,15.679337501525879,23.456335067749023,43.99980545043945,28.15361785888672,13.064786911010742
2013-09-11,19.438840866088867,21.84576988220215,11.455240249633789,15.766093254089355,23.465110778808594,44.3947868347168,28.304779052734375,13.034333229064941
2013-09-12,19.521255493164062,21.84576988220215,11.436999320983887,15.829719543457031,23.992021560668945,44.13410568237305,28.239065170288086,13.026723861694336
2013-09-13,19.574243545532227,21.852678298950195,11.418760299682617,15.893336296081543,23.851518630981445,44.070899963378906,28.475635528564453,13.057177543640137
2013-09-16,19.591901779174805,22.035160064697266,11.503880500793457,15.974305152893066,24.123748779296875,44.14201736450195,28.74509048461914,13.247509956359863
2013-09-17,19.37997817993164,21.92354965209961,11.406600952148438,15.916467666625977,23.912988662719727,44.15780258178711,28.331069946289062,13.17899227142334
2013-09-18,19.409399032592773,22.01423454284668,11.516042709350586,15.899120330810547,24.194002151489258,44.17361068725586,28.462501525878906,13.064786911010742
2013-09-19,19.468278884887695,22.16071128845215,11.619410514831543,15.85284423828125,24.246692657470703,44.45798873901367,28.82394027709961,12.996267318725586
2013-09-20,19.462392807006836,22.070032119750977,11.509964942932129,15.85284423828125,24.264263153076172,44.600162506103516,28.593931198120117,13.026723861694336
2013-09-23,19.368196487426758,21.986324310302734,11.473480224609375,15.899120330810547,24.044710159301758,44.32368087768555,28.429641723632812,12.927742958068848
2013-09-24,19.462392807006836,22.028186798095703,11.479559898376465,16.009010314941406,24.220348358154297,44.21310043334961,28.541362762451172,12.935355186462402
2013-09-25,19.444726943969727,22.000282287597656,11.424840927124023,16.1651668548584,24.229127883911133,44.189395904541016,28.547937393188477,12.889677047729492
2013-09-26,19.474166870117188,22.028186798095703,11.345796585083008,16.327102661132812,24.167654037475586,44.28419876098633,28.469083786010742,12.935355186462402
2013-09-27,19.432954788208008,21.937501907348633,11.357953071594238,16.338674545288086,24.176441192626953,44.37108612060547,28.639944076538086,12.912520408630371
2013-09-30,19.244569778442383,21.839847564697266,11.230270385742188,16.269268035888672,23.948108673095703,44.521175384521484,28.35077476501465,12.935355186462402
2013-10-01,19.31521224975586,22.007253646850586,11.455240249633789,16.50640106201172,24.264263153076172,44.61595916748047,28.66621971130371,13.064786911010742
2013-10-02,19.232797622680664,21.860774993896484,11.455240249633789,16.396512985229492,24.15009880065918,44.1262092590332,28.258771896362305,12.935355186462402
2013-10-04,19.19158935546875,21.784042358398438,11.503880500793457,16.564237594604492,23.912988662719727,43.79442596435547,28.271913528442383,12.85161304473877
2013-10-07,19.18569564819336,21.728239059448242,11.497804641723633,16.477479934692383,23.67587661743164,43.74703598022461,28.29820442199707,12.821154594421387
2013-10-08,18.979658126831055,21.567808151245117,11.382279396057129,16.408077239990234,23.517799377441406,43.23356246948242,28.114194869995117,12.62320327758789
2013-10-09,18.9207820892334,21.477134704589844,11.430920600891113,16.402292251586914,22.97332763671875,42.933387756347656,28.02219009399414,12.62320327758789
2013-10-10,19.179813385009766,21.84682846069336,11.710609436035156,16.685686111450195,23.693431854248047,42.964988708496094,28.73851203918457,12.843996047973633
2013-10-11,19.20925521850586,21.944477081298828,11.76533317565918,16.703035354614258,23.754913330078125,43.53374481201172,28.830522537231445,12.92012882232666
2013-10-14,19.309328079223633,21.972379684448242,11.783573150634766,16.89967918395996,23.561708450317383,43.64434814453125,28.72536849975586,12.988651275634766
2013-10-15,19.50088882446289,22.15373992919922,11.923650741577148,16.995779037475586,23.802934646606445,43.82645797729492,29.228702545166016,13.075593948364258
2013-10-16,19.63176727294922,22.202566146850586,12.082552909851074,17.237071990966797,23.723148345947266,43.81063461303711,29.116512298583984,13.060273170471191
2013-10-17,19.51278305053711,22.25836753845215,12.015325546264648,17.372419357299805,23.545835494995117,43.873966217041016,29.004329681396484,13.106236457824707
2013-10-18,19.673404693603516,22.411834716796875,12.045886039733887,17.40772819519043,23.687686920166016,43.9689826965332,29.136322021484375,13.36667537689209
2013-10-21,19.76264762878418,22.49553108215332,12.027549743652344,17.460691452026367,24.139812469482422,44.05608367919922,29.07691764831543,13.427949905395508
2013-10-22,19.73288917541504,22.586212158203125,12.094773292541504,17.395963668823242,24.13094139099121,44.62617874145508,29.189123153686523,13.36667537689209
2013-10-23,19.578222274780273,22.48158073425293,11.86253833770752,17.225296020507812,23.864980697631836,44.76078414916992,29.109914779663086,13.389657020568848
2013-10-24,19.655563354492188,22.537384033203125,11.966432571411133,17.284141540527344,23.581302642822266,44.966651916503906,29.64446258544922,13.343690872192383
2013-10-25,19.804283142089844,22.530405044555664,11.905315399169922,17.10759162902832,23.599031448364258,45.06166458129883,29.413494110107422,13.290071487426758
2013-10-28,19.73288917541504,22.502498626708984,11.807536125183105,17.18998908996582,23.510377883911133,45.330894470214844,28.878936767578125,13.167516708374023
2013-10-29,20.095788955688477,22.572265625,11.850313186645508,17.337114334106445,23.705411911010742,45.3625602722168,28.832759857177734,13.1904935836792
2013-10-30,20.16122817993164,22.572265625,11.79531192779541,17.19586944580078,23.83839225769043,45.66344451904297,29.182510375976562,13.251775741577148
2013-10-31,20.226667404174805,22.718738555908203,11.905315399169922,17.307687759399414,24.033430099487305,45.67928695678711,29.60487174987793,13.305397987365723
2013-11-01,20.17906951904297,22.614105224609375,11.850313186645508,17.460691452026367,24.11321258544922,45.56050109863281,29.393688201904297,13.290071487426758
2013-11-04,20.262359619140625,22.718738555908203,11.831976890563965,17.443037033081055,24.02455711364746,45.67928695678711,29.585073471069336,13.121554374694824
2013-11-05,20.262359619140625,22.655967712402344,11.709745407104492,17.40184211730957,23.953636169433594,45.79805374145508,29.25511360168457,13.182835578918457
2013-11-06,20.375389099121094,22.767568588256836,11.764753341674805,17.47835350036621,24.219593048095703,45.98808670043945,29.393688201904297,13.320714950561523
2013-11-07,20.256410598754883,22.78152084350586,11.783086776733398,17.36064910888672,24.157529830932617,46.05934524536133,29.829259872436523,13.36667537689209
2013-11-08,20.095788955688477,22.70479965209961,11.764753341674805,17.295917510986328,24.02455711364746,46.01975631713867,29.59166145324707,13.466252326965332
2013-11-11,20.21476173400879,22.79547119140625,11.819756507873535,17.290029525756836,24.24618148803711,46.18603515625,29.54547882080078,13.45093059539795
2013-11-12,20.006555557250977,22.64898681640625,11.715860366821289,17.26060676574707,24.04228401184082,46.06726837158203,29.486085891723633,13.404973030090332
2013-11-13,19.935165405273438,22.516462326049805,11.587516784667969,17.231182098388672,24.068880081176758,45.98016357421875,29.241910934448242,13.244112968444824
2013-11-14,20.071996688842773,22.69780921936035,11.642521858215332,17.348875045776367,24.24618148803711,46.344390869140625,29.552066802978516,13.305397987365723
2013-11-15,20.28020668029785,22.73268699645996,11.642521858215332,17.41950225830078,24.503276824951172,46.463165283203125,29.697261810302734,13.336030960083008
2013-11-18,20.298053741455078,22.830350875854492,11.770858764648438,17.4901180267334,24.467815399169922,46.494842529296875,30.126230239868164,13.267093658447266
2013-11-19,20.17906951904297,22.7257137298584,11.642521858215332,17.413616180419922,24.361431121826172,46.312721252441406,30.086631774902344,13.297734260559082
2013-11-20,20.256410598754883,22.767568588256836,11.636409759521484,17.307687759399414,24.441219329833984,46.50276565551758,30.040437698364258,13.381991386413574
2013-11-21,20.21476173400879,22.739662170410156,11.660855293273926,17.40772819519043,24.334836959838867,46.629432678222656,30.020633697509766,13.381991386413574
2013-11-22,20.298053741455078,22.760595321655273,11.691411972045898,17.39008140563965,24.503276824951172,46.65320587158203,30.264812469482422,13.435614585876465
2013-11-25,20.2028751373291,22.809425354003906,11.734193801879883,17.40772819519043,24.742631912231445,46.85116195678711,30.528783798217773,13.63477611541748
2013-11-26,19.98870849609375,22.718738555908203,11.728082656860352,17.372419357299805,24.707176208496094,46.486915588378906,30.462791442871094,13.673072814941406
2013-11-27,20.024396896362305,22.837318420410156,11.831976890563965,17.413616180419922,24.831287384033203,46.50276565551758,30.654159545898438,13.726688385009766
2013-11-28,20.060096740722656,22.893131256103516,11.935873985290527,17.437150955200195,24.973127365112305,46.597782135009766,30.627779006958008,13.764993667602539
2013-11-29,19.98870849609375,22.928001403808594,11.954208374023438,17.4312686920166,24.84902000427246,46.81155776977539,30.614572525024414,13.810949325561523
2013-12-02,19.941116333007812,22.844297409057617,11.923650741577148,17.343000411987305,24.84902000427246,46.85116195678711,30.687171936035156,13.856912612915039
2013-12-03,19.726951599121094,22.44670295715332,11.709745407104492,17.14290428161621,24.503276824951172,46.1306037902832,29.941448211669922,13.650093078613281
2013-12-04,19.60201644897461,22.349044799804688,11.581408500671387,17.07228660583496,24.512144088745117,45.821800231933594,29.81605339050293,13.665416717529297
2013-12-05,19.370006561279297,22.132808685302734,11.404170989990234,16.936935424804688,24.30824089050293,45.74261474609375,29.466293334960938,13.558175086975098
2013-12-06,19.56632423400879,22.32114601135254,11.508066177368164,17.08405876159668,24.441219329833984,45.90888977050781,29.756662368774414,13.573497772216797
2013-12-09,19.607967376708984,22.369977951049805,11.544732093811035,17.201757431030273,24.512144088745117,45.703033447265625,29.84904670715332,13.657753944396973
2013-12-10,19.50088882446289,22.202566146850586,11.465288162231445,17.10759162902832,24.237319946289062,45.204200744628906,29.420093536376953,13.573497772216797
2013-12-11,19.364055633544922,22.083982467651367,11.367500305175781,16.984012603759766,24.148670196533203,45.06166458129883,29.347496032714844,13.58115005493164
2013-12-12,19.12015151977539,21.888673782348633,11.233049392700195,16.87808609008789,23.81179428100586,44.77663040161133,29.096715927124023,13.473912239074707
2013-12-13,19.0130615234375,21.839847564697266,11.226936340332031,16.77215576171875,23.856122970581055,44.70536422729492,29.037328720092773,13.48923397064209
2013-12-16,19.310514450073242,22.148143768310547,11.41028118133545,16.978126525878906,23.94477081298828,45.04584503173828,29.413494110107422,13.58115005493164
2013-12-17,19.08445930480957,21.951833724975586,11.257492065429688,16.984012603759766,23.723148345947266,44.70536422729492,29.294706344604492,13.527535438537598
2013-12-18,19.20939064025879,22.148143768310547,11.39194393157959,17.131134033203125,24.08661651611328,45.03000259399414,29.63127899169922,13.59647274017334
2013-12-19,19.554424285888672,22.540767669677734,11.593623161315918,17.531314849853516,24.547595977783203,46.01975631713867,30.05362892150879,13.948835372924805
2013-12-20,19.70315933227539,22.680988311767578,11.67918872833252,17.537199020385742,24.69831085205078,46.1226806640625,30.31760597229004,14.00245475769043
2013-12-23,19.87567710876465,22.842235565185547,11.79531192779541,17.58428382873535,24.866741180419922,46.20185470581055,30.60797882080078,14.102029800415039
2013-12-27,20.149333953857422,23.115678787231445,11.935873985290527,17.796138763427734,25.159297943115234,46.724456787109375,30.898351669311523,14.278213500976562
2013-12-30,20.14337730407715,23.073610305786133,11.899206161499023,17.725521087646484,25.150436401367188,46.550270080566406,30.858755111694336,14.285868644714355
2014-01-02,20.107685089111328,23.003498077392578,11.856423377990723,17.64901351928711,24.946531295776367,46.550270080566406,30.528783798217773,14.37779426574707
2014-01-03,20.2028751373291,23.108673095703125,11.899206161499023,17.76082992553711,25.079511642456055,46.98576736450195,30.574987411499023,14.515668869018555
2014-01-06,20.14337730407715,23.059581756591797,11.990878105163574,17.737287521362305,24.982004165649414,47.08076858520508,30.44959259033203,14.485032081604004
2014-01-07,20.339698791503906,23.248882293701172,12.302565574645996,17.9079532623291,24.875608444213867,47.08869934082031,30.78615379333496,14.668871879577637
2014-01-08,20.268308639526367,23.297969818115234,12.48591136932373,17.925607681274414,25.159297943115234,47.21538543701172,30.83894920349121,14.745467185974121
2014-01-09,20.2921085357666,23.164756774902344,12.42479419708252,18.002119064331055,24.928804397583008,47.19163131713867,30.772958755493164,14.661211013793945
2014-01-10,20.44677734375,23.276933670043945,12.455358505249023,18.031536102294922,24.831287384033203,47.532100677490234,30.87195587158203,14.814411163330078
2014-01-13,20.357542037963867,23.361064910888672,12.63870620727539,18.00800132751465,24.89334487915039,47.4212532043457,31.26791763305664,14.845046043395996
2014-01-14,20.31590461730957,23.36807632446289,12.650928497314453,18.137468338012695,24.786962509155273,47.46083450317383,31.281126022338867,14.860370635986328
2014-01-15,20.415691375732422,23.61347198486328,12.91214656829834,18.35270881652832,25.005687713623047,47.82072448730469,31.941062927246094,15.062542915344238
2014-01-16,20.385650634765625,23.550378799438477,12.758652687072754,18.156139373779297,24.73050880432129,48.14723205566406,32.066444396972656,14.962687492370605
2014-01-17,20.505815505981445,23.627483367919922,12.758652687072754,18.4539737701416,24.7393856048584,48.25872802734375,32.41622543334961,15.001094818115234
2014-01-20,20.571903228759766,23.66254997253418,12.635851860046387,18.376537322998047,24.81039810180664,48.42594528198242,32.297428131103516,14.970366477966309
2014-01-21,20.517837524414062,23.66254997253418,12.648136138916016,18.388450622558594,24.641740798950195,48.569305419921875,32.185237884521484,15.016451835632324
2014-01-22,20.60795021057129,23.683582305908203,12.61129379272461,18.3646240234375,24.916921615600586,48.38614273071289,32.191829681396484,15.223837852478027
2014-01-23,20.307544708251953,23.438182830810547,12.531479835510254,18.174007415771484,24.215662002563477,48.30650329589844,31.881671905517578,14.908916473388672
2014-01-24,19.86895179748535,22.884309768676758,12.175360679626465,17.8046932220459,23.76295280456543,47.24735641479492,30.904958724975586,14.540231704711914
2014-01-27,19.37628173828125,22.659950256347656,12.06484603881836,17.542593002319336,23.825088500976562,46.87308120727539,30.60797882080078,14.448052406311035
2014-01-28,19.358257293701172,22.83523178100586,12.242902755737305,17.477066040039062,23.84283447265625,46.88900375366211,31.030338287353516,14.609357833862305
2014-01-29,19.26213264465332,22.69500160217285,12.132381439208984,17.47110939025879,23.86947250366211,46.64213943481445,30.660778045654297,14.486459732055664
2014-01-30,19.334228515625,22.800182342529297,12.242902755737305,17.542593002319336,24.100261688232422,47.462364196777344,30.865354537963867,14.524867057800293
2014-01-31,19.190031051635742,22.723054885864258,12.120105743408203,17.584293365478516,23.94048500061035,47.45439910888672,30.614572525024414,14.45573616027832
2014-02-03,18.91966438293457,22.351459503173828,11.811885833740234,17.220932006835938,23.656429290771484,47.19161605834961,30.080032348632812,14.417333602905273
2014-02-04,18.985748291015625,22.407554626464844,11.957393646240234,17.077964782714844,23.612045288085938,46.91289138793945,30.040437698364258,14.394288063049316
2014-02-05,18.985748291015625,22.407554626464844,12.023707389831543,16.952878952026367,23.523279190063477,47.15178680419922,29.974449157714844,14.45573616027832
2014-02-06,19.256118774414062,22.779146194458008,12.204832077026367,17.346023559570312,23.958234786987305,47.430519104003906,30.69377899169922,14.624717712402344
2014-02-07,19.310190200805664,22.919368743896484,12.257019996643066,17.441326141357422,23.94936180114746,48.03574752807617,30.937944412231445,14.678488731384277
2014-02-10,19.32822036743164,23.010513305664062,12.267463684082031,17.36984634399414,24.064760208129883,48.03574752807617,31.083133697509766,14.640080451965332
2014-02-11,19.622621536254883,23.25589942932129,12.38412094116211,17.46515655517578,24.375438690185547,48.60911560058594,31.941062927246094,14.862832069396973
2014-02-12,19.88697052001953,23.396116256713867,12.531479835510254,17.524723052978516,24.526350021362305,48.65689468383789,32.429405212402344,15.077901840209961
2014-02-13,19.724756240844727,23.36807632446289,12.439379692077637,17.55450439453125,24.410945892333984,49.12673568725586,32.607601165771484,14.985734939575195
2014-02-14,19.88096809387207,23.508298873901367,12.470077514648438,17.54854965209961,24.47308349609375,49.50898361206055,32.911163330078125,15.177755355834961
2014-02-17,19.892980575561523,23.60645866394043,12.548666000366211,17.697465896606445,24.606225967407227,49.56473159790039,32.937557220458984,15.131671905517578
2014-02-18,20.049190521240234,23.59244155883789,12.54068660736084,17.822561264038086,24.606225967407227,49.50102996826172,32.792388916015625,15.21616268157959
2014-02-19,20.037172317504883,23.66254997253418,12.528406143188477,17.8046932220459,24.5529727935791,49.779747009277344,32.73298263549805,15.13935375213623
2014-02-20,20.235448837280273,23.648521423339844,12.514897346496582,17.97147560119629,24.455331802368164,49.81161117553711,32.693382263183594,15.116310119628906
2014-02-21,20.343589782714844,23.71864128112793,12.487266540527344,18.066781997680664,24.66837501525879,50.07439041137695,33.20154571533203,15.123990058898926
2014-02-24,20.547880172729492,23.83781623840332,12.55173397064209,18.3050537109375,24.881410598754883,50.48053741455078,32.81877517700195,15.2468843460083
2014-02-25,20.481779098510742,23.886899948120117,12.574455261230469,18.334840774536133,24.86365509033203,50.77518844604492,32.8715705871582,15.339058876037598
2014-02-26,20.517837524414062,23.79576301574707,12.485427856445312,18.15018081665039,24.89916229248047,50.902591705322266,32.8913688659668,15.362099647521973
2014-02-27,20.361621856689453,23.79576301574707,12.536388397216797,18.060827255249023,24.792646408081055,50.87870788574219,32.686790466308594,15.554123878479004
2014-02-28,20.481779098510742,23.865867614746094,12.549895286560059,17.98935317993164,24.996807098388672,50.894630432128906,32.911163330078125,15.638615608215332
2014-03-03,20.151336669921875,23.283952713012695,12.183342933654785,17.530683517456055,24.32217788696289,49.70806884765625,31.835458755493164,15.254570007324219
2014-03-04,20.385650634765625,23.830810546875,12.471916198730469,17.90595245361328,24.81039810180664,50.7592658996582,32.80557632446289,15.554123878479004
2014-03-05,20.307544708251953,23.816789627075195,12.54252815246582,17.911907196044922,24.916921615600586,50.73536682128906,32.96395492553711,15.546440124511719
2014-03-06,20.25347328186035,23.851844787597656,12.56831169128418,18.007217407226562,25.050067901611328,50.4885139465332,33.320335388183594,15.561806678771973
2014-03-07,20.061220169067383,23.52232551574707,12.424030303955078,17.739164352416992,24.80152130126953,49.875301361083984,32.620792388916016,15.461956024169922
2014-03-10,20.049190521240234,23.410140991210938,12.387186050415039,17.608116149902344,24.686124801635742,49.82753372192383,32.01365280151367,15.29296875
2014-03-11,20.09726333618164,23.438182830810547,12.411747932434082,17.614072799682617,24.703882217407227,49.803627014160156,32.304019927978516,15.354421615600586
2014-03-12,19.87495994567871,23.199817657470703,12.253950119018555,17.637903213500977,24.375438690185547,49.38157653808594,31.756277084350586,15.193120002746582
2014-03-13,19.74277687072754,22.919368743896484,12.160014152526855,17.351970672607422,24.118019104003906,48.91969680786133,31.32732391357422,15.100948333740234
2014-03-14,19.682703018188477,22.779146194458008,11.919331550598145,17.1256160736084,23.922733306884766,48.64097213745117,31.149133682250977,14.955005645751953
2014-03-17,19.790843963623047,23.06216049194336,12.083266258239746,17.36984634399414,24.29555320739746,49.00730514526367,31.657283782958984,15.100948333740234
2014-03-18,19.87495994567871,23.223981857299805,12.204832077026367,17.518762588500977,24.508588790893555,49.35769271850586,31.967445373535156,15.177755355834961
2014-03-19,19.88697052001953,23.195837020874023,12.224479675292969,17.5128116607666,24.464204788208008,49.445289611816406,32.251224517822266,15.116310119628906
2014-03-20,19.82088279724121,23.209909439086914,12.245972633361816,17.500896453857422,24.65949058532715,49.35769271850586,32.145633697509766,15.0471773147583
2014-03-21,19.92302703857422,23.23804473876953,12.210973739624023,17.47110939025879,24.703882217407227,49.35769271850586,32.244632720947266,15.070225715637207
2014-03-24,19.754798889160156,22.998844146728516,12.077122688293457,17.20901870727539,24.28667640686035,48.72856140136719,31.5978946685791,14.870513916015625
2014-03-25,20.049190521240234,23.30840301513672,12.166150093078613,17.316238403320312,24.544097900390625,49.349727630615234,32.05984878540039,15.085580825805664
2014-03-26,20.193389892578125,23.477249145507812,12.210973739624023,17.40558433532715,24.845903396606445,49.47713088989258,32.693382263183594,15.254570007324219
2014-03-27,20.325576782226562,23.526504516601562,12.217116355895996,17.38772201538086,24.93467140197754,49.47713088989258,32.759376525878906,15.223837852478027
2014-03-28,20.451744079589844,23.674251556396484,12.3380708694458,17.54854965209961,25.014568328857422,49.803627014160156,33.39951705932617,15.200801849365234
2014-03-31,20.385650634765625,23.667211532592773,12.476216316223145,17.596202850341797,25.0234317779541,49.91514205932617,33.2939453125,15.193120002746582
2014-04-01,20.493799209594727,23.87123680114746,12.681906700134277,17.530683517456055,25.351869583129883,49.73992156982422,33.861488342285156,15.331377029418945
2014-04-02,20.553884506225586,23.87123680114746,12.67269229888916,17.625988006591797,25.342998504638672,49.779747009277344,33.88127899169922,15.362099647521973
2014-04-03,20.63199234008789,23.948625564575195,12.781983375549316,17.578332901000977,25.36075210571289,49.81161117553711,33.90106201171875,15.339058876037598
2014-04-04,20.794204711914062,24.089330673217773,12.871011734008789,17.643856048583984,25.245361328125,49.779747009277344,34.37623977661133,15.469635009765625
2014-04-07,20.64400291442871,23.793842315673828,12.70645809173584,17.49493980407715,24.81928062438965,49.10285568237305,33.82188415527344,15.21616268157959
2014-04-08,20.577917098999023,23.72349739074707,12.595943450927734,17.328153610229492,24.81928062438965,48.95155334472656,33.505104064941406,14.993412017822266
2014-04-09,20.70408821105957,23.786815643310547,12.614361763000488,17.506851196289062,25.041187286376953,49.12673568725586,34.08586120605469,15.162398338317871
2014-04-10,20.571903228759766,23.70238494873047,12.457796096801758,17.340065002441406,24.854782104492188,49.110816955566406,33.79549026489258,15.108625411987305
2014-04-11,20.355615615844727,23.336544036865234,12.306144714355469,17.11966323852539,24.24229621887207,48.19501876831055,33.38632583618164,14.701529502868652
2014-04-14,20.656023025512695,23.42800521850586,12.331927299499512,17.19710350036621,24.144641876220703,48.5135498046875,33.12234878540039,14.547907829284668
2014-04-15,20.654756546020508,23.23804473876953,12.122942924499512,16.982925415039062,23.86174964904785,48.26357650756836,32.319156646728516,14.454988479614258
2014-04-16,20.824256896972656,23.53353500366211,12.328024864196777,17.189119338989258,24.030662536621094,48.819339752197266,33.236900329589844,14.648548126220703
2014-04-17,20.896900177001953,23.667211532592773,12.417317390441895,17.301591873168945,24.22625160217285,48.996543884277344,33.89714813232422,14.973727226257324
2014-04-22,21.078510284423828,23.997867584228516,12.571280479431152,17.576513290405273,24.4574031829834,50.357791900634766,34.66304397583008,15.190518379211426
2014-04-23,20.921113967895508,23.88530731201172,12.475823402404785,17.55777359008789,24.21735954284668,50.365840911865234,34.167850494384766,15.151802062988281
2014-04-24,21.16326141357422,23.927518844604492,12.529400825500488,17.67648696899414,24.288490295410156,50.293357849121094,33.91695022583008,15.159544944763184
2014-04-25,21.102720260620117,23.730533599853516,12.3323335647583,17.53277587890625,23.923986434936523,50.067813873291016,33.19728088378906,15.043411254882812
2014-04-28,21.169301986694336,23.814945220947266,12.324942588806152,17.60776138305664,23.772846221923828,50.905487060546875,33.38215255737305,14.904040336608887
2014-04-29,21.677810668945312,24.10340690612793,12.572515487670898,17.932666778564453,24.0928955078125,51.15519714355469,33.60663604736328,15.051155090332031
2014-04-30,21.744396209716797,24.075260162353516,12.488143920898438,18.070133209228516,24.137348175048828,51.251834869384766,33.46138000488281,15.058897972106934
2014-05-02,21.79887580871582,24.13155174255371,12.510926246643066,18.21384048461914,24.039552688598633,51.47738265991211,33.14447021484375,15.213735580444336
2014-05-05,21.829143524169922,24.054153442382812,12.4696683883667,18.26383399963379,23.799518585205078,51.420997619628906,32.94639205932617,15.190518379211426
2014-05-06,21.829143524169922,24.047115325927734,12.37544059753418,18.338809967041016,23.755062103271484,51.21962356567383,32.62947463989258,15.167285919189453
2014-05-07,22.004711151123047,24.06822395324707,12.287992477416992,18.488773345947266,23.737281799316406,51.19546127319336,32.3521728515625,15.213735580444336
2014-05-08,22.337650299072266,24.29336166381836,12.53555965423584,18.626232147216797,23.897308349609375,51.52571487426758,32.65589141845703,15.391815185546875
2014-05-09,22.137880325317383,24.272260665893555,12.360047340393066,18.520008087158203,23.68393898010254,51.549869537353516,32.47761535644531,15.322135925292969
2014-05-12,22.149980545043945,24.441110610961914,12.4696683883667,18.545007705688477,24.172903060913086,51.81568145751953,32.70211410522461,15.461496353149414
2014-05-13,22.113666534423828,24.46221160888672,12.492452621459961,18.520008087158203,24.235137939453125,52.04927062988281,32.97939682006836,15.43826675415039
2014-05-14,22.149980545043945,24.525529861450195,12.4696683883667,18.551254272460938,24.164018630981445,52.3070182800293,33.09824752807617,15.376334190368652
2014-05-15,21.84731101989746,24.237077713012695,12.207930564880371,18.307575225830078,23.87952995300293,52.33924865722656,32.56345748901367,15.020180702209473
2014-05-16,22.119718551635742,24.342613220214844,12.320013046264648,18.438783645629883,23.737281799316406,52.653358459472656,32.25973892211914,14.818877220153809
2014-05-19,22.10761833190918,24.356685638427734,12.232566833496094,18.445035934448242,23.763952255249023,51.936492919921875,32.66908645629883,15.066637992858887
2014-05-20,21.95627212524414,24.29336166381836,12.31078052520752,18.276323318481445,23.852859497070312,51.82373046875,32.99260711669922,15.190518379211426
2014-05-21,22.28316307067871,24.46924591064453,12.406233787536621,18.270084381103516,24.0928955078125,52.2989501953125,33.24351119995117,15.314393043518066
2014-05-22,22.25895118713379,24.532567977905273,12.39576530456543,18.295072555541992,24.261812210083008,52.53254699707031,33.46138000488281,15.453753471374512
2014-05-23,22.246845245361328,24.581811904907227,12.501688957214355,18.326311111450195,24.297367095947266,52.443939208984375,33.77170181274414,15.446012496948242
2014-05-26,22.452659606933594,24.806947708129883,12.65257740020752,18.476274490356445,24.5107421875,52.59699249267578,34.42534637451172,15.600861549377441
2014-05-27,22.271060943603516,24.806947708129883,12.698760986328125,18.376298904418945,24.857467651367188,52.49226760864258,34.35272216796875,15.724736213684082
2014-05-28,22.222625732421875,24.806947708129883,12.781899452209473,18.520008087158203,24.91970443725586,52.29090881347656,34.31970977783203,15.732476234436035
2014-05-29,22.234731674194336,24.79991340637207,12.728322982788086,18.545007705688477,24.93747901916504,52.46811294555664,34.35932159423828,15.740221977233887
2014-05-30,22.174198150634766,24.785842895507812,12.732633590698242,18.513763427734375,25.061939239501953,52.19425964355469,34.42534637451172,15.763444900512695
2014-06-02,22.34975814819336,24.842130661010742,12.760345458984375,18.613737106323242,24.94636344909668,52.33924865722656,34.379127502441406,15.910551071166992
2014-06-03,22.289220809936523,24.722522735595703,12.669816017150879,18.45752716064453,24.928592681884766,52.178131103515625,34.379127502441406,15.740221977233887
2014-06-04,22.077346801757812,24.764738082885742,12.720315933227539,18.45128059387207,24.91970443725586,52.37144088745117,34.17445755004883,15.871843338012695
2014-06-05,22.307371139526367,24.891366958618164,12.80345630645752,18.594993591308594,24.964149475097656,52.48421859741211,34.696048736572266,15.90280818939209
2014-06-06,22.476879119873047,25.03911781311035,13.019002914428711,18.838672637939453,25.03527069091797,52.51643371582031,34.88092041015625,16.042173385620117
2014-06-09,22.59189796447754,25.144651412963867,13.114456176757812,18.994884490966797,25.097505569458008,52.8224983215332,34.81489562988281,16.057661056518555
2014-06-10,22.549524307250977,25.214998245239258,13.042403221130371,18.938644409179688,25.19529914855957,53.53131866455078,34.65644073486328,16.065397262573242
2014-06-11,22.458717346191406,25.067258834838867,12.916157722473145,18.788686752319336,25.053058624267578,53.3782844543457,34.491371154785156,15.817646026611328
2014-06-12,22.791667938232422,25.074298858642578,12.892756462097168,18.844928741455078,25.150846481323242,53.426605224609375,34.491371154785156,15.809901237487793
2014-06-13,22.961162567138672,25.003934860229492,12.868120193481445,18.80743980407715,25.061939239501953,53.26552200317383,34.240478515625,15.507950782775879
2014-06-16,22.943002700805664,24.870132446289062,12.754186630249023,18.626232147216797,25.044164657592773,53.547428131103516,34.12163543701172,15.40729808807373
2014-06-17,22.834041595458984,24.969890594482422,12.800373077392578,18.619985580444336,25.168636322021484,53.676292419433594,34.332916259765625,15.469239234924316
2014-06-18,22.930896759033203,24.934255599975586,12.74494743347168,18.776193618774414,25.266422271728516,53.48298645019531,34.33952331542969,15.353107452392578
2014-06-19,23.197254180908203,25.069652557373047,12.740635871887207,18.82617950439453,25.328659057617188,53.91795349121094,34.590415954589844,15.469239234924316
2014-06-20,23.269895553588867,25.098169326782227,12.594066619873047,18.657472610473633,25.23975372314453,54.40122604370117,34.49797821044922,15.569891929626465
2014-06-23,23.372804641723633,24.95564079284668,12.546648979187012,18.576244354248047,25.284215927124023,53.98237991333008,34.14143753051758,15.484722137451172
2014-06-24,23.330432891845703,24.912883758544922,12.451191902160645,18.557504653930664,25.159738540649414,53.88573455810547,34.15464782714844,15.484722137451172
2014-06-25,22.943002700805664,24.67772674560547,12.343421936035156,18.43253517150879,24.759675979614258,53.37022399902344,33.910362243652344,15.384073257446289
2014-06-26,22.967214584350586,24.59933853149414,12.198694229125977,18.594993591308594,24.67966079711914,53.61991500854492,33.705692291259766,15.500205039978027
2014-06-27,22.882461547851562,24.67772674560547,12.203006744384766,18.563749313354492,24.69744110107422,53.69242477416992,33.7849006652832,15.523439407348633
2014-06-30,22.88852882385254,24.634963989257812,12.106316566467285,18.50751495361328,24.64409637451172,53.62797927856445,33.659454345703125,15.461496353149414
2014-07-01,23.051969528198242,24.87724494934082,12.341569900512695,18.713712692260742,24.93747901916504,53.8615837097168,34.128238677978516,15.600861549377441
2014-07-02,23.160932540893555,24.94139289855957,12.361891746520996,18.482524871826172,25.008604049682617,54.03071594238281,34.33952331542969,15.569891929626465
2014-07-03,23.2093563079834,25.17654800415039,12.494300842285156,18.619985580444336,25.31087303161621,54.37704849243164,34.63662338256836,15.786673545837402
2014-07-04,23.197254180908203,25.091033935546875,12.35388469696045,18.576244354248047,25.30198097229004,54.207916259765625,34.51118087768555,15.825387001037598
2014-07-07,22.91878890991211,24.8131160736084,12.207930564880371,18.463775634765625,25.1419620513916,54.07098388671875,34.07541275024414,15.608598709106445
2014-07-08,22.531362533569336,24.542325973510742,11.93819522857666,18.163860321044922,24.706340789794922,53.56353759765625,33.44158172607422,15.22922420501709
2014-07-09,22.59189796447754,24.542325973510742,11.97205924987793,18.163860321044922,24.69744110107422,53.43465805053711,33.42836380004883,15.159544944763184
2014-07-10,22.216575622558594,24.271535873413086,11.821181297302246,18.013904571533203,24.4574031829834,53.23328399658203,33.1048469543457,14.996954917907715
2014-07-11,22.222625732421875,24.250154495239258,11.867365837097168,18.013904571533203,24.40406036376953,53.25746536254883,33.184085845947266,14.989212036132812
2014-07-14,22.307371139526367,24.456815719604492,12.012091636657715,18.157611846923828,24.6174259185791,53.74074935913086,33.54722213745117,15.012441635131836
2014-07-15,22.155675888061523,24.414058685302734,11.943574905395508,18.17719078063965,24.315643310546875,53.772579193115234,33.420509338378906,15.040528297424316
2014-07-16,22.521991729736328,24.73473358154297,12.193202018737793,18.424543380737305,24.512744903564453,54.032283782958984,33.932594299316406,15.28160572052002
2014-07-17,22.210630416870117,24.563701629638672,12.013471603393555,18.18987464904785,24.53961753845215,53.464195251464844,33.4676628112793,15.1882905960083
2014-07-18,22.192323684692383,24.52094841003418,12.012222290039062,18.202556610107422,25.014474868774414,53.472312927246094,33.09707260131836,15.219393730163574
2014-07-21,22.02747917175293,24.357046127319336,11.94482135772705,18.113767623901367,24.97863006591797,53.464195251464844,32.746707916259766,15.009416580200195
2014-07-22,22.47926139831543,24.72760772705078,12.08087158203125,18.405513763427734,25.390758514404297,54.04039764404297,33.076866149902344,15.250505447387695
2014-07-23,22.491464614868164,24.72760772705078,12.125807762145996,18.380144119262695,25.399721145629883,53.699554443359375,33.17119598388672,15.28160572052002
2014-07-24,22.515888214111328,24.88437843322754,12.366076469421387,18.43722152709961,25.569948196411133,53.81317138671875,33.39356231689453,15.219393730163574
2014-07-25,22.283889770507812,24.720478057861328,12.381677627563477,18.47527503967285,25.2742919921875,53.3018798828125,32.80061721801758,15.1727294921875
2014-07-28,22.326627731323242,24.65634536743164,12.375433921813965,18.48162078857422,25.095096588134766,53.074649810791016,32.14702224731445,15.164956092834473
2014-07-29,22.27168083190918,24.70622444152832,12.427234649658203,18.57676124572754,25.193662643432617,53.23695755004883,32.25483703613281,15.110522270202637
2014-07-30,21.86874008178711,24.528074264526367,12.456564903259277,18.57676124572754,25.498273849487305,53.51288986206055,31.93140983581543,15.02497673034668
2014-07-31,21.648954391479492,24.250154495239258,12.20693588256836,18.29769515991211,25.14885711669922,53.342472076416016,31.372156143188477,14.853885650634766
2014-08-01,21.502429962158203,23.851097106933594,12.013471603393555,18.082054138183594,24.772563934326172,52.912353515625,30.934186935424805,14.659457206726074
2014-08-04,21.6062068939209,23.872472763061523,12.09460163116455,18.012285232543945,24.494829177856445,52.912353515625,31.075674057006836,14.53503131866455
2014-08-05,21.575693130493164,23.986492156982422,11.997870445251465,17.999601364135742,24.709850311279297,53.155826568603516,30.772462844848633,14.441707611083984
2014-08-06,21.532955169677734,23.822589874267578,11.844971656799316,17.879100799560547,24.575464248657227,52.54716110229492,30.395145416259766,14.449481964111328
2014-08-07,21.331480026245117,23.644441604614258,11.676468849182129,17.739566802978516,24.548582077026367,51.92228317260742,29.808937072753906,14.363937377929688
2014-08-08,21.099489212036133,23.45915412902832,11.726395606994629,17.441471099853516,24.387319564819336,51.49216079711914,29.943700790405273,14.185068130493164
2014-08-11,21.392541885375977,23.737077713012695,11.791932106018066,17.66345977783203,24.79944610595703,52.06023406982422,30.651180267333984,14.457261085510254
2014-08-12,21.160539627075195,23.737077713012695,11.788804054260254,17.619060516357422,24.656097412109375,51.99530029296875,30.23343276977539,14.50391674041748
2014-08-13,21.17885398864746,23.80834197998047,11.95106029510498,17.75225067138672,24.638187408447266,52.27125930786133,30.415367126464844,14.496143341064453
2014-08-14,21.233806610107422,23.879600524902344,11.957306861877441,17.701513290405273,24.745685577392578,52.44166946411133,30.604021072387695,14.542801856994629
2014-08-15,21.15443229675293,23.915231704711914,11.878046035766602,17.720539093017578,24.647144317626953,52.10080337524414,30.15930938720703,14.52725601196289
2014-08-18,21.43527603149414,24.100502014160156,12.022835731506348,17.898122787475586,25.032392501831055,52.912353515625,30.684877395629883,14.67501163482666
2014-08-19,21.618431091308594,24.250154495239258,12.066519737243652,17.98056983947754,25.2742919921875,53.37492370605469,31.156538009643555,14.791667938232422
2014-08-20,21.5878963470459,24.24302864074707,12.052786827087402,17.917152404785156,25.328048706054688,53.52912902832031,31.089157104492188,14.799443244934082
2014-08-21,21.667264938354492,24.392671585083008,12.188213348388672,18.088396072387695,25.54306983947754,53.878089904785156,31.54733657836914,14.807222366333008
2014-08-22,21.563486099243164,24.335664749145508,12.205689430236816,18.132787704467773,25.51619529724121,53.86185836791992,31.28455924987793,14.853885650634766
2014-08-25,21.874847412109375,24.72760772705078,12.450325965881348,18.430883407592773,25.901447296142578,54.70587921142578,31.843812942504883,15.110522270202637
2014-08-26,22.003049850463867,24.784608840942383,12.536447525024414,18.32939910888672,25.937284469604492,54.87629699707031,32.066165924072266,15.071636199951172
2014-08-27,21.996946334838867,24.834497451782227,12.57201862335205,18.411855697631836,25.928319931030273,54.98176574707031,31.911184310913086,15.164956092834473
2014-08-28,21.93589973449707,24.67059898376465,12.437844276428223,18.418195724487305,25.749134063720703,54.8194694519043,31.45301628112793,15.087186813354492
2014-08-29,21.984731674194336,24.699098587036133,12.459685325622559,18.430883407592773,25.937284469604492,55.24959182739258,31.304777145385742,15.071636199951172
2014-09-01,22.13736343383789,24.7561092376709,12.411632537841797,18.405513763427734,25.874561309814453,55.9962043762207,31.068946838378906,15.180516242980957
2014-09-02,21.95421028137207,24.770362854003906,12.403517723083496,18.361114501953125,26.07167625427246,55.66347122192383,31.156538009643555,15.133852005004883
2014-09-03,22.173992156982422,24.92713165283203,12.61258602142334,18.405513763427734,26.08063507080078,56.04490661621094,31.709062576293945,15.258282661437988
2014-09-04,22.204524993896484,25.1908016204834,12.854726791381836,18.595788955688477,26.349411010742188,56.24778747558594,32.200931549072266,15.468254089355469
2014-09-05,22.12515640258789,25.098169326782227,12.849735260009766,18.513334274291992,26.241899490356445,55.955631256103516,32.48392868041992,15.413818359375
2014-09-08,21.85042953491211,24.984142303466797,12.764235496520996,18.43722152709961,26.519641876220703,56.11792755126953,32.40305709838867,15.219393730163574
2014-09-09,21.75273895263672,24.89862632751465,12.65627384185791,18.43722152709961,26.32253646850586,56.47502899169922,32.106597900390625,15.219393730163574
2014-09-10,21.771047592163086,24.912883758544922,12.709321022033691,18.37380027770996,26.223983764648438,56.56427001953125,31.850553512573242,15.164956092834473
2014-09-11,21.636737823486328,24.863004684448242,12.661262512207031,18.310380935668945,26.35837173461914,56.629207611083984,31.69557762145996,15.180516242980957
2014-09-12,21.5573787689209,24.870132446289062,12.692469596862793,18.348430633544922,26.403167724609375,56.71035385131836,31.567556381225586,15.164956092834473
2014-09-15,21.282642364501953,24.87006187438965,12.623818397521973,18.215242385864258,26.447967529296875,56.92137145996094,31.4193115234375,15.04830265045166
2014-09-16,21.490219116210938,24.769235610961914,12.578262329101562,18.18987464904785,26.179180145263672,56.718475341796875,31.331716537475586,15.032751083374023
2014-09-17,21.569591522216797,24.87006187438965,12.723675727844238,18.36745834350586,26.35837173461914,57.221622467041016,31.39909553527832,15.126072883605957
2014-09-18,21.710006713867188,25.158159255981445,12.879692077636719,18.487958908081055,26.716747283935547,57.59492874145508,31.682096481323242,15.398262977600098
2014-09-19,21.734426498413086,25.20858383178711,12.930863380432129,18.72263526916504,26.456926345825195,57.87086486816406,31.594507217407227,15.569358825683594
2014-09-22,21.612316131591797,25.05733299255371,12.790444374084473,18.62749481201172,26.37628936767578,57.87086486816406,31.03525733947754,15.398262977600098
2014-09-23,21.392541885375977,24.754833221435547,12.634430885314941,18.399171829223633,25.96415901184082,57.043094635009766,30.260377883911133,15.180516242980957
2014-09-24,21.673376083374023,24.942092895507812,12.717428207397461,18.69091796875,26.09855079650879,57.51378631591797,30.489463806152344,15.211618423461914
2014-09-25,21.36200523376465,24.682798385620117,12.650030136108398,18.58943748474121,25.88353157043457,57.424503326416016,30.105409622192383,15.219393730163574
2014-09-26,21.514646530151367,24.790836334228516,12.746759414672852,18.63383674621582,26.008960723876953,57.416385650634766,30.21320915222168,15.258282661437988
2014-09-29,21.514646530151367,24.704404830932617,12.542691230773926,18.62115478515625,25.982074737548828,57.692325592041016,30.024559020996094,15.31272029876709
2014-09-30,21.75273895263672,24.77643394470215,12.667503356933594,18.65285873413086,26.008960723876953,58.057491302490234,29.856107711791992,15.444930076599121
2014-10-01,21.44137954711914,24.610769271850586,12.6469087600708,18.526016235351562,25.70433807373047,57.862735748291016,29.49224853515625,15.26605224609375
2014-10-02,20.56833839416504,24.034578323364258,12.210057258605957,18.113767623901367,25.24741554260254,56.815853118896484,28.94647216796875,14.908320426940918
2014-10-06,20.720964431762695,24.315475463867188,12.525216102600098,18.32939910888672,25.632659912109375,57.156707763671875,28.973426818847656,15.258282661437988
2014-10-07,20.44013023376465,23.91933822631836,12.31614875793457,18.158159255981445,25.077180862426758,55.94751739501953,28.76453971862793,14.783886909484863
2014-10-08,20.183712005615234,23.72487449645996,12.202571868896484,18.03131103515625,24.467952728271484,55.33074951171875,28.31983184814453,14.542801856994629
2014-10-09,19.99445152282715,23.631240844726562,12.071513175964355,17.809324264526367,24.548582077026367,55.22522735595703,28.3535213470459,14.363937377929688
2014-10-10,19.426671981811523,23.2855224609375,11.960426330566406,17.581008911132812,24.055822372436523,54.551658630371094,27.544965744018555,14.169511795043945
2014-10-13,19.542667388916016,23.256717681884766,12.000988960266113,17.5302677154541,23.88559341430664,54.37310791015625,27.767318725585938,14.052862167358398
2014-10-14,19.310670852661133,23.278322219848633,11.968533515930176,17.51123809814453,24.181251525878906,54.13778305053711,28.34005355834961,14.16174030303955
2014-10-15,18.63382339477539,22.594091415405273,11.463385581970215,16.930278778076172,23.327682495117188,52.148563385009766,27.491069793701172,13.79846477508545
2014-10-16,18.578201293945312,22.45724105834961,11.313051223754883,16.769411087036133,23.46263885498047,51.57139205932617,27.88860321044922,13.949049949645996
2014-10-17,19.29512596130371,23.083860397338867,11.684514045715332,17.155502319335938,23.984424591064453,53.15658950805664,28.852136611938477,14.337406158447266
2014-10-20,18.788330078125,22.9614200592041,11.70956802368164,17.10402488708496,23.417654037475586,52.961509704589844,28.40743637084961,14.495916366577148
2014-10-21,19.443458557128906,23.42237091064453,12.014633178710938,17.477249145507812,23.786508560180664,53.57117462158203,28.919523239135742,14.852568626403809
2014-10-22,19.54851531982422,23.65284538269043,12.139917373657227,17.56733512878418,23.993423461914062,54.733642578125,29.2362003326416,14.995235443115234
2014-10-23,19.715391159057617,23.782503128051758,12.277729034423828,17.78612518310547,24.263315200805664,55.327064514160156,29.256418228149414,14.995235443115234
2014-10-24,19.492900848388672,23.710466384887695,12.31218147277832,17.979175567626953,24.074398040771484,55.49777603149414,29.074493408203125,14.868425369262695
2014-10-27,19.251859664916992,23.53041648864746,12.049088478088379,17.81186294555664,23.885469436645508,55.16450500488281,28.636524200439453,14.947676658630371
2014-10-28,19.443458557128906,23.768091201782227,12.17938232421875,18.300920486450195,24.13736915588379,54.64422607421875,29.08795738220215,15.019010543823242
2014-10-29,19.653583526611328,23.804107666015625,12.007118225097656,18.416749954223633,24.164348602294922,54.60356903076172,29.41139793395996,15.06656265258789
2014-10-30,19.659761428833008,23.976959228515625,12.008367538452148,18.487533569335938,24.47922706604004,55.262046813964844,29.552894592285156,15.240918159484863
2014-10-31,19.900798797607422,24.40911102294922,12.324705123901367,18.751365661621094,25.08199119567871,55.92051696777344,30.30080795288086,15.518318176269531
2014-11-03,19.7215633392334,24.200237274169922,12.204442024230957,18.738500595092773,25.135963439941406,55.31893539428711,30.19300651550293,15.787787437438965
2014-11-04,18.986099243164062,23.926542282104492,12.008367538452148,18.47466468811035,24.749126434326172,55.343326568603516,29.896526336669922,15.74023723602295
2014-11-05,19.49907875061035,24.33708953857422,12.22134780883789,18.905805587768555,25.180944442749023,56.30256652832031,30.307544708251953,15.87497329711914
2014-11-06,19.61650276184082,24.358684539794922,12.130521774291992,18.770668029785156,25.495819091796875,56.22129440307617,30.5972843170166,15.851197242736816
2014-11-07,19.851354598999023,24.279476165771484,11.9676513671875,18.674144744873047,25.05499839782715,55.71727752685547,30.23343276977539,15.676826477050781
2014-11-10,20.018232345581055,24.43071937561035,12.017765045166016,18.841453552246094,25.26191520690918,56.12372589111328,30.4962158203125,15.87497329711914
2014-11-11,19.795730590820312,24.50994110107422,12.022775650024414,19.240421295166016,25.378868103027344,56.49766540527344,30.395145416259766,16.081035614013672
2014-11-12,19.64122200012207,24.315475463867188,11.742143630981445,19.156768798828125,25.135963439941406,56.26192092895508,29.876319885253906,15.962151527404785
2014-11-13,19.319843292236328,24.322681427001953,11.817315101623535,19.22755241394043,25.270910263061523,56.61960983276367,29.963899612426758,15.946305274963379
2014-11-14,19.492900848388672,24.30828285217285,11.869304656982422,19.317638397216797,25.135963439941406,56.36758041381836,30.152578353881836,15.985928535461426
2014-11-17,19.54851531982422,24.43071937561035,11.97266674041748,19.491382598876953,25.315893173217773,56.505802154541016,30.19300651550293,16.104812622070312
2014-11-18,19.653583526611328,24.538745880126953,12.038435935974121,19.549297332763672,25.639760971069336,57.001686096191406,30.684877395629883,16.065187454223633
2014-11-19,19.610321044921875,24.603572845458984,12.045952796936035,19.594345092773438,25.62177276611328,57.050445556640625,30.651180267333984,16.065187454223633
2014-11-20,19.771018981933594,24.59636688232422,11.917537689208984,19.607210159301758,25.756715774536133,56.920379638671875,30.779199600219727,16.16029167175293
2014-11-21,20.364330291748047,25.06453514099121,12.180634498596191,19.961132049560547,26.28750991821289,57.367496490478516,31.634931564331055,16.271251678466797
2014-11-24,20.17273712158203,25.07893180847168,12.287120819091797,20.05765151977539,26.341482162475586,57.4569206237793,32.05269241333008,16.22369956970215
2014-11-25,20.005868911743164,25.17256736755371,12.396747589111328,20.064088821411133,26.395463943481445,57.22930145263672,32.48392868041992,16.33465576171875
2014-11-26,19.919336318969727,25.122148513793945,12.399881362915039,20.179916381835938,26.3864688873291,57.17240524291992,32.47719192504883,16.16822052001953
2014-11-27,19.177696228027344,25.194169998168945,12.449990272521973,20.30217742919922,26.494428634643555,58.07472229003906,32.7130241394043,16.46146583557129
2014-11-28,18.553483963012695,25.23738670349121,12.501983642578125,20.572450637817383,26.575395584106445,58.18042755126953,32.82756423950195,16.70716094970703
2014-12-01,18.318632125854492,25.07893180847168,12.29965591430664,20.353662490844727,26.548402786254883,58.12350845336914,32.90167236328125,16.612056732177734
2014-12-02,18.899574279785156,25.201370239257812,12.42368221282959,20.475927352905273,26.43145179748535,58.01783752441406,32.77365493774414,16.73093605041504
2014-12-03,18.967573165893555,25.381439208984375,12.55021858215332,20.566017150878906,26.67435073852539,58.359230041503906,32.955589294433594,16.87360191345215
2014-12-04,18.45458984375,25.06453514099121,12.283995628356934,20.366535186767578,26.51241683959961,57.76581954956055,32.7130241394043,16.960779190063477
2014-12-05,18.466955184936523,25.475065231323242,12.652323722839355,20.907062530517578,27.025209426879883,58.44053649902344,33.7035026550293,17.30158042907715
2014-12-08,18.127037048339844,25.280601501464844,12.615991592407227,20.823410034179688,27.070192337036133,58.39176940917969,33.39356231689453,17.214397430419922
2014-12-09,17.793292999267578,24.697208404541016,12.22448444366455,20.25070571899414,26.3864688873291,56.94478225708008,32.69281005859375,16.699230194091797
2014-12-10,17.44719696044922,24.646785736083984,12.16184139251709,20.096261978149414,26.458436965942383,56.8960075378418,32.50413513183594,16.69130516052246
2014-12-11,17.379209518432617,24.632375717163086,12.132397651672363,20.20566177368164,26.60238265991211,57.40815353393555,32.625423431396484,16.715085983276367
2014-12-12,16.829158782958984,24.041790008544922,11.794134140014648,19.581472396850586,26.017620086669922,56.074947357177734,31.76295280456543,16.421838760375977
2014-12-15,16.297645568847656,23.43573760986328,11.466521263122559,19.233991622924805,25.315893173217773,54.871829986572266,30.880273818969727,16.136518478393555
2014-12-16,16.866239547729492,23.95652961730957,11.65757942199707,19.562164306640625,25.765710830688477,55.514041900634766,31.73600196838379,16.39013671875
2014-12-17,17.366851806640625,23.891429901123047,11.581154823303223,19.536426544189453,25.765710830688477,55.3921012878418,31.66862678527832,16.413909912109375
2014-12-18,17.81183624267578,24.643678665161133,11.917537689208984,20.038349151611328,26.809295654296875,57.204898834228516,32.638893127441406,16.992483139038086
2014-12-19,18.127037048339844,24.773883819580078,11.926939964294434,20.05765151977539,26.899261474609375,57.050445556640625,32.77365493774414,16.992483139038086
2014-12-22,18.05904769897461,24.889619827270508,11.964517593383789,20.141305923461914,27.115184783935547,57.00981140136719,32.87472152709961,17.10344123840332
2014-12-23,18.256818771362305,24.92578887939453,12.058483123779297,20.231393814086914,27.376070022583008,56.39200973510742,33.177940368652344,17.190628051757812
2014-12-29,18.201194763183594,25.041513442993164,12.044698715209961,20.160612106323242,27.439044952392578,56.80658721923828,33.21162033081055,17.24610137939453
2014-12-30,17.898359298706055,24.773883819580078,11.96953010559082,19.94182014465332,27.331092834472656,56.570838928222656,32.854515075683594,17.261951446533203
2015-01-02,17.929264068603516,24.737714767456055,12.032172203063965,19.896778106689453,27.367076873779297,56.61148452758789,32.46371841430664,17.23818016052246
2015-01-05,17.00838279724121,24.253095626831055,11.641916275024414,19.330507278442383,26.872272491455078,56.684654235839844,31.5203857421875,17.166847229003906
2015-01-06,17.138172149658203,23.949302673339844,11.460256576538086,19.131023406982422,26.377473831176758,56.359493255615234,31.574283599853516,16.80226707458496
2015-01-07,17.230878829956055,24.16629981994629,11.44772720336914,19.39485740661621,26.44044303894043,56.7171516418457,31.742738723754883,16.9290771484375
2015-01-08,17.657325744628906,24.83898162841797,11.659457206726074,19.961132049560547,27.151166915893555,58.43241882324219,32.935367584228516,17.111371994018555
2015-01-09,17.298866271972656,24.571352005004883,11.311797142028809,19.710168838500977,26.818294525146484,58.188533782958984,32.59172821044922,17.05588722229004
2015-01-12,17.09491539001465,24.679851531982422,11.360030174255371,19.948265075683594,27.259122848510742,58.66004943847656,33.15773010253906,17.317428588867188
2015-01-13,17.298866271972656,25.055986404418945,11.540438652038574,20.29574203491211,27.349079132080078,59.3184814453125,33.89890670776367,17.63445472717285
2015-01-14,16.847700119018555,24.701549530029297,11.322446823120117,20.192787170410156,27.10618019104004,58.88764190673828,33.30595779418945,17.444244384765625
2015-01-15,17.409748077392578,25.316381454467773,11.551668167114258,20.5626277923584,27.453601837158203,60.80556106567383,34.067344665527344,17.649368286132812
2015-01-16,18.05548095703125,25.547847747802734,11.588159561157227,20.789731979370117,27.507604598999023,61.46480178833008,34.76136779785156,17.657304763793945
2015-01-19,17.967714309692383,25.584009170532227,11.682535171508789,20.8935489654541,27.687639236450195,61.497337341308594,35.07131576538086,17.752582550048828
2015-01-20,18.02414321899414,25.808237075805664,11.88512897491455,21.14012336730957,27.588619232177734,62.15662384033203,35.19259262084961,17.959001541137695
2015-01-21,18.462984085083008,26.03971290588379,11.954340934753418,21.341270446777344,27.741636276245117,61.44853973388672,35.48907470703125,18.086042404174805
2015-01-22,18.864215850830078,26.350732803344727,12.2972412109375,21.69166374206543,28.200698852539062,61.52992248535156,36.49303436279297,18.483003616333008
2015-01-23,18.951984405517578,26.84259796142578,12.250051498413086,22.158855438232422,28.704761505126953,62.73444366455078,37.46331024169922,18.78470802307129
2015-01-26,19.26544952392578,27.037899017333984,12.311715126037598,22.282129287719727,29.00181007385254,62.84029006958008,37.99562072753906,18.999069213867188
2015-01-27,19.25917625427246,26.89322853088379,12.165115356445312,22.14586067199707,28.614749908447266,62.758872985839844,37.15336990356445,18.95937156677246
2015-01-28,18.914369583129883,26.89322853088379,11.984540939331055,22.165332794189453,28.749773025512695,62.77519607543945,37.59132766723633,18.872039794921875
2015-01-29,18.406558990478516,26.84259796142578,12.022287368774414,22.249685287475586,28.740772247314453,62.612388610839844,37.69239807128906,18.887922286987305
2015-01-30,18.394025802612305,26.74856185913086,11.904006958007812,21.977157592773438,28.704761505126953,62.28681945800781,37.56438446044922,18.80852508544922
2015-02-02,18.977066040039062,26.755794525146484,11.940498352050781,21.82143211364746,28.470733642578125,61.71711349487305,37.91476058959961,18.5306396484375
2015-02-03,19.585182189941406,26.936626434326172,12.236210823059082,22.11342430114746,28.66876220703125,61.20438003540039,38.50769805908203,18.506824493408203
2015-02-04,19.453523635864258,27.117462158203125,12.273963928222656,22.249685287475586,28.902793884277344,61.888023376464844,38.83112716674805,18.63385581970215
2015-02-05,19.785797119140625,27.102991104125977,12.212305068969727,22.256174087524414,29.037797927856445,61.806644439697266,39.0871696472168,18.649742126464844
2015-02-06,19.729372024536133,27.13192367553711,12.325552940368652,22.340524673461914,28.98379898071289,62.311241149902344,39.00631332397461,18.641794204711914
2015-02-09,19.91118621826172,26.95108413696289,12.111639022827148,22.0225772857666,28.596752166748047,62.433326721191406,37.87432098388672,18.46712875366211
2015-02-10,19.585182189941406,27.124692916870117,12.1808443069458,22.39243507385254,29.16382598876953,62.531002044677734,38.50096130371094,18.697370529174805
2015-02-11,19.35321807861328,27.045129776000977,12.089614868164062,22.314565658569336,29.36185646057129,62.38447570800781,38.47401428222656,18.752948760986328
2015-02-12,19.629066467285156,27.291051864624023,12.322408676147461,22.37946319580078,29.640892028808594,62.27054977416992,39.417335510253906,18.903797149658203
2015-02-13,19.967613220214844,27.40679168701172,12.577224731445312,22.36647605895996,29.604888916015625,62.832115173339844,39.47123336791992,18.713253021240234
2015-02-16,19.89864730834961,27.414030075073242,12.621265411376953,22.359989166259766,29.68588638305664,62.832115173339844,39.43754959106445,18.713253021240234
2015-02-17,19.973878860473633,27.421255111694336,12.64517593383789,22.314565658569336,29.55087661743164,63.06003952026367,39.275840759277344,18.641794204711914
2015-02-18,20.205835342407227,27.674421310424805,12.884263038635254,22.14586067199707,29.88391876220703,63.32046127319336,40.01701354980469,18.848220825195312
2015-02-19,19.8171443939209,27.797378540039062,12.879227638244629,22.27564239501953,30.045944213867188,63.768089294433594,40.468448638916016,18.97525405883789
2015-02-20,19.929990768432617,27.855239868164062,12.967318534851074,22.44434356689453,30.063940048217773,63.8494873046875,40.83230972290039,18.887922286987305
2015-02-23,19.89864730834961,28.079483032226562,12.981785774230957,22.548166275024414,30.36098289489746,64.79361724853516,41.06139373779297,19.22931480407715
2015-02-24,20.218379974365234,28.17351531982422,13.04595947265625,22.554649353027344,30.56801414489746,64.70408630371094,40.95359420776367,19.19755744934082
2015-02-25,20.224647521972656,28.122880935668945,12.93585205078125,22.58709716796875,30.66702651977539,64.79361724853516,40.37412643432617,19.19755744934082
2015-02-26,20.218379974365234,28.45560646057129,13.082451820373535,22.885574340820312,30.955060958862305,65.33077239990234,40.859256744384766,19.36428451538086
2015-02-27,20.32495880126953,28.55687713623047,13.123350143432617,22.98290252685547,30.96406364440918,65.5505142211914,41.22311782836914,19.459562301635742
2015-03-02,19.973878860473633,28.513469696044922,13.15921401977539,23.0672607421875,31.135089874267578,65.50981903076172,41.438720703125,19.411922454833984
2015-03-03,19.91118621826172,28.23138999938965,12.989336967468262,22.833662033081055,30.86505889892578,64.89128875732422,40.53584289550781,19.27695083618164
2015-03-04,19.854759216308594,28.44113540649414,13.124605178833008,23.112686157226562,31.090072631835938,65.46101379394531,41.25680160522461,19.546894073486328
2015-03-05,20.030298233032227,28.716014862060547,13.242890357971191,23.177560806274414,31.38711166381836,65.819091796875,41.69478225708008,19.689800262451172
2015-03-06,19.961334228515625,28.72323989868164,13.286933898925781,23.008859634399414,31.36910629272461,66.17721557617188,42.152957916259766,19.777141571044922
2015-03-09,19.992691040039062,28.69430923461914,13.275612831115723,22.76229476928711,31.243093490600586,66.0144271850586,42.21360778808594,19.785076141357422
2015-03-10,19.27172088623047,28.412206649780273,13.196962356567383,22.554649353027344,31.1170711517334,65.81095886230469,41.89018630981445,19.753318786621094
2015-03-11,19.303062438964844,28.824501037597656,13.373130798339844,22.937488555908203,31.801172256469727,66.63299560546875,43.52078628540039,19.896228790283203
2015-03-12,19.2905330657959,28.8461971282959,13.343559265136719,22.918020248413086,31.630144119262695,67.24344635009766,43.52078628540039,20.086774826049805
2015-03-13,18.820337295532227,28.961938858032227,13.346704483032227,23.028329849243164,32.00819396972656,67.93521118164062,44.11372375488281,20.22174835205078
2015-03-16,18.763912200927734,29.18690299987793,13.456814765930176,23.112686157226562,32.3232307434082,68.8060531616211,45.13789749145508,20.340835571289062
2015-03-17,18.995872497558594,29.012868881225586,13.360551834106445,22.956954956054688,32.0442008972168,68.31773376464844,43.972225189208984,20.213802337646484
2015-03-18,19.27172088623047,29.121639251708984,13.33098030090332,22.918020248413086,31.981191635131836,68.92817687988281,42.880672454833984,20.237621307373047
2015-03-19,19.547571182250977,29.201414108276367,13.451776504516602,23.021839141845703,32.19722366333008,69.36763763427734,43.26472854614258,20.301136016845703
2015-03-20,19.904909133911133,29.484210968017578,13.661294937133789,23.20352554321289,32.3952522277832,69.68511199951172,43.581417083740234,20.324954986572266
2015-03-23,19.854759216308594,29.31743049621582,13.719178199768066,23.13214874267578,32.260215759277344,69.29443359375,42.39552307128906,20.023256301879883
2015-03-24,19.69803237915039,29.38995361328125,13.835585594177246,23.24245834350586,32.36825180053711,69.27815246582031,42.64482879638672,20.03913688659668
2015-03-25,19.748184204101562,29.056377410888672,13.705340385437012,23.171083450317383,31.405113220214844,68.04103088378906,42.33488845825195,19.808895111083984
2015-03-26,19.610258102416992,28.846092224121094,13.627949714660645,23.073749542236328,30.883054733276367,67.33296203613281,42.72569274902344,19.562772750854492
2015-03-27,19.541296005249023,28.882356643676758,13.598377227783203,22.98290252685547,31.03606605529785,68.3095932006836,42.685245513916016,19.785076141357422
2015-03-30,19.654150009155273,29.20865249633789,13.84061336517334,23.093217849731445,31.648147583007812,69.1641845703125,43.6892204284668,20.015317916870117
2015-03-31,19.45979881286621,29.020132064819336,13.752527236938477,22.892066955566406,31.50412940979004,68.96883392333984,43.163658142089844,20.182052612304688
2015-04-01,19.57891273498535,29.063636779785156,13.882766723632812,22.911529541015625,31.306106567382812,68.9200210571289,43.06258773803711,20.094715118408203
2015-04-02,19.42218780517578,29.107147216796875,13.887799263000488,22.918020248413086,31.306106567382812,68.74909973144531,43.05586624145508,20.070898056030273
2015-04-07,20.243453979492188,29.55672264099121,14.038803100585938,23.177560806274414,31.711166381835938,69.91293334960938,43.035640716552734,20.301136016845703
2015-04-08,20.744998931884766,29.60024070739746,14.001045227050781,23.13214874267578,31.612140655517578,70.14898681640625,42.8671760559082,20.348777770996094
2015-04-09,21.03338623046875,29.948307037353516,14.143871307373047,23.365734100341797,32.0172004699707,71.01983642578125,43.71617126464844,20.658416748046875
2015-04-10,21.2528076171875,30.151342391967773,14.152055740356445,23.4825439453125,32.60227966308594,72.39530944824219,44.248477935791016,20.856901168823242
2015-04-13,21.346847534179688,30.194849014282227,14.257121086120605,23.716129302978516,32.79130172729492,72.33831787109375,43.877899169921875,20.80926513671875
2015-04-14,21.503578186035156,30.11508560180664,14.117446899414062,23.67070198059082,32.755287170410156,71.89070129394531,43.46686935424805,20.658416748046875
2015-04-15,21.876277923583984,30.310884475708008,14.253231048583984,23.739282608032227,32.365325927734375,72.07708740234375,43.588172912597656,20.570648193359375
2015-04-16,21.755939483642578,30.013565063476562,14.019399642944336,23.504369735717773,31.95745849609375,71.51146697998047,43.358341217041016,20.353008270263672
2015-04-17,21.654603958129883,29.46970558166504,13.66358757019043,23.112842559814453,31.449907302856445,70.32271575927734,42.587711334228516,20.16761589050293
2015-04-20,21.743270874023438,29.803281784057617,13.87845516204834,23.406490325927734,31.794309616088867,70.92120361328125,42.905433654785156,20.30464744567871
2015-04-21,21.6799373626709,29.977310180664062,13.850022315979004,23.47174835205078,32.57377243041992,71.62620544433594,43.18932342529297,20.651248931884766
2015-04-22,21.61026382446289,29.919294357299805,13.918274879455566,23.615312576293945,33.11756896972656,71.70816802978516,43.12174606323242,20.691545486450195
2015-04-23,21.730607986450195,29.854040145874023,13.973262786865234,23.6936092376709,32.46501922607422,71.44586944580078,42.959503173828125,20.51422119140625
2015-04-24,21.553264617919922,29.984560012817383,14.16917610168457,23.908939361572266,32.320003509521484,71.4786605834961,43.47324752807617,20.48197364807129
2015-04-27,21.743270874023438,30.260116577148438,14.308215141296387,23.980722427368164,32.809425354003906,71.76557922363281,44.6359748840332,20.675432205200195
2015-04-28,21.76227378845215,29.83228302001953,14.184978485107422,23.70665740966797,32.25654602050781,70.0112075805664,43.74366760253906,20.30464744567871
2015-04-29,21.34425163269043,29.128896713256836,13.93533992767334,23.341236114501953,31.468032836914062,68.15843963623047,42.30378723144531,19.94191551208496
2015-04-30,21.33791732788086,29.063636779785156,13.880356788635254,23.3216552734375,30.770164489746094,67.98629760742188,42.26323318481445,19.772645950317383
2015-05-04,21.44559097290039,29.20865249633789,13.96694564819336,23.543527603149414,30.92423439025879,68.37979125976562,42.51333999633789,19.829076766967773
2015-05-05,21.407590866088867,28.73006820678711,13.647789001464844,23.021493911743164,30.371368408203125,67.28125762939453,41.89818572998047,19.54694366455078
2015-05-06,21.280920028686523,28.534278869628906,13.641465187072754,23.073688507080078,30.316997528076172,66.69095611572266,41.4317512512207,19.36962127685547
2015-05-07,20.86290168762207,28.599538803100586,13.744479179382324,23.08675193786621,30.788288116455078,66.3384780883789,41.93198776245117,19.71622085571289
2015-05-08,21.388591766357422,29.38995361328125,14.09017562866211,23.6936092376709,31.585851669311523,68.08467102050781,43.2569465637207,20.46585464477539
2015-05-11,21.464597702026367,29.5784912109375,14.213419914245605,23.837162017822266,31.73993682861328,68.28140258789062,43.10820770263672,20.683494567871094
2015-05-12,21.363258361816406,29.215913772583008,14.049098014831543,23.667505264282227,31.332088470458984,67.70753479003906,42.07395553588867,20.28046417236328
2015-05-13,21.274585723876953,29.157899856567383,14.036458015441895,23.595718383789062,31.250513076782227,67.37142181396484,41.756221771240234,20.078950881958008
2015-05-14,21.496265411376953,29.440704345703125,14.17739200592041,23.674034118652344,31.531484603881836,68.18304443359375,42.5268669128418,20.22403907775879
2015-05-15,21.033910751342773,29.28118324279785,14.083860397338867,23.432592391967773,31.431779861450195,67.6255874633789,41.884666442871094,20.401371002197266
2015-05-18,20.9642391204834,29.440704345703125,14.064897537231445,23.576152801513672,31.694622039794922,68.55194091796875,42.60798645019531,20.33688735961914
2015-05-19,21.122575759887695,29.9047908782959,14.273456573486328,23.765380859375,32.25654602050781,69.43736267089844,44.12221145629883,20.66737174987793
2015-05-20,21.24925422668457,30.0643253326416,14.437774658203125,24.189537048339844,32.49220657348633,69.58488464355469,44.10869216918945,20.643190383911133
2015-05-21,21.584932327270508,30.20211410522461,14.452309608459473,24.30046844482422,32.59189224243164,70.19976043701172,44.09516906738281,20.619014739990234
2015-05-22,21.426593780517578,30.11508560180664,14.516769409179688,24.352663040161133,32.37437057495117,70.28175354003906,43.98024368286133,20.51422119140625
2015-05-26,21.12891387939453,29.926559448242188,14.25765609741211,24.143856048583984,32.28373718261719,69.90460968017578,43.60845947265625,20.675432205200195
2015-05-27,21.255586624145508,30.2093505859375,14.472532272338867,24.26784324645996,32.7006721496582,70.74080657958984,44.0816535949707,20.885007858276367
2015-05-28,21.084577560424805,30.086084365844727,14.409331321716309,24.169952392578125,33.01786804199219,70.77359771728516,43.37186050415039,20.804401397705078
2015-05-29,20.83123207092285,29.53497314453125,14.205829620361328,23.89588737487793,32.4559326171875,69.24057006835938,42.39167785644531,20.417491912841797
2015-06-01,20.622224807739258,29.60024070739746,14.166015625,23.856739044189453,32.54658126831055,69.92921447753906,42.47954177856445,20.46585464477539
2015-06-02,20.622224807739258,29.31743049621582,14.175497055053711,23.791492462158203,32.25654602050781,68.86346435546875,41.94550704956055,20.215974807739258
2015-06-03,20.54621696472168,29.324687957763672,14.27661418914795,23.64793586730957,32.22935104370117,68.55194091796875,42.10099411010742,20.127307891845703
2015-06-04,20.052202224731445,29.063636779785156,14.16917610168457,23.550045013427734,32.15685272216797,68.07647705078125,41.695396423339844,19.982215881347656
2015-06-05,20.21053695678711,28.77358055114746,14.026982307434082,23.243364334106445,31.78525161743164,67.51897430419922,41.168113708496094,19.853254318237305
2015-06-08,20.014204025268555,28.534278869628906,13.89109992980957,23.132417678833008,31.368343353271484,66.94512939453125,40.43128204345703,19.69203758239746
2015-06-09,19.931859970092773,28.44001007080078,13.831059455871582,22.94971466064453,31.168949127197266,66.22369384765625,40.85715866088867,19.683982849121094
2015-06-10,20.36887550354004,28.94760513305664,14.0964994430542,23.334716796875,31.277698516845703,67.3222427368164,41.992835998535156,19.990278244018555
2015-06-11,20.438552856445312,29.172407150268555,14.200776100158691,23.51742172241211,31.549606323242188,67.9698715209961,42.337581634521484,20.103134155273438
2015-06-12,20.096532821655273,28.896846771240234,14.09965705871582,23.49131965637207,31.359275817871094,67.24026489257812,41.89142990112305,19.982215881347656
2015-06-15,19.86219024658203,28.391822814941406,13.785561561584473,23.230308532714844,30.788288116455078,65.68263244628906,40.992366790771484,19.724279403686523
2015-06-16,19.900192260742188,28.582517623901367,13.79630184173584,23.171571731567383,31.105501174926758,66.44506072998047,41.235713958740234,19.75652503967285
2015-06-17,20.045862197875977,28.465171813964844,13.741320610046387,23.165050506591797,30.960487365722656,66.15811157226562,40.54618835449219,19.6517333984375
2015-06-18,19.931859970092773,28.494510650634766,13.725518226623535,23.354290008544922,30.788288116455078,66.06795501708984,40.60704040527344,19.683982849121094
2015-06-19,20.00152587890625,28.62653350830078,13.853184700012207,23.47174835205078,31.042055130004883,66.10891723632812,40.92476272583008,19.990278244018555
2015-06-22,20.267545700073242,29.2719669342041,14.245018005371094,24.228683471679688,31.866825103759766,67.38783264160156,42.49982833862305,20.215974807739258
2015-06-23,20.552553176879883,29.6240177154541,14.447254180908203,24.613685607910156,32.18404006958008,68.34699249267578,43.04738235473633,20.377193450927734
2015-06-24,20.704557418823242,29.455318450927734,14.37457275390625,24.352663040161133,31.749004364013672,68.19941711425781,42.567420959472656,20.417491912841797
2015-06-25,20.59688949584961,29.425994873046875,14.390375137329102,24.41139030456543,31.839651107788086,67.91248321533203,42.89189147949219,20.344945907592773
2015-06-26,20.565217971801758,29.455318450927734,14.47884750366211,24.430973052978516,31.66744041442871,67.82233428955078,42.88514709472656,20.30464744567871
2015-06-29,20.03319549560547,28.58985710144043,13.91322135925293,23.811065673828125,30.60702133178711,66.4860610961914,41.20867919921875,19.764589309692383
2015-06-30,19.69751739501953,28.237796783447266,13.799460411071777,23.47174835205078,30.10854148864746,65.95319366455078,40.91799545288086,19.530824661254883
2015-07-01,19.754518508911133,28.692537307739258,14.054155349731445,23.78495979309082,30.770164489746094,66.4860610961914,41.884666442871094,19.917734146118164
2015-07-02,20.02686309814453,28.58985710144043,13.963780403137207,23.726234436035156,30.30792236328125,66.96153259277344,41.31007766723633,19.772645950317383
2015-07-03,19.868520736694336,28.457828521728516,13.868987083435059,23.504369735717773,30.217296600341797,66.64997100830078,41.20867919921875,19.595308303833008
2015-07-06,19.570842742919922,28.0617618560791,13.504323959350586,23.191146850585938,29.90913200378418,66.32209777832031,40.7016716003418,19.571128845214844
2015-07-07,19.04515838623047,27.60702896118164,13.23573112487793,22.695219039916992,29.383459091186523,65.87118530273438,39.552494049072266,19.38573455810547
2015-07-08,19.165494918823242,27.629039764404297,13.213610649108887,22.714801788330078,29.338136672973633,66.23190307617188,38.78860855102539,19.224523544311523
2015-07-09,19.45684051513672,28.21580696105957,13.568785667419434,23.217260360717773,29.999773025512695,67.45342254638672,39.74176788330078,19.555009841918945
2015-07-10,19.71018409729004,28.853891372680664,13.916380882263184,23.863262176513672,30.4348087310791,68.81428527832031,40.492122650146484,19.90967559814453
2015-07-13,19.925527572631836,29.396650314331055,14.259552001953125,24.352663040161133,30.987686157226562,70.3801040649414,40.74223709106445,20.46585464477539
2015-07-14,20.115535736083984,29.58735466003418,14.320854187011719,24.56800651550293,31.051115036010742,70.93756866455078,40.27580261230469,20.562583923339844
2015-07-15,20.25492286682129,29.70469856262207,14.403483390808105,24.68851089477539,31.330671310424805,71.14966583251953,40.19148254394531,20.602720260620117
2015-07-16,20.267719268798828,30.12276268005371,14.650604248046875,25.15047264099121,31.403995513916016,72.13843536376953,41.09001159667969,20.837488174438477
2015-07-17,20.178152084350586,30.12276268005371,14.66023063659668,25.275867462158203,31.62399673461914,72.40432739257812,40.94485092163086,20.967018127441406
2015-07-20,20.120573043823242,30.24744415283203,14.737253189086914,25.38146209716797,31.880651473999023,72.53727722167969,41.19368362426758,20.975112915039062
2015-07-21,20.005416870117188,29.85138702392578,14.560745239257812,24.985492706298828,31.523168563842773,71.00011444091797,41.09001159667969,20.618921279907227
2015-07-22,19.79429817199707,29.70469856262207,14.55431842803955,24.912891387939453,31.083181381225586,70.56803131103516,40.77207565307617,20.77273178100586
2015-07-23,19.519195556640625,29.565326690673828,14.522229194641113,24.655519485473633,31.266504287719727,70.76746368408203,40.59236145019531,20.586532592773438
2015-07-24,19.263290405273438,29.293960571289062,14.393856048583984,24.721511840820312,31.02818489074707,70.4350814819336,39.6385383605957,20.335580825805664
2015-07-27,18.72588539123535,28.641193389892578,14.063295364379883,24.233152389526367,30.322383880615234,68.94779968261719,38.53268051147461,19.825571060180664
2015-07-28,18.975387573242188,28.949241638183594,14.2783203125,24.417940139770508,30.28571128845215,69.87006378173828,39.0372314453125,20.117002487182617
2015-07-29,19.314472198486328,29.24996566772461,14.321968078613281,24.83370018005371,30.322383880615234,70.70100402832031,38.82988357543945,20.036046981811523
2015-07-30,19.768705368041992,29.38930892944336,14.38422966003418,24.79410743713379,30.79902458190918,70.900390625,38.553409576416016,20.100812911987305
2015-07-31,19.621557235717773,29.440656661987305,14.392571449279785,24.754518508911133,30.789859771728516,70.94193267822266,38.80223846435547,20.044145584106445
2015-08-03,19.474411010742188,29.67536163330078,14.486927032470703,25.051477432250977,30.78068733215332,71.9971694946289,39.140907287597656,20.13319206237793
2015-08-04,19.410432815551758,29.63135528564453,14.28345775604248,25.077877044677734,30.54236602783203,71.43215942382812,39.438114166259766,20.157480239868164
2015-08-05,19.711124420166016,29.976076126098633,14.46446418762207,25.355056762695312,30.91817855834961,72.155029296875,40.37810516357422,20.408443450927734
2015-08-06,19.493600845336914,29.76337242126465,14.406695365905762,25.183469772338867,30.551530838012695,71.32416534423828,40.09471893310547,20.173667907714844
2015-08-07,19.621557235717773,29.455318450927734,14.24622917175293,24.79410743713379,30.157377243041992,70.11933898925781,40.16384506225586,20.003665924072266
2015-08-10,19.602359771728516,29.653352737426758,14.339295387268066,25.038286209106445,30.524030685424805,70.70931243896484,40.37120056152344,20.14129066467285
2015-08-11,19.314472198486328,29.23529052734375,14.191671371459961,24.780908584594727,30.1390438079834,69.85346221923828,38.740028381347656,19.938907623291016
2015-08-12,19.160924911499023,28.43583106994629,13.734662055969238,24.147363662719727,29.16740608215332,68.11688995361328,37.13651657104492,19.509843826293945
2015-08-13,19.122539520263672,28.780553817749023,13.901545524597168,24.305744171142578,29.534059524536133,68.98099517822266,37.53047180175781,19.849853515625
2015-08-14,18.94980812072754,28.736541748046875,13.824522972106934,24.25295639038086,29.32323455810547,69.03916931152344,37.59960174560547,19.971281051635742
2015-08-17,19.00738525390625,28.809890747070312,13.893199920654297,24.206764221191406,29.424062728881836,69.47956848144531,37.4544563293457,20.036046981811523
2015-08-18,18.879430770874023,28.905241012573242,13.963807106018066,24.31894302368164,29.607398986816406,70.08611297607422,37.13651657104492,20.238435745239258
2015-08-19,18.437990188598633,28.35514259338379,13.718610763549805,23.863582611083984,28.99325180053711,68.95608520507812,36.231082916259766,19.930814743041992
2015-08-20,18.22047233581543,27.77572250366211,13.405389785766602,23.26963996887207,28.333269119262695,67.5519027709961,35.38786697387695,19.558420181274414
2015-08-21,17.503936767578125,26.81491470336914,12.890603065490723,22.556896209716797,27.508296966552734,64.61051940917969,34.5930061340332,18.821746826171875
2015-08-24,16.122047424316406,25.436033248901367,12.137696266174316,21.270008087158203,26.26166534423828,62.20091247558594,33.169212341308594,17.996013641357422
2015-08-25,16.704235076904297,26.50685691833496,12.762232780456543,22.23352813720703,27.590791702270508,63.97071838378906,34.980064392089844,18.74888038635254
2015-08-26,16.243600845336914,26.00811004638672,12.5516996383667,21.877155303955078,27.03164291381836,62.990264892578125,34.59991455078125,18.554595947265625
2015-08-27,17.273622512817383,26.990930557250977,13.04593563079834,22.66248893737793,28.003273010253906,65.72391510009766,35.65740966796875,19.153650283813477
2015-08-28,17.7022647857666,27.100955963134766,13.023473739624023,22.748279571533203,28.15910530090332,65.5743408203125,35.45006561279297,19.169843673706055
2015-08-31,17.420764923095703,26.976268768310547,12.93874454498291,22.60308837890625,27.9207820892334,65.20045471191406,35.069923400878906,19.04841423034668
2015-09-01,17.18406105041504,26.27949333190918,12.561327934265137,21.95634651184082,27.416629791259766,63.51372146606445,34.178314208984375,18.75697898864746
2015-09-02,17.04330825805664,26.30883026123047,12.585715293884277,22.028940200805664,27.297468185424805,63.93748092651367,33.96405792236328,18.90269660949707
2015-09-03,17.57431411743164,26.96159553527832,12.850168228149414,22.59649658203125,28.131610870361328,65.43310546875,35.09756088256836,19.3641357421875
2015-09-04,16.896163940429688,26.242815017700195,12.473388671875,22.193923950195312,27.5174560546875,64.50250244140625,34.178314208984375,19.056507110595703
2015-09-07,16.870576858520508,26.3968448638916,12.495858192443848,22.398502349853516,27.68245506286621,64.85147094726562,34.53081130981445,19.07270050048828
2015-09-08,17.139270782470703,26.719560623168945,12.70253849029541,22.66908836364746,27.975780487060547,65.20045471191406,35.463890075683594,19.29128074645996
2015-09-09,17.369579315185547,27.086292266845703,12.923979759216309,22.952857971191406,28.131610870361328,65.74885559082031,35.96152114868164,19.679851531982422
2015-09-10,16.998531341552734,26.726892471313477,12.70895767211914,22.576696395874023,27.893281936645508,65.14229583740234,35.726531982421875,19.517946243286133
2015-09-11,16.8129940032959,26.418842315673828,12.608184814453125,22.009140014648438,27.590791702270508,64.6437759399414,35.477699279785156,19.32365608215332
2015-09-14,16.74901580810547,26.235483169555664,12.45734977722168,21.94314956665039,27.654953002929688,64.14521026611328,35.40859603881836,19.29128074645996
2015-09-15,17.062501907348633,26.503849029541016,12.614603042602539,21.969547271728516,27.96662139892578,64.69359588623047,35.989166259765625,19.275089263916016
2015-09-16,17.555124282836914,26.92632293701172,12.683283805847168,22.207122802734375,28.241601943969727,65.3250961303711,36.26563262939453,19.550323486328125
2015-09-17,17.452756881713867,26.874435424804688,12.69804573059082,22.154325485229492,28.168272018432617,65.00934600830078,36.369319915771484,19.655561447143555
2015-09-18,16.902563095092773,26.355623245239258,12.345019340515137,21.883756637573242,27.7191219329834,64.65205383300781,35.22889709472656,19.558420181274414
2015-09-21,17.04330825805664,26.629858016967773,12.516398429870605,22.134532928466797,27.847450256347656,65.9316635131836,33.749794006347656,19.696044921875
2015-09-22,16.49951171875,25.807161331176758,12.118436813354492,21.533979415893555,27.260805130004883,63.389076232910156,31.261571884155273,19.186037063598633
2015-09-23,16.569881439208984,25.799753189086914,11.990066528320312,21.55377960205078,27.169139862060547,63.49709701538086,31.53804588317871,19.32365608215332
2015-09-24,16.128442764282227,25.280942916870117,11.78145694732666,21.111621856689453,26.78415298461914,62.30061340332031,30.452911376953125,18.991743087768555
2015-09-25,16.467517852783203,25.99245262145996,12.121651649475098,21.797956466674805,27.581623077392578,64.07041931152344,31.233932495117188,19.356033325195312
2015-09-28,16.04527473449707,25.414350509643555,11.78145694732666,21.237003326416016,27.004146575927734,62.849021911621094,30.0935115814209,19.024126052856445
2015-09-29,16.205219268798828,25.199420928955078,11.736526489257812,20.92023277282715,26.994979858398438,61.619319915771484,30.017471313476562,18.684123992919922
2015-09-30,16.544294357299805,25.873876571655273,12.008041381835938,21.30299949645996,27.746620178222656,62.94041442871094,31.012760162353516,19.202224731445312
2015-10-01,16.787405014038086,25.814573287963867,12.022161483764648,20.788246154785156,27.416629791259766,62.74929428100586,30.92981719970703,19.24270248413086
2015-10-02,17.10088348388672,25.962806701660156,12.112021446228027,20.788246154785156,27.526626586914062,62.78253936767578,30.92981719970703,19.19413185119629
2015-10-05,17.926177978515625,26.69655990600586,12.516398429870605,21.514184951782227,28.314937591552734,64.3114242553711,31.676279067993164,19.696044921875
2015-10-06,18.457185745239258,26.822551727294922,12.576089859008789,21.63957977294922,28.47076416015625,63.920902252197266,32.298336029052734,19.623188018798828
2015-10-07,18.92421531677246,26.88925552368164,12.68970012664795,21.55377960205078,28.397438049316406,62.27570343017578,33.293609619140625,19.258892059326172
2015-10-08,18.94980812072754,26.970779418945312,12.619098663330078,21.44158935546875,28.489105224609375,62.54987335205078,33.54935073852539,19.420801162719727
2015-10-09,18.99458885192871,27.0152587890625,12.70253849029541,21.55377960205078,28.47993278503418,62.40034103393555,34.23360061645508,19.258892059326172
2015-10-12,18.7642765045166,26.955955505371094,12.612675666809082,21.514184951782227,28.42493438720703,62.77420425415039,34.61374282836914,19.258892059326172
2015-10-13,18.597930908203125,26.718791961669922,12.420119285583496,21.30299949645996,28.644920349121094,62.4584846496582,34.12302017211914,19.129365921020508
2015-10-14,18.559551239013672,26.52608871459961,12.320627212524414,20.801443099975586,28.34242820739746,61.586055755615234,33.749794006347656,19.04032325744629
2015-10-15,18.732446670532227,26.88925552368164,12.472121238708496,21.12697982788086,29.091693878173828,62.856224060058594,34.11686325073242,19.242570877075195
2015-10-16,18.93943214416504,27.059717178344727,12.694782257080078,21.408231735229492,29.28459358215332,64.0810317993164,33.902496337890625,19.348474502563477
2015-10-19,18.70657730102539,27.141260147094727,12.703170776367188,21.508678436279297,29.367277145385742,64.58929443359375,34.11686325073242,19.584728240966797
2015-10-20,18.538393020629883,27.030080795288086,12.61281967163086,21.58233070373535,29.28459358215332,63.68942642211914,33.92324447631836,19.698787689208984
2015-10-21,18.70657730102539,27.0374813079834,12.52891731262207,21.52876853942871,29.808198928833008,62.86456298828125,34.39344787597656,19.763959884643555
2015-10-22,19.017061233520508,27.600770950317383,12.72059154510498,22.42607879638672,30.405275344848633,64.23933410644531,35.26469039916992,20.000207901000977
2015-10-23,18.965307235717773,28.149229049682617,12.894853591918945,23.015350341796875,30.708402633666992,65.9807357788086,36.364112854003906,20.317935943603516
2015-10-26,18.738916397094727,28.015823364257812,12.858064651489258,23.055526733398438,30.396087646484375,65.86408233642578,36.0875358581543,20.366819381713867
2015-10-27,18.305538177490234,27.726770401000977,12.745118141174316,22.73410415649414,29.982723236083984,65.52245330810547,35.831687927246094,20.260908126831055
2015-10-28,18.616016387939453,28.001007080078125,12.783846855163574,22.928300857543945,30.267486572265625,66.63062286376953,36.1497688293457,20.35052490234375
2015-10-29,18.58367156982422,28.02322769165039,12.56247615814209,23.062227249145508,30.690034866333008,66.52230072021484,36.011470794677734,20.529756546020508
2015-10-30,18.473711013793945,28.038061141967773,12.543112754821777,23.062227249145508,30.846195220947266,66.4806137084961,36.53006362915039,20.513458251953125
2015-11-02,18.60955238342285,28.112173080444336,12.620561599731445,23.062227249145508,30.974803924560547,66.53895568847656,37.06941223144531,20.43199348449707
2015-11-03,19.275789260864258,28.223346710205078,12.536663055419922,23.129194259643555,31.268753051757812,66.46395874023438,36.92420196533203,20.50531768798828
2015-11-04,19.366350173950195,28.327112197875977,12.628949165344238,23.20285415649414,31.470827102661133,66.55561065673828,36.073699951171875,20.529756546020508
2015-11-05,18.965307235717773,28.230758666992188,12.485029220581055,23.068927764892578,31.516765594482422,67.27214813232422,36.218902587890625,20.43199348449707
2015-11-06,18.95237159729004,28.327112197875977,12.76577377319336,23.068927764892578,31.672922134399414,66.74725341796875,37.0002555847168,20.700834274291992
2015-11-09,18.816539764404297,27.97876739501953,12.672191619873047,22.73410415649414,31.57187843322754,65.72242736816406,36.05986785888672,20.366819381713867
2015-11-10,18.861814498901367,28.08253288269043,12.633467674255371,23.2430362701416,31.241193771362305,65.73077392578125,36.3986930847168,20.407548904418945
2015-11-11,18.700105667114258,28.24558448791504,12.685096740722656,23.5175838470459,31.57187843322754,66.2723617553711,36.225826263427734,20.603073120117188
2015-11-12,18.208511352539062,27.79347801208496,12.454697608947754,23.20285415649414,31.397348403930664,65.33915710449219,35.665748596191406,20.334230422973633
2015-11-13,18.046802520751953,27.578535079956055,12.368860244750977,23.176063537597656,30.956432342529297,64.95587921142578,35.58275604248047,20.15500259399414
2015-11-16,18.234386444091797,27.68229866027832,12.309484481811523,23.303298950195312,31.08502197265625,65.0975341796875,35.68647384643555,19.8698673248291
2015-11-17,18.861814498901367,28.378990173339844,12.58054256439209,23.986331939697266,31.65455436706543,66.97222900390625,36.50240707397461,20.35052490234375
2015-11-18,19.06233787536621,28.334524154663086,12.56764030456543,23.818912506103516,31.682113647460938,66.93057250976562,36.6337776184082,20.244617462158203
2015-11-19,19.068801879882812,28.401226043701172,12.635405540466309,23.82561492919922,31.801517486572266,66.88056182861328,36.9656867980957,20.57863426208496
2015-11-20,18.920028686523438,28.460519790649414,12.503100395202637,23.865793228149414,32.00361633300781,67.48046112060547,37.214622497558594,20.56233787536621
2015-11-23,18.8424072265625,28.371578216552734,12.52891731262207,23.678285598754883,31.9025821685791,67.08887481689453,37.22844696044922,20.374963760375977
2015-11-24,18.894155502319336,28.015823364257812,12.426941871643066,23.343477249145508,31.470827102661133,66.09736633300781,37.055572509765625,19.97576904296875
2015-11-25,19.017061233520508,28.393815994262695,12.493419647216797,23.671594619750977,31.893388748168945,66.92222595214844,37.72629928588867,20.23647117614746
2015-11-26,19.28872299194336,28.69028091430664,12.609586715698242,23.96623992919922,32.389427185058594,67.36382293701172,38.56298065185547,20.554187774658203
2015-11-27,19.152894973754883,28.62356948852539,12.581842422485352,23.99971580505371,32.371055603027344,67.31382751464844,38.6805305480957,20.62751007080078
2015-11-30,19.21757698059082,28.764389038085938,12.623787879943848,23.939456939697266,32.628257751464844,67.52212524414062,39.475704193115234,20.86376953125
2015-12-01,19.165830612182617,28.653221130371094,12.696718215942383,23.68498420715332,32.61906433105469,67.08887481689453,39.150726318359375,21.0185546875
2015-12-02,19.12701988220215,28.675451278686523,12.633467674255371,23.65151023864746,32.83036804199219,67.75542449951172,38.818817138671875,21.205930709838867
2015-12-03,18.396085739135742,27.68229866027832,12.270761489868164,22.814456939697266,31.920942306518555,65.34747314453125,37.42896270751953,20.708982467651367
2015-12-04,18.033863067626953,27.66006851196289,12.261079788208008,22.586788177490234,31.893388748168945,65.30582427978516,37.6433219909668,20.766002655029297
2015-12-07,17.53579330444336,27.815696716308594,12.217190742492676,22.861337661743164,32.17814254760742,65.91409301757812,38.14117431640625,20.90450668334961
2015-12-08,17.32234001159668,27.296894073486328,11.900951385498047,22.46624755859375,31.599445343017578,65.00587463378906,37.22844696044922,20.57863426208496
2015-12-09,17.542264938354492,27.163488388061523,11.849322319030762,22.31223487854004,31.287111282348633,64.34766387939453,37.35982131958008,20.35866928100586
2015-12-10,17.548736572265625,27.119020462036133,11.809309959411621,22.19170379638672,31.112586975097656,64.46430969238281,37.44971466064453,20.448278427124023
2015-12-11,16.960111618041992,26.5705623626709,11.523404121398926,21.796619415283203,30.671661376953125,63.67275619506836,36.184349060058594,20.20387840270996
2015-12-14,16.5008544921875,26.096214294433594,11.307195663452148,21.32118034362793,30.074583053588867,62.497955322265625,35.23011016845703,20.01651382446289
2015-12-15,17.13475799560547,26.850549697875977,11.722183227539062,22.104650497436523,31.020727157592773,64.34766387939453,36.357200622558594,20.464582443237305
2015-12-16,17.089475631713867,26.932485580444336,11.765426635742188,22.2117919921875,30.781892776489258,64.68093872070312,36.5922966003418,20.56233787536621
2015-12-17,17.037729263305664,27.27509880065918,11.99001693725586,22.600183486938477,31.259552001953125,65.34747314453125,37.588008880615234,20.78230094909668
2015-12-18,16.953643798828125,26.999523162841797,11.894497871398926,22.18500328063965,30.901315689086914,64.84758758544922,37.09015655517578,20.684539794921875
2015-12-21,16.67549705505371,26.634553909301758,11.699589729309082,21.72295379638672,30.938060760498047,64.10603332519531,36.91728973388672,20.766002655029297
2015-12-22,16.84368133544922,26.70158576965332,11.767358779907227,21.72295379638672,31.011545181274414,63.997684478759766,37.11089324951172,20.651954650878906
2015-12-23,17.6522274017334,27.342134475708008,12.042935371398926,22.405986785888672,31.49839973449707,65.53913116455078,37.892250061035156,21.010406494140625
2015-12-28,17.26412582397461,27.155929565429688,11.922250747680664,22.18500328063965,31.241193771362305,65.51411437988281,37.491214752197266,20.814884185791016
2015-12-29,17.60694694519043,27.647502899169922,12.077142715454102,22.593481063842773,31.84745216369629,66.80558013916016,38.058204650878906,21.181489944458008
2015-12-30,17.451704025268555,27.483644485473633,11.970653533935547,22.42607879638672,31.76478385925293,66.80558013916016,37.71937942504883,21.124462127685547
2016-01-04,17.037729263305664,26.627105712890625,11.612466812133789,21.897064208984375,30.671661376953125,64.82260131835938,35.92158126831055,20.766002655029297
2016-01-05,17.018325805664062,26.835655212402344,11.670550346374512,22.111345291137695,30.919681549072266,66.01404571533203,35.7763786315918,20.90450668334961
2016-01-06,16.68197250366211,26.4632511138916,11.423369407653809,22.024290084838867,30.5889835357666,65.24748992919922,34.7668342590332,20.651954650878906
2016-01-07,16.196840286254883,25.837608337402344,11.141331672668457,21.776533126831055,30.1113224029541,63.722755432128906,33.6535758972168,20.179447174072266
2016-01-08,15.569403648376465,25.442853927612305,10.894145965576172,21.656002044677734,29.734704971313477,62.63127136230469,33.21104049682617,20.089826583862305
2016-01-11,15.472378730773926,25.413066864013672,10.907054901123047,21.568937301635742,30.028648376464844,61.52311325073242,33.32167434692383,20.334230422973633
2016-01-12,15.375353813171387,25.599271774291992,10.974822044372559,21.689476013183594,30.405275344848633,62.248023986816406,33.99932098388672,20.3016414642334
2016-01-13,15.627619743347168,25.778013229370117,11.015482902526855,21.810012817382812,30.414459228515625,62.82291030883789,33.632835388183594,20.27720832824707
2016-01-14,15.970450401306152,25.301345825195312,10.786367416381836,21.31448745727539,29.927602767944336,61.6397590637207,32.30522155761719,19.36476707458496
2016-01-15,15.393657684326172,24.608665466308594,10.369316101074219,20.839614868164062,28.828414916992188,60.173519134521484,31.392488479614258,18.938480377197266
2016-01-18,15.419872283935547,24.519285202026367,10.168597221374512,20.657222747802734,29.012205123901367,60.332000732421875,31.39940071105957,18.995763778686523
2016-01-19,15.603363037109375,24.88424301147461,10.23334789276123,20.96795654296875,29.600353240966797,61.22451400756836,31.890342712402344,19.257659912109375
2016-01-20,14.810419082641602,24.079843521118164,9.804716110229492,20.238407135009766,29.159238815307617,59.7314338684082,30.790908813476562,18.68476104736328
2016-01-21,15.360891342163086,24.563976287841797,10.026154518127441,20.785573959350586,29.673870086669922,60.465450286865234,31.80045509338379,18.856630325317383
2016-01-22,16.09486198425293,25.211957931518555,10.312984466552734,21.602949142456055,30.353912353515625,62.19208526611328,32.298301696777344,19.331317901611328
2016-01-25,15.96379566192627,25.115142822265625,10.006725311279297,21.427309036254883,30.53771209716797,62.642520904541016,31.924911499023438,19.282217025756836
2016-01-26,16.304561614990234,25.338577270507812,10.200972557067871,21.494863510131836,30.638813018798828,62.73427200317383,32.367454528808594,19.388608932495117
2016-01-27,16.474950790405273,25.435401916503906,10.12974739074707,21.77857780456543,30.574472427368164,62.65921401977539,32.58871841430664,19.56047821044922
2016-01-28,16.697763442993164,24.943830490112305,9.880470275878906,21.082799911499023,29.646305084228516,60.440452575683594,31.565351486206055,19.257659912109375
2016-01-29,16.953344345092773,25.532230377197266,10.191259384155273,21.77857780456543,30.56527328491211,61.76668930053711,31.516944885253906,19.51137351989746
2016-02-01,16.776411056518555,25.5247802734375,10.029390335083008,21.93394660949707,29.986331939697266,61.74165344238281,31.350994110107422,19.830564498901367
2016-02-02,15.996563911437988,24.9885196685791,9.642848014831543,21.636722564697266,29.333858489990234,61.341312408447266,30.687191009521484,19.57684898376465
2016-02-03,15.976899147033691,24.571428298950195,9.299690246582031,21.12333106994629,29.03978157043457,59.664695739746094,30.389863967895508,19.257659912109375
2016-02-04,16.468400955200195,24.519285202026367,9.56320858001709,20.961206436157227,28.86517333984375,58.121578216552734,29.774463653564453,19.061235427856445
2016-02-05,16.468400955200195,24.318193435668945,9.55025863647461,20.603187561035156,28.277023315429688,57.50433349609375,30.030298233032227,18.823894500732422
2016-02-08,16.02933120727539,23.42441177368164,9.058178901672363,19.792566299438477,27.05478286743164,55.469058990478516,28.88939094543457,17.94817543029785
2016-02-09,15.452642440795898,23.0222110748291,8.653504371643066,19.62368392944336,27.008831024169922,54.826812744140625,28.481426239013672,17.841777801513672
2016-02-10,15.413322448730469,23.469097137451172,9.073067665100098,19.873632431030273,27.146678924560547,56.11968994140625,28.965450286865234,18.324649810791016
2016-02-11,14.882503509521484,22.620010375976562,8.507823944091797,19.2589111328125,26.319591522216797,54.626609802246094,28.25324249267578,17.579875946044922
2016-02-12,15.767193794250488,23.342479705810547,9.035516738891602,19.71826171875,26.650426864624023,56.06965637207031,28.834070205688477,18.04638671875
2016-02-15,16.17349624633789,24.012813568115234,9.304220199584961,20.191120147705078,27.330474853515625,57.50433349609375,30.140933990478516,18.390125274658203
2016-02-16,16.1603946685791,23.953227996826172,9.268607139587402,20.11681365966797,27.358047485351562,57.32917785644531,30.07870864868164,18.471969604492188
2016-02-17,16.658449172973633,24.5267333984375,9.569681167602539,20.67073631286621,28.01971435546875,58.11322784423828,31.268024444580078,19.07761001586914
2016-02-18,16.58635902404785,24.549081802368164,9.34306812286377,20.839614868164062,28.497581481933594,58.92234420776367,31.350994110107422,19.265844345092773
2016-02-19,16.435632705688477,24.415014266967773,9.223281860351562,20.56941032409668,28.368925094604492,58.521968841552734,30.977609634399414,19.331317901611328
2016-02-22,16.94679069519043,24.779970169067383,9.456375122070312,20.974720001220703,28.782466888427734,59.26433181762695,31.634504318237305,19.413162231445312
2016-02-23,16.48806381225586,24.467145919799805,9.27702522277832,20.657222747802734,28.617046356201172,58.82223129272461,30.936120986938477,19.274030685424805
2016-02-24,16.10141372680664,23.945781707763672,9.016090393066406,20.14383316040039,28.0380859375,57.946407318115234,29.843599319458008,18.987579345703125
2016-02-25,16.35044288635254,24.407562255859375,9.307456016540527,20.792329788208008,28.561912536621094,59.28936767578125,30.07870864868164,19.437715530395508
2016-02-26,16.97300148010254,24.80231475830078,9.603999137878418,20.799083709716797,28.846790313720703,59.98167037963867,30.908466339111328,19.64232635498047
2016-02-29,17.24824333190918,24.995967864990234,9.692702293395996,21.042266845703125,29.16843032836914,59.99835205078125,31.454715728759766,20.09245491027832
2016-03-01,17.43828773498535,25.368379592895508,9.788527488708496,21.481351852416992,29.637107849121094,60.4904899597168,32.415863037109375,20.25614356994629
2016-03-02,17.661094665527344,25.472637176513672,10.102556228637695,21.413795471191406,29.57278823852539,60.72405242919922,32.94828796386719,20.15793800354004
2016-03-03,17.80527114868164,25.39816665649414,10.132984161376953,21.29896354675293,29.177621841430664,59.52289962768555,33.328582763671875,19.707794189453125
2016-03-04,18.034637451171875,25.606718063354492,10.209386825561523,21.332738876342773,29.352231979370117,59.873252868652344,33.66740417480469,19.797822952270508
2016-03-07,18.073959350585938,25.539688110351562,10.105791091918945,21.197641372680664,29.297086715698242,60.09011459350586,33.46687316894531,19.625951766967773
2016-03-08,17.647991180419922,25.27155113220215,10.031332015991211,21.096311569213867,28.855981826782227,59.965003967285156,32.574886322021484,19.404979705810547
2016-03-09,17.80527114868164,25.383270263671875,10.047517776489258,21.109819412231445,28.938690185546875,59.85655212402344,32.561065673828125,19.290395736694336
2016-03-10,17.117176055908203,24.92893409729004,9.979534149169922,20.785573959350586,28.635419845581055,59.080841064453125,31.20578956604004,18.9466609954834
2016-03-11,17.66765022277832,25.614160537719727,10.487801551818848,21.494863510131836,29.22357177734375,59.8815803527832,32.49190902709961,19.421344757080078
2016-03-14,17.661094665527344,25.815265655517578,10.497513771057129,21.623212814331055,29.591171264648438,60.59058380126953,33.017425537109375,19.56866455078125
2016-03-15,17.32687759399414,25.503929138183594,10.30003547668457,21.39354133605957,29.48089599609375,59.806495666503906,32.77540588378906,19.290395736694336
2016-03-16,17.602123260498047,25.51139259338379,10.167304039001465,21.44757843017578,29.54521369934082,59.406131744384766,33.508365631103516,19.290395736694336
2016-03-17,18.06084442138672,25.526342391967773,10.058526992797852,21.29896354675293,29.315481185913086,58.66374969482422,33.15571594238281,19.216733932495117
2016-03-18,17.936338424682617,25.601076126098633,10.14269733428955,21.28545570373535,29.56359100341797,58.25503921508789,33.47379684448242,19.396793365478516
2016-03-21,17.798715591430664,25.54129409790039,10.12974739074707,21.27869987487793,29.444129943847656,58.63038635253906,33.300926208496094,19.339502334594727
2016-03-22,17.792156219482422,25.51139259338379,10.050753593444824,21.197641372680664,29.692256927490234,58.964046478271484,33.48761749267578,19.00394630432129
2016-03-23,17.503820419311523,25.488981246948242,9.870758056640625,21.157108306884766,29.765769958496094,59.08917236328125,33.48072052001953,18.9466609954834
2016-03-24,17.228580474853516,25.092939376831055,9.65709114074707,20.84636688232422,29.36141586303711,58.188331604003906,32.78923797607422,18.922107696533203
2016-03-29,17.156490325927734,25.242382049560547,9.618242263793945,21.03550910949707,29.600353240966797,58.6053466796875,32.941368103027344,19.143085479736328
2016-03-30,17.589012145996094,25.548757553100586,9.653853416442871,21.325984954833984,30.078227996826172,58.78889083862305,33.757301330566406,19.372241973876953
2016-03-31,17.313772201538086,25.317113876342773,9.524357795715332,21.069292068481445,29.866857528686523,58.580360412597656,33.37699508666992,19.404979705810547
2016-04-01,16.848491668701172,24.98084259033203,9.385149955749512,20.718021392822266,29.60954475402832,58.163291931152344,32.51956558227539,19.208559036254883
2016-04-04,16.881258010864258,25.122825622558594,9.380617141723633,20.495100021362305,29.646305084228516,59.356075286865234,32.346702575683594,19.323143005371094
2016-04-05,16.50116539001465,24.637109756469727,9.087313652038574,20.022241592407227,29.085729598999023,58.69712829589844,31.09516143798828,19.012134552001953
2016-04-06,16.619129180908203,24.831403732299805,9.116451263427734,20.211389541625977,29.287904739379883,59.990020751953125,31.088232040405273,19.012134552001953
2016-04-07,16.53392791748047,24.689416885375977,8.93515682220459,20.224895477294922,29.14086151123047,60.54053497314453,30.825496673583984,18.873003005981445
2016-04-08,17.071304321289062,24.9061222076416,9.115157127380371,20.40728759765625,29.287904739379883,60.465450286865234,31.150484085083008,18.873003005981445
2016-04-11,17.222028732299805,25.025686264038086,9.229758262634277,20.535633087158203,29.214385986328125,60.198543548583984,31.544607162475586,18.979394912719727
2016-04-12,17.503820419311523,25.190080642700195,9.257599830627441,20.690996170043945,29.205196380615234,60.3153190612793,31.91108512878418,19.036685943603516
2016-04-13,18.080509185791016,25.84018898010254,9.83385181427002,20.88689613342285,29.90361976623535,60.982608795166016,33.0312614440918,19.3067684173584
2016-04-14,18.191909790039062,25.899974822998047,9.88888931274414,20.90041160583496,29.90361976623535,61.50813293457031,33.24561309814453,19.290395736694336
2016-04-15,17.979373931884766,25.82525062561035,9.864720344543457,21.039445877075195,29.671489715576172,61.3834342956543,32.6629638671875,19.161941528320312
2016-04-18,17.926210403442383,25.907445907592773,9.918692588806152,21.04623794555664,29.542604446411133,61.789093017578125,33.16237258911133,19.219879150390625
2016-04-19,18.278486251831055,26.310955047607422,9.98046875,21.426921844482422,29.984498977661133,62.43142318725586,34.06409454345703,19.277820587158203
2016-04-20,18.457948684692383,26.445478439331055,10.199612617492676,21.4337215423584,29.66228485107422,62.101802825927734,34.508018493652344,19.286100387573242
2016-04-21,18.584230422973633,26.303491592407227,10.341376304626465,21.27056884765625,29.119117736816406,62.43987274169922,34.69529342651367,18.979841232299805
2016-04-22,18.617467880249023,26.25865936279297,10.391446113586426,21.107421875,29.12832260131836,62.17786407470703,33.96699142456055,18.855674743652344
2016-04-25,18.431364059448242,26.116682052612305,10.189858436584473,21.039445877075195,28.944202423095703,62.16099166870117,33.842132568359375,18.930177688598633
2016-04-26,18.60417366027832,26.213817596435547,10.445417404174805,21.093826293945312,28.88896369934082,61.442569732666016,33.96005630493164,19.112268447875977
2016-04-27,18.969743728637695,26.310955047607422,10.42591381072998,21.107421875,29.284826278686523,61.577816009521484,34.27219009399414,19.3192081451416
2016-04-28,19.102680206298828,26.34832191467285,10.47273063659668,21.05303382873535,29.321651458740234,61.738399505615234,34.452518463134766,19.3192081451416
2016-04-29,18.710525512695312,25.765466690063477,10.134587287902832,20.61117172241211,28.447072982788086,60.22556686401367,33.21786880493164,18.772905349731445
2016-05-02,18.610822677612305,25.82525062561035,10.03574275970459,20.699546813964844,28.631195068359375,60.10724639892578,33.40515899658203,18.888792037963867
2016-05-03,18.085729598999023,25.369421005249023,9.682641983032227,20.529603958129883,28.170883178710938,59.845272064208984,32.551979064941406,18.508033752441406
2016-05-04,17.85309600830078,25.092939376831055,9.533075332641602,20.13532829284668,27.9315242767334,58.87332534790039,32.1566162109375,18.441822052001953
2016-05-05,18.14554786682129,25.234912872314453,9.496013641357422,20.38684844970703,27.9959659576416,58.90713119506836,32.0040168762207,18.607362747192383
2016-05-06,18.178787231445312,25.145248413085938,9.466751098632812,20.17610740661621,27.710573196411133,58.31553649902344,32.22597885131836,18.499759674072266
2016-05-09,17.799922943115234,25.272274017333984,9.419279098510742,20.332462310791016,28.13405990600586,59.68467712402344,32.35776901245117,18.872230529785156
2016-05-10,18.079082489013672,25.518869400024414,9.59810733795166,20.597576141357422,27.968341827392578,60.26781463623047,32.98896789550781,19.0129451751709
2016-05-11,18.1987247467041,25.41425132751465,9.499263763427734,20.51600456237793,27.83025360107422,60.064979553222656,32.73231887817383,18.86396026611328
2016-05-12,18.258543014526367,25.264802932739258,9.427733421325684,20.658763885498047,27.526447296142578,59.71847915649414,32.42020034790039,18.971559524536133
2016-05-13,18.178787231445312,25.39183235168457,9.499263763427734,20.828704833984375,27.876285552978516,60.36079025268555,32.690704345703125,18.872230529785156
2016-05-17,18.398130416870117,25.444143295288086,9.52202320098877,21.005449295043945,27.986759185791016,60.411502838134766,31.816741943359375,18.963279724121094
2016-05-18,18.477890014648438,25.645904541015625,9.704102516174316,21.195789337158203,28.3734188079834,60.79182052612305,31.80286407470703,19.368871688842773
2016-05-19,17.992679595947266,25.369421005249023,9.715156555175781,20.87629508972168,28.023588180541992,60.064979553222656,31.754302978515625,19.07088851928711
2016-05-20,18.278486251831055,25.728105545043945,9.841960906982422,21.148208618164062,28.502302169799805,61.24822235107422,32.07337951660156,19.352319717407227
2016-05-23,18.05914306640625,25.57864761352539,9.79513931274414,20.910282135009766,28.612777709960938,61.374996185302734,31.67106819152832,19.368871688842773
2016-05-24,18.35824966430664,26.20634651184082,10.141087532043457,21.222986221313477,29.229589462280273,62.47367477416992,32.51036834716797,19.815845489501953
2016-05-25,18.803577423095703,26.520198822021484,10.497441291809082,21.528888702392578,29.634666442871094,63.52165985107422,33.093013763427734,20.064165115356445
2016-05-26,18.810218811035156,26.565034866333008,10.443467140197754,21.787206649780273,29.77275276184082,63.5047492980957,33.58549499511719,19.956562042236328
2016-05-27,18.70387840270996,26.647228240966797,10.46947956085205,21.753219604492188,29.901647567749023,63.94426727294922,33.49531555175781,20.055889129638672
2016-05-30,18.69058609008789,26.707014083862305,10.471431732177734,21.814403533935547,29.975297927856445,63.927330017089844,33.83519744873047,20.055889129638672
2016-05-31,18.517765045166016,26.482837677001953,10.326420783996582,21.515296936035156,29.929258346557617,63.57236099243164,33.66178894042969,19.964841842651367
2016-06-01,18.305070877075195,26.198875427246094,10.136536598205566,21.175399780273438,29.62546157836914,63.37800216674805,33.183189392089844,19.5758113861084
2016-06-02,18.172134399414062,26.22877311706543,10.163846015930176,21.22978401184082,29.708314895629883,63.699127197265625,33.509185791015625,19.68341064453125
2016-06-03,18.138904571533203,26.012062072753906,9.938201904296875,21.039445877075195,29.533401489257812,63.08219528198242,32.753135681152344,19.691682815551758
2016-06-06,18.47123908996582,26.1241455078125,9.928449630737305,21.03264808654785,29.514989852905273,63.268123626708984,32.780879974365234,19.608915328979492
2016-06-07,18.969743728637695,26.415584564208984,10.061755180358887,21.18219566345215,29.818788528442383,63.74139404296875,33.453704833984375,19.757905960083008
2016-06-08,19.03620719909668,26.26612663269043,9.939501762390137,21.03264808654785,29.551809310913086,63.20896530151367,33.11381530761719,19.501312255859375
2016-06-09,18.823518753051758,26.03447723388672,9.811396598815918,20.68594741821289,29.42292022705078,62.828651428222656,32.517303466796875,19.418535232543945
2016-06-10,18.53770637512207,25.40679168701172,9.460247039794922,20.230491638183594,28.7692813873291,61.417236328125,31.858362197875977,18.94672966003418
2016-06-13,18.218666076660156,24.92106056213379,9.17087459564209,19.822622299194336,28.35500144958496,60.377708435058594,31.17860221862793,18.665306091308594
2016-06-14,17.706865310668945,24.465242385864258,8.96733570098877,19.441940307617188,27.959138870239258,59.24521255493164,30.623693466186523,18.251436233520508
2016-06-15,17.819862365722656,24.699621200561523,9.068130493164062,19.577896118164062,28.299766540527344,59.5494384765625,30.783235549926758,18.35904312133789
2016-06-16,17.77998161315918,24.548091888427734,8.949776649475098,19.503122329711914,28.124847412109375,59.22828674316406,30.589008331298828,18.094167709350586
2016-06-17,18.271835327148438,24.85873031616211,9.324989318847656,19.611888885498047,28.31818389892578,59.380393981933594,31.005186080932617,18.458370208740234
2016-06-20,18.903278350830078,25.805797576904297,9.750919342041016,20.380050659179688,29.248008728027344,60.85096740722656,32.4340705871582,19.451642990112305
2016-06-21,19.029565811157227,25.980070114135742,9.858217239379883,20.35285758972168,29.43212890625,61.332740783691406,32.40632629394531,19.46820068359375
2016-06-22,19.069442749023438,26.086139678955078,9.942753791809082,20.468421936035156,29.496570587158203,61.552494049072266,32.41325378417969,19.47647476196289
2016-06-23,19.435020446777344,26.4649715423584,10.211320877075195,20.903486251831055,29.910852432250977,61.94123840332031,33.21786880493164,19.774463653564453
2016-06-24,18.26519203186035,24.51020622253418,8.603178977966309,18.979684829711914,28.299766540527344,60.72421646118164,30.152029037475586,18.168663024902344
2016-06-27,17.919565200805664,23.61617660522461,8.073205947875977,18.46303939819336,27.148996353149414,60.07345962524414,28.62604522705078,16.59598159790039
2016-06-28,18.331661224365234,24.207143783569336,8.268287658691406,19.10884666442871,27.84866714477539,61.53557586669922,29.04222297668457,16.860857009887695
2016-06-29,19.242259979248047,24.94207000732422,8.453617095947266,19.91779136657715,28.53913116455078,63.35264587402344,29.083843231201172,17.32437515258789
2016-06-30,19.415075302124023,25.16936683654785,8.463371276855469,20.05375099182129,28.8337345123291,64.05408477783203,29.0768985748291,17.241607666015625
2016-07-01,19.694238662719727,25.39666748046875,8.521896362304688,20.128530502319336,28.90737533569336,64.22315216064453,30.1312255859375,17.580976486206055
2016-07-04,19.52142333984375,25.19967269897461,8.385336875915527,19.93818473815918,28.57595443725586,64.40062713623047,29.513893127441406,17.423709869384766
2016-07-05,19.282140731811523,24.790544509887695,8.156441688537598,19.6458740234375,28.2169189453125,63.994937896728516,28.556682586669922,17.117448806762695
2016-07-06,18.876691818237305,24.396560668945312,7.967859268188477,19.10884666442871,27.83025360107422,63.63998031616211,28.376340866088867,16.827743530273438
2016-07-07,19.08273696899414,24.66173553466797,8.066702842712402,19.339975357055664,28.060407638549805,64.12173461914062,28.480390548706055,17.10916519165039
2016-07-08,19.322017669677734,25.040565490722656,8.354776382446289,19.605091094970703,28.7692813873291,64.45134735107422,29.520832061767578,17.37404441833496
2016-07-11,19.541364669799805,25.449710845947266,8.52059555053711,19.802228927612305,29.441333770751953,64.949951171875,30.082672119140625,17.77135467529297
2016-07-12,19.86040687561035,25.74518394470215,8.808018684387207,20.142122268676758,29.597837448120117,64.67105865478516,31.17860221862793,18.176937103271484
2016-07-13,19.627775192260742,25.639123916625977,8.69616985321045,19.999370574951172,29.689899444580078,64.67105865478516,30.866464614868164,18.16038703918457
2016-07-14,19.867048263549805,25.904294967651367,8.912064552307129,20.13532829284668,30.15020751953125,64.45979309082031,31.518470764160156,18.259719848632812
2016-07-15,19.817907333374023,25.84368324279785,8.913039207458496,20.168142318725586,30.01117706298828,64.78813934326172,31.43640899658203,18.03168296813965
2016-07-18,19.636402130126953,25.904294967651367,8.936392784118652,20.037885665893555,31.054397583007812,64.6856689453125,31.572036743164062,18.14116668701172
2016-07-19,19.656566619873047,25.783065795898438,8.889691352844238,19.907638549804688,30.868104934692383,64.52339172363281,31.1794376373291,18.073787689208984
2016-07-20,19.622953414916992,26.048255920410156,9.031790733337402,19.8939266204834,31.818193435668945,65.44567108154297,31.943220138549805,18.208547592163086
2016-07-21,19.64312744140625,26.033100128173828,9.086496353149414,19.832237243652344,31.874073028564453,65.09556579589844,32.09311294555664,18.13274574279785
2016-07-22,19.515396118164062,25.995220184326172,9.036459922790527,20.14756965637207,31.874073028564453,65.44567108154297,31.95035743713379,18.065366744995117
2016-07-25,19.11204719543457,26.04067611694336,8.979757308959961,20.140722274780273,32.10694122314453,65.36882019042969,32.185916900634766,18.208547592163086
2016-07-26,19.138931274414062,26.086139678955078,8.959741592407227,20.044742584228516,32.24665069580078,65.69330596923828,32.75697326660156,18.208547592163086
2016-07-27,19.105321884155273,26.21493911743164,9.07982349395752,20.13386344909668,32.488834381103516,65.49687957763672,33.47078323364258,18.22538948059082
2016-07-28,18.836421966552734,25.91945457458496,8.846327781677246,19.900779724121094,32.45155715942383,65.24073028564453,32.64990234375,18.073787689208984
2016-07-29,18.816255569458008,26.146753311157227,9.025118827819824,19.976194381713867,32.488834381103516,65.49687957763672,32.9496955871582,18.292762756347656
2016-08-01,18.480127334594727,25.972484588623047,8.846327781677246,19.935062408447266,32.274593353271484,65.82994842529297,32.85689926147461,18.14116668701172
2016-08-02,18.170894622802734,25.63154411315918,8.561455726623535,19.667707443237305,31.780925750732422,64.99308013916016,31.98604965209961,17.97272491455078
2016-08-03,18.291900634765625,25.639123916625977,8.711562156677246,19.79110336303711,31.725034713745117,64.6856689453125,32.06455993652344,17.930620193481445
2016-08-04,18.580968856811523,25.86641502380371,8.831648826599121,19.859655380249023,31.976526260375977,65.0186767578125,32.19305419921875,18.014835357666016
2016-08-05,18.796083450317383,26.13159942626953,9.031790733337402,20.05845832824707,32.162811279296875,64.92477416992188,33.128143310546875,18.326452255249023
2016-08-08,18.9372615814209,26.146753311157227,9.165220260620117,20.010465621948242,32.078983306884766,64.06229400634766,33.10673904418945,18.275920867919922
2016-08-09,19.071712493896484,26.374048233032227,9.26329231262207,20.216127395629883,32.51676559448242,64.4977798461914,33.791988372802734,18.35171127319336
2016-08-10,18.977598190307617,26.31343650817871,9.286640167236328,20.181848526000977,32.414302825927734,63.78903579711914,33.756317138671875,18.233814239501953
2016-08-11,19.226327896118164,26.586193084716797,9.376705169677734,20.401216506958008,32.60990524291992,64.22451782226562,33.963321685791016,18.435943603515625
2016-08-12,19.219606399536133,26.52556610107422,9.348686218261719,20.394363403320312,32.51676559448242,63.83174514770508,33.684913635253906,18.537004470825195
2016-08-15,19.239774703979492,26.510425567626953,9.320000648498535,20.29153060913086,32.5726432800293,64.08789825439453,33.9276237487793,18.44436264038086
2016-08-16,19.27338218688965,26.290700912475586,9.221929550170898,20.079023361206055,32.28390121459961,63.39622497558594,33.442222595214844,18.259077072143555
2016-08-17,19.138931274414062,26.055835723876953,9.106512069702148,19.976194381713867,31.846126556396484,62.89237976074219,33.04963302612305,18.21696662902832
2016-08-18,19.44145393371582,26.28312873840332,9.159881591796875,20.079023361206055,32.05104064941406,62.935081481933594,33.24235534667969,18.427515029907227
2016-08-19,19.26666259765625,26.06340980529785,9.036459922790527,19.86650848388672,32.05104064941406,62.5764274597168,32.89259719848633,18.385406494140625
2016-08-22,19.105321884155273,26.093713760375977,9.073152542114258,19.921348571777344,32.02310562133789,62.9948616027832,32.91401290893555,18.435943603515625
2016-08-23,19.212881088256836,26.31343650817871,9.293313026428223,20.051597595214844,32.30253219604492,62.969261169433594,33.1638298034668,18.629650115966797
2016-08-24,19.239774703979492,26.427082061767578,9.488784790039062,20.037885665893555,32.40498733520508,63.10588073730469,33.306610107421875,18.68018341064453
2016-08-25,19.145658493041992,26.222511291503906,9.410061836242676,19.928203582763672,32.14419937133789,62.2519645690918,32.821205139160156,18.44436264038086
2016-08-26,19.401111602783203,26.351316452026367,9.4821138381958,20.044742584228516,32.367740631103516,62.260501861572266,33.156700134277344,18.486474990844727
2016-08-29,19.26666259765625,26.290700912475586,9.466769218444824,19.880220413208008,32.30253219604492,62.397117614746094,32.95684051513672,18.419099807739258
2016-08-30,19.401111602783203,26.434661865234375,9.636892318725586,19.969335556030273,32.703041076660156,62.54228973388672,33.33515548706055,18.427515029907227
2016-08-31,19.16582489013672,26.290700912475586,9.783661842346191,19.921348571777344,32.414302825927734,61.970176696777344,33.24949645996094,18.385406494140625
2016-09-01,19.044815063476562,26.349252700805664,9.88039779663086,19.804819107055664,32.488834381103516,61.28700256347656,33.28519058227539,18.604379653930664
2016-09-02,19.535560607910156,26.8507137298584,10.053857803344727,20.14756965637207,32.85209655761719,62.62766647338867,33.756317138671875,18.84861946105957
2016-09-05,19.737241744995117,26.903894424438477,10.03050708770752,20.195560455322266,32.805511474609375,62.73868179321289,33.756317138671875,18.90757942199707
2016-09-06,19.562454223632812,26.789918899536133,9.853713035583496,20.12700843811035,32.60060119628906,62.73868179321289,33.82769775390625,18.823360443115234
2016-09-07,19.770849227905273,26.881101608276367,9.889073371887207,20.154428482055664,32.805511474609375,62.79848098754883,34.19886779785156,18.755979537963867
2016-09-08,19.777568817138672,26.789918899536133,9.997147560119629,20.202417373657227,32.46087646484375,62.4398193359375,33.884788513183594,18.730712890625
2016-09-09,19.481779098510742,26.486013412475586,10.039176940917969,20.024179458618164,32.22800064086914,61.65421676635742,33.756317138671875,18.452789306640625
2016-09-12,19.300273895263672,26.227684020996094,9.830363273620605,19.784244537353516,31.89270782470703,61.6712646484375,33.1781120300293,18.309612274169922
2016-09-13,18.74903106689453,25.946569442749023,9.652235984802246,19.427776336669922,31.818193435668945,61.44925308227539,32.97825241088867,18.200124740600586
2016-09-14,18.614580154418945,25.923770904541016,9.610203742980957,19.249536514282227,31.808868408203125,61.8335075378418,32.83547592163086,18.18328094482422
2016-09-15,18.69524383544922,26.11981964111328,9.692262649536133,19.311233520507812,32.078983306884766,62.209259033203125,33.021080017089844,18.402257919311523
2016-09-16,18.446517944335938,25.943126678466797,9.490120887756348,19.338655471801758,31.874073028564453,62.422725677490234,32.321533203125,18.427515029907227
2016-09-19,18.74903106689453,26.196640014648438,9.572178840637207,19.462047576904297,32.293212890625,62.91801071166992,32.778377532958984,18.44436264038086
2016-09-20,18.567520141601562,26.150554656982422,9.488784790039062,19.47575569152832,32.40498733520508,63.19129180908203,32.64276123046875,18.35171127319336
2016-09-21,18.641475677490234,26.273462295532227,9.67892074584961,19.770536422729492,32.63785934448242,62.969261169433594,32.88545227050781,18.267501831054688
2016-09-22,19.071712493896484,26.68830680847168,9.75564193725586,20.079023361206055,33.34574508666992,63.43889617919922,33.599266052246094,18.44436264038086
2016-09-23,18.957427978515625,26.511619567871094,9.610203742980957,19.941917419433594,33.15945816040039,63.1998291015625,33.413673400878906,18.334877014160156
2016-09-26,18.661636352539062,26.112140655517578,9.383378028869629,19.63343048095703,32.796207427978516,62.16655731201172,32.67844009399414,17.930620193481445
2016-09-27,18.493574142456055,26.112140655517578,9.370033264160156,19.674564361572266,32.8427734375,62.362972259521484,32.5142707824707,18.149595260620117
2016-09-28,18.601133346557617,26.2888240814209,9.440084457397461,19.79110336303711,33.03836441040039,62.68745803833008,32.91401290893555,18.309612274169922
2016-09-29,19.42127799987793,26.311874389648438,9.463433265686035,19.797954559326172,32.954551696777344,61.82498550415039,32.89972686767578,18.14116668701172
2016-09-30,19.41455841064453,26.35797691345215,9.520140647888184,19.667707443237305,33.23398208618164,61.50046920776367,33.26377487182617,18.22538948059082
2016-10-04,19.770849227905273,26.565401077270508,9.593525886535645,19.749969482421875,33.42028045654297,61.85911560058594,33.9276237487793,18.419099807739258
2016-10-05,19.8851318359375,26.404062271118164,9.738964080810547,19.427776336669922,33.17809295654297,61.474857330322266,34.05610275268555,18.006412506103516
2016-10-06,19.878406524658203,26.29651641845703,9.81035041809082,19.112430572509766,33.010433197021484,61.15035629272461,33.97044372558594,17.80428123474121
2016-10-07,19.79773712158203,26.027631759643555,9.770319938659668,18.838214874267578,32.684425354003906,60.894168853759766,33.570709228515625,17.324228286743164
2016-10-10,20.227977752685547,26.258102416992188,9.80367660522461,19.050735473632812,33.066307067871094,61.36384201049805,33.99186706542969,17.307384490966797
2016-10-11,19.938907623291016,26.089086532592773,9.726957321166992,19.023313522338867,32.6564826965332,60.82586669921875,33.74203872680664,17.341073989868164
2016-10-12,19.945636749267578,26.012269973754883,9.746969223022461,18.831363677978516,31.715721130371094,60.07440948486328,33.55643081665039,17.27369499206543
2016-10-13,19.824628829956055,25.78948402404785,9.546826362609863,18.749101638793945,31.361772537231445,59.954856872558594,33.04963302612305,17.240001678466797
2016-10-14,20.10025405883789,26.104450225830078,9.750304222106934,19.037025451660156,31.576004028320312,60.304969787597656,33.442222595214844,17.37476348876953
2016-10-17,19.870445251464844,25.927762985229492,9.732864379882812,18.962303161621094,31.40142059326172,59.845497131347656,33.35079574584961,17.22012710571289
2016-10-18,20.06759262084961,26.2888240814209,9.976640701293945,19.30315399169922,31.925703048706055,60.58222579956055,33.50804901123047,17.57552719116211
2016-10-19,20.264732360839844,26.396381378173828,10.067548751831055,19.198810577392578,31.935075759887695,60.58222579956055,33.73676681518555,17.710918426513672
2016-10-20,20.305522918701172,26.46552848815918,10.212336540222168,19.240549087524414,31.794631958007812,60.63362503051758,34.0655632019043,17.753231048583984
2016-10-21,20.319107055664062,26.450159072875977,10.269577980041504,19.337932586669922,32.1223258972168,60.4622917175293,33.829689025878906,17.727842330932617
2016-10-24,20.305522918701172,26.45783805847168,10.402912139892578,19.344890594482422,32.07551956176758,59.93115234375,34.10129928588867,17.617839813232422
2016-10-25,20.332714080810547,26.373334884643555,10.370591163635254,19.678783416748047,31.80400848388672,58.97171401977539,34.09414291381836,17.47399139404297
2016-10-26,20.162757873535156,26.281150817871094,10.3975248336792,19.623130798339844,31.747821807861328,58.509124755859375,34.265689849853516,17.431673049926758
2016-10-27,20.278322219848633,26.2888240814209,10.49853801727295,19.52574920654297,31.476314544677734,58.723304748535156,34.294288635253906,17.372440338134766
2016-10-28,20.189952850341797,26.196640014648438,10.478334426879883,19.4840087890625,31.31715965270996,57.8409538269043,34.351463317871094,17.558605194091797
2016-10-31,19.884042739868164,26.058361053466797,10.38742446899414,19.351844787597656,31.129907608032227,57.40406036376953,34.187076568603516,17.634765625
2016-11-01,19.63931655883789,25.76643943786621,10.192133903503418,19.066640853881836,30.5213565826416,56.81296920776367,33.786808013916016,17.516294479370117
2016-11-02,19.197450637817383,25.46682357788086,9.95509147644043,18.864917755126953,30.259212493896484,56.68445587158203,32.893348693847656,17.431673049926758
2016-11-03,19.224641799926758,25.45914649963379,10.059473037719727,18.91360855102539,30.062597274780273,56.675899505615234,32.77898406982422,17.558605194091797
2016-11-04,19.122671127319336,25.25940704345703,9.96182632446289,18.649282455444336,29.97834014892578,56.05054473876953,32.60744094848633,17.321666717529297
2016-11-07,19.4693660736084,25.69729232788086,10.269577980041504,18.802309036254883,30.53072166442871,56.83009719848633,33.329349517822266,17.617839813232422
2016-11-08,19.489761352539062,25.774118423461914,10.340287208557129,18.844051361083984,30.53072166442871,56.907196044921875,33.329349517822266,17.67707061767578
2016-11-09,19.557743072509766,26.18895721435547,10.527493476867676,18.941434860229492,30.65243148803711,59.742698669433594,33.207847595214844,17.820924758911133
2016-11-10,19.666507720947266,26.104450225830078,10.784738540649414,18.43364143371582,30.334104537963867,59.39148712158203,32.75040054321289,17.643226623535156
2016-11-11,19.224641799926758,26.012269973754883,10.724130630493164,18.461467742919922,30.01579475402832,58.88604736328125,33.47230911254883,17.668611526489258
2016-11-14,19.061492919921875,26.066038131713867,10.946356773376465,18.35016441345215,29.9315242767334,58.89462661743164,33.479454040527344,17.70246124267578
2016-11-15,19.61892318725586,26.12750244140625,10.939621925354004,18.43364143371582,29.99706268310547,58.629058837890625,33.729610443115234,17.812467575073242
2016-11-16,19.61212158203125,26.104450225830078,10.815041542053223,18.426685333251953,30.27793312072754,59.02313995361328,33.665283203125,17.880157470703125
2016-11-17,19.768478393554688,26.25041961669922,10.838611602783203,18.677108764648438,30.586889266967773,59.083091735839844,33.83682632446289,17.96478271484375
2016-11-18,19.54414939880371,26.11981964111328,10.730867385864258,18.44059944152832,30.99883460998535,58.71471405029297,33.87971496582031,18.167869567871094
2016-11-21,19.99960708618164,26.212003707885742,10.774635314941406,18.41973304748535,31.167360305786133,58.50054931640625,34.21566390991211,18.244028091430664
2016-11-22,20.020002365112305,26.212003707885742,10.868914604187012,18.593631744384766,31.345251083374023,57.07853698730469,34.37289810180664,18.083250045776367
2016-11-23,20.06759262084961,26.23505401611328,10.852081298828125,18.510160446166992,31.363977432250977,57.14706802368164,34.122737884521484,18.235565185546875
2016-11-24,20.189952850341797,26.32724380493164,10.852081298828125,18.5797176361084,31.62611198425293,57.669612884521484,34.30144119262695,18.3201847076416
2016-11-25,20.060791015625,26.38102149963379,10.788105010986328,18.586679458618164,31.513769149780273,58.44058609008789,34.30144119262695,18.260950088500977
2016-11-28,19.924835205078125,26.165908813476562,10.574634552001953,18.329296112060547,31.28907012939453,58.200740814208984,34.015525817871094,18.167869567871094
2016-11-29,19.68010711669922,26.265777587890625,10.66891098022461,18.482332229614258,31.326520919799805,58.4748649597168,34.036956787109375,18.370952606201172
2016-11-30,20.373493194580078,26.342607498168945,10.786759376525879,18.489290237426758,31.223535537719727,58.31208419799805,33.80824279785156,18.134016036987305
2016-12-01,20.754182815551758,26.25041961669922,10.889117240905762,18.273656845092773,30.633710861206055,57.41262435913086,33.729610443115234,17.96478271484375
2016-12-02,20.604629516601562,26.158231735229492,10.7598237991333,18.294517517089844,30.343473434448242,57.44688415527344,33.53662872314453,17.897085189819336
2016-12-05,20.659011840820312,26.334922790527344,10.86217975616455,18.22496223449707,30.7647762298584,57.48971939086914,34.351463317871094,17.91400909423828
2016-12-06,20.618221282958984,26.573074340820312,11.3470458984375,18.41973304748535,30.86777114868164,57.51541519165039,34.601627349853516,17.88861846923828
2016-12-07,20.896942138671875,26.849641799926758,11.616408348083496,18.656230926513672,31.14862823486328,57.009986877441406,35.738101959228516,18.04094123840332
2016-12-08,21.032899856567383,27.17228889465332,11.882407188415527,19.0249080657959,31.56057357788086,57.326961517333984,36.5172004699707,18.32864761352539
2016-12-09,21.12127685546875,27.43349266052246,11.821797370910645,19.16402816772461,31.71973419189453,59.04881286621094,36.44572448730469,18.53173065185547
2016-12-12,21.556344985961914,27.310575485229492,11.683749198913574,19.09446907043457,31.5699462890625,58.586219787597656,36.15982437133789,18.32864761352539
2016-12-13,21.5699405670166,27.564102172851562,11.81169605255127,19.449228286743164,31.9069881439209,59.717010498046875,36.52433776855469,18.51480484008789
2016-12-14,21.52915382385254,27.387393951416016,11.687116622924805,19.449228286743164,31.935075759887695,59.160179138183594,36.55292892456055,18.497886657714844
2016-12-15,21.637924194335938,27.704269409179688,11.95984935760498,19.45618438720703,32.5904426574707,60.05965805053711,37.003231048583984,18.904056549072266
2016-12-16,21.916635513305664,27.781517028808594,11.922808647155762,19.61617660522461,32.78705978393555,60.35093307495117,37.174774169921875,18.97175407409668
2016-12-19,21.875850677490234,27.773799896240234,11.73762035369873,19.776165008544922,33.1428108215332,60.487979888916016,37.29628372192383,18.988683700561523
2016-12-20,22.05939483642578,27.858783721923828,11.862202644348145,19.776165008544922,33.09600830078125,60.65933609008789,37.47498321533203,18.997142791748047
2016-12-21,21.95741844177246,27.866500854492188,11.83055305480957,19.678783416748047,33.18962860107422,60.428016662597656,37.63936996459961,18.9294490814209
2016-12-22,22.05939483642578,27.781517028808594,11.79822826385498,19.58139419555664,32.871307373046875,60.496559143066406,37.47498321533203,19.02252769470215
2016-12-23,22.072988510131836,27.78924560546875,11.702604293823242,19.713563919067383,33.133453369140625,60.539390563964844,37.46782302856445,19.04791259765625
2016-12-27,22.188547134399414,27.796972274780273,11.705970764160156,19.69269371032715,33.2364387512207,60.77069854736328,37.482120513916016,19.183303833007812
2016-12-28,22.283727645874023,27.912853240966797,11.68913459777832,19.623130798339844,33.32070541381836,60.993404388427734,37.44637680053711,19.039445877075195
2016-12-29,22.358505249023438,27.843320846557617,11.571288108825684,19.74834442138672,33.20835494995117,61.00196838378906,37.10329818725586,18.97175407409668
2016-12-30,22.331310272216797,27.912853240966797,11.62852668762207,19.70661163330078,33.245811462402344,60.650760650634766,37.210506439208984,19.081764221191406
2017-01-02,22.542049407958984,28.121450424194336,11.707316398620605,19.824853897094727,33.42369842529297,61.34463119506836,37.61077880859375,19.1917667388916
2017-01-03,22.725597381591797,28.221879959106445,12.044022560119629,19.97093391418457,33.28326416015625,61.79864501953125,38.18259811401367,19.14946174621582
2017-01-04,22.65081214904785,28.19098472595215,12.101266860961914,20.158750534057617,33.133453369140625,61.85006332397461,37.83235168457031,19.174840927124023
2017-01-05,22.657615661621094,28.25278091430664,12.017088890075684,20.38134765625,33.18962860107422,62.26126480102539,38.011051177978516,19.335622787475586
2017-01-06,22.630420684814453,28.221879959106445,12.070959091186523,20.3883056640625,33.39559555053711,62.00428009033203,38.103965759277344,19.200223922729492
2017-01-09,22.27013397216797,28.067371368408203,11.865571022033691,20.103097915649414,33.47986602783203,61.85862731933594,38.26835632324219,18.954832077026367
2017-01-10,22.188547134399414,28.121450424194336,11.852102279663086,20.103097915649414,33.489234924316406,61.91859436035156,38.48993682861328,19.140995025634766
2017-01-11,22.385696411132812,28.16779899597168,11.7948579788208,20.297874450683594,33.59221267700195,61.6187629699707,38.94738006591797,19.081764221191406
2017-01-12,22.317718505859375,27.95920753479004,11.717415809631348,20.193532943725586,33.301979064941406,60.43659210205078,37.81806564331055,18.870210647583008
2017-01-13,22.42648696899414,28.260509490966797,11.965234756469727,20.346567153930664,33.704559326171875,61.318939208984375,38.19688415527344,18.97175407409668
2017-01-16,22.268951416015625,28.00556755065918,11.778590202331543,20.086055755615234,33.450931549072266,60.668304443359375,37.66080856323242,18.755964279174805
2017-01-17,22.152006149291992,27.94375991821289,11.76839828491211,20.057899475097656,33.3945426940918,60.513824462890625,37.74658966064453,18.7899169921875
2017-01-18,22.172639846801758,28.00556755065918,11.74937629699707,20.036792755126953,33.68590545654297,60.89144515991211,37.79662322998047,18.95116424560547
2017-01-19,21.952497482299805,27.997844696044922,11.817312240600586,19.97344970703125,33.62012481689453,60.333614349365234,38.011051177978516,18.942672729492188
2017-01-20,22.10384750366211,27.96693992614746,11.871663093566895,20.079017639160156,33.563724517822266,59.84442901611328,37.996742248535156,18.90873146057129
2017-01-23,21.759872436523438,27.80469512939453,11.72220230102539,19.896032333374023,33.159542083740234,59.32948303222656,38.00388717651367,18.89175796508789
2017-01-24,21.883705139160156,27.889680862426758,11.847882270812988,19.340038299560547,33.3287467956543,58.78880310058594,38.49707794189453,18.80689239501953
2017-01-25,22.055688858032227,28.25278091430664,12.184161186218262,19.248550415039062,33.65771484375,59.81867218017578,38.997413635253906,18.968137741088867
2017-01-26,21.993772506713867,28.3377685546875,12.228323936462402,19.3541202545166,33.94907760620117,60.72838592529297,38.72580337524414,18.976621627807617
2017-01-27,21.86306381225586,28.237342834472656,12.142041206359863,19.185209274291992,33.9396858215332,60.608272552490234,38.389869689941406,19.04451560974121
2017-01-30,21.457178115844727,27.95920753479004,11.95658016204834,19.135942459106445,33.73291015625,60.61682891845703,37.78947448730469,18.900245666503906
2017-01-31,21.28519058227539,27.742887496948242,11.817312240600586,19.072607040405273,33.573123931884766,60.16197204589844,37.417789459228516,18.755964279174805
2017-02-01,21.374618530273438,27.997844696044922,11.98375129699707,19.05148696899414,33.704708099365234,60.977272033691406,37.90382766723633,18.89175796508789
2017-02-02,21.27143096923828,27.928316116333008,11.922609329223633,18.98111343383789,34.381439208984375,60.05897521972656,37.61077880859375,18.993595123291016
2017-02-03,21.601646423339844,28.067371368408203,12.061877250671387,19.04444694519043,34.400230407714844,60.539581298828125,37.76088333129883,19.069978713989258
2017-02-06,21.42277717590332,27.89739990234375,11.914461135864258,18.9248104095459,34.11827087402344,60.814231872558594,37.19621658325195,18.934192657470703
2017-02-07,21.154470443725586,27.96693992614746,11.82954216003418,18.86850929260254,34.428443908691406,61.44072341918945,37.01753234863281,19.05300521850586
2017-02-08,21.126953125,28.044191360473633,11.72424030303955,19.065567016601562,34.550621032714844,61.43214797973633,37.024681091308594,19.222740173339844
2017-02-09,21.340221405029297,28.291419982910156,11.873703002929688,19.3541202545166,34.700992584228516,62.53066635131836,37.10329818725586,19.29912757873535
2017-02-10,21.512210845947266,28.345495223999023,11.75957202911377,19.22743797302246,34.719791412353516,62.607913970947266,37.310577392578125,19.333072662353516
2017-02-13,21.68419647216797,28.561813354492188,11.883888244628906,19.241519927978516,35.058162689208984,62.650848388671875,38.118255615234375,19.400972366333008
2017-02-14,21.697959899902344,28.554086685180664,12.004136085510254,19.255590438842773,35.13334655761719,62.64225769042969,38.48993682861328,19.460376739501953
2017-02-15,21.594764709472656,28.654525756835938,12.170578956604004,19.361154556274414,35.17094802856445,63.217288970947266,38.354129791259766,19.417943954467773
2017-02-16,21.512210845947266,28.561813354492188,12.065274238586426,19.445613861083984,35.396522521972656,63.55196762084961,38.09680938720703,19.392480850219727
2017-02-17,21.298948287963867,28.561813354492188,11.951824188232422,19.347074508666992,35.274330139160156,63.835166931152344,37.90382766723633,19.451885223388672
2017-02-20,21.36774444580078,28.615896224975586,11.976960182189941,19.55821990966797,35.358924865722656,63.53479766845703,37.989593505859375,19.49431800842285
2017-02-21,21.697959899902344,28.809038162231445,11.888644218444824,19.68489646911621,35.81947708129883,64.22996520996094,38.447052001953125,19.553728103637695
2017-02-22,21.567245483398438,28.83222007751465,11.877098083496094,19.776386260986328,35.9510383605957,64.1527328491211,38.49707794189453,19.477346420288086
2017-02-23,21.663562774658203,28.83222007751465,11.807121276855469,19.931222915649414,36.0544548034668,64.33295440673828,38.36128616333008,19.545246124267578
2017-02-24,21.36774444580078,28.546361923217773,11.599923133850098,19.924184799194336,35.71608352661133,64.08406829833984,37.86808776855469,19.53675651550293
2017-02-27,21.31270408630371,28.530916213989258,11.591768264770508,19.762313842773438,35.75369644165039,64.07549285888672,37.839508056640625,19.460376739501953
2017-02-28,21.374618530273438,28.561813354492188,11.637285232543945,19.734169006347656,35.68788146972656,64.1956558227539,37.839508056640625,19.630111694335938
2017-03-01,21.773632049560547,29.025352478027344,11.976960182189941,19.888994216918945,36.223628997802734,64.80500030517578,38.63288497924805,19.731952667236328
2017-03-02,21.766756057739258,29.04852294921875,11.949786186218262,19.853803634643555,36.298824310302734,65.38859558105469,38.69721603393555,19.75741958618164
2017-03-03,21.80803108215332,29.017629623413086,12.123022079467773,19.83268928527832,36.2894172668457,65.56023406982422,38.72580337524414,19.528270721435547
2017-03-06,21.711711883544922,28.878564834594727,11.942994117736816,19.790464401245117,36.01686096191406,65.13970184326172,38.49707794189453,19.49431800842285
2017-03-07,21.663562774658203,28.816753387451172,11.936201095581055,19.853803634643555,36.06385040283203,64.27289581298828,38.69721603393555,19.3245849609375
2017-03-08,21.498445510864258,28.79358673095703,12.007532119750977,19.776386260986328,36.120243072509766,64.46168518066406,38.61858367919922,19.400972366333008
2017-03-09,21.140710830688477,28.863109588623047,12.15359115600586,19.952341079711914,36.26123046875,64.43596649169922,38.246910095214844,19.596162796020508
2017-03-10,21.347103118896484,28.816753387451172,12.258890151977539,20.057899475097656,36.223628997802734,64.38444519042969,38.15399169921875,19.528270721435547
2017-03-13,21.388378143310547,28.95581817626953,12.282670021057129,19.98048973083496,36.35521697998047,64.69344329833984,38.60429382324219,19.604652404785156
2017-03-14,21.016889572143555,28.863109588623047,12.11962604522705,19.945301055908203,36.4116096496582,64.847900390625,38.54712677001953,19.53675651550293
2017-03-15,21.298948287963867,28.985401153564453,12.221528053283691,19.99456214904785,36.48680877685547,64.76210021972656,38.511383056640625,19.596162796020508
2017-03-16,21.457178115844727,29.217914581298828,12.362831115722656,20.23385238647461,36.787574768066406,64.87367248535156,38.64719772338867,19.630111694335938
2017-03-17,21.477807998657227,29.29541778564453,12.332259178161621,20.402759552001953,36.928531646728516,64.9852294921875,38.43989944458008,19.75741958618164
2017-03-20,21.374618530273438,29.241165161132812,12.231719017028809,20.26200294494629,36.975547790527344,65.1053695678711,38.382713317871094,19.748931884765625
2017-03-21,21.42966079711914,29.09391212463379,12.255495071411133,20.19162368774414,36.4492073059082,64.37586212158203,38.01818084716797,19.6640567779541
2017-03-22,21.319581985473633,28.96990966796875,12.163783073425293,20.212736129760742,36.374019622802734,64.28146362304688,37.88237762451172,19.443403244018555
2017-03-23,21.491573333740234,29.21014404296875,12.2453031539917,20.409799575805664,36.63718032836914,64.76210021972656,38.246910095214844,19.782875061035156
2017-03-24,21.305824279785156,29.179157257080078,12.218130111694336,20.388683319091797,37.14472961425781,64.60758972167969,38.36842346191406,19.765901565551758
2017-03-27,21.188875198364258,29.07065200805664,12.11962604522705,20.381649017333984,36.928531646728516,64.76210021972656,38.2254753112793,19.714984893798828
2017-03-28,21.4158935546875,29.217914581298828,12.286067008972168,20.381649017333984,37.17292404174805,64.89082336425781,38.87590789794922,19.706491470336914
2017-03-29,21.64979362487793,29.318668365478516,12.281311988830566,20.402759552001953,37.18232345581055,65.3714370727539,39.06889343261719,19.698007583618164
2017-03-30,21.8974609375,29.54341697692871,12.340415954589844,20.36053466796875,37.44549560546875,65.70611572265625,39.24043655395508,19.884719848632812
2017-03-31,21.93185806274414,29.62091064453125,12.35943603515625,20.466100692749023,37.661678314208984,65.71471405029297,39.25473403930664,20.0205078125
2017-04-03,21.71858787536621,29.45815086364746,12.199789047241211,20.33238983154297,37.40789794921875,65.40574645996094,38.85446548461914,19.944122314453125
2017-04-04,21.945619583129883,29.535675048828125,12.142041206359863,20.212736129760742,37.53009033203125,65.99790954589844,38.589996337890625,19.935640335083008
2017-04-05,22.083209991455078,29.512420654296875,12.197750091552734,20.142358779907227,37.389102935791016,65.81771087646484,38.20402908325195,20.03748321533203
2017-04-06,22.26207160949707,29.574424743652344,12.231719017028809,20.11420440673828,37.426700592041016,65.47441864013672,38.18259811401367,20.105377197265625
2017-04-07,22.427183151245117,29.659664154052734,12.214733123779297,20.036792755126953,37.56767654418945,65.36286163330078,38.21833038330078,20.173269271850586
2017-04-10,22.44782066345215,29.628679275512695,12.180765151977539,20.093093872070312,37.56767654418945,65.43148803710938,38.13971710205078,20.181758880615234
2017-04-11,22.427183151245117,29.6441650390625,12.092449188232422,20.11420440673828,37.15412521362305,65.64606475830078,37.95386505126953,20.334524154663086
2017-04-12,22.43406105041504,29.675159454345703,12.007532119750977,20.10717010498047,37.27631378173828,65.85205078125,38.053924560546875,20.419384002685547
2017-04-13,22.227676391601562,29.566673278808594,11.871663093566895,20.057899475097656,37.24811935424805,65.800537109375,37.775169372558594,20.555179595947266
2017-04-18,21.720684051513672,29.248903274536133,11.722352981567383,19.852933883666992,36.79568099975586,64.79363250732422,37.602516174316406,20.468679428100586
2017-04-19,21.65812873840332,29.326396942138672,11.975178718566895,19.958871841430664,36.85212326049805,64.97457122802734,38.13153076171875,20.562925338745117
2017-04-20,21.595571517944336,29.380664825439453,12.06059741973877,19.916494369506836,37.03083801269531,64.89700317382812,38.496116638183594,20.622900009155273
2017-04-21,21.380104064941406,29.403900146484375,12.152838706970215,19.86705780029297,36.936767578125,64.81088256835938,38.474674224853516,20.6743106842041
2017-04-24,21.72763442993164,30.062673568725586,12.739130973815918,20.23430824279785,37.689247131347656,65.25030517578125,39.661373138427734,21.01702880859375
2017-04-25,21.734580993652344,30.124675750732422,12.801997184753418,20.3049373626709,37.95260238647461,65.80171966552734,39.7900390625,20.862802505493164
2017-04-26,21.83884048461914,30.248676300048828,12.808832168579102,20.283748626708984,37.88676452636719,66.15498352050781,40.09744644165039,20.991321563720703
2017-04-27,21.509389877319336,30.24116325378418,12.740456581115723,20.102792739868164,38.06547927856445,66.80982971191406,39.87842559814453,21.029630661010742
2017-04-28,21.530458450317383,30.16286277770996,12.740456581115723,19.963300704956055,38.10310363769531,66.39624786376953,40.205528259277344,21.175676345825195
2017-05-02,21.59368324279785,30.382070541381836,12.827668190002441,20.17254066467285,38.64863586425781,67.05968475341797,39.951107025146484,21.295942306518555
2017-05-03,21.432113647460938,30.389902114868164,12.899534225463867,20.219032287597656,38.535770416259766,67.43880462646484,39.71123504638672,21.227216720581055
2017-05-04,21.41806983947754,30.609094619750977,13.103270530700684,20.312040328979492,38.78972625732422,67.73175811767578,40.060157775878906,21.338891983032227
2017-05-05,21.853595733642578,30.843955993652344,13.186994552612305,20.52903175354004,39.0719108581543,67.68866729736328,40.56171798706055,21.441980361938477
2017-05-08,21.944917678833008,30.836118698120117,13.138155937194824,20.56778335571289,39.0530891418457,67.85240173339844,40.61260223388672,21.630971908569336
2017-05-09,22.10647964477539,30.953554153442383,13.103270530700684,20.59877586364746,39.31645965576172,68.27456665039062,40.459957122802734,21.751235961914062
2017-05-10,22.26804542541504,30.992698669433594,13.180018424987793,20.746021270751953,39.184776306152344,68.37797546386719,40.728904724121094,21.871503829956055
2017-05-11,22.239948272705078,30.898744583129883,13.143736839294434,20.350786209106445,39.06249237060547,68.5244140625,40.568992614746094,21.63956069946289
2017-05-12,22.22589683532715,31.01617431640625,13.11373519897461,20.862262725830078,39.4293327331543,69.84270477294922,40.67802810668945,21.57942771911621
2017-05-15,22.42961883544922,31.055315017700195,13.206531524658203,20.761520385742188,39.47635269165039,69.43772888183594,40.79432678222656,21.510705947875977
2017-05-16,22.499858856201172,31.0474796295166,13.152112007141113,21.06375503540039,39.43873596191406,69.48082733154297,40.50355529785156,21.4935245513916
2017-05-17,22.296146392822266,30.640403747558594,12.855578422546387,20.854516983032227,38.846160888671875,68.78292846679688,40.00926971435547,21.330303192138672
2017-05-18,22.218875885009766,30.562114715576172,12.782313346862793,20.699520111083984,38.67685317993164,68.43826293945312,39.63127899169922,21.4505672454834
2017-05-19,22.33829116821289,30.74217414855957,12.92395305633545,20.862262725830078,38.921417236328125,68.59339141845703,39.87114715576172,21.45915985107422
2017-05-22,22.331268310546875,30.73434829711914,12.87302303314209,21.118005752563477,38.7144889831543,68.49858856201172,39.74757385253906,21.613794326782227
2017-05-23,22.296146392822266,30.812618255615234,12.956748962402344,21.14900779724121,39.203590393066406,68.36933898925781,39.68942642211914,21.545066833496094
2017-05-24,22.30317497253418,30.828292846679688,12.988142967224121,21.218753814697266,39.410518646240234,68.31765747070312,39.44955062866211,21.66533660888672
2017-05-25,21.965984344482422,30.828292846679688,12.970697402954102,21.273000717163086,39.49516296386719,68.17118835449219,39.4131965637207,21.777015686035156
2017-05-26,21.846572875976562,30.77349090576172,12.893951416015625,21.319499969482422,39.45753479003906,68.16255950927734,39.22420120239258,21.759828567504883
2017-05-29,21.82549476623535,30.820453643798828,12.87302303314209,21.335002899169922,39.39171600341797,68.18838500976562,39.122440338134766,21.785600662231445
2017-05-30,21.790374755859375,30.703033447265625,12.778827667236328,21.180004119873047,39.4293327331543,68.17118835449219,39.09334945678711,21.914457321166992
2017-05-31,21.516408920288086,30.671707153320312,12.672772407531738,21.2032527923584,39.43873596191406,68.60199737548828,38.56270217895508,21.94881820678711
2017-06-01,21.572612762451172,30.85176658630371,12.709056854248047,21.234256744384766,39.805572509765625,68.9811019897461,39.19511032104492,22.18935775756836
2017-06-02,21.354846954345703,30.914403915405273,12.684633255004883,21.2032527923584,39.98426818847656,69.2223129272461,39.682159423828125,22.19795036315918
2017-06-06,21.340791702270508,30.648237228393555,12.597421646118164,21.125757217407227,39.683284759521484,68.3262710571289,39.17332077026367,21.811376571655273
2017-06-07,21.207332611083984,30.640403747558594,12.67625904083252,21.118005752563477,39.777339935302734,67.86099243164062,39.129695892333984,21.871503829956055
2017-06-08,21.207332611083984,30.648237228393555,12.848597526550293,21.048263549804688,39.85259246826172,67.79206848144531,38.89708709716797,21.811376571655273
2017-06-09,21.298648834228516,30.750003814697266,12.907906532287598,21.001766204833984,39.98426818847656,67.90406799316406,39.151512145996094,21.630971908569336
2017-06-12,21.347822189331055,30.460350036621094,12.74952220916748,20.97850799560547,38.535770416259766,67.47327423095703,39.31869888305664,21.304527282714844
2017-06-13,21.368900299072266,30.60127067565918,12.796272277832031,21.001766204833984,38.96844482421875,67.92994689941406,39.39866256713867,21.613794326782227
2017-06-14,21.038738250732422,30.554296493530273,12.611373901367188,20.924266815185547,39.15656280517578,67.79206848144531,39.07882308959961,21.69969367980957
2017-06-15,20.947418212890625,30.431642532348633,12.625328063964844,20.707277297973633,38.667457580566406,67.85240173339844,38.729896545410156,21.5192928314209
2017-06-16,21.05278968811035,30.62183380126953,12.637887954711914,20.846771240234375,39.09071731567383,68.16255950927734,38.86074447631836,21.68251609802246
2017-06-19,21.242454528808594,30.89126205444336,12.780920028686523,20.846771240234375,39.53278732299805,68.74845123291016,39.11516571044922,21.734058380126953
2017-06-20,20.778825759887695,30.645599365234375,12.628813743591309,20.668527603149414,39.288238525390625,68.75707244873047,38.926170349121094,21.58802032470703
2017-06-21,20.70858383178711,30.637678146362305,12.602997779846191,20.668527603149414,39.35407638549805,68.55889129638672,38.96250915527344,21.66533660888672
2017-06-22,20.65941047668457,30.613908767700195,12.545089721679688,20.684024810791016,39.513973236083984,69.96333312988281,39.30417251586914,21.553661346435547
2017-06-23,20.638336181640625,30.534645080566406,12.461362838745117,20.66077423095703,39.66447830200195,69.7048568725586,39.027931213378906,21.562246322631836
2017-06-26,20.603214263916016,30.65353012084961,12.576486587524414,20.64527702331543,39.45753479003906,69.48082733154297,39.10789489746094,21.66533660888672
2017-06-27,20.70155906677246,30.407846450805664,12.672772407531738,20.405031204223633,38.94023132324219,68.82599639892578,38.54090881347656,21.295942306518555
2017-06-28,20.70858383178711,30.431642532348633,12.855578422546387,20.366287231445312,38.68626022338867,68.01609802246094,38.67901611328125,21.373254776000977
2017-06-29,20.455698013305664,29.95613670349121,12.9044189453125,20.149290084838867,37.55756759643555,66.6288833618164,38.01752853393555,21.0811767578125
2017-06-30,20.357351303100586,29.892732620239258,12.787896156311035,20.040800094604492,37.71746063232422,66.36178588867188,37.83580017089844,21.14990997314453
2017-07-03,20.673458099365234,30.2335147857666,13.131176948547363,20.211288452148438,37.858551025390625,66.66334533691406,38.577247619628906,21.175676345825195
2017-07-04,20.7507266998291,30.082942962646484,13.141646385192871,20.079547882080078,37.783302307128906,66.21527862548828,38.51183319091797,21.14990997314453
2017-07-05,20.441648483276367,30.2255859375,13.141646385192871,20.009798049926758,37.9996337890625,66.59440612792969,38.06841278076172,21.0811767578125
2017-07-06,20.37139892578125,30.00368881225586,13.204437255859375,19.90129852294922,37.36003875732422,65.6294174194336,38.33736801147461,20.86641502380371
2017-07-07,20.111486434936523,29.987831115722656,13.193971633911133,19.909048080444336,37.86794662475586,65.65525817871094,38.402793884277344,20.823463439941406
2017-07-10,20.209835052490234,30.114635467529297,13.218393325805664,19.971050262451172,38.18775177001953,65.5863265991211,38.61358642578125,20.814868927001953
2017-07-11,20.139585494995117,29.900667190551758,13.152112007141113,19.831552505493164,38.0184440612793,64.96595001220703,38.96250915527344,20.54856300354004
2017-07-12,20.46272087097168,30.36823081970215,13.242815017700195,20.11829376220703,38.59220504760742,66.55135345458984,39.565853118896484,20.814868927001953
2017-07-13,20.483797073364258,30.471250534057617,13.361428260803223,20.4205265045166,38.601627349853516,65.96541595458984,39.71123504638672,20.917957305908203
2017-07-14,20.61023712158203,30.534645080566406,13.288166046142578,20.381778717041016,38.7144889831543,66.36178588867188,39.78392028808594,20.926546096801758
2017-07-17,20.616867065429688,30.526731491088867,13.268706321716309,20.518463134765625,38.66337966918945,66.25149536132812,39.75846481323242,21.044696807861328
2017-07-18,20.41069984436035,30.217660903930664,13.069440841674805,20.401962280273438,37.96024703979492,65.72640228271484,39.35700988769531,20.87156105041504
2017-07-19,20.5173397064209,30.439563751220703,13.126370429992676,20.59612464904785,38.71090316772461,66.16397857666016,39.587467193603516,21.018726348876953
2017-07-20,20.538665771484375,30.312755584716797,13.069440841674805,20.627185821533203,38.8154182434082,65.95394134521484,39.46109390258789,20.71573829650879
2017-07-21,20.304054260253906,30.011606216430664,12.941343307495117,20.549518585205078,38.321319580078125,65.44632720947266,38.375694274902344,20.48200225830078
2017-07-24,20.21875,29.9165096282959,13.02318286895752,20.409730911254883,38.159786224365234,65.14002227783203,37.9073371887207,20.369470596313477
2017-07-25,20.424915313720703,30.06707763671875,13.265140533447266,20.386436462402344,38.17879104614258,65.22750854492188,37.9073371887207,20.48200225830078
2017-07-26,20.58842658996582,30.209728240966797,13.322077751159668,20.526222229003906,38.568363189697266,65.166259765625,38.160099029541016,20.681108474731445
2017-07-27,20.496013641357422,30.19388198852539,13.297167778015137,20.7902774810791,38.71090316772461,64.369873046875,37.92962646484375,20.611860275268555
2017-07-28,20.538665771484375,29.861040115356445,13.18686294555664,20.533992767333984,38.321319580078125,63.63469696044922,37.49844741821289,20.404094696044922
2017-07-31,20.552879333496094,29.82933807373047,13.158400535583496,20.5417537689209,38.17879104614258,63.941009521484375,37.178768157958984,20.37812042236328
2017-08-01,20.77326774597168,30.059152603149414,13.279375076293945,20.689313888549805,38.3878288269043,63.757225036621094,37.55791091918945,20.533945083618164
2017-08-02,20.8159236907959,29.9165096282959,13.161953926086426,20.518463134765625,38.13128662109375,63.468406677246094,37.312591552734375,20.516630172729492
2017-08-03,20.68085289001465,29.9323673248291,13.215331077575684,20.49516487121582,38.19780349731445,63.29337692260742,37.364627838134766,20.473342895507812
2017-08-04,20.86569595336914,30.241443634033203,13.39680004119873,20.743682861328125,38.59688186645508,63.62592697143555,37.72146987915039,20.7503662109375
2017-08-07,20.887020111083984,30.209728240966797,13.38968276977539,20.813575744628906,38.47335433959961,63.1883544921875,37.669429779052734,20.672452926635742
2017-08-08,20.929676055908203,30.257278442382812,13.428821563720703,20.813575744628906,38.54936981201172,63.40716552734375,37.862728118896484,20.533945083618164
2017-08-09,20.82303810119629,30.02745819091797,13.226003646850586,20.650484085083008,38.23579788208008,63.258365631103516,37.535621643066406,20.438720703125
2017-08-10,20.77326774597168,29.734235763549805,13.04809284210205,20.425262451171875,37.846229553222656,62.812007904052734,37.45383834838867,20.256925582885742
2017-08-11,20.360931396484375,29.42516326904297,12.813246726989746,20.083545684814453,37.45664978027344,62.57572555541992,37.20851135253906,20.092449188232422
2017-08-14,20.424915313720703,29.718387603759766,13.001832008361816,20.370895385742188,38.03626251220703,62.92579650878906,37.58765411376953,20.092449188232422
2017-08-15,20.296947479248047,29.789722442626953,13.055207252502441,20.301000595092773,38.159786224365234,63.26712417602539,37.647125244140625,20.507978439331055
2017-08-16,20.396474838256836,29.97991943359375,13.11569595336914,20.26993751525879,38.416343688964844,63.57343673706055,37.92962646484375,20.69842529296875
2017-08-17,20.204526901245117,29.853111267089844,12.909316062927246,20.153438568115234,38.20729446411133,63.713462829589844,37.78095626831055,20.69842529296875
2017-08-18,20.112110137939453,29.623300552368164,12.87729549407959,20.0291805267334,37.855716705322266,62.99581527709961,37.535621643066406,20.196331024169922
2017-08-21,20.083675384521484,29.488571166992188,12.752755165100098,19.935991287231445,37.58966827392578,62.61947250366211,37.47614288330078,20.196331024169922
2017-08-22,20.232967376708984,29.75801658630371,12.823921203613281,20.068017959594727,38.083770751953125,63.38963317871094,37.9073371887207,20.317522048950195
2017-08-23,20.254291534423828,29.583663940429688,12.702939987182617,19.912687301635742,37.98875045776367,63.12709426879883,37.99654006958008,20.040510177612305
2017-08-24,20.1903076171875,29.639144897460938,12.749199867248535,19.904924392700195,37.75120544433594,63.38963317871094,38.1303596496582,19.997224807739258
2017-08-25,20.21163558959961,29.63121795654297,12.770548820495605,19.82726287841797,37.78921127319336,63.37211990356445,38.085750579833984,19.9193115234375
2017-08-28,20.09789276123047,29.393465042114258,12.69226360321045,19.741832733154297,37.561161041259766,62.864532470703125,38.07088088989258,19.893341064453125
2017-08-29,20.0125732421875,29.147804260253906,12.528585433959961,19.617570877075195,37.24761199951172,62.6457405090332,37.62483596801758,19.624982833862305
2017-08-30,20.14054298400879,29.36970329284668,12.63177490234375,19.788429260253906,37.47565460205078,62.847023010253906,37.773521423339844,19.746173858642578
2017-08-31,20.289838790893555,29.61536407470703,12.710055351257324,19.967056274414062,37.903236389160156,63.66096496582031,37.691741943359375,20.014537811279297
2017-09-01,20.432029724121094,29.79764175415039,12.766988754272461,19.928220748901367,38.159786224365234,64.05480194091797,38.14522933959961,20.014537811279297
2017-09-04,20.432029724121094,29.607446670532227,12.6566801071167,19.796192169189453,37.80821228027344,63.55592727661133,38.16753387451172,20.170360565185547
2017-09-05,20.57421112060547,29.575742721557617,12.503679275512695,19.66417121887207,37.922245025634766,63.72220993041992,38.52437210083008,20.109764099121094
2017-09-06,20.60975456237793,29.591596603393555,12.457423210144043,19.60203742980957,37.941246032714844,63.87099838256836,39.20089340209961,20.031850814819336
2017-09-07,20.638198852539062,29.647066116333008,12.368464469909668,19.609811782836914,38.45435333251953,64.1598129272461,39.35700988769531,20.08379554748535
2017-09-08,20.503122329711914,29.734235763549805,12.475214958190918,19.56321144104004,38.47335433959961,64.43985748291016,39.37931442260742,20.101106643676758
2017-09-11,20.645305633544922,30.011606216430664,12.69226360321045,19.78066635131836,38.96745681762695,64.73741149902344,39.55031204223633,20.326181411743164
2017-09-12,20.77326774597168,30.154266357421875,12.880849838256836,19.788429260253906,39.07196807861328,64.97372436523438,40.00379943847656,20.38677978515625
2017-09-13,20.86569595336914,30.154266357421875,12.909316062927246,19.85832405090332,39.07196807861328,64.92122650146484,39.98149490356445,20.395435333251953
2017-09-14,21.036312103271484,30.217660903930664,12.973368644714355,19.718536376953125,39.18599319458008,64.9999771118164,40.278873443603516,20.438720703125
2017-09-15,20.922561645507812,30.135709762573242,12.870180130004883,19.695236206054688,39.281005859375,64.63241577148438,40.6059684753418,20.438720703125
2017-09-18,21.022096633911133,30.208078384399414,12.941343307495117,19.8660945892334,39.5850715637207,64.53614044189453,40.7620964050293,20.438720703125
2017-09-19,21.15006446838379,30.240249633789062,12.973368644714355,19.95928955078125,39.680110931396484,64.66743469238281,40.95537567138672,20.265586853027344
2017-09-20,21.327795028686523,30.21611213684082,12.919992446899414,19.998119354248047,39.414031982421875,64.73741149902344,40.962806701660156,20.308862686157227
2017-09-21,21.498414993286133,30.320655822753906,13.108579635620117,19.77289581298828,39.24300765991211,65.00870513916016,41.31222915649414,20.161706924438477
2017-09-22,21.52685546875,30.32868194580078,13.097907066345215,19.749603271484375,39.328521728515625,65.09625244140625,41.41630554199219,20.248273849487305
2017-09-25,21.832548141479492,30.417133331298828,13.019623756408691,19.88162612915039,39.10048294067383,65.77014923095703,41.2899284362793,20.395435333251953
2017-09-26,21.804113388061523,30.401050567626953,13.005389213562012,19.897153854370117,39.01496124267578,65.30632781982422,41.50551223754883,20.37812042236328
2017-09-27,21.789894104003906,30.473417282104492,13.275819778442383,19.97481918334961,39.30952835083008,65.21000671386719,41.520381927490234,20.45603370666504
2017-09-28,21.939191818237305,30.53774070739746,13.279375076293945,19.88162612915039,39.5755729675293,65.31507873535156,41.371700286865234,20.473342895507812
2017-09-29,21.932077407836914,30.714637756347656,13.354103088378906,19.94375228881836,39.75611877441406,65.44632720947266,41.69137191772461,20.49931526184082
2017-10-02,21.87520408630371,30.867393493652344,13.336309432983398,19.920455932617188,40.27871322631836,66.4965591430664,41.88467025756836,20.49931526184082
2017-10-03,21.87520408630371,30.867393493652344,13.336309432983398,19.920455932617188,40.27871322631836,66.4965591430664,41.88467025756836,20.49931526184082
2017-10-04,21.953413009643555,30.89151954650879,13.211769104003906,19.734060287475586,40.19321060180664,66.61906433105469,42.44966506958008,20.80230140686035
2017-10-05,22.131141662597656,30.923681259155273,13.322077751159668,19.897153854370117,40.15520095825195,66.35650634765625,42.44222640991211,20.72439956665039
2017-10-06,21.932077407836914,30.83523941040039,13.286490440368652,19.835031509399414,40.060184478759766,66.33901977539062,42.427364349365234,20.689769744873047
2017-10-09,21.960519790649414,30.88347816467285,13.258024215698242,19.85832405090332,40.39274215698242,66.21651458740234,42.48683166503906,20.681108474731445
2017-10-10,22.038721084594727,30.867393493652344,13.197539329528809,19.8660945892334,40.15520095825195,65.78765869140625,42.25638198852539,20.78499984741211
2017-10-11,22.067155838012695,30.88347816467285,13.18686294555664,19.928220748901367,40.14569091796875,65.74390411376953,42.36045837402344,20.86290168762207
2017-10-12,21.967626571655273,30.88347816467285,13.12993335723877,19.88939094543457,40.24071502685547,65.63887023925781,42.36790084838867,20.984102249145508
2017-10-13,22.152462005615234,30.987993240356445,13.065884590148926,19.967056274414062,40.50676727294922,65.50758361816406,42.2043342590332,21.062013626098633
2017-10-16,22.15306282043457,30.9719181060791,13.055757522583008,19.92597198486328,40.43466567993164,66.05652618408203,42.206871032714844,21.004682540893555
2017-10-17,22.05252456665039,30.90760040283203,13.102208137512207,19.831270217895508,40.444175720214844,65.77542114257812,42.2217903137207,20.908493041992188
2017-10-18,21.980724334716797,31.00409698486328,13.180811882019043,19.839160919189453,40.349098205566406,65.90719604492188,42.53487014770508,21.030916213989258
2017-10-19,21.944820404052734,30.795032501220703,13.059328079223633,19.720788955688477,40.444175720214844,65.52069854736328,41.87887191772461,20.751089096069336
2017-10-20,21.995079040527344,30.867393493652344,13.227265357971191,19.783924102783203,40.69136428833008,65.36260223388672,41.75215148925781,20.751089096069336
2017-10-23,22.030986785888672,30.91562843322754,13.15937328338623,19.81549072265625,41.19525146484375,65.59098052978516,41.87142562866211,20.751089096069336
2017-10-24,22.131526947021484,30.827190399169922,13.2236909866333,19.76024627685547,41.02411651611328,64.57200622558594,42.26651382446289,20.558706283569336
2017-10-25,21.98790168762207,30.62618064880371,13.184388160705566,19.65765953063965,41.13821029663086,63.49155044555664,41.95341491699219,20.68987274169922
2017-10-26,22.174610137939453,30.96388053894043,13.259418487548828,19.736574172973633,41.09067153930664,63.623321533203125,42.4677848815918,20.94347381591797
2017-10-27,22.46902084350586,31.156856536865234,13.205824851989746,19.768136978149414,41.50899887084961,64.17670440673828,42.99702835083008,21.170835494995117
2017-10-30,22.76343536376953,31.164888381958008,13.198677062988281,19.90229606628418,41.47096252441406,64.31726837158203,43.17595291137695,21.275766372680664
2017-10-31,22.76343536376953,31.164888381958008,13.198677062988281,19.90229606628418,41.47096252441406,64.31726837158203,43.17595291137695,21.275766372680664
2017-11-01,23.10093879699707,31.40610694885254,13.137937545776367,20.0048828125,42.393184661865234,64.50175476074219,44.15248107910156,21.546852111816406
2017-11-02,23.23019027709961,31.269420623779297,13.145082473754883,19.933862686157227,42.00336837768555,63.97469711303711,44.197200775146484,21.31075096130371
2017-11-03,23.15120506286621,31.36591339111328,13.01645565032959,19.736574172973633,42.279075622558594,64.3084716796875,44.40593338012695,21.415679931640625
2017-11-06,23.330730438232422,31.38198471069336,12.955713272094727,19.649768829345703,42.59283447265625,64.56322479248047,44.331390380859375,21.494382858276367
2017-11-07,23.474348068237305,31.24530792236328,12.973576545715332,19.507719039916992,42.3076057434082,64.00982666015625,43.95866394042969,21.389450073242188
2017-11-08,23.409713745117188,31.20511245727539,12.934273719787598,19.460378646850586,42.11745834350586,63.81657409667969,43.354854583740234,21.205808639526367
2017-11-09,23.086578369140625,30.867393493652344,12.898545265197754,19.420915603637695,41.18574523925781,63.04356384277344,42.8926887512207,21.100875854492188
2017-11-10,22.88551139831543,30.770910263061523,12.923559188842773,19.310436248779297,41.03361892700195,62.56924057006836,42.63923263549805,21.118364334106445
2017-11-13,22.720354080200195,30.545774459838867,12.819938659667969,19.160499572753906,40.824440002441406,62.507747650146484,42.445411682128906,20.925979614257812
2017-11-14,22.382850646972656,30.376930236816406,12.705601692199707,19.192062377929688,40.910037994384766,62.26177978515625,42.333595275878906,20.812297821044922
2017-11-15,22.030986785888672,30.24828338623047,12.727041244506836,19.32621955871582,40.72939682006836,61.98949432373047,41.94597244262695,20.716114044189453
2017-11-16,21.966360092163086,30.48145866394043,12.773493766784668,19.420915603637695,41.41392517089844,62.797630310058594,42.31123352050781,21.083389282226562
2017-11-17,21.966360092163086,30.417133331298828,12.698456764221191,19.286762237548828,41.23328399658203,62.63950729370117,42.10251235961914,20.94347381591797
2017-11-20,21.995079040527344,30.62618064880371,12.730616569519043,19.436697006225586,41.59455108642578,63.386173248291016,42.64668273925781,21.074642181396484
2017-11-21,22.16741943359375,30.754825592041016,12.709174156188965,19.389347076416016,42.21254348754883,63.6848258972168,43.21322250366211,21.013429641723633
2017-11-22,22.28949546813965,30.666383743286133,12.752053260803223,19.310436248779297,41.7371711730957,63.88684844970703,42.81068420410156,20.899742126464844
2017-11-23,22.260778427124023,30.69854164123535,12.71989631652832,19.381458282470703,41.79421615600586,63.82537078857422,42.795772552490234,20.87351417541504
2017-11-24,22.16741943359375,30.64226722717285,12.7877836227417,19.318326950073242,41.90829849243164,63.386173248291016,42.96722412109375,20.87351417541504
2017-11-27,22.00226402282715,30.497529983520508,12.698456764221191,19.26308822631836,41.632572174072266,63.16653823852539,42.84049987792969,20.925979614257812
2017-11-28,22.332584381103516,30.674434661865234,12.741333961486816,19.349897384643555,41.74667739868164,63.52670669555664,43.06412887573242,20.987194061279297
2017-11-29,22.411571502685547,30.73876190185547,12.955713272094727,19.499828338623047,40.64381408691406,63.33344268798828,43.22814178466797,21.1358585357666
2017-11-30,22.36130714416504,30.63422393798828,12.862817764282227,19.539283752441406,40.41565704345703,63.113853454589844,43.235572814941406,21.004682540893555
2017-12-01,22.3110408782959,30.384971618652344,12.691308975219727,19.460378646850586,39.76915740966797,62.93816375732422,42.42306137084961,21.030916213989258
2017-12-04,22.490562438964844,30.730709075927734,12.87353515625,19.66555404663086,39.783424377441406,63.22365951538086,43.03432083129883,21.33698081970215
2017-12-05,22.44029426574707,30.674434661865234,12.83423137664795,19.705005645751953,40.01158905029297,62.76689147949219,43.05668258666992,21.32386589050293
2017-12-06,22.318222045898438,30.666383743286133,12.684164047241211,19.705005645751953,39.773902893066406,62.771270751953125,42.6429557800293,21.31949234008789
2017-12-07,22.278730392456055,30.650306701660156,12.802077293395996,19.94175148010254,39.849971771240234,62.384769439697266,42.777130126953125,21.43754005432129
2017-12-08,22.314634323120117,30.90760040283203,13.087911605834961,19.96937370300293,40.163700103759766,62.86790084838867,43.17222213745117,21.673646926879883
2017-12-11,22.458250045776367,30.87544822692871,13.109352111816406,19.870731353759766,39.911773681640625,62.99086380004883,43.108856201171875,21.551227569580078
2017-12-12,22.842430114746094,31.10057258605957,13.216543197631836,19.996994018554688,40.539241790771484,63.803409576416016,43.194583892822266,21.551227569580078
2017-12-13,22.60545539855957,31.020166397094727,13.195107460021973,19.823383331298828,40.710384368896484,63.596988677978516,43.24303436279297,21.590572357177734
2017-12-14,22.565959930419922,30.89151954650879,13.086128234863281,19.807598114013672,40.57251739501953,63.307090759277344,43.17222213745117,21.555601119995117
2017-12-15,22.42234992980957,30.825420379638672,13.005738258361816,19.831270217895508,40.44892501831055,63.27196502685547,43.11631774902344,21.44628143310547
2017-12-18,22.64854621887207,31.17258644104004,13.141510009765625,19.973316192626953,41.06214904785156,63.86928939819336,43.720115661621094,21.573083877563477
2017-12-19,22.46902084350586,31.035337448120117,13.120074272155762,19.949642181396484,40.86250686645508,63.45643615722656,43.64557647705078,21.721744537353516
2017-12-20,22.519287109375,30.857715606689453,13.070050239562988,19.728683471679688,40.37762451171875,62.700992584228516,43.48157501220703,21.669282913208008
2017-12-21,22.842430114746094,31.027254104614258,13.17009162902832,19.870731353759766,40.58677673339844,63.25440216064453,43.69029998779297,21.739234924316406
2017-12-22,22.849609375,30.8900146484375,13.080770492553711,19.839160919189453,40.529747009277344,63.0611457824707,43.5710334777832,21.791702270507812
2017-12-27,22.89987564086914,30.946533203125,13.02003002166748,19.870731353759766,40.41565704345703,63.298301696777344,43.54866409301758,21.800443649291992
2017-12-28,22.835247039794922,30.84157371520996,12.998590469360352,19.736574172973633,40.12092208862305,63.17534255981445,43.3622932434082,21.835426330566406
2017-12-29,22.828067779541016,30.8900146484375,12.980727195739746,19.76024627685547,40.01634979248047,63.280757904052734,43.257957458496094,21.957853317260742
2018-01-02,22.832685470581055,30.76459503173828,12.97042179107666,19.787967681884766,40.014373779296875,63.12385559082031,43.11176300048828,21.9935359954834
2018-01-03,23.14644432067871,30.938316345214844,12.98902416229248,19.77999496459961,40.660987854003906,63.6249885559082,43.76791000366211,21.967267990112305
2018-01-04,23.395296096801758,31.261512756347656,13.207993507385254,19.85177230834961,41.0128288269043,63.712886810302734,44.53589630126953,21.958511352539062
2018-01-05,23.510704040527344,31.568557739257812,13.226594924926758,20.059146881103516,41.512046813964844,64.73272705078125,45.40081787109375,22.085487365722656
2018-01-08,23.65135383605957,31.617027282714844,13.2666654586792,20.162830352783203,41.43123245239258,64.66238403320312,45.9078369140625,22.089862823486328
2018-01-09,23.70545196533203,31.774593353271484,13.326774597167969,20.25455093383789,41.50729751586914,64.79425811767578,46.49687194824219,22.124900817871094
2018-01-10,23.716270446777344,31.669559478759766,13.601552963256836,19.89963150024414,41.08415222167969,64.00301361083984,46.161346435546875,21.98478126525879
2018-01-11,23.864137649536133,31.59682846069336,13.66309642791748,19.604520797729492,40.72755432128906,63.510684967041016,46.03458786010742,21.91034698486328
2018-01-12,23.9903621673584,31.673587799072266,13.694579124450684,19.7161808013916,40.855926513671875,63.6513671875,46.64601135253906,21.91034698486328
2018-01-15,23.91823959350586,31.592792510986328,13.644488334655762,19.65237808227539,40.78936004638672,63.3084831237793,46.60871887207031,21.91034698486328
2018-01-16,23.698240280151367,31.649351119995117,13.65164566040039,19.83183479309082,40.95576477050781,63.21178436279297,47.0188102722168,22.002290725708008
2018-01-17,23.58283042907715,31.633193969726562,13.63447093963623,19.67231559753418,41.245811462402344,63.009552001953125,47.003902435302734,21.905963897705078
2018-01-18,23.662174224853516,31.669559478759766,13.671679496765137,19.616485595703125,41.82585144042969,62.877689361572266,47.033714294433594,22.050460815429688
2018-01-19,23.445781707763672,31.847312927246094,13.713181495666504,19.604520797729492,42.139652252197266,63.378807067871094,47.60784912109375,22.247493743896484
2018-01-22,23.7379150390625,31.95235252380371,13.889212608337402,19.875699996948242,41.944725036621094,63.54582977294922,47.94338607788086,22.0635929107666
2018-01-23,23.755937576293945,31.984664916992188,13.883489608764648,19.95944595336914,42.182456970214844,64.01182556152344,47.771888732910156,22.251873016357422
2018-01-24,23.745121002197266,31.806907653808594,13.836262702941895,19.819866180419922,41.488277435302734,64.02062225341797,47.4810905456543,22.089862823486328
2018-01-25,23.665781021118164,31.637226104736328,13.853434562683105,19.688274383544922,41.14119338989258,63.985408782958984,46.98152542114258,22.089862823486328
2018-01-26,23.597257614135742,31.78670883178711,13.892074584960938,19.82784652709961,41.42172622680664,64.69754791259766,47.27233123779297,21.971647262573242
2018-01-29,23.42414665222168,31.73823356628418,13.873468399047852,19.732131958007812,41.61665725708008,64.38986206054688,47.28722381591797,21.919103622436523
2018-01-30,23.077919006347656,31.475627899169922,13.698874473571777,19.520774841308594,41.19825744628906,63.92390441894531,46.72056579589844,21.79650115966797
2018-01-31,22.97332763671875,31.41098403930664,13.658799171447754,19.51279640197754,41.017578125,63.24695587158203,46.59380340576172,21.800884246826172
2018-02-01,22.90842056274414,31.225149154663086,13.64592456817627,19.225669860839844,41.374176025390625,62.06884765625,46.35520553588867,21.827152252197266
2018-02-02,22.554983139038086,30.792877197265625,13.492791175842285,19.03425407409668,40.722801208496094,61.33914566040039,45.48283004760742,21.41994857788086
2018-02-05,22.219581604003906,30.29999351501465,13.295294761657715,18.587608337402344,40.32816696166992,60.25777053833008,44.84906005859375,21.13533592224121
2018-02-06,21.61729621887207,29.584915161132812,12.94752311706543,18.128997802734375,39.47234344482422,58.956626892089844,44.1556282043457,20.868247985839844
2018-02-07,22.114994049072266,30.1949520111084,13.207993507385254,18.51981544494629,40.33768081665039,59.86216354370117,45.25168991088867,21.144102096557617
2018-02-08,21.78679656982422,29.649553298950195,13.09636402130127,18.164888381958008,39.04444122314453,59.176414489746094,44.1556282043457,21.152854919433594
2018-02-09,21.41533660888672,29.273828506469727,12.884552955627441,17.865800857543945,38.66408157348633,58.2972526550293,43.67097473144531,20.951444625854492
2018-02-12,21.64974594116211,29.59703826904297,12.951814651489258,18.07715606689453,39.234615325927734,59.202789306640625,44.22273635864258,21.082796096801758
2018-02-13,21.527130126953125,29.41118812561035,12.844483375549316,17.881750106811523,38.982627868652344,58.78959655761719,43.82010269165039,21.091552734375
2018-02-14,21.534351348876953,29.722265243530273,12.999046325683594,17.905681610107422,39.57218551635742,59.35224151611328,44.64773178100586,21.402433395385742
2018-02-15,21.59204864501953,29.924270629882812,13.070602416992188,17.93758201599121,39.9906005859375,59.765464782714844,44.69993591308594,21.45497703552246
2018-02-16,21.812047958374023,30.259586334228516,13.20655632019043,18.22869873046875,40.31391143798828,60.61824035644531,45.19949722290039,21.58633804321289
2018-02-19,21.830080032348633,30.03334617614746,13.182229995727539,18.14893913269043,40.02862548828125,59.9764518737793,44.67011260986328,21.533790588378906
2018-02-20,21.967124938964844,30.23535919189453,13.183664321899414,18.268577575683594,40.49933624267578,60.31053924560547,44.64773178100586,21.608224868774414
2018-02-21,21.941879272460938,30.243436813354492,13.242341995239258,18.252626419067383,40.44702911376953,60.3544807434082,44.68502426147461,21.800884246826172
2018-02-22,21.98876190185547,30.190902709960938,13.216578483581543,18.28054428100586,40.06191635131836,60.61824035644531,44.57316589355469,21.800884246826172
2018-02-23,22.16187286376953,30.267675399780273,13.18795394897461,18.659391403198242,40.195037841796875,60.53911209106445,44.22273635864258,21.800884246826172
2018-02-26,22.266460418701172,30.40907096862793,13.197973251342773,18.727190017700195,40.50884246826172,60.969905853271484,44.416595458984375,21.66514778137207
2018-02-27,22.309738159179688,30.376745223999023,13.269529342651367,18.567670822143555,40.60393524169922,60.77650833129883,44.416595458984375,21.66514778137207
2018-02-28,22.17990493774414,30.162630081176758,13.197973251342773,18.503860473632812,40.618202209472656,60.23141860961914,44.28238296508789,21.599472045898438
2018-03-01,21.967124938964844,29.79498863220215,13.086343765258789,18.36029624938965,39.743370056152344,59.62477493286133,43.4398307800293,21.384916305541992
2018-03-02,21.422542572021484,29.148582458496094,12.741440773010254,18.045255661010742,38.96835708618164,58.79836654663086,42.42578887939453,20.98208999633789
2018-03-05,21.721885681152344,29.459667205810547,12.702799797058105,18.292503356933594,39.96682357788086,59.64235305786133,42.485443115234375,21.109071731567383
2018-03-06,21.826473236083984,29.524309158325195,12.76004409790039,18.396190643310547,40.23307800292969,59.62477493286133,43.044654846191406,21.087173461914062
2018-03-07,21.7904109954834,29.653594970703125,12.815858840942383,18.396190643310547,40.722801208496094,59.95887756347656,43.320526123046875,21.1572322845459
2018-03-08,21.830080032348633,29.960630416870117,12.88026237487793,18.65540313720703,41.38843536376953,60.58307647705078,43.64114761352539,21.41994857788086
2018-03-09,21.992368698120117,30.10607147216797,12.87596607208252,18.703256607055664,41.702239990234375,60.79405975341797,43.62623977661133,21.4593563079834
2018-03-12,21.98876190185547,30.134342193603516,12.908884048461914,18.699270248413086,41.944725036621094,60.89958190917969,43.76791000366211,21.51190185546875
2018-03-13,21.91302490234375,29.84751319885254,12.811565399169922,18.392194747924805,41.393192291259766,60.22261047363281,43.32798767089844,21.371776580810547
2018-03-14,21.76876449584961,29.835386276245117,12.69278335571289,18.392194747924805,41.37892532348633,60.12590026855469,43.39509582519531,21.29296875
2018-03-15,21.71827507019043,29.984878540039062,12.741440773010254,18.36827278137207,41.659446716308594,60.4336051940918,43.8946647644043,21.327993392944336
2018-03-16,22.050071716308594,30.08991050720215,12.88884449005127,18.51183319091797,41.64041519165039,60.662200927734375,44.04378890991211,21.380537033081055
2018-03-19,21.62811279296875,29.762676239013672,12.75145435333252,18.328393936157227,40.51360321044922,60.038002014160156,43.514400482177734,21.4593563079834
2018-03-20,21.866140365600586,29.883874893188477,12.82873821258545,18.156911849975586,40.651466369628906,60.13470458984375,43.976680755615234,21.54254913330078
2018-03-21,22.151052474975586,29.84751319885254,12.701366424560547,18.097095489501953,40.75132751464844,60.02041244506836,44.006507873535156,21.345508575439453
2018-03-22,21.855321884155273,29.42331314086914,12.403691291809082,17.817943572998047,40.000099182128906,59.29951858520508,43.27581024169922,21.130964279174805
2018-03-23,21.739917755126953,29.136476516723633,12.236247062683105,17.81395149230957,39.34397506713867,58.66651153564453,42.3363037109375,20.837600708007812
2018-03-26,21.76876449584961,28.942554473876953,12.20475959777832,17.642475128173828,38.98738098144531,58.042293548583984,42.37359619140625,20.636184692382812
2018-03-27,22.003183364868164,29.3061580657959,12.297785758972168,17.853830337524414,39.65778350830078,59.053340911865234,42.828426361083984,20.802568435668945
2018-03-28,21.84450340270996,29.447546005249023,12.31352710723877,17.9694881439209,39.04444122314453,60.17865753173828,42.58982849121094,20.750028610229492
2018-03-29,21.97794532775879,29.605113983154297,12.347878456115723,18.045255661010742,39.17757034301758,60.240203857421875,43.91701889038086,20.513580322265625
2018-04-03,22.122203826904297,29.431392669677734,12.237678527832031,17.92960548400879,38.835235595703125,59.62477493286133,43.8946647644043,20.316545486450195
2018-04-04,22.187116622924805,29.294029235839844,12.16898250579834,17.95353126525879,38.23616409301758,59.413780212402344,43.514400482177734,20.198326110839844
2018-04-05,22.88677978515625,30.03334617614746,12.48097038269043,18.487905502319336,39.38676834106445,60.81165313720703,44.54336166381836,20.57488250732422
2018-04-06,22.821861267089844,29.93235206604004,12.350739479064941,18.523799896240234,39.26789855957031,60.60945129394531,44.28238296508789,20.57488250732422
2018-04-09,22.78940200805664,29.99294662475586,12.41943359375,18.53975486755371,39.56269073486328,60.8556022644043,44.07361602783203,20.77191925048828
2018-04-10,23.196935653686523,30.22727394104004,12.468091011047363,18.67135238647461,39.93354034423828,61.53258514404297,44.84159851074219,20.85948944091797
2018-04-11,23.27988052368164,30.061630249023438,12.389379501342773,18.727190017700195,39.809932708740234,60.86441421508789,44.56571960449219,20.85948944091797
2018-04-12,23.34480857849121,30.22727394104004,12.515320777893066,18.830869674682617,40.3471794128418,61.295204162597656,44.99073028564453,20.77191925048828
2018-04-13,23.39889907836914,30.304031372070312,12.541081428527832,18.810930252075195,40.22832489013672,61.10179138183594,45.147308349609375,20.824462890625
2018-04-16,23.24322509765625,30.198989868164062,12.515789031982422,18.842830657958984,39.9906005859375,60.795379638671875,44.7073860168457,20.89779281616211
2018-04-17,23.373743057250977,30.46159553527832,12.580408096313477,18.914613723754883,40.73230743408203,61.31505584716797,45.36353302001953,20.994678497314453
2018-04-18,23.725418090820312,30.530271530151367,12.594769477844238,18.842830657958984,40.57540512084961,61.31505584716797,44.90869903564453,20.994678497314453
2018-04-19,24.026334762573242,30.550464630126953,12.708211898803711,18.85080909729004,40.161766052246094,61.01556396484375,44.99073028564453,21.11800193786621
2018-04-20,24.00095558166504,30.55451011657715,12.74985122680664,19.066158294677734,40.15224838256836,60.8129997253418,44.781959533691406,21.087169647216797
2018-04-23,24.182226181030273,30.683795928955078,12.833139419555664,19.289478302001953,40.33292007446289,61.06843185424805,44.96089172363281,21.087169647216797
2018-04-24,24.450523376464844,30.671674728393555,12.83600902557373,19.125972747802734,40.58015823364258,61.01556396484375,44.99073028564453,20.875768661499023
2018-04-25,24.131473541259766,30.453502655029297,12.728312492370605,19.07811737060547,40.30915069580078,60.47828674316406,44.32713317871094,20.77888298034668
2018-04-26,24.541162490844727,30.740341186523438,12.762773513793945,19.35328483581543,40.6419677734375,61.033206939697266,44.66265869140625,20.77888298034668
2018-04-27,24.58104133605957,30.8251953125,12.761336326599121,19.305431365966797,41.04612731933594,61.29746627807617,44.625370025634766,21.060747146606445
2018-04-30,24.60641860961914,30.901947021484375,12.774264335632324,19.33733367919922,40.95576477050781,61.55289077758789,44.640281677246094,21.060747146606445
2018-05-02,24.657180786132812,31.087791442871094,12.798675537109375,19.309415817260742,41.38843536376953,62.2047119140625,45.47537612915039,21.280956268310547
2018-05-03,24.55204200744629,30.873676300048828,12.646464347839355,19.05419158935547,41.36941909790039,61.87001037597656,45.154762268066406,21.095985412597656
2018-05-04,24.827573776245117,31.099910736083984,12.65794849395752,19.129959106445312,42.04457092285156,62.23112869262695,45.46045684814453,21.25893211364746
2018-05-07,25.1973819732666,31.350400924682617,12.725441932678223,19.213706970214844,42.51051330566406,62.8124885559082,45.855648040771484,21.37784767150879
2018-05-08,24.747814178466797,31.34231185913086,12.690977096557617,19.197763442993164,42.73872375488281,63.14720153808594,45.74380111694336,21.54520606994629
2018-05-09,25.45116424560547,31.5483455657959,12.833139419555664,19.221681594848633,42.99072265625,63.18244171142578,45.48283004760742,21.351423263549805
2018-05-10,25.382282257080078,31.57662010192871,12.874777793884277,19.058183670043945,43.299766540527344,63.07672882080078,45.49775314331055,21.263338088989258
2018-05-11,25.60706329345703,31.600875854492188,12.923606872558594,19.066158294677734,43.25222396850586,62.953392028808594,45.53502655029297,21.263338088989258
2018-05-14,25.76658821105957,31.5847225189209,12.86616325378418,18.886701583862305,43.16188049316406,63.578819274902344,45.42317581176758,21.611270904541016
2018-05-15,25.991363525390625,31.604921340942383,12.890573501586914,18.503860473632812,42.90038299560547,63.49956130981445,45.54994201660156,21.672929763793945
2018-05-16,25.987741470336914,31.697830200195312,12.724005699157715,18.428098678588867,43.13812255859375,64.07209014892578,45.490291595458984,21.78744125366211
2018-05-17,26.39742660522461,31.903867721557617,12.745543479919434,18.523799896240234,43.394866943359375,64.42442321777344,46.14644241333008,22.012046813964844
2018-05-18,26.469934463500977,31.82710838317871,12.630666732788086,18.34035873413086,43.18566131591797,64.42442321777344,45.83327865600586,22.108938217163086
2018-05-21,26.469934463500977,31.82710838317871,12.630666732788086,18.34035873413086,43.18566131591797,64.42442321777344,45.83327865600586,22.108938217163086
2018-05-22,26.419172286987305,32.053340911865234,12.810159683227539,18.5955810546875,43.42813491821289,64.57418823242188,46.481971740722656,22.364381790161133
2018-05-23,25.701324462890625,31.72611427307129,12.650773048400879,18.507848739624023,43.10957336425781,64.17779541015625,45.70651626586914,22.197023391723633
2018-05-24,25.309764862060547,31.511993408203125,12.469840049743652,18.352319717407227,43.25698471069336,63.89592742919922,44.7968635559082,22.22344398498535
2018-05-25,24.798574447631836,31.58875274658203,12.36645221710205,18.34434700012207,43.675384521484375,64.28349304199219,44.95344924926758,22.562570571899414
2018-05-28,24.61366844177246,31.467552185058594,12.248701095581055,18.284523010253906,43.394866943359375,64.03685760498047,44.61046600341797,22.566970825195312
2018-05-29,24.733314514160156,31.05142593383789,11.892585754394531,18.0891170501709,42.933658599853516,63.79022979736328,43.60386657714844,22.29831886291504
2018-05-30,25.259010314941406,31.180715560913086,11.925614356994629,18.188812255859375,43.05253601074219,64.15138244628906,43.9617805480957,22.22344398498535
2018-05-31,25.317020416259766,30.986799240112305,11.796378135681152,18.085134506225586,43.01449966430664,63.43790054321289,43.64860916137695,22.13536262512207
2018-06-01,25.578054428100586,31.362504959106445,12.04910659790039,18.220720291137695,43.63257598876953,64.07209014892578,43.69334411621094,22.232255935668945
2018-06-04,25.433042526245117,31.42310905456543,12.082130432128906,18.40416717529297,43.78948211669922,63.90473937988281,43.7157096862793,22.34235954284668
2018-06-05,25.295272827148438,31.334230422973633,11.863865852355957,18.352319717407227,44.35051727294922,63.561214447021484,43.93193817138672,22.126556396484375
2018-06-06,25.404037475585938,31.366554260253906,11.951459884643555,18.37226104736328,44.54071044921875,63.5347900390625,44.1556282043457,22.16619300842285
2018-06-07,25.76658821105957,31.277664184570312,11.98879337310791,18.36827278137207,44.3933219909668,63.332183837890625,44.2451057434082,21.83147621154785
2018-06-08,25.559926986694336,31.217065811157227,11.914124488830566,18.328393936157227,44.36478805541992,63.16484832763672,43.83500671386719,21.77862548828125
2018-06-11,25.752079010009766,31.455432891845703,12.125207901000977,18.57962989807129,44.74040985107422,63.376258850097656,43.62623977661133,21.88873291015625
2018-06-12,25.552684783935547,31.447345733642578,12.155365943908691,18.5955810546875,44.83549118041992,63.332183837890625,43.588958740234375,21.94158172607422
2018-06-13,25.346027374267578,31.463510513305664,12.072078704833984,18.416128158569336,45.58195877075195,63.57001876831055,43.574039459228516,22.02526092529297
2018-06-14,25.76658821105957,31.855390548706055,12.14100456237793,18.72319984436035,46.371219635009766,64.63582611083984,44.28238296508789,22.346769332885742
2018-06-15,25.24813461303711,31.488914489746094,11.908381462097168,18.503860473632812,46.0051155090332,64.2482681274414,44.066162109375,22.04728126525879
2018-06-18,25.382282257080078,31.264209747314453,11.849508285522461,18.356311798095703,45.57244873046875,63.7065544128418,43.66352081298828,21.992233276367188
2018-06-19,25.219131469726562,31.05174446105957,11.855252265930176,18.302473068237305,44.87353515625,63.376258850097656,43.0595703125,21.992233276367188
2018-06-20,25.02334976196289,31.170230865478516,11.932794570922852,18.36428451538086,45.09223937988281,63.95759963989258,42.84707260131836,22.04728126525879
2018-06-21,24.76593780517578,30.871976852416992,11.756172180175781,18.238670349121094,44.54783630371094,63.88273239135742,41.48632049560547,21.94818687438965
2018-06-22,25.561738967895508,31.231534957885742,11.936382293701172,18.499876022338867,44.42897033691406,64.54774475097656,41.270076751708984,22.126556396484375
2018-06-25,24.892833709716797,30.55328941345215,11.64344596862793,18.24265480041504,43.22369384765625,63.508365631103516,40.33432388305664,21.490158081054688
2018-06-26,25.032419204711914,30.573711395263672,11.65062427520752,18.119033813476562,43.22844696044922,63.424678802490234,40.263492584228516,21.490158081054688
2018-06-27,25.636064529418945,30.798419952392578,11.634113311767578,18.19081687927246,43.55414581298828,63.73738098144531,40.352962493896484,21.479143142700195
2018-06-28,25.525489807128906,30.573711395263672,11.636985778808594,18.02332305908203,42.491493225097656,63.208858489990234,39.45822525024414,21.30738067626953
2018-06-29,25.51280403137207,30.8188533782959,11.710219383239746,18.025314331054688,43.154754638671875,63.99280548095703,39.46567153930664,21.373441696166992
2018-07-02,25.244510650634766,30.541027069091797,11.592470169067383,17.913658142089844,42.75774383544922,63.57441711425781,39.30910110473633,21.109193801879883
2018-07-03,25.54905128479004,30.790260314941406,11.677909851074219,18.248632431030273,42.83143997192383,64.0941162109375,39.50668716430664,21.109193801879883
2018-07-04,25.574434280395508,30.8270320892334,11.708785057067871,18.585613250732422,42.32270812988281,64.40682220458984,39.54769515991211,21.11800193786621
2018-07-05,25.757526397705078,30.9741153717041,11.816482543945312,18.629480361938477,42.74824142456055,64.486083984375,40.8599967956543,21.137819290161133
2018-07-06,25.636064529418945,31.010894775390625,11.80499267578125,18.802955627441406,42.86235046386719,64.6974868774414,40.58039093017578,21.19727897644043
2018-07-09,25.969614028930664,31.190658569335938,11.882534980773926,18.74313735961914,43.390106201171875,64.81641387939453,40.62884521484375,21.19727897644043
2018-07-10,26.32491111755371,31.32140350341797,11.810018539428711,18.659391403198242,43.90835189819336,65.27005767822266,40.83761215209961,21.19727897644043
2018-07-11,25.668691635131836,30.908750534057617,11.661396980285645,18.43607521057129,43.33304977416992,64.62261199951172,40.125553131103516,21.25012969970703
2018-07-12,25.683197021484375,31.166149139404297,11.681499481201172,18.390209197998047,43.72053909301758,65.97470092773438,40.3156852722168,21.668521881103516
2018-07-13,25.73032569885254,31.247861862182617,11.673604965209961,18.23069190979004,43.89645767211914,66.02313995361328,40.61393356323242,21.712568283081055
2018-07-16,25.273317337036133,31.133472442626953,11.718167304992676,18.161333084106445,43.99169921875,65.83606719970703,40.40647888183594,21.723705291748047
2018-07-17,25.298891067504883,31.21109390258789,11.67855453491211,17.945697784423828,44.21159362792969,66.09464263916016,40.680728912353516,21.741436004638672
2018-07-18,25.30620002746582,31.382694244384766,11.688824653625488,17.957685470581055,45.28712844848633,66.66536712646484,41.107337951660156,21.75030517578125
2018-07-19,25.419479370117188,31.31731414794922,11.671217918395996,17.85385513305664,44.833011627197266,66.50484466552734,41.1759147644043,21.648332595825195
2018-07-20,25.353702545166016,31.2601261138916,11.658012390136719,17.91374969482422,44.68004608154297,66.70103454589844,40.29220199584961,21.595129013061523
2018-07-23,25.350051879882812,31.207006454467773,11.734304428100586,17.977645874023438,44.32632064819336,66.70994567871094,40.22364807128906,21.404497146606445
2018-07-24,25.514495849609375,31.472576141357422,11.996927261352539,17.929725646972656,44.60834503173828,66.99530029296875,41.31303024291992,21.439966201782227
2018-07-25,25.499876022338867,31.399044036865234,11.92650032043457,17.905763626098633,44.36934280395508,67.16472625732422,40.117000579833984,21.204994201660156
2018-07-26,25.598548889160156,31.6605224609375,12.027735710144043,18.209251403808594,44.63225555419922,68.22588348388672,41.06163024902344,21.1872615814209
2018-07-27,25.887229919433594,31.779006958007812,12.09669017791748,18.58062171936035,44.598785400390625,68.38639831542969,40.9854621887207,21.33799934387207
2018-07-30,25.868967056274414,31.689125061035156,12.121631622314453,18.704416275024414,43.77659606933594,68.10103607177734,41.09210968017578,21.386760711669922
2018-07-31,26.168617248535156,31.819868087768555,12.234604835510254,18.62455177307129,43.68577575683594,68.07427978515625,41.099727630615234,21.386760711669922
2018-08-01,25.898202896118164,31.62375259399414,12.11136245727539,18.556669235229492,43.48979949951172,68.1634521484375,40.07128143310547,21.408937454223633
2018-08-02,25.63873863220215,31.382694244384766,11.91183090209961,18.3649959564209,43.547157287597656,68.17236328125,39.65990447998047,21.408937454223633
2018-08-03,25.69721031188965,31.5992488861084,11.985188484191895,18.55267333984375,43.73836898803711,68.39530944824219,39.888450622558594,21.182825088500977
2018-08-06,25.806842803955078,31.554288864135742,11.92650032043457,18.6005916595459,43.8052864074707,68.39530944824219,40.048431396484375,21.142925262451172
2018-08-07,26.208818435668945,31.685047149658203,12.01159954071045,18.63652992248535,43.63797378540039,68.7519760131836,40.383628845214844,21.17395782470703
2018-08-08,26.018789291381836,31.61557960510254,11.998395919799805,18.540693283081055,43.89611053466797,68.03862762451172,40.58169937133789,21.17395782470703
2018-08-09,25.912817001342773,31.701379776000977,11.992525100708008,18.516733169555664,43.87697982788086,68.22588348388672,40.688350677490234,21.289228439331055
2018-08-10,25.598548889160156,31.37861442565918,11.757779121398926,18.245193481445312,43.3272705078125,68.07427978515625,39.957008361816406,21.26706314086914
2018-08-13,25.547388076782227,31.284639358520508,11.628669738769531,18.26515769958496,43.470680236816406,67.37873077392578,39.842735290527344,21.10301971435547
2018-08-14,25.4450626373291,31.276466369628906,11.589056968688965,18.18928337097168,43.513702392578125,67.70867919921875,39.59135055541992,21.10301971435547
2018-08-15,24.842100143432617,30.790260314941406,11.421801567077637,17.949695587158203,42.73453903198242,67.01313781738281,38.646697998046875,20.90352439880371
2018-08-16,24.97730827331543,31.002710342407227,11.496627807617188,18.05751609802246,43.30337142944336,67.01313781738281,38.936187744140625,21.06755828857422
2018-08-17,24.926145553588867,30.990455627441406,11.426203727722168,17.949695587158203,43.07871627807617,67.3519515991211,38.78382110595703,21.06755828857422
2018-08-20,25.130788803100586,31.182497024536133,11.457014083862305,17.99361801147461,43.3272705078125,67.66405487060547,39.17234420776367,21.24932861328125
2018-08-21,25.350051879882812,31.264209747314453,11.52156925201416,18.021574020385742,43.49457550048828,67.82457733154297,39.507545471191406,21.142925262451172
2018-08-22,25.56930923461914,31.243770599365234,11.514232635498047,18.041534423828125,43.456329345703125,67.9405288696289,38.40290451049805,21.10301971435547
2018-08-23,25.605854034423828,31.202924728393555,11.455547332763672,18.005599975585938,43.74312973022461,67.61949157714844,37.8848876953125,21.063125610351562
2018-08-24,25.847034454345703,31.215185165405273,11.47021770477295,17.949695587158203,44.115989685058594,67.55707550048828,38.08676528930664,21.063125610351562
2018-08-27,25.993213653564453,31.403118133544922,11.537710189819336,17.981637954711914,44.54143142700195,67.78001403808594,38.913326263427734,21.21385955810547
2018-08-28,25.781261444091797,31.35408592224121,11.442340850830078,17.841873168945312,44.42192840576172,67.65518188476562,39.21805191040039,21.16509437561035
2018-08-29,25.828765869140625,31.443981170654297,11.496627807617188,17.841873168945312,44.560550689697266,68.01185607910156,39.35519027709961,21.222726821899414
2018-08-30,25.854345321655273,31.374515533447266,11.352846145629883,17.546369552612305,44.39323425292969,67.985107421875,39.32471466064453,21.169527053833008
2018-08-31,25.540077209472656,31.108951568603516,11.26628303527832,17.382648468017578,44.120765686035156,67.53926086425781,38.74573516845703,21.169527053833008
2018-09-03,25.64604949951172,31.149805068969727,11.310298919677734,17.46650505065918,44.27851104736328,67.69976043701172,38.31911849975586,21.19612693786621
2018-09-04,25.54372787475586,30.904661178588867,11.371917724609375,17.25885581970215,43.590171813964844,67.2360610961914,38.002952575683594,21.17395782470703
2018-09-05,25.0430908203125,30.56554412841797,11.410063743591309,17.047210693359375,42.275638580322266,66.13032531738281,37.679195404052734,21.014354705810547
2018-09-06,24.823823928833008,30.434791564941406,11.304429054260254,17.059200286865234,41.773719787597656,65.55960845947266,37.44683837890625,20.859182357788086
2018-09-07,24.74709129333496,30.430709838867188,11.20466136932373,17.198959350585938,41.98404312133789,65.93415069580078,37.576351165771484,20.774953842163086
2018-09-10,24.842100143432617,30.541027069091797,11.310298919677734,17.31875991821289,42.194366455078125,66.10357666015625,37.61825180053711,20.774953842163086
2018-09-11,25.160018920898438,30.51651954650879,11.261880874633789,17.326749801635742,42.13701629638672,66.12140655517578,37.30971145629883,20.752784729003906
2018-09-12,25.58757972717285,30.655424118041992,11.228137016296387,17.290803909301758,41.85974884033203,66.62078857421875,37.68681335449219,20.890220642089844
2018-09-13,25.361019134521484,30.635007858276367,11.317635536193848,17.338726043701172,42.132225036621094,66.59402465820312,38.06391143798828,20.863622665405273
2018-09-14,25.470645904541016,30.728971481323242,11.352846145629883,17.36268424987793,42.447731018066406,66.62078857421875,38.58575439453125,21.032089233398438
2018-09-17,25.485261917114258,30.776248931884766,11.429137229919434,17.438554763793945,42.122684478759766,66.45133972167969,38.600990295410156,21.120759963989258
2018-09-18,25.653358459472656,30.821636199951172,11.436471939086914,17.590295791625977,42.528995513916016,66.31758880615234,38.94380187988281,21.13405418395996
2018-09-19,25.726449966430664,30.908313751220703,11.599326133728027,17.482479095458984,42.3090934753418,66.21057891845703,39.6065788269043,21.13405418395996
2018-09-20,25.87993049621582,31.147682189941406,11.77245044708252,17.570327758789062,42.37124252319336,66.29081726074219,40.2388801574707,21.14735984802246
2018-09-21,25.989551544189453,31.279756546020508,11.804730415344238,17.658184051513672,42.739315032958984,66.34434509277344,40.39886474609375,21.12962532043457
2018-09-24,26.274599075317383,31.098155975341797,11.72110366821289,17.52640724182129,42.71541213989258,65.8628158569336,39.75894546508789,21.00105857849121
2018-09-25,26.851987838745117,31.27149772644043,11.760712623596191,17.50244903564453,43.37984848022461,66.61183166503906,38.83715057373047,21.018787384033203
2018-09-26,26.822744369506836,31.362293243408203,11.778322219848633,17.542383193969727,43.389408111572266,67.00421142578125,38.96664810180664,21.12962532043457
2018-09-27,26.917753219604492,31.448978424072266,11.77245044708252,17.70610237121582,43.37506866455078,67.3965835571289,39.08855438232422,21.142925262451172
2018-09-28,26.848318099975586,31.213720321655273,11.437939643859863,17.41858673095703,42.83969497680664,67.2806396484375,38.479095458984375,21.15622901916504
2018-10-01,27.031042098999023,31.292146682739258,11.339639663696289,17.31476593017578,43.465885162353516,67.93159484863281,38.71526336669922,21.080860137939453
2018-10-02,27.020078659057617,31.061019897460938,11.254546165466309,17.123092651367188,43.274681091308594,67.5035629272461,38.74573516845703,20.805986404418945
2018-10-04,27.00545883178711,30.887678146362305,11.327905654907227,17.3507022857666,42.90184020996094,66.93285369873047,38.357200622558594,20.473482131958008
2018-10-05,26.60348892211914,30.640037536621094,11.223737716674805,17.294797897338867,42.02706527709961,66.58511352539062,37.99534225463867,20.331613540649414
2018-10-08,26.157657623291016,30.264474868774414,11.0799560546875,17.151039123535156,41.142738342285156,65.74687957763672,37.41255187988281,20.238513946533203
2018-10-09,26.574247360229492,30.367652893066406,11.101961135864258,17.103118896484375,41.42476272583008,65.63987731933594,37.37065887451172,20.23407554626465
2018-10-10,26.362300872802734,29.860013961791992,11.123970031738281,17.40261459350586,39.65610885620117,65.14051818847656,36.28126907348633,19.817337036132812
2018-10-11,25.463335037231445,29.240934371948242,10.855477333068848,17.202959060668945,39.2115478515625,63.92774963378906,35.69087219238281,19.817337036132812
2018-10-12,25.510839462280273,29.220300674438477,10.83347225189209,17.08315658569336,39.426666259765625,63.785064697265625,35.904178619384766,19.817337036132812
2018-10-15,25.66915512084961,29.2780818939209,10.809954643249512,17.323179244995117,39.36942672729492,64.11593627929688,36.0472412109375,19.6300048828125
2018-10-16,25.827564239501953,29.686668395996094,10.877884864807129,17.482481002807617,40.66864013671875,65.34083557128906,36.706050872802734,19.874988555908203
2018-10-17,25.665470123291016,29.616514205932617,10.82619571685791,17.425296783447266,40.86520004272461,65.16202545166016,36.10468292236328,19.874988555908203
2018-10-18,25.411287307739258,29.39777183532715,10.63716983795166,17.4865665435791,39.968685150146484,65.61802673339844,35.78676986694336,19.58100700378418
2018-10-19,25.45549201965332,29.418399810791016,10.607632637023926,17.58051300048828,39.76254653930664,66.19916534423828,34.817684173583984,19.287025451660156
2018-10-22,25.138687133789062,29.3441104888916,10.530843734741211,17.413042068481445,39.69542694091797,65.60907745361328,34.72576141357422,19.113309860229492
2018-10-23,24.44243049621582,28.832347869873047,10.3846435546875,17.159791946411133,38.190067291259766,64.71497344970703,34.44615173339844,18.841596603393555
2018-10-24,24.37611961364746,28.774566650390625,10.23401165008545,17.3190975189209,37.456565856933594,64.67919921875,33.59965133666992,18.87277603149414
2018-10-25,24.54189682006836,28.93553924560547,10.36544418334961,17.25374412536621,38.14691925048828,63.62417984008789,34.65682601928711,19.131122589111328
2018-10-26,24.354019165039062,28.70027732849121,10.251733779907227,16.89020347595215,37.80653762817383,63.44533157348633,34.243141174316406,19.05095100402832
2018-10-29,24.482954025268555,28.964420318603516,10.437808990478516,17.18838882446289,38.132537841796875,64.1963882446289,35.361602783203125,19.202396392822266
2018-10-30,24.545581817626953,28.964420318603516,10.400888442993164,17.282331466674805,38.2044563293457,64.634521484375,35.40373611450195,19.202396392822266
2018-10-31,25.182884216308594,29.45966911315918,10.544132232666016,17.40895652770996,39.08657455444336,65.68059539794922,35.62589645385742,19.447378158569336
2018-11-01,24.615570068359375,29.575241088867188,10.659318923950195,17.841936111450195,39.32147979736328,66.13660430908203,35.73314666748047,19.447378158569336
2018-11-02,24.519794464111328,29.637142181396484,10.786321640014648,17.792919158935547,39.64748764038086,65.46603393554688,36.39196014404297,20.066524505615234
2018-11-05,24.880817413330078,29.62476348876953,10.746450424194336,17.91546058654785,39.096153259277344,65.89521026611328,36.054893493652344,19.879446029663086
2018-11-06,24.770299911499023,29.53809356689453,10.69771671295166,17.690799713134766,39.1872444152832,65.65377807617188,35.855716705322266,19.879446029663086
2018-11-07,25.13499641418457,29.87239646911621,10.838010787963867,17.878700256347656,39.57078170776367,66.60152435302734,35.84804916381836,19.901718139648438
2018-11-08,25.079744338989258,29.913660049438477,10.916280746459961,17.93996810913086,39.450923919677734,67.14693450927734,35.442039489746094,19.928442001342773
2018-11-09,24.726089477539062,29.798105239868164,10.780415534973145,17.77658462524414,39.46531677246094,67.3346939086914,34.75257873535156,19.928442001342773
2018-11-12,24.748191833496094,29.52984046936035,10.63569450378418,17.731643676757812,38.04145050048828,66.9859848022461,34.33506774902344,19.928442001342773
2018-11-13,24.269289016723633,29.723814010620117,10.798138618469238,18.144201278686523,38.621551513671875,67.03070068359375,35.04368209838867,19.928442001342773
2018-11-14,24.173513412475586,29.53809356689453,10.740541458129883,18.189136505126953,38.42018127441406,66.27069854736328,35.28116989135742,19.928442001342773
2018-11-15,24.361391067504883,29.21617889404297,10.56923770904541,18.009410858154297,38.25718307495117,65.56436157226562,34.73343276977539,19.72354507446289
2018-11-16,24.29876136779785,29.162532806396484,10.490970611572266,18.02166175842285,37.940773010253906,65.6627197265625,34.3963623046875,19.72354507446289
2018-11-19,24.007736206054688,28.964420318603516,10.482108116149902,18.103355407714844,37.1880989074707,65.19779205322266,34.296775817871094,19.72354507446289
2018-11-20,23.672510147094727,28.638368606567383,10.235487937927246,17.907291412353516,36.49295425415039,65.09049224853516,34.00565719604492,19.634456634521484
2018-11-21,24.051942825317383,28.94377326965332,10.412700653076172,18.13195037841797,37.11138916015625,65.1173324584961,34.710445404052734,19.928442001342773
2018-11-22,23.841962814331055,28.770442962646484,10.349198341369629,17.944055557250977,36.79977798461914,64.78650665283203,34.49978256225586,19.98634910583496
2018-11-23,23.245176315307617,28.877750396728516,10.397933959960938,18.1156063079834,37.16411209106445,65.75212860107422,34.61469268798828,19.98634910583496
2018-11-26,23.7093448638916,29.199670791625977,10.657844543457031,18.691547393798828,37.61477279663086,65.85942077636719,35.37309265136719,20.302600860595703
2018-11-27,23.631988525390625,29.1707706451416,10.61797046661377,18.842687606811523,37.701072692871094,65.62694549560547,34.60702896118164,20.302600860595703
2018-11-28,23.646718978881836,29.146007537841797,10.597296714782715,18.863113403320312,37.931182861328125,65.90412902832031,34.39252853393555,19.972984313964844
2018-11-29,23.742496490478516,29.21617889404297,10.57366943359375,18.81409454345703,38.190067291259766,66.27069854736328,34.576385498046875,19.972984313964844
2018-11-30,23.88985252380371,29.187284469604492,10.49687671661377,19.010154724121094,38.00788879394531,66.87870025634766,34.27761459350586,19.972984313964844
2018-12-03,24.331918716430664,29.455549240112305,10.668180465698242,18.903955459594727,38.96192169189453,66.82504272460938,35.23520278930664,19.883899688720703
2018-12-04,24.225086212158203,29.257444381713867,10.482108116149902,18.854934692382812,38.42498779296875,66.8697509765625,34.4078483581543,19.536462783813477
2018-12-05,23.90827751159668,28.906635284423828,10.406794548034668,18.78141212463379,37.69148254394531,66.11869812011719,34.10908126831055,19.478567123413086
2018-12-06,23.00940704345703,28.056434631347656,10.024309158325195,18.426048278808594,36.65114974975586,64.11593627929688,32.70335006713867,19.033130645751953
2018-12-07,23.51778793334961,28.167871475219727,10.012495994567871,18.52408218383789,36.68471145629883,64.25004577636719,32.584617614746094,19.055402755737305
2018-12-10,22.950464248657227,27.693248748779297,9.790980339050293,18.217723846435547,36.3970832824707,63.63311767578125,31.749597549438477,19.055402755737305
2018-12-11,23.230443954467773,28.101837158203125,9.833807945251465,18.45871925354004,37.168922424316406,64.62555694580078,32.51949691772461,18.779239654541016
2018-12-12,23.49199867248535,28.55582618713379,10.084858894348145,18.667043685913086,37.98871612548828,65.49283599853516,33.174476623535156,19.095489501953125
2018-12-13,23.54725456237793,28.522817611694336,10.1350679397583,18.544504165649414,37.7873649597168,65.45706939697266,33.26641845703125,19.135578155517578
2018-12-14,23.503047943115234,28.353595733642578,10.068612098693848,18.5567569732666,37.432586669921875,65.0726089477539,32.86039352416992,19.211299896240234
2018-12-17,23.18254852294922,27.997867584228516,9.907646179199219,18.569007873535156,36.92442321777344,64.28582000732422,32.6535530090332,18.881685256958008
2018-12-18,22.6962833404541,27.811304092407227,9.888448715209961,18.311681747436523,36.56965637207031,63.49897766113281,32.64206314086914,18.846052169799805
2018-12-19,22.810482025146484,27.89837074279785,9.907646179199219,18.507741928100586,36.7326545715332,63.29336166381836,32.82209777832031,18.85941505432129
2018-12-20,22.379470825195312,27.479629516601562,9.658071517944336,18.270828247070312,35.77381134033203,62.85523223876953,32.14796829223633,18.85941505432129
2018-12-21,22.34263038635254,27.545963287353516,9.640350341796875,18.103355407714844,35.56767654418945,62.65855407714844,32.26286697387695,18.445167541503906
2018-12-27,22.073705673217773,27.00282859802246,9.442463874816895,17.617277145385742,35.174560546875,61.505157470703125,31.24016571044922,18.445167541503906
2018-12-28,22.526824951171875,27.496206283569336,9.628535270690918,17.944055557250977,35.936824798583984,62.64064407348633,31.569576263427734,18.47189712524414
2019-01-02,22.865737915039062,27.58327865600586,9.649211883544922,18.070676803588867,36.133384704589844,63.2486457824707,31.32060432434082,18.658973693847656
2019-01-03,22.784692764282227,27.346954345703125,9.631488800048828,18.176883697509766,34.5609130859375,63.042999267578125,31.029489517211914,18.409530639648438
2019-01-04,23.396209716796875,28.051774978637695,9.990344047546387,18.31984519958496,35.5437126159668,64.25899505615234,32.320316314697266,18.805965423583984
2019-01-07,23.45147705078125,28.07664680480957,9.975576400756836,18.328012466430664,36.14297866821289,63.87452697753906,32.64590072631836,18.988590240478516
2019-01-08,23.447792053222656,28.28394889831543,10.028740882873535,18.103355407714844,36.52650833129883,64.39310455322266,33.00211715698242,19.20684814453125
2019-01-09,23.661453247070312,28.420764923095703,9.993298530578613,17.9113712310791,37.283973693847656,64.750732421875,33.752872467041016,19.229116439819336
2019-01-10,23.701976776123047,28.545133590698242,10.087810516357422,17.952226638793945,37.16411209106445,65.0726089477539,33.706905364990234,19.287025451660156
2019-01-11,23.506732940673828,28.57831573486328,10.107010841369629,17.97264289855957,37.02029800415039,64.88484191894531,33.366004943847656,19.287025451660156
2019-01-14,23.51778793334961,28.4083309173584,10.095194816589355,17.80517578125,36.48335266113281,63.937103271484375,33.6685905456543,19.33602523803711
2019-01-15,23.62587547302246,28.53270721435547,10.084932327270508,17.730854034423828,36.86016845703125,64.68353271484375,33.832542419433594,19.19046401977539
2019-01-16,23.581138610839844,28.69025230407715,10.354809761047363,17.74734115600586,37.080841064453125,64.78205108642578,34.039512634277344,19.284448623657227
2019-01-17,23.540136337280273,28.710981369018555,10.23025131225586,17.829792022705078,37.12401580810547,64.8626708984375,33.75971984863281,19.4321346282959
2019-01-18,24.039640426635742,29.20435905456543,10.43191909790039,18.052412033081055,38.27049255371094,65.27465057373047,34.6489372253418,19.4321346282959
2019-01-21,23.950180053710938,29.175331115722656,10.396331787109375,17.932857513427734,38.13617706298828,65.2030029296875,34.587608337402344,19.714082717895508
2019-01-22,23.715341567993164,29.059246063232422,10.302909851074219,17.88751220703125,37.86274719238281,65.2030029296875,34.36530303955078,19.861774444580078
2019-01-23,23.476764678955078,29.021928787231445,10.337017059326172,17.932857513427734,37.867557525634766,65.11341857910156,34.05484390258789,19.937847137451172
2019-01-24,23.670604705810547,29.071693420410156,10.313289642333984,17.784446716308594,38.73099899291992,64.78205108642578,34.72175979614258,19.978130340576172
2019-01-25,23.793617248535156,29.23338508605957,10.467506408691406,17.64427947998047,39.41217803955078,64.5760269165039,35.56498718261719,19.870725631713867
2019-01-28,23.260560989379883,28.934864044189453,10.302909851074219,17.586566925048828,38.84613037109375,63.91327667236328,35.20852279663086,19.76331329345703
2019-01-29,23.648239135742188,29.15874671936035,10.331086158752441,17.59068489074707,38.63026809692383,64.334228515625,35.03221893310547,19.76331329345703
2019-01-30,23.763795852661133,29.29557991027832,10.37853717803955,17.52473258972168,38.62067413330078,64.48646545410156,35.25069046020508,20.130292892456055
2019-01-31,24.21483612060547,29.3287296295166,10.166487693786621,17.52473258972168,38.635066986083984,64.98802947998047,35.42316436767578,20.130292892456055
2019-02-01,24.229755401611328,29.382631301879883,10.11161994934082,17.557710647583008,38.77417755126953,65.5970687866211,35.76429748535156,20.004985809326172
2019-02-04,24.29684829711914,29.43653106689453,10.058238983154297,17.40105628967285,38.80777359008789,65.69559478759766,35.33502197265625,20.188474655151367
2019-02-05,24.72925567626953,29.842838287353516,10.202075958251953,17.68138313293457,39.30183410644531,66.81517791748047,35.74895477294922,20.416719436645508
2019-02-06,24.885826110839844,29.846981048583984,10.283635139465332,17.640161514282227,40.00701141357422,66.68082427978516,35.66847229003906,20.474899291992188
2019-02-07,24.341583251953125,29.407506942749023,10.076032638549805,17.355703353881836,39.15313720703125,66.25089263916016,33.98202133178711,20.28245735168457
2019-02-08,24.319210052490234,29.274839401245117,9.99595832824707,17.240276336669922,39.07158660888672,66.66288757324219,33.173301696777344,20.107919692993164
2019-02-11,24.464595794677734,29.494565963745117,10.116068840026855,17.306241989135742,39.51292419433594,66.582275390625,33.33427429199219,20.233230590820312
2019-02-12,24.591333389282227,29.63968849182129,10.196145057678223,17.240276336669922,39.67121887207031,66.8420181274414,34.23881912231445,20.027360916137695
2019-02-13,24.677072525024414,29.80967140197754,10.219870567321777,17.34746742248535,40.232479095458984,66.9674072265625,34.530120849609375,20.33616065979004
2019-02-14,24.69570541381836,29.735036849975586,10.098276138305664,17.240276336669922,40.47231674194336,67.17340087890625,34.14299774169922,20.192949295043945
2019-02-15,25.00882911682129,30.162078857421875,10.354809761047363,17.467018127441406,40.74095153808594,67.98847198486328,34.75625228881836,20.331687927246094
2019-02-18,24.934276580810547,30.240854263305664,10.424506187438965,17.65665054321289,40.81770706176758,68.14070129394531,34.72557830810547,20.331687927246094
2019-02-19,24.956642150878906,30.18280601501465,10.331086158752441,17.722606658935547,40.582645416259766,67.9347152709961,34.794578552246094,20.331687927246094
2019-02-20,25.08338737487793,30.352787017822266,10.34443187713623,17.7885684967041,40.755332946777344,68.28401184082031,35.59564208984375,20.568883895874023
2019-02-21,25.031200408935547,30.311338424682617,10.224319458007812,17.862770080566406,40.6785888671875,68.06009674072266,35.6186408996582,20.550979614257812
2019-02-22,25.061017990112305,30.406700134277344,10.23618221282959,17.879268646240234,41.19666290283203,68.12279510498047,35.656978607177734,20.53755760192871
2019-02-25,24.900732040405273,30.468875885009766,10.33849811553955,17.755590438842773,41.316585540771484,68.29298400878906,36.346893310546875,20.53755760192871
2019-02-26,25.057294845581055,30.560094833374023,10.393365859985352,17.61541748046875,41.2110481262207,68.4542007446289,36.21273422241211,20.756851196289062
2019-02-27,25.09457015991211,30.485462188720703,10.56389331817627,17.52884864807129,40.880062103271484,68.3467025756836,36.155250549316406,20.457000732421875
2019-02-28,24.964096069335938,30.510343551635742,10.643966674804688,17.49174690246582,40.793724060058594,68.4542007446289,36.04793167114258,20.2421817779541
2019-03-01,24.979013442993164,30.622285842895508,10.624689102172852,17.50411033630371,41.158294677734375,68.86620330810547,36.638179779052734,20.461469650268555
2019-03-04,25.098297119140625,30.734228134155273,10.615793228149414,17.42578887939453,41.19666290283203,69.2871322631836,36.561527252197266,20.340635299682617
2019-03-05,25.187755584716797,30.813003540039062,10.589101791381836,17.570072174072266,41.321380615234375,69.73497009277344,36.36988830566406,20.448047637939453
2019-03-06,25.247406005859375,30.75495147705078,10.58465576171875,17.545345306396484,41.00957489013672,69.5916519165039,36.032588958740234,20.448047637939453
2019-03-07,25.269773483276367,30.676185607910156,10.393365859985352,17.74321937561035,40.822486877441406,69.5647964477539,35.26601791381836,20.157150268554688
2019-03-08,24.82244110107422,30.39840316772461,10.234699249267578,17.79269027709961,40.68339157104492,69.05426025390625,34.71409225463867,19.790163040161133
2019-03-11,25.064743041992188,30.63057518005371,10.381501197814941,17.92461585998535,41.08153533935547,69.41254425048828,35.08971405029297,19.790163040161133
2019-03-12,25.061017990112305,30.57253074645996,10.359258651733398,17.879268646240234,40.96641159057617,69.19757080078125,34.924903869628906,19.861774444580078
2019-03-13,25.48224449157715,30.804706573486328,10.460091590881348,17.969961166381836,41.19186782836914,69.7081069946289,35.143367767333984,20.04526710510254
2019-03-14,25.713354110717773,31.041025161743164,10.54461669921875,18.176084518432617,41.359771728515625,70.2634048461914,35.20086669921875,20.04526710510254
2019-03-15,25.702171325683594,31.295278549194336,10.632107734680176,18.468786239624023,42.415103912353516,70.41564178466797,35.530479431152344,20.439098358154297
2019-03-18,25.96683692932129,31.34935760498047,10.774458885192871,18.56772232055664,42.007347106933594,70.37088012695312,35.47682189941406,20.36749267578125
2019-03-19,26.052574157714844,31.53235626220703,10.784839630126953,18.66253662109375,42.371917724609375,70.69329833984375,36.285560607910156,20.448047637939453
2019-03-20,25.754362106323242,31.241199493408203,10.627655982971191,18.59657859802246,42.14166259765625,70.22758483886719,35.42316436767578,20.143720626831055
2019-03-21,25.814008712768555,31.20792007446289,10.483818054199219,18.666656494140625,42.386314392089844,70.33503723144531,35.28519058227539,19.960229873657227
2019-03-22,25.444963455200195,30.8543758392334,10.268804550170898,18.51824951171875,41.681156158447266,69.89617156982422,34.54928970336914,19.906522750854492
2019-03-25,25.277217864990234,30.72544288635254,10.225802421569824,18.37396240234375,41.335777282714844,69.5916519165039,34.47645950317383,19.79911994934082
2019-03-26,25.456151962280273,30.97500991821289,10.21393871307373,18.468786239624023,41.83467102050781,70.60374450683594,34.42280197143555,19.79911994934082
2019-03-27,25.411415100097656,31.029067993164062,10.328120231628418,18.47702980041504,41.36935806274414,70.45148468017578,34.70642852783203,19.92889976501465
2019-03-28,25.299589157104492,30.966670989990234,10.184283256530762,18.270896911621094,41.56122970581055,70.81867980957031,34.4841194152832,19.834918975830078
2019-03-29,25.497154235839844,31.19961166381836,10.261390686035156,18.340986251831055,42.25199890136719,70.99781799316406,34.993896484375,19.834918975830078
2019-04-01,25.82145881652832,31.548994064331055,10.529788970947266,18.489391326904297,42.78447723388672,71.44564056396484,36.139915466308594,20.031837463378906
2019-04-02,25.832645416259766,31.682098388671875,10.593548774719238,18.45229148864746,42.93317794799805,71.44564056396484,36.611358642578125,20.125816345214844
2019-04-03,26.004121780395508,31.956621170043945,10.780391693115234,18.633682250976562,43.67192077636719,71.22173309326172,37.151790618896484,20.443572998046875
2019-04-04,25.806556701660156,31.894229888916016,10.81894588470459,18.654294967651367,43.51361083984375,70.8455581665039,37.385589599609375,20.371967315673828
2019-04-05,26.067485809326172,31.93997573852539,10.772976875305176,18.485267639160156,43.59516143798828,71.02467346191406,37.39708709716797,20.398818969726562
2019-04-08,26.246414184570312,31.88174819946289,10.737388610839844,18.386327743530273,43.609554290771484,71.0157241821289,37.362586975097656,20.192949295043945
2019-04-09,26.060039520263672,31.719539642333984,10.750734329223633,18.378089904785156,42.98593521118164,70.93511962890625,36.99846267700195,20.018407821655273
2019-04-10,26.224042892456055,31.815202713012695,10.71959400177002,18.427549362182617,43.11066436767578,70.72017669677734,36.99463653564453,20.130292892456055
2019-04-11,26.04511833190918,31.865114212036133,10.851570129394531,18.328611373901367,43.14424514770508,70.19173431396484,37.4545783996582,20.130292892456055
2019-04-12,26.00037956237793,31.927509307861328,11.066583633422852,18.324493408203125,43.379302978515625,69.3856430053711,38.213478088378906,20.479373931884766
2019-04-15,25.949901580810547,31.98157501220703,11.10418701171875,18.48392105102539,43.28038024902344,69.37943267822266,38.275264739990234,20.478548049926758
2019-04-16,25.788192749023438,32.089717864990234,11.198212623596191,18.4672908782959,43.42467498779297,69.39742279052734,38.61648178100586,20.496675491333008
2019-04-17,25.91229820251465,32.089717864990234,11.27731704711914,18.442354202270508,43.645931243896484,68.1029281616211,39.2145881652832,20.55558967590332
2019-04-18,25.93109893798828,32.22697448730469,11.3086576461792,18.49223518371582,44.011497497558594,67.58158874511719,39.6286735534668,20.55558967590332
2019-04-23,26.442575454711914,32.301849365234375,11.177318572998047,18.367536544799805,44.21831512451172,68.534423828125,39.306602478027344,20.57371711730957
2019-04-24,25.972469329833984,32.276893615722656,11.068366050720215,18.180496215820312,46.017250061035156,68.62432098388672,38.76218032836914,20.564651489257812
2019-04-25,25.94614028930664,32.23113250732422,11.020605087280273,18.226213455200195,45.71904754638672,68.87602233886719,38.32893753051758,20.650753021240234
2019-04-26,25.528688430786133,32.29352951049805,11.05941104888916,18.42988395690918,45.56511688232422,69.42439270019531,38.65482711791992,20.650753021240234
2019-04-29,25.29926872253418,32.36425018310547,11.172840118408203,18.44651222229004,45.622840881347656,69.81092071533203,38.66248321533203,20.70513153076172
2019-04-30,25.566299438476562,32.39335250854492,11.129558563232422,18.33843994140625,45.56511688232422,69.85586547851562,38.432456970214844,20.537460327148438
2019-05-02,25.254152297973633,32.189544677734375,11.1176176071167,18.276094436645508,44.9638786315918,69.80192565917969,38.70850372314453,20.464950561523438
2019-05-03,25.37073516845703,32.335121154785156,11.16089916229248,18.226213455200195,45.04082107543945,70.26038360595703,38.647151947021484,20.501209259033203
2019-05-06,24.972082138061523,31.98573112487793,10.986278533935547,18.147241592407227,44.367427825927734,69.71202850341797,37.830501556396484,20.242902755737305
2019-05-07,24.35529899597168,31.63634490966797,10.811655044555664,18.12646484375,43.60263442993164,69.21761322021484,37.274566650390625,20.075231552124023
2019-05-08,24.464366912841797,31.65713882446289,10.75046443939209,18.134777069091797,43.9970588684082,69.64910888671875,37.358917236328125,19.871309280395508
2019-05-09,24.178546905517578,31.22456932067871,10.50718879699707,17.906164169311523,43.097591400146484,68.84906768798828,36.38124084472656,19.594877243041992
2019-05-10,24.332735061645508,31.316064834594727,10.541515350341797,17.935260772705078,43.25632858276367,68.68724060058594,36.040000915527344,19.61300277709961
2019-05-13,24.250001907348633,30.900136947631836,10.343011856079102,17.53207778930664,42.46266174316406,68.02204895019531,35.05465316772461,19.345630645751953
2019-05-14,24.644887924194336,31.3035945892334,10.451964378356934,17.602745056152344,43.43909454345703,68.57039642333984,35.45339584350586,19.50424575805664
2019-05-15,24.738908767700195,31.40758514404297,10.44151782989502,17.573646545410156,43.73249816894531,68.8131103515625,36.335227966308594,19.662853240966797
2019-05-16,25.130035400390625,31.848472595214844,10.586289405822754,17.744060516357422,44.809959411621094,69.94573974609375,36.13969039916992,19.60847282409668
2019-05-17,25.314321517944336,31.73617935180664,10.453454971313477,17.714963912963867,44.73781204223633,69.94573974609375,35.878971099853516,19.75801658630371
2019-05-20,25.220298767089844,31.39925193786621,10.31614875793457,17.85213851928711,43.434288024902344,69.3614501953125,35.181182861328125,19.47705841064453
2019-05-21,25.502361297607422,31.628015518188477,10.40868091583252,17.82303810119629,44.17022705078125,69.7030258178711,35.38822555541992,19.52690315246582
2019-05-22,25.3331241607666,31.582265853881836,10.266894340515137,17.7939395904541,44.75223922729492,70.19745635986328,35.01248550415039,19.390953063964844
2019-05-23,24.434282302856445,31.14137840270996,10.159435272216797,17.602745056152344,43.60745620727539,70.15251159667969,34.45271301269531,19.332042694091797
2019-05-24,24.49445343017578,31.357669830322266,10.207194328308105,17.698347091674805,43.79985046386719,70.83568572998047,34.58689880371094,19.332042694091797
2019-05-27,24.592233657836914,31.449176788330078,10.222121238708496,17.798095703125,43.97782897949219,70.97051239013672,35.06998825073242,19.332042694091797
2019-05-28,24.58095932006836,31.34103012084961,10.186299324035645,17.80640983581543,43.804656982421875,70.57500457763672,35.26552963256836,19.37735939025879
2019-05-29,24.182308197021484,30.933406829833984,10.101225852966309,17.714963912963867,42.857093811035156,69.44234466552734,34.81311798095703,19.069204330444336
2019-05-30,24.20110511779785,31.116418838500977,10.15495777130127,17.802255630493164,43.28998947143555,69.65809631347656,34.778602600097656,19.21422004699707
2019-05-31,24.054433822631836,30.837738037109375,10.016155242919922,17.802255630493164,42.9003791809082,69.03783416748047,34.107643127441406,19.09639549255371
2019-06-03,24.163501739501953,30.912612915039062,9.954962730407715,17.831348419189453,42.756080627441406,69.86486053466797,34.080806732177734,19.023889541625977
2019-06-04,24.265043258666992,31.108095169067383,10.165403366088867,18.001768112182617,42.674320220947266,69.60417175292969,35.127506256103516,19.13718032836914
2019-06-05,24.148452758789062,31.237049102783203,10.116150856018066,18.09321403503418,43.01582336425781,69.76595306396484,34.92813491821289,19.264066696166992
2019-06-06,24.250001907348633,31.22041130065918,10.007200241088867,18.039175033569336,42.90519332885742,70.26937103271484,34.59840393066406,19.341106414794922
2019-06-07,24.517019271850586,31.515722274780273,10.031081199645996,18.172178268432617,43.7228889465332,70.43116760253906,34.71726608276367,19.517837524414062
2019-06-11,24.893110275268555,31.811037063598633,10.168390274047852,18.255313873291016,44.19426345825195,71.17728424072266,35.51857376098633,19.63113021850586
2019-06-12,24.362821578979492,31.727848052978516,10.05943775177002,18.359228134155273,43.819091796875,71.53687286376953,35.22719192504883,19.617534637451172
2019-06-13,24.385385513305664,31.84431266784668,10.051974296569824,18.325973510742188,44.00187301635742,71.8335189819336,35.38438415527344,19.70816993713379
2019-06-14,24.445566177368164,31.690414428710938,9.986303329467773,18.230371475219727,43.232261657714844,71.7076644897461,35.0661506652832,19.78067970275879
2019-06-17,24.295129776000977,31.66896629333496,9.99078369140625,18.138931274414062,43.33328628540039,71.67171478271484,35.08149337768555,19.513309478759766
2019-06-18,24.73514747619629,32.22478103637695,10.113167762756348,18.438199996948242,44.32895278930664,73.11896514892578,35.875144958496094,19.55862045288086
2019-06-19,24.693782806396484,32.19108963012695,10.25495433807373,18.35506820678711,44.271236419677734,73.37966918945312,36.26621627807617,19.563154220581055
2019-06-20,25.04730224609375,32.363731384277344,10.126599311828613,18.34259605407715,44.9638786315918,73.81114959716797,36.56526565551758,19.350168228149414
2019-06-21,25.193973541259766,32.25004959106445,10.06540584564209,18.267784118652344,44.75223922729492,72.83132934570312,36.66879653930664,19.13265037536621
2019-06-24,25.02849769592285,32.140567779541016,9.99078369140625,18.15555763244629,44.598304748535156,72.7324447631836,36.204864501953125,19.141712188720703
2019-06-25,25.00217056274414,32.1026725769043,9.94749927520752,18.1223087310791,44.800331115722656,72.91221618652344,35.821468353271484,19.10545539855957
2019-06-26,25.246627807617188,32.01844787597656,10.041526794433594,18.076583862304688,44.73299026489258,72.0312728881836,36.11668395996094,19.13718032836914
2019-06-27,25.04353141784668,32.026878356933594,10.117644309997559,18.068267822265625,44.809959411621094,72.3818588256836,36.26621627807617,19.13718032836914
2019-06-28,25.069862365722656,32.241634368896484,10.162418365478516,18.109830856323242,45.502586364746094,72.69647979736328,36.55375671386719,19.52690315246582
2019-07-01,25.40458106994629,32.4942741394043,10.247491836547852,18.105676651000977,46.41649627685547,73.45157623291016,36.657283782958984,19.789735794067383
2019-07-02,25.265432357788086,32.61638641357422,10.247491836547852,18.138931274414062,46.50305938720703,73.75723266601562,36.51926040649414,19.794265747070312
2019-07-03,25.114994049072266,32.927982330322266,10.39674186706543,18.334291458129883,46.80129623413086,74.53030395507812,36.84898376464844,20.193058013916016
2019-07-04,25.20525550842285,32.94902038574219,10.508681297302246,18.463136672973633,46.68103790283203,74.32353210449219,37.010009765625,20.265562057495117
2019-07-05,25.099946975708008,32.69639205932617,10.541515350341797,18.421567916870117,46.06535720825195,73.82911682128906,37.002349853515625,20.15680503845215
2019-07-08,25.261667251586914,32.658485412597656,10.428085327148438,18.34259605407715,46.094234466552734,73.32574462890625,36.84898376464844,19.9891300201416
2019-07-09,25.111230850219727,32.498470306396484,10.354951858520508,18.37169647216797,45.868160247802734,73.32574462890625,36.26621627807617,19.8078670501709
2019-07-10,25.242860794067383,32.43111038208008,10.381815910339355,18.24700164794922,45.747901916503906,73.28077697753906,36.00165557861328,19.74895668029785
2019-07-11,25.430910110473633,32.397422790527344,10.414650917053223,18.20128059387207,45.82967758178711,72.76840209960938,35.79463577270508,19.82146453857422
2019-07-12,25.438426971435547,32.44374465942383,10.426590919494629,18.109830856323242,45.75751876831055,71.7076644897461,36.10901641845703,19.97100257873535
2019-07-15,25.387483596801758,32.52796936035156,10.442244529724121,17.984220504760742,45.937564849853516,72.09761047363281,36.43378448486328,20.062244415283203
2019-07-16,25.29245948791504,32.61638641357422,10.506800651550293,17.86728286743164,46.02985763549805,72.49923706054688,36.51744079589844,20.181007385253906
2019-07-17,24.798307418823242,32.50270080566406,10.35463809967041,17.750335693359375,45.9035530090332,72.75480651855469,35.97966003417969,20.08051300048828
2019-07-18,24.471418380737305,32.41426467895508,10.303916931152344,17.767038345336914,45.16027069091797,73.21119689941406,35.63309097290039,20.08965301513672
2019-07-19,24.608259201049805,32.46058654785156,10.225529670715332,17.800453186035156,45.267154693603516,73.21119689941406,35.74064636230469,20.244958877563477
2019-07-22,24.752700805664062,32.506900787353516,10.205550193786621,17.716920852661133,45.38373947143555,73.6949462890625,35.99958038330078,20.19014549255371
2019-07-23,24.992172241210938,32.82271194458008,10.399208068847656,17.850568771362305,45.86469268798828,73.96875762939453,37.38585662841797,20.276935577392578
2019-07-24,25.056785583496094,32.85639190673828,10.326974868774414,17.92574691772461,46.5496711730957,73.95049285888672,37.85990905761719,20.359161376953125
2019-07-25,24.889541625976562,32.63322830200195,10.282401084899902,17.81715965270996,46.12702178955078,73.91399383544922,37.21855545043945,20.404836654663086
2019-07-26,24.840124130249023,32.76796340942383,10.236291885375977,18.25152015686035,46.64682388305664,74.50727081298828,37.04328155517578,20.50533103942871
2019-07-29,24.771709442138672,32.77639389038086,10.162515640258789,18.510467529296875,46.38935089111328,74.68067169189453,36.76442337036133,20.44594955444336
2019-07-30,24.524633407592773,32.28793716430664,9.921211242675781,18.213937759399414,45.6898078918457,73.84099578857422,35.91593551635742,20.08965301513672
2019-07-31,24.627262115478516,32.29215621948242,9.89969253540039,18.234817504882812,45.670379638671875,74.18782806396484,35.85617446899414,20.13076400756836
2019-08-01,24.30417251586914,32.49006652832031,9.96116828918457,18.389347076416016,46.46709060668945,75.0914306640625,35.97169876098633,20.217554092407227
2019-08-02,23.547754287719727,31.605812072753906,9.646090507507324,18.109516143798828,44.679325103759766,74.03263854980469,34.68500518798828,19.742494583129883
2019-08-05,23.042213439941406,30.94051170349121,9.437058448791504,17.850568771362305,43.31908416748047,72.62702941894531,33.9958381652832,19.230884552001953
2019-08-06,22.78753662109375,30.72997283935547,9.381731033325195,17.762863159179688,42.998443603515625,72.28018951416016,33.85641098022461,19.098419189453125
2019-08-07,22.570873260498047,30.86051368713379,9.317174911499023,17.78792381286621,43.36280822753906,72.53575897216797,33.967960357666016,19.377059936523438
2019-08-08,22.99659538269043,31.4289493560791,9.458580017089844,17.896514892578125,44.450992584228516,74.32473754882812,34.34242248535156,19.377059936523438
2019-08-09,22.74952507019043,31.146833419799805,9.283361434936523,17.691864013671875,43.65913391113281,74.38862609863281,33.52180099487305,19.43644142150879
2019-08-12,22.639293670654297,31.028934478759766,9.109683990478516,17.645919799804688,43.54740524291992,74.41600036621094,33.39432144165039,19.418169021606445
2019-08-13,23.0498104095459,31.231060028076172,9.195755004882812,17.762863159179688,43.926334381103516,74.8997573852539,33.744873046875,19.418169021606445
2019-08-14,22.54046058654785,30.7047061920166,8.971354484558105,17.566570281982422,42.64381408691406,74.08743286132812,32.79279708862305,18.988788604736328
2019-08-15,22.35041046142578,30.64154815673828,8.962133407592773,17.554031372070312,42.454349517822266,73.92311096191406,32.19925308227539,18.89742660522461
2019-08-16,22.396028518676758,31.037355422973633,9.174234390258789,17.829687118530273,43.15391540527344,74.7811050415039,32.55378341674805,18.89742660522461
2019-08-19,22.909170150756836,31.3784236907959,9.223421096801758,17.988393783569336,43.74658966064453,75.34697723388672,32.99198913574219,19.61458969116211
2019-08-20,22.627891540527344,31.172086715698242,9.128125190734863,17.79210090637207,43.45509719848633,75.23746490478516,32.5298957824707,19.564340591430664
2019-08-21,22.97759246826172,31.555278778076172,9.161940574645996,17.86728286743164,44.2469596862793,75.99507141113281,33.11945343017578,19.756196975708008
2019-08-22,22.931987762451172,31.42053985595703,9.255696296691895,17.81715965270996,43.49882507324219,75.60259246826172,33.17522048950195,19.765329360961914
2019-08-23,22.54806900024414,31.117359161376953,9.121980667114258,17.741979598999023,42.97416305541992,75.13706970214844,32.44622802734375,19.683107376098633
2019-08-26,22.646896362304688,31.19736671447754,9.152718544006348,17.84638786315918,43.168479919433594,75.00928497314453,32.81670379638672,19.683107376098633
2019-08-27,22.726720809936523,31.403688430786133,9.154255867004395,18.013458251953125,43.430824279785156,75.69384002685547,33.155311584472656,19.98002815246582
2019-08-28,22.916776657104492,31.306846618652344,9.134275436401367,18.109516143798828,42.94013977050781,75.50218963623047,33.067665100097656,19.87952995300293
2019-08-29,23.1030330657959,31.64369773864746,9.246476173400879,18.326702117919922,43.430824279785156,75.91288757324219,33.414241790771484,19.87952995300293
2019-08-30,23.217060089111328,31.896347045898438,9.277215003967285,18.376811981201172,43.732017517089844,76.25973510742188,33.77275466918945,20.0850830078125
2019-09-02,23.236064910888672,31.963716506958008,9.263381958007812,18.46870231628418,43.503684997558594,76.7435073852539,33.736907958984375,20.19927978515625
2019-09-03,23.027009963989258,31.900554656982422,9.218809127807617,18.493755340576172,43.46968078613281,76.77088928222656,33.828529357910156,20.19927978515625
2019-09-04,23.308286666870117,32.182674407958984,9.329472541809082,18.50628662109375,43.90688705444336,76.96256256103516,34.5256462097168,20.377429962158203
2019-09-05,23.715002059936523,32.42690658569336,9.572315216064453,18.45199966430664,45.05826187133789,76.28714752197266,35.53748321533203,20.44594955444336
2019-09-06,23.45273208618164,32.52796936035156,9.598443984985352,18.485401153564453,45.16999435424805,76.72522735595703,35.64503860473633,20.44594955444336
2019-09-09,23.74161148071289,32.43952941894531,9.8197660446167,18.410228729248047,44.99995040893555,75.4200210571289,36.36208724975586,20.44594955444336
2019-09-10,24.22435188293457,32.43531799316406,10.021113395690918,18.422761917114258,44.52873229980469,74.49813842773438,36.401920318603516,20.29977798461914
2019-09-11,24.201539993286133,32.738494873046875,10.081055641174316,18.56058120727539,45.087398529052734,75.22834777832031,36.4298095703125,20.614959716796875
2019-09-12,23.886056900024414,32.80586624145508,10.085667610168457,18.694232940673828,45.417755126953125,75.10969543457031,36.71662139892578,20.614959716796875
2019-09-13,23.98868179321289,32.8858757019043,10.35310173034668,18.727645874023438,45.388607025146484,74.80847930908203,37.174739837646484,20.555580139160156
2019-09-16,24.684284210205078,32.744205474853516,10.24858570098877,18.79447364807129,44.96595001220703,74.62593841552734,36.975547790527344,20.555580139160156
2019-09-17,24.501832962036133,32.7059211730957,10.014966011047363,18.63576316833496,45.24772644042969,75.19184112548828,36.51346206665039,20.468788146972656
2019-09-18,24.581653594970703,32.72291946411133,9.975004196166992,18.702585220336914,45.42747116088867,75.31961822509766,36.537357330322266,20.523601531982422
2019-09-19,24.695682525634766,32.91443634033203,10.168663024902344,18.89470863342285,45.621788024902344,76.0041732788086,36.7245979309082,20.669775009155273
2019-09-20,24.950359344482422,32.99103927612305,10.219385147094727,19.03253936767578,45.621788024902344,76.60657501220703,36.5612678527832,20.614959716796875
2019-09-23,24.779314041137695,32.74845886230469,10.027260780334473,19.0241756439209,44.927085876464844,76.54267883300781,35.8960075378418,20.68804931640625
2019-09-24,24.4752197265625,32.731441497802734,9.947338104248047,19.049240112304688,45.01453399658203,77.0173110961914,35.38611602783203,20.893606185913086
2019-09-25,24.269960403442383,32.5399284362793,9.938117980957031,19.020002365112305,44.50930404663086,76.62482452392578,35.306434631347656,20.6606388092041
2019-09-26,24.406803131103516,32.79527282714844,9.967317581176758,19.174537658691406,44.82505416870117,77.07210540771484,35.282527923583984,20.6606388092041
2019-09-27,24.672882080078125,32.922950744628906,10.050314903259277,19.19542121887207,45.04854202270508,76.97169494628906,35.629112243652344,20.875333786010742
2019-09-30,24.627262115478516,33.01657485961914,10.090278625488281,19.20795440673828,45.077693939208984,76.99905395507812,35.79243087768555,20.875333786010742
2019-10-01,24.414403915405273,32.59950637817383,9.931966781616211,19.07848358154297,44.519004821777344,75.87638854980469,35.465782165527344,20.747426986694336
2019-10-02,23.56675910949707,31.654720306396484,9.62457275390625,18.6900577545166,43.15391540527344,73.80445861816406,34.469879150390625,20.363731384277344
2019-10-04,23.581968307495117,31.956872940063477,9.578462600708008,18.890531539916992,43.88746643066406,74.94540405273438,34.30656433105469,20.3682918548584
2019-10-07,23.79482650756836,32.195213317871094,9.629182815551758,19.0617733001709,44.12065505981445,75.5660629272461,34.34640121459961,20.49162483215332
2019-10-08,23.49454116821289,31.799421310424805,9.498540878295898,18.982412338256836,43.66885757446289,74.8997573852539,34.01176452636719,20.121625900268555
2019-10-09,23.60477066040039,31.97390365600586,9.540040016174316,19.091007232666016,44.26154327392578,75.30138397216797,34.38225173950195,20.22212028503418
2019-10-10,23.703601837158203,32.21647644042969,9.767511367797852,19.228830337524414,44.52873229980469,74.7354736328125,35.119205474853516,20.336318969726562
2019-10-11,24.18253517150879,32.93572235107422,10.257807731628418,19.562959671020508,46.67598342895508,75.36526489257812,36.33818054199219,21.08089256286621
2019-10-14,23.920263290405273,32.7654914855957,10.153292655944824,19.525367736816406,46.2824821472168,75.46565246582031,36.43777084350586,20.911876678466797
2019-10-15,24.116077423095703,33.08467483520508,10.39462661743164,19.736370086669922,46.8326530456543,75.88359832763672,37.08949279785156,21.067394256591797
2019-10-16,24.043243408203125,33.08042526245117,10.485742568969727,19.740596771240234,46.85208511352539,75.57318115234375,37.668888092041016,21.104150772094727
2019-10-17,23.974241256713867,33.0463752746582,10.461031913757324,19.778690338134766,46.618873596191406,75.85619354248047,37.6489143371582,21.067394256591797
2019-10-18,23.95123863220215,32.93572235107422,10.423969268798828,19.837947845458984,46.27872085571289,75.53667449951172,37.01757049560547,21.067394256591797
2019-10-21,24.10841178894043,33.152767181396484,10.637081146240234,19.880273818969727,46.93955993652344,75.2992935180664,37.33723831176758,21.22361183166504
2019-10-22,24.42658233642578,33.191070556640625,10.655613899230957,20.015718460083008,46.72090530395508,75.47277069091797,37.63692855834961,21.22361183166504
2019-10-23,24.61058807373047,33.20808410644531,10.64326000213623,20.113059997558594,46.482791900634766,75.63710021972656,37.68088912963867,21.22361183166504
2019-10-24,24.725587844848633,33.42938995361328,10.65870189666748,19.842182159423828,46.53139877319336,76.75089263916016,38.060482025146484,21.22361183166504
2019-10-25,24.783090591430664,33.4804573059082,10.68649959564209,19.816783905029297,46.453643798828125,77.05216979980469,38.424110412597656,21.232807159423828
2019-10-28,24.88276481628418,33.578346252441406,10.630904197692871,19.74906349182129,46.73060989379883,77.2895278930664,39.09940719604492,21.375246047973633
2019-10-29,24.675756454467773,33.52301788330078,10.579941749572754,19.406227111816406,46.405052185058594,77.40819549560547,38.935585021972656,21.46255111694336
2019-10-30,24.64125633239746,33.53153610229492,10.406981468200684,19.44009017944336,46.37104797363281,78.31200408935547,38.7158088684082,21.46255111694336
2019-10-31,24.277084350585938,33.386837005615234,10.326677322387695,19.51627540588379,46.186397552490234,78.03813934326172,38.276268005371094,21.549854278564453
2019-11-01,24.58375358581543,33.62090301513672,10.4224271774292,19.528972625732422,46.648014068603516,78.37590789794922,38.73578643798828,21.696889877319336
2019-11-04,25.082101821899414,33.9443473815918,10.638627052307129,19.545900344848633,47.29914093017578,78.89630126953125,39.90257263183594,21.696889877319336
2019-11-05,25.346607208251953,34.02094268798828,10.754446983337402,19.503576278686523,47.36717224121094,78.36676788330078,40.110355377197266,21.78878402709961
2019-11-06,25.246936798095703,34.08904266357422,10.75908374786377,19.431623458862305,47.50808334350586,78.67720031738281,39.93852615356445,21.839326858520508
2019-11-07,25.46927261352539,34.229496002197266,10.893433570861816,19.36389923095703,47.9891471862793,78.52201080322266,40.61383056640625,22.13799476623535
2019-11-08,25.407943725585938,34.11883544921875,10.760623931884766,19.372365951538086,47.97942352294922,78.8597640991211,40.430023193359375,22.004743576049805
2019-11-11,25.381101608276367,34.101810455322266,10.766801834106445,19.368127822875977,48.0182991027832,78.7958755493164,40.25421142578125,22.082855224609375
2019-11-12,25.457775115966797,34.24650573730469,10.823941230773926,19.622081756591797,48.23695755004883,79.06974792480469,40.39806365966797,22.225292205810547
2019-11-13,25.331274032592773,34.15288162231445,10.620094299316406,19.528972625732422,48.071746826171875,79.65400695800781,39.92255783081055,22.193132400512695
2019-11-14,25.26227378845215,34.04648971557617,10.561410903930664,19.300413131713867,47.848236083984375,79.20671081542969,39.347145080566406,22.101238250732422
2019-11-15,25.369606018066406,34.20819854736328,10.589207649230957,19.300413131713867,48.38758850097656,79.2158203125,39.63884353637695,22.193132400512695
2019-11-18,25.17409896850586,34.18267059326172,10.567587852478027,19.3131103515625,48.300132751464844,79.80009460449219,38.807708740234375,22.23908042907715
2019-11-19,25.039932250976562,34.131591796875,10.590751647949219,19.25385856628418,48.26125717163086,79.59927368164062,38.89162063598633,22.35854721069336
2019-11-20,24.928760528564453,34.0081787109375,10.545968055725098,19.25385856628418,48.07661819458008,79.2158203125,38.71979904174805,22.133399963378906
2019-11-21,24.8865909576416,33.867740631103516,10.513537406921387,19.194599151611328,47.940555572509766,79.1610336303711,38.73978042602539,22.087451934814453
2019-11-22,25.00159454345703,34.02094268798828,10.6216402053833,19.334280014038086,48.16407012939453,79.48970031738281,39.011497497558594,22.335569381713867
2019-11-25,25.074430465698242,34.36993408203125,10.725107192993164,19.41892433166504,48.698577880859375,80.69480895996094,39.307186126708984,22.7582950592041
2019-11-26,24.829092025756836,34.42100524902344,10.663333892822266,19.406227111816406,48.77633285522461,81.00517272949219,39.20729064941406,22.298810958862305
2019-11-27,24.668087005615234,34.52314376831055,10.73437213897705,19.61362075805664,48.8443603515625,81.25169372558594,39.35514450073242,22.303403854370117
2019-11-28,24.660423278808594,34.476322174072266,10.68649959564209,19.575532913208008,48.74717330932617,81.2060317993164,39.06344985961914,22.303403854370117
2019-11-29,24.411251068115234,34.32311248779297,10.603107452392578,19.554370880126953,48.80549240112305,81.0599594116211,38.6239013671875,22.23908042907715
2019-12-02,24.20041275024414,33.76134490966797,10.459487915039062,19.0676212310791,47.54695510864258,79.72708892822266,38.00454330444336,21.954195022583008
2019-12-03,23.889904022216797,33.55281066894531,10.309691429138184,19.02953338623047,47.67329788208008,79.4805679321289,37.71284484863281,21.637155532836914
2019-12-04,24.16590690612793,33.9783821105957,10.487286567687988,19.101484298706055,48.29527282714844,80.22915649414062,38.00054168701172,21.871492385864258
2019-12-05,24.096912384033203,33.89328384399414,10.473386764526367,19.02953338623047,48.14949417114258,80.09226989746094,37.80474853515625,21.857707977294922
2019-12-06,24.42658233642578,34.310340881347656,10.626272201538086,19.13111114501953,48.96098327636719,80.70391082763672,38.17237091064453,22.188541412353516
2019-12-09,24.16974449157715,34.21245574951172,10.617006301879883,19.05069351196289,48.737457275390625,80.37525177001953,37.884674072265625,21.981767654418945
2019-12-10,24.119909286499023,34.131591796875,10.59692668914795,18.902557373046875,48.44104766845703,80.8956527709961,37.684871673583984,21.8485164642334
2019-12-11,24.05474281311035,34.229496002197266,10.60465145111084,18.940649032592773,48.50422286987305,80.9869384765625,37.964595794677734,21.8485164642334
2019-12-12,24.227249145507812,34.34013748168945,10.844016075134277,18.847532272338867,48.88322830200195,80.69480895996094,38.516014099121094,21.8485164642334
2019-12-13,24.323083877563477,34.6933708190918,10.998444557189941,19.0168399810791,49.58295822143555,80.9869384765625,38.89961624145508,22.680187225341797
2019-12-16,24.518585205078125,35.180843353271484,11.211560249328613,19.22846221923828,50.00083923339844,81.97291564941406,39.02748107910156,23.047771453857422
2019-12-17,24.67959213256836,34.932884216308594,11.12971019744873,19.156509399414062,49.53435134887695,81.68988037109375,39.02748107910156,22.684778213500977
2019-12-18,24.790756225585938,34.928611755371094,11.157508850097656,19.071861267089844,49.36914825439453,81.66250610351562,38.77973556518555,22.66640281677246
2019-12-19,24.8482608795166,35.00556945800781,11.168319702148438,19.021066665649414,49.33999252319336,82.182861328125,38.476051330566406,22.53314971923828
2019-12-20,24.87509536743164,35.270633697509766,11.18530559539795,19.11418342590332,49.64126205444336,83.04104614257812,38.50802230834961,22.776683807373047
2019-12-23,24.974761962890625,35.313392639160156,11.049407005310059,19.012601852416992,49.689849853515625,83.36056518554688,38.212318420410156,22.776683807373047
2019-12-27,25.124263763427734,35.4587516784668,11.105001449584961,19.008373260498047,49.874507904052734,83.41533660888672,38.29623794555664,22.932903289794922
2019-12-30,25.06292724609375,35.309112548828125,11.089558601379395,18.89409065246582,49.60239028930664,83.08670043945312,37.93661117553711,22.909927368164062
2020-01-02,25.162599563598633,35.4715690612793,11.294952392578125,18.94487762451172,50.46731948852539,83.04104614257812,38.424110412597656,23.176427841186523
2020-01-03,25.404104232788086,35.326210021972656,11.140520095825195,18.91948127746582,49.8453483581543,82.7488784790039,37.732826232910156,23.176427841186523
2020-01-06,25.733783721923828,35.180843353271484,11.0772066116333,18.885623931884766,49.4468994140625,82.42024993896484,37.541019439697266,22.487199783325195
2020-01-07,25.557443618774414,35.24925231933594,11.11889934539795,18.855995178222656,50.10773849487305,82.73064422607422,37.86867904663086,22.602073669433594
2020-01-08,25.45393943786621,35.33049392700195,11.157508850097656,18.83060073852539,50.43815994262695,83.1231918334961,38.10844039916992,22.749107360839844
2020-01-09,25.308271408081055,35.41599655151367,11.18530559539795,19.02953338623047,50.953224182128906,83.67098999023438,38.40812301635742,22.776683807373047
2020-01-10,25.369606018066406,35.33477020263672,11.060216903686523,18.982975006103516,50.962947845458984,83.93571472167969,38.58393859863281,22.89154815673828
2020-01-13,25.289108276367188,35.30057144165039,10.983002662658691,18.847532272338867,51.06985855102539,83.5796890258789,38.19633865356445,22.776683807373047
2020-01-14,25.220104217529297,35.394622802734375,11.007713317871094,18.94487762451172,51.14759826660156,83.75310516357422,38.144405364990234,22.836406707763672
2020-01-15,25.038408279418945,35.38606262207031,10.844097137451172,18.904380798339844,51.18645477294922,84.79327392578125,37.480159759521484,22.924816131591797
2020-01-16,25.251848220825195,35.47585678100586,10.895336151123047,18.93419075012207,51.3323974609375,84.48255920410156,37.18429183959961,22.860322952270508
2020-01-17,25.170352935791016,35.843509674072266,10.957443237304688,19.0449161529541,51.97454071044922,85.66138458251953,37.268253326416016,22.88335609436035
2020-01-20,25.1431884765625,35.79222106933594,10.889126777648926,19.138608932495117,51.93562698364258,85.62483215332031,37.3762092590332,22.699077606201172
2020-01-21,24.92974853515625,35.69815444946289,10.797515869140625,19.17693519592285,51.93562698364258,85.99949645996094,37.10431671142578,22.574684143066406
2020-01-22,24.720186233520508,35.71526336669922,10.77733039855957,19.16416358947754,52.071834564208984,85.70708465576172,36.740482330322266,22.565465927124023
2020-01-23,24.561084747314453,35.45018768310547,10.68571949005127,19.040658950805664,51.51726150512695,85.4786376953125,36.048763275146484,22.160049438476562
2020-01-24,24.572723388671875,35.75373077392578,10.752486228942871,19.14712905883789,52.334529876708984,85.48776245117188,35.80886459350586,22.27522087097168
2020-01-27,24.006135940551758,34.95427322387695,10.493184089660645,18.87030792236328,50.534584045410156,84.0804672241211,34.75330352783203,21.703948974609375
2020-01-28,24.16912841796875,35.20649719238281,10.645350456237793,19.1939754486084,50.45676040649414,84.83892822265625,35.21710968017578,21.943517684936523
2020-01-29,24.12255859375,35.364688873291016,10.699694633483887,19.142866134643555,50.69025421142578,85.5425796508789,35.22511672973633,22.044870376586914
2020-01-30,23.50940704345703,35.026947021484375,10.62826919555664,18.849014282226562,49.736778259277344,84.76585388183594,34.69733428955078,21.77766227722168
2020-01-31,23.11357307434082,34.689205169677734,10.4745512008667,18.751066207885742,48.948699951171875,83.94339752197266,34.19355010986328,21.630231857299805
2020-02-03,22.80311393737793,34.689205169677734,10.454367637634277,18.72125816345215,49.69786071777344,83.97996520996094,34.18954849243164,21.662487030029297
2020-02-04,23.408506393432617,35.296287536621094,10.67019271850586,18.780881881713867,50.98214340209961,85.28675079345703,34.58538055419922,22.00341033935547
2020-02-05,23.897480010986328,35.728092193603516,10.8347806930542,18.69144630432129,51.867515563964844,86.56607055664062,35.413021087646484,22.339723587036133
2020-02-06,23.769412994384766,35.87344741821289,11.058368682861328,18.87882423400879,52.139949798583984,86.95903778076172,35.493003845214844,22.459505081176758
2020-02-07,23.544328689575195,35.766571044921875,11.148427963256836,18.929935455322266,52.013465881347656,86.70314025878906,34.841278076171875,22.25679588317871
2020-02-10,23.25328254699707,35.8178596496582,11.145319938659668,18.861791610717773,52.013465881347656,87.25142669677734,34.565399169921875,22.36736488342285
2020-02-11,23.544328689575195,36.12995529174805,11.264878273010254,19.0449161529541,53.03504943847656,87.74491119384766,34.7373161315918,22.749753952026367
2020-02-12,23.812103271484375,36.39502716064453,11.435676574707031,19.291919708251953,53.424232482910156,87.71746063232422,36.00877380371094,22.749753952026367
2020-02-13,23.74224853515625,36.40785598754883,11.444993019104004,19.334508895874023,53.4631462097168,87.97333526611328,35.76488494873047,23.090681076049805
2020-02-14,23.652992248535156,36.3736457824707,11.372016906738281,19.351545333862305,53.41450500488281,87.45247650146484,35.48501205444336,22.952463150024414
2020-02-17,23.69179916381836,36.46770477294922,11.451205253601074,19.475046157836914,53.229637145996094,87.6900634765625,35.9608039855957,22.90178871154785
2020-02-18,23.466718673706055,36.33517074584961,11.243142127990723,19.687984466552734,52.840457916259766,88.19267272949219,35.33705520629883,22.938644409179688
2020-02-19,23.680156707763672,36.62160873413086,11.269538879394531,19.943506240844727,53.59934997558594,88.96027374267578,35.55696487426758,23.109106063842773
2020-02-20,23.57537841796875,36.309513092041016,11.184141159057617,19.768898010253906,52.7139778137207,88.11956787109375,35.744895935058594,23.058427810668945
2020-02-21,23.264925003051758,36.17271041870117,11.104951858520508,19.68372344970703,52.295616149902344,88.21092224121094,34.9812126159668,22.993927001953125
2020-02-24,22.20160484313965,34.72768020629883,10.662430763244629,19.240819931030273,50.106502532958984,85.35981750488281,33.02204513549805,21.574949264526367
2020-02-25,21.770845413208008,34.07784652709961,10.37673282623291,18.87030792236328,49.27949523925781,83.47736358642578,32.59422302246094,21.146488189697266
2020-02-26,21.71263313293457,34.0906867980957,10.389151573181152,18.80217742919922,49.415706634521484,83.66925811767578,33.010047912597656,20.718032836914062
2020-02-27,20.986936569213867,32.90216064453125,9.95439624786377,18.201690673828125,47.742244720458984,81.43040466308594,32.00246810913086,19.612327575683594
2020-02-28,20.257356643676758,31.85899543762207,9.603484153747559,17.460678100585938,46.453094482421875,78.47877502441406,31.198814392089844,18.912057876586914
2020-03-02,20.455276489257812,31.803428649902344,9.466846466064453,17.47771453857422,46.25364685058594,79.22810363769531,30.842966079711914,18.437528610229492
2020-03-03,20.633792877197266,32.252323150634766,9.35039234161377,17.550113677978516,46.80335998535156,80.37950897216797,31.00689697265625,18.649456024169922
2020-03-04,20.862756729125977,32.714046478271484,9.361263275146484,18.00153350830078,46.88119888305664,82.77371215820312,31.23080062866211,18.350914001464844
2020-03-05,20.474681854248047,32.201026916503906,9.101961135864258,17.788597106933594,46.30715560913086,82.12490844726562,30.195234298706055,17.833078384399414
2020-03-06,19.291061401367188,31.05526351928711,8.778999328613281,17.349956512451172,44.58992004394531,79.10015869140625,29.51952362060547,17.449766159057617
2020-03-09,15.996333122253418,28.614103317260742,7.822531223297119,16.058717727661133,41.48136901855469,74.75951385498047,26.448820114135742,16.275882720947266
2020-03-10,16.202007293701172,28.370420455932617,7.876877307891846,15.666916847229004,41.55434036254883,74.11984252929688,26.440828323364258,16.09344482421875
2020-03-11,15.934239387512207,28.212234497070312,7.974696159362793,15.37902545928955,41.252723693847656,74.10157775878906,26.616748809814453,15.470572471618652
2020-03-12,13.768796920776367,24.75357437133789,6.783771514892578,13.723241806030273,37.21989440917969,67.42156219482422,22.734390258789062,13.413970947265625
2020-03-13,13.765692710876465,25.463260650634766,7.046954154968262,13.796493530273438,37.38528060913086,68.298828125,22.858335494995117,13.161499977111816
2020-03-16,13.090446472167969,24.23398208618164,6.5027313232421875,13.2803373336792,35.882083892822266,68.7466049194336,20.587303161621094,11.818077087402344
2020-03-17,13.12614917755127,24.637086868286133,6.65800142288208,14.467663764953613,35.959930419921875,69.61473083496094,21.195037841796875,11.127016067504883
2020-03-18,11.958830833435059,23.54783058166504,6.526798248291016,14.3007230758667,33.96052932739258,67.16569519042969,19.827621459960938,10.373300552368164
2020-03-19,12.01315975189209,24.486995697021484,6.578038215637207,15.067291259765625,34.612403869628906,71.58857727050781,19.831615447998047,10.66815185546875
2020-03-20,13.03921890258789,24.714284896850586,6.6618852615356445,15.070696830749512,36.44153594970703,71.47893524169922,20.84718894958496,11.609837532043457
2020-03-23,13.08578872680664,23.809423446655273,6.433635234832764,14.433594703674316,35.82371139526367,66.77275085449219,20.4113712310791,10.82847785949707
2020-03-24,15.150335311889648,25.84214210510254,7.008913516998291,15.237632751464844,39.3603630065918,70.41888427734375,23.60602378845215,11.917591094970703
2020-03-25,16.236934661865234,26.644079208374023,7.296164512634277,15.270001411437988,40.35762405395508,72.0272216796875,24.229759216308594,12.617867469787598
2020-03-26,16.17484474182129,27.27877426147461,7.452211380004883,15.368807792663574,41.37434387207031,72.92276000976562,24.37769889831543,13.450825691223145
2020-03-27,15.538410186767578,26.476835250854492,7.057823657989502,14.995744705200195,39.788455963134766,72.89534759521484,23.14221954345703,12.920090675354004
2020-03-30,16.035139083862305,26.802753448486328,6.817930698394775,15.191641807556152,40.766258239746094,74.93315124511719,22.938304901123047,12.730280876159668
2020-03-31,17.094573974609375,27.197288513183594,6.79929780960083,15.120100021362305,41.092185974121094,75.89266204833984,23.558042526245117,13.356842041015625
2020-04-01,16.966514587402344,26.446815490722656,6.387053489685059,14.890127182006836,39.822505950927734,75.77384185791016,22.350553512573242,12.59390926361084
2020-04-02,17.91341209411621,26.46396827697754,6.298551559448242,15.075809478759766,39.18035888671875,75.86522674560547,22.31456756591797,12.020788192749023
2020-04-03,16.91994285583496,26.23668098449707,6.155702590942383,15.004261016845703,38.88362121582031,76.40440368652344,21.70281982421875,11.854935646057129
2020-04-06,17.121740341186523,27.227310180664062,6.515928745269775,15.508489608764648,40.84409713745117,78.25945281982422,23.757959365844727,12.791091918945312
2020-04-07,17.39727210998535,27.75049591064453,6.7519402503967285,15.585145950317383,41.95810317993164,77.75685119628906,24.601600646972656,13.631423950195312
2020-04-08,17.3118953704834,27.853422164916992,6.7239909172058105,15.525528907775879,42.76565170288086,77.38220977783203,24.96145248413086,14.093974113464355
2020-04-09,17.405029296875,28.179340362548828,6.860630512237549,15.600481033325195,43.714271545410156,77.77513122558594,25.557193756103516,14.696579933166504
2020-04-14,16.857847213745117,28.389476776123047,6.747282028198242,15.706092834472656,44.4439811706543,79.2738037109375,25.469234466552734,14.152944564819336
2020-04-15,15.81994915008545,27.454599380493164,6.350405216217041,15.372527122497559,42.70164108276367,78.54818725585938,24.194549560546875,13.62414836883545
2020-04-16,15.498507499694824,27.673303604125977,6.2704362869262695,15.37768840789795,43.94394302368164,80.58243560791016,24.294509887695312,13.69511890411377
2020-04-17,16.11539077758789,28.380903244018555,6.4452691078186035,15.584121704101562,44.91344451904297,81.95694732666016,25.466054916381836,14.604640007019043
2020-04-20,16.103578567504883,28.599613189697266,6.498579502105713,15.675294876098633,45.44446563720703,83.93621826171875,25.334104537963867,14.514995574951172
2020-04-21,15.388205528259277,27.506057739257812,6.1575398445129395,14.952777862548828,43.047523498535156,82.14937591552734,24.24652862548828,14.046228408813477
2020-04-22,16.08781623840332,28.046401977539062,6.278275966644287,15.324355125427246,44.012149810791016,83.50553894042969,24.518423080444336,14.262870788574219
2020-04-23,16.525074005126953,28.265111923217773,6.460949420928955,15.339839935302734,44.13882064819336,83.77128601074219,24.990238189697266,14.473908424377441
2020-04-24,16.261146545410156,27.99494171142578,6.307284832000732,15.317475318908691,43.68086624145508,83.78047180175781,24.57440185546875,14.014479637145996
2020-04-27,16.355682373046875,28.612476348876953,6.536996364593506,15.501547813415527,44.397029876708984,85.09998321533203,25.78192901611328,14.595303535461426
2020-04-28,16.867786407470703,29.002717971801758,6.863924980163574,15.60476016998291,44.79651641845703,85.23741912841797,26.269737243652344,14.832488059997559
2020-04-29,17.442914962768555,29.51734161376953,7.190069198608398,15.87485122680664,45.576011657714844,83.60636138916016,27.49326515197754,15.502957344055176
2020-04-30,16.80082130432129,28.92125129699707,6.91253137588501,15.704540252685547,45.2349853515625,83.02904510498047,26.80552864074707,15.039793014526367
2020-05-04,15.867215156555176,28.0120906829834,6.54170036315918,15.393167495727539,43.72958755493164,82.28681945800781,25.66996955871582,14.130271911621094
2020-05-05,16.867786407470703,28.59103775024414,6.6530280113220215,15.635732650756836,44.81113815307617,83.84459686279297,26.353710174560547,14.395469665527344
2020-05-06,16.280838012695312,28.42807388305664,6.547974109649658,15.448216438293457,44.76728820800781,84.75176239013672,26.009841918945312,14.109725952148438
2020-05-07,16.749610900878906,28.818315505981445,6.676547050476074,15.468863487243652,45.668582916259766,84.3210678100586,25.96985626220703,14.29088306427002
2020-05-08,16.848087310791016,29.131380081176758,6.729861736297607,15.704540252685547,46.092430114746094,84.37606048583984,26.713565826416016,14.522465705871582
2020-05-11,16.70627212524414,28.942686080932617,6.610692024230957,15.570355415344238,45.814727783203125,84.88921356201172,26.401689529418945,14.227385520935059
2020-05-12,16.718095779418945,29.0284481048584,6.608340740203857,16.00214958190918,46.0437126159668,85.49401092529297,26.161781311035156,14.04062557220459
2020-05-13,16.182357788085938,28.48382568359375,6.366868495941162,15.716583251953125,45.55165481567383,85.26490783691406,24.858287811279297,13.375760078430176
2020-05-14,15.894793510437012,27.956344604492188,6.307284832000732,15.634005546569824,44.4749755859375,83.84459686279297,24.182554244995117,13.248762130737305
2020-05-15,16.001148223876953,28.042110443115234,6.276708602905273,15.596162796020508,44.52369689941406,83.99122619628906,24.73833656311035,13.308526992797852
2020-05-18,17.088380813598633,29.169973373413086,6.636565685272217,16.03999900817871,46.22883224487305,85.42984771728516,26.625598907470703,14.079845428466797
2020-05-19,16.879606246948242,28.998437881469727,6.560516357421875,15.627127647399902,46.70140838623047,84.81590270996094,26.317720413208008,14.035022735595703
2020-05-20,17.171104431152344,29.298622131347656,6.636565685272217,15.711421966552734,47.821929931640625,85.73223114013672,26.561626434326172,14.117196083068848
2020-05-21,16.816570281982422,29.024171829223633,6.49779748916626,15.776787757873535,47.04731369018555,85.05416107177734,26.317720413208008,14.072373390197754
2020-05-22,16.749610900878906,29.032739639282227,6.443701267242432,15.787115097045898,47.21782302856445,85.14576721191406,26.441675186157227,14.167622566223145
2020-05-25,17.108076095581055,29.624547958374023,6.536996364593506,15.995267868041992,48.499114990234375,86.90513610839844,26.957469940185547,14.569156646728516
2020-05-26,17.14746856689453,29.796085357666016,6.867844581604004,15.843883514404297,48.67450714111328,85.20992279052734,27.685184478759766,15.3236665725708
2020-05-27,17.332616806030273,29.886144638061523,7.147731304168701,15.993550300598145,47.99243927001953,82.99239349365234,29.064647674560547,15.53844165802002
2020-05-28,17.415340423583984,30.400758743286133,7.132051467895508,16.332447052001953,48.67936706542969,85.56729125976562,29.00067138671875,15.747613906860352
2020-05-29,16.92687225341797,29.903301239013672,6.877251148223877,16.2120304107666,48.66962432861328,84.5959701538086,27.98106575012207,14.981895446777344
2020-06-02,17.891984939575195,30.713809967041016,7.264547824859619,16.666183471679688,49.692710876464844,84.70594024658203,29.372526168823242,15.854065895080566
2020-06-03,18.368633270263672,31.494312286376953,7.554630279541016,16.94143295288086,51.06657028198242,84.89837646484375,30.61603546142578,16.455434799194336
2020-06-04,18.203184127807617,31.297040939331055,7.559333324432373,16.91046905517578,50.852210998535156,83.6979751586914,30.14022445678711,16.274274826049805
2020-06-05,19.321924209594727,32.077537536621094,8.01562213897705,17.187429428100586,51.91427230834961,84.22944641113281,31.675622940063477,17.0175838470459
2020-06-08,19.475555419921875,31.966032028198242,8.148902893066406,17.288930892944336,51.06657028198242,83.66133880615234,31.595653533935547,16.96529197692871
2020-06-09,18.904361724853516,31.545772552490234,7.86823034286499,17.06184959411621,51.076316833496094,84.25695037841797,30.943910598754883,16.386333465576172
2020-06-10,18.5616512298584,31.39996910095215,7.756900787353516,16.9379825592041,51.02759552001953,84.46769714355469,30.460100173950195,15.984800338745117
2020-06-11,17.364124298095703,30.1048526763916,7.213587760925293,16.232669830322266,49.20552444458008,82.57086944580078,28.320941925048828,15.075275421142578
2020-06-12,17.57684326171875,30.29783821105957,7.277092933654785,16.289443969726562,49.43937683105469,82.68998718261719,28.71678352355957,15.232156753540039
2020-06-15,17.391704559326172,30.15445327758789,7.179878234863281,16.198265075683594,49.16655731201172,82.78164672851562,28.712779998779297,14.99870491027832
2020-06-16,17.92743492126465,31.01069450378418,7.441732883453369,16.784883499145508,50.608612060546875,84.8433837890625,29.380525588989258,15.220946311950684
2020-06-17,17.785627365112305,31.291776657104492,7.415861129760742,16.79004669189453,51.48554992675781,86.52027893066406,29.15660858154297,15.183595657348633
2020-06-18,17.65169334411621,31.040966033935547,7.321780681610107,16.631776809692383,51.44657516479492,85.54898071289062,28.90871238708496,15.344208717346191
2020-06-19,17.754114151000977,31.21393585205078,7.287283897399902,16.778003692626953,52.20658493041992,86.58441162109375,28.74877166748047,15.465606689453125
2020-06-22,17.55714988708496,31.01934242248535,7.233973026275635,16.673065185546875,51.709651947021484,86.03462982177734,28.936695098876953,15.3236665725708
2020-06-23,17.87623405456543,31.39124298095703,7.42448616027832,16.821008682250977,52.49889373779297,86.91429138183594,29.8243465423584,15.316198348999023
2020-06-24,17.19474220275879,30.509048461914062,7.157926082611084,16.440824508666992,51.232215881347656,84.65095520019531,28.400911331176758,14.595303535461426
2020-06-25,17.308977127075195,30.75987434387207,7.262195587158203,16.63349723815918,51.35887908935547,85.29240417480469,28.96468734741211,14.2759428024292
2020-06-26,17.14746856689453,30.625812530517578,7.119509696960449,16.42534637451172,51.66093826293945,84.88005828857422,28.692792892456055,14.229254722595215
2020-06-29,17.28927993774414,30.768522262573242,7.275524139404297,16.64897918701172,51.582977294921875,84.64179229736328,29.20859718322754,14.279679298400879
2020-06-30,17.048988342285156,30.790145874023438,7.2316203117370605,16.666183471679688,52.333248138427734,84.04619598388672,29.300556182861328,14.216179847717285
2020-07-01,17.238073348999023,30.91986846923828,7.190069198608398,16.68338394165039,52.42094039916992,84.92585754394531,28.948694229125977,14.470173835754395
2020-07-02,17.549272537231445,31.54692268371582,7.488775253295898,16.91046905517578,53.22966003417969,85.72308349609375,29.952301025390625,14.793269157409668
2020-07-03,17.37200355529785,31.304752349853516,7.389990329742432,16.783166885375977,53.3660774230957,85.22826385498047,29.508474349975586,14.866106033325195
2020-07-06,17.612293243408203,31.76746368408203,7.686339855194092,16.874340057373047,54.6035270690918,86.09878540039062,30.22019386291504,15.079011917114258
2020-07-07,17.446849822998047,31.56854248046875,7.575799942016602,16.645544052124023,54.09684753417969,85.33821105957031,30.1522216796875,14.940810203552246
2020-07-08,17.352310180664062,31.365297317504883,7.444087505340576,16.559528350830078,53.86300277709961,84.953369140625,29.50447654724121,14.722298622131348
2020-07-09,16.87172508239746,31.157726287841797,7.285717964172363,16.4184627532959,54.26249313354492,84.85255432128906,29.300556182861328,14.516863822937012
2020-07-10,16.97414207458496,31.438806533813477,7.4519267082214355,16.559528350830078,54.74967575073242,84.68760681152344,29.99628448486328,14.712961196899414
2020-07-13,17.24201011657715,31.754499435424805,7.569523811340332,16.736717224121094,55.6850700378418,85.41151428222656,30.284162521362305,15.006176948547363
2020-07-14,17.3798828125,31.486373901367188,7.546006202697754,16.894983291625977,54.2235221862793,84.55934143066406,29.92831039428711,14.628918647766113
2020-07-15,17.60224151611328,32.005313873291016,7.654196739196777,16.899972915649414,54.35353469848633,86.60346984863281,30.41141700744629,15.460000991821289
2020-07-16,17.670045852661133,31.87558364868164,7.669091701507568,16.982730865478516,53.89506530761719,85.88489532470703,30.415414810180664,15.179862022399902
2020-07-17,17.506507873535156,31.949100494384766,7.595396995544434,17.051698684692383,54.5778923034668,86.77847290039062,30.884023666381836,15.000571250915527
2020-07-20,17.402801513671875,32.152347564697266,7.616563320159912,17.18790054321289,55.650917053222656,87.69049835205078,30.92407989501953,14.851164817810059
2020-07-21,17.765775680541992,32.25613021850586,7.691830158233643,17.13100814819336,55.963077545166016,86.86138916015625,31.35663414001465,14.970690727233887
2020-07-22,17.255212783813477,32.000999450683594,7.589125156402588,16.99997329711914,55.7874870300293,85.8204345703125,31.00017547607422,14.727903366088867
2020-07-23,17.315048217773438,31.996667861938477,7.502883434295654,16.982730865478516,55.72895812988281,85.33216857910156,31.604963302612305,14.57849407196045
2020-07-24,17.239267349243164,31.443140029907227,7.42213249206543,16.603422164916992,53.5926628112793,83.40682983398438,30.904050827026367,14.363720893859863
2020-07-27,17.035839080810547,31.36962127685547,7.258275985717773,16.2948055267334,53.95359802246094,83.22261047363281,30.992162704467773,13.902422904968262
2020-07-28,16.999940872192383,31.512327194213867,7.2974772453308105,16.32928466796875,53.8267822265625,84.15301513671875,30.98415184020996,14.077978134155273
2020-07-29,16.932138442993164,31.486373901367188,7.222214221954346,16.4189395904541,53.436588287353516,83.88585662841797,30.55559730529785,14.087315559387207
2020-07-30,16.4893856048584,30.91986846923828,6.921940803527832,16.01548957824707,52.0709228515625,82.87252044677734,29.47820281982422,14.120931625366211
2020-07-31,16.118432998657227,30.5177001953125,6.8302130699157715,15.706869125366211,52.197731018066406,81.7670669555664,28.569021224975586,13.822114944458008
2020-08-03,16.525285720825195,31.205284118652344,6.950949192047119,15.906871795654297,53.80727005004883,83.63713836669922,29.698486328125,14.102255821228027
2020-08-04,16.91617774963379,31.19231605529785,7.056790828704834,16.065488815307617,53.621925354003906,82.55010223388672,30.383371353149414,14.305824279785156
2020-08-05,17.279146194458008,31.309080123901367,7.056006908416748,15.968940734863281,53.78775405883789,81.82233428955078,30.519556045532227,14.785798072814941
2020-08-06,16.94409942626953,31.123123168945312,6.9893646240234375,15.710321426391602,53.39756393432617,81.37095642089844,30.219158172607422,14.813812255859375
2020-08-07,16.780563354492188,31.209613800048828,6.967411994934082,15.87238883972168,53.86579895019531,81.84998321533203,30.171110153198242,14.901591300964355
2020-08-10,17.035839080810547,31.309080123901367,7.110102653503418,16.008596420288086,53.0659065246582,81.5091552734375,30.40340232849121,15.036054611206055
2020-08-11,17.674036026000977,31.849637985229492,7.377444744110107,16.175832748413086,54.02187728881836,82.09871673583984,31.817235946655273,15.685981750488281
2020-08-12,17.785722732543945,32.18260955810547,7.435460567474365,16.460317611694336,54.54862976074219,83.23182678222656,32.0895881652832,15.544042587280273
2020-08-13,17.582294464111328,32.01396560668945,7.292773723602295,16.527557373046875,54.48033905029297,82.84490203857422,31.849275588989258,15.5421724319458
2020-08-14,17.319034576416016,31.63773536682129,7.238676071166992,16.39307403564453,53.56340789794922,81.83152770996094,31.72911834716797,15.194801330566406
2020-08-17,17.235271453857422,31.728546142578125,7.164196014404297,16.26376724243164,54.070648193359375,82.84490203857422,31.765161514282227,14.940810203552246
2020-08-18,17.05179214477539,31.56421661376953,7.080307960510254,16.182729721069336,53.71947479248047,82.282958984375,31.62899398803711,14.875443458557129
2020-08-19,17.15151023864746,31.758817672729492,7.195556640625,16.394800186157227,53.856040954589844,83.0107192993164,31.781185150146484,14.93147087097168
2020-08-20,16.884265899658203,31.47772979736328,7.04581356048584,16.17066192626953,53.34880065917969,82.65145111083984,31.216459274291992,14.772727012634277
2020-08-21,16.71674156188965,31.360977172851562,6.982309341430664,16.072391510009766,53.582908630371094,82.30138397216797,30.89203643798828,15.211609840393066
2020-08-24,17.319034576416016,31.8885555267334,7.15400505065918,16.387908935546875,54.52912902832031,82.78043365478516,31.67704963684082,15.222820281982422
2020-08-25,17.047807693481445,31.76314926147461,7.144596099853516,16.296527862548828,54.870540618896484,82.66065216064453,31.540876388549805,15.420785903930664
2020-08-26,17.107637405395508,32.07018280029297,7.18850040435791,16.255144119262695,56.02159881591797,83.04755401611328,31.985462188720703,15.628085136413574
2020-08-27,16.95606231689453,31.866931915283203,7.134405612945557,16.218936920166016,55.621646881103516,82.20925903320312,31.953411102294922,15.919432640075684
2020-08-28,16.94011116027832,31.711254119873047,7.266901016235352,16.055150985717773,55.20219421386719,81.2788314819336,31.829248428344727,16.031484603881836
2020-08-31,16.824438095092773,31.47340202331543,7.095202922821045,15.865486145019531,54.616920471191406,80.95639038085938,31.62498664855957,15.852200508117676
2020-09-01,16.74067497253418,31.412864685058594,7.00034236907959,15.698250770568848,55.36803436279297,80.93798065185547,31.488805770874023,15.52536678314209
2020-09-02,16.820449829101562,31.923154830932617,6.958788871765137,15.97756290435791,56.4703254699707,82.66986846923828,31.881309509277344,15.695320129394531
2020-09-03,16.728713989257812,31.408544540405273,6.9337005615234375,15.922384262084961,54.30475997924805,80.94718933105469,32.03751754760742,15.770024299621582
2020-09-04,16.537250518798828,31.11015510559082,7.0418925285339355,15.686180114746094,52.929344177246094,79.85094451904297,32.32189178466797,15.721464157104492
2020-09-07,16.896236419677734,31.581518173217773,7.081875801086426,15.849973678588867,53.56340789794922,81.5551986694336,33.13093185424805,15.775625228881836
2020-09-08,16.242084503173828,31.209613800048828,6.920372486114502,15.625840187072754,52.37331771850586,81.10379028320312,33.17900466918945,15.484282493591309
2020-09-09,16.621013641357422,31.7458438873291,7.031700134277344,16.044797897338867,53.651187896728516,82.6422119140625,33.38326644897461,15.398369789123535
2020-09-10,16.497364044189453,31.533945083618164,6.990931987762451,15.908595085144043,53.30977249145508,81.84998321533203,33.531455993652344,15.454398155212402
2020-09-11,16.393653869628906,31.598806381225586,6.878036022186279,15.898249626159668,53.329288482666016,82.5224838256836,33.531455993652344,15.29565143585205
2020-09-14,16.230121612548828,31.659347534179688,6.935268402099609,15.898249626159668,53.846290588378906,82.46717071533203,33.56349563598633,15.59073257446289
2020-09-15,16.441518783569336,31.856334686279297,6.86862850189209,15.924111366271973,54.0316276550293,83.80296325683594,33.63558578491211,15.689715385437012
2020-09-16,16.525285720825195,32.01729202270508,6.888229846954346,15.960319519042969,54.30475997924805,84.02405548095703,33.55147933959961,15.870877265930176
2020-09-17,16.377704620361328,31.865032196044922,6.7721967697143555,15.925835609436035,53.72922897338867,84.14380645751953,33.459373474121094,15.835387229919434
2020-09-18,16.106470108032227,31.677976608276367,6.613828659057617,15.74997329711914,53.875553131103516,84.63206481933594,32.70238494873047,15.29565143585205
2020-09-21,15.520922660827637,30.651338577270508,6.232019901275635,15.236183166503906,52.04165267944336,82.90016174316406,31.0322208404541,14.442159652709961
2020-09-22,15.67728328704834,30.646982192993164,6.2124199867248535,15.322391510009766,52.490379333496094,82.74356079101562,31.372661590576172,14.244194984436035
2020-09-23,15.594317436218262,30.88190269470215,6.188116550445557,15.339630126953125,52.83179473876953,83.34235382080078,31.72911834716797,14.565421104431152
2020-09-24,15.318291664123535,30.581737518310547,6.167731761932373,15.181011199951172,52.54890823364258,82.18160247802734,31.809228897094727,14.40854263305664
2020-09-25,15.161933898925781,30.542585372924805,6.09246826171875,15.082735061645508,52.10993194580078,82.43035125732422,31.372661590576172,14.843692779541016
2020-09-28,15.458698272705078,31.23426055908203,6.425667762756348,15.274114608764648,53.5048713684082,83.0936279296875,32.5101318359375,15.22842025756836
2020-09-29,15.211396217346191,31.038503646850586,6.286900043487549,15.189631462097168,53.57314682006836,82.6422119140625,32.261810302734375,15.04166030883789
2020-09-30,15.292769432067871,31.00370216369629,6.340996742248535,15.210317611694336,53.36830520629883,82.19083404541016,32.345924377441406,15.028586387634277
2020-10-01,15.018343925476074,31.090702056884766,6.333158016204834,15.160322189331055,54.060890197753906,81.99736785888672,32.5101318359375,15.00244140625
2020-10-02,14.986432075500488,31.160306930541992,6.373924732208252,15.196527481079102,53.758506774902344,81.99736785888672,32.361934661865234,15.039793014526367
2020-10-05,15.291170120239258,31.43001937866211,6.464869022369385,15.529284477233887,54.119422912597656,82.57772827148438,32.93868637084961,15.316198348999023
2020-10-06,15.458698272705078,31.438716888427734,6.678900241851807,15.677563667297363,53.67070770263672,81.72101593017578,33.2310676574707,15.766287803649902
2020-10-07,15.380522727966309,31.395221710205078,6.664788246154785,15.467216491699219,53.51462936401367,81.09457397460938,33.73171615600586,15.897018432617188
2020-10-08,15.611865997314453,31.656221389770508,6.741620063781738,15.637906074523926,54.26573944091797,81.93289947509766,33.651611328125,16.10805892944336
2020-10-09,15.744293212890625,31.834579467773438,6.6914448738098145,15.717215538024902,55.055877685546875,83.01994323730469,33.29514694213867,16.35084342956543
2020-10-12,15.678873062133789,32.065147399902344,6.679686069488525,15.79480266571045,55.80699157714844,83.52660369873047,33.64760208129883,16.233190536499023
2020-10-13,15.527302742004395,31.8824462890625,6.49779748916626,15.865486145019531,55.777732849121094,83.25025177001953,33.311161041259766,16.03522491455078
2020-10-14,15.602291107177734,31.856334686279297,6.491524696350098,15.815495491027832,55.84602355957031,82.7343521118164,33.355224609375,16.02028465270996
2020-10-15,15.15904426574707,31.21685791015625,6.391172885894775,15.580827713012695,54.52912902832031,81.06066131591797,32.62451934814453,15.77375602722168
2020-10-16,15.318869590759277,31.59967613220215,6.512693881988525,15.50088119506836,55.172935485839844,82.11396789550781,33.773983001708984,15.85780143737793
2020-10-19,15.29465103149414,31.55182647705078,6.585603713989258,15.577357292175293,54.831520080566406,81.5873031616211,33.76994705200195,15.89141845703125
2020-10-20,15.120302200317383,31.395221710205078,6.611475944519043,15.499150276184082,54.314517974853516,80.76497650146484,33.753822326660156,15.984800338745117
2020-10-21,14.878143310546875,31.01675033569336,6.528372764587402,15.520008087158203,53.5048713684082,79.462158203125,33.43922805786133,15.58139419555664
2020-10-22,14.866841316223145,30.955848693847656,6.563652515411377,15.53043270111084,52.89032745361328,79.33280944824219,33.661048889160156,15.777494430541992
2020-10-23,15.062180519104004,31.177711486816406,6.7494611740112305,15.709439277648926,52.79277038574219,79.45294189453125,33.999839782714844,15.932504653930664
2020-10-26,14.56979751586914,30.59913444519043,6.6530280113220215,15.539118766784668,48.929893493652344,79.21269226074219,33.46343231201172,15.400238990783691
2020-10-27,14.263063430786133,30.303321838378906,6.544053554534912,15.335780143737793,48.6616325378418,78.79689025878906,32.73744583129883,15.217214584350586
2020-10-28,13.867542266845703,29.41153907775879,6.31120491027832,15.052492141723633,47.188655853271484,77.0043716430664,31.140302658081055,14.772727012634277
2020-10-29,14.025753021240234,29.441987991333008,6.304932117462158,14.918665885925293,47.710540771484375,76.6902084350586,31.208866119384766,15.161187171936035
2020-10-30,14.263063430786133,29.450687408447266,6.391955852508545,14.929093360900879,47.43252944946289,76.22822570800781,31.354063034057617,15.29939079284668
2020-11-02,14.794196128845215,29.9422607421875,6.5809006690979,15.115059852600098,47.63737106323242,77.43862915039062,32.00341033935547,15.25830078125
2020-11-03,15.163887977600098,30.625240325927734,6.861570835113525,15.170673370361328,48.63724136352539,78.51970672607422,33.116573333740234,15.55898666381836
2020-11-04,15.16711711883545,31.286453247070312,6.775332927703857,15.356632232666016,50.09070587158203,82.6683578491211,33.47148895263672,16.01654815673828
2020-11-05,15.136445045471191,31.573570251464844,6.808261394500732,15.48350715637207,51.378334045410156,82.43738555908203,34.27006912231445,16.192102432250977
2020-11-06,15.139677047729492,31.5344181060791,6.7471089363098145,15.426155090332031,51.42710494995117,82.0215835571289,33.705421447753906,16.117399215698242
2020-11-09,16.66849708557129,32.76116180419922,7.554630279541016,15.895405769348145,52.324546813964844,81.88300323486328,35.74622344970703,17.277179718017578
2020-11-10,17.314247131347656,33.039588928222656,7.885477066040039,16.084840774536133,51.22226333618164,81.43022918701172,36.806941986083984,17.178194046020508
2020-11-11,17.423215866088867,33.44850540161133,7.927814483642578,16.31424903869629,52.18797302246094,83.06568908691406,37.04086685180664,17.41724395751953
2020-11-12,17.217382431030273,33.17009735107422,7.7655253410339355,16.444595336914062,51.99289321899414,82.75151824951172,36.649654388427734,17.32386589050293
2020-11-13,17.23352813720703,33.15704345703125,7.86823034286499,16.375080108642578,52.12944030761719,82.52052307128906,36.806941986083984,17.28838539123535
2020-11-16,17.9398193359375,33.51375198364258,8.130084991455078,16.62882423400879,52.38306427001953,82.44660949707031,37.80717468261719,17.70112419128418
2020-11-17,18.121437072753906,33.47459411621094,8.130084991455078,16.566255569458008,52.03190231323242,81.44871520996094,38.06932830810547,17.5349063873291
2020-11-18,18.290950775146484,33.626853942871094,8.221030235290527,16.672277450561523,52.529396057128906,81.18077850341797,38.56138610839844,17.71419906616211
2020-11-19,17.98824691772461,33.37455368041992,8.131653785705566,16.53496742248535,52.38306427001953,80.77422332763672,38.375858306884766,17.415382385253906
2020-11-20,18.286907196044922,33.53550720214844,8.163013458251953,16.585371017456055,52.802528381347656,81.48566436767578,38.40005874633789,17.512495040893555
2020-11-23,18.823694229125977,33.45285415649414,8.272774696350098,16.40288734436035,52.402587890625,80.5432357788086,38.3879508972168,17.583465576171875
2020-11-24,19.695459365844727,33.79651641845703,8.649093627929688,16.63056182861328,52.65620040893555,80.1274185180664,39.694705963134766,18.091453552246094
2020-11-25,19.481555938720703,33.761714935302734,8.600485801696777,16.8026180267334,52.86104965209961,79.86871337890625,39.33575439453125,18.201641082763672
2020-11-26,19.20710563659668,33.75737380981445,8.50326919555664,16.724409103393555,53.21222686767578,80.48777770996094,38.71061325073242,18.285688400268555
2020-11-27,19.36048126220703,33.87481689453125,8.561285018920898,16.865182876586914,53.95359802246094,80.60790252685547,38.779170989990234,18.339839935302734
2020-11-30,18.73490333557129,33.50505065917969,8.330792427062988,16.691389083862305,53.738983154296875,80.71875762939453,38.26696014404297,18.16615867614746
2020-12-01,18.904409408569336,33.80086135864258,8.58010482788086,16.757434844970703,54.19745635986328,80.60790252685547,39.13006591796875,18.394006729125977
2020-12-02,19.158681869506836,33.75737380981445,8.69143009185791,16.757434844970703,53.797515869140625,80.66332244873047,38.89210510253906,18.26140022277832
2020-12-03,19.057781219482422,33.76607131958008,8.754150390625,16.72266960144043,53.96334457397461,79.90567016601562,38.77110290527344,18.91412925720215
2020-12-04,19.687389373779297,33.93136978149414,8.838821411132812,16.82695198059082,54.607154846191406,80.58940124511719,39.10586929321289,19.198938369750977
2020-12-07,19.586490631103516,33.86176681518555,8.652230262756348,16.89994239807129,54.831520080566406,80.63561248779297,38.775146484375,19.072874069213867
2020-12-08,19.58245277404785,33.90091323852539,8.58480453491211,16.920799255371094,54.58765411376953,81.00519561767578,38.60978317260742,18.86277198791504
2020-12-09,19.5501651763916,34.00531768798828,8.628706932067871,17.049407958984375,54.421817779541016,80.99596405029297,39.11393356323242,18.97949981689453
2020-12-10,19.87303924560547,33.87046813964844,8.457798957824707,16.969465255737305,53.78775405883789,80.99596405029297,38.59767532348633,18.746047973632812
2020-12-11,19.529987335205078,33.587703704833984,8.283747673034668,16.514110565185547,53.387813568115234,80.52474975585938,37.97657012939453,18.61064338684082
2020-12-14,19.3564395904541,33.744300842285156,8.421733856201172,16.606225967407227,53.5926628112793,80.38614654541016,38.48475646972656,18.88611602783203
2020-12-15,19.489625930786133,33.87348556518555,8.5361967086792,16.56104278564453,54.148677825927734,79.45294189453125,39.654388427734375,19.016845703125
2020-12-16,19.606666564941406,34.14413070678711,8.449957847595215,16.649677276611328,54.7144660949707,80.63561248779297,40.22305679321289,19.170927047729492
2020-12-17,19.509807586669922,34.235801696777344,8.442117691040039,16.59406280517578,55.42655944824219,80.68181610107422,40.21095657348633,19.23629379272461
2020-12-18,19.437158584594727,34.11793899536133,8.305704116821289,16.620141983032227,55.27047348022461,80.73724365234375,40.2028923034668,18.974830627441406
2020-12-21,18.747011184692383,33.362770080566406,8.006214141845703,16.14045524597168,54.16819763183594,79.08332824707031,39.206695556640625,18.339839935302734
2020-12-22,18.96091651916504,33.75999450683594,8.12851619720459,16.18042755126953,55.436317443847656,79.57305908203125,39.464820861816406,18.451900482177734
2020-12-23,19.412939071655273,34.08737564086914,8.376261711120605,16.37160301208496,55.57288360595703,79.20344543457031,40.17869186401367,19.175594329833984
2020-12-28,19.574378967285156,34.47588348388672,8.404484748840332,16.461978912353516,56.148414611816406,79.97034454345703,40.38035583496094,19.413711547851562
2020-12-29,19.570348739624023,34.69849395751953,8.357447624206543,16.552350997924805,56.343509674072266,80.91281127929688,40.24726104736328,19.497753143310547
2020-12-30,19.598600387573242,34.67230987548828,8.36842155456543,16.48283576965332,56.548362731933594,81.02368927001953,40.243221282958984,19.647167205810547
2021-01-04,19.384689331054688,34.650474548339844,8.22573184967041,16.599275588989258,57.00684356689453,81.43022918701172,39.66646957397461,19.404375076293945
2021-01-05,20.135377883911133,34.650474548339844,8.242981910705566,16.5975399017334,57.133644104003906,81.27315521240234,39.32365417480469,19.539777755737305
2021-01-06,20.934497833251953,35.113189697265625,8.71338176727295,16.819997787475586,56.7922248840332,80.91281127929688,39.02116775512695,20.058034896850586
2021-01-07,21.293697357177734,35.279056549072266,8.837254524230957,16.919063568115234,56.32398986816406,80.57093811035156,39.55354690551758,19.7498779296875
2021-01-08,21.346162796020508,35.48859786987305,8.757285118103027,16.79914093017578,57.806724548339844,81.51338195800781,39.33575439453125,19.96465492248535
2021-01-11,21.104007720947266,35.257232666015625,8.678885459899902,16.780027389526367,57.37751388549805,81.94766998291016,38.82757568359375,19.623817443847656
2021-01-12,21.25333595275879,35.244144439697266,8.81059741973877,16.740053176879883,57.72867965698242,81.47643280029297,39.52531814575195,19.908626556396484
2021-01-13,21.289661407470703,35.30961227416992,8.70397663116455,16.90168571472168,57.92378234863281,82.08625030517578,39.16636657714844,19.6938533782959
2021-01-14,21.556032180786133,35.54533004760742,8.766695022583008,16.962509155273438,59.006561279296875,82.73303985595703,39.835872650146484,20.04402732849121
2021-01-15,20.97219467163086,35.16556167602539,8.614599227905273,16.82040786743164,58.117122650146484,83.42927551269531,39.084651947021484,19.955318450927734
2021-01-18,21.00478744506836,35.226680755615234,8.688294410705566,16.73495101928711,58.361148834228516,83.45704650878906,39.550724029541016,19.87127685546875
2021-01-19,21.114784240722656,35.148094177246094,8.60362434387207,16.740188598632812,58.70279312133789,84.04021453857422,39.323768615722656,19.619152069091797
2021-01-20,21.269588470458984,35.43619918823242,8.638118743896484,16.88842010498047,59.64960479736328,84.16980743408203,40.37342071533203,19.866607666015625
2021-01-21,20.93553352355957,35.383827209472656,8.650663375854492,16.8099422454834,60.62571334838867,83.76251983642578,40.78680419921875,19.8992919921875
2021-01-22,20.699249267578125,35.209224700927734,8.492294311523438,16.79424476623535,60.13766098022461,84.00318145751953,40.567955017089844,19.432390213012695
2021-01-25,20.295940399169922,34.899295806884766,8.239846229553223,16.959924697875977,59.89363098144531,84.56785583496094,39.425086975097656,19.072874069213867
2021-01-26,20.352975845336914,35.121917724609375,8.354308128356934,17.038400650024414,60.11812973022461,84.53082275390625,40.12215042114258,19.00751495361328
2021-01-27,20.169647216796875,34.742149353027344,8.194372177124023,17.31568717956543,58.74182891845703,83.68848419189453,39.43724060058594,18.662940979003906
2021-01-28,20.11261558532715,34.785797119140625,8.264935493469238,16.942481994628906,59.347015380859375,83.16084289550781,39.688514709472656,18.93280601501465
2021-01-29,19.640047073364258,34.08302307128906,8.07677173614502,16.88842010498047,58.22449493408203,81.04108428955078,39.672306060791016,18.526601791381836
2021-02-01,19.562644958496094,34.558815002441406,8.123812675476074,17.03665542602539,59.72769546508789,82.01302337646484,39.89114761352539,18.895456314086914
2021-02-02,19.603384017944336,35.030242919921875,8.327653884887695,17.027936935424805,60.381675720214844,82.64247131347656,40.5922737121582,19.50709342956543
2021-02-03,19.85188865661621,35.08263397216797,8.369986534118652,17.40288543701172,60.3231086730957,82.06856536865234,41.654090881347656,19.57245635986328
2021-02-04,19.71337890625,35.33143997192383,8.60205364227295,17.408119201660156,60.69404220581055,83.13307189941406,42.00263214111328,19.805910110473633
2021-02-05,19.709304809570312,35.30088424682617,8.69143009185791,17.3209171295166,60.82093811035156,82.80908966064453,42.286319732666016,20.170093536376953
2021-02-08,19.91707420349121,35.40128707885742,8.758854866027832,17.17617416381836,61.65061950683594,82.73506164550781,42.43222427368164,20.179428100585938
2021-02-09,19.693008422851562,35.41437530517578,8.752583503723145,17.10466766357422,61.70917892456055,83.32744598388672,42.172847747802734,20.02535057067871
2021-02-10,19.627826690673828,35.2965202331543,8.821574211120605,17.136056900024414,61.0844841003418,82.98497772216797,41.783775329589844,19.90395736694336
2021-02-11,19.635974884033203,35.47549057006836,8.783942222595215,17.12385368347168,62.48031234741211,83.20713806152344,41.87294006347656,20.184099197387695
2021-02-12,19.831520080566406,35.733036041259766,8.860773086547852,17.21279525756836,63.212379455566406,84.1605453491211,41.59735870361328,20.291486740112305
2021-02-15,20.63406753540039,36.19137954711914,9.146150588989258,17.3697509765625,63.778507232666016,84.48454284667969,41.88104248046875,20.78173065185547
2021-02-16,20.711469650268555,36.1346321105957,9.248069763183594,17.190122604370117,63.81755447387695,84.08650207519531,41.99452209472656,20.940479278564453
2021-02-17,20.76850700378418,35.81595993041992,9.215142250061035,17.15524673461914,62.324127197265625,83.51260375976562,41.581146240234375,20.730371475219727
2021-02-18,20.389638900756836,35.593353271484375,9.078726768493652,17.007009506225586,62.34364700317383,82.8738784790039,42.16473388671875,20.585634231567383
2021-02-19,20.511856079101562,35.78104782104492,9.2653169631958,17.008750915527344,63.33927536010742,81.96675109863281,42.52948760986328,20.954483032226562
2021-02-22,20.72369384765625,35.63700866699219,9.320199012756348,16.944229125976562,62.18747329711914,81.20773315429688,42.3349494934082,21.841594696044922
2021-02-23,20.780725479125977,35.492942810058594,9.384489059448242,16.811683654785156,61.05518341064453,80.23577117919922,41.8080940246582,21.692188262939453
2021-02-24,21.131078720092773,35.66754913330078,9.50522232055664,16.698328018188477,60.95758819580078,80.38387298583984,42.205265045166016,22.09372329711914
2021-02-25,21.489578247070312,35.484222412109375,9.552262306213379,16.766345977783203,60.8404541015625,79.49525451660156,42.140419006347656,21.74821662902832
2021-02-26,20.902942657470703,34.98659896850586,9.362532615661621,16.543119430541992,60.12789535522461,79.0509262084961,42.2782096862793,21.4960880279541
2021-03-01,21.249217987060547,35.610816955566406,9.455044746398926,16.795988082885742,61.221126556396484,80.10618591308594,42.76454544067383,22.215116500854492
2021-03-02,21.155519485473633,35.66754913330078,9.495816230773926,16.825632095336914,60.80140686035156,79.94882202148438,43.064453125,22.07037925720215
2021-03-03,21.236997604370117,35.719947814941406,9.723175048828125,16.768085479736328,60.21574783325195,78.87506103515625,44.19111633300781,22.644662857055664
2021-03-04,21.61179542541504,35.610816955566406,9.679269790649414,16.813432693481445,58.2830696105957,78.73619842529297,44.499122619628906,22.537273406982422
2021-03-05,21.75030517578125,35.34453582763672,9.778056144714355,16.76983070373535,57.22887420654297,78.05123138427734,44.320796966552734,21.668842315673828
2021-03-08,21.8317813873291,36.04732894897461,10.104198455810547,17.005264282226562,58.09760665893555,79.25458526611328,45.92567825317383,22.000343322753906
2021-03-09,22.023252487182617,36.33106231689453,10.000712394714355,17.174423217773438,59.65936279296875,80.16171264648438,45.593360900878906,22.513931274414062
2021-03-10,22.202499389648438,36.45329284667969,9.980325698852539,17.561586380004883,59.18107986450195,80.92076873779297,46.063480377197266,22.3038272857666
2021-03-11,22.51618766784668,36.66717529296875,9.859590530395508,17.779579162597656,60.576900482177734,80.69860076904297,45.658203125,22.845426559448242
2021-03-12,22.6180362701416,36.544960021972656,9.991303443908691,17.82753562927246,59.26892852783203,79.97659301757812,45.33397674560547,22.812744140625
2021-03-15,22.292129516601562,36.56947708129883,9.889381408691406,18.032455444335938,59.62031936645508,80.82819366455078,45.56904602050781,23.30766487121582
2021-03-16,22.027328491210938,36.88002395629883,9.906628608703613,18.176326751708984,60.46952438354492,81.95751190185547,46.47685623168945,23.503761291503906
2021-03-17,21.864376068115234,36.72693634033203,9.988167762756348,18.285324096679688,59.981483459472656,81.1891860961914,47.952056884765625,23.270313262939453
2021-03-18,21.709566116333008,36.89314270019531,10.190441131591797,18.18505096435547,59.89363098144531,81.44837951660156,48.52753829956055,23.363689422607422
2021-03-19,21.514020919799805,36.5738525390625,9.96151065826416,17.932172775268555,60.04981231689453,81.48540496826172,47.71699523925781,23.03219223022461
2021-03-22,21.461061477661133,36.67882537841797,9.842341423034668,17.927814483642578,61.18207931518555,82.40179443359375,48.60049057006836,22.966825485229492
2021-03-23,21.163671493530273,36.626338958740234,9.817256927490234,18.193767547607422,60.76236343383789,82.07781982421875,47.27118682861328,22.59330177307129
2021-03-24,21.38772964477539,36.63945770263672,9.920742988586426,18.062971115112305,61.30897903442383,81.21696472167969,46.57411575317383,22.775394439697266
2021-03-25,21.053674697875977,36.61321258544922,9.845479011535645,18.062971115112305,61.11375427246094,81.80013275146484,47.39277267456055,22.822086334228516
2021-03-26,21.518096923828125,36.9849853515625,9.94739818572998,18.219928741455078,62.78289031982422,81.97602844238281,47.65215301513672,23.092884063720703
2021-03-29,21.603639602661133,37.05060577392578,9.839207649230957,18.29840850830078,62.636474609375,82.58695220947266,48.0087890625,22.724037170410156
2021-03-30,21.72994041442871,37.313026428222656,10.108901977539062,18.28968620300293,62.72432327270508,82.20742797851562,49.500205993652344,22.95748519897461
2021-03-31,21.656606674194336,37.25179672241211,9.97562313079834,18.31148910522461,63.23190689086914,82.29073333740234,49.28946304321289,22.89212417602539
2021-04-01,21.60772132873535,37.49235916137695,9.997574806213379,18.381244659423828,64.5398941040039,82.40179443359375,49.743370056152344,23.10689926147461
2021-04-06,21.509950637817383,37.746036529541016,10.035207748413086,18.34636688232422,65.06694793701172,82.66099548339844,50.13243103027344,23.46640968322754
2021-04-07,21.42439842224121,37.627933502197266,10.066566467285156,18.307126998901367,64.4422607421875,81.92972564697266,49.832523345947266,23.30299186706543
2021-04-08,21.131078720092773,37.86850357055664,10.039912223815918,18.359439849853516,65.19386291503906,83.02198791503906,49.13545608520508,23.270313262939453
2021-04-09,20.984420776367188,37.8859977722168,9.985031127929688,18.254806518554688,65.40861511230469,83.58663940429688,48.851768493652344,23.200275421142578
2021-04-12,20.894794464111328,37.719791412353516,10.010117530822754,18.145809173583984,64.5008316040039,83.06829071044922,49.15167236328125,22.845426559448242
2021-04-13,20.927387237548828,37.77228546142578,9.963078498840332,18.076053619384766,65.01817321777344,82.97571563720703,49.09492874145508,23.027524948120117
2021-04-14,21.36736297607422,37.8597526550293,10.0038480758667,18.028091430664062,65.40861511230469,83.05902862548828,48.851768493652344,23.34034538269043
2021-04-15,21.251789093017578,38.060951232910156,9.883111000061035,18.06158447265625,65.70955657958984,84.0518569946289,49.12198257446289,23.37769889831543
2021-04-16,21.28054428100586,38.41085433959961,10.043046951293945,18.254850387573242,66.29581451416016,84.45117950439453,50.143150329589844,23.508426666259766
2021-04-19,21.20659065246582,38.397735595703125,10.119877815246582,18.285594940185547,65.26011657714844,84.65547180175781,49.33437728881836,23.447736740112305
2021-04-20,20.54517364501953,37.69355392456055,9.751399993896484,18.057191848754883,63.84330749511719,84.14470672607422,48.10898208618164,22.644662857055664
2021-04-21,20.742368698120117,37.9384880065918,9.687110900878906,18.26802635192871,64.94743347167969,85.52841186523438,47.9946174621582,22.794069290161133
2021-04-22,20.988859176635742,38.20528030395508,9.70435905456543,18.311952590942383,66.11017608642578,85.62126159667969,48.484779357910156,23.03685760498047
2021-04-23,20.86561393737793,38.165924072265625,9.721607208251953,18.193357467651367,66.6182632446289,84.74834442138672,48.55829620361328,23.30299186706543
2021-04-26,21.02994155883789,38.24465560913086,9.914471626281738,18.228496551513672,66.66710662841797,84.52545166015625,48.729854583740234,23.662508010864258
2021-04-27,21.087459564208984,38.2271614074707,10.088520050048828,18.250459671020508,66.47171020507812,84.209716796875,48.590972900390625,24.386199951171875
2021-04-28,21.317522048950195,38.23590087890625,10.24218463897705,18.272415161132812,66.09062194824219,84.14470672607422,48.50111389160156,24.25546646118164
2021-04-29,21.132644653320312,38.14842987060547,10.378597259521484,18.360265731811523,65.5825424194336,83.8197021484375,47.218544006347656,24.073379516601562
2021-04-30,20.882049560546875,38.030338287353516,10.334695816040039,18.456907272338867,65.01583862304688,84.28401184082031,47.1368408203125,23.83993148803711
2021-05-03,21.050487518310547,38.34088134765625,10.334695816040039,18.57988739013672,65.16238403320312,84.87836456298828,47.77405548095703,24.054704666137695
2021-05-04,21.0093994140625,37.71542739868164,10.174759864807129,18.470081329345703,62.700111389160156,83.8197021484375,46.21371078491211,23.33568000793457
2021-05-05,21.670825958251953,38.46772766113281,10.439750671386719,18.738018035888672,64.42958068847656,84.62759399414062,47.20219039916992,23.811912536621094
2021-05-06,21.44076156616211,38.454593658447266,10.450727462768555,18.777551651000977,63.66745376586914,84.16328430175781,47.04698944091797,23.46640968322754
2021-05-07,21.621530532836914,38.79574203491211,10.47424602508545,18.878572463989258,65.10377502441406,84.95263671875,47.27572250366211,23.979997634887695
2021-05-10,21.625635147094727,38.8394889831543,10.689064025878906,18.9444580078125,63.45249557495117,84.73905181884766,47.62700271606445,23.611148834228516
2021-05-11,21.062808990478516,38.113433837890625,10.49776840209961,18.56231689453125,62.211570739746094,83.5689468383789,46.614009857177734,22.275814056396484
2021-05-12,21.485952377319336,38.2271614074707,10.576166152954102,18.6853084564209,61.28333282470703,84.42330932617188,46.63851547241211,22.163755416870117
2021-05-13,21.202486038208008,38.24027633666992,10.532262802124023,18.535964965820312,61.75234603881836,84.9340591430664,46.36075973510742,22.01901626586914
2021-05-14,21.679046630859375,38.68203353881836,10.731399536132812,18.6853084564209,63.11049270629883,85.37054443359375,47.2430419921875,22.35518455505371
2021-05-17,21.69136619567871,38.64266586303711,10.700040817260742,18.948848724365234,62.48514938354492,85.85342407226562,47.5779914855957,21.780900955200195
2021-05-18,21.7940731048584,38.695152282714844,10.747078895568848,18.68091583251953,62.87599182128906,85.82557678222656,47.814884185791016,22.098390579223633
2021-05-19,21.202486038208008,38.17030334472656,10.593415260314941,18.483259201049805,61.771881103515625,85.01765441894531,46.769229888916016,21.542783737182617
2021-05-20,21.292869567871094,38.68640899658203,10.667110443115234,18.733627319335938,63.44270706176758,86.24346160888672,47.69235610961914,21.87894630432129
2021-05-21,21.50649070739746,38.87447738647461,10.747078895568848,18.852218627929688,63.34500503540039,86.7820816040039,48.17435073852539,21.981666564941406
2021-05-25,21.272329330444336,38.961952209472656,10.801959991455078,18.759981155395508,64.82039642333984,86.59635925292969,48.68901062011719,22.401874542236328
2021-05-26,21.403789520263672,38.97069549560547,10.679656028747559,18.698486328125,64.76177215576172,86.82848358154297,49.015785217285156,22.68201446533203
2021-05-27,21.31340789794922,39.11066818237305,10.880359649658203,18.729232788085938,64.72268676757812,86.15987396240234,49.840877532958984,22.952816009521484
2021-05-28,21.416112899780273,39.32936096191406,10.95248794555664,18.84782600402832,65.51414489746094,86.75422668457031,49.6938362121582,22.86410903930664
2021-05-31,21.251789093017578,39.15440368652344,10.86311149597168,18.729232788085938,65.19171142578125,86.2991714477539,49.6938362121582,22.91546630859375
2021-06-01,21.781747817993164,39.456199645996094,10.979142189025879,18.830259323120117,65.4946060180664,86.0855941772461,50.845706939697266,23.195608139038086
2021-06-02,21.95429229736328,39.55242919921875,11.029319763183594,18.904930114746094,65.79749298095703,85.82557678222656,51.43389129638672,23.200275421142578
2021-06-03,22.0446720123291,39.504310607910156,11.06851863861084,18.913711547851562,65.30896759033203,86.27132415771484,52.2181396484375,22.831424713134766
2021-06-04,21.999479293823242,39.666133880615234,10.961895942687988,18.92688751220703,66.07111358642578,87.05137634277344,52.340694427490234,23.00417709350586
2021-06-07,21.92142677307129,39.70550537109375,11.04029655456543,19.049877166748047,65.91475677490234,87.69215393066406,52.749149322509766,23.03685760498047
2021-06-08,21.95018768310547,39.76235580444336,10.932103157043457,19.09380340576172,66.1297378540039,87.72000122070312,52.2344856262207,23.48508644104004
2021-06-09,22.024131774902344,39.82359313964844,10.822344779968262,19.089412689208984,66.44239044189453,89.46585845947266,51.695308685302734,23.653167724609375
2021-06-10,21.946073532104492,39.85420608520508,10.85997486114502,19.317813873291016,67.02863311767578,90.37593841552734,51.401214599609375,23.37769889831543
2021-06-11,22.077539443969727,40.112274169921875,10.855271339416504,19.374919891357422,67.63444519042969,90.97026824951172,52.16094970703125,23.611148834228516
2021-06-14,22.533550262451172,40.177879333496094,10.89447021484375,19.39687728881836,67.98619842529297,90.87740325927734,51.56460189819336,23.39170265197754
2021-06-15,22.533550262451172,40.22109603881836,10.844295501708984,19.46276092529297,67.96666717529297,91.19315338134766,51.25416564941406,22.85477066040039
2021-06-16,22.55409049987793,40.32263946533203,10.745511054992676,19.43201446533203,68.21092987060547,91.68534088134766,51.06627655029297,23.120899200439453
2021-06-17,22.319923400878906,40.29613494873047,10.811366081237793,19.43640899658203,68.4747314453125,91.86175537109375,51.30318069458008,23.153581619262695
2021-06-18,21.670825958251953,39.664798736572266,10.486790657043457,19.150901794433594,66.7159652709961,91.36030578613281,50.11863708496094,22.86410903930664
2021-06-21,21.909101486206055,39.934104919433594,10.541670799255371,19.322208404541016,66.95048522949219,91.33243560791016,51.58911895751953,22.971494674682617
2021-06-22,22.07343101501465,40.02241134643555,10.530694961547852,19.42323112487793,67.3315658569336,90.99813079833984,51.237831115722656,23.088218688964844
2021-06-23,22.065214157104492,39.70011520385742,10.510311126708984,19.1860408782959,66.76484680175781,90.26449584960938,50.66598129272461,22.76605796813965
2021-06-24,22.43084144592285,40.11955261230469,10.634183883666992,19.260713577270508,67.9959716796875,91.05386352539062,51.131614685058594,23.223621368408203
2021-06-25,22.42673683166504,40.16810607910156,10.711014747619629,19.317813873291016,67.85916137695312,91.43460083007812,50.796688079833984,22.868772506713867
2021-06-28,21.88856315612793,39.88554763793945,10.482087135314941,19.216794967651367,68.14253234863281,91.96392059326172,50.09412384033203,21.902292251586914
2021-06-29,21.99126625061035,40.044490814208984,10.532262802124023,19.23436164855957,68.54314422607422,92.0382080078125,50.43724822998047,21.855600357055664
2021-06-30,21.839263916015625,39.75309753417969,10.427207946777344,19.172863006591797,67.8396224975586,91.87104034423828,49.52227020263672,21.776227951049805
2021-07-01,22.266515731811523,39.99591827392578,10.584006309509277,19.26949119567871,67.37062072753906,92.1775131225586,49.808204650878906,22.21978759765625
2021-07-02,22.102188110351562,40.10629653930664,10.439750671386719,19.339778900146484,68.06436157226562,92.2796859741211,49.922569274902344,22.56995964050293
2021-07-05,22.23775863647461,40.22991180419922,10.626343727111816,19.35734748840332,67.89826965332031,91.89891052246094,49.97158432006836,22.826757431030273
2021-07-06,21.831043243408203,40.03565216064453,10.348808288574219,19.23436164855957,68.220703125,92.6047134399414,48.5174560546875,22.752050399780273
2021-07-07,21.637958526611328,40.300567626953125,10.337830543518066,19.287067413330078,69.0707778930664,93.27332305908203,48.599151611328125,22.420551300048828
2021-07-08,21.424333572387695,39.580902099609375,10.080679893493652,19.041088104248047,67.57581329345703,92.71612548828125,47.43911361694336,21.88828468322754
2021-07-09,21.543468475341797,40.11955261230469,10.320581436157227,19.238752365112305,68.51383972167969,92.99470520019531,49.072967529296875,22.205778121948242
2021-07-12,21.617420196533203,40.353538513183594,10.350377082824707,19.39687728881836,69.09029388427734,93.64476776123047,49.416072845458984,21.87894630432129
2021-07-13,21.49417495727539,40.366783142089844,10.235910415649414,19.612104415893555,69.66678619384766,93.86764526367188,49.105648040771484,21.752885818481445
2021-07-14,21.428436279296875,40.300567626953125,10.268837928771973,19.502296447753906,70.10649108886719,93.55191802978516,49.17100143432617,21.486753463745117
2021-07-15,20.890138626098633,39.98267364501953,10.25058650970459,19.344945907592773,69.24665832519531,92.61463165283203,48.538692474365234,21.15991973876953
2021-07-16,20.625652313232422,39.8458137512207,10.090914726257324,19.27008056640625,68.85581970214844,92.90509796142578,47.89271926879883,21.257970809936523
2021-07-19,19.89418601989746,38.94514083862305,9.700432777404785,18.74165153503418,67.53673553466797,92.2210693359375,46.49312973022461,20.524934768676758
2021-07-20,19.94791030883789,39.08641815185547,9.80793285369873,18.79009246826172,67.47810363769531,92.1461181640625,46.81611251831055,20.422218322753906
2021-07-21,20.57605743408203,39.74867248535156,10.100400924682617,19.063114166259766,68.52359771728516,92.6895751953125,47.79335021972656,21.211280822753906
2021-07-22,20.547136306762695,39.96943283081055,10.08459186553955,19.019075393676758,69.91107940673828,93.04564666748047,47.66912078857422,21.752885818481445
2021-07-23,20.456218719482422,40.415348052978516,10.198416709899902,19.25246810913086,70.6927490234375,93.96395111083984,49.0190315246582,21.97233009338379
2021-07-26,20.852943420410156,40.406524658203125,10.365994453430176,19.1776065826416,70.40937042236328,92.79266357421875,48.89480209350586,22.32250213623047
2021-07-27,20.65044403076172,40.141624450683594,10.309081077575684,19.09834098815918,69.25640106201172,92.50218963623047,48.14945602416992,22.21978759765625
2021-07-28,20.828149795532227,40.4506721496582,10.294853210449219,19.14678192138672,70.93701934814453,93.51417541503906,48.406185150146484,22.476577758789062
2021-07-29,21.092628479003906,40.60520553588867,10.421323776245117,19.036693572998047,71.50373840332031,93.439208984375,49.35857009887695,22.32250213623047
2021-07-30,20.782690048217773,40.4506721496582,10.332793235778809,19.041095733642578,71.1519775390625,93.96395111083984,49.01074981689453,21.771560668945312
2021-08-02,20.865341186523438,40.706748962402344,10.321727752685547,19.18641471862793,72.18769836425781,94.3387451171875,49.35028839111328,21.883617401123047
2021-08-03,21.39430809020996,40.8215446472168,10.429229736328125,19.29650115966797,71.73822021484375,94.75102996826172,48.96933364868164,21.3280029296875
2021-08-04,21.27033233642578,41.05112075805664,10.522503852844238,19.349348068237305,73.03776550292969,94.9571533203125,49.35857009887695,21.566123962402344
2021-08-05,21.369508743286133,41.21889114379883,10.59680461883545,19.371366500854492,73.74128723144531,95.80046844482422,49.540767669677734,21.86960792541504
2021-08-06,21.522424697875977,41.21005630493164,10.80390453338623,19.415403366088867,73.27227020263672,94.86345672607422,50.05422592163086,21.855600357055664
2021-08-09,21.456300735473633,41.26746368408203,10.843427658081055,19.485862731933594,73.6435775756836,95.74427032470703,49.70640182495117,21.83692741394043
2021-08-10,21.563743591308594,41.44846725463867,10.857654571533203,19.53870391845703,73.8585205078125,95.70677947998047,49.698116302490234,22.266475677490234
2021-08-11,21.64639663696289,41.62508010864258,10.95409107208252,19.565122604370117,73.40906524658203,95.96912384033203,49.88859939575195,22.182432174682617
2021-08-12,21.600940704345703,41.713375091552734,10.90666389465332,19.71924591064453,73.68264770507812,96.4751205444336,50.53456497192383,22.009679794311523
2021-08-13,21.576141357421875,41.79725646972656,10.91614818572998,19.767683029174805,73.29182434082031,96.71875,50.60909652709961,22.126405715942383
2021-08-16,21.274463653564453,41.59858703613281,10.794418334960938,19.706039428710938,73.03776550292969,97.37466430664062,50.029380798339844,21.794906616210938
2021-08-17,21.3405818939209,41.607418060302734,10.639488220214844,19.767683029174805,73.02799987792969,98.2741928100586,49.06043243408203,21.5334415435791
2021-08-18,21.410839080810547,41.68247604370117,10.712209701538086,19.877779006958008,73.26249694824219,99.15499114990234,48.91964340209961,21.771560668945312
2021-08-19,20.662843704223633,41.02904510498047,10.452943801879883,19.666406631469727,72.4808349609375,98.55530548095703,47.55317306518555,21.22061538696289
2021-08-20,20.712432861328125,41.183563232421875,10.481399536132812,19.82493782043457,73.135498046875,99.06129455566406,47.37098693847656,21.28598403930664
2021-08-23,21.15048599243164,41.45730209350586,10.55570125579834,19.86897087097168,73.86829376220703,99.08003997802734,47.46207809448242,21.4960880279541
2021-08-24,21.348848342895508,41.452884674072266,10.55570125579834,19.807323455810547,74.25914764404297,98.12428283691406,47.92585372924805,21.92563819885254
2021-08-25,21.307523727416992,41.43522644042969,10.734344482421875,19.851356506347656,74.39595794677734,97.5058364868164,47.99209213256836,22.327173233032227
2021-08-26,21.2868595123291,41.34693145751953,10.650556564331055,19.785301208496094,74.27867126464844,97.59954833984375,47.8430290222168,22.0610408782959
2021-08-27,21.514158248901367,41.550025939941406,10.669528007507324,19.789701461791992,75.10919952392578,97.69325256347656,48.11632537841797,22.065706253051758
2021-08-30,21.534818649291992,41.58092498779297,10.588900566101074,19.75887680053711,75.48050689697266,97.5433349609375,48.190860748291016,21.911630630493164
2021-08-31,21.31991958618164,41.41315460205078,10.592061042785645,19.50347137451172,75.52937316894531,97.31844329833984,48.058353424072266,21.827587127685547
2021-09-01,21.295127868652344,41.57209777832031,10.702726364135742,19.551910400390625,76.61394500732422,97.5433349609375,47.859588623046875,22.224454879760742
2021-09-02,21.679458618164062,41.700138092041016,10.712209701538086,19.499069213867188,76.84844970703125,98.10554504394531,47.99209213256836,22.36919593811035
2021-09-03,21.485227584838867,41.444068908691406,10.642650604248047,19.3581600189209,76.55531311035156,97.48712921142578,47.79335021972656,22.159088134765625
2021-09-06,21.625734329223633,41.739864349365234,10.728019714355469,19.468242645263672,77.8548583984375,98.25547790527344,47.859588623046875,22.187101364135742
2021-09-07,21.642261505126953,41.52353286743164,10.696401596069336,19.48145294189453,77.4542465209961,97.18726348876953,47.834754943847656,22.196439743041992
2021-09-08,21.369508743286133,41.13941192626953,10.55254077911377,19.41980743408203,76.31101989746094,96.00662994384766,46.782989501953125,22.079713821411133
2021-09-09,21.195945739746094,41.12176513671875,10.5809965133667,19.35375213623047,76.0276870727539,95.0321273803711,46.93204879760742,22.11240005493164
2021-09-10,21.154617309570312,40.95840072631836,10.501951217651367,19.076324462890625,76.47714233398438,94.39495849609375,46.98174285888672,21.930307388305664
2021-09-13,21.74557876586914,41.05112075805664,10.6774320602417,19.12476348876953,75.98859405517578,93.65471649169922,47.785057067871094,21.808910369873047
2021-09-14,21.73731231689453,41.090850830078125,10.587319374084473,19.041095733642578,76.9559326171875,94.52613830566406,48.11632537841797,21.799570083618164
2021-09-15,22.026596069335938,40.742530822753906,10.58574104309082,18.90018081665039,76.0765380859375,93.94519805908203,48.265384674072266,21.4960880279541
2021-09-16,21.964603424072266,40.97340393066406,10.661623001098633,18.926605224609375,76.5357666015625,94.39495849609375,47.718807220458984,22.247800827026367
2021-09-17,21.695985794067383,40.631553649902344,10.735925674438477,18.891376495361328,75.40235137939453,93.73904418945312,46.97346496582031,22.518598556518555
2021-09-20,21.485227584838867,39.894561767578125,10.174703598022461,18.65798568725586,74.04417419433594,93.96395111083984,45.30885314941406,22.173097610473633
2021-09-21,21.94394302368164,40.405128479003906,10.188932418823242,18.7680721282959,75.27532196044922,95.16329956054688,45.656681060791016,22.976165771484375
2021-09-22,22.452247619628906,40.73809814453125,10.513017654418945,18.904586791992188,75.64662170410156,94.78851318359375,46.89064025878906,23.46173858642578
2021-09-23,22.749792098999023,41.1287841796875,10.72011661529541,19.001466751098633,77.0340805053711,95.38819122314453,47.52832794189453,23.452396392822266
2021-09-24,22.642343521118164,40.7203369140625,10.728019714355469,18.90899085998535,75.80294799804688,94.451171875,47.75193405151367,23.345014572143555
2021-09-27,23.328353881835938,40.6493034362793,11.036296844482422,18.992652893066406,74.6988296508789,93.21430969238281,48.339927673339844,23.40571403503418
2021-09-28,23.394472122192383,39.77470397949219,10.859236717224121,18.675596237182617,71.1324462890625,91.31217193603516,47.876155853271484,22.78940200805664
2021-09-29,23.44406509399414,40.0099983215332,11.011003494262695,18.732847213745117,70.58525848388672,92.52092742919922,48.63806915283203,22.845426559448242
2021-09-30,23.613500595092773,39.978919982910156,11.044200897216797,18.724037170410156,70.38008117675781,93.10186767578125,48.29852294921875,22.35051727294922
2021-10-01,23.53911018371582,39.89901351928711,10.98570728302002,18.688806533813477,69.35413360595703,92.55842590332031,48.257110595703125,23.12557029724121
2021-10-04,23.774667739868164,39.64596176147461,10.900337219238281,18.715229034423828,68.02527618408203,92.40848541259766,47.76021194458008,22.742708206176758
2021-10-05,24.187923431396484,40.17426300048828,11.293983459472656,18.878164291381836,69.588623046875,92.83013916015625,48.29024124145508,22.733369827270508
2021-10-06,23.696151733398438,39.70809555053711,11.273431777954102,18.455421447753906,68.90467071533203,92.36162567138672,47.08940887451172,22.159088134765625
2021-10-07,23.741607666015625,40.37404251098633,11.488435745239258,18.65798568725586,70.26283264160156,93.72032165527344,48.58837890625,22.359851837158203
2021-10-08,24.080480575561523,40.227542877197266,11.515310287475586,18.62275505065918,69.61795043945312,93.55164337158203,49.13496780395508,22.266475677490234
2021-10-11,24.3986873626709,40.26749038696289,11.600678443908691,18.62275505065918,69.19779205322266,93.85147857666016,49.8554801940918,22.121740341186523
2021-10-12,24.369760513305664,40.245296478271484,11.618067741394043,18.63596534729004,68.96330261230469,93.36422729492188,49.68983840942383,22.037694931030273
2021-10-13,24.340831756591797,40.50723648071289,11.41413402557373,18.60514259338379,70.80999755859375,94.15133666992188,49.63187026977539,22.191768646240234
2021-10-14,24.592918395996094,41.026668548583984,11.539023399353027,18.737247467041016,72.5492172241211,94.48866271972656,50.24470520019531,22.434560775756836
2021-10-15,24.99871253967285,41.31081008911133,11.733868598937988,18.763452529907227,73.27346801757812,95.05279541015625,50.94087600708008,22.85009765625
2021-10-18,24.944438934326172,41.09770584106445,11.722765922546387,18.612459182739258,73.08780670166016,94.75223541259766,49.926212310791016,22.509260177612305
2021-10-19,25.06968116760254,41.266414642333984,11.746557235717773,18.479219436645508,73.82071685791016,95.20308685302734,49.79314041137695,22.696022033691406
2021-10-20,25.378620147705078,41.408485412597656,11.773520469665527,18.65242576599121,72.99007415771484,95.7666244506836,49.48542022705078,22.44856834411621
2021-10-21,25.019580841064453,41.36408233642578,11.70373249053955,18.625778198242188,73.0193862915039,96.40532684326172,49.71829605102539,22.39720916748047
2021-10-22,24.902692794799805,41.5372314453125,11.741799354553223,18.545835494995117,74.1138916015625,96.78102111816406,50.02602005004883,22.373859405517578
2021-10-25,25.174049377441406,41.586063385009766,11.827446937561035,18.390403747558594,74.03572845458984,97.11915588378906,51.198699951171875,22.308496475219727
2021-10-26,25.15317726135254,41.8746452331543,11.886134147644043,18.505868911743164,74.4461669921875,97.41973114013672,51.42325973510742,22.705360412597656
2021-10-27,24.9486141204834,41.67042541503906,11.74338436126709,18.425931930541992,74.71000671386719,96.63074493408203,51.481475830078125,22.639997482299805
2021-10-28,24.627159118652344,41.816932678222656,11.718008995056152,18.168352127075195,75.70679473876953,97.57002258300781,51.107208251953125,22.401874542236328
2021-10-29,24.5102596282959,41.816932678222656,11.794140815734863,18.05731964111328,75.61884307861328,97.64515686035156,51.38166809082031,22.35518455505371
2021-11-01,24.739871978759766,42.16322326660156,11.963851928710938,18.177230834960938,75.7165756225586,98.88497161865234,51.930580139160156,22.56995964050293
2021-11-02,24.376667022705078,42.225372314453125,11.897236824035645,18.083967208862305,75.95111083984375,100.16236114501953,51.938899993896484,22.037694931030273
2021-11-03,23.687828063964844,42.37188720703125,11.957508087158203,18.12837791442871,76.69381713867188,100.59442138671875,52.047019958496094,22.084381103515625
2021-11-04,23.854814529418945,42.53614807128906,11.738626480102539,18.29714012145996,77.73946380615234,101.19554138183594,52.246620178222656,22.05170249938965
2021-11-05,24.005107879638672,42.567230224609375,11.855997085571289,18.4703426361084,78.10104370117188,99.46729278564453,52.88702392578125,22.383201599121094
2021-11-08,24.20549964904785,42.567230224609375,11.8242769241333,18.425931930541992,78.25740814208984,99.74906921386719,52.4129638671875,22.098390579223633
2021-11-09,24.096956253051758,42.491756439208984,11.706904411315918,18.501428604125977,77.96422576904297,99.74906921386719,52.27988815307617,22.01901626586914
2021-11-10,24.318218231201172,42.58943176269531,11.775106430053711,18.65686798095703,76.9381332397461,100.21870422363281,52.687416076660156,21.9676570892334
2021-11-11,24.251422882080078,42.74481201171875,11.86234188079834,18.643545150756836,77.65151977539062,100.25627899169922,52.4129638671875,21.724870681762695
2021-11-12,23.98423194885254,42.855804443359375,11.790968894958496,18.75901222229004,78.1694564819336,99.82421875,52.92029571533203,21.547449111938477
2021-11-15,24.12200927734375,43.042274475097656,11.89247989654541,18.65242576599121,78.84371948242188,100.01207733154297,53.16148376464844,21.608144760131836
2021-11-16,24.364139556884766,43.10442352294922,11.882962226867676,18.73236083984375,79.21510314941406,99.63636016845703,53.569007873535156,21.510095596313477
2021-11-17,24.293170928955078,43.15769577026367,11.879789352416992,18.7501277923584,79.7330322265625,100.01207733154297,53.74365997314453,21.117900848388672
2021-11-18,23.88404083251953,42.993431091308594,11.762417793273926,18.643545150756836,79.69395446777344,99.33582305908203,53.84346389770508,21.080547332763672
2021-11-19,23.274518966674805,42.82916259765625,11.48961067199707,18.65242576599121,79.62555694580078,99.89935302734375,53.061676025390625,20.749048233032227
2021-11-22,23.504133224487305,42.78033447265625,11.63553237915039,18.98994255065918,78.13035583496094,99.18553161621094,53.643856048583984,20.40821075439453
2021-11-23,23.608503341674805,42.1854133605957,11.599053382873535,18.75901222229004,75.29634857177734,97.2882308959961,52.803863525390625,20.05336570739746
2021-11-24,23.796367645263672,42.26532745361328,11.605395317077637,19.003267288208008,75.1497802734375,97.38215637207031,52.02206802368164,19.880619049072266
2021-11-25,23.854814529418945,42.43846893310547,11.641876220703125,18.963300704956055,75.58952331542969,97.68270874023438,51.847408294677734,19.647167205810547
2021-11-26,22.44791030883789,40.83576965332031,10.804421424865723,18.319347381591797,72.99983215332031,96.38654327392578,48.786800384521484,18.00741195678711
2021-11-29,22.928009033203125,41.16429901123047,10.945584297180176,18.465898513793945,74.37776184082031,96.42410278320312,48.72858810424805,18.2838134765625
2021-11-30,22.58567237854004,40.782493591308594,10.880555152893066,18.163909912109375,73.68390655517578,95.74784851074219,48.462440490722656,17.742212295532227
2021-12-01,23.136751174926758,41.54167556762695,11.124812126159668,18.523635864257812,76.32244110107422,96.63074493408203,50.3254280090332,18.3211669921875
2021-12-02,23.09918212890625,41.026668548583984,11.088332176208496,18.186115264892578,72.99983215332031,95.35334777832031,49.80146408081055,17.83185386657715
2021-12-03,23.13257598876953,40.81801986694336,11.001097679138184,18.052885055541992,72.17896270751953,94.95885467529297,49.368988037109375,17.84679412841797
2021-12-06,23.57927894592285,41.37739944458008,11.216805458068848,18.381519317626953,71.83692932128906,95.6539306640625,50.134132385253906,18.532211303710938
2021-12-07,24.14287757873535,42.389644622802734,11.37382698059082,18.541400909423828,75.81429290771484,97.2882308959961,51.747615814208984,18.876779556274414
2021-12-08,23.992589950561523,42.13658142089844,11.262801170349121,18.439254760742188,74.7979736328125,97.38215637207031,51.5396842956543,19.03085708618164
2021-12-09,23.733747482299805,42.06111526489258,11.208873748779297,18.483665466308594,74.12367248535156,97.83300018310547,51.33176803588867,18.95148277282715
2021-12-10,23.61685562133789,41.92792510986328,11.140671730041504,18.510313034057617,73.6155014038086,98.03961944580078,51.69771194458008,18.830089569091797
2021-12-13,23.228599548339844,41.79472351074219,10.97889232635498,18.536958694458008,73.48846435546875,98.133544921875,51.66443634033203,18.3211669921875
2021-12-14,23.27869415283203,41.34632110595703,11.074056625366211,18.60801887512207,71.69034576416016,96.72468566894531,50.899288177490234,18.302490234375
2021-12-15,22.9655818939209,41.503028869628906,10.985239028930664,18.510313034057617,72.66757202148438,97.94570922851562,50.774532318115234,18.140010833740234
2021-12-16,23.61685562133789,41.985660552978516,11.229493141174316,18.59469223022461,72.80439758300781,99.59880065917969,51.41493225097656,18.23151969909668
2021-12-17,23.249469757080078,41.70859909057617,11.081988334655762,18.599132537841797,72.39396667480469,99.486083984375,50.0842399597168,18.68067741394043
2021-12-20,22.81111717224121,41.172325134277344,10.944000244140625,18.30158042907715,71.58284759521484,97.60755920410156,48.620460510253906,18.530336380004883
2021-12-21,23.520830154418945,41.865013122558594,11.202530860900879,18.501428604125977,72.87279510498047,98.60319519042969,49.71829605102539,19.19426918029785
2021-12-22,23.575103759765625,42.213584899902344,11.256457328796387,18.563602447509766,74.19210052490234,99.69273376464844,50.17572021484375,19.460403442382812
2021-12-23,23.779666900634766,42.58897018432617,11.432513236999512,18.7501277923584,75.05204772949219,99.88057708740234,50.791175842285156,19.65650177001953
2021-12-27,23.78801918029785,42.87499237060547,11.503886222839355,18.852272033691406,75.91203308105469,100.74470520019531,51.08226013183594,19.931970596313477
2021-12-28,23.838115692138672,43.268253326416016,11.581605911254883,19.007705688476562,75.96089172363281,101.49609375,51.09889602661133,19.838594436645508
2021-12-29,23.708694458007812,43.053741455078125,11.537196159362793,18.883359909057617,75.1497802734375,100.93253326416016,50.56660842895508,19.60980987548828
2021-12-30,23.7587947845459,43.19228744506836,11.564156532287598,18.923330307006836,75.85340118408203,101.57125091552734,50.47513198852539,19.670507431030273
2022-01-03,24.04685401916504,43.2861328125,11.69421672821045,19.043237686157227,75.63838958740234,100.76350402832031,51.64780807495117,20.29615592956543
2022-01-04,24.501909255981445,43.598960876464844,12.035224914550781,19.047679901123047,74.50479125976562,99.37337493896484,53.30286407470703,20.693021774291992
2022-01-05,24.8024959564209,43.6391716003418,12.070120811462402,19.016592025756836,74.15298461914062,99.18553161621094,54.74167251586914,20.823753356933594
2022-01-06,24.698123931884766,43.0805549621582,12.203351020812988,18.80341911315918,72.25714111328125,98.0020523071289,54.35911178588867,20.566957473754883
2022-01-07,24.8024959564209,42.96883773803711,12.328651428222656,18.75457000732422,72.4819107055664,97.68270874023438,53.79356002807617,20.24946403503418
2022-01-10,24.744049072265625,42.27167892456055,12.35878849029541,18.665748596191406,69.68698120117188,96.10478210449219,53.4941520690918,20.165420532226562
2022-01-11,25.111431121826172,42.673885345458984,12.40954303741455,18.75457000732422,71.12354278564453,97.17552947998047,53.66880798339844,20.38953399658203
2022-01-12,25.66668128967285,42.93307876586914,12.579254150390625,18.81674575805664,72.12032318115234,96.55561828613281,53.86009979248047,20.42688751220703
2022-01-13,25.662504196166992,42.92861557006836,12.741032600402832,18.847829818725586,72.63825988769531,95.61634826660156,54.858131408691406,20.716367721557617
2022-01-14,25.900474548339844,42.51746368408203,12.720414161682129,18.794538497924805,71.37761688232422,95.27821350097656,54.625247955322266,20.646329879760742
2022-01-17,26.040117263793945,42.8034782409668,12.757261276245117,18.812599182128906,72.42433166503906,96.5880126953125,54.557403564453125,20.576297760009766
2022-01-18,26.305830001831055,42.369991302490234,12.65722942352295,18.92892074584961,70.76139068603516,95.64788818359375,54.266239166259766,20.26814079284668
2022-01-19,26.381750106811523,42.454898834228516,12.528158187866211,19.004976272583008,70.16471862792969,95.9111328125,54.133121490478516,20.244796752929688
2022-01-20,26.259435653686523,42.67835235595703,12.482980728149414,19.098928451538086,71.18203735351562,96.4751968383789,53.733802795410156,20.82842445373535
2022-01-21,25.445423126220703,41.865013122558594,12.216768264770508,18.79918098449707,69.84191131591797,95.00859832763672,52.444332122802734,20.193435668945312
2022-01-24,24.458478927612305,40.22043991088867,11.727901458740234,18.477060317993164,65.72378540039062,91.00370788574219,49.640750885009766,19.04019546508789
2022-01-25,25.103788375854492,40.56455612182617,12.053812980651855,18.94234275817871,64.99993896484375,91.78398132324219,49.857051849365234,19.105558395385742
2022-01-26,26.107601165771484,41.29298400878906,12.407151222229004,19.085508346557617,66.39874267578125,92.65829467773438,51.21308517456055,19.801240921020508
2022-01-27,26.33535385131836,41.605812072753906,12.591079711914062,19.425518035888672,65.45967102050781,94.5573501586914,51.487613677978516,19.539777755737305
2022-01-28,25.95576286315918,41.158912658691406,12.386176109313965,19.412097930908203,64.3152084350586,94.33171844482422,50.49762725830078,19.633155822753906
2022-01-31,25.77018165588379,41.458335876464844,12.408764839172363,19.56868553161621,66.52589416503906,94.57615661621094,50.62240982055664,19.88528060913086
2022-02-01,26.27208709716797,41.99907684326172,12.708857536315918,19.55078887939453,67.3964614868164,95.61028289794922,51.35450744628906,20.12339973449707
2022-02-02,26.031681060791016,42.10633850097656,12.755646705627441,19.716327667236328,67.4649429321289,95.68549346923828,51.15485382080078,19.959983825683594
2022-02-03,25.87984275817871,41.3421516418457,12.799209594726562,19.756587982177734,65.03904724121094,93.3822021484375,50.93022918701172,19.357681274414062
2022-02-04,26.45345115661621,40.85503005981445,12.699178695678711,19.53736686706543,64.48149871826172,92.27285766601562,49.3079833984375,19.166255950927734
2022-02-07,26.542022705078125,41.091880798339844,12.875041961669922,19.725271224975586,64.9021224975586,93.03433990478516,49.20814514160156,19.6938533782959
2022-02-08,26.07807159423828,41.11423110961914,13.100919723510742,19.850542068481445,64.40323638916016,92.49849700927734,49.50763702392578,19.861940383911133
2022-02-09,26.575763702392578,41.82032012939453,13.217086791992188,20.087656021118164,66.26178741455078,94.03089904785156,51.52089309692383,20.272809982299805
2022-02-10,26.508277893066406,41.699649810791016,13.249351501464844,20.002649307250977,65.48902130126953,93.89927673339844,51.337867736816406,20.524934768676758
2022-02-11,26.79508399963379,41.444923400878906,13.160613059997559,20.08317756652832,64.11957550048828,92.66769409179688,51.82038497924805,20.534273147583008
2022-02-14,26.364879608154297,40.75224685668945,12.807276725769043,19.774484634399414,63.00446319580078,91.4925537109375,50.93854904174805,20.174758911132812
2022-02-15,26.20460319519043,41.3421516418457,12.918603897094727,20.0115966796875,63.85546875,93.50440979003906,52.06163787841797,20.440893173217773
2022-02-16,26.579980850219727,41.279579162597656,12.754034996032715,19.743162155151367,63.708736419677734,93.71122741699219,51.803749084472656,20.324172973632812
2022-02-17,26.28896141052246,40.99356460571289,12.587851524353027,19.55078887939453,63.3370361328125,93.37279510498047,51.737186431884766,19.978666305541992
2022-02-18,26.031681060791016,40.72096252441406,12.56849193572998,19.421045303344727,62.094749450683594,92.41387939453125,50.97182083129883,19.423051834106445
2022-02-21,25.85875701904297,40.1400032043457,12.415217399597168,19.18393325805664,60.46118927001953,91.9908218383789,49.682342529296875,19.049530029296875
2022-02-22,25.854536056518555,40.12213134765625,12.347454071044922,19.210777282714844,60.93071365356445,92.2164535522461,50.023433685302734,19.25029945373535
2022-02-23,25.677392959594727,40.064022064208984,12.292598724365234,19.112350463867188,60.43183898925781,92.6301040649414,50.564178466796875,19.147581100463867
2022-02-24,25.597257614135742,38.72334671020508,11.29550838470459,18.45916175842285,59.31671142578125,91.18229675292969,47.48607635498047,18.40894317626953
2022-02-25,26.103382110595703,40.08637237548828,11.739197731018066,18.951295852661133,61.74260330200195,94.03089904785156,49.23310852050781,18.960824966430664
2022-02-28,26.069637298583984,39.992523193359375,11.234198570251465,18.741018295288086,62.5936164855957,94.65135192871094,47.902042388916016,19.23629379272461
2022-03-01,25.926237106323242,39.004878997802734,10.57592487335205,18.414426803588867,60.78398895263672,95.06501770019531,44.96535110473633,17.788898468017578
2022-03-02,26.938488006591797,39.331119537353516,10.725972175598145,18.503908157348633,61.60565948486328,95.04619598388672,44.183349609375,17.867341995239258
2022-03-03,25.930458068847656,38.61162567138672,10.57915210723877,18.217575073242188,60.32423400878906,93.83345794677734,42.52781677246094,17.090417861938477
2022-03-04,25.0489559173584,37.18602752685547,9.874091148376465,17.816720962524414,56.998435974121094,92.0660400390625,40.12772750854492,16.236923217773438
2022-03-07,26.16665267944336,36.73019790649414,9.523979187011719,17.576919555664062,57.17450714111328,91.69939422607422,38.501319885253906,15.775625228881836
2022-03-08,27.111413955688477,36.73019790649414,9.714363098144531,17.417648315429688,55.77571487426758,91.36092376708984,38.347415924072266,15.628085136413574
2022-03-09,26.558895111083984,38.59375,10.462986946105957,18.01177978515625,59.678646087646484,94.1812973022461,41.937156677246094,16.972759246826172
2022-03-10,26.01481056213379,37.780399322509766,10.230655670166016,17.904407501220703,57.98638916015625,93.21296691894531,40.011260986328125,16.662734985351562
2022-03-11,26.048547744750977,38.178138732910156,10.316167831420898,18.074413299560547,58.260284423828125,94.21891784667969,40.111083984375,17.245426177978516
2022-03-14,25.63943862915039,38.59375,10.60658073425293,18.320478439331055,57.89836120605469,94.97100067138672,41.38393020629883,17.120298385620117
2022-03-15,25.711135864257812,38.581974029541016,10.621103286743164,18.432323455810547,57.869022369384766,95.14022064208984,41.83732604980469,17.292118072509766
2022-03-16,25.58038902282715,39.73293685913086,11.129326820373535,18.615747451782227,61.59587097167969,96.5127944946289,44.083518981933594,18.111995697021484
2022-03-17,26.107601165771484,39.898643493652344,11.016388893127441,18.776811599731445,61.820865631103516,97.77255249023438,43.35973358154297,17.99807357788086
2022-03-18,25.95998191833496,40.319610595703125,11.06640625,18.794708251953125,63.6989631652832,99.0135269165039,43.11016082763672,18.46310043334961
2022-03-21,26.655902862548828,40.261390686035156,11.030909538269043,18.826025009155273,63.11205291748047,99.05110168457031,43.0768928527832,18.06343650817871
2022-03-22,26.693862915039062,40.668941497802734,11.319710731506348,18.924449920654297,64.01197814941406,99.29556274414062,43.97536087036133,18.323036193847656
2022-03-23,27.187334060668945,40.20317459106445,11.103511810302734,18.745498657226562,62.83815383911133,98.91951751708984,43.16007995605469,17.94017791748047
2022-03-24,27.174678802490234,40.144954681396484,11.050270080566406,18.902080535888672,62.965328216552734,99.08873748779297,43.0768928527832,17.753416061401367
2022-03-25,27.520530700683594,40.20317459106445,11.013161659240723,19.063138961791992,63.102272033691406,99.25794982910156,42.960418701171875,17.82625389099121
2022-03-28,26.942707061767578,40.24796676635742,11.038976669311523,19.166034698486328,63.190303802490234,99.67161560058594,43.33478546142578,17.71419906616211
2022-03-29,26.419706344604492,40.97795486450195,11.439104080200195,19.273408889770508,64.94124603271484,100.49891662597656,45.847190856933594,18.412677764892578
2022-03-30,27.296995162963867,40.78537368774414,11.253560066223145,19.41657257080078,64.03152465820312,100.91256713867188,44.96535110473633,17.9906005859375
2022-03-31,27.22107696533203,40.49875259399414,11.034136772155762,19.14813804626465,62.916412353515625,100.6493148803711,44.15007019042969,17.777694702148438
2022-04-01,27.554275512695312,40.642066955566406,11.14223575592041,19.38526153564453,62.671875,101.17579650878906,44.199981689453125,17.691783905029297
2022-04-04,27.495223999023438,41.00930404663086,11.121260643005371,19.465784072875977,63.982627868652344,102.88681030273438,44.873836517333984,18.173627853393555
2022-04-05,27.811552047729492,41.018253326416016,11.008320808410645,19.65816307067871,62.916412353515625,104.29700469970703,43.892173767089844,18.280078887939453
2022-04-06,27.625974655151367,40.449493408203125,10.759855270385742,19.653690338134766,60.56879425048828,104.63544464111328,42.627655029296875,17.57225799560547
2022-04-07,27.23372459411621,40.436058044433594,10.74533462524414,19.698427200317383,59.981876373291016,106.158447265625,42.33647918701172,17.448997497558594
2022-04-08,28.18271255493164,40.94212341308594,10.958306312561035,19.953433990478516,59.90362548828125,107.60623168945312,42.84394836425781,17.34067726135254
2022-04-11,27.954952239990234,40.762977600097656,11.026068687438965,19.96238136291504,58.74938201904297,107.6438217163086,42.56941604614258,17.531171798706055
2022-04-12,28.321895599365234,40.57936477661133,10.86149787902832,19.980283737182617,58.99392318725586,105.66958618164062,42.660926818847656,17.398571014404297
2022-04-13,28.5665225982666,40.60176086425781,10.879246711730957,20.12344741821289,59.0526123046875,105.68836975097656,42.81899642944336,17.467670440673828
2022-04-14,28.693050384521484,40.87942123413086,10.982507705688477,20.114498138427734,58.671119689941406,105.95160675048828,42.9188232421875,18.005542755126953
2022-04-19,28.810224533081055,40.60176086425781,11.022109985351562,19.944334030151367,58.65037155151367,104.40300750732422,43.65923309326172,17.824384689331055
2022-04-20,28.78041648864746,40.973472595214844,11.251267433166504,19.97125244140625,60.158241271972656,104.10137176513672,44.06687927246094,17.84866714477539
2022-04-21,28.737836837768555,41.05408477783203,11.362618446350098,19.917421340942383,60.12886428833008,103.25303649902344,44.532745361328125,17.999940872192383
2022-04-22,27.958608627319336,40.283782958984375,11.130231857299805,19.693124771118164,58.97347640991211,101.74486541748047,43.384700775146484,17.475143432617188
2022-04-25,26.63860511779785,39.64337158203125,10.823615074157715,19.652751922607422,57.671226501464844,101.16045379638672,42.710845947265625,17.292118072509766
2022-04-26,26.97072982788086,39.262691497802734,10.562183380126953,19.670690536499023,56.271060943603516,100.23668670654297,41.59606170654297,16.969024658203125
2022-04-27,27.14957046508789,39.540367126464844,10.605755805969238,19.760412216186523,56.46688461303711,101.5374984741211,42.25328826904297,17.069873809814453
2022-04-28,27.66905975341797,39.84489440917969,10.667080879211426,19.64377784729004,57.916019439697266,101.2735595703125,43.1351203918457,17.540512084960938
2022-04-29,27.86492919921875,40.16734313964844,10.776815414428711,19.576488494873047,58.58183288574219,102.12191009521484,43.64259338378906,17.77582550048828
2022-05-02,27.162342071533203,39.46870040893555,10.567025184631348,19.37462043762207,57.426448822021484,100.7645492553711,42.91050720214844,17.471412658691406
2022-05-03,28.36313247680664,39.84938049316406,10.8558931350708,19.688640594482422,57.87684631347656,100.99078369140625,43.85057830810547,17.966323852539062
2022-05-04,28.418479919433594,39.38362121582031,10.75261116027832,19.666215896606445,56.93687057495117,99.06786346435547,43.23495101928711,17.91590118408203
2022-05-05,28.597322463989258,39.119380950927734,10.536362648010254,19.63032341003418,56.83896255493164,99.25638580322266,42.477901458740234,17.282777786254883
2022-05-06,28.746353149414062,38.37147903442383,10.358845710754395,19.168272018432617,55.399627685546875,97.46543884277344,42.74412155151367,17.004505157470703
2022-05-09,27.36673355102539,37.2832145690918,10.131304740905762,18.827342987060547,52.67761993408203,95.29744720458984,41.62934875488281,16.02028465270996
2022-05-10,27.388025283813477,37.57879638671875,10.195855140686035,18.94397735595703,52.97136688232422,96.16463470458984,41.887245178222656,16.037092208862305
2022-05-11,28.324798583984375,38.24160385131836,10.437921524047852,19.07406997680664,54.67506790161133,95.22201538085938,43.384700775146484,16.515195846557617
2022-05-12,27.732927322387695,37.94602966308594,10.374984741210938,19.168272018432617,54.44007110595703,94.67533111572266,43.20999526977539,16.43488883972168
2022-05-13,28.5334529876709,38.86411666870117,10.638031959533691,19.40602684020996,56.14377975463867,96.59823608398438,44.283180236816406,17.239824295043945
2022-05-16,28.729324340820312,38.75662612915039,10.59607219696045,19.39257049560547,55.272342681884766,97.0506820678711,43.84225082397461,17.129642486572266
2022-05-17,29.12531852722168,39.352272033691406,10.817159652709961,19.576488494873047,56.55500030517578,97.63510131835938,44.44955825805664,17.267837524414062
2022-05-18,29.248811721801758,38.850677490234375,10.744542121887207,19.352191925048828,54.93942642211914,96.50397491455078,43.908809661865234,17.14644432067871
2022-05-19,29.0060977935791,38.44313049316406,10.692899703979492,19.168272018432617,54.831729888916016,96.29660034179688,43.75074768066406,16.946613311767578
2022-05-20,29.08273696899414,38.671539306640625,10.704195976257324,19.40602684020996,55.037349700927734,97.88018035888672,44.04192352294922,17.26597023010254
2022-05-23,29.74700927734375,39.19551467895508,11.065682411193848,19.666215896606445,55.967529296875,98.52115631103516,44.40796661376953,17.36121940612793
2022-05-24,29.406362533569336,38.72080612182617,11.104413032531738,19.751445770263672,54.45965576171875,97.99329376220703,43.66755676269531,16.79160499572754
2022-05-25,29.976945877075195,38.98503112792969,11.262563705444336,19.894989013671875,54.54777908325195,98.18181610107422,44.15007019042969,16.918596267700195
2022-05-26,30.38997459411621,39.374656677246094,11.414259910583496,20.092370986938477,55.654212951660156,98.27606201171875,45.24821090698242,17.307058334350586
2022-05-27,30.313335418701172,39.96582794189453,11.472355842590332,20.155170440673828,57.387271881103516,99.23753356933594,45.655853271484375,17.648832321166992
2022-05-30,30.347393035888672,40.15391540527344,11.538519859313965,20.02956771850586,58.46433639526367,99.31292724609375,46.05516815185547,17.895355224609375
2022-05-31,30.46662712097168,39.86729431152344,11.433622360229492,20.03853988647461,57.12291717529297,98.69080352783203,45.79727554321289,17.622682571411133
2022-06-01,30.062103271484375,39.44182586669922,11.356165885925293,19.903961181640625,56.535430908203125,97.6539535522461,46.379615783691406,17.165124893188477
2022-06-02,30.079132080078125,39.72397232055664,11.36745834350586,19.863588333129883,57.240413665771484,97.6539535522461,46.845497131347656,17.224882125854492
2022-06-03,30.275009155273438,39.57619094848633,11.278702735900879,19.87255859375,56.49626541137695,97.59739685058594,46.146671295166016,17.161388397216797
2022-06-06,30.6326904296875,40.00612258911133,11.520767211914062,19.998165130615234,57.63207244873047,97.42771911621094,46.870452880859375,17.29772186279297
2022-06-07,30.994630813598633,39.822509765625,11.412646293640137,19.87704849243164,56.917293548583984,97.71051025390625,46.46281051635742,17.239824295043945
2022-06-08,31.156436920166016,39.580665588378906,11.327116012573242,19.661725997924805,57.259986877441406,97.80477905273438,46.787254333496094,17.103490829467773
2022-06-09,30.72637176513672,39.0611686706543,11.168965339660645,19.60340690612793,55.918575286865234,96.57939147949219,46.146671295166016,17.043729782104492
2022-06-10,29.866233825683594,37.954978942871094,10.625121116638184,19.150327682495117,53.833011627197266,94.76958465576172,44.64090347290039,16.279878616333008
2022-06-13,29.06570816040039,37.12199020385742,10.397577285766602,18.94846534729004,51.5614013671875,93.25198364257812,42.68588638305664,15.452532768249512
2022-06-14,29.24028968811035,36.59800720214844,10.478265762329102,18.77800178527832,50.94455337524414,91.56472778320312,42.286563873291016,15.248963356018066
2022-06-15,29.069965362548828,37.17758560180664,10.731629371643066,18.921546936035156,52.22721862792969,92.15856170654297,43.35142517089844,15.771888732910156
2022-06-16,27.937320709228516,36.198509216308594,10.418556213378906,18.764541625976562,49.730411529541016,90.92374420166016,41.91219711303711,15.19106674194336
2022-06-17,26.80466651916504,36.261966705322266,10.478265762329102,18.930522918701172,50.34727478027344,91.55529022216797,42.11185836791992,15.28444766998291
2022-06-20,27.434864044189453,36.6336555480957,10.810705184936523,19.19967269897461,50.91518020629883,92.37537384033203,42.960418701171875,15.742010116577148
2022-06-21,27.75847625732422,36.760562896728516,10.878483772277832,19.136869430541992,51.649532318115234,91.9983139038086,43.5843620300293,15.631820678710938
2022-06-22,26.851503372192383,36.48859786987305,10.817159652709961,19.257991790771484,51.44392013549805,92.36592864990234,42.79403305053711,15.493618965148926
2022-06-23,26.268146514892578,36.20303726196289,10.454061508178711,19.222105026245117,51.150177001953125,92.86550903320312,41.184268951416016,15.405842781066895
2022-06-24,26.91537094116211,37.213836669921875,10.665467262268066,19.468828201293945,53.14760971069336,96.2588882446289,41.43800735473633,15.801773071289062
2022-06-27,27.187891006469727,37.33169174194336,10.665467262268066,19.495744705200195,53.95050048828125,96.7679214477539,41.72917556762695,15.788700103759766
2022-06-28,27.73719024658203,37.41328430175781,10.709037780761719,19.64826011657715,53.10845184326172,96.1269302368164,42.02034378051758,15.583264350891113
2022-06-29,27.681833267211914,37.222904205322266,10.621891975402832,19.52714729309082,52.51116180419922,96.89986419677734,40.98460006713867,15.194801330566406
2022-06-30,27.064403533935547,36.638187408447266,10.312047958374023,19.361169815063477,51.42433166503906,96.14579772949219,39.70345687866211,14.94454288482666
2022-07-01,26.81743812561035,36.69710922241211,10.274931907653809,19.52714729309082,50.49415969848633,96.7302017211914,39.76584243774414,14.96321964263916
2022-07-04,27.788284301757812,36.81496047973633,10.300749778747559,19.62135124206543,49.818538665771484,97.14494323730469,39.291648864746094,14.87730884552002
2022-07-05,26.097822189331055,36.05345916748047,9.963471412658691,19.39257049560547,49.084197998046875,97.14494323730469,37.9106559753418,14.60090446472168
2022-07-06,25.706083297729492,36.66991424560547,9.926355361938477,19.419483184814453,50.59206008911133,98.8039321899414,38.0146484375,15.013646125793457
2022-07-07,26.813182830810547,37.38608932495117,10.263635635375977,19.634809494018555,52.31534957885742,99.18097686767578,40.019569396972656,15.080881118774414
2022-07-08,26.919635772705078,37.54020309448242,10.32979965209961,19.675180435180664,52.501380920410156,99.06786346435547,41.309051513671875,15.142509460449219
2022-07-11,26.766340255737305,37.39514923095703,10.18940258026123,19.675180435180664,51.757232666015625,100.01046752929688,40.2150764465332,14.780195236206055
2022-07-12,26.442726135253906,37.52660369873047,10.171648979187012,19.903961181640625,51.58098220825195,99.70881652832031,40.3856201171875,14.99683666229248
2022-07-13,26.434213638305664,37.19117736816406,10.02318286895752,19.791818618774414,51.29703903198242,98.78508758544922,39.4538688659668,14.72603702545166
2022-07-14,25.442075729370117,36.59739685058594,9.714950561523438,19.388084411621094,51.01309585571289,97.95559692382812,38.86320495605469,14.791401863098145
2022-07-15,25.96181297302246,37.272769927978516,9.802050590515137,19.454662322998047,52.4798698425293,100.18623352050781,40.48604202270508,15.028946876525879
2022-07-18,26.656299591064453,37.648990631103516,10.005805015563965,19.454662322998047,53.36287307739258,99.69147491455078,41.283050537109375,15.380721092224121
2022-07-19,26.75490379333496,38.15211868286133,10.300490379333496,19.495237350463867,54.167388916015625,100.6048583984375,42.519927978515625,15.560349464416504
2022-07-20,26.909229278564453,38.070533752441406,10.221346855163574,19.346450805664062,55.27604675292969,99.7676010131836,42.11924743652344,15.708172798156738
2022-07-21,26.43766212463379,38.24277114868164,10.253340721130371,19.355470657348633,56.384708404541016,100.26233673095703,41.91891098022461,15.431241035461426
2022-07-22,26.699167251586914,38.32889938354492,10.110207557678223,19.184141159057617,56.59075164794922,100.16720581054688,41.86664581298828,15.736237525939941
2022-07-25,27.02497673034668,38.40595626831055,10.278599739074707,19.296855926513672,56.296417236328125,99.9578857421875,42.13666915893555,15.61648178100586
2022-07-26,27.20503044128418,38.378761291503906,10.231450080871582,19.170618057250977,55.501712799072266,101.57532501220703,41.35708999633789,15.451824188232422
2022-07-27,27.505123138427734,38.56913757324219,10.334166526794434,19.2157039642334,56.27678680419922,100.75709533691406,41.60968780517578,15.895284652709961
2022-07-28,27.69803237915039,39.02240753173828,10.303858757019043,19.030851364135742,57.41488265991211,100.81417846679688,42.67236328125,15.8316650390625
2022-07-29,28.431100845336914,39.53461456298828,10.480668067932129,19.206680297851562,58.26845932006836,100.3194351196289,43.39532470703125,16.007551193237305
2022-08-01,27.9766845703125,39.41675567626953,10.573285102844238,19.202177047729492,58.729583740234375,99.6534194946289,43.63050842285156,16.058073043823242
2022-08-02,28.131017684936523,39.34876251220703,10.566547393798828,19.24726104736328,57.836761474609375,100.07205200195312,43.90924072265625,15.8971529006958
2022-08-03,28.229616165161133,39.53461456298828,10.723151206970215,19.107501983642578,59.671443939208984,99.06353759765625,44.37960433959961,16.125429153442383
2022-08-04,27.813779830932617,39.57993698120117,10.716415405273438,19.030851364135742,60.3189811706543,98.70198822021484,44.15313720703125,16.430429458618164
2022-08-05,27.998119354248047,39.285308837890625,10.814083099365234,19.161602020263672,59.02390670776367,98.16919708251953,44.01377487182617,16.353710174560547
2022-08-08,28.152448654174805,39.54366683959961,10.8629150390625,19.139057159423828,59.229949951171875,98.11210632324219,44.91965103149414,16.61192512512207
2022-08-09,28.448251724243164,39.26264190673828,10.878072738647461,19.202177047729492,57.30695724487305,98.1311264038086,43.952789306640625,16.207763671875
2022-08-10,28.452537536621094,39.62525939941406,10.931955337524414,19.10298728942871,58.631465911865234,97.04650115966797,44.66704559326172,16.681161880493164
2022-08-11,29.138446807861328,39.69325637817383,10.957216262817383,19.17963409423828,58.88655471801758,96.38048553466797,44.63220977783203,16.79530143737793
2022-08-12,29.1341609954834,39.783905029296875,11.064985275268555,19.12101936340332,58.95523452758789,96.76105499267578,44.893524169921875,17.450191497802734
2022-08-15,28.76548194885254,39.91535568237305,11.026256561279297,19.11651611328125,59.40654373168945,97.44609069824219,44.88481140136719,17.5867862701416
2022-08-16,28.898380279541016,39.98334884643555,11.076770782470703,19.4276065826416,59.10239791870117,96.8942642211914,45.15483474731445,17.545621871948242
2022-08-17,28.971256256103516,39.575408935546875,10.937007904052734,19.17963409423828,57.95449447631836,96.24727630615234,44.14442443847656,17.28740692138672
2022-08-18,29.558568954467773,39.81111145019531,10.918486595153809,19.24726104736328,58.67070388793945,96.43756866455078,44.54509735107422,17.360382080078125
2022-08-19,29.55428123474121,39.47568130493164,10.681053161621094,19.25177001953125,57.934879302978516,97.06551361083984,43.31258010864258,16.83272361755371
2022-08-22,29.785776138305664,39.1039924621582,10.52613353729248,19.202177047729492,56.3160285949707,97.78860473632812,41.74469757080078,16.593217849731445
2022-08-23,30.68175506591797,38.963478088378906,10.556442260742188,19.026342391967773,56.080562591552734,96.1521224975586,42.14537811279297,16.65122413635254
2022-08-24,30.40738868713379,39.02240753173828,10.497507095336914,18.873046875,56.52206802368164,97.06551361083984,42.12361145019531,16.699871063232422
2022-08-25,30.724620819091797,39.1085319519043,10.48403549194336,18.954200744628906,57.09111404418945,97.2177505493164,42.19763946533203,16.735422134399414
2022-08-26,30.57887077331543,38.455806732177734,10.322381973266602,18.656633377075195,55.79604721069336,96.2282485961914,41.25692367553711,16.14975929260254
2022-08-29,30.866086959838867,38.093196868896484,10.283651351928711,18.593517303466797,54.461727142333984,94.75352478027344,41.709861755371094,15.964519500732422
2022-08-30,29.901527404785156,37.85749053955078,10.36279296875,18.598020553588867,54.020225524902344,94.0494613647461,41.94068908691406,15.942063331604004
2022-08-31,29.151309967041016,37.4631462097168,10.372897148132324,18.57097053527832,53.59834671020508,93.09803009033203,41.40935516357422,16.015039443969727
2022-09-01,28.885517120361328,36.851226806640625,10.207874298095703,18.399642944335938,52.008934020996094,92.04196166992188,40.73865509033203,15.44433879852295
2022-09-02,29.53284454345703,37.58099365234375,10.495823860168457,18.54842758178711,53.588531494140625,92.9743423461914,42.26297378540039,15.758691787719727
2022-09-05,30.133026123046875,37.32716369628906,10.36279296875,18.381607055664062,52.90174865722656,93.22172546386719,40.21601867675781,15.60525894165039
2022-09-06,29.36993980407715,37.42234802246094,10.43015193939209,18.368085861206055,52.99985885620117,93.09803009033203,40.95640563964844,15.738107681274414
2022-09-07,28.521127700805664,37.22744369506836,10.302173614501953,18.241844177246094,52.950801849365234,92.68892669677734,41.40064239501953,15.885926246643066
2022-09-08,28.508264541625977,37.43594741821289,10.532870292663574,18.079532623291016,53.38249969482422,93.6308364868164,40.95640563964844,15.902765274047852
2022-09-09,28.868366241455078,37.99347686767578,10.758515357971191,18.350048065185547,54.75605773925781,94.68692779541016,41.47903823852539,16.102977752685547
2022-09-12,29.22418212890625,38.591796875,11.086875915527344,18.476285934448242,55.2662467956543,95.31488037109375,42.91625213623047,16.514631271362305
2022-09-13,28.958396911621094,38.02067184448242,10.953848838806152,18.282419204711914,53.51004409790039,93.87821960449219,42.04521179199219,16.168466567993164
2022-09-14,29.228473663330078,37.671653747558594,10.940378189086914,18.056987762451172,53.44136047363281,92.87919616699219,42.25861358642578,16.037487030029297
2022-09-15,28.632585525512695,37.45498275756836,11.145814895629883,18.01821517944336,52.51911926269531,92.4795913696289,42.188934326171875,16.14227294921875
2022-09-16,28.15673828125,36.841644287109375,10.95889949798584,17.677364349365234,51.52819061279297,90.8431396484375,41.73163604736328,15.74746322631836
2022-09-19,27.959537506103516,36.850799560546875,10.972370147705078,17.668346405029297,51.67535400390625,90.31983947753906,42.06262969970703,15.644551277160645
2022-09-20,27.839500427246094,36.4480094909668,10.950479507446289,17.320281982421875,51.371219635009766,89.69187927246094,41.6706657409668,15.665133476257324
2022-09-21,28.366792678833008,36.805030822753906,10.910065650939941,17.352745056152344,52.077613830566406,90.01537322998047,41.884063720703125,15.363883018493652
2022-09-22,28.31535530090332,36.09098434448242,10.90164566040039,17.186826705932617,49.80141830444336,88.04590606689453,41.16545104980469,14.869902610778809
2022-09-23,26.630578994750977,35.29914474487305,10.505927085876465,16.862207412719727,48.93804168701172,87.48456573486328,39.449501037597656,14.409602165222168
2022-09-26,26.49339485168457,35.14808654785156,10.33753776550293,16.597103118896484,49.54633331298828,86.8946533203125,39.86761474609375,14.707111358642578
2022-09-27,26.866361618041992,35.001617431640625,10.172511100769043,16.604312896728516,49.54633331298828,87.14203643798828,39.80228042602539,14.935391426086426
2022-09-28,26.98210906982422,35.17097473144531,9.946867942810059,16.5844783782959,49.722930908203125,89.07344055175781,39.91115951538086,15.025206565856934
2022-09-29,26.86207389831543,34.61713790893555,9.722908020019531,16.200342178344727,48.1874885559082,88.00785064697266,37.933895111083984,14.673434257507324
2022-09-30,27.17073631286621,35.042816162109375,9.896352767944336,16.2183780670166,49.1636962890625,88.8260726928711,38.01227951049805,14.72208309173584
2022-10-03,27.946674346923828,35.285404205322266,9.977179527282715,16.622344970703125,49.58559036254883,88.85462188720703,38.31279754638672,14.75014877319336
2022-10-04,28.5554256439209,36.4296989440918,10.383001327514648,16.936147689819336,52.24440383911133,90.90972900390625,39.7238883972168,15.652039527893066
2022-10-05,28.795490264892578,36.11387634277344,10.170827865600586,16.588085174560547,51.93044662475586,90.65283966064453,38.64814758300781,15.363883018493652
2022-10-06,28.426816940307617,35.83467102050781,10.054637908935547,16.366260528564453,52.528926849365234,90.19615173339844,39.066246032714844,15.36762523651123
2022-10-07,28.718324661254883,35.40898132324219,9.99570083618164,16.247234344482422,50.242923736572266,89.6728515625,38.44780731201172,15.105667114257812
2022-10-10,28.39251708984375,35.285404205322266,9.96707534790039,16.315765380859375,49.281436920166016,88.9878158569336,37.977439880371094,14.989653587341309
2022-10-11,27.929527282714844,35.09773635864258,9.860989570617676,16.283302307128906,48.354278564453125,89.59674835205078,38.151649475097656,14.963459968566895
2022-10-12,27.577999114990234,34.8505744934082,9.746481895446777,16.139026641845703,47.932395935058594,89.43500518798828,37.99050521850586,14.813767433166504
2022-10-13,28.409664154052734,35.294559478759766,10.08495044708252,16.19312858581543,48.138431549072266,89.27326202392578,38.56975173950195,15.405043601989746
2022-10-14,28.161026000976562,35.34947967529297,10.127045631408691,16.277891159057617,47.60862350463867,89.95828247070312,38.61765670776367,15.515443801879883
2022-10-17,28.44838523864746,36.02232360839844,10.365947723388672,16.558835983276367,48.59367370605469,91.26048278808594,39.65788269042969,16.059104919433594
2022-10-18,28.00204849243164,36.12760543823242,10.430500030517578,16.589807510375977,49.00678253173828,91.08879852294922,40.30264663696289,16.119037628173828
2022-10-19,28.27938461303711,35.944522857666016,10.455982208251953,16.591629028320312,49.57234191894531,89.91561126708984,40.19808578491211,15.862465858459473
2022-10-20,28.69104766845703,36.04979705810547,10.534127235412598,16.196287155151367,50.6050910949707,89.71531677246094,40.40284729003906,16.0141544342041
2022-10-21,28.69971466064453,35.88043975830078,10.515440940856934,15.890215873718262,50.546077728271484,89.33379364013672,40.1937370300293,15.8418607711792
2022-10-24,28.929386138916016,36.3930778503418,10.673426628112793,16.05600357055664,50.96902084350586,90.65957641601562,41.03020095825195,16.111543655395508
2022-10-25,28.751712799072266,36.89198684692383,10.654739379882812,16.219970703125,53.10338592529297,91.36540985107422,41.30901336669922,16.6827392578125
2022-10-26,29.007381439208984,37.06134796142578,10.607172966003418,16.329282760620117,53.083717346191406,92.20475006103516,41.46585464477539,16.87189292907715
2022-10-27,30.038719177246094,37.120849609375,10.737979888916016,16.420377731323242,52.178810119628906,91.49894714355469,41.55734634399414,17.04044532775879
2022-10-28,29.978052139282227,37.1483154296875,10.675124168395996,16.719158172607422,51.7362060546875,92.64350891113281,41.30901336669922,16.916841506958008
2022-10-31,30.10371971130371,37.267311096191406,10.719291687011719,16.88312530517578,51.64768981933594,93.58778381347656,41.5137825012207,17.128463745117188
2022-11-01,30.62371826171875,37.48243713378906,10.82801628112793,16.93413734436035,52.14931106567383,93.20625305175781,41.788238525390625,17.18277359008789
2022-11-02,30.576053619384766,37.38632583618164,10.812726974487305,16.999723434448242,51.441131591796875,94.42713165283203,41.40922164916992,17.184650421142578
2022-11-03,30.857723236083984,37.056766510009766,10.85859489440918,16.708223342895508,50.30017852783203,93.76899719238281,40.36799621582031,16.903728485107422
2022-11-04,31.200050354003906,37.67926025390625,11.116806983947754,16.904985427856445,51.559165954589844,93.41609191894531,41.81002426147461,17.05916976928711
2022-11-07,31.403722763061523,37.81657791137695,11.12869930267334,16.97421646118164,52.37553787231445,93.28255462646484,42.43737030029297,17.358814239501953
2022-11-08,30.927053451538086,38.1552848815918,11.171167373657227,17.10357093811035,54.1164665222168,93.63545227050781,42.572425842285156,17.439350128173828
2022-11-09,30.337718963623047,37.995086669921875,11.053953170776367,17.076236724853516,53.486976623535156,94.17913055419922,42.202117919921875,17.05916976928711
2022-11-10,30.350717544555664,39.10276794433594,11.115107536315918,17.293041229248047,57.59833908081055,96.14399719238281,43.861968994140625,17.562950134277344
2022-11-11,30.537050247192383,39.10276794433594,11.13889217376709,17.109037399291992,58.59174346923828,93.74038696289062,44.68972396850586,17.579803466796875
2022-11-14,30.454715728759766,39.17142105102539,11.201745986938477,17.192842483520508,59.299930572509766,94.1219253540039,44.829124450683594,17.370052337646484
2022-11-15,30.862060546875,39.304161071777344,11.29517936706543,17.021587371826172,60.293338775634766,94.31266784667969,44.9423942565918,17.48428726196289
2022-11-16,30.732051849365234,38.96087646484375,11.2255277633667,16.886768341064453,59.054039001464844,93.60685729980469,43.26512145996094,17.079769134521484
2022-11-17,30.407054901123047,38.82814025878906,11.249312400817871,16.793855667114258,59.299930572509766,92.83425903320312,42.98194885253906,17.008607864379883
2022-11-18,30.433055877685547,39.276695251464844,11.386914253234863,17.03980255126953,59.27042007446289,94.11238098144531,43.89682388305664,17.295141220092773
2022-11-21,29.514381408691406,39.262962341308594,11.427684783935547,17.169157028198242,58.945831298828125,95.1329574584961,43.809688568115234,17.21461296081543
2022-11-22,30.927053451538086,39.51472091674805,11.519417762756348,17.11996841430664,59.01468276977539,95.31416320800781,43.97523880004883,17.422487258911133
2022-11-23,31.00505828857422,39.72983932495117,11.582271575927734,17.18008804321289,59.8113899230957,95.41909790039062,43.739986419677734,17.746479034423828
2022-11-24,31.148054122924805,39.93123245239258,11.650222778320312,17.351343154907227,59.791717529296875,95.72431945800781,44.02751922607422,17.896303176879883
2022-11-25,31.364717483520508,39.9632682800293,11.674007415771484,17.36409568786621,59.5753288269043,96.08675384521484,43.95780944824219,17.924396514892578
2022-11-28,30.922719955444336,39.67491149902344,11.526213645935059,17.207412719726562,58.955665588378906,96.35382080078125,43.618003845214844,17.92814064025879
2022-11-29,31.434053421020508,39.58335876464844,11.702884674072266,17.021587371826172,58.217987060546875,96.14399719238281,43.94038391113281,17.853227615356445
2022-11-30,31.988719940185547,39.885459899902344,11.733464241027832,17.03251838684082,58.778621673583984,96.5064468383789,44.74199295043945,18.05361557006836
2022-12-01,31.663721084594727,40.26078796386719,11.606056213378906,17.362268447875977,60.52939987182617,97.51747131347656,44.77684783935547,18.240894317626953
2022-12-02,31.325719833374023,40.17839813232422,11.612850189208984,17.274822235107422,60.14580154418945,97.4983901977539,44.54159164428711,18.20156478881836
2022-12-05,31.273725509643555,39.9907341003418,11.57377815246582,17.176443099975586,59.899906158447266,97.00240325927734,44.759422302246094,18.113542556762695
2022-12-06,30.987720489501953,39.78476333618164,11.526213645935059,17.07806396484375,58.945831298828125,95.93415069580078,44.26276779174805,18.047998428344727
2022-12-07,30.38971710205078,39.546749114990234,11.45146656036377,16.863086700439453,58.49338912963867,96.73533630371094,43.844539642333984,17.933757781982422
2022-12-08,30.446054458618164,39.48723602294922,11.417491912841797,16.773813247680664,58.847476959228516,96.7544174194336,43.421958923339844,18.0199031829834
2022-12-09,30.424388885498047,39.87630081176758,11.544899940490723,16.910449981689453,59.4376335144043,97.4983901977539,43.80097579956055,18.338279724121094
2022-12-12,30.498056411743164,39.66117858886719,11.497333526611328,16.819358825683594,59.054039001464844,97.19318389892578,43.58315658569336,18.2334041595459
2022-12-13,31.00505828857422,40.160091400146484,11.633235931396484,16.899520874023438,61.02118682861328,98.0134506225586,43.90552520751953,18.46187973022461
2022-12-14,30.86638641357422,40.17839813232422,11.606056213378906,16.884944915771484,60.49005126953125,98.62389373779297,43.94038391113281,18.186588287353516
2022-12-15,30.259723663330078,39.03168487548828,11.29517936706543,16.60438346862793,57.64751434326172,96.25843811035156,42.82075119018555,17.709022521972656
2022-12-16,29.718050003051758,38.54912185668945,11.415790557861328,16.188995361328125,56.634429931640625,94.9994125366211,42.51578140258789,17.373798370361328
2022-12-19,30.207719802856445,38.622657775878906,11.415790557861328,16.26369285583496,56.378700256347656,94.74188995361328,42.903526306152344,17.325105667114258
2022-12-20,30.320384979248047,38.51695251464844,11.616249084472656,16.168956756591797,55.72953414916992,94.3698959350586,42.25438690185547,17.237085342407227
2022-12-21,30.909725189208984,39.1695556640625,11.789523124694824,16.336566925048828,56.74262237548828,95.53355407714844,42.85124588012695,17.536727905273438
2022-12-22,30.77105140686035,38.82487106323242,11.770837783813477,16.261869430541992,55.355777740478516,95.2569351196289,41.74467086791992,17.302631378173828
2022-12-23,30.987720489501953,38.82487106323242,11.774234771728516,16.2691593170166,55.080379486083984,95.15201568603516,41.98863983154297,17.259557723999023
2022-12-27,31.087387084960938,38.91679000854492,11.798015594482422,16.311063766479492,54.88365936279297,94.95172882080078,42.19775390625,17.323230743408203
2022-12-28,30.79705047607422,38.820274353027344,11.786126136779785,16.283735275268555,54.35252380371094,94.88496398925781,41.95813751220703,17.141571044921875
2022-12-29,30.87505531311035,39.10980987548828,11.838787078857422,16.46045684814453,55.46397018432617,95.85784149169922,42.541927337646484,17.20337677001953
2022-12-30,30.576053619384766,38.728355407714844,11.75894546508789,16.23454475402832,54.68693161010742,95.19017791748047,42.27182388305664,17.0385684967041
2023-01-02,31.226049423217773,39.18334197998047,11.996774673461914,16.444053649902344,55.44430160522461,96.04859924316406,43.430667877197266,17.370052337646484
2023-01-03,30.810056686401367,39.385555267333984,12.1411714553833,16.50600242614746,56.05412292480469,96.65901947021484,43.809688568115234,17.54234504699707
2023-01-04,29.878381729125977,40.01057815551758,12.472432136535645,16.779277801513672,57.618011474609375,97.3839340209961,44.8726921081543,17.974956512451172
2023-01-05,30.11238670349121,39.89568328857422,12.589648246765137,16.88312530517578,57.80488204956055,96.65901947021484,45.22993087768555,18.094816207885742
2023-01-06,30.667057037353516,40.401222229003906,12.694973945617676,17.04344940185547,58.80813980102539,97.30762481689453,45.56974411010742,18.38884925842285
2023-01-09,30.801387786865234,40.66317367553711,12.681382179260254,17.141830444335938,60.71628189086914,97.2122573852539,46.17966842651367,18.802730560302734
2023-01-10,30.5933837890625,40.45635986328125,12.655900001525879,17.068952560424805,60.41136169433594,96.71626281738281,46.21451950073242,18.793363571166992
2023-01-11,30.914052963256836,40.64479446411133,12.6491060256958,17.090818405151367,61.1982307434082,96.08675384521484,46.56303787231445,18.722200393676758
2023-01-12,31.217384338378906,40.865379333496094,12.78500747680664,17.336763381958008,61.40478515625,95.66708374023438,47.042266845703125,19.004053115844727
2023-01-13,31.29104995727539,41.10895538330078,12.892029762268066,17.320369720458984,62.15230178833008,97.04055786132812,46.240657806396484,19.078968048095703
2023-01-16,31.122831344604492,41.29279708862305,12.90697956085205,17.428251266479492,62.14760208129883,97.98619079589844,46.397499084472656,19.032007217407227
2023-01-17,31.324357986450195,41.44904327392578,12.87456226348877,17.4227352142334,62.33470916748047,98.19630432128906,46.55432891845703,19.182085037231445
2023-01-18,31.447025299072266,41.522579193115234,12.924040794372559,17.284927368164062,63.0240364074707,98.11990356445312,46.40620040893555,19.35561752319336
2023-01-19,30.78111457824707,40.89755630493164,12.746602058410645,17.15814781188965,61.17270278930664,97.33675384521484,45.404197692871094,19.44472312927246
2023-01-20,30.951974868774414,41.04002380371094,12.866032600402832,17.262880325317383,61.37950134277344,96.82105255126953,45.473899841308594,19.697980880737305
2023-01-23,31.092164993286133,41.26521682739258,12.915512084960938,17.312488555908203,62.689212799072266,96.78284454345703,46.057682037353516,19.74019432067871
2023-01-24,30.724157333374023,41.20087814331055,13.00764274597168,17.268386840820312,62.70891571044922,95.78962707519531,46.0663948059082,20.030973434448242
2023-01-25,30.465681076049805,41.10436248779297,12.995699882507324,17.248180389404297,62.40364456176758,95.69410705566406,46.022823333740234,19.974693298339844
2023-01-26,30.689109802246094,41.237632751464844,13.208967208862305,17.272064208984375,63.13235855102539,95.15928649902344,46.432342529296875,19.97000503540039
2023-01-27,30.960731506347656,41.38929748535156,13.277214050292969,17.36026382446289,63.51640701293945,95.28346252441406,46.96385192871094,19.951248168945312
2023-01-30,30.838064193725586,41.28819274902344,13.273802757263184,17.393335342407227,62.46272659301758,95.50311279296875,46.44977569580078,19.712053298950195
2023-01-31,30.71978187561035,41.19168472290039,13.345460891723633,17.35474967956543,62.53165054321289,94.93965148925781,46.876712799072266,19.590116500854492
2023-02-01,30.421865463256836,41.131935119628906,13.45635986328125,17.327190399169922,63.01417541503906,93.65035247802734,47.486637115478516,19.60418128967285
2023-02-02,29.99252700805664,41.72938919067383,13.345460891723633,17.628528594970703,65.978271484375,93.32563781738281,49.62135696411133,20.462453842163086
2023-02-03,30.27729606628418,41.88563919067383,13.36081314086914,17.341890335083008,66.2737045288086,94.73905944824219,49.39481735229492,20.443693161010742
2023-02-06,30.027572631835938,41.53636169433594,13.278919219970703,17.244503021240234,65.15109252929688,95.36940002441406,48.99401092529297,20.265474319458008
2023-02-07,30.921302795410156,41.62828063964844,13.452946662902832,17.30330467224121,64.89506530761719,96.0188217163086,49.26411819458008,20.120086669921875
2023-02-08,31.42512321472168,41.7431755065918,13.52289867401123,17.46683692932129,64.64887237548828,97.03117370605469,49.21183776855469,20.2232608795166
2023-02-09,31.959609985351562,41.99593734741211,13.729342460632324,17.49807357788086,65.35789489746094,96.99295043945312,50.013450622558594,20.026281356811523
2023-02-10,32.73066329956055,41.60530090332031,13.557021141052246,17.536659240722656,63.85122299194336,96.40084838867188,49.037574768066406,19.20553207397461
2023-02-13,32.61238098144531,41.991336822509766,13.638916015625,17.60097312927246,64.61932373046875,97.08846282958984,49.12470626831055,19.529142379760742
2023-02-14,32.73505401611328,42.00053024291992,13.674744606018066,17.871074676513672,64.59962463378906,97.22216796875,49.255409240722656,19.73550033569336
2023-02-15,32.60361862182617,42.19355392456055,13.615030288696289,17.981325149536133,65.20034790039062,97.27947235107422,49.94374465942383,19.998146057128906
2023-02-16,32.91905212402344,42.25330352783203,13.879484176635742,18.122806549072266,65.01322174072266,96.24803924560547,50.17899703979492,20.073184967041016
2023-02-17,32.301334381103516,42.17057800292969,13.83682632446289,18.240402221679688,64.01862335205078,96.99295043945312,50.40553283691406,20.134153366088867
2023-02-20,32.29694747924805,42.2395133972168,13.804412841796875,18.284503936767578,63.64441680908203,97.2985610961914,50.544944763183594,20.09194564819336
2023-02-21,32.055992126464844,42.12461471557617,13.913604736328125,18.234891891479492,62.62029266357422,97.89068603515625,50.05701446533203,20.209192276000977
2023-02-22,31.62665367126465,42.02351760864258,13.674744606018066,18.324926376342773,62.452880859375,97.62328338623047,50.039588928222656,20.030973434448242
2023-02-23,31.942087173461914,42.028106689453125,13.818060874938965,18.21468162536621,62.7483024597168,97.0502700805664,50.527530670166016,20.181049346923828
2023-02-24,31.858844757080078,41.55015182495117,13.751522064208984,18.172420501708984,61.55674743652344,96.32444763183594,49.11599349975586,19.538522720336914
2023-02-27,32.26190185546875,42.097042083740234,13.975027084350586,18.34330177307129,62.55135726928711,96.45814514160156,49.94374465942383,20.026281356811523
2023-02-28,32.169898986816406,41.917808532714844,14.166112899780273,18.20733070373535,62.18699645996094,95.00650024414062,49.87404251098633,19.937170028686523
2023-03-01,32.055992126464844,41.66505432128906,13.942609786987305,18.11545753479004,62.02943801879883,94.09922790527344,50.33583450317383,19.791784286499023
2023-03-02,32.53351974487305,41.88104248046875,13.917016983032227,18.10994529724121,61.90141677856445,94.75819396972656,50.38811492919922,19.76833724975586
2023-03-03,32.42399978637695,42.27627182006836,14.099574089050293,18.358001708984375,62.98463821411133,95.25479888916016,52.191741943359375,19.993453979492188
2023-03-06,32.559814453125,42.22572708129883,14.183174133300781,18.489377975463867,63.37854766845703,94.88233184814453,52.287574768066406,20.387413024902344
2023-03-07,32.30570983886719,41.89482879638672,14.004032135009766,18.317577362060547,62.32486343383789,94.75819396972656,51.991329193115234,20.34989356994629
2023-03-08,32.24875259399414,41.9407844543457,14.091044425964355,18.402097702026367,62.88616943359375,94.02281951904297,52.23529815673828,20.251401901245117
2023-03-09,32.17866134643555,41.848873138427734,13.918724060058594,18.46640968322754,62.935401916503906,94.35708618164062,51.529537200927734,20.054424285888672
2023-03-10,31.928945541381836,41.30657196044922,13.381287574768066,18.354326248168945,62.06882095336914,93.71720886230469,50.66693878173828,19.857444763183594
2023-03-13,30.610254287719727,40.23116683959961,12.552101135253906,18.098920822143555,60.60155487060547,93.03912353515625,48.81975173950195,19.135183334350586
2023-03-14,31.092164993286133,40.89755630493164,12.913804054260254,18.23856544494629,61.88172912597656,93.74586486816406,49.333824157714844,19.655776977539062
2023-03-15,28.984888076782227,39.66665267944336,11.992487907409668,18.09157371520996,60.39474868774414,93.76495361328125,47.61733627319336,18.90068244934082
2023-03-16,28.752695083618164,40.219818115234375,12.142627716064453,18.06584358215332,62.12791442871094,94.1851806640625,48.096553802490234,19.388444900512695
2023-03-17,28.691360473632812,39.76345443725586,11.869645118713379,17.84718894958496,62.157447814941406,94.02281951904297,47.26009750366211,19.111736297607422
2023-03-20,29.033079147338867,40.09995651245117,12.012960433959961,18.104433059692383,62.53165054321289,94.03236389160156,47.37336730957031,19.388444900512695
2023-03-21,29.738422393798828,40.60703659057617,12.461675643920898,18.177932739257812,62.67937469482422,94.68179321289062,48.3492431640625,19.848060607910156
2023-03-22,29.782236099243164,40.708438873291016,12.448027610778809,18.049306869506836,62.92556381225586,94.69132995605469,48.60192108154297,19.75895118713379
2023-03-23,29.479944229125977,40.63469314575195,12.130683898925781,18.075031280517578,64.26480865478516,95.29299926757812,48.384090423583984,19.702672958374023
2023-03-24,28.686979293823242,40.150672912597656,11.724623680114746,17.90598487854004,62.817230224609375,95.94242858886719,47.46921157836914,19.29464340209961
2023-03-27,29.059371948242188,40.5471076965332,11.902061462402344,18.09157371520996,62.94525146484375,97.71879577636719,48.36666488647461,19.524456024169922
2023-03-28,29.611373901367188,40.53327560424805,11.963482856750488,18.07135581970215,62.157447814941406,97.43226623535156,48.4886474609375,19.430652618408203
2023-03-29,29.81728744506836,41.06339645385742,12.185281753540039,18.2257022857666,63.76259994506836,97.87159729003906,48.53221130371094,19.777711868286133
2023-03-30,30.13271713256836,41.50593185424805,12.393430709838867,18.35616111755371,65.4071273803711,98.46371459960938,49.0898551940918,20.13884162902832
2023-03-31,30.15462875366211,41.75485610961914,12.357604026794434,18.526126861572266,65.75179290771484,99.18953704833984,49.32510757446289,20.3358211517334
2023-04-03,31.337501525878906,41.74563217163086,12.429258346557617,18.53072166442871,65.09201049804688,98.86481475830078,49.255409240722656,20.124774932861328
2023-04-04,30.91254234313965,41.676490783691406,12.4275541305542,18.507749557495117,65.1116943359375,98.96031951904297,49.22926330566406,20.082563400268555
2023-04-05,31.02644920349121,41.74102783203125,12.37636947631836,18.875246047973633,64.00878143310547,100.69847869873047,48.218544006347656,20.096633911132812
2023-04-06,31.19731330871582,41.98072814941406,12.622052192687988,19.063581466674805,64.17617797851562,101.94001770019531,48.13140869140625,20.4014835357666
2023-04-11,31.394453048706055,42.17433547973633,12.637407302856445,19.0130558013916,64.19588470458984,101.76812744140625,48.985294342041016,20.53280258178711
2023-04-12,31.451416015625,42.271141052246094,12.683476448059082,19.036020278930664,63.62472152709961,102.28384399414062,49.272830963134766,20.11539077758789
2023-04-13,31.451416015625,42.473968505859375,12.710773468017578,18.99927520751953,63.9792366027832,103.14335632324219,49.51680374145508,20.34050941467285
2023-04-14,31.50835609436035,42.71827697753906,13.0878324508667,18.990089416503906,64.12694549560547,103.71637725830078,50.17899703979492,20.265474319458008
2023-04-17,31.487905502319336,42.672183990478516,12.92099380493164,19.088342666625977,63.48676300048828,104.1100082397461,49.675106048583984,20.552963256835938
2023-04-18,31.45684814453125,42.893455505371094,13.079983711242676,18.954307556152344,64.04885864257812,103.74618530273438,49.89575958251953,20.994558334350586
2023-04-19,31.172893524169922,42.838138580322266,13.17401123046875,18.921953201293945,62.75704574584961,103.1908950805664,49.7810173034668,21.05562973022461
2023-04-20,30.90669059753418,42.7597770690918,13.081690788269043,18.74632453918457,62.58940124511719,103.2674789428711,47.953956604003906,20.933488845825195
2023-04-21,30.897817611694336,42.9349479675293,13.004762649536133,18.713972091674805,63.16136169433594,105.08658599853516,48.12165451049805,21.050933837890625
2023-04-24,31.14627456665039,42.97182083129883,13.047501564025879,18.561452865600586,62.54010009765625,105.16316986083984,48.43057632446289,21.003952026367188
2023-04-25,30.78246307373047,42.84735107421875,12.760293960571289,18.589183807373047,62.22453308105469,105.79508972167969,48.112823486328125,21.102609634399414
2023-04-26,30.902250289916992,42.50624084472656,12.787647247314453,18.7786808013916,61.81036376953125,103.2674789428711,47.998085021972656,21.121397018432617
2023-04-27,30.547304153442383,42.561553955078125,12.951766967773438,18.857250213623047,62.13578796386719,103.01854705810547,48.059871673583984,20.961671829223633
2023-04-28,31.181766510009766,42.87040710449219,12.768840789794922,18.861873626708984,62.766910552978516,103.66959381103516,48.589454650878906,21.168378829956055
2023-05-02,29.73981285095215,42.35872268676758,12.596171379089355,18.524477005004883,62.78662872314453,103.55470275878906,48.02457046508789,20.96637535095215
2023-05-03,29.50022315979004,42.570770263671875,12.539756774902344,18.561452865600586,62.924686431884766,104.2632064819336,48.07752227783203,20.90999412536621
2023-05-04,29.615583419799805,42.363338470458984,12.360251426696777,18.49212074279785,62.53023910522461,104.1291732788086,48.271697998046875,20.71738624572754
2023-05-05,30.4896297454834,42.842750549316406,12.720973014831543,18.607667922973633,63.30927276611328,104.89510345458984,49.53388595581055,20.844226837158203
2023-05-08,30.644916534423828,43.03174591064453,12.8320951461792,18.59380340576172,63.526222229003906,105.73762512207031,49.58683395385742,21.04153823852539
2023-05-09,30.298847198486328,42.86579895019531,12.770550727844238,18.561452865600586,62.737327575683594,105.31636810302734,49.63097381591797,21.25763511657715
2023-05-10,30.41420555114746,42.68601989746094,12.697038650512695,18.45977020263672,63.56566619873047,104.85680389404297,49.82515335083008,21.11200523376465
2023-05-11,30.028202056884766,42.73210906982422,12.710713386535645,18.3784236907959,63.36845397949219,105.37380981445312,49.76336669921875,21.21065902709961
2023-05-12,30.476322174072266,42.94877243041992,12.809870719909668,18.404306411743164,63.66427993774414,106.12059783935547,49.89575958251953,21.154281616210938
2023-05-15,30.609420776367188,43.05940628051758,12.890220642089844,18.538341522216797,63.84178924560547,106.15890502929688,49.9222412109375,21.37508201599121
2023-05-16,30.352088928222656,42.86579895019531,12.828675270080566,18.38397216796875,64.32498931884766,105.64188385009766,49.41914367675781,21.43145751953125
2023-05-17,30.511810302734375,42.81047058105469,12.86457633972168,18.239763259887695,64.69971466064453,104.8759536743164,49.728065490722656,21.671045303344727
2023-05-18,30.649356842041016,43.017921447753906,13.026987075805664,18.178760528564453,66.46488189697266,105.39295196533203,50.937286376953125,21.7462100982666
2023-05-19,30.746965408325195,43.30371856689453,13.03211498260498,18.2637996673584,66.82974243164062,106.35037994384766,51.43156433105469,21.821374893188477
2023-05-22,30.644916534423828,43.31755065917969,13.160335540771484,18.241615295410156,67.04669952392578,106.2737808227539,51.56395721435547,21.957612991333008
2023-05-23,30.93330955505371,43.073238372802734,13.225298881530762,18.346994400024414,66.17890930175781,105.46955871582031,51.369773864746094,21.835468292236328
2023-05-24,30.715909957885742,42.294189453125,12.89363956451416,18.195396423339844,64.5517807006836,103.99513244628906,50.12525177001953,21.23884391784668
2023-05-25,29.974958419799805,42.12363052368164,12.919281959533691,17.886655807495117,65.66609954833984,103.21002960205078,50.045814514160156,21.271726608276367
2023-05-26,30.17905044555664,42.649131774902344,13.0013427734375,17.890352249145508,67.61864471435547,104.18661499023438,51.02554702758789,21.534809112548828
2023-05-29,30.30771827697754,42.579994201660156,12.950055122375488,17.901445388793945,67.20448303222656,104.60787200927734,50.822540283203125,21.4267578125
2023-05-30,29.59339714050293,42.18815994262695,12.803031921386719,17.731359481811523,67.56932830810547,102.59728240966797,50.69895935058594,21.4079647064209
2023-05-31,29.043230056762695,41.73180389404297,12.60814094543457,17.718420028686523,67.22418212890625,102.34835815429688,49.42796325683594,21.276426315307617
2023-06-01,29.562339782714844,42.105186462402344,12.820127487182617,17.783126831054688,68.0328140258789,102.57813262939453,50.045814514160156,21.4267578125
2023-06-02,30.192363739013672,42.70906448364258,13.098788261413574,17.29875373840332,68.40755462646484,103.40151977539062,51.46686553955078,21.675743103027344
2023-06-05,30.10806655883789,42.51546859741211,13.003052711486816,17.450349807739258,68.0821304321289,103.63129425048828,51.52865219116211,21.44085121154785
2023-06-06,30.054819107055664,42.70445251464844,13.143238067626953,17.27657127380371,67.99337005615234,104.49298858642578,51.56395721435547,21.4267578125
2023-06-07,30.34321403503418,42.62609100341797,13.20991325378418,17.269176483154297,68.07225799560547,103.152587890625,51.71400833129883,21.299915313720703
2023-06-08,30.37427520751953,42.63070297241211,13.256070137023926,17.176738739013672,67.88489532470703,103.34407043457031,52.2612419128418,21.318706512451172
2023-06-09,30.36539649963379,42.55233383178711,13.201364517211914,17.2044677734375,68.0328140258789,102.82707977294922,52.13767623901367,21.379779815673828
2023-06-12,30.0015811920166,42.59382629394531,13.151784896850586,17.034381866455078,68.80199432373047,102.69303894042969,52.9232292175293,21.487829208374023
2023-06-13,30.352088928222656,42.87501907348633,13.237264633178711,17.006650924682617,69.77825164794922,102.48241424560547,53.470462799072266,21.811979293823242
2023-06-14,30.39202117919922,43.03635787963867,13.380868911743164,17.084300994873047,69.84729766845703,102.08029174804688,53.9912223815918,21.581787109375
2023-06-15,30.431943893432617,42.97148895263672,13.268035888671875,17.16194725036621,69.38380432128906,102.44410705566406,53.72643280029297,21.572389602661133
2023-06-16,30.445261001586914,43.19993591308594,13.380868911743164,17.22850227355957,69.27533721923828,103.38239288330078,53.83235168457031,21.811979293823242
2023-06-19,30.383146286010742,42.766357421875,13.384288787841797,17.145307540893555,68.92033386230469,101.81219482421875,53.49694061279297,21.591184616088867
2023-06-20,29.979394912719727,42.49127960205078,13.348387718200684,17.062114715576172,68.16102600097656,101.67815399169922,52.746700286865234,21.54420280456543
2023-06-21,30.321029663085938,42.28614044189453,13.380868911743164,16.893875122070312,67.08613586425781,101.14199829101562,52.41129684448242,21.41267204284668
2023-06-22,29.935029983520508,42.10432052612305,13.117592811584473,16.83286476135254,67.14530181884766,100.98883056640625,51.7669677734375,21.23884391784668
2023-06-23,29.26507568359375,41.9224967956543,12.93295955657959,16.940095901489258,66.17890930175781,101.65901947021484,51.56395721435547,20.942880630493164
2023-06-26,29.495790481567383,41.913169860839844,12.992795944213867,16.921606063842773,66.385986328125,100.52926635742188,51.643394470214844,20.877111434936523
2023-06-27,29.185213088989258,41.945804595947266,13.121013641357422,17.032533645629883,66.58320617675781,99.28461456298828,51.56395721435547,21.065025329589844
2023-06-28,29.313879013061523,42.23952102661133,13.175721168518066,17.16009521484375,67.845458984375,100.28032684326172,52.33185958862305,21.318706512451172
2023-06-29,29.389305114746094,42.290802001953125,13.350095748901367,17.219257354736328,67.9736557006836,100.14629364013672,53.055625915527344,21.163681030273438
2023-06-30,29.75311851501465,42.78500747680664,13.5193452835083,17.267324447631836,68.6244888305664,101.58241271972656,53.52342987060547,21.44085121154785
2023-07-03,30.21898078918457,42.701080322265625,13.669787406921387,17.33942985534668,68.24976348876953,99.55268096923828,53.470462799072266,21.25293731689453
2023-07-04,30.30771827697754,42.7430419921875,13.596277236938477,17.33942985534668,68.55546569824219,100.06968688964844,53.16154479980469,21.332799911499023
2023-07-05,29.824108123779297,42.41202926635742,13.515926361083984,17.24698829650879,67.62852478027344,100.39521789550781,53.37337875366211,21.177772521972656
2023-07-06,29.007741928100586,41.404991149902344,13.21162223815918,17.021440505981445,65.58723449707031,98.30802917480469,51.96113967895508,20.32746696472168
2023-07-07,29.256202697753906,41.49357223510742,13.322744369506836,16.934551239013672,66.0309829711914,97.2357177734375,52.38481521606445,20.552963256835938
2023-07-10,29.358245849609375,41.59614562988281,13.307357788085938,16.87908935546875,66.42543029785156,97.36975860595703,52.402462005615234,20.820737838745117
2023-07-11,29.77086639404297,41.87120819091797,13.435576438903809,16.923460006713867,66.33668518066406,97.33146667480469,52.58782958984375,21.083816528320312
2023-07-12,30.1435546875,42.519248962402344,13.67149829864502,17.16194725036621,68.04267120361328,97.94422149658203,53.17036819458008,21.25763511657715
2023-07-13,30.174619674682617,42.78965759277344,13.791169166564941,17.245140075683594,69.23589324951172,98.26974487304688,53.338069915771484,21.459646224975586
2023-07-14,29.57564926147461,42.74769973754883,13.709107398986816,17.017744064331055,70.01493835449219,98.71015930175781,53.28511428833008,21.318706512451172
2023-07-17,29.475902557373047,42.46796417236328,13.796162605285645,16.916851043701172,69.09913635253906,98.85771179199219,53.16453552246094,21.03797721862793
2023-07-18,29.766584396362305,42.75703048706055,13.923624992370605,16.74057960510254,69.030029296875,100.0375747680664,53.26537322998047,21.07570457458496
2023-07-19,30.088581085205078,42.83628845214844,13.928936958312988,16.87232208251953,68.80299377441406,100.54047393798828,53.33871841430664,21.137012481689453
2023-07-20,30.43293571472168,43.05074691772461,14.024535179138184,17.00963020324707,67.16434478759766,102.28128814697266,53.26537322998047,20.896501541137695
2023-07-21,30.683374404907227,43.16263961791992,14.044008255004883,17.013343811035156,66.81886291503906,102.61007690429688,53.18286895751953,20.934223175048828
2023-07-24,31.139535903930664,43.204593658447266,14.10420036315918,17.2508487701416,66.3252944946289,102.18455505371094,53.687103271484375,20.849334716796875
2023-07-25,31.027732849121094,43.43304443359375,14.175010681152344,17.17477035522461,67.1248779296875,102.47467803955078,53.51291275024414,20.703144073486328
2023-07-26,30.906982421875,43.16263961791992,14.137834548950195,17.15435791015625,66.3252944946289,101.3721923828125,53.247047424316406,20.868202209472656
2023-07-27,30.72362518310547,43.73142623901367,14.215729713439941,17.254558563232422,69.17809295654297,102.51336669921875,54.55804443359375,21.236045837402344
2023-07-28,30.486597061157227,43.680145263671875,14.235203742980957,17.276823043823242,68.89183044433594,102.04914855957031,55.0531120300293,21.17945671081543
2023-07-31,30.848846435546875,43.7081184387207,14.258217811584473,17.09312629699707,68.9411849975586,103.15167236328125,54.778076171875,21.344512939453125
2023-08-01,30.58051872253418,43.26520538330078,14.11836051940918,16.95767593383789,68.54634094238281,102.55205535888672,53.85211944580078,21.033262252807617
2023-08-02,30.088581085205078,42.77100372314453,13.858123779296875,16.657081604003906,67.30255126953125,101.62364196777344,53.577091217041016,20.599393844604492
2023-08-03,30.334545135498047,42.51459884643555,13.98027515411377,16.452970504760742,66.18709564208984,100.50178527832031,53.06368637084961,20.443761825561523
2023-08-04,30.78623390197754,42.635807037353516,14.056401252746582,16.477094650268555,66.09825134277344,100.05693054199219,53.17369842529297,20.797460556030273
2023-08-07,30.661012649536133,42.687095642089844,14.141375541687012,16.401016235351562,66.246337890625,100.6952133178711,52.94449996948242,20.844619750976562
2023-08-08,30.549209594726562,42.56121063232422,13.76075553894043,16.298961639404297,65.37767028808594,104.08008575439453,52.16523742675781,20.72200584411621
2023-08-09,31.237918853759766,42.761688232421875,13.88113784790039,16.471527099609375,65.53558349609375,104.42826080322266,51.91770553588867,20.538082122802734
2023-08-10,31.331838607788086,43.12067794799805,14.077646255493164,16.621826171875,66.50298309326172,104.64102172851562,52.40359878540039,20.839906692504883
2023-08-11,31.193201065063477,42.62648391723633,13.959033012390137,16.495649337768555,65.11112213134766,103.88665771484375,51.43180465698242,20.396602630615234
2023-08-14,30.94723129272461,42.701080322265625,13.976737976074219,16.579151153564453,65.42700958251953,104.08008575439453,51.468475341796875,20.340011596679688
2023-08-15,30.692323684692383,42.290802001953125,13.787310600280762,16.452970504760742,65.00253295898438,103.48046875,50.890899658203125,20.193817138671875
2023-08-16,30.683374404907227,42.2814826965332,13.711186408996582,16.408435821533203,64.86434936523438,103.53851318359375,51.074256896972656,20.08063507080078
2023-08-17,30.76387596130371,41.8945198059082,13.712956428527832,16.38988494873047,63.709407806396484,103.40310668945312,50.57001876831055,19.769376754760742
2023-08-18,30.710208892822266,41.66607666015625,13.62444019317627,16.39545249938965,63.75874710083008,102.20390319824219,50.13912582397461,19.571306228637695
2023-08-21,30.889095306396484,41.71269607543945,13.645685195922852,16.349063873291016,63.97592544555664,102.66812896728516,50.716705322265625,19.60903549194336
2023-08-22,31.005367279052734,41.969120025634766,13.659847259521484,16.382463455200195,65.19996643066406,103.28706359863281,50.890899658203125,19.802387237548828
2023-08-23,30.687847137451172,42.132293701171875,13.612048149108887,16.5290470123291,65.66390991210938,104.38955688476562,50.670867919921875,19.97216796875
2023-08-24,30.76835060119629,41.969120025634766,13.62444019317627,16.452970504760742,64.1141128540039,103.71257781982422,50.157466888427734,19.788240432739258
2023-08-25,30.87567901611328,41.98776626586914,13.613818168640137,16.462247848510742,63.78836441040039,103.57719421386719,50.28581237792969,19.769376754760742
2023-08-28,31.206619262695312,42.4493293762207,13.852813720703125,16.636667251586914,64.94331359863281,104.1961441040039,50.58835983276367,20.02876091003418
2023-08-29,31.345256805419922,42.75236129760742,13.913005828857422,16.814800262451172,65.72315216064453,104.66035461425781,51.17510223388672,20.1655216217041
2023-08-30,31.3363094329834,42.66844177246094,13.90415096282959,16.833356857299805,65.47635650634766,104.2541732788086,50.97340393066406,20.033475875854492
2023-08-31,31.30500602722168,42.579864501953125,13.753673553466797,16.929841995239258,65.54546356201172,103.71257781982422,50.964237213134766,20.09949493408203
2023-09-01,31.917688369750977,42.58918762207031,13.74659252166748,16.974376678466797,65.59481048583984,104.37020874023438,49.68989944458008,20.1136474609375
2023-09-04,31.890851974487305,42.55188751220703,13.727120399475098,16.916851043701172,65.83172607421875,104.31219482421875,49.827423095703125,20.21739387512207
2023-09-05,32.27545928955078,42.46796417236328,13.6793212890625,17.00220489501953,65.96004486083984,104.1574478149414,50.31332778930664,20.12779426574707
2023-09-06,32.19496154785156,42.22553253173828,13.465110778808594,17.013343811035156,65.77249908447266,103.24838256835938,50.13912582397461,19.920289993286133
2023-09-07,32.199432373046875,42.21621322631836,13.365972518920898,17.094985961914062,64.58794403076172,104.69905090332031,49.699073791503906,19.882564544677734
2023-09-08,32.30229568481445,42.30479049682617,13.376593589782715,17.083850860595703,64.49909973144531,104.52495574951172,49.836585998535156,20.123077392578125
2023-09-11,32.47223663330078,42.439998626708984,13.53415298461914,17.24713706970215,64.05489349365234,104.5442886352539,50.38665771484375,20.123077392578125
2023-09-12,32.60639953613281,42.32344055175781,13.608506202697754,17.37331199645996,63.63042449951172,104.56365203857422,50.780887603759766,20.12779426574707
2023-09-13,32.44987487792969,42.21621322631836,13.693483352661133,17.35475730895996,63.40339279174805,103.96403503417969,50.75338363647461,20.12779426574707
2023-09-14,33.245906829833984,42.83628845214844,13.960803031921387,17.52175521850586,64.04501342773438,105.56942749023438,50.48750686645508,20.36830711364746
2023-09-15,33.268280029296875,42.95368576049805,13.94841194152832,17.488357543945312,63.18622589111328,105.82087707519531,51.248443603515625,20.56637954711914
2023-09-18,33.06256103515625,42.487667083740234,13.714727401733398,17.492067337036133,62.35702896118164,103.98338317871094,50.432498931884766,20.207965850830078
2023-09-19,33.43374252319336,42.454715728759766,13.861664772033691,17.571853637695312,61.99178695678711,103.40310668945312,50.94590377807617,20.07120132446289
2023-09-20,33.28615951538086,42.87836837768555,14.095346450805664,17.75740623474121,62.435997009277344,105.25994873046875,51.954368591308594,20.245691299438477
2023-09-21,33.03572463989258,42.28996276855469,14.084726333618164,17.633089065551758,61.606815338134766,102.76482391357422,51.074256896972656,19.62318229675293
2023-09-22,33.09386444091797,42.144039154052734,13.98027515411377,17.553298950195312,62.02140426635742,102.70679473876953,50.982574462890625,19.486417770385742
2023-09-25,33.06256103515625,41.8851432800293,13.911233901977539,17.27497100830078,61.64630126953125,102.84217834472656,50.47834777832031,18.929935455322266
2023-09-26,32.86578369140625,41.593292236328125,13.888218879699707,17.17106056213379,60.47160720825195,102.80351257324219,49.827423095703125,18.878055572509766
2023-09-27,33.36666488647461,41.536808013916016,13.928936958312988,16.96695327758789,60.80723190307617,102.55205535888672,49.74491500854492,18.868627548217773
2023-09-28,33.550018310546875,41.71568298339844,14.097118377685547,16.926132202148438,61.132991790771484,102.33929443359375,50.26748275756836,18.95823097229004
2023-09-29,33.13410186767578,41.856895446777344,14.11305046081543,16.985509872436523,61.77462387084961,102.43599700927734,50.249141693115234,18.901639938354492
2023-10-02,32.61534118652344,41.44265365600586,13.925395965576172,16.940977096557617,61.695655822753906,101.72034454345703,50.21247100830078,18.79411506652832
2023-10-03,32.26205062866211,40.95781707763672,13.794390678405762,16.686767578125,60.78749084472656,100.55982208251953,49.42403793334961,18.543224334716797
2023-10-04,31.559917449951172,40.906028747558594,13.755444526672363,16.612545013427734,61.53771209716797,100.8886489868164,49.43320083618164,18.397974014282227
2023-10-05,31.577804565429688,41.0472526550293,13.817404747009277,16.67007064819336,61.142852783203125,101.43021392822266,49.27735137939453,18.679048538208008
2023-10-06,31.917688369750977,41.41912841796875,14.036927223205566,16.723876953125,62.2681884765625,102.18455505371094,49.58906173706055,18.860139846801758
2023-10-09,32.794227600097656,41.28261184692383,13.83864974975586,16.857479095458984,61.44887161254883,102.0685043334961,49.17650604248047,18.375337600708008
2023-10-10,33.178836822509766,42.11109161376953,14.178552627563477,17.083850860595703,63.08750915527344,103.2290267944336,50.40500259399414,19.104429244995117
2023-10-11,32.9686393737793,42.12991714477539,14.233430862426758,17.080137252807617,62.96904754638672,104.00271606445312,50.707542419433594,19.000673294067383
2023-10-12,33.40243911743164,42.19111633300781,14.201567649841309,17.02076530456543,63.75874710083008,104.85376739501953,50.74420928955078,18.83184051513672
2023-10-13,33.80046081542969,41.75804901123047,13.996210098266602,16.97623062133789,62.12998962402344,104.29283142089844,50.27664566040039,18.41118049621582
2023-10-16,33.994163513183594,41.90397644042969,14.130414962768555,16.9864559173584,62.174781799316406,104.11222839355469,50.58462142944336,18.61005973815918
2023-10-17,34.084815979003906,41.856895446777344,14.110806465148926,16.85661506652832,62.026466369628906,103.8020248413086,50.51115798950195,18.562841415405273
2023-10-18,34.14374542236328,41.3814697265625,14.010981559753418,16.864139556884766,60.57294845581055,102.32855224609375,49.94186782836914,18.311634063720703
2023-10-19,33.894447326660156,40.906028747558594,13.83807373046875,16.610107421875,60.98823928833008,99.7305908203125,48.93183135986328,18.079313278198242
2023-10-20,33.50465393066406,40.350582122802734,13.536819458007812,16.472742080688477,59.56439208984375,99.57549285888672,48.06869888305664,17.67133903503418
2023-10-23,33.26895523071289,40.32232666015625,13.536819458007812,16.31655502319336,59.712711334228516,98.78060150146484,48.15134048461914,17.924434661865234
2023-10-24,33.228172302246094,40.46355056762695,13.390647888183594,16.33537483215332,60.40485382080078,99.846923828125,47.71059799194336,18.0642032623291
2023-10-25,33.16471481323242,40.46826171875,13.404908180236816,16.35230827331543,60.53339767456055,99.90508270263672,47.44430923461914,17.91876983642578
2023-10-26,33.119380950927734,40.30350112915039,13.333606719970703,16.341020584106445,60.68171691894531,98.7418212890625,46.397544860839844,17.69589614868164
2023-10-27,33.17377471923828,39.959877014160156,13.233781814575195,16.36736488342285,60.36530685424805,96.01786041259766,45.9476203918457,17.682674407958984
2023-10-30,33.06952667236328,40.13875198364258,13.264087677001953,16.433223724365234,59.86103057861328,97.03569793701172,45.76856994628906,17.831884384155273
2023-10-31,32.752254486083984,40.38823318481445,13.33004093170166,16.525428771972656,60.64216995239258,97.01631164550781,46.08535385131836,17.748783111572266
2023-11-01,32.851966857910156,40.680084228515625,13.365693092346191,16.627044677734375,61.294769287109375,98.23773193359375,46.58119201660156,18.026430130004883
2023-11-02,33.559043884277344,41.35322570800781,13.499384880065918,16.879194259643555,62.98558044433594,99.11018371582031,48.0319709777832,18.120864868164062
2023-11-03,32.75677490234375,41.40500259399414,13.661599159240723,17.080541610717773,63.64807891845703,98.14080047607422,48.76654815673828,18.436290740966797
2023-11-06,32.997005462646484,41.287322998046875,13.679424285888672,17.044790267944336,63.321773529052734,98.72242736816406,48.60126876831055,18.51750946044922
2023-11-07,32.21287536621094,41.235538482666016,13.606340408325195,16.95258331298828,64.30066680908203,98.66427612304688,48.05033493041992,18.500513076782227
2023-11-08,32.049705505371094,41.35322570800781,13.625947952270508,16.943174362182617,64.45886993408203,99.34284210205078,48.5369873046875,18.66483497619629
2023-11-09,32.30352020263672,41.725093841552734,13.732901573181152,17.04855728149414,65.1609115600586,99.12957000732422,48.472721099853516,18.260635375976562
2023-11-10,32.41231155395508,41.2967414855957,13.643773078918457,16.960113525390625,65.0224838256836,97.71427154541016,47.94933319091797,17.977319717407227
2023-11-13,32.89275360107422,41.61211395263672,13.841638565063477,17.097476959228516,65.50698852539062,98.66427612304688,48.4910774230957,18.258747100830078
2023-11-14,32.82476806640625,42.15816116333008,13.969983100891113,17.076778411865234,66.66387176513672,98.79998779296875,49.74903869628906,18.662944793701172
2023-11-15,32.91994857788086,42.31821060180664,14.071590423583984,17.001510620117188,68.09760284423828,97.94692993164062,50.345882415771484,18.755496978759766
2023-11-16,32.09049987792969,42.05930709838867,14.034156799316406,16.9996280670166,67.72187042236328,98.04386138916016,49.57457733154297,18.455181121826172
2023-11-17,32.64799880981445,42.49238204956055,14.210628509521484,17.091835021972656,68.11737823486328,99.22651672363281,50.01532745361328,18.725271224975586
2023-11-20,33.08312225341797,42.59122848510742,14.264105796813965,17.193449020385742,68.64143371582031,98.8387680053711,50.39179992675781,18.930206298828125
2023-11-21,32.842899322509766,42.54885482788086,14.187456130981445,17.127586364746094,68.09760284423828,99.26528930664062,49.620487213134766,18.732830047607422
2023-11-22,32.29899215698242,42.68067169189453,14.126850128173828,17.266834259033203,69.10617065429688,99.34284210205078,49.90513610839844,19.005754470825195
2023-11-23,32.69786071777344,42.8218879699707,14.223108291625977,17.287532806396484,68.95784759521484,100.07957458496094,49.730674743652344,18.81404685974121
2023-11-24,32.91994857788086,42.958396911621094,14.28014850616455,17.36844825744629,68.84908294677734,100.3897705078125,50.107147216796875,18.798934936523438
2023-11-27,32.76131057739258,42.812469482421875,14.180325508117676,17.375974655151367,68.71064758300781,99.5367202758789,49.868404388427734,18.634614944458008
2023-11-28,32.83837127685547,42.6712532043457,14.239151000976562,17.38726234436035,68.66122436523438,98.06324768066406,49.7857666015625,18.689388275146484
2023-11-29,32.55282211303711,42.85483169555664,14.29619312286377,17.44371795654297,69.8082046508789,98.54794311523438,50.970272064208984,18.651613235473633
2023-11-30,32.82023239135742,43.05253601074219,14.328280448913574,17.48511505126953,69.65989685058594,99.32345581054688,50.832542419433594,18.579837799072266
2023-12-01,33.11484909057617,43.52796936035156,14.465536117553711,17.62624740600586,70.45091247558594,100.17649841308594,51.089637756347656,19.010478973388672
2023-12-04,33.11484909057617,43.52796936035156,14.465536117553711,17.62624740600586,70.45091247558594,100.17649841308594,51.089637756347656,19.010478973388672
2023-12-05,33.11484909057617,43.52796936035156,14.465536117553711,17.62624740600586,70.45091247558594,100.17649841308594,51.089637756347656,19.010478973388672
2023-12-06,33.11484909057617,43.52796936035156,14.465536117553711,17.62624740600586,70.45091247558594,100.17649841308594,51.089637756347656,19.010478973388672
2023-12-07,32.1176872253418,43.79157638549805,14.627751350402832,17.814422607421875,71.07384490966797,99.16835021972656,52.70570755004883,19.614885330200195
2023-12-08,32.56188201904297,44.13521194458008,14.766790390014648,17.852052688598633,71.78577423095703,99.846923828125,53.30254364013672,19.921810150146484
2023-12-11,32.49388885498047,44.22935485839844,14.750748634338379,17.833240509033203,72.14173889160156,99.98263549804688,53.39436340332031,19.940698623657227
2023-12-12,32.06330108642578,44.149330139160156,14.675880432128906,17.746679306030273,72.41859436035156,100.06019592285156,53.128082275390625,20.025693893432617
2023-12-13,31.99530792236328,44.11167526245117,14.631317138671875,17.539684295654297,72.44824981689453,100.87448120117188,52.63224411010742,19.88875961303711
2023-12-14,32.44856643676758,44.492958068847656,14.740050315856934,17.517107009887695,73.08109283447266,100.77754974365234,53.55046463012695,20.318452835083008
2023-12-15,32.23100662231445,44.53514099121094,14.70797061920166,17.355276107788086,73.95121002197266,100.23468017578125,53.89019775390625,20.41288948059082
2023-12-18,32.57548141479492,44.36507034301758,14.683011054992676,17.33269500732422,72.4878158569336,100.75814819335938,53.192359924316406,20.36094856262207
2023-12-19,32.56641387939453,44.53514099121094,14.704400062561035,17.315759658813477,72.84376525878906,101.10713195800781,53.01789093017578,20.743431091308594
2023-12-20,32.79757308959961,44.648521423339844,14.72935676574707,17.49640464782715,72.6262435913086,101.3785629272461,52.93525695800781,20.91341781616211
2023-12-21,32.652530670166016,44.53986740112305,14.713312149047852,17.483234405517578,72.49768829345703,101.32038879394531,52.4945068359375,20.8189754486084
2023-12-22,32.71598434448242,44.615455627441406,14.793530464172363,17.586729049682617,71.89452362060547,101.6305923461914,52.47614669799805,20.74814796447754
2023-12-27,32.95167922973633,44.70049285888672,14.893352508544922,17.515222549438477,72.43836975097656,101.55303955078125,52.4485969543457,20.77648162841797
2023-12-28,32.729583740234375,44.615455627441406,14.795310020446777,17.48134994506836,72.37904357910156,101.96018981933594,52.27413558959961,20.67259979248047
2023-12-29,32.90182113647461,44.714664459228516,14.848791122436523,17.48887825012207,72.39881134033203,102.34794616699219,52.4485969543457,20.69620704650879
2024-01-02,33.04686737060547,44.686317443847656,14.975350379943848,17.718454360961914,70.94529724121094,103.23978424072266,52.760799407958984,20.634822845458984
2024-01-03,33.09672164916992,44.270591735839844,14.839875221252441,17.741031646728516,69.54122161865234,103.89896392822266,51.64057159423828,20.41288948059082
2024-01-04,33.291622161865234,44.60601043701172,15.10191535949707,17.878400802612305,69.3237075805664,105.43061065673828,51.75075149536133,20.346784591674805
2024-01-05,33.26895523071289,44.478458404541016,15.174999237060547,17.884042739868164,69.12593841552734,105.17855834960938,51.7048454284668,20.290119171142578
2024-01-08,32.416831970214844,44.63435745239258,15.230257034301758,17.92920684814453,69.87741088867188,105.58570098876953,52.32923126220703,20.431777954101562
2024-01-09,32.312591552734375,44.53514099121094,15.098346710205078,17.887807846069336,69.79830932617188,106.22550201416016,52.209861755371094,20.318452835083008
2024-01-10,31.963586807250977,44.45954895019531,14.998523712158203,17.80124855041504,69.67965698242188,106.57447052001953,52.053768157958984,20.096525192260742
2024-01-11,31.827606201171875,44.07689666748047,14.715097427368164,17.756086349487305,69.55111694335938,105.50814056396484,51.658931732177734,20.011526107788086
2024-01-12,32.10862350463867,44.49262619018555,14.757880210876465,17.897214889526367,70.26304626464844,106.32243347167969,51.19982147216797,19.97847557067871
2024-01-15,31.959056854248047,44.26586151123047,14.658055305480957,17.983776092529297,69.92686462402344,105.66325378417969,50.75907516479492,20.20040512084961
2024-01-16,31.82101058959961,44.15248107910156,14.511382102966309,18.00604248046875,70.04435729980469,105.5800552368164,50.641136169433594,20.175081253051758
2024-01-17,31.210742950439453,43.6800651550293,14.389238357543945,17.903627395629883,69.61869812011719,104.92044067382812,49.64925765991211,20.047449111938477
2024-01-18,31.196975708007812,43.92572021484375,14.49880599975586,17.892248153686523,71.69746398925781,104.66822052001953,50.04417419433594,21.092126846313477
2024-01-19,31.00885009765625,43.802894592285156,14.450311660766602,17.892248153686523,72.06373596191406,104.43541717529297,49.52067947387695,21.12049102783203
2024-01-22,31.027204513549805,44.180824279785156,14.658668518066406,18.02121353149414,73.57825469970703,104.97863006591797,49.63088607788086,21.394657135009766
2024-01-23,31.187807083129883,44.05326843261719,14.628133773803711,18.098976135253906,73.49906158447266,104.04740142822266,50.01661682128906,21.375751495361328
2024-01-24,31.46310806274414,44.601280212402344,14.811345100402832,18.03449058532715,77.13194274902344,104.41600036621094,50.273780822753906,21.64046859741211
2024-01-25,31.573230743408203,44.70993423461914,14.773625373840332,18.169147491455078,78.40888977050781,104.0667953491211,49.86967086791992,21.73973846435547
2024-01-26,31.981605529785156,45.201255798339844,14.886784553527832,18.25638771057129,77.74567413330078,105.5994644165039,50.595218658447266,21.92409324645996
2024-01-29,32.284446716308594,45.28157043457031,14.818528175354004,18.13311004638672,77.97333526611328,105.96807861328125,50.815643310546875,21.994993209838867
2024-01-30,32.275264739990234,45.380775451660156,14.999945640563965,17.9263858795166,78.03274536132812,105.98748016357422,51.403419494628906,21.91936492919922
2024-01-31,32.16514205932617,45.37605667114258,15.021499633789062,17.867591857910156,77.62688446044922,106.72471618652344,51.982017517089844,21.980817794799805
2024-02-01,32.49092483520508,45.177635192871094,14.739498138427734,17.806903839111328,77.8149642944336,105.83226776123047,52.67082595825195,22.11317253112793
2024-02-02,32.03666305541992,45.196533203125,14.88498592376709,17.763280868530273,78.07234191894531,105.0368423461914,53.24942398071289,22.193532943725586
2024-02-05,31.706300735473633,45.18708801269531,14.796974182128906,17.57362174987793,78.50788116455078,106.00688171386719,52.64326858520508,22.2360782623291
2024-02-06,32.339508056640625,45.484710693359375,14.88498592376709,17.55086326599121,79.10181427001953,106.51131439208984,53.084102630615234,22.34480094909668
2024-02-07,32.0091438293457,45.342987060546875,14.732314109802246,17.32896614074707,79.68584442138672,106.70532989501953,53.3963737487793,22.302255630493164
2024-02-08,31.866893768310547,45.319366455078125,14.674834251403809,17.28913688659668,80.36886596679688,104.7264175415039,54.14028549194336,22.41570472717285
2024-02-09,31.903600692749023,45.28157043457031,14.624540328979492,17.201894760131836,81.33894348144531,105.541259765625,54.406620025634766,22.5953311920166
2024-02-12,32.119258880615234,45.555572509765625,14.766439437866211,17.325170516967773,81.48744201660156,105.19203186035156,54.70051574707031,22.623695373535156
2024-02-13,32.06419372558594,45.11149597167969,14.726924896240234,17.200000762939453,79.30968475341797,104.93982696533203,54.56275177001953,22.273893356323242
2024-02-14,31.972431182861328,45.342987060546875,14.798770904541016,17.201894760131836,80.17088317871094,105.71585845947266,54.7188835144043,22.311710357666016
2024-02-15,31.93571662902832,45.645328521728516,14.863432884216309,17.349828720092773,80.388671875,106.12328338623047,55.8393440246582,22.382617950439453
2024-02-16,32.05961227416992,45.95712661743164,14.998150825500488,17.330862045288086,80.97270965576172,107.0545425415039,56.087310791015625,22.571699142456055
2024-02-19,32.105491638183594,46.01854705810547,15.04664421081543,17.45983123779297,80.28968048095703,107.90818786621094,55.637290954589844,22.4913387298584
2024-02-20,31.72464942932129,45.942955017089844,15.181358337402344,17.497760772705078,78.79493713378906,107.26795196533203,55.122982025146484,22.704055786132812
2024-02-21,31.967838287353516,45.86737060546875,15.037663459777832,17.444656372070312,78.73555755615234,106.55010986328125,55.9587287902832,22.581153869628906
2024-02-22,32.041255950927734,46.292545318603516,15.15980339050293,17.53190040588379,81.1706771850586,108.02458190917969,57.37308120727539,22.921499252319336
2024-02-23,31.967838287353516,46.4437255859375,15.263981819152832,17.524311065673828,80.92320251464844,108.52900695800781,58.00679016113281,23.077495574951172
2024-02-26,31.7842960357666,46.273651123046875,15.215483665466309,17.44655418395996,81.28946685791016,108.02458190917969,57.69453048706055,23.00658416748047
2024-02-27,31.94031524658203,46.37286376953125,15.27116870880127,17.57931137084961,82.09126281738281,108.04398345947266,58.18128204345703,23.181489944458008
2024-02-28,31.761356353759766,46.20751190185547,15.348403930664062,17.465517044067383,80.97270965576172,107.5007553100586,58.77825164794922,22.907316207885742
2024-02-29,31.747596740722656,46.202789306640625,15.34301471710205,17.452241897583008,80.82421875,106.68592834472656,58.58538818359375,22.803321838378906
2024-03-01,32.18809127807617,46.50986862182617,15.490302085876465,17.49017333984375,81.95269012451172,108.00518035888672,58.65885925292969,22.65678596496582
2024-03-04,31.93571662902832,46.50041198730469,15.554964065551758,17.511037826538086,82.6654052734375,108.70361328125,58.32823181152344,22.44879722595215
2024-03-05,32.02749252319336,46.40593338012695,15.594483375549316,17.602073669433594,81.33894348144531,108.0827865600586,58.27313232421875,22.44879722595215
2024-03-06,32.33032989501953,46.59961700439453,15.693270683288574,17.611557006835938,82.4278335571289,108.33500671386719,58.052703857421875,22.604787826538086
2024-03-07,32.311973571777344,47.13345718383789,15.795655250549316,17.57552146911621,84.18983459472656,111.61376190185547,58.06189727783203,22.49606704711914
2024-03-08,32.289039611816406,47.10039138793945,15.77230453491211,17.5944881439209,82.82379150390625,110.58551025390625,58.02515411376953,22.4582462310791
2024-03-11,32.25232696533203,46.96338653564453,15.761527061462402,17.556554794311523,81.19046783447266,110.93473052978516,57.82310485839844,22.44406509399414
2024-03-12,32.449623107910156,47.41218948364258,16.066879272460938,17.4920711517334,82.40804290771484,111.61376190185547,59.118064880371094,22.836414337158203
2024-03-13,32.908477783203125,47.525569915771484,16.12435531616211,17.401037216186523,81.9229965209961,111.18694305419922,58.420074462890625,22.907316207885742
2024-03-14,32.986480712890625,47.431087493896484,16.020177841186523,17.340347290039062,81.49734497070312,111.36155700683594,58.1353645324707,22.82695960998535
2024-03-15,32.98188781738281,47.26576614379883,16.22314453125,17.55086326599121,80.0916976928711,109.79006958007812,58.71397018432617,22.746597290039062
2024-03-18,33.14707946777344,47.22787094116211,16.260868072509766,17.30620574951172,80.24017333984375,109.67367553710938,59.14562225341797,22.56224250793457
2024-03-19,33.610511779785156,47.34154510498047,16.435096740722656,17.382068634033203,79.84423065185547,109.46025085449219,59.9630012512207,22.66151237487793
2024-03-20,33.440731048583984,47.336814880371094,16.44048309326172,17.437070846557617,79.86402893066406,109.3050537109375,60.018104553222656,22.642606735229492
2024-03-21,33.57379913330078,47.81993865966797,16.715299606323242,17.482589721679688,82.41793823242188,109.5960693359375,59.89871597290039,22.88840675354004
2024-03-22,33.74357986450195,47.829410552978516,16.749427795410156,17.535690307617188,81.71511840820312,109.90647888183594,59.94462966918945,22.590608596801758
2024-03-25,34.04641342163086,47.86729431152344,16.77637481689453,17.58121109008789,81.6755142211914,109.86767578125,60.27526092529297,22.746597290039062
2024-03-26,33.85369873046875,47.924137115478516,16.93802833557129,17.695003509521484,81.78440856933594,109.73187255859375,60.284446716308594,22.907316207885742
2024-03-27,33.610511779785156,48.009395599365234,16.903898239135742,17.820180892944336,81.54683685302734,110.29448699951172,60.36711120605469,22.368432998657227
2024-03-28,33.84910583496094,48.151493072509766,17.054780960083008,17.89983367919922,81.21027374267578,111.12873840332031,60.32118606567383,22.581153869628906
2024-04-02,34.71174240112305,47.72520446777344,17.06376075744629,17.723453521728516,80.59654235839844,108.95582580566406,59.54971694946289,22.070629119873047
2024-04-03,34.941165924072266,47.87677764892578,17.29007911682129,17.72534942626953,81.12117767333984,109.24684143066406,60.03647994995117,22.21244239807129
2024-04-04,35.07423400878906,47.95256423950195,17.48766326904297,17.7215576171875,81.19046783447266,108.85882568359375,60.79875183105469,22.311710357666016
2024-04-05,35.08340835571289,47.52627182006836,17.343965530395508,17.431379318237305,81.01227569580078,107.92758178710938,60.17423629760742,22.127355575561523
2024-04-08,35.432132720947266,47.80099105834961,17.50562286376953,17.452241897583008,81.47753143310547,108.21859741210938,61.009986877441406,22.302255630493164
2024-04-09,35.42295455932617,47.488380432128906,17.327800750732422,17.518625259399414,80.70543670654297,107.86936950683594,60.82630920410156,22.179353713989258
2024-04-10,35.67531967163086,47.55469512939453,17.491252899169922,17.526208877563477,81.00239562988281,108.3543930053711,60.77119827270508,22.28334617614746
2024-04-11,35.569786071777344,47.393646240234375,17.085315704345703,17.346036911010742,80.87371063232422,108.7812271118164,60.6609992980957,21.933544158935547
2024-04-12,36.4691276550293,47.50732421875,17.085315704345703,17.376380920410156,80.39856719970703,109.16924285888672,59.94462966918945,21.716102600097656
2024-04-15,35.944175720214844,47.53574752807617,17.147621154785156,17.29087257385254,80.52377319335938,109.44464111328125,60.33036422729492,21.637453079223633
2024-04-16,35.29595184326172,46.820526123046875,16.699634552001953,17.07879638671875,79.86941528320312,108.0833740234375,59.0721435546875,21.357738494873047
2024-04-17,35.374664306640625,46.82526779174805,16.91193389892578,17.176237106323242,77.73785400390625,107.59722900390625,58.90682601928711,21.234477996826172
2024-04-18,35.254276275634766,46.99104309082031,17.185401916503906,17.323354721069336,77.11326599121094,107.09161376953125,59.421138763427734,21.414628982543945
2024-04-19,35.21723556518555,46.93894577026367,17.196197509765625,17.53734016418457,75.68560028076172,107.48054504394531,58.99867248535156,21.367218017578125
2024-04-22,35.6478385925293,47.32260513305664,17.49305534362793,17.913726806640625,75.87396240234375,109.230712890625,59.0721435546875,21.485740661621094
2024-04-23,35.74045181274414,47.87677764892578,17.784515380859375,18.01690101623535,77.75768280029297,110.63087463378906,59.577274322509766,21.855531692504883
2024-04-24,35.657108306884766,47.67784118652344,17.624393463134766,17.8659610748291,78.7094497680664,109.58074951171875,59.43032455444336,21.604265213012695
2024-04-25,35.61080551147461,47.34154510498047,17.69276237487793,17.778078079223633,77.896484375,109.85301208496094,58.66804504394531,21.3767032623291
2024-04-26,35.7867546081543,47.914669036865234,17.854684829711914,17.860227584838867,79.33405303955078,111.0586929321289,59.393585205078125,21.49048614501953
2024-04-29,35.768226623535156,47.962032318115234,17.82769775390625,17.888891220092773,78.61031341552734,111.29203796386719,59.63237380981445,21.571081161499023
2024-04-30,35.490421295166016,47.715728759765625,17.759328842163086,17.63477897644043,77.65853881835938,111.33094024658203,57.11593246459961,21.50470733642578
2024-05-02,35.119998931884766,47.592586517333984,17.87267303466797,17.718847274780273,76.86538696289062,110.68919372558594,56.99654006958008,21.499963760375977
2024-05-03,34.981101989746094,47.81993865966797,17.800708770751953,17.80291175842285,78.12451934814453,110.16415405273438,57.50166320800781,21.59478187561035
2024-05-06,35.476524353027344,48.16096496582031,18.03639793395996,17.88124656677246,79.00688171386719,110.24193572998047,57.914947509765625,21.827085494995117
2024-05-07,35.356143951416016,48.653568267822266,18.31076431274414,17.860227584838867,80.33538055419922,112.06990814208984,57.85066223144531,21.746492385864258
2024-05-08,35.43485641479492,48.833553314208984,18.279281616210938,17.810550689697266,80.23625946044922,112.51717376708984,57.14348220825195,21.798641204833984
2024-05-09,35.758968353271484,49.02301788330078,18.211814880371094,17.904172897338867,80.811279296875,112.9061050415039,57.437381744384766,21.642194747924805
2024-05-10,36.069190979003906,49.382991790771484,18.328758239746094,17.97486686706543,81.43587493896484,113.78118133544922,57.28124237060547,21.841310501098633
2024-05-13,36.06455993652344,49.40193176269531,18.40522003173828,18.068485260009766,81.23759460449219,114.50071716308594,58.02515411376953,21.865013122558594
2024-05-14,35.88861083984375,49.496665954589844,18.562646865844727,18.28820037841797,81.3664779663086,114.7146224975586,58.81498718261719,21.656417846679688
2024-05-15,35.63858413696289,49.80928039550781,18.60312843322754,18.40283966064453,82.28849792480469,115.43415069580078,58.57620620727539,21.940868377685547
2024-05-16,35.407073974609375,49.74296569824219,18.54915428161621,18.504100799560547,82.43721771240234,115.22023010253906,58.245574951171875,21.827085494995117
2024-05-17,35.41633605957031,49.695594787597656,18.70657730102539,18.593896865844727,82.0406494140625,114.55905151367188,58.034339904785156,21.609010696411133
2024-05-20,35.51356887817383,49.88506317138672,18.711074829101562,18.639751434326172,82.77430725097656,114.90909576416016,57.547584533691406,21.713306427001953
2024-05-21,35.43022537231445,49.76190948486328,18.715574264526367,18.546133041381836,82.30833435058594,115.39525604248047,57.27206039428711,21.53314971923828
2024-05-22,35.059810638427734,49.61034393310547,18.60762596130371,18.557594299316406,82.76438903808594,115.35635375976562,56.8128547668457,21.57581901550293
2024-05-23,35.101478576660156,49.62928771972656,18.60762596130371,18.383729934692383,83.67650604248047,115.82307434082031,56.68428421020508,21.38618278503418
2024-05-24,35.11537170410156,49.5345573425293,18.594131469726562,18.328327178955078,83.42864990234375,114.87018585205078,56.904693603515625,21.357738494873047
2024-05-27,35.471900939941406,49.752437591552734,18.64360809326172,18.412391662597656,83.54761505126953,114.65628051757812,57.41900634765625,21.43833351135254
2024-05-28,35.504310607910156,49.40193176269531,18.675094604492188,18.391374588012695,83.43856811523438,113.68395233154297,57.50166320800781,20.78883171081543
2024-05-29,35.31909942626953,48.89038848876953,18.432207107543945,18.271005630493164,82.34799194335938,112.94499206542969,56.83122634887695,20.35266876220703
2024-05-30,35.18482208251953,49.184051513671875,18.68408966064453,18.54995346069336,81.70356750488281,113.52838897705078,57.29043197631836,20.632381439208984
2024-05-31,35.44874572753906,49.345096588134766,18.724571228027344,18.714263916015625,80.66255187988281,114.67572784423828,57.391456604003906,20.727201461791992
2024-06-03,35.203346252441406,49.54402542114258,18.77854347229004,18.997032165527344,81.39623260498047,114.79241180419922,57.40982437133789,20.931058883666992
2024-06-04,34.29582595825195,49.28825759887695,18.355743408203125,18.95882225036621,81.21775817871094,115.58971405029297,56.904693603515625,20.9357967376709
2024-06-05,34.27730941772461,49.799800872802734,18.333253860473633,19.069637298583984,84.1920394897461,117.39823913574219,57.18939971923828,20.98794937133789
2024-06-06,34.43473434448242,50.0839958190918,18.589632034301758,19.029512405395508,85.25287628173828,118.0205078125,57.29961395263672,20.997432708740234
2024-06-07,34.393062591552734,49.960845947265625,18.576141357421875,18.890039443969727,85.57012939453125,118.48723602294922,56.785308837890625,20.850460052490234
2024-06-10,34.68939971923828,49.79033279418945,18.427709579467773,18.830812454223633,85.5106430053711,118.42890167236328,57.03327178955078,20.812536239624023
2024-06-11,34.471778869628906,49.33562469482422,18.009410858154297,18.639751434326172,85.01493835449219,117.86494445800781,56.721012115478516,20.63711929321289
2024-06-12,34.37916946411133,49.78085708618164,18.22530746459961,18.576702117919922,86.86890411376953,118.09830474853516,56.79448318481445,20.684532165527344
2024-06-13,33.89763259887695,49.174583435058594,17.78091812133789,18.47544288635254,85.42141723632812,117.92329406738281,55.53626251220703,20.390594482421875
2024-06-14,33.66612243652344,48.672508239746094,17.552427291870117,18.43722915649414,83.94419860839844,118.27332305908203,54.314781188964844,20.03976821899414
2024-06-17,33.66149139404297,48.74272918701172,17.74313735961914,18.43722915649414,84.43000030517578,117.0481948852539,54.773983001708984,20.305261611938477
2024-06-18,33.971717834472656,49.078224182128906,17.894268035888672,18.61109161376953,85.06451416015625,117.59269714355469,54.8290901184082,20.42852210998535
2024-06-19,34.041168212890625,49.02070999145508,17.939241409301758,18.632110595703125,84.13256072998047,117.41768646240234,54.89337921142578,20.523340225219727
2024-06-20,34.45325469970703,49.43288803100586,18.103864669799805,18.71617317199707,85.500732421875,118.09830474853516,55.24237060546875,20.584972381591797
2024-06-21,34.21711349487305,49.04946517944336,17.81150245666504,18.649307250976562,84.42008209228516,118.03996276855469,54.773983001708984,20.566009521484375
2024-06-24,34.56901168823242,49.46165084838867,18.14884376525879,18.903413772583008,83.80538940429688,119.03173828125,55.563819885253906,20.675048828125
2024-06-25,34.68476486206055,49.31786346435547,18.013906478881836,18.82699203491211,83.99375915527344,119.96516418457031,55.573001861572266,20.798315048217773
2024-06-26,34.45325469970703,49.039878845214844,17.948238372802734,18.73337173461914,84.21188354492188,118.95394897460938,54.89337921142578,20.419038772583008
2024-06-27,34.51344299316406,48.84816360473633,17.92664909362793,18.71044158935547,84.22179412841797,117.98162841796875,54.14028549194336,20.381114959716797
2024-06-28,34.63383102416992,48.761898040771484,17.903261184692383,18.79450798034668,84.69767761230469,117.94273376464844,54.379066467285156,20.33844757080078
2024-07-01,34.93016815185547,48.896095275878906,18.274784088134766,18.954999923706055,83.99375915527344,117.8843994140625,54.617855072021484,20.35266876220703
2024-07-02,35.14778518676758,48.694801330566406,18.103864669799805,18.792600631713867,84.24162292480469,116.69816589355469,54.18620300292969,20.34792709350586
2024-07-03,35.212608337402344,49.039878845214844,18.333253860473633,18.905324935913086,85.6395263671875,115.29801940917969,54.746437072753906,20.694013595581055
2024-07-04,35.6524772644043,49.35620880126953,18.567142486572266,18.962642669677734,85.67919921875,116.69816589355469,55.17808532714844,20.78883171081543
2024-07-05,35.272796630859375,49.27951431274414,18.41421890258789,18.99321174621582,86.29386901855469,116.87318420410156,54.84745788574219,20.736682891845703
2024-07-08,34.89311599731445,49.260353088378906,18.41421890258789,19.03333282470703,86.24430084228516,117.10653686523438,54.93929672241211,20.874168395996094
2024-07-09,34.342132568359375,48.79065704345703,18.198320388793945,18.94162368774414,84.83647155761719,116.25088500976562,54.379066467285156,20.836240768432617
2024-07-10,34.44399642944336,49.27951431274414,18.36024284362793,19.18235969543457,85.71884155273438,117.35932922363281,54.948482513427734,21.06380271911621
2024-07-11,34.360652923583984,49.52873992919922,18.454696655273438,19.23967742919922,85.58004760742188,117.92329406738281,55.09542465209961,21.139657974243164
2024-07-12,34.61531448364258,49.99843978881836,18.526662826538086,19.2969970703125,86.86890411376953,119.05117797851562,55.6923942565918,21.32929229736328
2024-07-15,34.29582595825195,49.46165084838867,18.40972137451172,19.1871337890625,86.0856704711914,117.86494445800781,55.31584930419922,21.319812774658203
2024-07-16,34.00995635986328,49.337039947509766,18.433536529541016,19.160837173461914,85.39472198486328,117.87583923339844,54.75185012817383,21.355247497558594
2024-07-17,34.135826110839844,49.12615203857422,18.551965713500977,19.321931838989258,81.63662719726562,117.54257202148438,54.59899139404297,21.274261474609375
2024-07-18,34.490150451660156,48.982364654541016,18.627159118652344,19.403440475463867,80.17900848388672,116.0331039428711,55.219974517822266,20.94557762145996
2024-07-19,34.16380310058594,48.6276969909668,18.527528762817383,19.360286712646484,79.28658294677734,116.20953369140625,54.312381744384766,20.5168514251709
2024-07-22,34.2384033203125,49.09739303588867,18.831117630004883,19.456180572509766,80.7938003540039,117.26812744140625,54.88560104370117,20.030963897705078
2024-07-23,33.879417419433594,49.18367004394531,18.91571044921875,19.3698787689209,81.82501983642578,117.60138702392578,54.37925720214844,20.169105529785156
2024-07-24,33.9493522644043,48.867340087890625,18.8170223236084,19.293167114257812,79.94103240966797,117.4837646484375,53.911128997802734,20.002382278442383
2024-07-25,33.828128814697266,48.54143142700195,18.70235252380371,19.480152130126953,77.7099838256836,118.09147644042969,53.02264404296875,19.86423683166504
2024-07-26,34.014617919921875,48.93444061279297,18.747465133666992,19.52809715270996,78.24542999267578,118.777587890625,53.02264404296875,20.17386817932129
2024-07-29,34.051910400390625,48.80023956298828,18.7512264251709,19.56645393371582,77.65047454833984,119.50291442871094,52.334781646728516,19.930925369262695
2024-07-30,33.995967864990234,49.01112747192383,18.9486083984375,19.657548904418945,77.56124114990234,119.99301147460938,52.544960021972656,19.90234375
2024-07-31,34.634674072265625,49.413719177246094,18.925111770629883,19.619192123413086,79.61380767822266,120.87517547607422,52.25835037231445,20.030963897705078
2024-08-01,34.25703811645508,48.68521499633789,18.07261085510254,19.614397048950195,78.12643432617188,121.26724243164062,51.25522232055664,19.749908447265625
2024-08-02,33.441184997558594,47.51576614379883,17.324440002441406,19.60481071472168,73.63459777832031,119.24808502197266,50.48137664794922,19.031557083129883
2024-08-05,32.312957763671875,46.466148376464844,16.952234268188477,19.091796875,72.71243286132812,116.32716369628906,49.20119094848633,18.659996032714844
2024-08-06,32.466800689697266,46.60034942626953,16.839447021484375,19.0515193939209,73.85273742675781,117.17011260986328,48.905029296875,18.667619705200195
2024-08-07,33.24070739746094,47.31447219848633,17.32256317138672,19.321931838989258,75.2409439086914,116.83683776855469,49.611995697021484,18.764795303344727
2024-08-08,33.27334213256836,47.3863639831543,17.316923141479492,19.427412033081055,75.11204528808594,118.40513610839844,49.468692779541016,19.002973556518555
2024-08-09,33.42719650268555,47.67872619628906,17.416555404663086,19.53768539428711,75.03271484375,120.4242935180664,49.40181350708008,19.287839889526367
2024-08-12,33.63232421875,47.649967193603516,17.471065521240234,19.686317443847656,75.28060913085938,119.38530731201172,49.2298469543457,19.149694442749023
2024-08-13,33.59968566894531,47.918365478515625,17.521820068359375,19.739055633544922,75.69707489013672,120.8555679321289,49.2298469543457,19.230676651000977
2024-08-14,33.5810432434082,48.15800857543945,17.597015380859375,19.873302459716797,76.00446319580078,120.89476776123047,49.98458480834961,19.802309036254883
2024-08-15,34.10786056518555,48.8098258972168,18.0124568939209,19.921247482299805,78.07685852050781,122.40423583984375,51.06414794921875,20.050016403198242
2024-08-16,33.98664093017578,48.896095275878906,18.11396598815918,19.993165969848633,78.1462631225586,122.28662109375,51.15013122558594,20.0976505279541
2024-08-19,34.247718811035156,49.21242141723633,18.25307273864746,20.10823631286621,78.22560119628906,122.50225830078125,51.69468688964844,20.154813766479492
2024-08-20,33.52043151855469,48.96320343017578,18.03313446044922,19.964397430419922,78.2553482055664,122.1885986328125,51.74245071411133,20.11194610595703
2024-08-21,33.50645065307617,49.12615203857422,18.098928451538086,19.89248275756836,78.8701171875,122.12979888916016,52.44942855834961,20.159578323364258
2024-08-22,33.291996002197266,49.2986946105957,18.177879333496094,19.945220947265625,78.57264709472656,123.18838500976562,52.306121826171875,20.312015533447266
2024-08-23,33.61833953857422,49.55751037597656,18.382781982421875,20.122621536254883,78.07685852050781,123.05116271972656,52.69781494140625,20.478742599487305
2024-08-26,33.85610580444336,49.547916412353516,18.352703094482422,20.160974502563477,77.25385284423828,123.16878509521484,52.70737075805664,20.469213485717773
2024-08-27,33.8234748840332,49.59584426879883,18.473011016845703,20.261659622192383,77.4819107055664,123.30599975585938,52.95576477050781,20.69310188293457
2024-08-28,33.692928314208984,49.77797317504883,18.446693420410156,20.38631820678711,77.47199249267578,124.22736358642578,52.6404914855957,20.535905838012695
2024-08-29,33.95867156982422,50.199737548828125,18.559484481811523,20.44864845275879,79.0783462524414,125.40357971191406,53.032196044921875,20.81219482421875
2024-08-30,33.64165115356445,50.21890640258789,18.664752960205078,20.463029861450195,78.7907943725586,125.6388168334961,53.05129623413086,20.88364601135254
2024-09-02,33.734886169433594,50.21890640258789,18.674152374267578,20.63563346862793,79.0783462524414,125.6584243774414,52.888893127441406,20.9074649810791
2024-09-03,32.825782775878906,49.7588005065918,18.328266143798828,20.640426635742188,77.28359985351562,124.97229766845703,52.143707275390625,20.859830856323242
2024-09-04,32.56003952026367,49.25075912475586,18.256832122802734,20.765087127685547,74.8244857788086,123.89410400390625,51.50361633300781,20.545429229736328
2024-09-05,32.466800689697266,48.982364654541016,18.442934036254883,20.908918380737305,73.93206787109375,121.63970947265625,51.34120559692383,20.755027770996094
2024-09-06,31.818767547607422,48.45515823364258,18.07261085510254,20.750701904296875,72.20671844482422,121.93376159667969,50.299861907958984,20.550193786621094
2024-09-09,32.08917236328125,48.876922607421875,18.296308517456055,20.803442001342773,72.60334014892578,122.5806655883789,50.34762191772461,21.00750160217285
2024-09-10,31.548370361328125,48.579769134521484,18.01621437072754,20.721935272216797,72.47443389892578,121.7181167602539,48.43689727783203,20.988447189331055
2024-09-11,31.585662841796875,48.56059646606445,18.04441261291504,20.779468536376953,73.436279296875,121.67890930175781,48.522884368896484,21.012266159057617
2024-09-12,31.953969955444336,48.982364654541016,18.285032272338867,20.88494873046875,74.87406158447266,121.30644226074219,48.608863830566406,21.121828079223633
2024-09-13,32.35957336425781,49.337039947509766,18.43541717529297,21.1007022857666,75.7565689086914,121.83573913574219,49.43048095703125,21.26473617553711
2024-09-16,32.32693862915039,49.26115417480469,18.40909767150879,21.163028717041016,74.84431457519531,121.87494659423828,49.03878402709961,21.25996971130371
2024-09-17,32.61598587036133,49.44496154785156,18.58580207824707,21.07193374633789,75.59790802001953,120.97319030761719,49.44002914428711,21.698223114013672
2024-09-18,32.64396286010742,49.20310592651367,18.58580207824707,21.05275535583496,75.03271484375,120.20864868164062,49.51646041870117,21.66011619567871
2024-09-19,33.147464752197266,49.88998031616211,18.87811279296875,20.813030242919922,77.64057159423828,120.93397521972656,50.60557174682617,22.02214813232422
2024-09-20,32.77915954589844,49.13539123535156,18.785062789916992,20.827415466308594,75.52850341796875,118.4835433959961,48.79038619995117,21.76491355895996
2024-09-23,33.05422592163086,49.38692092895508,18.617761611938477,21.014400482177734,75.8557357788086,118.13066864013672,49.72663879394531,21.77444076538086
2024-09-24,33.128814697265625,49.677146911621094,18.7512264251709,21.095905303955078,76.48041534423828,118.4443359375,50.23298645019531,21.945932388305664
2024-09-25,32.64862823486328,49.657798767089844,18.62903594970703,21.1007022857666,76.63907623291016,118.83641052246094,49.56422805786133,22.041200637817383
2024-09-26,31.66958236694336,50.26727294921875,19.07549476623535,21.067138671875,78.91968536376953,118.67958068847656,50.72021484375,22.25080108642578
2024-09-27,31.888696670532227,50.52847671508789,19.061397552490234,20.990427017211914,79.8914566040039,118.640380859375,51.637367248535156,22.498512268066406
2024-09-30,31.921337127685547,50.025413513183594,18.802921295166016,20.932891845703125,78.72138214111328,117.69940185546875,49.631103515625,21.860183715820312
2024-10-01,32.39686584472656,49.80290985107422,18.354585647583008,20.995223999023438,78.19584655761719,118.11106872558594,49.07699203491211,21.641061782836914
2024-10-02,32.85841751098633,49.85128402709961,18.42601776123047,20.875362396240234,78.9990234375,117.4837646484375,48.81904602050781,21.383825302124023
2024-10-03,32.99361801147461,49.38692092895508,18.315107345581055,20.68837547302246,78.22560119628906,116.5624008178711,47.844581604003906,21.25520896911621
2024-10-04,33.47381591796875,49.5900764465332,18.62903594970703,20.74590492248535,78.4734878540039,116.01351165771484,48.56109619140625,21.569604873657227
2024-10-07,33.78150939941406,49.715843200683594,18.79258155822754,20.83220863342285,77.98762512207031,117.03288269042969,48.608863830566406,21.560075759887695
2024-10-08,32.93301010131836,49.4352912902832,18.653474807739258,20.923301696777344,77.90829467773438,116.50358581542969,48.18850326538086,21.62200927734375
2024-10-09,33.0029411315918,49.75454330444336,18.70611000061035,21.047962188720703,78.95935821533203,116.9936752319336,48.71395492553711,21.80778694152832
2024-10-10,33.12416076660156,49.677146911621094,18.7794246673584,21.1007022857666,78.21569061279297,117.44456481933594,48.532440185546875,21.70775032043457
2024-10-11,33.208072662353516,49.93834686279297,18.882814407348633,21.004810333251953,78.62223052978516,117.97384643554688,48.589759826660156,21.855422973632812
2024-10-14,33.170780181884766,50.22857666015625,18.962705612182617,21.16782569885254,80.06001281738281,118.75799560546875,49.0865478515625,21.679170608520508
2024-10-15,32.09725570678711,49.831932067871094,18.988018035888672,21.610441207885742,75.12174224853516,118.60450744628906,48.71352005004883,21.832082748413086
2024-10-16,32.187068939208984,49.73518753051758,18.950206756591797,21.765705108642578,73.74127197265625,118.2312240600586,48.627296447753906,22.173133850097656
2024-10-17,32.55105972290039,50.141510009765625,19.16764259338379,21.707481384277344,73.9697036743164,119.3903579711914,48.74225616455078,22.298025131225586
2024-10-18,32.361976623535156,50.238250732421875,19.25745391845703,21.785110473632812,75.42961883544922,118.9188461303711,49.221256256103516,22.35086441040039
2024-10-21,32.5746955871582,49.88998031616211,19.06838035583496,21.67351531982422,74.63510131835938,118.58486938476562,48.790157318115234,22.168333053588867
2024-10-22,32.73069381713867,49.78356170654297,19.125099182128906,21.455181121826172,75.15153503417969,117.85794830322266,49.06797409057617,22.389291763305664
2024-10-23,32.42815399169922,49.63845443725586,19.06838035583496,21.445476531982422,75.15153503417969,117.93653106689453,49.23082733154297,22.413312911987305
2024-10-24,32.513240814208984,49.63845443725586,19.0022029876709,21.654109954833984,75.27071380615234,117.50432586669922,49.2691535949707,23.100215911865234
2024-10-25,32.85832595825195,49.66747283935547,18.954931259155273,21.63955307006836,75.53886413574219,117.54360961914062,49.34579086303711,22.76396942138672
2024-10-28,32.413970947265625,49.87063217163086,19.10146713256836,21.717182159423828,75.64811706542969,117.11138916015625,49.326629638671875,22.927289962768555
2024-10-29,32.06416702270508,49.54170608520508,19.139284133911133,21.67351531982422,75.78714752197266,115.81473541259766,48.646461486816406,22.5526123046875
2024-10-30,31.86562728881836,48.94190216064453,19.006929397583008,21.469736099243164,73.90018463134766,114.26268768310547,48.17705154418945,22.480562210083008
2024-10-31,31.89871597290039,48.409820556640625,18.983293533325195,21.188323974609375,72.27141571044922,112.84814453125,47.98545455932617,22.322044372558594
2024-11-01,32.130340576171875,48.92255783081055,19.314176559448242,21.396957397460938,73.23475646972656,114.28233337402344,48.138729095458984,22.53339958190918
2024-11-04,32.22016143798828,48.72907257080078,19.418170928955078,21.30476951599121,72.39059448242188,113.71258544921875,48.07167434692383,22.355670928955078
2024-11-05,32.243797302246094,48.74842071533203,19.517436981201172,21.314472198486328,72.93682098388672,111.70865631103516,47.17116928100586,22.543006896972656
2024-11-06,32.00743865966797,48.52591323852539,19.25745391845703,21.222288131713867,71.87416076660156,111.4532699584961,46.055110931396484,22.88886070251465
2024-11-07,32.21543502807617,48.84516525268555,19.26218032836914,21.08643341064453,73.49298858642578,110.98175811767578,47.05141830444336,23.071395874023438
2024-11-08,31.875083923339844,48.52591323852539,18.997474670410156,21.202880859375,73.06592559814453,111.63007354736328,46.41914749145508,23.26353645324707
2024-11-11,32.049983978271484,49.05799865722656,19.342538833618164,21.382400512695312,73.6220932006836,113.18213653564453,47.10889434814453,23.50371551513672
2024-11-12,31.388187408447266,48.061553955078125,18.945480346679688,20.8389892578125,73.55258178710938,111.09963989257812,46.19402313232422,23.109825134277344
2024-11-13,31.785261154174805,48.071224212646484,18.988018035888672,20.790468215942383,72.80770874023438,111.51219177246094,45.76293182373047,23.129039764404297
2024-11-14,32.39506530761719,48.612979888916016,19.229093551635742,21.14950942993164,75.02243041992188,111.4336166381836,46.476627349853516,23.321182250976562
2024-11-15,32.697601318359375,48.177642822265625,19.351993560791016,21.100990295410156,73.0957260131836,108.1723403930664,46.352088928222656,23.42205238342285
2024-11-18,32.825233459472656,48.206668853759766,19.4985294342041,21.198026657104492,72.7282485961914,107.52400207519531,46.43352127075195,23.388429641723633
2024-11-19,32.60306167602539,48.013179779052734,19.24327278137207,21.188323974609375,72.3210678100586,107.95623779296875,45.944942474365234,23.124235153198242
2024-11-20,32.664512634277344,47.95513153076172,19.21018409729004,21.227140426635742,72.3210678100586,108.48667907714844,45.37494659423828,23.042573928833008
2024-11-21,33.061588287353516,48.18247604370117,19.24327278137207,21.16891860961914,73.03612518310547,108.54561614990234,45.32704544067383,23.037771224975586
2024-11-22,33.19395446777344,48.76776885986328,18.997474670410156,21.503700256347656,73.97962188720703,111.4532699584961,45.99763488769531,23.15785789489746
2024-11-25,32.87723922729492,48.75809860229492,18.988018035888672,21.629850387573242,74.48612976074219,110.68705749511719,46.41914749145508,23.513322830200195
2024-11-26,32.470703125,48.487213134765625,18.790435791015625,21.63955307006836,73.94983673095703,110.98175811767578,45.61922836303711,23.417251586914062
2024-11-27,32.413970947265625,48.419498443603516,18.76585578918457,21.712329864501953,72.96661376953125,110.84422302246094,45.499481201171875,23.26353645324707
2024-11-28,32.54161071777344,48.642005920410156,18.931299209594727,21.823925018310547,73.63201904296875,111.06034088134766,45.67670822143555,23.40283966064453
2024-11-29,32.692874908447266,48.912879943847656,19.006929397583008,21.77055549621582,74.8138656616211,111.49256896972656,46.0072135925293,23.383625030517578
2024-12-02,32.50379180908203,49.24180603027344,19.07310676574707,21.877296447753906,75.65804290771484,112.25875854492188,45.88747024536133,23.340394973754883
2024-12-03,32.84886932373047,49.42561721801758,19.23381996154785,21.853036880493164,76.47241973876953,112.4355697631836,45.944942474365234,23.566160202026367
2024-12-04,32.546329498291016,49.63845443725586,19.32835578918457,21.717182159423828,77.78338623046875,111.8265380859375,46.56763458251953,23.801532745361328
2024-12-05,32.432884216308594,49.81258010864258,19.772689819335938,22.04226303100586,78.00187683105469,111.64974212646484,47.152008056640625,24.353940963745117
2024-12-06,32.16816329956055,49.91900634765625,19.663969039916992,22.022855758666992,78.49844360351562,112.1998291015625,47.97587203979492,24.35874366760254
2024-12-09,32.80632400512695,49.977046966552734,19.777416229248047,21.833629608154297,78.69708251953125,112.35699462890625,48.454864501953125,24.214635848999023
2024-12-10,32.63142013549805,49.69649124145508,19.801050186157227,21.649253845214844,78.25016784667969,111.70865631103516,48.88595962524414,24.26747703552246
2024-12-11,32.48488235473633,49.82225799560547,19.834138870239258,21.586181640625,78.548095703125,111.92477416992188,48.78057861328125,24.344335556030273
2024-12-12,32.33833694458008,49.73518753051758,19.886133193969727,21.624998092651367,78.63749694824219,111.59078979492188,49.12545394897461,24.363548278808594
2024-12-13,32.19179916381836,49.50300979614258,19.91449737548828,21.576478958129883,78.53817749023438,109.60651397705078,49.35536575317383,24.224245071411133
2024-12-16,31.86562728881836,49.483612060546875,19.97121810913086,21.644405364990234,78.33954620361328,110.94247436523438,48.014190673828125,24.10896110534668
2024-12-17,31.440185546875,49.28941345214844,19.659242630004883,21.435773849487305,78.80632019042969,111.07998657226562,47.95671463012695,24.089746475219727
2024-12-18,31.657630920410156,49.32825469970703,19.834138870239258,21.319324493408203,79.66043090820312,110.80493927001953,48.07167434692383,24.08013916015625
2024-12-19,31.378732681274414,48.65824508666992,19.59306526184082,21.15921401977539,77.70393371582031,108.801025390625,47.42503356933594,23.811141967773438
2024-12-20,31.293642044067383,48.279541015625,19.441804885864258,21.018508911132812,77.69400024414062,104.71459197998047,47.63578414916992,23.9504451751709
2024-12-23,31.20855140686035,48.31837844848633,19.451257705688477,20.97484016418457,77.42584991455078,105.71656036376953,47.152008056640625,23.417251586914062
2024-12-27,31.78999137878418,48.71649932861328,19.720693588256836,21.14466094970703,77.82311248779297,106.79710388183594,47.8465461730957,23.532533645629883
2024-12-30,31.841991424560547,48.51744079589844,19.744327545166016,21.11554527282715,77.01866149902344,106.28630065917969,47.91838836669922,23.551748275756836
2025-01-02,33.0521354675293,49.17288589477539,19.853044509887695,21.455181121826172,77.91249084472656,108.0544662475586,47.6501579284668,23.801532745361328
2025-01-03,33.36412811279297,48.8136100769043,19.801050186157227,21.348438262939453,77.23715209960938,107.32755279541016,46.81671142578125,23.388429641723633
2025-01-06,33.73284912109375,49.376800537109375,20.179203033447266,21.280513763427734,80.33577728271484,107.22931671142578,48.21536636352539,23.465286254882812
2025-01-07,33.93611145019531,49.41564178466797,20.108299255371094,21.280513763427734,80.36557006835938,107.58294677734375,48.253684997558594,23.383625030517578
2025-01-08,33.477577209472656,49.357383728027344,20.150840759277344,21.217435836791992,79.2433090209961,108.40809631347656,47.8465461730957,23.061786651611328
2025-01-09,33.72811508178711,49.55158615112305,20.231201171875,21.275659561157227,79.53133392333984,109.58686828613281,47.492088317871094,23.008953094482422
2025-01-10,33.600486755371094,49.104915618896484,20.122480392456055,21.21258544921875,78.9056396484375,109.17430114746094,47.71242904663086,22.98012924194336
2025-01-13,33.973934173583984,48.833030700683594,20.217018127441406,21.236846923828125,77.9422836303711,107.97587585449219,47.32923126220703,22.735149383544922
2025-01-14,33.74702835083008,48.803897857666016,20.443912506103516,21.38725471496582,78.34947967529297,106.050537109375,47.76991271972656,22.89366340637207
2025-01-15,34.14141845703125,49.4350700378418,20.80377769470215,21.73204231262207,79.38871002197266,107.59850311279297,48.69148635864258,23.07061195373535
2025-01-16,34.15100860595703,49.939998626708984,20.884952545166016,21.790618896484375,80.89018249511719,108.58149719238281,48.432743072509766,23.056180953979492
2025-01-17,34.4289665222168,50.26043701171875,20.99477195739746,21.91753578186035,81.07910919189453,107.44123077392578,48.950233459472656,23.1235294342041
2025-01-20,34.117454528808594,50.2701530456543,21.157114028930664,21.902891159057617,81.65583038330078,106.77278900146484,49.46771240234375,23.27745819091797
2025-01-21,34.00722885131836,50.50319290161133,21.247835159301758,21.946823120117188,81.21832275390625,108.40455627441406,49.11314010620117,23.493928909301758
2025-01-22,34.045570373535156,50.69740295410156,21.12846565246582,21.785737991333008,82.2922134399414,108.99435424804688,49.10355758666992,23.566082000732422
2025-01-23,34.20372009277344,50.91102981567383,21.496126174926758,21.839433670043945,81.05921936035156,109.21060943603516,48.873565673828125,23.614187240600586
2025-01-24,33.8538703918457,50.90131759643555,21.46270179748535,21.204849243164062,80.84046173095703,110.44918823242188,49.48687744140625,23.647859573364258
2025-01-27,33.06311798095703,50.91102981567383,21.47702407836914,21.53678321838379,78.23526000976562,111.68775939941406,49.85103988647461,23.744068145751953
2025-01-28,33.22126770019531,51.0663948059082,21.5677433013916,21.834552764892578,78.36453247070312,112.0023193359375,49.75519943237305,24.181814193725586
2025-01-29,33.44651412963867,51.36741256713867,21.81603240966797,22.215299606323242,80.24384307861328,112.23823547363281,49.75519943237305,24.191434860229492
2025-01-30,34.040775299072266,51.80437469482422,21.873332977294922,22.361743927001953,81.07910919189453,112.98531341552734,50.17686080932617,24.229915618896484
2025-01-31,34.184547424316406,51.86263656616211,21.796937942504883,22.234827041625977,82.27232360839844,113.33919525146484,50.090614318847656,24.316503524780273
2025-02-03,33.89700698852539,51.445091247558594,21.434051513671875,22.381267547607422,81.25808715820312,113.20156860351562,48.98855972290039,24.172191619873047
2025-02-04,34.146209716796875,51.542198181152344,21.691890716552734,22.15672492980957,82.6700668334961,112.19891357421875,50.052276611328125,24.27802085876465
2025-02-05,34.357078552246094,51.78495788574219,21.801712036132812,22.42032241821289,82.83909606933594,114.55809783935547,49.419795989990234,24.34055519104004
2025-02-06,34.42417526245117,52.37728500366211,22.53225326538086,22.596052169799805,83.52519989013672,115.42313385009766,50.119361877441406,24.576263427734375
2025-02-07,34.55356979370117,52.173362731933594,22.58477783203125,22.679035186767578,82.69989013671875,114.44014739990234,49.28563690185547,24.480056762695312
2025-02-10,35.04719161987305,52.51322937011719,22.589553833007812,22.888935089111328,83.78372955322266,114.69571685791016,49.82229232788086,24.494487762451172
2025-02-11,35.2963981628418,52.6297492980957,22.880815505981445,22.947511672973633,84.43999481201172,114.10591888427734,49.985198974609375,23.907621383666992
2025-02-12,35.35870361328125,52.649169921875,23.052705764770508,23.093955993652344,84.50960540771484,113.5554428100586,50.119361877441406,24.066364288330078
2025-02-13,35.219722747802734,53.270626068115234,22.947662353515625,22.996328353881836,85.82213592529297,114.71537780761719,52.56303787231445,24.157760620117188
2025-02-14,35.344322204589844,53.14439010620117,23.033607482910156,22.87917137145996,85.94146728515625,113.0442886352539,52.73553466796875,24.16257095336914
2025-02-17,35.43058776855469,53.43570327758789,23.2675724029541,22.923105239868164,86.39886474609375,113.61442565917969,53.147605895996094,24.4367618560791
2025-02-18,35.507266998291016,53.60077667236328,23.682979583740234,23.03049659729004,85.42440032958984,114.2435531616211,53.16676712036133,24.080795288085938
2025-02-19,35.349117279052734,53.09584426879883,23.415590286254883,22.918224334716797,85.06644439697266,114.223876953125,52.31387710571289,23.657482147216797
2025-02-20,35.334739685058594,53.02787399291992,23.363069534301758,22.952394485473633,84.89739227294922,114.2828598022461,52.285133361816406,23.48430633544922
2025-02-21,34.99447250366211,53.31917953491211,23.640005111694336,23.16717529296875,85.17581939697266,115.99327850341797,52.23721694946289,23.469877243041992
2025-02-24,34.860286712646484,53.270626068115234,23.606584548950195,23.333145141601562,84.46983337402344,116.26850891113281,52.706783294677734,23.359235763549805
2025-02-25,34.381038665771484,53.31917953491211,23.955141067504883,23.62114715576172,83.2368392944336,117.17285919189453,52.90802764892578,23.301509857177734
2025-02-26,34.716514587402344,53.87266540527344,24.556766510009766,23.43077278137207,84.2113037109375,116.7206802368164,53.18593978881836,23.782550811767578
2025-02-27,34.884254455566406,53.649330139160156,24.528118133544922,23.62114715576172,82.37175750732422,117.03524017333984,51.22140884399414,23.960535049438477
2025-02-28,34.716514587402344,53.66875457763672,24.614063262939453,23.679723739624023,81.17853546142578,116.77967071533203,51.50890350341797,24.027881622314453
2025-03-03,34.78361129760742,54.25136947631836,24.929201126098633,24.09464454650879,82.4015884399414,117.95925903320312,51.8347282409668,24.152950286865234
2025-03-04,33.35066223144531,53.06671142578125,23.99334144592285,23.767589569091797,79.33899688720703,117.05490112304688,49.00772476196289,23.210115432739258
2025-03-05,33.158966064453125,53.532806396484375,24.8480281829834,23.323381423950195,81.13876342773438,116.44544219970703,49.985198974609375,23.517980575561523
2025-03-06,33.398590087890625,53.49396514892578,25.1345157623291,23.12812614440918,81.39729309082031,114.9119873046875,50.962669372558594,23.234167098999023
2025-03-07,33.48485565185547,53.32889175415039,24.996047973632812,23.60162353515625,80.50238037109375,115.06925201416016,50.25352096557617,22.97440528869629
2025-03-10,33.47526931762695,52.6297492980957,24.327577590942383,23.78711700439453,77.92703247070312,112.92633056640625,50.92433547973633,22.724266052246094
2025-03-11,33.3219108581543,51.71697998046875,23.91694450378418,23.333145141601562,76.60453796386719,109.26959228515625,49.91811752319336,21.95460319519043
2025-03-12,33.82032775878906,52.21220779418945,24.289379119873047,23.24039649963379,77.50939178466797,109.97734832763672,50.196022033691406,21.95460319519043
2025-03-13,34.07911682128906,52.085975646972656,24.246402740478516,23.533283233642578,76.98238372802734,110.31157684326172,49.362300872802734,21.771808624267578
2025-03-14,34.433753967285156,52.72685623168945,24.79073143005371,23.62114715576172,78.36453247070312,110.8423843383789,49.71687316894531,21.98346710205078
2025-03-17,34.94654846191406,53.15309524536133,25.02469825744629,23.743181228637695,79.04068756103516,112.45449829101562,50.033111572265625,22.22398567199707
2025-03-18,35.253265380859375,53.43546676635742,25.559473037719727,23.826169967651367,79.52792358398438,112.57245635986328,50.454769134521484,22.19512176513672
2025-03-19,35.813987731933594,53.5328254699707,25.545148849487305,23.660200119018555,80.17424774169922,112.3955078125,50.196022033691406,22.291332244873047
2025-03-20,35.89065933227539,53.28941345214844,25.10586929321289,23.660200119018555,79.5577621459961,112.61177062988281,49.12272262573242,21.99789810180664
2025-03-21,35.732513427734375,52.95835876464844,25.10586929321289,23.8115234375,78.95120239257812,111.70741271972656,48.45191192626953,21.61306381225586
2025-03-24,35.526432037353516,52.92914962768555,25.287311553955078,23.62602996826172,79.79639434814453,110.70476531982422,48.75856399536133,21.762189865112305
2025-03-25,35.89065933227539,53.29914855957031,25.721817016601562,23.71877670288086,80.3134536743164,110.52782440185547,49.14188766479492,22.017139434814453
2025-03-26,36.45616912841797,52.95835876464844,25.597671508789062,23.767589569091797,78.7026138305664,109.0140151977539,47.89609146118164,21.771808624267578
2025-03-27,36.39387130737305,52.71493911743164,25.459203720092773,23.684606552124023,77.75798797607422,108.7977523803711,47.354652404785156,21.60344696044922
2025-03-28,35.713340759277344,52.335208892822266,24.967397689819336,23.92867660522461,76.27640533447266,109.15164184570312,47.00486755371094,20.982906341552734
2025-03-31,35.74688720703125,51.54652404785156,24.523344039916992,23.918914794921875,74.83460235595703,107.6181640625,45.81657028198242,20.429712295532227
2025-04-01,35.842742919921875,52.07231140136719,24.85280418395996,24.20203399658203,76.14714813232422,108.40455627441406,46.252601623535156,20.511486053466797
2025-04-02,35.631874084472656,51.84836959838867,24.781185150146484,23.92867660522461,75.94827270507812,106.47789001464844,46.209476470947266,20.636560440063477
2025-04-03,33.767608642578125,50.46574783325195,23.324867248535156,24.05071258544922,72.48795318603516,105.31795501708984,44.3647346496582,19.78993034362793
2025-04-04,31.510364532470703,47.81247329711914,21.39107894897461,23.108600616455078,69.74353790283203,100.42265319824219,42.96082305908203,18.920211791992188
2025-04-07,29.91447639465332,45.84564208984375,20.67486000061035,22.171367645263672,66.80026245117188,95.90087127685547,41.32211685180664,18.45648956298828
2025-04-08,30.427268981933594,47.174713134765625,21.247835159301758,22.444726943969727,68.80884552001953,98.43699645996094,41.59044647216797,19.154958724975586
2025-04-09,28.82659339904785,45.392879486083984,20.54593849182129,21.87848472595215,66.11418151855469,92.29328918457031,40.148197174072266,18.64120864868164
2025-04-10,29.468780517578125,47.15037155151367,21.615493774414062,22.493541717529297,68.9977798461914,95.03585052490234,41.20233154296875,19.482065200805664
2025-04-11,29.291458129882812,47.14550018310547,21.629817962646484,22.434967041015625,68.5006103515625,96.01882934570312,41.221492767333984,19.429149627685547
2025-04-14,30.13972282409668,48.4161491394043,22.422433853149414,23.035377502441406,70.18106079101562,99.06610870361328,42.1606330871582,19.7177734375
2025-04-15,30.638872146606445,49.258384704589844,23.113719940185547,23.419511795043945,72.06684875488281,99.8082504272461,43.14488220214844,20.027790069580078
2025-04-16,30.992992401123047,49.13180160522461,23.14719581604004,23.62076759338379,70.56212615966797,99.17716979980469,42.9179573059082,20.027790069580078
2025-04-17,31.448986053466797,48.98575210571289,22.979808807373047,23.660036087036133,69.63538360595703,97.31353759765625,43.07246017456055,20.008453369140625
2025-04-22,31.478090286254883,49.31680679321289,23.23806381225586,23.988922119140625,69.3862533569336,98.18126678466797,43.75324249267578,20.056793212890625
2025-04-23,31.550857543945312,50.183380126953125,24.094125747680664,24.052736282348633,72.0867691040039,99.8082504272461,44.66094207763672,20.559541702270508
2025-04-24,31.875871658325195,50.38785171508789,23.931522369384766,23.861295700073242,72.88397216796875,100.67596435546875,45.48656463623047,20.467695236206055
2025-04-25,32.1766357421875,50.57284927368164,24.232816696166992,23.448963165283203,73.33238983154297,100.53792572021484,45.945247650146484,20.719070434570312
2025-04-28,32.20573806762695,50.796791076660156,24.424116134643555,23.527502059936523,73.22278594970703,101.66202545166016,46.00801086425781,20.85926055908203
2025-04-29,32.166934967041016,51.030479431152344,24.763671875,23.67476463317871,73.75093078613281,103.04249572753906,46.04180908203125,20.951107025146484
2025-04-30,31.885578155517578,51.29336929321289,24.3858585357666,24.00855827331543,73.91036224365234,103.98910522460938,45.49622344970703,20.443525314331055
2025-05-02,32.34156799316406,52.189151763916016,24.687152862548828,24.08218765258789,76.92975616455078,105.9809341430664,46.44255065917969,21.410350799560547
2025-05-05,32.23969650268555,52.38389205932617,25.021926879882812,24.145999908447266,76.58098602294922,106.00065612792969,46.389442443847656,21.43935203552246
2025-05-06,32.375526428222656,52.21836853027344,24.911928176879883,24.214725494384766,76.13256072998047,104.62017822265625,46.592227935791016,21.39584732055664
2025-05-07,32.060211181640625,51.984683990478516,24.87845230102539,24.145999908447266,75.99305725097656,103.16082763671875,46.64533615112305,21.463523864746094
2025-05-08,32.41918182373047,52.22810363769531,25.313655853271484,23.95947265625,77.3482894897461,101.78035736083984,47.84272766113281,21.816417694091797
2025-05-09,33.06436538696289,52.481258392333984,25.519304275512695,24.0281925201416,77.58744812011719,102.41143035888672,48.25313186645508,21.724565505981445
2025-05-12,33.78231430053711,53.192047119140625,26.13624382019043,23.777847290039062,80.15841674804688,103.75245666503906,49.3925895690918,22.512531280517578
2025-05-13,34.07337188720703,53.240726470947266,26.13624382019043,23.714035034179688,81.3143539428711,102.62835693359375,50.377540588378906,22.841249465942383
2025-05-14,33.90843963623047,53.11415100097656,26.356239318847656,23.610950469970703,81.27449035644531,100.89290618896484,50.02991485595703,22.904094696044922
2025-05-15,33.84052658081055,53.46467208862305,26.43754005432129,24.11163902282715,81.4239730834961,102.21421813964844,49.83678436279297,22.841249465942383
2025-05-16,34.102481842041016,53.71782684326172,26.55232048034668,24.38652992248535,80.9356918334961,103.25943756103516,49.701595306396484,22.75907325744629
2025-05-19,33.90843963623047,53.87362289428711,26.72926902770996,24.622146606445312,80.57695007324219,103.75245666503906,49.62434005737305,22.96210289001465
2025-05-20,34.117034912109375,54.30203628540039,27.030567169189453,25.05902099609375,80.5271224975586,105.13292694091797,50.2906379699707,23.092626571655273
2025-05-21,33.85022735595703,54.263092041015625,26.992305755615234,25.284822463989258,81.05525970458984,105.36958312988281,50.1168212890625,22.928264617919922
2025-05-22,33.57372283935547,53.94178009033203,26.925352096557617,25.284822463989258,80.46733093261719,104.38352966308594,49.382930755615234,22.715564727783203
2025-05-23,33.4621467590332,53.4452018737793,26.490148544311523,25.03938865661621,79.18184661865234,103.7130126953125,47.857215881347656,22.560869216918945
2025-05-26,33.9278450012207,54.058616638183594,26.867963790893555,25.211193084716797,80.10859680175781,105.33013916015625,48.774574279785156,22.85091781616211
2025-05-27,34.05397033691406,54.17546081542969,26.85361671447754,25.17192268371582,81.0154037475586,105.17237091064453,48.69732666015625,23.07328987121582
2025-05-28,34.1121826171875,53.79572677612305,26.62883949279785,24.921579360961914,80.44740295410156,104.20603942871094,48.99667739868164,22.947603225708008
2025-05-29,33.91814041137695,53.747039794921875,26.705360412597656,24.784135818481445,80.20823669433594,104.00884246826172,48.88079833984375,22.9814395904541
2025-05-30,34.02001190185547,53.87362289428711,26.753183364868164,24.843040466308594,79.74984741210938,105.4484634399414,48.649044036865234,22.865419387817383
2025-06-02,34.49541091918945,53.747039794921875,26.79144287109375,24.84794807434082,79.17188262939453,105.33013916015625,47.61098098754883,22.865419387817383
2025-06-03,34.878639221191406,53.84440231323242,26.76274871826172,24.843040466308594,79.87939453125,104.93572235107422,47.963436126708984,22.879924774169922
2025-06-04,34.50511169433594,54.08782958984375,26.619274139404297,25.00502586364746,80.7762451171875,105.90205383300781,47.69788360595703,22.93793487548828
2025-06-05,34.47600555419922,54.16572189331055,26.844051361083984,25.122835159301758,81.17485046386719,106.35562896728516,47.750999450683594,22.841249465942383
2025-06-06,34.786468505859375,54.340980529785156,27.035348892211914,24.985393524169922,81.64320373535156,107.22335815429688,47.688228607177734,22.899261474609375
2025-06-09,34.689453125,54.272823333740234,27.078392028808594,24.84794807434082,82.01190948486328,107.0458755493164,47.6544303894043,23.063621520996094
2025-06-10,35.32493209838867,54.29229736328125,26.55710220336914,24.57796859741211,82.34075164794922,108.20940399169922,48.50419616699219,23.169971466064453
2025-06-11,35.36859130859375,54.155982971191406,26.600143432617188,24.411073684692383,82.23113250732422,107.95304107666016,48.22898864746094,23.09745979309082
2025-06-12,35.74211883544922,53.970985412597656,26.581016540527344,24.17054557800293,81.20474243164062,108.52494812011719,47.57718276977539,22.546367645263672
2025-06-13,35.916751861572266,53.46467208862305,26.241456985473633,23.964378356933594,79.989013671875,107.51918029785156,46.51497268676758,22.087125778198242
2025-06-16,36.067134857177734,53.695274353027344,26.74361801147461,24.25399398803711,80.78621673583984,105.94149780273438,46.29287338256836,22.870256423950195
2025-06-17,36.46491622924805,53.222713470458984,26.22233009338379,24.00364875793457,80.12852478027344,104.5018539428711,45.91144561767578,22.435182571411133
2025-06-18,36.372745513916016,53.015960693359375,26.38971710205078,24.0281925201416,79.65019989013672,103.39747619628906,45.539676666259766,22.42551612854004
2025-06-19,36.717166900634766,52.5827751159668,25.935379028320312,23.99382972717285,78.3647232055664,103.73273468017578,44.95546340942383,21.91309928894043
2025-06-20,36.48432159423828,52.70092010498047,26.112329483032227,24.052736282348633,78.56401062011719,102.92416381835938,45.245155334472656,22.1451358795166
2025-06-23,36.45035934448242,52.50402069091797,25.78712272644043,24.145999908447266,79.02240753173828,102.37197875976562,44.99409103393555,21.96143913269043
2025-06-24,35.53837585449219,53.094722747802734,26.590578079223633,24.455249786376953,80.51716613769531,103.1016616821289,45.626583099365234,22.865419387817383
2025-06-25,35.451053619384766,52.70092010498047,26.35145378112793,24.0281925201416,80.13848114013672,101.91840362548828,45.80039978027344,22.80741310119629
2025-06-26,35.5432243347168,52.73045349121094,26.298847198486328,24.052736282348633,79.7398910522461,101.8000717163086,45.34654998779297,22.952436447143555
2025-06-27,35.698455810546875,53.390079498291016,26.7244873046875,24.209814071655273,80.8858642578125,102.52974700927734,47.215065002441406,23.111961364746094
2025-06-30,35.480159759521484,53.10456848144531,26.638404846191406,24.16563606262207,80.7762451171875,101.70146179199219,46.572914123535156,23.194143295288086
2025-07-01,35.32007598876953,53.00612258911133,26.303630828857422,24.411073684692383,79.89932250976562,102.92416381835938,46.53428649902344,23.402008056640625
2025-07-02,35.78577423095703,53.11441421508789,26.499711990356445,24.263809204101562,79.7398910522461,102.80583953857422,47.31162643432617,23.489023208618164
2025-07-03,36.08168411254883,53.439300537109375,26.858396530151367,24.298171997070312,80.56698608398438,101.68175506591797,47.36956787109375,23.55186653137207
2025-07-04,35.96040725708008,53.163639068603516,26.55232048034668,24.322715759277344,79.77974700927734,102.7072525024414,46.7177619934082,23.38750648498535
2025-07-07,35.5432243347168,53.419612884521484,26.94926643371582,24.3521671295166,80.89582824707031,102.09588623046875,46.83363723754883,23.682388305664062
2025-07-08,35.945858001708984,53.65589904785156,27.131000518798828,24.234357833862305,81.64320373535156,102.80583953857422,47.56269836425781,23.866085052490234
2025-07-09,36.25147247314453,54.06938552856445,27.642724990844727,24.175453186035156,81.84249114990234,103.20026397705078,48.13242721557617,23.943431854248047
2025-07-10,36.32423400878906,54.35490036010742,27.460988998413086,23.9840145111084,82.38060760498047,105.0343246459961,49.093238830566406,24.18030548095703
2025-07-11,36.624996185302734,53.75434494018555,26.94926643371582,23.88583755493164,81.5335922241211,102.29309844970703,48.629730224609375,23.9144287109375
2025-07-14,36.27572250366211,53.744503021240234,27.09273910522461,23.99873924255371,81.22467803955078,102.84529113769531,47.9248161315918,23.866085052490234
2025-07-15,36.27873229980469,53.51806640625,26.85894012451172,23.633193969726562,81.95457458496094,101.9201889038086,48.43710708618164,23.774959564208984
2025-07-16,35.960838317871094,53.11441421508789,26.745403289794922,23.672590255737305,80.03961181640625,101.60124969482422,47.317405700683594,23.655986785888672
2025-07-17,36.229827880859375,53.734657287597656,27.1008243560791,23.9040470123291,81.7551040649414,101.3819808959961,47.7372932434082,24.032737731933594
2025-07-18,36.44990539550781,53.734657287597656,27.130441665649414,23.92374610900879,81.27635955810547,100.78398132324219,47.51734924316406,24.082311630249023
2025-07-21,36.288509368896484,53.70512390136719,27.219295501708984,23.918821334838867,81.37609100341797,100.08629608154297,47.69230651855469,24.26076889038086
2025-07-22,36.23471450805664,53.47868347167969,27.110694885253906,24.05670928955078,79.79026794433594,100.74411010742188,47.07746887207031,24.325214385986328
2025-07-23,36.894954681396484,54.059547424316406,27.48586082458496,23.849876403808594,78.90259552001953,103.15606689453125,48.85199737548828,24.612735748291016
2025-07-24,36.6406364440918,54.167842864990234,27.925203323364258,24.406356811523438,78.20443725585938,104.21253967285156,48.886985778808594,24.607776641845703
2025-07-25,36.57706069946289,54.059547424316406,27.91039276123047,24.238920211791992,77.72569274902344,103.79393768310547,49.51681900024414,24.662307739257812
2025-07-28,36.98787307739258,53.970943450927734,27.930137634277344,23.96806526184082,78.21440124511719,104.15274047851562,48.62705612182617,24.71683692932129
2025-07-29,37.217735290527344,54.09892654418945,28.384286880493164,24.061635971069336,78.59341430664062,102.61785888671875,48.56207275390625,24.76145362854004
2025-07-30,37.266639709472656,54.09892654418945,28.517568588256836,24.071483612060547,79.02229309082031,102.05972290039062,47.63732147216797,24.840768814086914
2025-07-31,37.3106575012207,53.695274353027344,28.581743240356445,23.9483699798584,78.12464904785156,100.58464050292969,45.792808532714844,24.573076248168945
2025-08-01,36.6406364440918,52.40556716918945,27.732681274414062,23.879423141479492,76.09996795654297,98.3919448852539,44.898048400878906,23.928634643554688
2025-08-04,36.70421600341797,53.13410568237305,28.45833396911621,24.17490005493164,76.51885986328125,99.61785888671875,44.758087158203125,24.196327209472656
2025-08-05,36.93896484375,53.173484802246094,28.36454200744629,24.135501861572266,76.52883911132812,99.66769409179688,45.302940368652344,24.26076889038086
2025-08-06,37.42313766479492,53.21286392211914,28.69034194946289,24.165050506591797,76.2396011352539,96.85706329345703,45.23795700073242,24.27564239501953
2025-08-07,36.90473175048828,53.714969635009766,29.159299850463867,23.72183609008789,77.55614471435547,98.18264770507812,46.09272766113281,24.766408920288086
2025-08-08,36.934078216552734,53.82326126098633,29.55421257019043,23.707061767578125,77.14720916748047,98.55140686035156,46.57760238647461,24.543331146240234
2025-08-11,36.978092193603516,53.77404022216797,29.781288146972656,23.943443298339844,77.17713165283203,98.86038970947266,46.447635650634766,24.35495948791504
2025-08-12,37.550296783447266,53.88233184814453,29.929380416870117,24.041934967041016,75.55140686035156,99.1793212890625,46.94750213623047,24.637521743774414
2025-08-13,37.027000427246094,54.167842864990234,30.121898651123047,24.155200958251953,76.46898651123047,100.72416687011719,47.287410736083984,24.47888946533203
2025-08-14,37.06612777709961,54.5616455078125,30.447702407836914,24.312789916992188,76.77818298339844,101.44178009033203,47.807273864746094,24.652393341064453
2025-08-15,37.163936614990234,54.55180358886719,30.358844757080078,24.401432037353516,76.38920593261719,102.1793212890625,48.072200775146484,24.8358097076416
2025-08-18,37.29109191894531,54.5616455078125,30.112024307250977,24.514698028564453,76.2994384765625,103.5148696899414,47.74728775024414,24.811025619506836
2025-08-19,37.413360595703125,54.92591857910156,30.304546356201172,24.559019088745117,76.69839477539062,104.25241088867188,48.92197799682617,25.044015884399414
2025-08-20,37.34978485107422,55.05390167236328,30.299610137939453,24.77077865600586,76.27949523925781,105.02981567382812,48.62705612182617,24.76145362854004
2025-08-21,37.69212341308594,55.07359313964844,30.50200080871582,24.691984176635742,75.95035552978516,105.36869049072266,48.42211151123047,24.71187973022461
2025-08-22,37.88286209106445,55.29018783569336,30.48719024658203,24.77077865600586,76.6784439086914,105.42848205566406,49.10692596435547,25.0390567779541
2025-08-25,37.926876068115234,54.994834899902344,30.289735794067383,24.726455688476562,76.52883911132812,104.95008087158203,48.67204284667969,24.89529800415039
2025-08-26,37.716583251953125,54.581336975097656,29.736860275268555,24.706756591796875,76.20967864990234,104.79061126708984,48.33213424682617,24.731708526611328
2025-08-27,37.775264739990234,54.63056564331055,29.371566772460938,24.790475845336914,76.81806945800781,105.52815246582031,47.977230072021484,24.50367546081543
2025-08-28,37.697017669677734,54.55180358886719,29.35181999206543,24.554094314575195,76.72831726074219,104.85041809082031,48.25715255737305,24.548290252685547
2025-08-29,37.69212341308594,54.18753433227539,29.090190887451172,24.534395217895508,75.3120346069336,104.45175170898438,47.92723846435547,24.27068328857422
2025-09-01,37.73125076293945,54.335205078125,29.332073211669922,24.6230411529541,75.34195709228516,104.95008087158203,48.28714370727539,24.245899200439453
2025-09-02,37.34978485107422,53.44915008544922,28.85324478149414,24.396509170532227,73.25743865966797,104.1328125,47.922245025634766,23.537012100219727
2025-09-03,37.06612777709961,53.83311080932617,29.006271362304688,24.2635440826416,73.84589385986328,105.84709167480469,47.90724563598633,23.799745559692383
2025-09-04,37.19328308105469,54.14815139770508,29.381439208984375,24.691984176635742,74.7036361694336,105.94676208496094,47.877254486083984,23.601457595825195
2025-09-05,36.52326202392578,54.10877227783203,29.050701141357422,24.687061309814453,74.99288177490234,105.74742126464844,47.70730209350586,23.829490661621094
2025-09-08,36.75312423706055,54.35490036010742,29.425867080688477,24.30293846130371,75.860595703125,105.10955047607422,47.512351989746094,23.879060745239258
2025-09-09,37.18838882446289,54.38443374633789,29.692432403564453,24.480224609375,75.89051055908203,104.95008087158203,47.2274284362793,24.007949829101562
2025-09-10,37.40357971191406,54.36474609375,29.973806381225586,24.26846694946289,74.67372131347656,104.69094848632812,46.96749496459961,23.636157989501953
2025-09-11,37.22262191772461,54.68963623046875,30.215688705444336,24.37681007385254,74.63381958007812,105.22915649414062,47.59233093261719,23.720428466796875
2025-09-12,37.06612777709961,54.63056564331055,30.24530792236328,24.396509170532227,74.97293090820312,104.11286926269531,47.2274284362793,23.67085838317871
2025-09-15,37.18838882446289,54.89006423950195,30.6106014251709,24.248769760131836,75.57135772705078,103.11619567871094,47.25242233276367,23.765045166015625
2025-09-16,37.1737174987793,54.2537727355957,30.023170471191406,23.93359375,75.04273986816406,102.55805969238281,47.022483825683594,23.517183303833008
2025-09-17,36.76290512084961,54.24383544921875,29.894824981689453,23.95821762084961,76.07003784179688,103.23580169677734,46.792545318603516,23.517183303833008
2025-09-18,37.056339263916016,54.67134094238281,30.082406997680664,23.9040470123291,79.27163696289062,103.73413848876953,47.32740020751953,23.442825317382812
2025-09-19,36.76290512084961,54.601741790771484,30.25518226623535,23.87449836730957,78.5734634399414,104.0530776977539,47.24242401123047,23.403167724609375
2025-09-22,36.934078216552734,54.48244094848633,30.04291534423828,23.608570098876953,79.11204528808594,104.4716796875,46.28767776489258,23.244535446166992
2025-09-23,37.35466766357422,54.651458740234375,30.230501174926758,23.56917381286621,79.65062713623047,103.27566528320312,47.192440032958984,23.581626892089844
2025-09-24,37.9366569519043,54.53215026855469,30.24530792236328,23.53962516784668,79.29158020019531,102.47832489013672,46.847530364990234,23.47752571105957
2025-09-25,38.04914474487305,54.17424011230469,30.018234252929688,23.56917381286621,79.01231384277344,100.54476928710938,46.61259078979492,23.527097702026367
2025-09-26,38.50886154174805,54.63157272338867,30.585920333862305,23.68736457824707,78.94249725341797,100.6843032836914,46.792545318603516,23.799745559692383
2025-09-29,38.00023651123047,54.73099136352539,30.344038009643555,23.692289352416992,79.84014129638672,101.5613784790039,47.04747772216797,23.735301971435547
2025-09-30,37.37912368774414,54.959659576416016,30.423019409179688,23.884349822998047,80.32884979248047,102.4384536743164,46.847530364990234,23.66094398498535
2025-10-01,38.16651916503906,55.62577819824219,30.66983985900879,23.96806526184082,80.94722747802734,108.11952209472656,47.4423713684082,23.596498489379883
2025-10-02,38.083377838134766,55.93397903442383,30.41314697265625,23.879423141479492,82.80233764648438,108.37864685058594,48.49708938598633,23.665903091430664
2025-10-03,38.132286071777344,56.202415466308594,30.70932960510254,23.815404891967773,82.80233764648438,109.71420288085938,48.642051696777344,23.770004272460938
2025-10-06,38.616455078125,56.182533264160156,30.452634811401367,23.820327758789062,83.7099609375,110.25240325927734,48.762020111083984,23.715473175048828
2025-10-07,38.670249938964844,56.112937927246094,30.161388397216797,23.80555534362793,82.76245880126953,109.85372924804688,48.637054443359375,23.66094398498535
2025-10-08,38.87565612792969,56.55038833618164,30.590856552124023,24.022235870361328,82.3236083984375,110.87034606933594,47.647315979003906,23.9583797454834
2025-10-09,38.96369171142578,56.30183792114258,30.112024307250977,24.19952392578125,81.92465209960938,110.5314712524414,45.28794479370117,24.007949829101562
2025-10-10,37.833953857421875,55.556182861328125,29.796096801757812,24.20937156677246,79.37136840820312,109.3155288696289,44.1932373046875,23.50726890563965
2025-10-13,38.058921813964844,55.87432861328125,29.983680725097656,23.997615814208984,80.9970932006836,109.63446807861328,43.96829605102539,23.735301971435547
2025-10-14,37.721466064453125,55.665550231933594,30.00836181640625,24.44083023071289,80.61808776855469,108.5979232788086,42.89358139038086,23.770004272460938
2025-10-15,37.93087387084961,55.95386505126953,29.941526412963867,24.58832359313965,81.97523498535156,108.65764617919922,43.349998474121094,23.58863639831543
2025-10-16,37.92592239379883,56.4012565612793,30.100234985351562,24.722604751586914,82.21504211425781,109.35724639892578,44.01499938964844,23.48879051208496
2025-10-17,37.60396957397461,55.814674377441406,29.316608428955078,24.861860275268555,81.41567993164062,109.4172134399414,44.380001068115234,23.324045181274414
2025-10-20,37.79713821411133,56.4012565612793,29.64890480041504,24.926511764526367,83.45406341552734,110.15679168701172,44.7599983215332,23.438867568969727
2025-10-21,37.831809997558594,56.55038833618164,29.64890480041504,24.936460494995117,83.88372039794922,110.13679504394531,45.34000015258789,23.5936279296875
2025-10-22,38.094329833984375,56.421138763427734,29.703460693359375,24.881752014160156,82.6846694946289,109.876953125,44.650001525878906,23.93310546875
2025-10-23,39.0849494934082,56.6199836730957,29.748098373413086,24.87180519104004,82.92447662353516,109.3372573852539,44.98500061035156,23.37396812438965
2025-10-27,39.253353118896484,56.90830612182617,30.1696720123291,24.817100524902344,84.1934814453125,108.93748474121094,45.73500061035156,23.713443756103516
2025-10-28,39.2830696105957,56.788997650146484,30.41765594482422,25.374116897583008,83.92369079589844,107.03857421875,45.77000045776367,23.5936279296875
2025-10-29,39.77342987060547,56.73928451538086,30.829307556152344,24.88672637939453,83.43408203125,107.59825897216797,45.970001220703125,23.37896156311035
2025-10-30,39.798194885253906,56.67963409423828,30.84418487548828,24.72757911682129,84.1335220336914,107.55828094482422,45.29499816894531,23.568668365478516
2025-10-31,39.68922424316406,56.4410285949707,30.91362190246582,24.414257049560547,83.294189453125,107.13851928710938,45.27000045776367,23.458837509155273
2025-11-03,39.9022102355957,56.47085189819336,30.997936248779297,24.2899227142334,83.82376861572266,106.49888610839844,45.56999969482422,23.883182525634766
2025-11-04,39.75361633300781,56.3117790222168,31.037614822387695,23.91194725036621,83.03439331054688,107.37838745117188,45.40999984741211,23.58863639831543
2025-11-05,40.08052062988281,56.421138763427734,31.141767501831055,23.822425842285156,82.81456756591797,106.35896301269531,46.4900016784668,23.68848419189453
2025-11-06,39.813053131103516,56.003578186035156,31.24591827392578,23.847293853759766,81.25579833984375,106.57884216308594,46.1349983215332,23.279115676879883
2025-11-07,39.808101654052734,55.71525573730469,30.943378448486328,23.916919708251953,79.65706634521484,106.1590805053711,46.43000030517578,22.95960807800293
2025-11-10,40.36284637451172,56.5305061340332,31.578216552734375,23.872159957885742,80.80615997314453,107.61824035644531,46.93000030517578,23.51874542236328
2025-11-11,41.165252685546875,57.266212463378906,32.218013763427734,24.220294952392578,81.3057632446289,110.73645782470703,47.66999816894531,23.613597869873047
2025-11-12,40.868064880371094,57.693721771240234,32.743736267089844,24.304841995239258,81.59553527832031,112.0157241821289,48.09000015258789,23.808298110961914
2025-11-13,40.56592559814453,57.30598449707031,32.63462829589844,24.29489517211914,81.04596710205078,112.0157241821289,47.92499923706055,23.668514251708984
2025-11-14,41.06123733520508,56.75917434692383,31.8956356048584,24.066120147705078,80.06673431396484,111.0562744140625,47.459999084472656,23.363983154296875
2025-11-17,41.343563079833984,56.450965881347656,31.58317756652832,24.03628158569336,79.05754089355469,111.23616790771484,46.75,23.094398498535156
2025-11-18,40.43218994140625,55.466705322265625,30.670597076416016,23.678197860717773,77.63865661621094,110.39665222167969,45.334999084472656,22.66006851196289
2025-11-19,40.219207763671875,55.416996002197266,30.71027374267578,23.42953109741211,78.03833770751953,110.27671813964844,45.3650016784668,22.989561080932617
2025-11-20,40.63526916503906,55.6158332824707,30.9582576751709,23.43450355529785,78.01836395263672,110.41664123535156,44.77000045776367,22.954614639282227
2025-11-21,39.7387580871582,55.476646423339844,30.84418487548828,23.693117141723633,76.41962432861328,111.53599548339844,45.244998931884766,23.294090270996094
2025-11-24,39.82791519165039,55.546241760253906,31.067371368408203,23.60359764099121,77.27893829345703,111.07625579833984,45.599998474121094,23.62358283996582
2025-11-25,39.808101654052734,56.013519287109375,31.598054885864258,23.8870792388916,77.31890869140625,112.41549682617188,46.03499984741211,24.117822647094727
2025-11-26,40.2736930847168,56.67963409423828,32.168418884277344,24.001466751098633,78.98759460449219,113.25501251220703,45.88999938964844,24.37242889404297
2025-11-27,40.24892807006836,56.71940231323242,32.29737091064453,24.01141357421875,78.7477798461914,112.71531677246094,46.29999923706055,24.382413864135742
2025-11-28,40.6600341796875,56.90830612182617,32.35688400268555,24.061147689819336,79.20741271972656,112.59539031982422,46.439998626708984,24.187713623046875
2025-12-01,40.6005973815918,56.71940231323242,32.436241149902344,23.872159957885742,79.38727569580078,112.17562866210938,46.724998474121094,24.10284423828125
2025-12-02,40.66994094848633,56.788997650146484,32.74869918823242,23.906972885131836,79.53715515136719,112.59539031982422,46.650001525878906,23.983030319213867
2025-12-03,40.932456970214844,56.878475189208984,32.4709587097168,23.807504653930664,80.56634521484375,112.79527282714844,47.119998931884766,24.017974853515625
2025-12-04,41.15534210205078,57.11708450317383,32.79829406738281,23.892053604125977,81.0159912109375,112.11566162109375,48.25,23.743398666381836
2025-12-05,40.72442626953125,57.146907806396484,32.56519317626953,23.81745147705078,81.2757797241211,112.35552215576172,49.0,23.783336639404297
2025-12-08,40.63031768798828,57.057430267333984,32.76357650756836,23.6732234954834,81.28577423095703,112.25558471679688,48.52000045776367,23.768360137939453
2025-12-09,40.526302337646484,56.997779846191406,32.92724609375,23.663278579711914,80.97602081298828,111.53599548339844,48.220001220703125,23.663522720336914
2025-12-10,40.57583236694336,57.02760696411133,33.17026901245117,23.608572006225586,80.82614135742188,111.79584503173828,47.540000915527344,23.61859130859375
2025-12-11,40.447052001953125,57.33580780029297,33.61167907714844,23.663278579711914,80.89608764648438,112.11566162109375,47.84000015258789,24.052921295166016
2025-12-12,39.99631881713867,57.007720947265625,33.16035079956055,23.608572006225586,79.85690307617188,111.47602844238281,48.05500030517578,24.3674373626709
2025-12-15,40.0656623840332,57.460601806640625,33.71583557128906,23.648357391357422,80.4064712524414,111.95574951171875,47.974998474121094,24.567129135131836
2025-12-16,39.32765197753906,57.22118377685547,33.62160110473633,23.648357391357422,79.29734802246094,110.976318359375,47.755001068115234,24.736865997314453
2025-12-17,39.34746551513672,57.1513557434082,33.904300689697266,23.84231948852539,77.95840454101562,111.21617889404297,47.34000015258789,24.79677391052246
2025-12-18,39.644649505615234,57.729949951171875,34.29115676879883,24.09596061706543,79.04754638671875,111.49601745605469,47.46500015258789,24.89162826538086
2025-12-19,40.01613235473633,57.95939254760742,34.55897903442383,24.11087989807129,79.18743133544922,112.47545623779297,47.57500076293945,25.10130500793457
2025-12-22,40.1102409362793,57.84966278076172,34.484580993652344,24.115856170654297,79.10749816894531,112.21560668945312,47.15999984741211,25.141244888305664
2025-12-23,40.14491271972656,58.06912612915039,34.64329147338867,24.260082244873047,79.11749267578125,113.75472259521484,46.95000076293945,25.03141212463379
2025-12-29,40.29350662231445,58.14893341064453,34.5192985534668,24.439123153686523,79.42724609375,113.67476654052734,47.185001373291016,24.846698760986328
2025-12-30,40.48172378540039,58.45818328857422,34.9507942199707,24.523672103881836,80.12669372558594,113.97459411621094,47.3650016784668,24.95652961730957
2026-01-02,41.22964096069336,58.887142181396484,35.37236404418945,24.538591384887695,81.58554077148438,113.55484008789062,48.33000183105469,25.046388626098633
2026-01-05,41.54663848876953,59.415863037109375,35.719539642333984,24.483882904052734,84.76303100585938,113.43490600585938,47.685001373291016,25.116283416748047
2026-01-06,41.46739196777344,59.745059967041016,35.59554672241211,24.49382972717285,85.25263977050781,116.63306427001953,47.689998626708984,25.320966720581055
2026-01-07,40.57583236694336,59.7251091003418,34.955753326416016,24.677845001220703,85.76224517822266,117.81239318847656,47.34000015258789,25.181180953979492
2026-01-08,39.83782196044922,59.60540008544922,35.26325225830078,24.78725814819336,83.93368530273438,117.9922866821289,47.41999816894531,25.241090774536133
2026-01-09,40.823486328125,60.25382995605469,35.421958923339844,24.677845001220703,86.87136840820312,118.71187591552734,47.775001525878906,25.106298446655273
2026-01-12,41.10086441040039,60.35358428955078,35.62034606933594,24.74249839782715,87.16114044189453,118.65191650390625,47.1150016784668,24.68694496154785
2026-01-13,41.85373306274414,60.29372787475586,35.85345458984375,24.424203872680664,87.5608139038086,117.89234924316406,46.5,24.5172061920166
2026-01-14,42.01718521118164,60.373538970947266,35.87825012207031,24.64800453186035,86.04202270507812,119.51142120361328,46.88999938964844,24.182720184326172
2026-01-15,41.94499969482422,60.72269058227539,36.10499954223633,24.7549991607666,88.04000091552734,118.33999633789062,46.474998474121094,24.579999923706055
2026-01-16,42.48500061035156,60.732666015625,36.119998931884766,24.43000030517578,88.08999633789062,119.27999877929688,45.75,24.5049991607666
2026-01-19,42.01499938964844,59.924625396728516,35.849998474121094,24.69499969482422,85.37999725341797,117.4000015258789,44.68000030517578,24.290000915527344
2026-01-20,41.939998626708984,59.48569107055664,35.51499938964844,24.364999771118164,85.45999908447266,116.91999816894531,44.44499969482422,24.145000457763672
2026-01-21,42.310001373291016,59.46574020385742,35.43000030517578,24.110000610351562,85.54000091552734,116.23999786376953,44.915000915527344,24.399999618530273
2026-01-22,42.22999954223633,60.134117126464844,36.19499969482422,24.55500030517578,86.5,118.31999969482422,45.94499969482422,24.829999923706055
2026-01-23,42.8650016784668,60.0842399597168,35.849998474121094,24.950000762939453,87.01000213623047,118.58000183105469,45.69499969482422,24.44499969482422
2026-01-26,43.0,60.17402267456055,36.19499969482422,25.020000457763672,86.87000274658203,119.04000091552734,45.41999816894531,24.209999084472656
2026-01-27,43.279998779296875,60.53314971923828,36.845001220703125,25.295000076293945,87.16999816894531,119.62000274658203,44.970001220703125,24.09000015258789
2026-01-28,43.709999084472656,60.05431365966797,36.3650016784668,25.31999969482422,86.55000305175781,116.5,45.040000915527344,24.100000381469727
2026-01-29,44.28499984741211,59.93460464477539,36.25,25.184999465942383,83.2699966430664,116.58000183105469,45.220001220703125,24.045000076293945
2026-01-30,44.47999954223633,60.393489837646484,36.875,25.610000610351562,84.30000305175781,117.41999816894531,45.314998626708984,24.219999313354492
2026-02-02,44.45000076293945,61.03194046020508,37.564998626708984,26.010000228881836,85.05999755859375,118.94000244140625,45.63999938964844,24.790000915527344
2026-02-03,45.14500045776367,61.01198959350586,37.875,26.21500015258789,81.33999633789062,118.5999984741211,45.595001220703125,24.489999771118164
2026-02-04,45.42499923706055,61.04191589355469,37.54499816894531,27.100000381469727,79.30999755859375,118.22000122070312,47.26499938964844,25.079999923706055
2026-02-05,44.310001373291016,60.47329330444336,36.30500030517578,27.114999771118164,80.08999633789062,117.77999877929688,45.959999084472656,24.55500030517578
2026-02-06,45.025001525878906,60.98206329345703,36.71500015258789,27.155000686645508,81.04000091552734,118.18000030517578,44.665000915527344,24.7450008392334
2026-02-09,45.474998474121094,61.40104293823242,37.22999954223633,27.385000228881836,81.73999786376953,118.08000183105469,44.630001068115234,24.860000610351562
2026-02-10,44.75,61.361141204833984,36.790000915527344,27.299999237060547,81.83000183105469,119.16000366210938,45.72999954223633,24.739999771118164
2026-02-11,46.41999816894531,61.450923919677734,36.38999938964844,27.71500015258789,80.22000122070312,119.73999786376953,45.84000015258789,24.15999984741211
2026-02-12,45.88999938964844,61.171600341796875,35.720001220703125,28.19499969482422,78.95999908447266,120.0999984741211,46.220001220703125,24.325000762939453
2026-02-13,45.90999984741211,61.091796875,34.71500015258789,28.239999771118164,80.3499984741211,121.26000213623047,46.314998626708984,24.204999923706055
2026-02-16,46.099998474121094,61.18157958984375,35.20000076293945,28.4950008392334,79.45999908447266,120.9800033569336,46.11000061035156,24.350000381469727
2026-02-17,45.834999084472656,61.510780334472656,35.625,28.709999084472656,80.08000183105469,122.87999725341797,46.404998779296875,24.584999084472656
2026-02-18,46.83000183105469,62.219058990478516,36.3650016784668,28.4950008392334,82.33999633789062,122.73999786376953,46.54999923706055,24.55500030517578
2026-02-19,47.35499954223633,61.909812927246094,35.904998779296875,28.770000457763672,81.87000274658203,122.04000091552734,45.95500183105469,24.170000076293945
2026-02-20,47.15999984741211,62.46845245361328,36.415000915527344,28.780000686645508,82.87999725341797,121.9800033569336,46.17499923706055,24.225000381469727
2026-02-23,47.459999084472656,62.129276275634766,36.415000915527344,29.0,81.8499984741211,120.27999877929688,45.40999984741211,23.834999084472656
2026-02-24,47.72999954223633,62.27891540527344,35.98500061035156,29.024999618530273,82.55000305175781,120.5,46.29499816894531,24.010000228881836
2026-02-25,48.2599983215332,62.747779846191406,36.939998626708984,29.28499984741211,83.86000061035156,120.33999633789062,46.154998779296875,24.295000076293945
2026-02-26,48.26499938964844,62.677947998046875,37.0,28.735000610351562,83.33999633789062,119.08000183105469,46.404998779296875,24.780000686645508
2026-02-27,48.564998626708984,62.71784973144531,36.345001220703125,29.520000457763672,83.48999786376953,120.18000030517578,46.45000076293945,24.065000534057617
2026-03-02,49.584999084472656,61.7003173828125,35.185001373291016,29.31999969482422,82.05999755859375,118.87999725341797,44.435001373291016,23.309999465942383
2026-03-03,48.8650016784668,59.85479736328125,33.73500061035156,28.81999969482422,79.83000183105469,116.5,43.224998474121094,22.989999771118164
2026-03-04,48.595001220703125,60.62293243408203,34.5099983215332,29.145000457763672,81.95999908447266,117.73999786376953,43.8650016784668,23.625
2026-03-05,48.56999969482422,59.79494094848633,33.96500015258789,28.854999542236328,81.94000244140625,115.87999725341797,43.1349983215332,23.170000076293945
2026-03-06,49.03499984741211,59.256248474121094,33.439998626708984,28.81999969482422,80.26000213623047,114.0,42.32500076293945,23.049999237060547
2026-03-09,49.73500061035156,58.84724044799805,33.2400016784668,28.524999618530273,80.22000122070312,113.83999633789062,41.41999816894531,22.59000015258789
2026-03-10,49.755001068115234,60.004432678222656,34.3849983215332,28.774999618530273,82.5199966430664,114.73999786376953,42.3650016784668,23.155000686645508
2026-03-11,50.61000061035156,59.66525650024414,34.18000030517578,28.78499984741211,82.2699966430664,113.69999694824219,42.2400016784668,23.200000762939453
2026-03-12,51.36000061035156,59.31610107421875,33.10499954223633,28.940000534057617,81.51000213623047,112.76000213623047,42.08000183105469,22.735000610351562
2026-03-13,51.59000015258789,58.98690414428711,32.70000076293945,29.264999389648438,81.41000366210938,112.5199966430664,41.52000045776367,22.450000762939453
2026-03-16,52.11000061035156,59.2400016784668,32.90999984741211,29.434999465942383,81.6500015258789,112.80000305175781,40.974998474121094,22.5
2026-03-17,53.279998779296875,59.63999938964844,33.19499969482422,29.7450008392334,81.76000213623047,113.0,41.279998779296875,22.604999542236328
2026-03-18,53.540000915527344,59.189998626708984,33.494998931884766,29.225000381469727,80.62999725341797,111.08000183105469,41.095001220703125,22.6299991607666
2026-03-19,54.290000915527344,57.720001220703125,32.46500015258789,28.649999618530273,78.37999725341797,108.81999969482422,39.505001068115234,21.989999771118164
2026-03-20,53.150001525878906,56.70000076293945,31.80500030517578,28.149999618530273,76.54000091552734,107.58000183105469,39.154998779296875,21.760000228881836
2026-03-23,52.25,57.13999938964844,32.54499816894531,27.934999465942383,77.7699966430664,107.44000244140625,39.970001220703125,22.34000015258789
2026-03-24,53.54999923706055,57.31999969482422,32.40999984741211,28.604999542236328,77.58000183105469,107.83999633789062,40.01499938964844,22.31999969482422
2026-03-25,54.15999984741211,58.290000915527344,33.19499969482422,28.760000228881836,78.7300033569336,110.04000091552734,40.41999816894531,22.649999618530273
2026-03-26,54.56999969482422,57.56999969482422,32.564998626708984,28.575000762939453,76.87999725341797,109.94000244140625,40.21500015258789,22.34000015258789
2026-03-27,54.29999923706055,57.04999923706055,32.310001373291016,28.25,75.3499984741211,110.0199966430664,39.98500061035156,21.985000610351562
2026-03-30,55.29999923706055,57.63999938964844,32.46500015258789,28.600000381469727,74.95999908447266,111.33999633789062,40.369998931884766,21.875
2026-03-31,55.720001220703125,57.91999816894531,32.709999084472656,28.479999542236328,75.75,111.36000061035156,40.54999923706055,21.989999771118164
2026-04-01,54.189998626708984,59.36000061035156,34.23500061035156,28.790000915527344,78.55999755859375,113.37999725341797,41.58000183105469,22.81999969482422
2026-04-02,55.43000030517578,59.2400016784668,33.81999969482422,28.885000228881836,77.66999816894531,113.87999725341797,41.55500030517578,22.645000457763672
