market,drawdown_threshold,freq,horizon,target,indicator,pseudo_r2,p_value,z_score,coef,odds_ratio,n_obs,n_crisis
Nikkei,0.03,D,5,Crisis_next_5D,HY_Spread,0.003138796984124892,0.0019883877896134366,3.091961286574353,0.07804443042852219,1.0811706944802109,4114,450
Nikkei,0.03,D,5,Crisis_next_5D,Yield_Curve,0.0007113239889959821,0.15335254955956865,1.4277891749009792,0.16090316474756516,1.1745712234057566,4114,450
Nikkei,0.03,D,5,Crisis_next_5D,Neely,0.00014746025104406257,0.5162688100378274,0.6491076306078252,0.06864468036664848,1.0710555744548467,4114,450
Nikkei,0.03,D,5,Crisis_next_5D,PatroCorr,0.0006652620031589729,0.17126147783303058,1.3681616658272457,0.5062236082839984,1.6590142626098796,4114,450
Nikkei,0.03,D,5,Crisis_next_5D,SahmIndicator,8.447862737237521e-06,0.8763645008915983,0.15557947957022059,0.027485724885955576,1.0278669420847026,4114,450
Nikkei,0.03,D,5,Crisis_next_5D,VIX,0.008353445358067701,3.673652287001377e-07,5.085134712735004,0.031024105078529728,1.0315103682252733,4114,450
Nikkei,0.03,D,5,Crisis_next_5D,M2_Growth,0.003177436795653521,0.0023287586840067165,-3.044747323895708,-0.23084887736196216,0.7938594271014529,4114,450
Nikkei,0.03,D,5,Crisis_next_5D,BuffettDeviation,0.0008000255798760181,0.13109196419654962,-1.5098097980621272,-0.2392260199855126,0.7872369309834244,4114,450
Nikkei,0.03,D,5,Crisis_next_5D,Systemic_Corr,0.00013390423870474066,0.538496702322915,0.6150878548436123,0.23084511798834986,1.2596641250260767,4114,450
Nikkei,0.03,D,5,Crisis_next_5D,Shiller_CAPE,0.006230060293450301,2.6441511815742355e-05,-4.202130074918893,-0.04308149352093509,0.9578333296758615,4114,450
Nikkei,0.03,D,5,Crisis_next_5D,YC_10Y3M,0.0007113239889959821,0.15335254955956865,1.4277891749009792,0.16090316474756516,1.1745712234057566,4114,450
Nikkei,0.03,D,5,Crisis_next_5D,CFNAI,1.0814750226240122e-05,0.7598462538754267,-0.30568269044728513,-0.020977618510361725,0.9792408811938311,4114,450
Nikkei,0.03,D,5,Crisis_next_5D,CISS,0.0022851141085581395,0.008526747375598092,2.6304676923342973,0.9851897648596741,2.6783200872355235,4114,450
Nikkei,0.03,D,5,Crisis_next_5D,Downside_Beta,2.6680486332808506e-05,0.7832318787128273,-0.27510980515755695,-0.0669247227604171,0.9352656028997888,4114,450
Nikkei,0.03,D,5,Crisis_next_5D,NFCI,0.0012127060713844617,0.05477489740716839,1.9206575279647564,0.3008177763481931,1.3509631416698458,4114,450
Nikkei,0.03,D,5,Crisis_next_5D,EPU,0.0013658019366959984,0.05655617491405009,-1.9067252542473478,-0.000963967116959531,0.9990364973500862,4114,450
Nikkei,0.03,D,5,Crisis_next_5D,RSkew,0.003088241308269568,0.0028802999073815954,-2.9802321681842967,-0.23132566797152898,0.7934810126007037,4114,450
Nikkei,0.03,D,5,Crisis_next_5D,RSV_Ratio,0.0011532723785359078,0.07116766802523608,1.8044060965729067,0.7739949853866434,2.1684117462168784,4114,450
Nikkei,0.03,D,5,Crisis_next_5D,HillTail,0.005395677652264341,0.00010743173462290264,-3.8731634283913206,-1.8350429697091126,0.15960664336972935,4114,450
Nikkei,0.03,D,10,Crisis_next_10D,HY_Spread,0.00011629484766373377,0.5135842952553913,0.6532667948811457,0.015365364891727419,1.0154840190534007,4109,660
Nikkei,0.03,D,10,Crisis_next_10D,Yield_Curve,0.0025669183593092226,0.002217749021023149,3.0594079860885013,0.29290005421031656,1.3403088255131925,4109,660
Nikkei,0.03,D,10,Crisis_next_10D,Neely,2.4376522634983466e-05,0.7667382939496017,-0.29664402744415796,-0.027004085089203895,0.9733572652649592,4109,660
Nikkei,0.03,D,10,Crisis_next_10D,PatroCorr,0.0006708813503117916,0.12082650482437322,1.5513137852854886,0.48829752466829124,1.6295396060863157,4109,660
Nikkei,0.03,D,10,Crisis_next_10D,SahmIndicator,0.0003631942270770905,0.2611651841537278,-1.123641403191393,-0.18045241318572633,0.8348924096216848,4109,660
Nikkei,0.03,D,10,Crisis_next_10D,VIX,0.0003011442252426333,0.2914022812814919,1.055050385962017,0.006206175213657232,1.0062254734210783,4109,660
Nikkei,0.03,D,10,Crisis_next_10D,M2_Growth,0.0021887118267225336,0.0044746130931232,-2.842607551386108,-0.18562635130262628,0.8305838835950196,4109,660
Nikkei,0.03,D,10,Crisis_next_10D,BuffettDeviation,0.00014688196037992984,0.466979979877028,-0.7274015914547003,-0.09889853843364835,0.9058346107596351,4109,660
Nikkei,0.03,D,10,Crisis_next_10D,Systemic_Corr,4.676683281423788e-05,0.6809826511375401,0.4111225834655787,0.1305004882484663,1.139398496202993,4109,660
Nikkei,0.03,D,10,Crisis_next_10D,Shiller_CAPE,0.0015867940917909662,0.016497439298578057,-2.397720697862025,-0.020889043397315826,0.9793276214070374,4109,660
Nikkei,0.03,D,10,Crisis_next_10D,YC_10Y3M,0.0025669183593092226,0.002217749021023149,3.0594079860885013,0.29290005421031656,1.3403088255131925,4109,660
Nikkei,0.03,D,10,Crisis_next_10D,CFNAI,0.0012216790679853151,0.03952518850832738,2.058677025611688,0.1293132752063399,1.138046590107186,4109,660
Nikkei,0.03,D,10,Crisis_next_10D,CISS,6.222679027900746e-05,0.6257358497455765,0.487737410336361,0.16908007962466612,1.1842149666170865,4109,660
Nikkei,0.03,D,10,Crisis_next_10D,Downside_Beta,0.00042912126512362203,0.21371947359780208,-1.243402706100975,-0.2580332336535317,0.7725695563713155,4109,660
Nikkei,0.03,D,10,Crisis_next_10D,NFCI,2.44166584439931e-05,0.7652810822390077,0.29855306412788735,0.043634203413952195,1.044600173815073,4109,660
Nikkei,0.03,D,10,Crisis_next_10D,EPU,0.0020484860842243657,0.008548360333120338,-2.629607090002729,-0.0011417353592441952,0.9988589161725885,4109,660
Nikkei,0.03,D,10,Crisis_next_10D,RSkew,0.0036031462653438595,0.00028388741032044497,-3.6295757552636325,-0.24067812299830793,0.7860946114477042,4109,660
Nikkei,0.03,D,10,Crisis_next_10D,RSV_Ratio,0.001370101555854819,0.02634766196964632,2.2210487162877244,0.8097375409005181,2.2473180801871195,4109,660
Nikkei,0.03,D,10,Crisis_next_10D,HillTail,0.0035517248606795615,0.00036598674074737967,-3.5634684215201693,-1.4215494461431106,0.24133978404751322,4109,660
Nikkei,0.03,D,15,Crisis_next_15D,HY_Spread,0.00027793249302598966,0.2920741452788823,1.0535824115006303,0.023296919003081177,1.0235704119385374,4104,757
Nikkei,0.03,D,15,Crisis_next_15D,Yield_Curve,0.002230866938441989,0.0030030467434773826,2.967425883961148,0.2700800022549833,1.3100692550354884,4104,757
Nikkei,0.03,D,15,Crisis_next_15D,Neely,0.0002755968511921614,0.3001341274479732,-1.0361458012157012,-0.08996974383467525,0.913958837742592,4104,757
Nikkei,0.03,D,15,Crisis_next_15D,PatroCorr,0.0008321790713012867,0.0721688232363618,1.7980516497957872,0.5378445221043222,1.712312030818798,4104,757
Nikkei,0.03,D,15,Crisis_next_15D,SahmIndicator,0.0002656202238193739,0.3157997585183203,-1.0031266485499297,-0.15056938418238805,0.8602180424112014,4104,757
Nikkei,0.03,D,15,Crisis_next_15D,VIX,1.9820318432506312e-05,0.7796488098201813,0.27977672475397625,0.0015954481092355607,1.0015967215136972,4104,757
Nikkei,0.03,D,15,Crisis_next_15D,M2_Growth,0.0020555719968129438,0.004175408571271182,-2.864596540919197,-0.17778474810863434,0.8371225963189638,4104,757
Nikkei,0.03,D,15,Crisis_next_15D,BuffettDeviation,1.911464869219781e-05,0.7844677152632022,-0.2735015314673335,-0.03539929515754528,0.9652199316569442,4104,757
Nikkei,0.03,D,15,Crisis_next_15D,Systemic_Corr,0.0002763167405123168,0.299831456955987,1.0367948912723426,0.313949345568952,1.368820397972771,4104,757
Nikkei,0.03,D,15,Crisis_next_15D,Shiller_CAPE,0.0008638317778615345,0.06553512405127129,-1.8415901423319603,-0.015198622066867869,0.9849162940639263,4104,757
Nikkei,0.03,D,15,Crisis_next_15D,YC_10Y3M,0.002230866938441989,0.0030030467434773826,2.967425883961148,0.2700800022549833,1.3100692550354884,4104,757
Nikkei,0.03,D,15,Crisis_next_15D,CFNAI,0.0010900308263515068,0.04239910796912031,2.0295813918310373,0.11972093235100509,1.1271822475836968,4104,757
Nikkei,0.03,D,15,Crisis_next_15D,CISS,0.0002687157512605287,0.2985692498494249,1.0395064715899307,0.3368880222805916,1.4005822209543042,4104,757
Nikkei,0.03,D,15,Crisis_next_15D,Downside_Beta,0.0004853797500158352,0.1686033658287205,-1.3767053440991952,-0.2706217974663751,0.762904974444314,4104,757
Nikkei,0.03,D,15,Crisis_next_15D,NFCI,6.121675784143132e-05,0.6218493290554772,0.4932310666827146,0.06784518335863926,1.0701996109433856,4104,757
Nikkei,0.03,D,15,Crisis_next_15D,EPU,0.003360639208126459,0.0005101287108223207,-3.4753807661510216,-0.0014665124666103123,0.9985345623373284,4104,757
Nikkei,0.03,D,15,Crisis_next_15D,RSkew,0.00048561489947951397,0.1664008608184261,-1.3838615214743086,-0.08764763378797112,0.9160836167725859,4104,757
Nikkei,0.03,D,15,Crisis_next_15D,RSV_Ratio,2.0078055855909938e-05,0.7791499504588135,-0.2804269664318594,-0.0959244789883067,0.9085326267810292,4104,757
Nikkei,0.03,D,15,Crisis_next_15D,HillTail,0.004621507509242173,2.377242901524544e-05,-4.22614930629534,-1.5998006362648054,0.20193677285115155,4104,757
Nikkei,0.03,W,4,Crisis_next_4W,HY_Spread,0.0006325607315895709,0.7286308136970975,-0.34694742929982314,-0.035880186156100106,0.9647558776688205,206,38
Nikkei,0.03,W,4,Crisis_next_4W,Yield_Curve,0.00980050095847329,0.16399846750299252,1.391748838395555,0.5493861930490103,1.7321894615597235,206,38
Nikkei,0.03,W,4,Crisis_next_4W,Neely,0.0037203833657843965,0.38834675993590184,0.8626194008320068,0.31979071003244564,1.3768395754694123,206,38
Nikkei,0.03,W,4,Crisis_next_4W,PatroCorr,0.0019468282925765301,0.5392101518856618,0.6140078318035703,0.796006389737056,2.2166707092882625,206,38
Nikkei,0.03,W,4,Crisis_next_4W,SahmIndicator,0.0009729514478785672,0.6706500393108277,-0.42525603532154227,-0.2999816670684021,0.740831802175978,206,38
Nikkei,0.03,W,4,Crisis_next_4W,VIX,0.014665446129398574,0.08211509117081085,1.7385435056730627,0.040856760456464775,1.041702881813075,206,38
Nikkei,0.03,W,4,Crisis_next_4W,M2_Growth,0.0018757647091941498,0.5398449119106941,-0.6130475310708258,-0.17085569624125194,0.842943204568327,206,38
Nikkei,0.03,W,4,Crisis_next_4W,BuffettDeviation,0.0022240598911072995,0.5102424797138945,0.6584601745972307,0.38193926073611545,1.4651230919321923,206,38
Nikkei,0.03,W,4,Crisis_next_4W,Systemic_Corr,0.0032297759269452886,0.43445469240715895,0.7815914854561098,1.1046006056925983,3.018018848515926,206,38
Nikkei,0.03,W,4,Crisis_next_4W,Shiller_CAPE,0.0002491169048717268,0.8246197465308037,-0.2216071107723267,-0.008189026268192389,0.991844412468266,206,38
Nikkei,0.03,W,4,Crisis_next_4W,YC_10Y3M,0.00980050095847329,0.16399846750299252,1.391748838395555,0.5493861930490103,1.7321894615597235,206,38
Nikkei,0.03,W,4,Crisis_next_4W,CFNAI,0.0028957325569717307,0.4648914834468023,0.7308161077205413,0.20120511539634917,1.2228755767090784,206,38
Nikkei,0.03,W,4,Crisis_next_4W,CISS,0.0005223015815987164,0.7448709951533854,0.32540972640448024,0.45098690310320094,1.5698607216547034,206,38
Nikkei,0.03,W,4,Crisis_next_4W,Downside_Beta,0.005643571623134558,0.29588438886878143,-1.0452998891933034,-0.9334843854095228,0.3931813255272765,206,38
Nikkei,0.03,W,4,Crisis_next_4W,NFCI,0.00020950681490772283,0.8413232697540818,-0.20020114751598345,-0.12502004599784847,0.8824792122308959,206,38
Nikkei,0.03,W,4,Crisis_next_4W,EPU,0.005465726133439319,0.28563283304101417,1.0677510297440134,0.0013358508666960805,1.0013367435129017,206,38
Nikkei,0.03,W,4,Crisis_next_4W,RSkew,0.008415519452849907,0.19621725198911355,-1.2924040583872565,-0.3713011289067326,0.6898361806640455,206,38
Nikkei,0.03,W,4,Crisis_next_4W,RSV_Ratio,0.002704083193054152,0.46742682720192963,0.7266721350215992,1.1177689674373454,3.0580240357618518,206,38
Nikkei,0.03,W,4,Crisis_next_4W,HillTail,0.0021984008026061375,0.5110590815629279,-0.657189491648862,-1.1045972361783476,0.33134430887059135,206,38
Nikkei,0.03,W,8,Crisis_next_8W,HY_Spread,1.9677015441588175e-05,0.9483555540533525,-0.06477197655261367,-0.006038039512947772,0.9939801528138864,202,45
Nikkei,0.03,W,8,Crisis_next_8W,Yield_Curve,0.0009150988029646978,0.6572566753077347,0.44370390017617783,0.1708117029319713,1.1862673573250886,202,45
Nikkei,0.03,W,8,Crisis_next_8W,Neely,0.001127935011982828,0.6253200155317358,-0.4883244927011652,-0.1771938696087918,0.837617380227052,202,45
Nikkei,0.03,W,8,Crisis_next_8W,PatroCorr,0.0076457085237146005,0.20862706089610938,1.2573496274458986,1.6363589316375597,5.136433318201727,202,45
Nikkei,0.03,W,8,Crisis_next_8W,SahmIndicator,3.660676888583847e-05,0.9298987062588128,-0.08797228226326498,-0.05353780991313444,0.9478701014400638,202,45
Nikkei,0.03,W,8,Crisis_next_8W,VIX,0.006541197564839729,0.22878994855035273,1.2034817524215489,0.027380597737228875,1.0277588910434592,202,45
Nikkei,0.03,W,8,Crisis_next_8W,M2_Growth,8.163431516117203e-05,0.8945933846623941,-0.1324942324304945,-0.03538470555774067,0.9652340139321977,202,45
Nikkei,0.03,W,8,Crisis_next_8W,BuffettDeviation,0.0003456706928773867,0.7859330866028599,0.2715954653012035,0.15446335144701026,1.1670315072577209,202,45
Nikkei,0.03,W,8,Crisis_next_8W,Systemic_Corr,0.0049891294493666916,0.2961911493687721,-1.0446361842006224,-1.2495646697506024,0.2866295482169103,202,45
Nikkei,0.03,W,8,Crisis_next_8W,Shiller_CAPE,0.00015732195633599844,0.8542964506950241,-0.18363927418726686,-0.006360575275651263,0.9936596103631672,202,45
Nikkei,0.03,W,8,Crisis_next_8W,YC_10Y3M,0.0009150988029646978,0.6572566753077347,0.44370390017617783,0.1708117029319713,1.1862673573250886,202,45
Nikkei,0.03,W,8,Crisis_next_8W,CFNAI,1.3069782234254035e-07,0.9957779554016595,-0.005291572878035454,-0.0012352443967254113,0.9987655182036028,202,45
Nikkei,0.03,W,8,Crisis_next_8W,CISS,0.0024075802906814436,0.4640849704566261,0.7321369704094777,0.926792590618798,2.526392992027642,202,45
Nikkei,0.03,W,8,Crisis_next_8W,Downside_Beta,0.0003690876224190509,0.7797654878284884,-0.2796246570767089,-0.23160152565694653,0.7932621549533149,202,45
Nikkei,0.03,W,8,Crisis_next_8W,NFCI,3.175410159472758e-05,0.9345558789519857,-0.08211422809294219,-0.04647549754364864,0.9545879500329987,202,45
Nikkei,0.03,W,8,Crisis_next_8W,EPU,0.00955113463090651,0.18759539756689703,-1.3177259702974529,-0.0022124154578548414,0.9977900301293401,202,45
Nikkei,0.03,W,8,Crisis_next_8W,RSkew,0.00041988595931752304,0.7636941240113541,-0.3006333153703445,-0.08241755965792179,0.9208873529959231,202,45
Nikkei,0.03,W,8,Crisis_next_8W,RSV_Ratio,0.0002533332992376014,0.8170770593204524,-0.23130603401311564,-0.334740776249921,0.7155235430102252,202,45
Nikkei,0.03,W,8,Crisis_next_8W,HillTail,0.007099957645451349,0.22207959697231916,-1.2210169637602137,-1.9671963418937495,0.13984839417326209,202,45
Nikkei,0.03,W,12,Crisis_next_12W,HY_Spread,6.4523032958785365e-06,0.9701560384614569,0.037412584819492806,0.003425497484937773,1.0034313712063385,201,46
Nikkei,0.03,W,12,Crisis_next_12W,Yield_Curve,0.0021258038797221657,0.49678469534210845,0.679557488059596,0.2613115620553327,1.2986322069300398,201,46
Nikkei,0.03,W,12,Crisis_next_12W,Neely,0.01386823105093593,0.09338732358020194,-1.6777939871779133,-0.6433549693502688,0.525526338359985,201,46
Nikkei,0.03,W,12,Crisis_next_12W,PatroCorr,0.0008030907383964614,0.6781487293641812,0.41499067521412,0.5236244877487529,1.6881351999926968,201,46
Nikkei,0.03,W,12,Crisis_next_12W,SahmIndicator,0.0018385212511565774,0.5444978517944572,-0.606025452519289,-0.40298502397847064,0.6683221080548934,201,46
Nikkei,0.03,W,12,Crisis_next_12W,VIX,0.0017286030478255165,0.5477464500544554,-0.6011404403823539,-0.015100862500939978,0.9850125837598521,201,46
Nikkei,0.03,W,12,Crisis_next_12W,M2_Growth,0.010184215063015478,0.1338544050257576,-1.4990741184652938,-0.3836432527505482,0.6813744622911848,201,46
Nikkei,0.03,W,12,Crisis_next_12W,BuffettDeviation,0.0009003355013906811,0.6583954461737909,-0.4421295721261941,-0.2480891293743709,0.7802903933840211,201,46
Nikkei,0.03,W,12,Crisis_next_12W,Systemic_Corr,0.006186294702635431,0.2430853048568884,-1.1673097444762726,-1.3840590585934256,0.25055945066941876,201,46
Nikkei,0.03,W,12,Crisis_next_12W,Shiller_CAPE,0.001043805598813008,0.6351815387994915,-0.47444650227186724,-0.01630025865284805,0.9838318716696212,201,46
Nikkei,0.03,W,12,Crisis_next_12W,YC_10Y3M,0.0021258038797221657,0.49678469534210845,0.679557488059596,0.2613115620553327,1.2986322069300398,201,46
Nikkei,0.03,W,12,Crisis_next_12W,CFNAI,0.004622998821970592,0.33591443240822627,0.9622691280683487,0.24769163453015197,1.281064835120217,201,46
Nikkei,0.03,W,12,Crisis_next_12W,CISS,2.8797662422808123e-05,0.9353430527428721,-0.0811243603919057,-0.10955727503738179,0.8962308312377079,201,46
Nikkei,0.03,W,12,Crisis_next_12W,Downside_Beta,0.006631206394123956,0.23212801846531883,1.194895097742263,0.982245685855194,2.6704464972220343,201,46
Nikkei,0.03,W,12,Crisis_next_12W,NFCI,0.0019420805547430975,0.5350092854495545,-0.6203774949656798,-0.3884603182646087,0.6781001295359174,201,46
Nikkei,0.03,W,12,Crisis_next_12W,EPU,0.0236309314913129,0.051469202464931786,-1.9475469021901222,-0.0038692599506021217,0.9961382159904526,201,46
Nikkei,0.03,W,12,Crisis_next_12W,RSkew,7.194328610626854e-08,0.996960646340666,0.003809274121980912,0.0010398918051522335,1.001040432680103,201,46
Nikkei,0.03,W,12,Crisis_next_12W,RSV_Ratio,0.007550109800504412,0.20228884512563727,-1.2750576287646933,-1.8332177694304446,0.15989822347478314,201,46
Nikkei,0.03,W,12,Crisis_next_12W,HillTail,0.004522549339818327,0.32610165786039946,-0.9819963267226554,-1.5578479216140404,0.2105887874634209,201,46
Nikkei,0.03,W,16,Crisis_next_16W,HY_Spread,0.0006798011425268591,0.7062088607954713,-0.3769525593576683,-0.03631890490857661,0.9643327140054299,200,46
Nikkei,0.03,W,16,Crisis_next_16W,Yield_Curve,0.0033695857754814096,0.3928949556606587,0.8543791300820562,0.3324632805081298,1.3943986966332542,200,46
Nikkei,0.03,W,16,Crisis_next_16W,Neely,0.008966599025416855,0.17391288911934333,-1.3597378715482051,-0.5098566548834387,0.6005816630907385,200,46
Nikkei,0.03,W,16,Crisis_next_16W,PatroCorr,0.0008730702415705727,0.6657092724548019,0.4320442226197809,0.547270195797244,1.7285280285767446,200,46
Nikkei,0.03,W,16,Crisis_next_16W,SahmIndicator,0.013126542827972543,0.15147809021679357,-1.434330080199151,-1.2867838433465786,0.2761575222319308,200,46
Nikkei,0.03,W,16,Crisis_next_16W,VIX,0.0032152534612074346,0.41626685447753553,-0.812914894132655,-0.0208115712676086,0.9794034949425532,200,46
Nikkei,0.03,W,16,Crisis_next_16W,M2_Growth,0.010936708840486586,0.1207955210092069,-1.551443151066573,-0.3968904848807582,0.6724076604056316,200,46
Nikkei,0.03,W,16,Crisis_next_16W,BuffettDeviation,2.8047079806414743e-06,0.9803239230953378,0.024662805331618475,0.014078129085250746,1.0141776926186306,200,46
Nikkei,0.03,W,16,Crisis_next_16W,Systemic_Corr,0.013187546119307059,0.09039370128221327,-1.6933245833842894,-2.0044581777281656,0.13473327741261992,200,46
Nikkei,0.03,W,16,Crisis_next_16W,Shiller_CAPE,1.0749342896909653e-06,0.9878521007763992,0.015225722092947813,0.0005231345721639529,1.0005232714309185,200,46
Nikkei,0.03,W,16,Crisis_next_16W,YC_10Y3M,0.0033695857754814096,0.3928949556606587,0.8543791300820562,0.3324632805081298,1.3943986966332542,200,46
Nikkei,0.03,W,16,Crisis_next_16W,CFNAI,0.011345562657735231,0.14317932930620766,1.464053506511212,0.4057697979627679,1.500457104415908,200,46
Nikkei,0.03,W,16,Crisis_next_16W,CISS,0.0004147510946748145,0.7671054891848598,-0.29616314993069476,-0.4100596521427088,0.6636106631576253,200,46
Nikkei,0.03,W,16,Crisis_next_16W,Downside_Beta,0.016065343255249998,0.06476409301365396,1.8468830418228062,1.5371647352291262,4.65138365349792,200,46
Nikkei,0.03,W,16,Crisis_next_16W,NFCI,0.011864029248203956,0.15324615175865192,-1.4281588154782825,-1.1081861203360728,0.3301572838514584,200,46
Nikkei,0.03,W,16,Crisis_next_16W,EPU,0.011024131734066578,0.15889215140477164,-1.4088073155566194,-0.002396497395521082,0.9976063719118088,200,46
Nikkei,0.03,W,16,Crisis_next_16W,RSkew,2.9922463190557025e-05,0.935826333495285,-0.08051667633798675,-0.02191131025430995,0.97832699877635,200,46
Nikkei,0.03,W,16,Crisis_next_16W,RSV_Ratio,0.009430439930210976,0.15501008595417431,-1.4220556855466577,-2.0471815676754,0.12909824598884498,200,46
Nikkei,0.03,W,16,Crisis_next_16W,HillTail,0.0007620675973266655,0.6853195597834808,-0.40521489150195644,-0.6344537140905658,0.5302250636960185,200,46
Nikkei,0.03,M,6,Crisis_next_6M,HY_Spread,0.0012955834583742165,0.6122170973931335,-0.5069112418905586,-0.05594280087071684,0.9455932214524811,199,42
Nikkei,0.03,M,6,Crisis_next_6M,Yield_Curve,0.0015806836798515356,0.5682312855834977,0.570658307712154,0.23410784406832078,1.2637807761193023,199,42
Nikkei,0.03,M,6,Crisis_next_6M,Neely,0.029465303437386625,0.02232875746231247,-2.28472841396148,-1.0196773657097393,0.36071129923537504,199,42
Nikkei,0.03,M,6,Crisis_next_6M,PatroCorr,0.0016340063466724342,0.5598335255357301,-0.5830887962156159,-0.7442765118753901,0.47507788884452284,199,42
Nikkei,0.03,M,6,Crisis_next_6M,SahmIndicator,0.006128738496351538,0.3075401531957931,-1.020397132682816,-0.8047380007571142,0.4472050786038217,199,42
Nikkei,0.03,M,6,Crisis_next_6M,VIX,0.017607569370544085,0.07666763065844519,-1.7703573455013026,-0.05566273504980886,0.945858086882438,199,42
Nikkei,0.03,M,6,Crisis_next_6M,M2_Growth,0.003860620494242406,0.36956661576351035,-0.8972854550096103,-0.23919503949617643,0.787261320346565,199,42
Nikkei,0.03,M,6,Crisis_next_6M,BuffettDeviation,1.5871614819085167e-06,0.9857312392006397,-0.017884192945774126,-0.010719247369029853,0.9893379990343454,199,42
Nikkei,0.03,M,6,Crisis_next_6M,Systemic_Corr,0.0008739052593350616,0.6743920615226346,0.42012784591542096,0.5513974949112969,1.7356769234432197,199,42
Nikkei,0.03,M,6,Crisis_next_6M,Shiller_CAPE,3.199044121171557e-05,0.9354478922446898,0.08099253118261703,0.0028770193150011334,1.0028811619068903,199,42
Nikkei,0.03,M,6,Crisis_next_6M,YC_10Y3M,0.0015806836798515356,0.5682312855834977,0.570658307712154,0.23410784406832078,1.2637807761193023,199,42
Nikkei,0.03,M,6,Crisis_next_6M,CFNAI,0.011964364789623594,0.14430873050819765,1.4599321200633495,0.42317750137396554,1.526805281950877,199,42
Nikkei,0.03,M,6,Crisis_next_6M,CISS,0.0156742591282214,0.10846098653514354,-1.6051491428917135,-3.2840252053053547,0.03747709977138655,199,42
Nikkei,0.03,M,6,Crisis_next_6M,Downside_Beta,0.035233185097071296,0.008372460083317308,2.6366685241901586,2.315131660123603,10.12625605510478,199,42
Nikkei,0.03,M,6,Crisis_next_6M,NFCI,0.01834866201252805,0.08183891859391308,-1.7401144775926667,-1.5722034730028824,0.20758726510374645,199,42
Nikkei,0.03,M,6,Crisis_next_6M,EPU,0.04199648807377365,0.013197531109063297,-2.4783940219423637,-0.006753575859697278,0.9932691782809949,199,42
Nikkei,0.03,M,6,Crisis_next_6M,RSkew,0.0005526808788399729,0.735618775518539,-0.33766085701038184,-0.09687212384452365,0.9076720683268519,199,42
Nikkei,0.03,M,6,Crisis_next_6M,RSV_Ratio,0.0005709148351960014,0.7318381374565288,-0.34268142603596735,-0.5211156989378602,0.5938576119135827,199,42
Nikkei,0.03,M,6,Crisis_next_6M,HillTail,6.357996439032565e-05,0.9097683171453612,-0.11333077795240853,-0.18185431669706478,0.8337227910587889,199,42
Nikkei,0.03,M,12,Crisis_next_12M,HY_Spread,0.0015058802871010801,0.5811541829832295,0.5516996015838871,0.05721349281492243,1.0588818499325454,193,40
Nikkei,0.03,M,12,Crisis_next_12M,Yield_Curve,0.011522543438979405,0.13136329042161815,1.5087476227294552,0.640927886421148,1.8982414148230113,193,40
Nikkei,0.03,M,12,Crisis_next_12M,Neely,0.06731550200458336,0.0020535329455930265,-3.082378859431549,-1.703783769596843,0.18199359777275523,193,40
Nikkei,0.03,M,12,Crisis_next_12M,PatroCorr,0.009925167540913105,0.1597277852665837,-1.4059876729125265,-1.797229579399475,0.16575747060649218,193,40
Nikkei,0.03,M,12,Crisis_next_12M,SahmIndicator,0.022652208261648044,0.029941119431082415,2.1708684291612843,1.1409952545258224,3.1298818446480685,193,40
Nikkei,0.03,M,12,Crisis_next_12M,VIX,0.0029151106134559512,0.45957931206962244,-0.7395397494213243,-0.020598339037464594,0.9796123576013245,193,40
Nikkei,0.03,M,12,Crisis_next_12M,M2_Growth,0.011283546363117458,0.13199433688713189,-1.5062837927190158,-0.40358490019805215,0.6679213177395591,193,40
Nikkei,0.03,M,12,Crisis_next_12M,BuffettDeviation,0.0006316338302916336,0.7252384574559642,0.3514664240781185,0.22123661502180636,1.2476186009442831,193,40
Nikkei,0.03,M,12,Crisis_next_12M,Systemic_Corr,0.013551232410306424,0.10028173341265864,-1.643489319229413,-2.0671494781599336,0.12654599017885024,193,40
Nikkei,0.03,M,12,Crisis_next_12M,Shiller_CAPE,4.384133925461331e-05,0.9259613170766776,-0.09292730030648068,-0.003348597709354899,0.9966570025911595,193,40
Nikkei,0.03,M,12,Crisis_next_12M,YC_10Y3M,0.011522543438979405,0.13136329042161815,1.5087476227294552,0.640927886421148,1.8982414148230113,193,40
Nikkei,0.03,M,12,Crisis_next_12M,CFNAI,0.0006279547475254166,0.7283534731983923,0.3473166105313288,0.08636647404091521,1.0902057872252693,193,40
Nikkei,0.03,M,12,Crisis_next_12M,CISS,0.0001045220115705181,0.8850236624361916,0.14460384352916797,0.21618608448154414,1.2413333503828397,193,40
Nikkei,0.03,M,12,Crisis_next_12M,Downside_Beta,0.059201770161876666,0.0010125019688569093,3.2870295823881492,3.0695269693805596,21.53171510514234,193,40
Nikkei,0.03,M,12,Crisis_next_12M,NFCI,0.0003889113666897259,0.7849933385407959,-0.2728177186543744,-0.18465372055870238,0.8313921280135794,193,40
Nikkei,0.03,M,12,Crisis_next_12M,EPU,0.017935939827046332,0.08970714104967413,-1.6969445674534944,-0.004421004777584697,0.9955887534783086,193,40
Nikkei,0.03,M,12,Crisis_next_12M,RSkew,0.007691438958133401,0.21739539963890475,-1.2334835786593028,-0.3644596026409366,0.6945718942959281,193,40
Nikkei,0.03,M,12,Crisis_next_12M,RSV_Ratio,0.0024098309393565387,0.49047124241589535,-0.6895595020927026,-1.0960631663606457,0.3341841246940678,193,40
Nikkei,0.03,M,12,Crisis_next_12M,HillTail,0.004232001303077881,0.3608470085604506,0.9137523138046326,1.5343899898686508,4.638495137729534,193,40
Nikkei,0.03,M,18,Crisis_next_18M,HY_Spread,0.0012008692693904477,0.6729985166976722,-0.42203630712837115,-0.056985191794439394,0.944608057213241,187,27
Nikkei,0.03,M,18,Crisis_next_18M,Yield_Curve,0.044646630718574665,0.009314973765051117,2.600272580526906,1.2999461727211437,3.66909916467988,187,27
Nikkei,0.03,M,18,Crisis_next_18M,Neely,0.003085217848039945,0.49828061830029025,-0.6771975558621158,-0.3185833468934279,0.7271784673635406,187,27
Nikkei,0.03,M,18,Crisis_next_18M,PatroCorr,0.0008972639886835054,0.7093208647731595,-0.3727683446435479,-0.5577347069090092,0.5725044864966893,187,27
Nikkei,0.03,M,18,Crisis_next_18M,SahmIndicator,0.0015081609028385623,0.6437180362083785,-0.4625066477493055,-0.37462425677997513,0.6875475716005208,187,27
Nikkei,0.03,M,18,Crisis_next_18M,VIX,0.0022718189941631772,0.5635453476108043,-0.5775835026559468,-0.0187074794332305,0.9814664193689615,187,27
Nikkei,0.03,M,18,Crisis_next_18M,M2_Growth,0.03954148741956398,0.013006934842114093,-2.483579360756747,-0.7639273101070102,0.4658333577960974,187,27
Nikkei,0.03,M,18,Crisis_next_18M,BuffettDeviation,0.005519070315940788,0.3522521872397375,-0.9302296618095497,-0.6556025774645828,0.5191291527916405,187,27
Nikkei,0.03,M,18,Crisis_next_18M,Systemic_Corr,0.024558067192923194,0.04810274581596946,-1.9764596110444335,-2.801882482619625,0.060695696419198905,187,27
Nikkei,0.03,M,18,Crisis_next_18M,Shiller_CAPE,0.005001765519358825,0.38157067328464467,-0.8750059407634436,-0.037028453292594306,0.9636487159800957,187,27
Nikkei,0.03,M,18,Crisis_next_18M,YC_10Y3M,0.044646630718574665,0.009314973765051117,2.600272580526906,1.2999461727211437,3.66909916467988,187,27
Nikkei,0.03,M,18,Crisis_next_18M,CFNAI,0.025431494485727124,0.0760672431320205,1.7739752570169989,0.6839932720023927,1.9817757218298262,187,27
Nikkei,0.03,M,18,Crisis_next_18M,CISS,0.00014439236120766807,0.8800924454031703,0.15085202549139978,0.25937288493087435,1.2961170172355139,187,27
Nikkei,0.03,M,18,Crisis_next_18M,Downside_Beta,0.007381233044573499,0.2876161173640801,1.0633657526892624,1.0821055011728216,2.950886108978483,187,27
Nikkei,0.03,M,18,Crisis_next_18M,NFCI,0.011161333606770185,0.2314259831370874,-1.1966936496324507,-1.1977122690661475,0.3018840520112893,187,27
Nikkei,0.03,M,18,Crisis_next_18M,EPU,0.004458853604883517,0.43028082975776805,-0.7887111839187421,-0.0023440329348771017,0.9976587121650357,187,27
Nikkei,0.03,M,18,Crisis_next_18M,RSkew,0.02077538012116098,0.07291081529469745,-1.7933885615276097,-0.6152218695070507,0.5405209568862143,187,27
Nikkei,0.03,M,18,Crisis_next_18M,RSV_Ratio,0.0007412456895257158,0.7354071290465549,-0.3379416909419108,-0.6280236745665134,0.533645416529531,187,27
Nikkei,0.03,M,18,Crisis_next_18M,HillTail,0.0014192171840361478,0.6397882090713103,-0.4679949388151297,-0.9556688446651564,0.3845548510572896,187,27
Nikkei,0.03,M,24,Crisis_next_24M,HY_Spread,0.08235621566148188,0.005355245649280616,2.7848502052782966,0.3884348948595969,1.4746709716786655,181,12
Nikkei,0.03,M,24,Crisis_next_24M,Yield_Curve,0.27867711403017237,9.987153274530648e-05,3.890903782293727,4.070282143496895,58.57348638901693,181,12
Nikkei,0.03,M,24,Crisis_next_24M,Neely,0.018771190074538868,0.23785764229830542,-1.1803585450579106,-0.9343196049956322,0.3928530698851569,181,12
Nikkei,0.03,M,24,Crisis_next_24M,PatroCorr,0.02594630288010591,0.1551756821434356,1.421485444398391,3.610484394462952,36.983963303643804,181,12
Nikkei,0.03,M,24,Crisis_next_24M,SahmIndicator,0.23686075121067052,7.089730265062337e-06,4.490976714589502,3.0498646119193342,21.112485850099333,181,12
Nikkei,0.03,M,24,Crisis_next_24M,VIX,0.04876600985928836,0.028978816974526426,2.183774571850558,0.07366467192868921,1.076445782480917,181,12
Nikkei,0.03,M,24,Crisis_next_24M,M2_Growth,0.06644194100139933,0.017026598718373556,-2.3861328579915524,-1.0611251042209608,0.34606623063545416,181,12
Nikkei,0.03,M,24,Crisis_next_24M,BuffettDeviation,0.1519297139065744,0.001139500786268297,-3.253606311655153,-3.949903777533495,0.019256554599423794,181,12
Nikkei,0.03,M,24,Crisis_next_24M,Systemic_Corr,0.003842195983477348,0.5487357175176403,-0.5996557002129064,-1.2382055671458192,0.28990396467304463,181,12
Nikkei,0.03,M,24,Crisis_next_24M,Shiller_CAPE,0.16701440787606092,0.000923567731152845,-3.312830986612418,-0.2702704616546179,0.7631730573736132,181,12
Nikkei,0.03,M,24,Crisis_next_24M,YC_10Y3M,0.27867711403017237,9.987153274530648e-05,3.890903782293727,4.070282143496895,58.57348638901693,181,12
Nikkei,0.03,M,24,Crisis_next_24M,CFNAI,0.04437527117559448,0.033068749969030545,-2.131247593633361,-0.6234504056533516,0.5360915095809605,181,12
Nikkei,0.03,M,24,Crisis_next_24M,CISS,0.0896689416685219,0.0032917818189816517,2.939089331507565,5.217877513333657,184.54207999587842,181,12
Nikkei,0.03,M,24,Crisis_next_24M,Downside_Beta,0.002835522223817444,0.6188624102947194,-0.4974632527545447,-0.7241045107615469,0.4847584706429308,181,12
Nikkei,0.03,M,24,Crisis_next_24M,NFCI,0.07181982597027159,0.008700153967715464,2.623617070334935,1.9227856940790111,6.839986063134934,181,12
Nikkei,0.03,M,24,Crisis_next_24M,EPU,0.0017892651326272269,0.701916424652925,-0.38273477875844664,-0.0015606255960085853,0.9984405915468664,181,12
Nikkei,0.03,M,24,Crisis_next_24M,RSkew,0.03472340655476902,0.07646409717044267,-1.7715812334123822,-0.840955557157184,0.43129819638099065,181,12
Nikkei,0.03,M,24,Crisis_next_24M,RSV_Ratio,0.054494606430313675,0.03768005605090002,2.078318256342943,6.302437124852309,545.9007184401364,181,12
Nikkei,0.03,M,24,Crisis_next_24M,HillTail,0.01097992704991535,0.3372048705441596,-0.9597026870231509,-2.9847168594506384,0.05055381535796515,181,12
Nikkei,0.05,D,5,Crisis_next_5D,HY_Spread,0.0009882338276155922,0.21592733897613103,1.2374303988879631,0.04912395450877375,1.0503505383562126,4114,177
Nikkei,0.05,D,5,Crisis_next_5D,Yield_Curve,8.842263695685304e-06,0.9098237827129089,-0.11326081458759464,-0.019848148591874337,0.9803475291572391,4114,177
Nikkei,0.05,D,5,Crisis_next_5D,Neely,0.0003866337936109243,0.4473084717859549,0.759909852726681,0.12247562490629971,1.130291568775332,4114,177
Nikkei,0.05,D,5,Crisis_next_5D,PatroCorr,9.898674943609187e-06,0.904017174220791,0.12058825232597133,0.06768202610280005,1.0700250143554013,4114,177
Nikkei,0.05,D,5,Crisis_next_5D,SahmIndicator,0.0014762871890935392,0.16828944780774646,-1.3777209912149644,-0.45824332287188185,0.6323935816626416,4114,177
Nikkei,0.05,D,5,Crisis_next_5D,VIX,0.015886097945791544,1.3866020359329138e-07,5.267014572895348,0.04267293569884069,1.0435965158620628,4114,177
Nikkei,0.05,D,5,Crisis_next_5D,M2_Growth,8.640939086157484e-05,0.7234837256226989,0.3538067351911274,0.04364273592469473,1.044609086915303,4114,177
Nikkei,0.05,D,5,Crisis_next_5D,BuffettDeviation,0.0006096142594100851,0.3475936248648429,0.9392671018074529,0.23537028105424557,1.2653772272105996,4114,177
Nikkei,0.05,D,5,Crisis_next_5D,Systemic_Corr,0.0021497678754552885,0.08172200959299412,1.7407807950134075,1.0497520685554038,2.856942704315961,4114,177
Nikkei,0.05,D,5,Crisis_next_5D,Shiller_CAPE,0.002031808664901935,0.08468426890264732,-1.7241306010661144,-0.027096968835613737,0.9732668603942027,4114,177
Nikkei,0.05,D,5,Crisis_next_5D,YC_10Y3M,8.842263695685304e-06,0.9098237827129089,-0.11326081458759464,-0.019848148591874337,0.9803475291572391,4114,177
Nikkei,0.05,D,5,Crisis_next_5D,CFNAI,-6.0410930806886753e-05,0.766902657890519,-0.29642876856494527,-0.031030250716468262,0.9694462461889238,4114,177
Nikkei,0.05,D,5,Crisis_next_5D,CISS,0.0020614095629509777,0.0703992819207002,1.8093330209326426,1.0149464028296213,2.759215507269417,4114,177
Nikkei,0.05,D,5,Crisis_next_5D,Downside_Beta,0.0006890791693650034,0.31503098960463594,1.004721464360622,0.37353767306307506,1.4528652963984567,4114,177
Nikkei,0.05,D,5,Crisis_next_5D,NFCI,0.00021467547486642147,0.5682800585269301,0.5705863720598494,0.14368594708066876,1.1545214707458493,4114,177
Nikkei,0.05,D,5,Crisis_next_5D,EPU,3.814909381283371e-06,0.940393279283794,0.07477557052673145,5.253081984264166e-05,1.0000525321996103,4114,177
Nikkei,0.05,D,5,Crisis_next_5D,RSkew,0.014064958707950659,3.6630200738261042e-06,-4.629639996865027,-0.5286732795239921,0.589386402200549,4114,177
Nikkei,0.05,D,5,Crisis_next_5D,RSV_Ratio,0.010351530392355257,0.00012593444651808495,3.8342764462471886,2.603239088005162,13.507418972385107,4114,177
Nikkei,0.05,D,5,Crisis_next_5D,HillTail,0.0019156468442933505,0.09632133934726254,-1.6629555207387197,-1.2002960894006842,0.30110504469989213,4114,177
Nikkei,0.05,D,10,Crisis_next_10D,HY_Spread,0.0008755437428843438,0.15143863587981973,1.4344684162575552,0.043955495579485755,1.0449358495891452,4109,319
Nikkei,0.05,D,10,Crisis_next_10D,Yield_Curve,0.0012621364662190881,0.09116342169503013,1.6892923342692017,0.22173895873484006,1.2482454917488757,4109,319
Nikkei,0.05,D,10,Crisis_next_10D,Neely,0.00040023587856685694,0.34852629756747444,-0.9374516223902358,-0.11893676748652939,0.887863940855592,4109,319
Nikkei,0.05,D,10,Crisis_next_10D,PatroCorr,0.00016933786002626405,0.5389051153445561,0.6144695097243708,0.26407220113676916,1.3022222148309677,4109,319
Nikkei,0.05,D,10,Crisis_next_10D,SahmIndicator,0.0011350879960753124,0.12764575582291662,-1.5234516201762014,-0.3660194466565896,0.6934893150300677,4109,319
Nikkei,0.05,D,10,Crisis_next_10D,VIX,0.0010898652733491998,0.10841137459919874,1.605374673457177,0.012337859906639373,1.0124142852852922,4109,319
Nikkei,0.05,D,10,Crisis_next_10D,M2_Growth,0.0026261424180412662,0.013839295826222313,-2.461407812919895,-0.21741399346962081,0.8045968025234015,4109,319
Nikkei,0.05,D,10,Crisis_next_10D,BuffettDeviation,0.00020536307828611378,0.49665310155447306,-0.6797652682947661,-0.12648103806235095,0.8811908584712135,4109,319
Nikkei,0.05,D,10,Crisis_next_10D,Systemic_Corr,0.0005846135387399531,0.25624439743712013,1.135312521995273,0.5047258026964418,1.656531241782946,4109,319
Nikkei,0.05,D,10,Crisis_next_10D,Shiller_CAPE,0.004333563106407756,0.0018208415317093301,-3.1179978154972505,-0.03722092359369772,0.9634632600695231,4109,319
Nikkei,0.05,D,10,Crisis_next_10D,YC_10Y3M,0.0012621364662190881,0.09116342169503013,1.6892923342692017,0.22173895873484006,1.2482454917488757,4109,319
Nikkei,0.05,D,10,Crisis_next_10D,CFNAI,0.00020494464701648063,0.5024221387213685,0.6706835589879739,0.056081163325762705,1.0576835253654913,4109,319
Nikkei,0.05,D,10,Crisis_next_10D,CISS,0.00016415678527736954,0.5336839080085102,0.6223923522135402,0.29072808974094494,1.3374008814849152,4109,319
Nikkei,0.05,D,10,Crisis_next_10D,Downside_Beta,1.6869546803355284e-05,0.8458590603335986,-0.19440463578763684,-0.05518248691509611,0.9463124425573664,4109,319
Nikkei,0.05,D,10,Crisis_next_10D,NFCI,1.4260745023975119e-05,0.8573742211773264,0.17971766933417774,0.03602236039376252,1.0366790267830068,4109,319
Nikkei,0.05,D,10,Crisis_next_10D,EPU,0.003190544932862305,0.011480425444053907,-2.527724943647477,-0.0016081365841071635,0.9983931557746735,4109,319
Nikkei,0.05,D,10,Crisis_next_10D,RSkew,0.0027643616921486647,0.012106996399186972,-2.509010271112771,-0.22646601776539566,0.7973464374663065,4109,319
Nikkei,0.05,D,10,Crisis_next_10D,RSV_Ratio,0.00036460562692886,0.36586011681223707,0.9042551611310191,0.45076099140465037,1.569506111809351,4109,319
Nikkei,0.05,D,10,Crisis_next_10D,HillTail,0.008857903285437896,1.1806041002361801e-05,-4.381139206144324,-2.4597018074265833,0.0854604308339746,4109,319
Nikkei,0.05,D,15,Crisis_next_15D,HY_Spread,0.0009876738833431986,0.09537218793771897,1.667715646243942,0.04546528926713003,1.046514678692046,4104,416
Nikkei,0.05,D,15,Crisis_next_15D,Yield_Curve,0.005242380693139648,0.00015994114047647985,3.775103657517338,0.4378733156144715,1.5494086091082284,4104,416
Nikkei,0.05,D,15,Crisis_next_15D,Neely,0.0006861957558965681,0.1775561083506363,-1.3483180522596996,-0.1523803724829804,0.8586616073686465,4104,416
Nikkei,0.05,D,15,Crisis_next_15D,PatroCorr,0.00022757598761391495,0.43456450219509013,0.7814047093399688,0.29890676369433816,1.3483838992785895,4104,416
Nikkei,0.05,D,15,Crisis_next_15D,SahmIndicator,0.00263708393202855,0.013429121135685024,-2.472181781507446,-0.5656445567739627,0.5679939244131229,4104,416
Nikkei,0.05,D,15,Crisis_next_15D,VIX,6.984628922201974e-05,0.6624966022019424,0.4364688400924318,0.0031620025885756037,1.003167006992016,4104,416
Nikkei,0.05,D,15,Crisis_next_15D,M2_Growth,0.006282010468252053,2.885689852553995e-05,-4.182304610819758,-0.32340255861042355,0.7236824711124722,4104,416
Nikkei,0.05,D,15,Crisis_next_15D,BuffettDeviation,0.0010752055209113376,0.08843591154301926,-1.703706615814161,-0.27987798340040376,0.7558759652441901,4104,416
Nikkei,0.05,D,15,Crisis_next_15D,Systemic_Corr,9.660812675171826e-06,0.8719798638073143,-0.1611441552392699,-0.061720117989753534,0.9401459799186396,4104,416
Nikkei,0.05,D,15,Crisis_next_15D,Shiller_CAPE,0.00666825864605991,2.315496637756417e-05,-4.232070631356606,-0.04491017786110066,0.9560833554283178,4104,416
Nikkei,0.05,D,15,Crisis_next_15D,YC_10Y3M,0.005242380693139648,0.00015994114047647985,3.775103657517338,0.4378733156144715,1.5494086091082284,4104,416
Nikkei,0.05,D,15,Crisis_next_15D,CFNAI,0.0009226001178348486,0.12308677045079779,1.5419457776342633,0.11810460741912711,1.1253618264065464,4104,416
Nikkei,0.05,D,15,Crisis_next_15D,CISS,0.0002000322357931239,0.4573893765241419,0.7431524686451121,0.3079038025460789,1.360570099262194,4104,416
Nikkei,0.05,D,15,Crisis_next_15D,Downside_Beta,8.160032364590286e-05,0.6395328397925912,-0.4683520671578817,-0.11806307317903664,0.8886400014970613,4104,416
Nikkei,0.05,D,15,Crisis_next_15D,NFCI,0.00012367766499110644,0.5684295494856882,-0.5703659048929688,-0.10696557058147915,0.8985566092393081,4104,416
Nikkei,0.05,D,15,Crisis_next_15D,EPU,0.002069083874327804,0.02361469276328204,-2.2633407395101903,-0.001224667963282267,0.998776081636493,4104,416
Nikkei,0.05,D,15,Crisis_next_15D,RSkew,0.0019670919474564785,0.02064174664258029,-2.3144738028068894,-0.1863277127663729,0.8300015483042942,4104,416
Nikkei,0.05,D,15,Crisis_next_15D,RSV_Ratio,1.555266896380303e-07,0.9837328671839306,-0.02038924015015038,-0.00896810503502889,0.9910719884751421,4104,416
Nikkei,0.05,D,15,Crisis_next_15D,HillTail,0.009758223912450958,4.7004913275947757e-07,-5.03815157994779,-2.5079114829698823,0.0814381467081134,4104,416
Nikkei,0.05,W,4,Crisis_next_4W,HY_Spread,0.005976443449435043,0.36464889587154736,-0.9065422818697363,-0.12635694401371672,0.881300215797617,206,26
Nikkei,0.05,W,4,Crisis_next_4W,Yield_Curve,7.070731136815667e-05,0.9162152978134462,0.10520228475378375,0.049002067256442045,1.0502225218170578,206,26
Nikkei,0.05,W,4,Crisis_next_4W,Neely,0.006438881914333061,0.31097546102940943,1.0131773420045083,0.43343600903087,1.5425486392369663,206,26
Nikkei,0.05,W,4,Crisis_next_4W,PatroCorr,6.83612713385795e-05,0.9177467760860886,0.10327240503637157,0.153419108889006,1.1658134793602766,206,26
Nikkei,0.05,W,4,Crisis_next_4W,SahmIndicator,0.02183118872960521,0.18394115653085397,-1.3287175988117235,-2.390250047975526,0.09160677492484115,206,26
Nikkei,0.05,W,4,Crisis_next_4W,VIX,0.003833049251600773,0.4280437607811902,0.7925436326253609,0.02208012725825572,1.02232569734384,206,26
Nikkei,0.05,W,4,Crisis_next_4W,M2_Growth,0.0029464515468561325,0.5064432102595423,0.6643861261101949,0.2357196955208309,1.2658194455737222,206,26
Nikkei,0.05,W,4,Crisis_next_4W,BuffettDeviation,0.019069177728858855,0.0936241427541571,1.6765825431349077,1.2022715863641456,3.3276674276308023,206,26
Nikkei,0.05,W,4,Crisis_next_4W,Systemic_Corr,-5.4403814786496696e-11,0.9996496113304791,0.000439147087180636,0.000683251642682594,1.000683485112256,206,26
Nikkei,0.05,W,4,Crisis_next_4W,Shiller_CAPE,0.0020328126539279623,0.5744552603414113,0.5615021569089464,0.024491159274148487,1.024793531148487,206,26
Nikkei,0.05,W,4,Crisis_next_4W,YC_10Y3M,7.070731136815667e-05,0.9162152978134462,0.10520228475378375,0.049002067256442045,1.0502225218170578,206,26
Nikkei,0.05,W,4,Crisis_next_4W,CFNAI,0.007206328569809739,0.3186689654440682,0.9971968586760525,0.35018077912946094,1.4193241095790754,206,26
Nikkei,0.05,W,4,Crisis_next_4W,CISS,1.680631775857755e-06,0.9875571689546595,-0.01559540821172631,-0.02636246213265867,0.9739819940299996,206,26
Nikkei,0.05,W,4,Crisis_next_4W,Downside_Beta,0.008557022632904476,0.25403926200584637,-1.1405931671322131,-1.2039286917952072,0.30001323405111024,206,26
Nikkei,0.05,W,4,Crisis_next_4W,NFCI,0.0006586558750620863,0.7559919900265075,-0.3107482810814383,-0.2386936923876928,0.7876561104883206,206,26
Nikkei,0.05,W,4,Crisis_next_4W,EPU,0.008629798969478353,0.22492261863946295,1.2135421258853873,0.0016814566490041846,1.001682871089898,206,26
Nikkei,0.05,W,4,Crisis_next_4W,RSkew,0.003298905017462772,0.47034471088609775,-0.7219182976086874,-0.2417583000952994,0.7852459484880131,206,26
Nikkei,0.05,W,4,Crisis_next_4W,RSV_Ratio,0.0015019637254934937,0.6292350438724157,0.48280381201945444,0.865182731727165,2.375440114595422,206,26
Nikkei,0.05,W,4,Crisis_next_4W,HillTail,0.006448521557898879,0.3211262417885754,-0.992146139627031,-1.981105825394442,0.13791664122994407,206,26
Nikkei,0.05,W,8,Crisis_next_8W,HY_Spread,0.0009580041353788316,0.6969402728080238,-0.3894540807456725,-0.045947141052966135,0.9550924460374589,202,29
Nikkei,0.05,W,8,Crisis_next_8W,Yield_Curve,0.009294741496004288,0.2126006496865851,1.2464461435198073,0.56348525918541,1.7567846928088702,202,29
Nikkei,0.05,W,8,Crisis_next_8W,Neely,0.0427403830271984,0.01818346333484296,-2.36186090259096,-1.3248347727454828,0.2658468806105157,202,29
Nikkei,0.05,W,8,Crisis_next_8W,PatroCorr,0.00011295077898576533,0.8912301321505425,0.13674781684116882,0.20260525062512513,1.2245889670936498,202,29
Nikkei,0.05,W,8,Crisis_next_8W,SahmIndicator,-6.135003616236645e-10,0.9981027917439566,0.0023778001693831674,0.001693070950342719,1.0016945050041683,202,29
Nikkei,0.05,W,8,Crisis_next_8W,VIX,0.002423702048748755,0.5365343822408282,-0.6180621331732175,-0.019135937862654794,0.981045991882668,202,29
Nikkei,0.05,W,8,Crisis_next_8W,M2_Growth,0.0012974377608462317,0.6396103825673907,-0.46824361897248873,-0.14529358511304732,0.8647683727184773,202,29
Nikkei,0.05,W,8,Crisis_next_8W,BuffettDeviation,0.000245755056290875,0.8401624219525148,0.2016857264334574,0.13621502133641417,1.145928266133455,202,29
Nikkei,0.05,W,8,Crisis_next_8W,Systemic_Corr,0.006638902860725104,0.2835672256289129,-1.0723402695972866,-1.4746586593914945,0.22885683184453667,202,29
Nikkei,0.05,W,8,Crisis_next_8W,Shiller_CAPE,0.00135303582595514,0.6352734066274542,-0.4743176506631887,-0.019475942024525947,0.9807124888618612,202,29
Nikkei,0.05,W,8,Crisis_next_8W,YC_10Y3M,0.009294741496004288,0.2126006496865851,1.2464461435198073,0.56348525918541,1.7567846928088702,202,29
Nikkei,0.05,W,8,Crisis_next_8W,CFNAI,0.0037085769903182353,0.45126056663733494,0.7533151339696477,0.23541184002919388,1.2654298160838477,202,29
Nikkei,0.05,W,8,Crisis_next_8W,CISS,0.001024185200396377,0.687746084798983,-0.40191567703192965,-0.6951097299003978,0.49901968760014825,202,29
Nikkei,0.05,W,8,Crisis_next_8W,Downside_Beta,0.002662306050613572,0.5055640358288545,0.6657607508495638,0.6500317798258349,1.9156017055351393,202,29
Nikkei,0.05,W,8,Crisis_next_8W,NFCI,0.005221394625966824,0.3936720794593148,-0.8529769631253179,-0.73784258456042,0.4781443595971192,202,29
Nikkei,0.05,W,8,Crisis_next_8W,EPU,0.0372284370143483,0.046824184959695946,-1.9878870349392432,-0.006102740180304182,0.9939158437151036,202,29
Nikkei,0.05,W,8,Crisis_next_8W,RSkew,0.003405625214708774,0.449607968964168,-0.7560687634558719,-0.24302748470957758,0.7842499585929907,202,29
Nikkei,0.05,W,8,Crisis_next_8W,RSV_Ratio,0.003562153702678872,0.4410600164949309,-0.7704044467179642,-1.3184491810876675,0.2675499018458641,202,29
Nikkei,0.05,W,8,Crisis_next_8W,HillTail,0.00011863228321196129,0.8889007332166498,-0.1396953086486122,-0.2611871979104434,0.77013673813213,202,29
Nikkei,0.05,W,12,Crisis_next_12W,HY_Spread,0.0035853238768080997,0.4089872481424409,0.8256771666925075,0.07804056558209356,1.0811665159295882,201,33
Nikkei,0.05,W,12,Crisis_next_12W,Yield_Curve,0.004315460602275389,0.3771640415687898,0.8831336934592755,0.3830111277431475,1.4666943509756045,201,33
Nikkei,0.05,W,12,Crisis_next_12W,Neely,0.01792845011026456,0.08802944474566939,-1.7058852595366052,-0.7759085959226747,0.4602853775306163,201,33
Nikkei,0.05,W,12,Crisis_next_12W,PatroCorr,3.616526995886549e-05,0.9358085156202104,0.08053908025686188,0.1142111670978813,1.1209888158476016,201,33
Nikkei,0.05,W,12,Crisis_next_12W,SahmIndicator,0.004786399892847126,0.39752564612616237,-0.8460485762727666,-0.7334355887017295,0.48025618980528284,201,33
Nikkei,0.05,W,12,Crisis_next_12W,VIX,0.0005932209366710239,0.7469896303880637,-0.3226113058338169,-0.009057837868537628,0.9909830607673323,201,33
Nikkei,0.05,W,12,Crisis_next_12W,M2_Growth,0.0340413165805834,0.012495254999096574,-2.4978400757545987,-0.7063602717905402,0.4934369092281795,201,33
Nikkei,0.05,W,12,Crisis_next_12W,BuffettDeviation,0.00722645612798789,0.2515359120367999,-1.1466267594983985,-0.7173190575520494,0.4880589615632129,201,33
Nikkei,0.05,W,12,Crisis_next_12W,Systemic_Corr,0.005160309456594736,0.32779833825859195,-0.9785581656838862,-1.2920566992550706,0.27470521567563166,201,33
Nikkei,0.05,W,12,Crisis_next_12W,Shiller_CAPE,0.009221011586476147,0.20008513236840886,-1.2813090585644742,-0.050221610361735954,0.9510186455601178,201,33
Nikkei,0.05,W,12,Crisis_next_12W,YC_10Y3M,0.004315460602275389,0.3771640415687898,0.8831336934592755,0.3830111277431475,1.4666943509756045,201,33
Nikkei,0.05,W,12,Crisis_next_12W,CFNAI,0.001248943276333514,0.6430208452192151,0.46347930525406494,0.1294027224155797,1.1381483897514348,201,33
Nikkei,0.05,W,12,Crisis_next_12W,CISS,0.0003025024963732026,0.8169297654255913,-0.23149564876733372,-0.3647777912283442,0.6943509246029107,201,33
Nikkei,0.05,W,12,Crisis_next_12W,Downside_Beta,0.025318235952947132,0.035303716661920975,2.1048574712677723,1.9957507752014922,7.357724952203016,201,33
Nikkei,0.05,W,12,Crisis_next_12W,NFCI,0.005317949999617988,0.36985639064448295,-0.8967423988731651,-0.7269624240441803,0.483375050759451,201,33
Nikkei,0.05,W,12,Crisis_next_12W,EPU,0.035168256172979695,0.04219524951895016,-2.0315893128479354,-0.005625225083498432,0.9943905668701482,201,33
Nikkei,0.05,W,12,Crisis_next_12W,RSkew,3.0167070517173045e-06,0.9815239342074003,0.023158384308450866,0.007173417882050015,1.0071992084761259,201,33
Nikkei,0.05,W,12,Crisis_next_12W,RSV_Ratio,0.010565780718330142,0.1693861511740976,-1.374178894837633,-2.236474015885614,0.10683453792910864,201,33
Nikkei,0.05,W,12,Crisis_next_12W,HillTail,0.003223949308728047,0.449668361009285,-0.7559680347667964,-1.3590137272607234,0.25691403935347745,201,33
Nikkei,0.05,W,16,Crisis_next_16W,HY_Spread,0.0006907841221179822,0.7185032852991813,0.36045983817176963,0.0354209133554861,1.0360557067184981,200,34
Nikkei,0.05,W,16,Crisis_next_16W,Yield_Curve,0.014498765145378067,0.10404265979555273,1.6255629615266625,0.7066242706259602,2.027136630802031,200,34
Nikkei,0.05,W,16,Crisis_next_16W,Neely,0.020630106756624578,0.06631730563405468,-1.8362729002960039,-0.832700464727301,0.43487333912106135,200,34
Nikkei,0.05,W,16,Crisis_next_16W,PatroCorr,0.007358116374432844,0.2561748171895588,1.1354786624686044,1.6791596081527043,5.361048695831614,200,34
Nikkei,0.05,W,16,Crisis_next_16W,SahmIndicator,0.00607796739578359,0.3436192807369519,-0.9470382650134515,-0.8401060334329854,0.4316647501070187,200,34
Nikkei,0.05,W,16,Crisis_next_16W,VIX,0.0023427552243248106,0.5234025916739952,-0.6381092099936344,-0.018320207082018147,0.9818465877864335,200,34
Nikkei,0.05,W,16,Crisis_next_16W,M2_Growth,0.044483537244285554,0.0041805439698138595,-2.864207241852125,-0.8036478184636793,0.4476928795096924,200,34
Nikkei,0.05,W,16,Crisis_next_16W,BuffettDeviation,0.006681751677022896,0.26639890696766355,-1.111393737034222,-0.6918238187413969,0.500662118924096,200,34
Nikkei,0.05,W,16,Crisis_next_16W,Systemic_Corr,0.002739531658960348,0.4736411513670914,-0.7165672612150166,-0.9459560303156924,0.38830815901768,200,34
Nikkei,0.05,W,16,Crisis_next_16W,Shiller_CAPE,0.005898123062349381,0.30087264265590075,-1.0345638523131262,-0.03993834186689893,0.9608486814618109,200,34
Nikkei,0.05,W,16,Crisis_next_16W,YC_10Y3M,0.014498765145378067,0.10404265979555273,1.6255629615266625,0.7066242706259602,2.027136630802031,200,34
Nikkei,0.05,W,16,Crisis_next_16W,CFNAI,0.0008167374323357901,0.7042681161252353,0.3795653092286977,0.10308281148282276,1.108583208694268,200,34
Nikkei,0.05,W,16,Crisis_next_16W,CISS,0.0002248414036362112,0.8404808507495888,-0.20127845178559065,-0.31113187228473593,0.7326172575872407,200,34
Nikkei,0.05,W,16,Crisis_next_16W,Downside_Beta,0.03935503094179105,0.008811619931305952,2.6192776365948873,2.504498871959229,12.237424912185938,200,34
Nikkei,0.05,W,16,Crisis_next_16W,NFCI,0.009138137586333972,0.2466675984563237,-1.1584814964267445,-1.0006368604745113,0.3676452278844837,200,34
Nikkei,0.05,W,16,Crisis_next_16W,EPU,0.0048777622038144175,0.3755627514653983,-0.8861016546997249,-0.001576344376984064,0.9984248974012376,200,34
Nikkei,0.05,W,16,Crisis_next_16W,RSkew,0.00016794652731999538,0.8608697744872286,-0.17526708409601935,-0.05328810778066622,0.9481068161785539,200,34
Nikkei,0.05,W,16,Crisis_next_16W,RSV_Ratio,0.009274578050747162,0.19407601515840345,-1.2986152110296958,-2.085722454937248,0.12421734630576946,200,34
Nikkei,0.05,W,16,Crisis_next_16W,HillTail,8.102927236741664e-06,0.969520149795649,-0.03821012301104598,-0.06667604235687315,0.9354982140490572,200,34
Nikkei,0.05,M,6,Crisis_next_6M,HY_Spread,7.650592470653805e-08,0.9970216646640184,0.003732798450901994,0.0004254373503483614,1.0004255278616532,199,34
Nikkei,0.05,M,6,Crisis_next_6M,Yield_Curve,0.017216186072335993,0.07730458541236794,1.766544245465648,0.7846096915164433,2.191551392679532,199,34
Nikkei,0.05,M,6,Crisis_next_6M,Neely,0.022290535470335326,0.059701377225474465,-1.8829925527071079,-0.901449750844369,0.4059806620861806,199,34
Nikkei,0.05,M,6,Crisis_next_6M,PatroCorr,0.004601174691976406,0.3569288021894431,-0.9212329817955216,-1.2616022973501129,0.283199892330909,199,34
Nikkei,0.05,M,6,Crisis_next_6M,SahmIndicator,0.0018541593528762501,0.5795369294845792,-0.5540612485330891,-0.4215805429649477,0.656009149343757,199,34
Nikkei,0.05,M,6,Crisis_next_6M,VIX,0.01391698862346491,0.13660821738314233,-1.488541229888589,-0.05034836277958174,0.9508981092866701,199,34
Nikkei,0.05,M,6,Crisis_next_6M,M2_Growth,0.01596738397276487,0.08398849038251668,-1.727998516296356,-0.486516627968146,0.614764120919077,199,34
Nikkei,0.05,M,6,Crisis_next_6M,BuffettDeviation,0.008365852304555443,0.21381775834673677,-1.2431359007157416,-0.7846449500111681,0.4562816758334046,199,34
Nikkei,0.05,M,6,Crisis_next_6M,Systemic_Corr,0.0032925370004981414,0.44687422095282137,0.7606364855782337,1.1137420318364748,3.0457343314355603,199,34
Nikkei,0.05,M,6,Crisis_next_6M,Shiller_CAPE,0.006181129701622101,0.2902556017364961,-1.0575610634393393,-0.04087701162849324,0.9599471850289683,199,34
Nikkei,0.05,M,6,Crisis_next_6M,YC_10Y3M,0.017216186072335993,0.07730458541236794,1.766544245465648,0.7846096915164433,2.191551392679532,199,34
Nikkei,0.05,M,6,Crisis_next_6M,CFNAI,0.02062081412718819,0.07959538343138493,1.753038589344692,0.6058050960153294,1.832727136391671,199,34
Nikkei,0.05,M,6,Crisis_next_6M,CISS,0.008928170903236832,0.24209915856759823,-1.1697560409885421,-2.432556708645941,0.08781203554406732,199,34
Nikkei,0.05,M,6,Crisis_next_6M,Downside_Beta,0.04303903232179318,0.0062806952701957965,2.7327554170619646,2.6188483443197814,13.719913866412792,199,34
Nikkei,0.05,M,6,Crisis_next_6M,NFCI,0.010320580046998096,0.21022292092845096,-1.2529527003598366,-1.1511648456021237,0.31626815116410506,199,34
Nikkei,0.05,M,6,Crisis_next_6M,EPU,0.03814670586599245,0.02614295409920436,-2.2240816077850094,-0.006649510733782605,0.9933725483416158,199,34
Nikkei,0.05,M,6,Crisis_next_6M,RSkew,0.0051003101053238575,0.3333896644981119,-0.9673088427048447,-0.2978004579166605,0.7424494748826785,199,34
Nikkei,0.05,M,6,Crisis_next_6M,RSV_Ratio,0.0013438602883664164,0.6220964012364305,0.4928813847065584,0.8229981991965809,2.2773174635144215,199,34
Nikkei,0.05,M,6,Crisis_next_6M,HillTail,0.0030450259539682722,0.45592380163827795,0.7455756419500164,1.287088069710459,3.622223521419448,199,34
Nikkei,0.05,M,12,Crisis_next_12M,HY_Spread,5.1538540094986374e-05,0.9230828440633279,0.09655115976117255,0.010998938134406562,1.0110596488346955,193,34
Nikkei,0.05,M,12,Crisis_next_12M,Yield_Curve,0.015228524351066253,0.09778215256563876,1.6557021457446397,0.7468054747004078,2.110247996991145,193,34
Nikkei,0.05,M,12,Crisis_next_12M,Neely,0.06850707176931214,0.0039097709311458236,-2.8853513160357522,-1.8077224880403917,0.16402728582089188,193,34
Nikkei,0.05,M,12,Crisis_next_12M,PatroCorr,0.011604376838468267,0.1458531343875485,-1.4543361437526998,-1.965262812475794,0.14011905674014416,193,34
Nikkei,0.05,M,12,Crisis_next_12M,SahmIndicator,0.01987828740760833,0.04843143395598608,1.9735631795387008,1.063991823587122,2.897915900357958,193,34
Nikkei,0.05,M,12,Crisis_next_12M,VIX,0.0030035243326134164,0.4745280897400552,-0.7151310168707268,-0.021365975990106294,0.9788606595088943,193,34
Nikkei,0.05,M,12,Crisis_next_12M,M2_Growth,0.00975295831331724,0.18027220364300878,-1.3399173903649562,-0.38029956422748523,0.6836565794789604,193,34
Nikkei,0.05,M,12,Crisis_next_12M,BuffettDeviation,0.00048753886737162855,0.7679132500385945,0.2951055501399398,0.19757503581329183,1.218444488512723,193,34
Nikkei,0.05,M,12,Crisis_next_12M,Systemic_Corr,0.014665332605208525,0.1007397868513054,-1.6412776813469874,-2.163165106327292,0.1149606818164552,193,34
Nikkei,0.05,M,12,Crisis_next_12M,Shiller_CAPE,5.010129092031246e-05,0.9244074227597181,-0.09488342410586156,-0.0036378152081105205,0.9963687936253,193,34
Nikkei,0.05,M,12,Crisis_next_12M,YC_10Y3M,0.015228524351066253,0.09778215256563876,1.6557021457446397,0.7468054747004078,2.110247996991145,193,34
Nikkei,0.05,M,12,Crisis_next_12M,CFNAI,0.001777251696674309,0.5813549392323868,0.5514066555921878,0.15102243024467232,1.1630227446739774,193,34
Nikkei,0.05,M,12,Crisis_next_12M,CISS,0.0007563662878172783,0.7161042677892504,-0.3636702414304003,-0.623672161430725,0.5359726413718533,193,34
Nikkei,0.05,M,12,Crisis_next_12M,Downside_Beta,0.05042436128358119,0.003538150529539269,2.9166477943417313,2.858469032119935,17.434814352974495,193,34
Nikkei,0.05,M,12,Crisis_next_12M,NFCI,0.003644733059382732,0.4426335992156599,-0.7677535771027697,-0.6187809448503881,0.5386006214123977,193,34
Nikkei,0.05,M,12,Crisis_next_12M,EPU,0.011770065062952417,0.18139147684985746,-1.3364829281626005,-0.0035369617247604413,0.996469285956254,193,34
Nikkei,0.05,M,12,Crisis_next_12M,RSkew,0.014005646618396872,0.11220524656090888,-1.5883587190276847,-0.49782436111875783,0.6078516879176526,193,34
Nikkei,0.05,M,12,Crisis_next_12M,RSV_Ratio,0.0035401427183905376,0.4245495499553329,-0.7985531718921561,-1.3487121386719292,0.25957434123081413,193,34
Nikkei,0.05,M,12,Crisis_next_12M,HillTail,0.0028274422843774794,0.47519004456319647,0.7140600554192412,1.2743704763096604,3.576449241754311,193,34
Nikkei,0.05,M,18,Crisis_next_18M,HY_Spread,7.739811983120681e-05,0.9201039089850938,-0.10030283229867511,-0.014442867113337712,0.9856609307779778,187,21
Nikkei,0.05,M,18,Crisis_next_18M,Yield_Curve,0.06492339792810653,0.00428837845196148,2.856131230799177,1.6120899957491173,5.013278015994795,187,21
Nikkei,0.05,M,18,Crisis_next_18M,Neely,0.00522747614874286,0.4210037156868017,-0.8046811227079886,-0.43325355959868206,0.648396063913969,187,21
Nikkei,0.05,M,18,Crisis_next_18M,PatroCorr,3.118006061908485e-05,0.9488937840143573,0.06409600354424962,0.10870402516259248,1.1148323391860306,187,21
Nikkei,0.05,M,18,Crisis_next_18M,SahmIndicator,0.0052406311500048375,0.4565497083819443,-0.7445402364389281,-0.7985242235990989,0.4499925627398621,187,21
Nikkei,0.05,M,18,Crisis_next_18M,VIX,0.0021816509771251935,0.6022229646145304,-0.52120644541749,-0.0189003945283476,0.9812770979433822,187,21
Nikkei,0.05,M,18,Crisis_next_18M,M2_Growth,0.06411197893089138,0.003955761066970152,-2.881668148731804,-0.991881365950579,0.3708782764802026,187,21
Nikkei,0.05,M,18,Crisis_next_18M,BuffettDeviation,0.012789461679078351,0.19104152813855224,-1.307504203801405,-1.0146868872966104,0.36251592040375274,187,21
Nikkei,0.05,M,18,Crisis_next_18M,Systemic_Corr,0.010669226581403124,0.22347965671232006,-1.2173274435878016,-1.9050616839759649,0.14881346293295264,187,21
Nikkei,0.05,M,18,Crisis_next_18M,Shiller_CAPE,0.01210405888981203,0.21170677149702566,-1.2488860037717024,-0.05950363521811267,0.9422321083657776,187,21
Nikkei,0.05,M,18,Crisis_next_18M,YC_10Y3M,0.06492339792810653,0.00428837845196148,2.856131230799177,1.6120899957491173,5.013278015994795,187,21
Nikkei,0.05,M,18,Crisis_next_18M,CFNAI,0.01990735097057139,0.14381147258782098,1.461743643960768,0.6126721940238964,1.8453559653351388,187,21
Nikkei,0.05,M,18,Crisis_next_18M,CISS,3.1358141956538965e-05,0.9484492399228824,0.06465431260955481,0.12519349041594552,1.1333677276454188,187,21
Nikkei,0.05,M,18,Crisis_next_18M,Downside_Beta,0.025353704928368304,0.07268116379751305,1.794827651227804,2.081827935944724,8.019113951760568,187,21
Nikkei,0.05,M,18,Crisis_next_18M,NFCI,0.013252979644092444,0.23340566408948293,-1.1916317649535804,-1.3864472777117494,0.24996177377482184,187,21
Nikkei,0.05,M,18,Crisis_next_18M,EPU,0.004737214594266903,0.4558365698454405,-0.7457200085003721,-0.0025139119143748135,0.9974892453159613,187,21
Nikkei,0.05,M,18,Crisis_next_18M,RSkew,0.018166377898885866,0.1204429141435634,-1.5529172123151649,-0.5880204176736109,0.5554257080814214,187,21
Nikkei,0.05,M,18,Crisis_next_18M,RSV_Ratio,0.001577859422334571,0.6477054584184552,-0.45695212292183557,-0.9429518315631756,0.38947646794201357,187,21
Nikkei,0.05,M,18,Crisis_next_18M,HillTail,0.0009844215841531279,0.7191792574294438,-0.3595559134673302,-0.8161932219711633,0.4421114753755648,187,21
Nikkei,0.05,M,24,Crisis_next_24M,HY_Spread,0.08503907505763386,0.005830731314947451,2.7571515926313954,0.39318756721744336,1.4816962809152814,181,11
Nikkei,0.05,M,24,Crisis_next_24M,Yield_Curve,0.24490951200141564,0.00024413737295061726,3.668332691492557,3.72895120999196,41.635418446517185,181,11
Nikkei,0.05,M,24,Crisis_next_24M,Neely,0.01471504654939415,0.304517947556986,-1.026792997175764,-0.8198120941774887,0.4405144219542984,181,11
Nikkei,0.05,M,24,Crisis_next_24M,PatroCorr,0.022691235766203022,0.19555358517475474,1.294323839855089,3.385024918293458,29.518728263320543,181,11
Nikkei,0.05,M,24,Crisis_next_24M,SahmIndicator,0.2567617858687634,6.491799727367315e-06,4.509704471951221,3.150792675061069,23.354569830715562,181,11
Nikkei,0.05,M,24,Crisis_next_24M,VIX,0.05835935694012173,0.020723391654412192,2.3129863133232567,0.08001713727216997,1.0833056324193495,181,11
Nikkei,0.05,M,24,Crisis_next_24M,M2_Growth,0.051980007868198896,0.038585537957998996,-2.0685797696285015,-0.944990943108344,0.38868309114645677,181,11
Nikkei,0.05,M,24,Crisis_next_24M,BuffettDeviation,0.14384215885613416,0.002048780913656214,-3.083068351987971,-3.861755000059956,0.021031057608628178,181,11
Nikkei,0.05,M,24,Crisis_next_24M,Systemic_Corr,0.002621997046769242,0.6329696359555175,-0.4775512494521112,-1.0394425293537963,0.35365177750112076,181,11
Nikkei,0.05,M,24,Crisis_next_24M,Shiller_CAPE,0.1559876329297335,0.0017115526508954034,-3.1361951629380527,-0.26075907521526337,0.770466521737002,181,11
Nikkei,0.05,M,24,Crisis_next_24M,YC_10Y3M,0.24490951200141564,0.00024413737295061726,3.668332691492557,3.72895120999196,41.635418446517185,181,11
Nikkei,0.05,M,24,Crisis_next_24M,CFNAI,0.04804361088035802,0.031200592428168118,-2.154504972633709,-0.6463564056850092,0.5239513692802372,181,11
Nikkei,0.05,M,24,Crisis_next_24M,CISS,0.09354769393438434,0.0034729041070546123,2.922449072513349,5.301689619973836,200.6755891738745,181,11
Nikkei,0.05,M,24,Crisis_next_24M,Downside_Beta,0.00024185633028961373,0.8876645705894819,-0.14125997148703912,-0.2130467752090067,0.8081183364283369,181,11
Nikkei,0.05,M,24,Crisis_next_24M,NFCI,0.08006588245240265,0.00726161439325925,2.6846023582059706,2.0061964315678518,7.434984027077535,181,11
Nikkei,0.05,M,24,Crisis_next_24M,EPU,0.0007425305362515067,0.8086846604621721,-0.24212325353501593,-0.000987863649314653,0.999012624127348,181,11
Nikkei,0.05,M,24,Crisis_next_24M,RSkew,0.03889734455382887,0.06934296323798707,-1.8161787072745854,-0.8950193284865299,0.4085997009507076,181,11
Nikkei,0.05,M,24,Crisis_next_24M,RSV_Ratio,0.06658934219262647,0.027609814581860313,2.2027862949006876,7.129433405865712,1248.1695609743078,181,11
Nikkei,0.05,M,24,Crisis_next_24M,HillTail,0.003303695832928666,0.6038464773076644,-0.5188770579110913,-1.6226765604591944,0.19736971948945392,181,11
Nikkei,0.08,D,5,Crisis_next_5D,HY_Spread,0.002467555096262064,0.26346723049346876,1.1182336163054203,0.08428432016748287,1.087938172603089,4114,40
Nikkei,0.08,D,5,Crisis_next_5D,Yield_Curve,0.0005652847028414509,0.6161649966173615,-0.5012929067606282,-0.18456609189442505,0.831464984987381,4114,40
Nikkei,0.08,D,5,Crisis_next_5D,Neely,0.011836937982942164,0.01910960616020852,2.3433859023396786,0.7455301958826491,2.1075585576773532,4114,40
Nikkei,0.08,D,5,Crisis_next_5D,PatroCorr,0.0039868107582095025,0.19119643492812244,1.3070479267105688,1.622480441369716,5.065639768485539,4114,40
Nikkei,0.08,D,5,Crisis_next_5D,SahmIndicator,0.010084992468460063,0.12066604571534179,-1.5519840264720666,-2.105027084989997,0.121842374124904,4114,40
Nikkei,0.08,D,5,Crisis_next_5D,VIX,0.05084314032805115,8.158375344864253e-09,5.7651530860310265,0.06859978396951354,1.0710074889978622,4114,40
Nikkei,0.08,D,5,Crisis_next_5D,M2_Growth,0.0003661663927191361,0.6851355208911485,0.40546529879336357,0.10547121177703753,1.1112341136069475,4114,40
Nikkei,0.08,D,5,Crisis_next_5D,BuffettDeviation,0.0007491143559968938,0.5631330727558559,0.5781941132013677,0.3014409832392617,1.351805333611967,4114,40
Nikkei,0.08,D,5,Crisis_next_5D,Systemic_Corr,0.001882171509042907,0.3646227086487205,0.9065917829680878,1.137115322931016,3.1177616451681107,4114,40
Nikkei,0.08,D,5,Crisis_next_5D,Shiller_CAPE,0.003087533624510974,0.23777015245493682,-1.1805786417837674,-0.03830103470691767,0.962423174500251,4114,40
Nikkei,0.08,D,5,Crisis_next_5D,YC_10Y3M,0.0005652847028414509,0.6161649966173615,-0.5012929067606282,-0.18456609189442505,0.831464984987381,4114,40
Nikkei,0.08,D,5,Crisis_next_5D,CFNAI,0.011858003474509826,0.011373337266992635,-2.5310138034319487,-0.41838398507497315,0.6581094756849314,4114,40
Nikkei,0.08,D,5,Crisis_next_5D,CISS,0.005998264367395811,0.07467048239276436,1.7824831145187048,1.8260668559927613,6.209416039352438,4114,40
Nikkei,0.08,D,5,Crisis_next_5D,Downside_Beta,0.0015253499267500192,0.40619849351841253,0.8306020195023396,0.6366483024124222,1.8901350894418358,4114,40
Nikkei,0.08,D,5,Crisis_next_5D,NFCI,0.0008396426746939412,0.5189269315753247,0.6450003921586943,0.30743041772416446,1.3599261784512469,4114,40
Nikkei,0.08,D,5,Crisis_next_5D,EPU,0.00865794888019511,0.029252478283888685,2.1800672320826653,0.0023453033398611735,1.0023480557150368,4114,40
Nikkei,0.08,D,5,Crisis_next_5D,RSkew,0.03029138931908326,9.192276840139791e-05,-3.9109789916664885,-0.8452959014959418,0.4294302703495232,4114,40
Nikkei,0.08,D,5,Crisis_next_5D,RSV_Ratio,0.04569045812675043,1.0365692944713193e-05,4.409401003258079,6.508724363367666,670.9699575842639,4114,40
Nikkei,0.08,D,5,Crisis_next_5D,HillTail,0.0023291603677638717,0.3091276705408683,-1.0170541491600997,-1.529735208614361,0.21659301168720865,4114,40
Nikkei,0.08,D,10,Crisis_next_10D,HY_Spread,7.019210280834187e-05,0.7938617091953326,0.2612992963009485,0.014404173777249906,1.0145084137840632,4109,102
Nikkei,0.08,D,10,Crisis_next_10D,Yield_Curve,2.3345055210954868e-05,0.8815403201328574,-0.14901687142695771,-0.03418523406456864,0.9663924792503183,4109,102
Nikkei,0.08,D,10,Crisis_next_10D,Neely,0.00016902327732482014,0.6864431876362657,0.4036866094790932,0.08528764222878109,1.089030272745459,4109,102
Nikkei,0.08,D,10,Crisis_next_10D,PatroCorr,0.0004074686018868956,0.534268987430188,0.6215025952911666,0.46338873600086683,1.5894510992000261,4109,102
Nikkei,0.08,D,10,Crisis_next_10D,SahmIndicator,0.021273699486161646,0.006186566867508475,-2.73772561456415,-3.9525287545534415,0.01920607287179148,4109,102
Nikkei,0.08,D,10,Crisis_next_10D,VIX,0.0010941288187678033,0.28938786915140813,1.0594654211329322,0.013651565591682827,1.0137451736939187,4109,102
Nikkei,0.08,D,10,Crisis_next_10D,M2_Growth,0.00045177855612887896,0.5047971190828455,-0.6669608842613721,-0.10329198688404766,0.9018636026897938,4109,102
Nikkei,0.08,D,10,Crisis_next_10D,BuffettDeviation,0.0004155046027632947,0.5303315566506663,0.6274999687508012,0.2052135256153937,1.2277872009934678,4109,102
Nikkei,0.08,D,10,Crisis_next_10D,Systemic_Corr,0.0007323011242499344,0.3981309119115729,-0.8449640489701563,-0.6058102340886826,0.5456321577191611,4109,102
Nikkei,0.08,D,10,Crisis_next_10D,Shiller_CAPE,0.0032263174627227276,0.07999773836594369,-1.7506991939223853,-0.03586587010163879,0.9647696892653707,4109,102
Nikkei,0.08,D,10,Crisis_next_10D,YC_10Y3M,2.3345055210954868e-05,0.8815403201328574,-0.14901687142695771,-0.03418523406456864,0.9663924792503183,4109,102
Nikkei,0.08,D,10,Crisis_next_10D,CFNAI,0.0003200912831321512,0.7870027330517845,-0.2702047572111155,-0.03672855243186257,0.9639377583993299,4109,102
Nikkei,0.08,D,10,Crisis_next_10D,CISS,0.0009612912607906976,0.3524355567842379,-0.9298754858912935,-0.8650198556367898,0.4210431924636209,4109,102
Nikkei,0.08,D,10,Crisis_next_10D,Downside_Beta,0.002550572544934404,0.11781432927173836,1.564013792987922,0.7564298311681993,2.1306558245249083,4109,102
Nikkei,0.08,D,10,Crisis_next_10D,NFCI,0.0017152458659086545,0.22955069628853475,-1.20151705112233,-0.5127761766154862,0.5988308089454717,4109,102
Nikkei,0.08,D,10,Crisis_next_10D,EPU,0.001402679631494097,0.26837599376955557,-1.1068102081823368,-0.0011714871541469766,0.998829198769053,4109,102
Nikkei,0.08,D,10,Crisis_next_10D,RSkew,0.013716283437881782,0.00019810750613187512,-3.721417606885684,-0.546652336035031,0.578884480977016,4109,102
Nikkei,0.08,D,10,Crisis_next_10D,RSV_Ratio,0.0036801035383666747,0.06273496115331766,1.8610652616003134,1.6217632454388453,5.0620080147514965,4109,102
Nikkei,0.08,D,10,Crisis_next_10D,HillTail,0.01758978428362834,8.00567109965818e-05,-3.944230251217011,-4.001026399035328,0.018296849379064225,4109,102
Nikkei,0.08,D,15,Crisis_next_15D,HY_Spread,0.0006850918630708636,0.34591967852158356,-0.9425332844287626,-0.04608693845036421,0.9549589359316284,4104,162
Nikkei,0.08,D,15,Crisis_next_15D,Yield_Curve,0.0011793937405755184,0.20243075942510258,1.2746567555801818,0.23009672835525008,1.2587217581265127,4104,162
Nikkei,0.08,D,15,Crisis_next_15D,Neely,0.0025332957120706157,0.06999817627381477,-1.8119224740667883,-0.3305108413755019,0.718556571231865,4104,162
Nikkei,0.08,D,15,Crisis_next_15D,PatroCorr,8.369555138176832e-05,0.7355604442611378,-0.3377382541593594,-0.19701561559713163,0.8211778100306817,4104,162
Nikkei,0.08,D,15,Crisis_next_15D,SahmIndicator,0.014056411287208581,0.0015271777642102296,-3.1694689462503103,-2.1837965749502466,0.1126131736561084,4104,162
Nikkei,0.08,D,15,Crisis_next_15D,VIX,0.0016538776977165215,0.14797147632571156,-1.446733863236516,-0.01860475534914691,0.9815672447864606,4104,162
Nikkei,0.08,D,15,Crisis_next_15D,M2_Growth,0.0016028584653634548,0.13401406672396723,-1.4984588867078446,-0.18244597879131766,0.8332296547856105,4104,162
Nikkei,0.08,D,15,Crisis_next_15D,BuffettDeviation,0.0008514178644704051,0.28438596735578137,1.0705185421070418,0.2820542791680543,1.3258506841057955,4104,162
Nikkei,0.08,D,15,Crisis_next_15D,Systemic_Corr,0.0023531660672172494,0.06783254243845822,-1.8261176479932721,-1.020755335725622,0.36032267277187935,4104,162
Nikkei,0.08,D,15,Crisis_next_15D,Shiller_CAPE,0.0015467307606612524,0.14588524403919506,-1.4542202805080204,-0.023840311158997887,0.9764416241399496,4104,162
Nikkei,0.08,D,15,Crisis_next_15D,YC_10Y3M,0.0011793937405755184,0.20243075942510258,1.2746567555801818,0.23009672835525008,1.2587217581265127,4104,162
Nikkei,0.08,D,15,Crisis_next_15D,CFNAI,0.0005181314168364315,0.4098891972947324,0.8240886349557672,0.09739135066923352,1.1022916718045408,4104,162
Nikkei,0.08,D,15,Crisis_next_15D,CISS,0.005569457718027526,0.011964318886945753,-2.513194980775265,-2.1903106147687854,0.11188199102072476,4104,162
Nikkei,0.08,D,15,Crisis_next_15D,Downside_Beta,0.0025610580847946762,0.061020900475668945,1.8733439793707005,0.7248919794578478,2.064508078639329,4104,162
Nikkei,0.08,D,15,Crisis_next_15D,NFCI,0.010042812875074802,0.0010011213805260805,-3.290211402614475,-1.3940760523097013,0.24806212694631818,4104,162
Nikkei,0.08,D,15,Crisis_next_15D,EPU,0.00011717625905383056,0.6926580268680371,-0.39525049979277144,-0.00030334513487489083,0.9996967008696087,4104,162
Nikkei,0.08,D,15,Crisis_next_15D,RSkew,0.003905425224206449,0.019439954538415228,-2.336985182825504,-0.28635313892403474,0.7509973627134003,4104,162
Nikkei,0.08,D,15,Crisis_next_15D,RSV_Ratio,0.0008368289973695875,0.28521666839094917,-1.068673828538474,-0.72365220284451,0.4849777803310685,4104,162
Nikkei,0.08,D,15,Crisis_next_15D,HillTail,0.0025747122499455433,0.062361342934557466,-1.8637178102624936,-1.4080837703555618,0.2446115662758146,4104,162
Nikkei,0.08,W,4,Crisis_next_4W,HY_Spread,0.016962083918581117,0.28154018575688466,-1.076865885347827,-0.2675119858710135,0.7652811580066059,206,11
Nikkei,0.08,W,4,Crisis_next_4W,Yield_Curve,0.0013917369824084647,0.7284561230507647,0.3471799628772389,0.23607432993649027,1.266268428320795,206,11
Nikkei,0.08,W,4,Crisis_next_4W,Neely,0.0024312545524898255,0.6542884284719825,-0.4478126286996874,-0.31064903810373234,0.7329710756516509,206,11
Nikkei,0.08,W,4,Crisis_next_4W,PatroCorr,0.0006403367260218173,0.8136783367913553,-0.23568341954444944,-0.5058223660459531,0.6030094769484967,206,11
Nikkei,0.08,W,4,Crisis_next_4W,SahmIndicator,0.010356469147124403,0.4544709217104783,-0.7479821543548679,-1.5694596048294414,0.2081576393516959,206,11
Nikkei,0.08,W,4,Crisis_next_4W,VIX,0.0031351283121473505,0.5925669243182964,0.5351199372375738,0.021605905671998486,1.0218410033652312,206,11
Nikkei,0.08,W,4,Crisis_next_4W,M2_Growth,0.009193045152701584,0.4018089463175962,0.8383949115620355,0.48422402730768266,1.622915182248555,206,11
Nikkei,0.08,W,4,Crisis_next_4W,BuffettDeviation,0.025268021074962066,0.15520260172967307,1.4213927887358966,1.5396105658676873,4.662774073990854,206,11
Nikkei,0.08,W,4,Crisis_next_4W,Systemic_Corr,0.009363217597650353,0.3476629770341264,-0.9391319989119635,-1.873680212048132,0.15355749650123182,206,11
Nikkei,0.08,W,4,Crisis_next_4W,Shiller_CAPE,4.476780929274504e-05,0.9486465616976941,0.06440649098972512,0.004117343871114121,1.004125831776601,206,11
Nikkei,0.08,W,4,Crisis_next_4W,YC_10Y3M,0.0013917369824084647,0.7284561230507647,0.3471799628772389,0.23607432993649027,1.266268428320795,206,11
Nikkei,0.08,W,4,Crisis_next_4W,CFNAI,7.88377166003329e-05,0.9459994943266304,-0.06773134822721251,-0.028763483536480967,0.9716462476260636,206,11
Nikkei,0.08,W,4,Crisis_next_4W,CISS,0.012596099281620532,0.3680006063909217,-0.9002248460028389,-3.4302201283920937,0.03237981227233134,206,11
Nikkei,0.08,W,4,Crisis_next_4W,Downside_Beta,0.00771314225276154,0.42248454580514416,-0.802118272995709,-1.2570657929593092,0.28448754840634766,206,11
Nikkei,0.08,W,4,Crisis_next_4W,NFCI,0.007314738871916804,0.4804482106324257,-0.7055818564353182,-1.076207352429959,0.3408859372815603,206,11
Nikkei,0.08,W,4,Crisis_next_4W,EPU,0.027113050620448775,0.0965227469584992,1.6619502653961538,0.0028999092703081526,1.0029041180745963,206,11
Nikkei,0.08,W,4,Crisis_next_4W,RSkew,0.019085683259836506,0.19476648134503616,-1.2966068877620036,-0.6218764654289316,0.5369359499468627,206,11
Nikkei,0.08,W,4,Crisis_next_4W,RSV_Ratio,0.00019334550344074497,0.8973853725023092,0.12896496329336704,0.3395318853759193,1.404290067960364,206,11
Nikkei,0.08,W,4,Crisis_next_4W,HillTail,0.00045791566907893433,0.8440835978522887,-0.19667279865798984,-0.5675397661339288,0.5669184764326118,206,11
Nikkei,0.08,W,8,Crisis_next_8W,HY_Spread,0.00027712175128280503,0.8686734966769405,-0.16534365913168317,-0.026306762251001956,0.9740362462227091,202,14
Nikkei,0.08,W,8,Crisis_next_8W,Yield_Curve,0.0009626077192214089,0.7560580353678765,-0.31066141204985176,-0.2005521917370917,0.8182787815201935,202,14
Nikkei,0.08,W,8,Crisis_next_8W,Neely,0.011457453417354602,0.30598470143733003,-1.0236836901592905,-0.6848506684729537,0.5041655117594389,202,14
Nikkei,0.08,W,8,Crisis_next_8W,PatroCorr,0.0005890363308638236,0.8077326194945773,-0.24335213575766104,-0.4875354481619138,0.614138105770868,202,14
Nikkei,0.08,W,8,Crisis_next_8W,SahmIndicator,0.028517846696521687,0.3039544688186012,-1.0279901335930597,-4.053270190709511,0.017365493209064015,202,14
Nikkei,0.08,W,8,Crisis_next_8W,VIX,0.005345671941117458,0.4835620459502442,-0.7005849939243395,-0.03222226224095853,0.9682913435564658,202,14
Nikkei,0.08,W,8,Crisis_next_8W,M2_Growth,0.00030472316884677664,0.8596523723522507,-0.1768166983229831,-0.07641083167557317,0.926435519308838,202,14
Nikkei,0.08,W,8,Crisis_next_8W,BuffettDeviation,0.0012662229486704035,0.7219589216657953,0.35584196249871597,0.33742351766762485,1.4013324271208296,202,14
Nikkei,0.08,W,8,Crisis_next_8W,Systemic_Corr,0.007174997434079899,0.37500821293660114,-0.8871313024578882,-1.6162918059365778,0.19863390817123258,202,14
Nikkei,0.08,W,8,Crisis_next_8W,Shiller_CAPE,0.00023360055418175651,0.8774167363755664,-0.1542447786428627,-0.008744337559171292,0.9912937829666676,202,14
Nikkei,0.08,W,8,Crisis_next_8W,YC_10Y3M,0.0009626077192214089,0.7560580353678765,-0.31066141204985176,-0.2005521917370917,0.8182787815201935,202,14
Nikkei,0.08,W,8,Crisis_next_8W,CFNAI,0.0010536886273807555,0.7496802927073657,0.31906095255622524,0.1318762830432877,1.1409671535511727,202,14
Nikkei,0.08,W,8,Crisis_next_8W,CISS,0.008638738920858757,0.400370745210336,-0.8409592828811933,-2.55728982542042,0.07751453394582707,202,14
Nikkei,0.08,W,8,Crisis_next_8W,Downside_Beta,0.00012392669643390697,0.9104593329950478,0.11245918128203805,0.15185752273468195,1.1639943818807654,202,14
Nikkei,0.08,W,8,Crisis_next_8W,NFCI,0.018095652334721435,0.2379355316074223,-1.1801626483352845,-1.8333497060515445,0.15987712843509272,202,14
Nikkei,0.08,W,8,Crisis_next_8W,EPU,0.020408687716338636,0.2322821781089911,-1.194500671727676,-0.004567746133993616,0.9954426701526925,202,14
Nikkei,0.08,W,8,Crisis_next_8W,RSkew,0.004951670657123763,0.48438808787363363,0.69926235594283,0.3292790010661871,1.389965603379378,202,14
Nikkei,0.08,W,8,Crisis_next_8W,RSV_Ratio,0.01345297095493081,0.2425054065079445,-1.1687474295898932,-2.756746194898006,0.06349804284494,202,14
Nikkei,0.08,W,8,Crisis_next_8W,HillTail,0.009714575910574896,0.3294110079022332,-0.9753009328387056,-2.6359283301217773,0.07165242142301498,202,14
Nikkei,0.08,W,12,Crisis_next_12W,HY_Spread,0.007822422861494038,0.2945128696646254,1.0482729477914996,0.11482911029532555,1.121681737331775,201,19
Nikkei,0.08,W,12,Crisis_next_12W,Yield_Curve,0.0001309876102245644,0.897713347212281,0.12855048643731007,0.07125994463843573,1.073860333826684,201,19
Nikkei,0.08,W,12,Crisis_next_12W,Neely,0.028596549055922016,0.08657903904748643,-1.7137261113307323,-1.1100971600148253,0.3295269426771244,201,19
Nikkei,0.08,W,12,Crisis_next_12W,PatroCorr,0.000262489697947732,0.856122954655167,0.1813116596153059,0.3279677855325487,1.3881442532412522,201,19
Nikkei,0.08,W,12,Crisis_next_12W,SahmIndicator,0.0005896228797726,0.7921592078000289,-0.2635078059747612,-0.24686932864415398,0.7812427729141871,201,19
Nikkei,0.08,W,12,Crisis_next_12W,VIX,0.0011791812669219581,0.7059917581422892,-0.37724470818156636,-0.013780902137987168,0.9863136197965253,201,19
Nikkei,0.08,W,12,Crisis_next_12W,M2_Growth,0.02727629602988324,0.059436706000533926,-1.884949130901886,-0.661100759013578,0.5162827187384501,201,19
Nikkei,0.08,W,12,Crisis_next_12W,BuffettDeviation,0.006096300095960072,0.3768206290349718,-0.8837695463200949,-0.6951719555049157,0.4989886367645095,201,19
Nikkei,0.08,W,12,Crisis_next_12W,Systemic_Corr,0.0021248974071792492,0.5986616306772227,-0.5263261302626723,-0.8810019523723608,0.41436752709174557,201,19
Nikkei,0.08,W,12,Crisis_next_12W,Shiller_CAPE,0.015566783731366107,0.16444938496508832,-1.3902618271688947,-0.06919369076667342,0.9331459208242452,201,19
Nikkei,0.08,W,12,Crisis_next_12W,YC_10Y3M,0.0001309876102245644,0.897713347212281,0.12855048643731007,0.07125994463843573,1.073860333826684,201,19
Nikkei,0.08,W,12,Crisis_next_12W,CFNAI,0.0014397233226703943,0.6630354374439641,-0.43572614043567687,-0.1345565707834205,0.8741034287621138,201,19
Nikkei,0.08,W,12,Crisis_next_12W,CISS,6.612989198340191e-05,0.9263953853408516,0.09238093622454856,0.17388264867757264,1.1899159194199567,201,19
Nikkei,0.08,W,12,Crisis_next_12W,Downside_Beta,0.03696413566673473,0.03473918049083532,2.111385615005468,2.5663070184705083,13.017661579622754,201,19
Nikkei,0.08,W,12,Crisis_next_12W,NFCI,0.0007693706194762395,0.764428626923845,-0.29967033704119483,-0.26615319296250106,0.7663217234134702,201,19
Nikkei,0.08,W,12,Crisis_next_12W,EPU,0.03118219189751148,0.11293153782112292,-1.58515316879267,-0.005881137385243474,0.9941361226504384,201,19
Nikkei,0.08,W,12,Crisis_next_12W,RSkew,0.01095888830151881,0.2510412442493064,1.1478239594641397,0.47911935808947126,1.6146518458171082,201,19
Nikkei,0.08,W,12,Crisis_next_12W,RSV_Ratio,0.023294546247648373,0.08893399748252054,-1.7010478759117962,-3.5148973691563814,0.02975085615288403,201,19
Nikkei,0.08,W,12,Crisis_next_12W,HillTail,0.003151628205182222,0.529420392730805,-0.6288910394436001,-1.4372296667234237,0.2375850375565417,201,19
Nikkei,0.08,W,16,Crisis_next_16W,HY_Spread,0.0012255093205137957,0.6678882010476608,0.42904812710323464,0.04815071042519904,1.0493287881958777,200,23
Nikkei,0.08,W,16,Crisis_next_16W,Yield_Curve,0.018413827531023386,0.1054379820577416,1.6190431370480531,0.8266641658768148,2.2856813549625867,200,23
Nikkei,0.08,W,16,Crisis_next_16W,Neely,0.026075467399085728,0.07614778982355463,-1.7734885361515096,-1.0140603321063428,0.3627431278067922,200,23
Nikkei,0.08,W,16,Crisis_next_16W,PatroCorr,0.0005426062789571917,0.781820945507399,0.2769468140182391,0.4635617670839515,1.5897261474404922,200,23
Nikkei,0.08,W,16,Crisis_next_16W,SahmIndicator,0.003069099825407595,0.5406398440541411,-0.6118457095985663,-0.598661479928574,0.5495467233391356,200,23
Nikkei,0.08,W,16,Crisis_next_16W,VIX,0.0028787619400978404,0.5345744461385797,-0.6210382657859165,-0.02147542048938589,0.9787535344563807,200,23
Nikkei,0.08,W,16,Crisis_next_16W,M2_Growth,0.0427899039567452,0.012543188891489344,-2.4964824116811712,-0.8097806886574039,0.44495563934176396,200,23
Nikkei,0.08,W,16,Crisis_next_16W,BuffettDeviation,0.015995484159922246,0.12771831716169893,-1.5231614536440274,-1.101466336242414,0.332383340449196,200,23
Nikkei,0.08,W,16,Crisis_next_16W,Systemic_Corr,0.00010289022976639473,0.9031991855165392,-0.12162099474830065,-0.19511501749309307,0.8227400231188596,200,23
Nikkei,0.08,W,16,Crisis_next_16W,Shiller_CAPE,0.017385440416960996,0.11829160264267331,-1.5619846601088763,-0.07168898452393677,0.9308203503308423,200,23
Nikkei,0.08,W,16,Crisis_next_16W,YC_10Y3M,0.018413827531023386,0.1054379820577416,1.6190431370480531,0.8266641658768148,2.2856813549625867,200,23
Nikkei,0.08,W,16,Crisis_next_16W,CFNAI,0.00026179618843236163,0.8483411765711302,0.19123539185513488,0.06015051669537474,1.061996382702077,200,23
Nikkei,0.08,W,16,Crisis_next_16W,CISS,0.00033455660729708736,0.8286790685924806,-0.21639601970146838,-0.3998706467497007,0.6704067597205624,200,23
Nikkei,0.08,W,16,Crisis_next_16W,Downside_Beta,0.0603382498500058,0.004726481713431528,2.8251070836510572,3.267240791281531,26.238840931475902,200,23
Nikkei,0.08,W,16,Crisis_next_16W,NFCI,0.008293246125618214,0.33008230962536866,-0.9739480993830222,-1.0112913957064498,0.36374893231892397,200,23
Nikkei,0.08,W,16,Crisis_next_16W,EPU,0.036796156446187944,0.07052931825546473,-1.8084961321641715,-0.006457192343018169,0.9935636105233392,200,23
Nikkei,0.08,W,16,Crisis_next_16W,RSkew,0.0018861542117126762,0.6064403644975201,0.5151612216168633,0.1891353990315496,1.2082045311318856,200,23
Nikkei,0.08,W,16,Crisis_next_16W,RSV_Ratio,0.015949222990289114,0.13246491558323223,-1.5044524202472145,-2.8436236468756304,0.05821433510801635,200,23
Nikkei,0.08,W,16,Crisis_next_16W,HillTail,0.0014587241449413035,0.6475374972222303,0.4571858093934941,0.932122739191553,2.5398949938998014,200,23
Nikkei,0.08,M,6,Crisis_next_6M,HY_Spread,0.013348027275627894,0.15655097258907205,1.4167673018904974,0.16685700631995737,1.1815852939982616,199,22
Nikkei,0.08,M,6,Crisis_next_6M,Yield_Curve,0.03686363044462937,0.025927171826292204,2.2273008790716458,1.2033492245028201,3.331255381874583,199,22
Nikkei,0.08,M,6,Crisis_next_6M,Neely,0.016405505034750245,0.1584972990358393,-1.4101435538817781,-0.8113318513286298,0.4442659757921261,199,22
Nikkei,0.08,M,6,Crisis_next_6M,PatroCorr,0.008668339187931418,0.2683646030727639,-1.1068365489357588,-1.791767557159496,0.16666531868354437,199,22
Nikkei,0.08,M,6,Crisis_next_6M,SahmIndicator,0.0006186489567416853,0.7768607732239639,-0.28341233587654663,-0.24696407832829803,0.7811687539149075,199,22
Nikkei,0.08,M,6,Crisis_next_6M,VIX,0.00961839373764406,0.27810659355374057,-1.0845825354717378,-0.04359400991190931,0.9573425501715943,199,22
Nikkei,0.08,M,6,Crisis_next_6M,M2_Growth,0.0695887978031976,0.002001312111415023,-3.0900375212744886,-1.0337767627715597,0.3556611729312921,199,22
Nikkei,0.08,M,6,Crisis_next_6M,BuffettDeviation,0.0381622166576433,0.021452205048343255,-2.299929666442385,-1.7235753593218643,0.17842706524620294,199,22
Nikkei,0.08,M,6,Crisis_next_6M,Systemic_Corr,0.004702265856311505,0.43055887842473706,0.7882356526301478,1.4118861195154218,4.103688155647516,199,22
Nikkei,0.08,M,6,Crisis_next_6M,Shiller_CAPE,0.05191611619998615,0.009433645171573012,-2.5959257387535923,-0.12700996982840765,0.8807248918773395,199,22
Nikkei,0.08,M,6,Crisis_next_6M,YC_10Y3M,0.03686363044462937,0.025927171826292204,2.2273008790716458,1.2033492245028201,3.331255381874583,199,22
Nikkei,0.08,M,6,Crisis_next_6M,CFNAI,0.0011436156669241138,0.697641448281047,0.38850622498647125,0.1291066094737846,1.1378114191766826,199,22
Nikkei,0.08,M,6,Crisis_next_6M,CISS,0.0010019312843514427,0.7175480733119972,-0.36173767105112203,-0.7708102293467185,0.4626380734717945,199,22
Nikkei,0.08,M,6,Crisis_next_6M,Downside_Beta,0.08884445072604197,0.0009291050765662558,3.3111586780986837,4.041291658584681,56.899790463427145,199,22
Nikkei,0.08,M,6,Crisis_next_6M,NFCI,0.0030714325326544056,0.537787232303941,-0.6161625655794456,-0.6121913350508482,0.542161508889456,199,22
Nikkei,0.08,M,6,Crisis_next_6M,EPU,0.040983075115325396,0.04945621652664811,-1.964637430317074,-0.007724788489620302,0.9923049710110654,199,22
Nikkei,0.08,M,6,Crisis_next_6M,RSkew,0.0022874983492028322,0.57166089705296,-0.5656071046800909,-0.2088483009119846,0.8115183328973131,199,22
Nikkei,0.08,M,6,Crisis_next_6M,RSV_Ratio,0.0001486816438729388,0.8860732114368823,0.1432747312864308,0.28537359035759136,1.3302589072019086,199,22
Nikkei,0.08,M,6,Crisis_next_6M,HillTail,0.001603875792430931,0.6366442528802105,0.4723958683668061,0.9778436500673556,2.6587169320956936,199,22
Nikkei,0.08,M,12,Crisis_next_12M,HY_Spread,0.0007889851993738706,0.7504323381128877,-0.31806934247387025,-0.04715399784193874,0.9539404815027919,193,21
Nikkei,0.08,M,12,Crisis_next_12M,Yield_Curve,0.015491768655748972,0.15051844233745545,1.437702644893626,0.7878602675735242,2.198686787954097,193,21
Nikkei,0.08,M,12,Crisis_next_12M,Neely,0.02943082662094132,0.07615702621616652,-1.7734327500881188,-1.1420248562818691,0.31917208945448383,193,21
Nikkei,0.08,M,12,Crisis_next_12M,PatroCorr,0.0407777309941707,0.01974883643185361,-2.3310857900167328,-3.792836625212092,0.022531597418439617,193,21
Nikkei,0.08,M,12,Crisis_next_12M,SahmIndicator,0.0008992818879771658,0.7391598389718188,-0.3329661447131892,-0.2982343350821669,0.7421274128817111,193,21
Nikkei,0.08,M,12,Crisis_next_12M,VIX,0.022367624218117332,0.11744814562289962,-1.565575003768296,-0.07029722877508437,0.9321167268150213,193,21
Nikkei,0.08,M,12,Crisis_next_12M,M2_Growth,0.014748644642669229,0.15488915391323432,-1.4224724151600663,-0.4838545519249455,0.6164028500005514,193,21
Nikkei,0.08,M,12,Crisis_next_12M,BuffettDeviation,0.001272880096127471,0.6837440632096236,0.40735937051092425,0.33833816770121516,1.4026147422177428,193,21
Nikkei,0.08,M,12,Crisis_next_12M,Systemic_Corr,0.047271599442964884,0.01144695916928234,-2.528749814050063,-3.879839449799801,0.02065414094199563,193,21
Nikkei,0.08,M,12,Crisis_next_12M,Shiller_CAPE,0.0012871904244750043,0.6794700061948887,-0.4131864618248695,-0.019398900608853274,0.9807880472508962,193,21
Nikkei,0.08,M,12,Crisis_next_12M,YC_10Y3M,0.015491768655748972,0.15051844233745545,1.437702644893626,0.7878602675735242,2.198686787954097,193,21
Nikkei,0.08,M,12,Crisis_next_12M,CFNAI,0.014235772916312839,0.20783788228437317,1.2595329894525706,0.5121632372129175,1.6688975140846756,193,21
Nikkei,0.08,M,12,Crisis_next_12M,CISS,0.00761203029508617,0.3577391156009574,-0.919681705435255,-2.3565058587163916,0.09475071785744847,193,21
Nikkei,0.08,M,12,Crisis_next_12M,Downside_Beta,0.04970831910506057,0.012770945624915346,2.4900936028077383,2.9771252035608264,19.63129945620678,193,21
Nikkei,0.08,M,12,Crisis_next_12M,NFCI,0.014565310226410388,0.21109005744763476,-1.250573682093651,-1.5050808286679578,0.2219993491950557,193,21
Nikkei,0.08,M,12,Crisis_next_12M,EPU,0.017783334009033425,0.17317298097304612,-1.362078917365535,-0.00496438887046453,0.9950479133418896,193,21
Nikkei,0.08,M,12,Crisis_next_12M,RSkew,0.008649048227105993,0.28069628203917296,-1.0787565207303964,-0.4093266935870181,0.6640972405695892,193,21
Nikkei,0.08,M,12,Crisis_next_12M,RSV_Ratio,0.018029789278854902,0.12277530101103883,-1.5432286798724653,-3.1890046889203294,0.04121287015848819,193,21
Nikkei,0.08,M,12,Crisis_next_12M,HillTail,5.227126626172751e-05,0.933362491137415,0.08361506199137564,0.18344614656278402,1.2013502668284184,193,21
Nikkei,0.08,M,18,Crisis_next_18M,HY_Spread,0.0047404948051585905,0.5105953649475825,0.6579109330297086,0.10923648556586434,1.1154261013263203,187,11
Nikkei,0.08,M,18,Crisis_next_18M,Yield_Curve,0.16542314529871782,0.0010257636781184525,3.283363332352286,2.9278664201162345,18.687716196290175,187,11
Nikkei,0.08,M,18,Crisis_next_18M,Neely,0.012707708019029207,0.3361900035957823,-0.961720536410872,-0.767541901784309,0.4641525998747595,187,11
Nikkei,0.08,M,18,Crisis_next_18M,PatroCorr,0.03538365366430907,0.11434655322162052,1.578954241103092,4.473831288651512,87.69205379928592,187,11
Nikkei,0.08,M,18,Crisis_next_18M,SahmIndicator,7.890415810729579e-07,0.9917978883853402,0.010280003502133003,0.010907344059289042,1.010967046002272,187,11
Nikkei,0.08,M,18,Crisis_next_18M,VIX,0.0012332451099975605,0.742869718777901,0.3280554745393195,0.013836128027116949,1.0139322902388965,187,11
Nikkei,0.08,M,18,Crisis_next_18M,M2_Growth,0.1353801244334547,0.0018156770175173117,-3.1188348475350876,-1.57199880477281,0.2076297559699977,187,11
Nikkei,0.08,M,18,Crisis_next_18M,BuffettDeviation,0.06033774905491818,0.027760949587063512,-2.2006480441265697,-2.3431762490824615,0.09602216304739972,187,11
Nikkei,0.08,M,18,Crisis_next_18M,Systemic_Corr,0.017529135053551803,0.20233570318166527,-1.2749252435612382,-2.499523002416621,0.08212416230962322,187,11
Nikkei,0.08,M,18,Crisis_next_18M,Shiller_CAPE,0.042354834966280674,0.06842400106583106,-1.8222042427490681,-0.12210710404463442,0.8850535706089685,187,11
Nikkei,0.08,M,18,Crisis_next_18M,YC_10Y3M,0.16542314529871782,0.0010257636781184525,3.283363332352286,2.9278664201162345,18.687716196290175,187,11
Nikkei,0.08,M,18,Crisis_next_18M,CFNAI,0.00396763951943957,0.5840488945978712,0.5474801638486475,0.26358189940023913,1.3015838895164809,187,11
Nikkei,0.08,M,18,Crisis_next_18M,CISS,0.010994511421541175,0.3022837159350562,1.0315484163395618,2.135920793328328,8.464837285160314,187,11
Nikkei,0.08,M,18,Crisis_next_18M,Downside_Beta,0.0011793805795021761,0.7541374465761849,-0.31318851100056894,-0.47572137111093193,0.6214366083191813,187,11
Nikkei,0.08,M,18,Crisis_next_18M,NFCI,0.001973371362102627,0.6990625332381837,-0.3865862576724472,-0.5038723715556545,0.6041864893169974,187,11
Nikkei,0.08,M,18,Crisis_next_18M,EPU,1.3538260230649968e-05,0.9730632175585987,0.033766665873294854,0.0001279419427396415,1.000127950127659,187,11
Nikkei,0.08,M,18,Crisis_next_18M,RSkew,1.285498328196244e-05,0.9737544192382118,-0.03289989160346322,-0.0171979444255183,0.9829490960825475,187,11
Nikkei,0.08,M,18,Crisis_next_18M,RSV_Ratio,0.014861259976442165,0.264111016598499,-1.1167271242967132,-3.070864127573306,0.04638105838426334,187,11
Nikkei,0.08,M,18,Crisis_next_18M,HillTail,0.023135419223646037,0.18393188220964196,-1.3287456997979195,-4.47885498055812,0.01134639756535506,187,11
Nikkei,0.08,M,24,Crisis_next_24M,HY_Spread,0.08098386058107732,0.01772476833901645,2.371318112168426,0.3819565694871882,1.465148451602553,181,7
Nikkei,0.08,M,24,Crisis_next_24M,Yield_Curve,0.25846969016457166,0.002551594022084301,3.017154884567537,4.1717500659798885,64.82880757935543,181,7
Nikkei,0.08,M,24,Crisis_next_24M,Neely,0.021545239654879422,0.3142269476477807,-1.0063921929179023,-1.0991671078450302,0.3331484449022595,181,7
Nikkei,0.08,M,24,Crisis_next_24M,PatroCorr,0.02300206958625195,0.2737360300337458,1.094499355165353,3.6071610286264337,36.861256076943285,181,7
Nikkei,0.08,M,24,Crisis_next_24M,SahmIndicator,0.21310690845184677,0.00019592013689633005,3.724219852420673,2.803365954061926,16.500091957320194,181,7
Nikkei,0.08,M,24,Crisis_next_24M,VIX,0.05592779510421686,0.04950363903767337,1.9642281556599877,0.07935769764586173,1.0825914932496423,181,7
Nikkei,0.08,M,24,Crisis_next_24M,M2_Growth,0.06783192487690248,0.04974957411997166,-1.9621109006423076,-1.1296972681364637,0.3231310636858945,181,7
Nikkei,0.08,M,24,Crisis_next_24M,BuffettDeviation,0.13669511071007334,0.012519145879718946,-2.4971628228164233,-3.973790924710954,0.01880202081598444,181,7
Nikkei,0.08,M,24,Crisis_next_24M,Systemic_Corr,1.391704236552993e-05,0.9772105112628693,-0.028566273106223214,-0.08232952455239859,0.920968426979845,181,7
Nikkei,0.08,M,24,Crisis_next_24M,Shiller_CAPE,0.15114296604732336,0.00874001968050703,-2.6220593984779694,-0.26834839327174503,0.7646413387944712,181,7
Nikkei,0.08,M,24,Crisis_next_24M,YC_10Y3M,0.25846969016457166,0.002551594022084301,3.017154884567537,4.1717500659798885,64.82880757935543,181,7
Nikkei,0.08,M,24,Crisis_next_24M,CFNAI,0.05174767631147281,0.05478311035958098,-1.9205924293039918,-0.6781133353165893,0.5075737109729188,181,7
Nikkei,0.08,M,24,Crisis_next_24M,CISS,0.08082759022998309,0.01625142192874311,2.403219667659737,4.933746112362011,138.89886971997677,181,7
Nikkei,0.08,M,24,Crisis_next_24M,Downside_Beta,0.0023856686532556237,0.7080835806586355,-0.37443113741695655,-0.7029516933964873,0.49512169735078704,181,7
Nikkei,0.08,M,24,Crisis_next_24M,NFCI,0.07709712949155767,0.01814033540707266,2.362741142970955,1.9163478872154984,6.796092993062134,181,7
Nikkei,0.08,M,24,Crisis_next_24M,EPU,0.0026952471557657454,0.7041549162586613,-0.3797177856840269,-0.0020832798321440637,0.9979188886891451,181,7
Nikkei,0.08,M,24,Crisis_next_24M,RSkew,0.012076321834821102,0.38935157557110356,-0.8607938812789303,-0.5284882323351314,0.5894954765890722,181,7
Nikkei,0.08,M,24,Crisis_next_24M,RSV_Ratio,0.012714509600084911,0.3938097046567214,0.8527288203195307,3.0751117437762763,21.652301286245297,181,7
Nikkei,0.08,M,24,Crisis_next_24M,HillTail,0.021173609415289674,0.2851250414841753,-1.0688771232753767,-4.516991396057441,0.010921833759630045,181,7
Nikkei,0.1,D,5,Crisis_next_5D,HY_Spread,0.004231243207803992,0.29330615679054384,1.0508964374620862,0.11281665142036244,1.1194266688419792,4114,17
Nikkei,0.1,D,5,Crisis_next_5D,Yield_Curve,0.003341682930054213,0.40163850630104536,-0.838698524930853,-0.49054437362976516,0.6122929872877187,4114,17
Nikkei,0.1,D,5,Crisis_next_5D,Neely,0.02266623756320596,0.026424940400124695,2.219909074486544,1.097150244709232,2.995617072920132,4114,17
Nikkei,0.1,D,5,Crisis_next_5D,PatroCorr,0.019449162702415035,0.054572243196896256,1.922266418720166,4.188688956453297,65.9362889227453,4114,17
Nikkei,0.1,D,5,Crisis_next_5D,SahmIndicator,0.004516721706402049,0.4068645034286844,-0.8294240390905053,-1.2360518173446562,0.29052901814209153,4114,17
Nikkei,0.1,D,5,Crisis_next_5D,VIX,0.10463104289184966,1.3673016593045195e-09,6.059282390693398,0.08686626281854701,1.09075079602633,4114,17
Nikkei,0.1,D,5,Crisis_next_5D,M2_Growth,0.003955486022506061,0.37097236732549754,0.8946534547267421,0.39415978782157896,1.4831375170548704,4114,17
Nikkei,0.1,D,5,Crisis_next_5D,BuffettDeviation,2.6466456949814088e-05,0.9403189128675963,-0.07486903626993283,-0.05812616528425305,0.9435308990829874,4114,17
Nikkei,0.1,D,5,Crisis_next_5D,Systemic_Corr,0.0044815937713905685,0.33357831512895497,0.966931426405411,1.9186836530873264,6.811985628649417,4114,17
Nikkei,0.1,D,5,Crisis_next_5D,Shiller_CAPE,0.0049659978272572625,0.29467277886756027,-1.0479258336405721,-0.051993186513089804,0.949335335104733,4114,17
Nikkei,0.1,D,5,Crisis_next_5D,YC_10Y3M,0.003341682930054213,0.40163850630104536,-0.838698524930853,-0.49054437362976516,0.6122929872877187,4114,17
Nikkei,0.1,D,5,Crisis_next_5D,CFNAI,0.03611644566000394,0.0012934388695766423,-3.217431548636874,-0.6864668221021183,0.5033513609115433,4114,17
Nikkei,0.1,D,5,Crisis_next_5D,CISS,0.018280322798384874,0.02255707591253762,2.2808541996604093,3.026109707682213,20.61687072137863,4114,17
Nikkei,0.1,D,5,Crisis_next_5D,Downside_Beta,0.002795640933943244,0.42822514108358056,0.7922324665699534,0.927883413369936,2.5291503425986157,4114,17
Nikkei,0.1,D,5,Crisis_next_5D,NFCI,0.003624405907506456,0.32016467879653987,0.994119529016022,0.6099024828422716,1.8402519338932293,4114,17
Nikkei,0.1,D,5,Crisis_next_5D,EPU,0.0050917287778766696,0.24808313677256455,1.1550178013758439,0.001983383916591629,1.0019853521234934,4114,17
Nikkei,0.1,D,5,Crisis_next_5D,RSkew,0.10755063690558564,9.151419444627086e-08,-5.342814911536444,-1.5055020197436508,0.22190586473915638,4114,17
Nikkei,0.1,D,5,Crisis_next_5D,RSV_Ratio,0.1535505713072648,8.75765679425615e-09,5.75318690441304,13.065825276288692,472515.23854685086,4114,17
Nikkei,0.1,D,5,Crisis_next_5D,HillTail,0.005529290467967796,0.27607138175453017,-1.089187110559087,-2.5697422279425295,0.07655527669190057,4114,17
Nikkei,0.1,D,10,Crisis_next_10D,HY_Spread,0.0005389789726072403,0.5960521303473147,-0.5300862523472668,-0.045691121824624634,0.9553369993723305,4109,51
Nikkei,0.1,D,10,Crisis_next_10D,Yield_Curve,0.001679327290518784,0.3431325663003819,-0.9479938868746963,-0.31449644213694034,0.7301564577370739,4109,51
Nikkei,0.1,D,10,Crisis_next_10D,Neely,3.217596163229697e-05,0.893837582857646,0.13344990117751898,0.0398924824172742,1.0406988747495587,4109,51
Nikkei,0.1,D,10,Crisis_next_10D,PatroCorr,0.0007886730414879972,0.5135303000220534,0.6533505664134721,0.6912511445265753,1.9962115206149231,4109,51
Nikkei,0.1,D,10,Crisis_next_10D,SahmIndicator,0.02068531011355379,0.04881134239651173,-1.9702358870603547,-4.639285724245054,0.009664598351018069,4109,51
Nikkei,0.1,D,10,Crisis_next_10D,VIX,0.0013634705825856797,0.36553016352463896,0.9048777352431481,0.015982246766912782,1.0161106459968257,4109,51
Nikkei,0.1,D,10,Crisis_next_10D,M2_Growth,0.002239313397666698,0.28125780775804343,1.0774980807057706,0.2615684016784112,1.2989657899734233,4109,51
Nikkei,0.1,D,10,Crisis_next_10D,BuffettDeviation,0.004485874356894848,0.12408264473567598,1.5378608367874635,0.7399031047973162,2.095732438236592,4109,51
Nikkei,0.1,D,10,Crisis_next_10D,Systemic_Corr,0.0020874212724857344,0.27308593170661555,-1.0959836453253415,-1.066434112561585,0.3442338305482101,4109,51
Nikkei,0.1,D,10,Crisis_next_10D,Shiller_CAPE,0.0014007286595141277,0.3803980413035509,-0.877163125979948,-0.025260256633401954,0.9750561141818237,4109,51
Nikkei,0.1,D,10,Crisis_next_10D,YC_10Y3M,0.001679327290518784,0.3431325663003819,-0.9479938868746963,-0.31449644213694034,0.7301564577370739,4109,51
Nikkei,0.1,D,10,Crisis_next_10D,CFNAI,0.005010764418827973,0.07712341699936562,-1.7676261880438948,-0.2842426457643269,0.7525840112268478,4109,51
Nikkei,0.1,D,10,Crisis_next_10D,CISS,0.005115422580692641,0.13085413781275135,-1.510742232699593,-2.3971487002161593,0.09097698648517158,4109,51
Nikkei,0.1,D,10,Crisis_next_10D,Downside_Beta,0.006641288803385548,0.05619883195345192,1.9094906096605704,1.298268454565009,3.6629486112848717,4109,51
Nikkei,0.1,D,10,Crisis_next_10D,NFCI,0.00433270120529361,0.163265814976587,-1.394171523380045,-0.9518303533257915,0.3860337981695226,4109,51
Nikkei,0.1,D,10,Crisis_next_10D,EPU,0.000760682763647047,0.5328305907477779,-0.6236909148243392,-0.0009023041610236465,0.9990981027929678,4109,51
Nikkei,0.1,D,10,Crisis_next_10D,RSkew,0.024837668899545196,0.00010803916392097007,-3.871789666632589,-0.7593290694436698,0.4679803039890138,4109,51
Nikkei,0.1,D,10,Crisis_next_10D,RSV_Ratio,0.005720226563373232,0.07940559502798185,1.7541454062029496,2.1650013756606694,8.714613905194593,4109,51
Nikkei,0.1,D,10,Crisis_next_10D,HillTail,0.015899059043027464,0.004526679030856488,-2.83891798270907,-4.060605871282364,0.017238571595261116,4109,51
Nikkei,0.1,D,15,Crisis_next_15D,HY_Spread,0.0026088565310972145,0.14680319215755788,-1.4509162149449377,-0.10055855152136924,0.9043321608387477,4104,94
Nikkei,0.1,D,15,Crisis_next_15D,Yield_Curve,0.00038178115829323733,0.5572999467812505,0.5868567087097957,0.13856278551019346,1.148621796111769,4104,94
Nikkei,0.1,D,15,Crisis_next_15D,Neely,0.00803179714903346,0.01140723926203539,-2.529969652672595,-0.6552717537609971,0.5193009214316086,4104,94
Nikkei,0.1,D,15,Crisis_next_15D,PatroCorr,0.00011451047046739937,0.7493855542867978,0.31944966567494754,0.24646119523769644,1.2794895319670987,4104,94
Nikkei,0.1,D,15,Crisis_next_15D,SahmIndicator,0.020661322588545916,0.008790683224838428,-2.62008895889905,-3.8913869519888733,0.020417008980198947,4104,94
Nikkei,0.1,D,15,Crisis_next_15D,VIX,0.002997315468197148,0.12016228098813254,-1.5540928059236032,-0.02736827652054038,0.9730028414322995,4104,94
Nikkei,0.1,D,15,Crisis_next_15D,M2_Growth,5.412805194038306e-05,0.8412926506173818,-0.20024029987661204,-0.0328498591182994,0.9676838375872585,4104,94
Nikkei,0.1,D,15,Crisis_next_15D,BuffettDeviation,0.00384745996793856,0.06806346840940362,1.8245863924249752,0.6457344124996093,1.9073873241043884,4104,94
Nikkei,0.1,D,15,Crisis_next_15D,Systemic_Corr,0.005978592202428801,0.01574637599921288,-2.4147416040669842,-1.6682557280226549,0.18857570625614398,4104,94
Nikkei,0.1,D,15,Crisis_next_15D,Shiller_CAPE,0.0005311731916377571,0.489757875260584,-0.6906939768696393,-0.014751397445677298,0.9853568713916144,4104,94
Nikkei,0.1,D,15,Crisis_next_15D,YC_10Y3M,0.00038178115829323733,0.5572999467812505,0.5868567087097957,0.13856278551019346,1.148621796111769,4104,94
Nikkei,0.1,D,15,Crisis_next_15D,CFNAI,0.00014727020274418745,0.7903815812459627,-0.265815141680493,-0.03754992567698499,0.9631463307878452,4104,94
Nikkei,0.1,D,15,Crisis_next_15D,CISS,0.010823296887866318,0.007315665367021456,-2.6821225553040473,-3.5931117351374007,0.02751258520612864,4104,94
Nikkei,0.1,D,15,Crisis_next_15D,Downside_Beta,0.0012145110673980053,0.2959450914792191,1.0451685168870295,0.5267867356258279,1.6934819513661379,4104,94
Nikkei,0.1,D,15,Crisis_next_15D,NFCI,0.01176343252069556,0.004168819573239488,-2.8650966696899136,-1.6584728461516096,0.19042957341057992,4104,94
Nikkei,0.1,D,15,Crisis_next_15D,EPU,4.953890829773044e-07,0.9831782620014279,0.021084484147459934,2.0289565392914536e-05,1.0000202897712276,4104,94
Nikkei,0.1,D,15,Crisis_next_15D,RSkew,0.004527951000403485,0.040623869870734935,-2.047348593747052,-0.3236740137627465,0.7234860504379511,4104,94
Nikkei,0.1,D,15,Crisis_next_15D,RSV_Ratio,0.0018903447760051373,0.1937346209175953,-1.2996101447678283,-1.141244768867432,0.3194211687236772,4104,94
Nikkei,0.1,D,15,Crisis_next_15D,HillTail,0.011516758423790185,0.001784266866950459,-3.123973234218895,-3.2171718529661564,0.040068216979484136,4104,94
Nikkei,0.1,W,4,Crisis_next_4W,HY_Spread,3.0736730128877454e-06,0.9904275048321769,0.011997631346493079,0.0029546384896990676,1.002959007736123,206,5
Nikkei,0.1,W,4,Crisis_next_4W,Yield_Curve,0.008809235761635725,0.5329594368547144,-0.6234947718030739,-0.6822347014903403,0.5054861186709055,206,5
Nikkei,0.1,W,4,Crisis_next_4W,Neely,0.009706910740897579,0.5265640975276198,-0.6332596511813027,-0.7138926336961793,0.48973412670616573,206,5
Nikkei,0.1,W,4,Crisis_next_4W,PatroCorr,0.013824441480976613,0.44274661181152886,0.7675634029183543,2.807717761085704,16.572053641505548,206,5
Nikkei,0.1,W,4,Crisis_next_4W,SahmIndicator,0.0043088383924801965,0.6951176853442582,-0.3919195122103664,-0.9578371290211581,0.3837219301207642,206,5
Nikkei,0.1,W,4,Crisis_next_4W,VIX,0.005659660729548155,0.5887894954660765,0.5405910393683222,0.030358030590302242,1.0308235342513434,206,5
Nikkei,0.1,W,4,Crisis_next_4W,M2_Growth,0.001399542985489055,0.8015066153663847,0.25139773931007675,0.1924671416167907,1.2122366709159536,206,5
Nikkei,0.1,W,4,Crisis_next_4W,BuffettDeviation,0.006407780738844959,0.5886166735624666,0.5408417351215979,0.8141855317441721,2.25733639459858,206,5
Nikkei,0.1,W,4,Crisis_next_4W,Systemic_Corr,0.00013143494615008855,0.9376096427874302,-0.07827457351779728,-0.25755248540326925,0.7729410571257609,206,5
Nikkei,0.1,W,4,Crisis_next_4W,Shiller_CAPE,0.003173398584985887,0.6986907031630105,-0.38708848351293285,-0.0358401167317275,0.9647945356559953,206,5
Nikkei,0.1,W,4,Crisis_next_4W,YC_10Y3M,0.008809235761635725,0.5329594368547144,-0.6234947718030739,-0.6822347014903403,0.5054861186709055,206,5
Nikkei,0.1,W,4,Crisis_next_4W,CFNAI,0.045361668956398815,0.1017035033965892,-1.6366505667317826,-0.6842284905170305,0.5044792900298317,206,5
Nikkei,0.1,W,4,Crisis_next_4W,CISS,0.0011517605662082486,0.8222812426406702,-0.22461185362847508,-0.9300852791262527,0.3945200646105818,206,5
Nikkei,0.1,W,4,Crisis_next_4W,Downside_Beta,0.002533953599807348,0.7336984537149654,-0.34020991268742223,-0.7653077093409137,0.4651907654049296,206,5
Nikkei,0.1,W,4,Crisis_next_4W,NFCI,0.0010655929328764469,0.8134877830133338,0.23592897629669435,0.3025630297605371,1.3533229733559613,206,5
Nikkei,0.1,W,4,Crisis_next_4W,EPU,0.028684189317641495,0.19655485342375334,1.2914293077356167,0.0030914800089606046,1.0030962635614322,206,5
Nikkei,0.1,W,4,Crisis_next_4W,RSkew,0.054658771368633285,0.10538724261372794,-1.6192790201247773,-1.1111820066928018,0.3291696503068191,206,5
Nikkei,0.1,W,4,Crisis_next_4W,RSV_Ratio,0.0158023685077745,0.39860199628222037,0.8441206379100534,3.415428057154916,30.429972407489387,206,5
Nikkei,0.1,W,4,Crisis_next_4W,HillTail,0.07371288814069077,0.10423238682612018,-1.6246723740123465,-9.254045309770328,9.572363600797592e-05,206,5
Nikkei,0.1,W,8,Crisis_next_8W,HY_Spread,0.0005688655889759531,0.816144345016488,0.23250687889163119,0.035350520291150975,1.0359827781493431,202,12
Nikkei,0.1,W,8,Crisis_next_8W,Yield_Curve,0.0002770951571385849,0.8741932847291699,-0.15833442285866758,-0.10895232540939662,0.8967731697728618,202,12
Nikkei,0.1,W,8,Crisis_next_8W,Neely,0.021356248843814374,0.2040161636638379,-1.2701922329256892,-1.0028704127224988,0.3668249894230076,202,12
Nikkei,0.1,W,8,Crisis_next_8W,PatroCorr,0.00016613350182881348,0.9018697454914525,-0.12329974154212771,-0.26710260852462303,0.7655945109117275,202,12
Nikkei,0.1,W,8,Crisis_next_8W,SahmIndicator,0.02475386797852297,0.34774881807414504,-0.9389647982743267,-3.5663150485322523,0.028259798031970117,202,12
Nikkei,0.1,W,8,Crisis_next_8W,VIX,0.003520785395052295,0.5872366029677188,-0.542844889669297,-0.02612707604359042,0.9742112828270352,202,12
Nikkei,0.1,W,8,Crisis_next_8W,M2_Growth,0.005367813729912241,0.47633630416019,-0.7122074825255917,-0.31572623235035746,0.7292590703832778,202,12
Nikkei,0.1,W,8,Crisis_next_8W,BuffettDeviation,0.0002551452098012996,0.8792549579785295,0.1519137566640132,0.1526399846232273,1.164905519541829,202,12
Nikkei,0.1,W,8,Crisis_next_8W,Systemic_Corr,0.011781185555151397,0.27746200913974695,-1.0860383873993666,-2.0520004656561763,0.1284776312524586,202,12
Nikkei,0.1,W,8,Crisis_next_8W,Shiller_CAPE,0.0039016307728052535,0.5511390700488092,-0.59605412395703,-0.036253623427151827,0.964395669128466,202,12
Nikkei,0.1,W,8,Crisis_next_8W,YC_10Y3M,0.0002770951571385849,0.8741932847291699,-0.15833442285866758,-0.10895232540939662,0.8967731697728618,202,12
Nikkei,0.1,W,8,Crisis_next_8W,CFNAI,0.001793754041744644,0.6769469105887678,-0.4166329416011407,-0.1559608953100886,0.8555926474020179,202,12
Nikkei,0.1,W,8,Crisis_next_8W,CISS,0.003179177870373695,0.6137154691784554,-0.5047770038905696,-1.4471502875577897,0.2352396993240911,202,12
Nikkei,0.1,W,8,Crisis_next_8W,Downside_Beta,0.00048262156049538874,0.8334770368680744,0.21024426012332517,0.3044885258685204,1.355931301831294,202,12
Nikkei,0.1,W,8,Crisis_next_8W,NFCI,0.0070578370797367285,0.4740492945324324,-0.7159061600459928,-1.0228844782790583,0.35955631057300647,202,12
Nikkei,0.1,W,8,Crisis_next_8W,EPU,0.015916135369841267,0.3088880442043699,-1.0175580240323971,-0.003935871338155241,0.9960718640516126,202,12
Nikkei,0.1,W,8,Crisis_next_8W,RSkew,0.006126583069655411,0.46296038235135095,0.7339808944977008,0.3739403394848907,1.4534504342685177,202,12
Nikkei,0.1,W,8,Crisis_next_8W,RSV_Ratio,0.013656277606537093,0.26515351487933714,-1.114292986369854,-2.8213890247571403,0.05952320605377773,202,12
Nikkei,0.1,W,8,Crisis_next_8W,HillTail,0.009981113380135076,0.35046084944206224,-0.9336957664535768,-2.7191748912050184,0.0659291306957315,202,12
Nikkei,0.1,W,12,Crisis_next_12W,HY_Spread,0.006196587128059816,0.4515805625711038,0.7527826030581359,0.10747927788570338,1.1134677871007197,201,10
Nikkei,0.1,W,12,Crisis_next_12W,Yield_Curve,0.006950046647138275,0.45474877920196555,0.7475215837587714,0.5466643145140846,1.7274810629972654,201,10
Nikkei,0.1,W,12,Crisis_next_12W,Neely,0.1091899030826794,0.9582792852096303,-0.05231301228600705,-12.719875356628565,2.9910820193930535e-06,201,10
Nikkei,0.1,W,12,Crisis_next_12W,PatroCorr,0.0007601701453273657,0.8069916459084299,0.24430882921037236,0.6012296801040731,1.8243608018163666,201,10
Nikkei,0.1,W,12,Crisis_next_12W,SahmIndicator,0.004780285180279065,0.5076080066005273,0.6625668508513455,0.6048884668861874,1.8310479750143716,201,10
Nikkei,0.1,W,12,Crisis_next_12W,VIX,0.008357089674668972,0.44745893749474863,-0.7596581717207777,-0.04319011437127159,0.9577292946554,201,10
Nikkei,0.1,W,12,Crisis_next_12W,M2_Growth,0.026121212332777755,0.1418290196659881,-1.4690138979267353,-0.6839149540635818,0.5046374874763032,201,10
Nikkei,0.1,W,12,Crisis_next_12W,BuffettDeviation,0.01066720924613307,0.35168746735156386,-0.9313211448303823,-0.9735999327837017,0.3777208180682092,201,10
Nikkei,0.1,W,12,Crisis_next_12W,Systemic_Corr,0.007045373465663363,0.43412406687167693,-0.7821540131002548,-1.644823764486887,0.19304658145936335,201,10
Nikkei,0.1,W,12,Crisis_next_12W,Shiller_CAPE,0.02248381372652597,0.18547172506262022,-1.3240943100266445,-0.08904631027186999,0.9148032078082133,201,10
Nikkei,0.1,W,12,Crisis_next_12W,YC_10Y3M,0.006950046647138275,0.45474877920196555,0.7475215837587714,0.5466643145140846,1.7274810629972654,201,10
Nikkei,0.1,W,12,Crisis_next_12W,CFNAI,0.015550176639402502,0.23114654246629618,-1.1974106298552711,-0.4188363398380889,0.6578118440515724,201,10
Nikkei,0.1,W,12,Crisis_next_12W,CISS,0.0007551629417421601,0.8109031859448874,-0.23926102421044426,-0.6771192992258656,0.5080785084121988,201,10
Nikkei,0.1,W,12,Crisis_next_12W,Downside_Beta,0.08693331483504818,0.014162288920965802,2.453120496827952,4.373538935017083,79.32385753370832,201,10
Nikkei,0.1,W,12,Crisis_next_12W,NFCI,0.001163994501787502,0.7728711548065518,-0.2886213509875046,-0.3621595393139017,0.6961712922912178,201,10
Nikkei,0.1,W,12,Crisis_next_12W,EPU,0.09653241591630546,0.04178707140819442,-2.035634493650999,-0.018195271365081332,0.9819692631569087,201,10
Nikkei,0.1,W,12,Crisis_next_12W,RSkew,0.012013810304069228,0.3411455241151934,0.9519042891157515,0.5410699618016068,1.7178439065871038,201,10
Nikkei,0.1,W,12,Crisis_next_12W,RSV_Ratio,0.027486937140331125,0.14209663619023932,-1.4680279305971335,-4.0728750785896315,0.017028360187329544,201,10
Nikkei,0.1,W,12,Crisis_next_12W,HillTail,7.557433266081048e-05,0.9340524965844523,0.08274727140217779,0.2483955582505143,1.28196692450879,201,10
Nikkei,0.1,W,16,Crisis_next_16W,HY_Spread,0.009563191075204203,0.2616936474585321,1.1223970753062567,0.12618885350939502,1.134496401679877,200,17
Nikkei,0.1,W,16,Crisis_next_16W,Yield_Curve,0.0073013915980078,0.3546946249519619,0.9255216546853514,0.5376475419128256,1.7119747724847616,200,17
Nikkei,0.1,W,16,Crisis_next_16W,Neely,0.022228698893978383,0.13919838005871407,-1.4787827782878997,-0.9679656997603399,0.3798549917451833,200,17
Nikkei,0.1,W,16,Crisis_next_16W,PatroCorr,4.904365689228918e-06,0.9811020345266305,-0.023687302219157776,-0.044640468076765666,0.9563412552414048,200,17
Nikkei,0.1,W,16,Crisis_next_16W,SahmIndicator,0.00018886481866264848,0.884340180897366,-0.14546951792248963,-0.13729264738955735,0.8717150836568708,200,17
Nikkei,0.1,W,16,Crisis_next_16W,VIX,7.40281558463396e-05,0.9264321672327942,-0.09233463992703723,-0.00338313230830128,0.9966225840356069,200,17
Nikkei,0.1,W,16,Crisis_next_16W,M2_Growth,0.03859594225232399,0.03175671204542806,-2.1474595766204603,-0.78896382382105,0.4543153021700853,200,17
Nikkei,0.1,W,16,Crisis_next_16W,BuffettDeviation,0.018876988683812046,0.1350965754342948,-1.4943024869033676,-1.2293515166117708,0.29248218603427717,200,17
Nikkei,0.1,W,16,Crisis_next_16W,Systemic_Corr,0.002335214406915531,0.6096118891720004,0.5106275380959422,1.0093986964174795,2.7439505715489285,200,17
Nikkei,0.1,W,16,Crisis_next_16W,Shiller_CAPE,0.028018239964935243,0.07513013035023684,-1.7796690995077136,-0.09437230001026085,0.9099439270371331,200,17
Nikkei,0.1,W,16,Crisis_next_16W,YC_10Y3M,0.0073013915980078,0.3546946249519619,0.9255216546853514,0.5376475419128256,1.7119747724847616,200,17
Nikkei,0.1,W,16,Crisis_next_16W,CFNAI,0.0011850381179863145,0.704145793908803,-0.37973007357022104,-0.12349742874775493,0.8838239137753793,200,17
Nikkei,0.1,W,16,Crisis_next_16W,CISS,0.001066030104219018,0.7169400787171428,0.36255132218096053,0.6745710522228948,1.963190689052109,200,17
Nikkei,0.1,W,16,Crisis_next_16W,Downside_Beta,0.06910192905993184,0.006823074285433559,2.705358339719312,3.6329987988498584,37.82607950971506,200,17
Nikkei,0.1,W,16,Crisis_next_16W,NFCI,0.0012216883139972712,0.7194871525492668,-0.35914428679190763,-0.3463807969417135,0.7072431198055646,200,17
Nikkei,0.1,W,16,Crisis_next_16W,EPU,0.03708920684844175,0.10486078407182822,-1.6217318125818874,-0.006994215846355524,0.9930301867557974,200,17
Nikkei,0.1,W,16,Crisis_next_16W,RSkew,0.005814494315798502,0.4181407495309587,0.8096510661896033,0.3478291369365123,1.4159902886309197,200,17
Nikkei,0.1,W,16,Crisis_next_16W,RSV_Ratio,0.012831761219940785,0.2220517100384889,-1.221090621983681,-2.627730060755144,0.07224226180611071,200,17
Nikkei,0.1,W,16,Crisis_next_16W,HillTail,8.558560280369498e-06,0.9745709061606751,0.03187604009671163,0.07481135470790275,1.0776808322922915,200,17
Nikkei,0.1,M,6,Crisis_next_6M,HY_Spread,0.018162375466201808,0.11914646282761268,1.5583662059332015,0.19372892807846842,1.213767220145747,199,18
Nikkei,0.1,M,6,Crisis_next_6M,Yield_Curve,0.03790229129601086,0.03511615302239726,2.107016457672108,1.245868879010174,3.475953670814778,199,18
Nikkei,0.1,M,6,Crisis_next_6M,Neely,0.01890937521789593,0.16332322005333044,-1.3939814046656949,-0.908892539363436,0.4029702506999181,199,18
Nikkei,0.1,M,6,Crisis_next_6M,PatroCorr,0.009265532673985999,0.28422783830114995,-1.0708701076012372,-1.885721816746097,0.1517195062152192,199,18
Nikkei,0.1,M,6,Crisis_next_6M,SahmIndicator,1.0390587491748704e-05,0.9722433571229359,-0.03479481253877569,-0.030647383249836964,0.9698174866806557,199,18
Nikkei,0.1,M,6,Crisis_next_6M,VIX,0.0053722157872128085,0.4422645346262286,-0.7683748213604156,-0.03239634906515482,0.9681227914633443,199,18
Nikkei,0.1,M,6,Crisis_next_6M,M2_Growth,0.06914609669965233,0.003993629141216664,-2.8786645210705557,-1.0469900127239324,0.3509926440971908,199,18
Nikkei,0.1,M,6,Crisis_next_6M,BuffettDeviation,0.03843535797950148,0.031013839944603435,-2.1568950856121685,-1.7615599557281523,0.17177669067573165,199,18
Nikkei,0.1,M,6,Crisis_next_6M,Systemic_Corr,0.01317409184623275,0.22418160593871783,1.2154838468232112,2.498893125477315,12.169016928583327,199,18
Nikkei,0.1,M,6,Crisis_next_6M,Shiller_CAPE,0.057273240694050376,0.011108640131703837,-2.539262620891442,-0.13657156021207356,0.8723438929120138,199,18
Nikkei,0.1,M,6,Crisis_next_6M,YC_10Y3M,0.03790229129601086,0.03511615302239726,2.107016457672108,1.245868879010174,3.475953670814778,199,18
Nikkei,0.1,M,6,Crisis_next_6M,CFNAI,3.6120994086230596e-05,0.9475503866186471,0.06578325664738681,0.022572612200964317,1.0228293013548433,199,18
Nikkei,0.1,M,6,Crisis_next_6M,CISS,1.690050911440366e-07,0.995801970594983,0.005261473877730974,0.011242233085727957,1.011305664468709,199,18
Nikkei,0.1,M,6,Crisis_next_6M,Downside_Beta,0.04448835727254086,0.023722422428122846,2.261595239177797,2.8387764432460654,17.09483623333075,199,18
Nikkei,0.1,M,6,Crisis_next_6M,NFCI,0.0009418810833090596,0.7440538046173426,-0.32648980090772123,-0.3299770039641886,0.718940266017937,199,18
Nikkei,0.1,M,6,Crisis_next_6M,EPU,0.02847453959228785,0.11568478657350506,-1.5731469896418777,-0.006203811781557271,0.9938153921257555,199,18
Nikkei,0.1,M,6,Crisis_next_6M,RSkew,0.00043931998300827946,0.8167082885950671,-0.23178077655799204,-0.09431815081653086,0.909993201101185,199,18
Nikkei,0.1,M,6,Crisis_next_6M,RSV_Ratio,0.0008166094528251344,0.7540709675573184,0.31327601941651934,0.6859920034803042,1.9857407205110553,199,18
Nikkei,0.1,M,6,Crisis_next_6M,HillTail,0.0011231812900374116,0.7124165010798315,-0.3686126019317393,-0.8499284020196691,0.4274455350901659,199,18
Nikkei,0.1,M,12,Crisis_next_12M,HY_Spread,0.0030283999942478657,0.5686607481688197,0.5700249909014113,0.08691278500246857,1.0908015413158572,193,14
Nikkei,0.1,M,12,Crisis_next_12M,Yield_Curve,0.02120089112986867,0.14455669838355478,1.4590305539258286,0.9587881093536483,2.6085332999931534,193,14
Nikkei,0.1,M,12,Crisis_next_12M,Neely,0.025068672107982914,0.15570655642199027,-1.4196604536570214,-1.1074287694909266,0.33040742345917984,193,14
Nikkei,0.1,M,12,Crisis_next_12M,PatroCorr,0.04710456914857675,0.02881844056055665,-2.1859612484435877,-4.200785377752936,0.014983804251612425,193,14
Nikkei,0.1,M,12,Crisis_next_12M,SahmIndicator,0.0003440722591622203,0.8567955163834637,-0.18045482522836373,-0.18721205828418827,0.829267864618027,193,14
Nikkei,0.1,M,12,Crisis_next_12M,VIX,0.005866499544000092,0.46569687527350634,-0.7294983523688474,-0.034450999751313494,0.9661356794152092,193,14
Nikkei,0.1,M,12,Crisis_next_12M,M2_Growth,0.037298241605241644,0.050244826385011335,-1.9578737705083558,-0.7863547552962215,0.4555021895873413,193,14
Nikkei,0.1,M,12,Crisis_next_12M,BuffettDeviation,0.0014027590024567882,0.7057098035466776,-0.37762417447936864,-0.3581977457647564,0.6989348499338497,193,14
Nikkei,0.1,M,12,Crisis_next_12M,Systemic_Corr,0.017292975801617594,0.16947638592913938,-1.3738882243953292,-2.4569980758335377,0.08569180554738803,193,14
Nikkei,0.1,M,12,Crisis_next_12M,Shiller_CAPE,0.012642169775956336,0.2634615795416976,-1.1182468510554548,-0.06386193442489604,0.9381345146710255,193,14
Nikkei,0.1,M,12,Crisis_next_12M,YC_10Y3M,0.02120089112986867,0.14455669838355478,1.4590305539258286,0.9587881093536483,2.6085332999931534,193,14
Nikkei,0.1,M,12,Crisis_next_12M,CFNAI,0.008231313081759173,0.3973441533997264,0.8463739725299539,0.39409711569737793,1.4830445685888638,193,14
Nikkei,0.1,M,12,Crisis_next_12M,CISS,0.00474460329433668,0.5219934862685769,-0.6402755301553109,-1.898025220560013,0.14986427608921146,193,14
Nikkei,0.1,M,12,Crisis_next_12M,Downside_Beta,0.16609249174613316,0.0003656674973686281,3.5636973824443996,6.249764955058367,517.8910826821824,193,14
Nikkei,0.1,M,12,Crisis_next_12M,NFCI,0.008489313591604652,0.3997500132009847,-0.8420677832065725,-1.153466152308022,0.31554115798495525,193,14
Nikkei,0.1,M,12,Crisis_next_12M,EPU,0.0068057307951214785,0.4447457611651232,-0.7642038692137831,-0.0029503380778013433,0.9970540098925401,193,14
Nikkei,0.1,M,12,Crisis_next_12M,RSkew,0.03245810082510825,0.06972295611609156,-1.8137062904661958,-0.8162543509542366,0.4420844503766838,193,14
Nikkei,0.1,M,12,Crisis_next_12M,RSV_Ratio,0.005698803196680147,0.44800162689388257,-0.7587508253623557,-1.8690705865793578,0.15426697300221512,193,14
Nikkei,0.1,M,12,Crisis_next_12M,HillTail,0.005574039081319815,0.45340162621804725,0.7497560781034169,1.9550101301367653,7.063990582529469,193,14
Nikkei,0.1,M,18,Crisis_next_18M,HY_Spread,0.005527937341720968,0.524618713911229,0.6362419817447277,0.1201100350402717,1.1276209225667984,187,8
Nikkei,0.1,M,18,Crisis_next_18M,Yield_Curve,0.17729142114736507,0.003300899314617016,2.938231978703955,3.189492228871358,24.27609761151,187,8
Nikkei,0.1,M,18,Crisis_next_18M,Neely,0.002617386018378909,0.684927682005144,-0.40574811944295314,-0.3376237305721875,0.7134636919741356,187,8
Nikkei,0.1,M,18,Crisis_next_18M,PatroCorr,0.012019570606869978,0.3930541669354334,0.8540917279103508,2.5277785726239057,12.525650385689245,187,8
Nikkei,0.1,M,18,Crisis_next_18M,SahmIndicator,0.006972904406875924,0.5676931283310278,-0.5714522368741519,-1.1421704108073958,0.31912563589328696,187,8
Nikkei,0.1,M,18,Crisis_next_18M,VIX,0.002415105820164354,0.6802937764781318,0.4120622780248485,0.019595451159366152,1.0197887022291339,187,8
Nikkei,0.1,M,18,Crisis_next_18M,M2_Growth,0.1340087989170784,0.006240560600146491,-2.734866363538888,-1.6171507937069212,0.19846335733436643,187,8
Nikkei,0.1,M,18,Crisis_next_18M,BuffettDeviation,0.06631697264500458,0.04244530330726217,-2.0291275222143077,-2.544646883990191,0.07850076696472798,187,8
Nikkei,0.1,M,18,Crisis_next_18M,Systemic_Corr,0.019174703997232756,0.23106966514169958,-1.197607987312524,-2.6542364449792424,0.07035253619434483,187,8
Nikkei,0.1,M,18,Crisis_next_18M,Shiller_CAPE,0.05521970565999679,0.06733168870884168,-1.829453570338501,-0.14565656835698731,0.8644545332519709,187,8
Nikkei,0.1,M,18,Crisis_next_18M,YC_10Y3M,0.17729142114736507,0.003300899314617016,2.938231978703955,3.189492228871358,24.27609761151,187,8
Nikkei,0.1,M,18,Crisis_next_18M,CFNAI,0.006147033000745705,0.5508987787862604,0.5964138672227842,0.35083423508869366,1.4202518784716047,187,8
Nikkei,0.1,M,18,Crisis_next_18M,CISS,0.013788918557896435,0.29808128350648144,1.0405568131562992,2.396572927679621,10.985463816737408,187,8
Nikkei,0.1,M,18,Crisis_next_18M,Downside_Beta,1.5200870075671169e-05,0.9746250796114491,0.0318081093155929,0.05586495846691202,1.0574548737668648,187,8
Nikkei,0.1,M,18,Crisis_next_18M,NFCI,0.0010989703163879483,0.7956393757732543,-0.25899464041607007,-0.380197879490837,0.6837261004527536,187,8
Nikkei,0.1,M,18,Crisis_next_18M,EPU,0.005225994365358644,0.5840508801907519,-0.5474772729269546,-0.0030280300999571035,0.9969765497593691,187,8
Nikkei,0.1,M,18,Crisis_next_18M,RSkew,0.0008760284040573163,0.8088972056895987,-0.2418489528779592,-0.1449775104078559,0.8650417473280668,187,8
Nikkei,0.1,M,18,Crisis_next_18M,RSV_Ratio,0.007947266485168747,0.46673164696860303,-0.7278071501596128,-2.321591090792574,0.09811734773443193,187,8
Nikkei,0.1,M,18,Crisis_next_18M,HillTail,0.026971888684622858,0.20666377292122773,-1.2627924662001744,-5.064966063101134,0.006314125180996111,187,8
Nikkei,0.1,M,24,Crisis_next_24M,HY_Spread,0.12372798896467174,0.016441051070740124,2.3989746897872566,0.45515532888494054,1.576418227303252,181,4
Nikkei,0.1,M,24,Crisis_next_24M,Yield_Curve,0.39133613102892184,0.027256307577993067,2.2078273954521843,7.50449007480143,1816.1789132153172,181,4
Nikkei,0.1,M,24,Crisis_next_24M,Neely,0.08329370253424473,0.9269674458860121,-0.09166092260076796,-10.096808495528174,4.121087024427673e-05,181,4
Nikkei,0.1,M,24,Crisis_next_24M,PatroCorr,0.03856851533658723,0.27391695541695726,1.0940866990215283,5.238400874801525,188.368636395899,181,4
Nikkei,0.1,M,24,Crisis_next_24M,SahmIndicator,0.3886827077675805,0.00042177582772776604,3.526069776600774,3.7939877858843207,44.43323768481075,181,4
Nikkei,0.1,M,24,Crisis_next_24M,VIX,0.03672862897190854,0.19059952148851367,1.3088076307398886,0.06813026635733069,1.070504750150605,181,4
Nikkei,0.1,M,24,Crisis_next_24M,M2_Growth,0.11652440573097655,0.05299472867200487,-1.934963876522673,-1.6129943816090517,0.19928996951417774,181,4
Nikkei,0.1,M,24,Crisis_next_24M,BuffettDeviation,0.19456094254743161,0.04501293191316308,-2.0045335950868854,-5.67710216250352,0.003423464727517615,181,4
Nikkei,0.1,M,24,Crisis_next_24M,Systemic_Corr,2.3873165460930323e-05,0.9758231036931319,-0.030305884354978177,-0.11426696967079812,0.8920197818636937,181,4
Nikkei,0.1,M,24,Crisis_next_24M,Shiller_CAPE,0.2645141201108985,0.01111384894202729,-2.5390986216266085,-0.4243950436872032,0.6541654069433687,181,4
Nikkei,0.1,M,24,Crisis_next_24M,YC_10Y3M,0.39133613102892184,0.027256307577993067,2.2078273954521843,7.50449007480143,1816.1789132153172,181,4
Nikkei,0.1,M,24,Crisis_next_24M,CFNAI,0.1259642534575447,0.016373600203051022,-2.400479670889312,-1.0012309616468607,0.36742687429207394,181,4
Nikkei,0.1,M,24,Crisis_next_24M,CISS,0.06278225010547622,0.07710855271702036,1.767715049833562,4.501881980694966,90.18670131754556,181,4
Nikkei,0.1,M,24,Crisis_next_24M,Downside_Beta,0.00019261467492259765,0.9313526062518961,0.08614317024889388,0.21102413389844318,1.2349421586703948,181,4
Nikkei,0.1,M,24,Crisis_next_24M,NFCI,0.10158302938784647,0.023337716408327144,2.26786040358896,2.095558018301577,8.129976380285616,181,4
Nikkei,0.1,M,24,Crisis_next_24M,EPU,0.03273400207822352,0.33692639145847036,-0.9602559948421814,-0.010241148598799302,0.9898111134037132,181,4
Nikkei,0.1,M,24,Crisis_next_24M,RSkew,0.0005473111594279656,0.8836645502426528,-0.14632535580748465,-0.12290496155471592,0.8843477055981284,181,4
Nikkei,0.1,M,24,Crisis_next_24M,RSV_Ratio,0.001299788767843535,0.8249242989134563,-0.22121593930814143,-0.9929582236264954,0.3704791083235646,181,4
Nikkei,0.1,M,24,Crisis_next_24M,HillTail,0.011449911345302932,0.5209190377460016,-0.6419293788699455,-3.440080141464834,0.032062115719976594,181,4
Nikkei,0.12,D,5,Crisis_next_5D,HY_Spread,0.006597468373164439,0.2478565736181807,1.155571249376832,0.13826808092176654,1.148283341872546,4114,12
Nikkei,0.12,D,5,Crisis_next_5D,Yield_Curve,5.39803174492981e-05,0.9258255153875616,-0.09309824031966747,-0.06169775941416921,0.9401670004785859,4114,12
Nikkei,0.12,D,5,Crisis_next_5D,Neely,0.02070316001452932,0.06663725363720954,1.834112787387507,1.076409948567258,2.934126953542084,4114,12
Nikkei,0.12,D,5,Crisis_next_5D,PatroCorr,0.03694285609071535,0.03088147462629269,2.158596627591097,6.4264832395022164,617.99677531193,4114,12
Nikkei,0.12,D,5,Crisis_next_5D,SahmIndicator,0.004078524358348878,0.4905347202572444,-0.6894585956672246,-1.2140441772235195,0.2969937520636269,4114,12
Nikkei,0.12,D,5,Crisis_next_5D,VIX,0.10243064850411021,1.1084628216909355e-07,5.307980853877544,0.08623412718310093,1.0900615114623915,4114,12
Nikkei,0.12,D,5,Crisis_next_5D,M2_Growth,2.258046000624958e-06,0.9885343699858303,-0.01437053078954725,-0.0065801632922616905,0.9934414385749735,4114,12
Nikkei,0.12,D,5,Crisis_next_5D,BuffettDeviation,0.0022955054773382555,0.5453112606858767,-0.6048009525029949,-0.5440575206065312,0.5803885298803189,4114,12
Nikkei,0.12,D,5,Crisis_next_5D,Systemic_Corr,0.009996715122344346,0.21653240406350938,1.2358013742155123,3.02966936178019,20.690390424454105,4114,12
Nikkei,0.12,D,5,Crisis_next_5D,Shiller_CAPE,0.01276606075045772,0.14975255752691052,-1.4404060340368474,-0.08552094762868083,0.9180339122192298,4114,12
Nikkei,0.12,D,5,Crisis_next_5D,YC_10Y3M,5.39803174492981e-05,0.9258255153875616,-0.09309824031966747,-0.06169775941416921,0.9401670004785859,4114,12
Nikkei,0.12,D,5,Crisis_next_5D,CFNAI,0.04081990137902902,0.0030483298781968085,-2.9628218008020024,-0.7325586541983283,0.4806775277444821,4114,12
Nikkei,0.12,D,5,Crisis_next_5D,CISS,0.022893131527125132,0.025902883029546516,2.2276646943705014,3.36169348300368,28.837986190039512,4114,12
Nikkei,0.12,D,5,Crisis_next_5D,Downside_Beta,0.003659873012232251,0.43378821883730856,0.782725679837038,1.0909340825384055,2.977053587984993,4114,12
Nikkei,0.12,D,5,Crisis_next_5D,NFCI,0.005054435631042575,0.3056083461432234,1.0244805645641502,0.7050343677299729,2.0239162411339593,4114,12
Nikkei,0.12,D,5,Crisis_next_5D,EPU,0.0045202654417266785,0.34865395813411937,0.9372033670814157,0.001927193118306847,1.0019290513484955,4114,12
Nikkei,0.12,D,5,Crisis_next_5D,RSkew,0.10039499810675978,4.441151112860621e-06,-4.58959111355341,-1.4741865894646995,0.22896489377677948,4114,12
Nikkei,0.12,D,5,Crisis_next_5D,RSV_Ratio,0.13819433638181633,1.8329969015850301e-06,4.771015217303403,12.618712987573383,302160.31128147786,4114,12
Nikkei,0.12,D,5,Crisis_next_5D,HillTail,0.007557212342272912,0.27448313525893486,-1.0927965533640347,-3.114695802393364,0.044392009036666076,4114,12
Nikkei,0.12,D,10,Crisis_next_10D,HY_Spread,0.0012578448063704784,0.5461246335576484,-0.6035774128182974,-0.07636029849772087,0.9264823362225977,4109,26
Nikkei,0.12,D,10,Crisis_next_10D,Yield_Curve,0.0012545015458750308,0.5346659359486756,-0.6208992176682836,-0.28683901367124137,0.750632560690861,4109,26
Nikkei,0.12,D,10,Crisis_next_10D,Neely,0.006712850030084372,0.14008309464080032,1.4754816628514618,0.5827750040029409,1.7910015777362347,4109,26
Nikkei,0.12,D,10,Crisis_next_10D,PatroCorr,0.03334832633679674,0.003713664172168141,2.9015121167628046,5.574310693951839,263.5678141179988,4109,26
Nikkei,0.12,D,10,Crisis_next_10D,SahmIndicator,0.012830773972524079,0.18332747902087843,-1.330579295036722,-2.9170274572516544,0.05409424600701697,4109,26
Nikkei,0.12,D,10,Crisis_next_10D,VIX,0.024637463860869846,0.0007864772993525438,3.3575105926440663,0.05413079472171497,1.0556226629985113,4109,26
Nikkei,0.12,D,10,Crisis_next_10D,M2_Growth,0.00044790811965278454,0.7096455507362274,0.37233216828485594,0.12049275107897431,1.1280525637721788,4109,26
Nikkei,0.12,D,10,Crisis_next_10D,BuffettDeviation,0.00042353962278951496,0.7154465625504625,0.36455104666361987,0.23455232731507838,1.26434263036001,4109,26
Nikkei,0.12,D,10,Crisis_next_10D,Systemic_Corr,0.0005493484936049953,0.6765298049953916,-0.4172031723538514,-0.5864000935412204,0.556326407275234,4109,26
Nikkei,0.12,D,10,Crisis_next_10D,Shiller_CAPE,0.002218266463196894,0.40233433819607234,-0.8374594904828773,-0.03364090669681342,0.9669186563180644,4109,26
Nikkei,0.12,D,10,Crisis_next_10D,YC_10Y3M,0.0012545015458750308,0.5346659359486756,-0.6208992176682836,-0.28683901367124137,0.750632560690861,4109,26
Nikkei,0.12,D,10,Crisis_next_10D,CFNAI,0.028016399950928972,0.0007946758260220535,-3.3546426007930052,-0.6074700579698803,0.5447272556302296,4109,26
Nikkei,0.12,D,10,Crisis_next_10D,CISS,0.0005539364856226303,0.6793320263393925,-0.4133748113656466,-0.745966736722202,0.4742755786259673,4109,26
Nikkei,0.12,D,10,Crisis_next_10D,Downside_Beta,0.006141939191308454,0.16385225562887518,1.3922316693199144,1.3208778085099744,3.7467088270668554,4109,26
Nikkei,0.12,D,10,Crisis_next_10D,NFCI,0.0011074083124107403,0.5716693783713525,-0.5655946311421945,-0.46892363501206863,0.6256753610234029,4109,26
Nikkei,0.12,D,10,Crisis_next_10D,EPU,0.00031928448605411663,0.7454760123107138,0.3246103244017111,0.0005497349097370838,1.0005498860416655,4109,26
Nikkei,0.12,D,10,Crisis_next_10D,RSkew,0.03725406067945991,0.00022917578565336984,-3.684473589660739,-0.9494973558009416,0.3869354654499552,4109,26
Nikkei,0.12,D,10,Crisis_next_10D,RSV_Ratio,0.014268999649975744,0.036828495483023485,2.0876602216254665,3.676861304318259,39.522151188998784,4109,26
Nikkei,0.12,D,10,Crisis_next_10D,HillTail,0.015185896469658622,0.035600970444216624,-2.1014558415562647,-4.220872812031698,0.014685820948219616,4109,26
Nikkei,0.12,D,15,Crisis_next_15D,HY_Spread,0.007322385196440462,0.0662819410108028,-1.8365121893168552,-0.19421139286414751,0.8234838072671959,4104,51
Nikkei,0.12,D,15,Crisis_next_15D,Yield_Curve,0.0005729886177340271,0.5724548866719157,0.5644397593310121,0.17946328904726686,1.1965749758537823,4104,51
Nikkei,0.12,D,15,Crisis_next_15D,Neely,0.017552860429475348,0.006177347007139217,-2.7382160989212885,-1.1177302172107486,0.32702122000432704,4104,51
Nikkei,0.12,D,15,Crisis_next_15D,PatroCorr,0.0023661065855943297,0.2621552089883269,1.1213116954076587,1.2166883199826946,3.375989005226473,4104,51
Nikkei,0.12,D,15,Crisis_next_15D,SahmIndicator,0.014407787461686028,0.062289432520766165,-1.8642298548167069,-2.91206536325047,0.05436333380797691,4104,51
Nikkei,0.12,D,15,Crisis_next_15D,VIX,0.0023153381392369,0.2835967375639865,-1.0722745427353397,-0.02526990958182011,0.9750467020608762,4104,51
Nikkei,0.12,D,15,Crisis_next_15D,M2_Growth,0.000647023206624131,0.5569386701734497,0.5873946737304723,0.1367245039044513,1.1465122453602572,4104,51
Nikkei,0.12,D,15,Crisis_next_15D,BuffettDeviation,0.007112280619258282,0.05460500120285674,1.9220060125643792,0.9455234214376604,2.5741603967641202,4104,51
Nikkei,0.12,D,15,Crisis_next_15D,Systemic_Corr,0.0040014375262420465,0.12742635538577948,-1.524329764775472,-1.4408898737697897,0.2367170166651388,4104,51
Nikkei,0.12,D,15,Crisis_next_15D,Shiller_CAPE,0.00024636429646607283,0.7128438661438028,-0.3680393862910692,-0.010621820232686518,0.9894343920980408,4104,51
Nikkei,0.12,D,15,Crisis_next_15D,YC_10Y3M,0.0005729886177340271,0.5724548866719157,0.5644397593310121,0.17946328904726686,1.1965749758537823,4104,51
Nikkei,0.12,D,15,Crisis_next_15D,CFNAI,0.0026152404167000265,0.2087233837151995,-1.2570835484146763,-0.21235724206099166,0.8086757529653271,4104,51
Nikkei,0.12,D,15,Crisis_next_15D,CISS,0.014880121482672926,0.01887265096668259,-2.3480369108662016,-4.890637629113624,0.007516628125718121,4104,51
Nikkei,0.12,D,15,Crisis_next_15D,Downside_Beta,2.3225376877267223e-07,0.9908516509810329,0.011466006391590731,0.007857827320477703,1.007888781068862,4104,51
Nikkei,0.12,D,15,Crisis_next_15D,NFCI,0.011710660181875387,0.02573772731640727,-2.2301463693701895,-1.7780657932393575,0.16896464396741617,4104,51
Nikkei,0.12,D,15,Crisis_next_15D,EPU,0.001342033959643385,0.4132984141351628,-0.8181029332171371,-0.001230859275341694,0.9987698979212368,4104,51
Nikkei,0.12,D,15,Crisis_next_15D,RSkew,0.011576658423403718,0.009275911183196572,-2.601714224250068,-0.5332163768549413,0.5867148355983975,4104,51
Nikkei,0.12,D,15,Crisis_next_15D,RSV_Ratio,0.0008762934749428908,0.49311087328701786,-0.6853693606252037,-0.8145534199782839,0.4428370453869507,4104,51
Nikkei,0.12,D,15,Crisis_next_15D,HillTail,0.03136053135738348,0.000112722242192096,-3.8614366486495673,-5.928640690929556,0.002662098144637249,4104,51
Nikkei,0.12,W,4,Crisis_next_4W,HY_Spread,0.0025331966111926674,0.7652609112861009,-0.29857949693306823,-0.09868590361945538,0.9060272432132407,206,4
Nikkei,0.12,W,4,Crisis_next_4W,Yield_Curve,0.02686540134930704,0.34226023871853717,-0.9497087967715053,-1.2956483092937296,0.2737203513483426,206,4
Nikkei,0.12,W,4,Crisis_next_4W,Neely,0.0035178146310751446,0.7182194926619648,-0.3608394196437077,-0.420067116142252,0.6570027228470576,206,4
Nikkei,0.12,W,4,Crisis_next_4W,PatroCorr,0.01132224348721822,0.5229543688353555,0.6387979703344048,2.5740815398041903,13.119262103253025,206,4
Nikkei,0.12,W,4,Crisis_next_4W,SahmIndicator,0.005516463798678095,0.6958953128407194,-0.3908673175574073,-1.162387906794662,0.31273849815485605,206,4
Nikkei,0.12,W,4,Crisis_next_4W,VIX,0.0075734095789175004,0.5640416158268754,0.5768487770219356,0.0352465823089644,1.0358751057855233,206,4
Nikkei,0.12,W,4,Crisis_next_4W,M2_Growth,0.11086301233223617,0.41969301185798813,0.8069539547461926,7.402984069999518,1640.873613257655,206,4
Nikkei,0.12,W,4,Crisis_next_4W,BuffettDeviation,0.05320108398639478,0.16630741808659188,1.3841666971605935,2.5589723293288427,12.92253038394477,206,4
Nikkei,0.12,W,4,Crisis_next_4W,Systemic_Corr,0.0005069215471168453,0.8887368419131411,-0.1399027329918156,-0.5029964161569339,0.6047159615973445,206,4
Nikkei,0.12,W,4,Crisis_next_4W,Shiller_CAPE,0.0015001121855886534,0.8084754259159299,0.24239329938121462,0.02547375427863128,1.0258009830303558,206,4
Nikkei,0.12,W,4,Crisis_next_4W,YC_10Y3M,0.02686540134930704,0.34226023871853717,-0.9497087967715053,-1.2956483092937296,0.2737203513483426,206,4
Nikkei,0.12,W,4,Crisis_next_4W,CFNAI,0.05632431307436847,0.09269687546473569,-1.6813400880927636,-0.7532817373411185,0.47081891065258796,206,4
Nikkei,0.12,W,4,Crisis_next_4W,CISS,0.00029511298669238073,0.9153431968197546,-0.10630143028349982,-0.46045438527175103,0.6309968646755375,206,4
Nikkei,0.12,W,4,Crisis_next_4W,Downside_Beta,0.0031018584403180727,0.7254838107725599,0.351139346463793,0.8543215766442535,2.3497796942743956,206,4
Nikkei,0.12,W,4,Crisis_next_4W,NFCI,0.0005392926465749293,0.8798651483092683,0.1511401662805755,0.225215031782623,1.2525920343328887,206,4
Nikkei,0.12,W,4,Crisis_next_4W,EPU,0.052082738262649864,0.10678542285839561,1.6128117026360853,0.003968130410893683,1.0039760138644476,206,4
Nikkei,0.12,W,4,Crisis_next_4W,RSkew,0.08087935985625538,0.07392523474629303,-1.7870758214799993,-1.373041016391838,0.25333538989611565,206,4
Nikkei,0.12,W,4,Crisis_next_4W,RSV_Ratio,0.0521478995150354,0.17360227917946702,1.3607197233885946,6.622331942205755,751.6959664054091,206,4
Nikkei,0.12,W,4,Crisis_next_4W,HillTail,0.0822676447994628,0.12346674349539243,-1.5403841463516437,-10.29458402363576,3.381574540245949e-05,206,4
Nikkei,0.12,W,8,Crisis_next_8W,HY_Spread,0.002354857395561405,0.7068687309973483,0.376064788271943,0.07277299687881113,1.07548637043959,202,6
Nikkei,0.12,W,8,Crisis_next_8W,Yield_Curve,0.0002953941531965709,0.8988354936896268,0.12713254445745914,0.11968846775057165,1.1271456546564038,202,6
Nikkei,0.12,W,8,Crisis_next_8W,Neely,0.017507037179283924,0.37743917341676403,-0.8826245246830181,-0.9756332662961161,0.37695356597453855,202,6
Nikkei,0.12,W,8,Crisis_next_8W,PatroCorr,0.00014130411041868296,0.9310750051282168,-0.08649239022013457,-0.26074283382178165,0.7704790352885645,202,6
Nikkei,0.12,W,8,Crisis_next_8W,SahmIndicator,0.011066050826879392,0.5584632894927034,-0.5851255659416082,-1.846563420999061,0.15777845381345548,202,6
Nikkei,0.12,W,8,Crisis_next_8W,VIX,0.017279553800320646,0.3882980038319258,-0.8627080526114325,-0.07154600017677368,0.9309534525865033,202,6
Nikkei,0.12,W,8,Crisis_next_8W,M2_Growth,0.007442370571106638,0.5166635514829605,-0.6484969985600468,-0.3936013202668079,0.6746229611355673,202,6
Nikkei,0.12,W,8,Crisis_next_8W,BuffettDeviation,5.084963800305875e-05,0.9581915648399619,0.05242310432099092,0.07294644577272408,1.0756729285396416,202,6
Nikkei,0.12,W,8,Crisis_next_8W,Systemic_Corr,0.02583397424266609,0.19956627244928238,-1.2827882481066304,-3.02794991418358,0.04841479093165447,202,6
Nikkei,0.12,W,8,Crisis_next_8W,Shiller_CAPE,0.011130690078241967,0.4393039113555528,-0.7733692020290678,-0.06567629754769791,0.9364339411987883,202,6
Nikkei,0.12,W,8,Crisis_next_8W,YC_10Y3M,0.0002953941531965709,0.8988354936896268,0.12713254445745914,0.11968846775057165,1.1271456546564038,202,6
Nikkei,0.12,W,8,Crisis_next_8W,CFNAI,0.006185764400492122,0.5390469258988939,-0.6142548607871027,-0.29095223527151504,0.7475513837542204,202,6
Nikkei,0.12,W,8,Crisis_next_8W,CISS,0.016544631554768596,0.43140372758984746,-0.7867918459291995,-4.503745947100918,0.011067460669019898,202,6
Nikkei,0.12,W,8,Crisis_next_8W,Downside_Beta,0.0014253178359072693,0.7825865353333972,-0.2759499146890914,-0.5655344286430345,0.568056479966897,202,6
Nikkei,0.12,W,8,Crisis_next_8W,NFCI,0.003641261644099947,0.6862706900813434,-0.403921167552909,-0.7502401483416415,0.47225312831661587,202,6
Nikkei,0.12,W,8,Crisis_next_8W,EPU,0.005283763421034315,0.6287860825073122,-0.48343615419330466,-0.0021313635484384017,0.9978709061940143,202,6
Nikkei,0.12,W,8,Crisis_next_8W,RSkew,0.001099066008602323,0.8062730679306802,-0.24523682062609775,-0.16259582321999044,0.8499346428489263,202,6
Nikkei,0.12,W,8,Crisis_next_8W,RSV_Ratio,0.0071624348656376124,0.5326429880067448,-0.6239765462516218,-2.1900876354804337,0.11190694116904171,202,6
Nikkei,0.12,W,8,Crisis_next_8W,HillTail,0.012936733494563923,0.4169134559301526,-0.8117877089659862,-3.3598236101902588,0.034741386430852304,202,6
Nikkei,0.12,W,12,Crisis_next_12W,HY_Spread,2.559761247344916e-05,0.9668266391929929,0.04158862768373911,0.008082923736243612,1.0081156787569414,201,8
Nikkei,0.12,W,12,Crisis_next_12W,Yield_Curve,0.0009309843334497359,0.8038488953599625,-0.24836902752745313,-0.21086722587423398,0.8098815910631311,201,8
Nikkei,0.12,W,12,Crisis_next_12W,Neely,0.10259190131180751,0.9550302103678185,-0.056391145791382366,-12.256178787671859,4.755642321652615e-06,201,8
Nikkei,0.12,W,12,Crisis_next_12W,PatroCorr,0.0014900759757828785,0.7518632251631403,-0.31618350757980157,-0.8255809445428661,0.4379804761746669,201,8
Nikkei,0.12,W,12,Crisis_next_12W,SahmIndicator,0.018553831262943077,0.45701815463991136,-0.7437658317296709,-2.862364407696251,0.05713351352017088,201,8
Nikkei,0.12,W,12,Crisis_next_12W,VIX,0.027796287920942464,0.23507924564884253,-1.1873762452039363,-0.09314909573442341,0.911057655359214,201,8
Nikkei,0.12,W,12,Crisis_next_12W,M2_Growth,0.005757671320067215,0.5254560850520158,-0.6349575748595534,-0.3387230764630839,0.7126797795704505,201,8
Nikkei,0.12,W,12,Crisis_next_12W,BuffettDeviation,4.306094394612714e-05,0.9572897482379932,-0.05355495178440565,-0.06487570756429134,0.9371839410133446,201,8
Nikkei,0.12,W,12,Crisis_next_12W,Systemic_Corr,0.01971625112818265,0.21790109726605456,-1.232128471822339,-2.647270108630163,0.07084434669421091,201,8
Nikkei,0.12,W,12,Crisis_next_12W,Shiller_CAPE,0.004186085810441331,0.5956743375916526,-0.5306312477412589,-0.03907828631518025,0.9616754201743122,201,8
Nikkei,0.12,W,12,Crisis_next_12W,YC_10Y3M,0.0009309843334497359,0.8038488953599625,-0.24836902752745313,-0.21086722587423398,0.8098815910631311,201,8
Nikkei,0.12,W,12,Crisis_next_12W,CFNAI,0.006068011634572268,0.4990260886870028,-0.6760229270126078,-0.28153106540235867,0.7546274725050839,201,8
Nikkei,0.12,W,12,Crisis_next_12W,CISS,0.0070773518424295245,0.5353135597130985,-0.6199152885358427,-2.447217399622455,0.08653404145561856,201,8
Nikkei,0.12,W,12,Crisis_next_12W,Downside_Beta,0.0793101618594072,0.030488491133656842,2.1636855449990744,4.255179340485793,70.46945408137397,201,8
Nikkei,0.12,W,12,Crisis_next_12W,NFCI,0.01766520813551431,0.343078831148672,-0.9480994442845708,-1.9588877532459668,0.1410151774022762,201,8
Nikkei,0.12,W,12,Crisis_next_12W,EPU,0.0811525766890685,0.0840572328706545,-1.7276152166339915,-0.016272947063437126,0.9838587420486843,201,8
Nikkei,0.12,W,12,Crisis_next_12W,RSkew,0.04035206961472415,0.121521411932534,1.5484191567150083,1.0715631193499064,2.919940149576948,201,8
Nikkei,0.12,W,12,Crisis_next_12W,RSV_Ratio,0.03909561191466637,0.10972419673883782,-1.5994340266175968,-4.9821400049141955,0.0068593677589213545,201,8
Nikkei,0.12,W,12,Crisis_next_12W,HillTail,2.6872083726314777e-05,0.9651981118488542,0.04363153811355714,0.14581678471935247,1.1569841914475398,201,8
Nikkei,0.12,W,16,Crisis_next_16W,HY_Spread,0.01148754429162191,0.2826924109374651,1.074290702205688,0.139319643513895,1.149491468779227,200,11
Nikkei,0.12,W,16,Crisis_next_16W,Yield_Curve,0.00775589857572645,0.41443353918349324,0.8161164450315117,0.5785503483280318,1.78345117291715,200,11
Nikkei,0.12,W,16,Crisis_next_16W,Neely,0.0477803357743698,0.10329060616529091,-1.6291058824637006,-1.7263193234306569,0.17793813888809373,200,11
Nikkei,0.12,W,16,Crisis_next_16W,PatroCorr,0.0012529879527184429,0.7423761336499861,-0.3287083615301874,-0.7415286904838948,0.4763851132171447,200,11
Nikkei,0.12,W,16,Crisis_next_16W,SahmIndicator,0.0011530715193670549,0.7432353165246242,0.3275719722951942,0.3172961907607232,1.3734093028337073,200,11
Nikkei,0.12,W,16,Crisis_next_16W,VIX,0.0023808537953073916,0.6434169582286811,0.46292663065195677,0.018769021530676187,1.0189462667853615,200,11
Nikkei,0.12,W,16,Crisis_next_16W,M2_Growth,0.028504280608945498,0.11242847326846195,-1.587371751464945,-0.7073355149449069,0.49295592283780726,200,11
Nikkei,0.12,W,16,Crisis_next_16W,BuffettDeviation,0.007299044081737205,0.4246702578995747,-0.7983450912296248,-0.8057086740276695,0.4467711991992017,200,11
Nikkei,0.12,W,16,Crisis_next_16W,Systemic_Corr,1.373453963171567e-05,0.9726878150427088,-0.034237435216843914,-0.0773481394280746,0.9255675709453065,200,11
Nikkei,0.12,W,16,Crisis_next_16W,Shiller_CAPE,0.033278925868790776,0.09796178558036248,-1.6548162061876663,-0.10779313601973801,0.8978133024551069,200,11
Nikkei,0.12,W,16,Crisis_next_16W,YC_10Y3M,0.00775589857572645,0.41443353918349324,0.8161164450315117,0.5785503483280318,1.78345117291715,200,11
Nikkei,0.12,W,16,Crisis_next_16W,CFNAI,0.013178779308435473,0.2567079296411018,-1.1342065202213931,-0.3866488462478629,0.679329602186572,200,11
Nikkei,0.12,W,16,Crisis_next_16W,CISS,0.009197548863494442,0.3417508286748905,0.9507115395646465,1.8604561010254854,6.426667312618649,200,11
Nikkei,0.12,W,16,Crisis_next_16W,Downside_Beta,0.08312283515924734,0.012585921349737161,2.4952759389994505,4.2270158063527505,68.51247231962067,200,11
Nikkei,0.12,W,16,Crisis_next_16W,NFCI,0.0005772789744330487,0.8188194906173047,0.2290635918797953,0.21102884252062157,1.2349479735601223,200,11
Nikkei,0.12,W,16,Crisis_next_16W,EPU,0.03393512155245715,0.18557732790156123,-1.3237763648418222,-0.0071573361581524966,0.9928682165727825,200,11
Nikkei,0.12,W,16,Crisis_next_16W,RSkew,0.0084137789181985,0.40709979391598394,0.8290081527975183,0.4424751113774855,1.5565551018192538,200,11
Nikkei,0.12,W,16,Crisis_next_16W,RSV_Ratio,0.008045786497590246,0.40656318468897845,-0.8299568428155261,-2.175922334487374,0.11350341726101264,200,11
Nikkei,0.12,W,16,Crisis_next_16W,HillTail,0.00047754523080878464,0.8412104297376588,-0.20034543634977509,-0.5803045452506076,0.5597278781390795,200,11
Nikkei,0.12,M,6,Crisis_next_6M,HY_Spread,0.022602333103638905,0.13632855758571888,1.4896033616908726,0.2181628253860529,1.2437895716493885,199,11
Nikkei,0.12,M,6,Crisis_next_6M,Yield_Curve,0.06447322374401976,0.024959982371327048,2.2420215064741646,1.7379464245207055,5.685655503042147,199,11
Nikkei,0.12,M,6,Crisis_next_6M,Neely,0.012636474640816076,0.3336066488420031,-0.9668747535976471,-0.7706812986219701,0.4626977255793155,199,11
Nikkei,0.12,M,6,Crisis_next_6M,PatroCorr,0.00413684907249845,0.5476527170411254,-0.6012811880972987,-1.3356854384529673,0.26297785852849614,199,11
Nikkei,0.12,M,6,Crisis_next_6M,SahmIndicator,0.0013606082993388169,0.7481439714563378,-0.32108764686331925,-0.4165407998826765,0.6593236119206543,199,11
Nikkei,0.12,M,6,Crisis_next_6M,VIX,0.0022236156578593347,0.6739105227386939,-0.42078714046262516,-0.02136644165913988,0.9788602036839031,199,11
Nikkei,0.12,M,6,Crisis_next_6M,M2_Growth,0.08696367953767747,0.00771553769336038,-2.6642710060972528,-1.2292397650109943,0.2925148732131534,199,11
Nikkei,0.12,M,6,Crisis_next_6M,BuffettDeviation,0.060463705177036475,0.025707363598453523,-2.230604120930549,-2.3227015547364953,0.09800845243084398,199,11
Nikkei,0.12,M,6,Crisis_next_6M,Systemic_Corr,0.004971747335682175,0.5260503651948767,0.6340466698019206,1.5765136345037887,4.838059131925945,199,11
Nikkei,0.12,M,6,Crisis_next_6M,Shiller_CAPE,0.07551596267775407,0.015807728835477423,-2.4133247270963887,-0.1668413497216428,0.8463338717910203,199,11
Nikkei,0.12,M,6,Crisis_next_6M,YC_10Y3M,0.06447322374401976,0.024959982371327048,2.2420215064741646,1.7379464245207055,5.685655503042147,199,11
Nikkei,0.12,M,6,Crisis_next_6M,CFNAI,0.0002185709349493692,0.8928212320280788,0.1347352118034014,0.05939793412127434,1.061197443402304,199,11
Nikkei,0.12,M,6,Crisis_next_6M,CISS,0.0009054588575736489,0.7720943469123732,0.28963649141882936,0.7125380482425856,2.039160183301545,199,11
Nikkei,0.12,M,6,Crisis_next_6M,Downside_Beta,0.00822029904677768,0.40339242320876667,0.835577869123746,1.2636182959448523,3.538200611020571,199,11
Nikkei,0.12,M,6,Crisis_next_6M,NFCI,0.0006416953081237464,0.8206697299662653,-0.22668366496249495,-0.2854739222984765,0.7516579424342313,199,11
Nikkei,0.12,M,6,Crisis_next_6M,EPU,0.04871743032608533,0.10338304133841164,-1.6286693178835807,-0.01014336126351422,0.9899079091275493,199,11
Nikkei,0.12,M,6,Crisis_next_6M,RSkew,0.00883494260366735,0.38112728388783945,-0.8758211250200472,-0.43512549379744236,0.6471834444735859,199,11
Nikkei,0.12,M,6,Crisis_next_6M,RSV_Ratio,0.0005929632497876369,0.8224465564618881,0.22439937564959409,0.616410292211209,1.8522669961324172,199,11
Nikkei,0.12,M,6,Crisis_next_6M,HillTail,0.017883149773701312,0.23338922139430784,-1.1916736819243627,-3.7056890572118824,0.024583272249195754,199,11
Nikkei,0.12,M,12,Crisis_next_12M,HY_Spread,0.015913945779784,0.24743728074801918,1.1565964318630544,0.18984294099589796,1.2090596890335528,193,9
Nikkei,0.12,M,12,Crisis_next_12M,Yield_Curve,0.033633551450035215,0.12124076469430682,1.5495866272523784,1.2640133637231883,3.539598716230249,193,9
Nikkei,0.12,M,12,Crisis_next_12M,Neely,0.031348640488651824,0.19860260890009185,-1.285542976212238,-1.3783212593490213,0.25200124289773157,193,9
Nikkei,0.12,M,12,Crisis_next_12M,PatroCorr,0.11213455886798329,0.005527420722428406,-2.7745731192470346,-6.73473806839279,0.00118888656634643,193,9
Nikkei,0.12,M,12,Crisis_next_12M,SahmIndicator,0.002628159866497781,0.6436983770579655,0.4625340684106605,0.4588668370196439,1.582279987634205,193,9
Nikkei,0.12,M,12,Crisis_next_12M,VIX,0.006264563554886582,0.5236936195765345,-0.6376621648507611,-0.037790298247136735,0.9629148446514549,193,9
Nikkei,0.12,M,12,Crisis_next_12M,M2_Growth,0.05281188436782258,0.04976615454397184,-1.9619684758707021,-0.970932599948184,0.3787296700828166,193,9
Nikkei,0.12,M,12,Crisis_next_12M,BuffettDeviation,0.0032609615062410002,0.6227028879937802,-0.4920232776049745,-0.5666895741142729,0.5674006709469891,193,9
Nikkei,0.12,M,12,Crisis_next_12M,Systemic_Corr,0.030199308608690245,0.11487842370554993,-1.5766398248706446,-3.238661189544883,0.03921636324582343,193,9
Nikkei,0.12,M,12,Crisis_next_12M,Shiller_CAPE,0.04570642101937461,0.0770553961111094,-1.768032945413718,-0.12988166181112432,0.8781993492921512,193,9
Nikkei,0.12,M,12,Crisis_next_12M,YC_10Y3M,0.033633551450035215,0.12124076469430682,1.5495866272523784,1.2640133637231883,3.539598716230249,193,9
Nikkei,0.12,M,12,Crisis_next_12M,CFNAI,0.0009682993952294661,0.795985799450755,0.25854567992720684,0.1288985334867483,1.1375746925719912,193,9
Nikkei,0.12,M,12,Crisis_next_12M,CISS,0.0002980860435080057,0.8848233130421275,-0.14485758797911918,-0.4477175659001038,0.6390851579860699,193,9
Nikkei,0.12,M,12,Crisis_next_12M,Downside_Beta,0.2038245263543591,0.0015944224231530008,3.1569251968809535,7.657082891341902,2115.577050413179,193,9
Nikkei,0.12,M,12,Crisis_next_12M,NFCI,0.0007167994167003311,0.8250157508283282,-0.22109848376298277,-0.3041894354845375,0.7377211026583627,193,9
Nikkei,0.12,M,12,Crisis_next_12M,EPU,0.039851313408429845,0.15746202424581057,-1.413659084237793,-0.009967858814489772,0.9900816556359328,193,9
Nikkei,0.12,M,12,Crisis_next_12M,RSkew,0.030741181107484805,0.13129585391769377,-1.5090114610669165,-0.8258174056982579,0.43787692304886,193,9
Nikkei,0.12,M,12,Crisis_next_12M,RSV_Ratio,0.007678955270433496,0.4497077958959228,-0.7559022649382592,-2.2827798213753416,0.1020002697212541,193,9
Nikkei,0.12,M,12,Crisis_next_12M,HillTail,0.0005545992374317299,0.8400730435831727,0.20180004856155656,0.6505399882787619,1.916575477933057,193,9
Nikkei,0.12,M,18,Crisis_next_18M,HY_Spread,9.426252072841645e-05,0.9478839035390494,-0.06536435551890986,-0.018582707590507282,0.9815888863827358,187,5
Nikkei,0.12,M,18,Crisis_next_18M,Yield_Curve,0.18977484220132623,0.014858878655256274,2.4358004601142964,3.563094689899146,35.27218489078884,187,5
Nikkei,0.12,M,18,Crisis_next_18M,Neely,0.0836291275973533,0.9757787730938737,-0.030361470088974933,-12.992656616525624,2.27698896649773e-06,187,5
Nikkei,0.12,M,18,Crisis_next_18M,PatroCorr,0.024416303500527592,0.3248195133956987,0.9846021902716853,3.981598950446033,53.602673761679455,187,5
Nikkei,0.12,M,18,Crisis_next_18M,SahmIndicator,0.003452827352403598,0.7222742563997621,-0.35542094982059513,-0.7681202409870747,0.4638842398392308,187,5
Nikkei,0.12,M,18,Crisis_next_18M,VIX,0.003387614589227872,0.7056802619962181,-0.3776639358809183,-0.028366217221151742,0.9720323266336762,187,5
Nikkei,0.12,M,18,Crisis_next_18M,M2_Growth,0.1476406075713338,0.02050820786318023,-2.3169178380766433,-1.8090793495963584,0.1638048744274896,187,5
Nikkei,0.12,M,18,Crisis_next_18M,BuffettDeviation,0.056146452473065045,0.11759136589108236,-1.5649639350825553,-2.4437191675412175,0.08683728771921047,187,5
Nikkei,0.12,M,18,Crisis_next_18M,Systemic_Corr,0.01620670046222128,0.3543283981767935,-0.9262262794432783,-2.5436037119128767,0.07858269950031005,187,5
Nikkei,0.12,M,18,Crisis_next_18M,Shiller_CAPE,0.033661500441750314,0.2254597273129827,-1.2121375621805945,-0.11719876182770152,0.8894083951554517,187,5
Nikkei,0.12,M,18,Crisis_next_18M,YC_10Y3M,0.18977484220132623,0.014858878655256274,2.4358004601142964,3.563094689899146,35.27218489078884,187,5
Nikkei,0.12,M,18,Crisis_next_18M,CFNAI,0.006210569049314496,0.6180014231961412,0.49868484425770765,0.3734356958748573,1.4527171448348393,187,5
Nikkei,0.12,M,18,Crisis_next_18M,CISS,0.00015985361986747826,0.9322457388381141,-0.08501968772324542,-0.3412089529944135,0.7109103458401518,187,5
Nikkei,0.12,M,18,Crisis_next_18M,Downside_Beta,0.0026968327340023412,0.7270848195145796,-0.3490059808174554,-0.7775223112378042,0.4595432069546332,187,5
Nikkei,0.12,M,18,Crisis_next_18M,NFCI,0.01299462160584186,0.48888180424775485,-0.6920884186289419,-1.6864930492857773,0.18516776087246564,187,5
Nikkei,0.12,M,18,Crisis_next_18M,EPU,0.04483166321495402,0.2254628570190742,-1.2121293848625363,-0.012606295049833592,0.9874728314413076,187,5
Nikkei,0.12,M,18,Crisis_next_18M,RSkew,0.0020448473177022697,0.7605815707359352,0.30471717085334243,0.24010282764617571,1.2713798766002578,187,5
Nikkei,0.12,M,18,Crisis_next_18M,RSV_Ratio,0.026310369981912274,0.27126765515848184,-1.1001479718544325,-4.404828085900643,0.012218206716305875,187,5
Nikkei,0.12,M,18,Crisis_next_18M,HillTail,0.03167354569179559,0.2596424224048929,-1.1272366885274134,-5.860238929345504,0.0028505625182709804,187,5
Nikkei,0.12,M,24,Crisis_next_24M,HY_Spread,0.03944294837363038,0.4168436829400306,0.811909290769977,0.30830150666386175,1.3611113112071789,181,1
Nikkei,0.12,M,24,Crisis_next_24M,Yield_Curve,0.27972371323765466,0.25509584517340156,1.138059003860338,6.51971872156895,678.3875427170846,181,1
Nikkei,0.12,M,24,Crisis_next_24M,Neely,0.06388209189890603,0.9626910185558775,-0.04677692691202877,-10.015036182045577,4.4722394689167e-05,181,1
Nikkei,0.12,M,24,Crisis_next_24M,PatroCorr,0.020692231224177293,0.640228717650166,0.4673790374403243,4.172143887327591,64.85434357570648,181,1
Nikkei,0.12,M,24,Crisis_next_24M,SahmIndicator,0.26342545217159763,0.0747747532517185,1.7818435188009578,3.292442964041429,26.908519971935025,181,1
Nikkei,0.12,M,24,Crisis_next_24M,VIX,0.00890561680535329,0.7204063288186797,0.35791579659466294,0.04103244454844081,1.0418859085149441,181,1
Nikkei,0.12,M,24,Crisis_next_24M,M2_Growth,0.05933005227154642,0.4086237247682173,-0.8263180010177057,-1.2557702979783687,0.28485633942932903,181,1
Nikkei,0.12,M,24,Crisis_next_24M,BuffettDeviation,0.14636709859845787,0.31991474049060586,-0.9946331047959095,-5.526376953677056,0.003980384112449044,181,1
Nikkei,0.12,M,24,Crisis_next_24M,Systemic_Corr,0.04257322644744199,0.4062415788778999,-0.8305257790036462,-4.16157112654983,0.015583055724421912,181,1
Nikkei,0.12,M,24,Crisis_next_24M,Shiller_CAPE,0.16367325054367532,0.21972921336011209,-1.2272484792504632,-0.3455998230931803,0.7077956739237614,181,1
Nikkei,0.12,M,24,Crisis_next_24M,YC_10Y3M,0.27972371323765466,0.25509584517340156,1.138059003860338,6.51971872156895,678.3875427170846,181,1
Nikkei,0.12,M,24,Crisis_next_24M,CFNAI,0.04588626071180235,0.3949079987101448,-0.8507504375841466,-0.7158679860640912,0.4887676840859449,181,1
Nikkei,0.12,M,24,Crisis_next_24M,CISS,0.03779225797461583,0.42445731825327104,0.7987121874973343,3.949709581439487,51.92028603033432,181,1
Nikkei,0.12,M,24,Crisis_next_24M,Downside_Beta,0.027916110252613646,0.5697132013954969,-0.5684739321851515,-2.974131504391275,0.05109178773414561,181,1
Nikkei,0.12,M,24,Crisis_next_24M,NFCI,0.04355506403262721,0.36885911529684656,0.8986124680014962,1.596182796080319,4.934161729170104,181,1
Nikkei,0.12,M,24,Crisis_next_24M,EPU,0.00718293715139573,0.7435943000948236,0.32709729178687,0.003018157314887378,1.003022716537339,181,1
Nikkei,0.12,M,24,Crisis_next_24M,RSkew,0.10179010608653905,0.3306386332131759,0.9728283235693084,2.475823915555885,11.891500670398434,181,1
Nikkei,0.12,M,24,Crisis_next_24M,RSV_Ratio,0.019746910432696496,0.6206038316447737,-0.49499474257940007,-4.386502851803544,0.012444172327487213,181,1
Nikkei,0.12,M,24,Crisis_next_24M,HillTail,0.01751791736330921,0.6524760005481711,-0.4503251590150604,-5.071127857591319,0.006275338459867959,181,1
Nikkei,0.15,D,5,Crisis_next_5D,HY_Spread,0.00034777085696235943,0.8667511306822769,0.1677866432356722,0.04347129028387407,1.0444300085925273,4114,4
Nikkei,0.15,D,5,Crisis_next_5D,Yield_Curve,0.0008880965016536679,0.8127474422660294,0.23688315011216715,0.2652269006684999,1.303726758693518,4114,4
Nikkei,0.15,D,5,Crisis_next_5D,Neely,0.008316454278228469,0.4596845951086391,0.7393663081449658,0.7406418293512996,2.0972811792233634,4114,4
Nikkei,0.15,D,5,Crisis_next_5D,PatroCorr,0.11427473336995941,0.05628273896415677,1.9088399696384715,17.78852889799174,53144697.76747223,4114,4
Nikkei,0.15,D,5,Crisis_next_5D,SahmIndicator,0.0012803808380594806,0.7557058000656218,-0.3111247320852376,-0.786837946974237,0.45528214788545557,4114,4
Nikkei,0.15,D,5,Crisis_next_5D,VIX,0.08972520484731339,0.0011781845015934808,3.244109484989494,0.08429750540159162,1.0879525174171603,4114,4
Nikkei,0.15,D,5,Crisis_next_5D,M2_Growth,0.0009472739527549567,0.8068255811246287,0.2445232711305547,0.20717642065331426,1.2301995852518977,4114,4
Nikkei,0.15,D,5,Crisis_next_5D,BuffettDeviation,0.00047662206319831757,0.8642782950411785,-0.17093065134350494,-0.2691194947517929,0.7640519499949129,4114,4
Nikkei,0.15,D,5,Crisis_next_5D,Systemic_Corr,0.017765563019782604,0.3217045348195934,0.9909611830612176,4.372172302896175,79.2155250442392,4114,4
Nikkei,0.15,D,5,Crisis_next_5D,Shiller_CAPE,0.00630307506255523,0.5271048842106593,-0.6324316098537253,-0.06465486797815279,0.9373909311819839,4114,4
Nikkei,0.15,D,5,Crisis_next_5D,YC_10Y3M,0.0008880965016536679,0.8127474422660294,0.23688315011216715,0.2652269006684999,1.303726758693518,4114,4
Nikkei,0.15,D,5,Crisis_next_5D,CFNAI,0.006977989231384041,0.9167364206229691,-0.10454555252251398,-0.06950073072020815,0.9328594517250542,4114,4
Nikkei,0.15,D,5,Crisis_next_5D,CISS,0.024687837826854242,0.14609537777990905,1.4534625233778509,3.644211560537793,38.25260109858243,4114,4
Nikkei,0.15,D,5,Crisis_next_5D,Downside_Beta,6.300661649938366e-05,0.9277823656153721,0.09063532063490999,0.21866932936188577,1.244419715584261,4114,4
Nikkei,0.15,D,5,Crisis_next_5D,NFCI,0.008306917929461366,0.38731342164695926,0.8644997426448094,0.9054786551851997,2.4731154093082233,4114,4
Nikkei,0.15,D,5,Crisis_next_5D,EPU,0.0018404153138880108,0.7163793378433204,0.36330194864457555,0.0013912284452525432,1.001392196652493,4114,4
Nikkei,0.15,D,5,Crisis_next_5D,RSkew,0.0921592398043638,0.0036688510791442978,-2.905313767234606,-1.4691591837910933,0.23011889155972182,4114,4
Nikkei,0.15,D,5,Crisis_next_5D,RSV_Ratio,0.11450164926485329,0.00583408507410165,2.756963571106559,12.23742214611495,206369.21433579523,4114,4
Nikkei,0.15,D,5,Crisis_next_5D,HillTail,0.0228464028758939,0.2607620840293353,-1.1245917199350757,-6.198678037367472,0.0020321152418453703,4114,4
Nikkei,0.15,D,10,Crisis_next_10D,HY_Spread,0.005108585997005033,0.37557042287109843,-0.8860874172900142,-0.17453678337522016,0.8398459612919194,4109,14
Nikkei,0.15,D,10,Crisis_next_10D,Yield_Curve,0.002287548584033683,0.5221371523025252,-0.6400545244797851,-0.40882913072110555,0.6644277529143676,4109,14
Nikkei,0.15,D,10,Crisis_next_10D,Neely,0.031800797082292,0.017643445992418808,2.3730171225689936,1.3255786163364807,3.764362846812598,4109,14
Nikkei,0.15,D,10,Crisis_next_10D,PatroCorr,0.11216497672967785,0.0007787833027877045,3.360227444519458,14.809878793262634,2703016.131563081,4109,14
Nikkei,0.15,D,10,Crisis_next_10D,SahmIndicator,0.004983543165516191,0.4320605116260564,-0.7856705656929324,-1.3530059060026656,0.25846217879659533,4109,14
Nikkei,0.15,D,10,Crisis_next_10D,VIX,0.06088793434091522,1.440855922014506e-05,4.337541107434975,0.07366078112039405,1.0764415942448853,4109,14
Nikkei,0.15,D,10,Crisis_next_10D,M2_Growth,0.008201511009618634,0.25188820416759305,1.1457751395137512,0.6057510186187168,1.8326280299591668,4109,14
Nikkei,0.15,D,10,Crisis_next_10D,BuffettDeviation,0.0010813334735594315,0.6554734428827428,0.44617139648914245,0.3958902831130901,1.4857063015384813,4109,14
Nikkei,0.15,D,10,Crisis_next_10D,Systemic_Corr,0.002213188821063139,0.5210014664018714,-0.6418024381231202,-1.1742969105548995,0.3090361834009566,4109,14
Nikkei,0.15,D,10,Crisis_next_10D,Shiller_CAPE,0.00046300658100273395,0.7682872400419088,-0.29461599756201573,-0.01613981225722951,0.983989736611417,4109,14
Nikkei,0.15,D,10,Crisis_next_10D,YC_10Y3M,0.002287548584033683,0.5221371523025252,-0.6400545244797851,-0.40882913072110555,0.6644277529143676,4109,14
Nikkei,0.15,D,10,Crisis_next_10D,CFNAI,0.060084142604601154,0.00012079418102199333,-3.844508738226015,-0.8415184929415721,0.43105547151817114,4109,14
Nikkei,0.15,D,10,Crisis_next_10D,CISS,0.0014507627201283402,0.5829598651500827,0.5490664255448687,1.051296793992667,2.8613593067249323,4109,14
Nikkei,0.15,D,10,Crisis_next_10D,Downside_Beta,0.0033716141177111414,0.42525885578982636,0.7973309399446792,1.0286444210780812,2.797271341343322,4109,14
Nikkei,0.15,D,10,Crisis_next_10D,NFCI,0.0005222273389705601,0.7423412951983221,0.32875444918998503,0.26864324342895596,1.3081883529954708,4109,14
Nikkei,0.15,D,10,Crisis_next_10D,EPU,0.0041091020727357375,0.34192808137116903,0.950362519974574,0.001838064605099288,1.0018397548812992,4109,14
Nikkei,0.15,D,10,Crisis_next_10D,RSkew,0.05115486103425759,0.000569641276956297,-3.445672020998887,-1.1254399723903799,0.32450966065405057,4109,14
Nikkei,0.15,D,10,Crisis_next_10D,RSV_Ratio,0.04770158266512381,0.0034881993444353834,2.9210802766933592,7.231032187803824,1381.647888427949,4109,14
Nikkei,0.15,D,10,Crisis_next_10D,HillTail,0.007426145015224317,0.24255663264501537,-1.1686203323768487,-3.083607204075332,0.045793770881069486,4109,14
Nikkei,0.15,D,15,Crisis_next_15D,HY_Spread,0.016856141628969423,0.05953706779882038,-1.8842063585764728,-0.3559672387806649,0.700495568948314,4104,22
Nikkei,0.15,D,15,Crisis_next_15D,Yield_Curve,0.015027286174896126,0.056330499539850254,-1.9084699804564793,-1.0835226932098645,0.33840133940345585,4104,22
Nikkei,0.15,D,15,Crisis_next_15D,Neely,0.0010388923769724112,0.6007138439233417,-0.5233742441737494,-0.2511660320733068,0.7778932056146698,4104,22
Nikkei,0.15,D,15,Crisis_next_15D,PatroCorr,0.0439546785172823,0.0025270289286666533,3.0200860332135884,6.8082203130446155,905.2582961100868,4104,22
Nikkei,0.15,D,15,Crisis_next_15D,SahmIndicator,0.012814633638523198,0.21859659642880425,-1.2302684455190662,-3.046096655161521,0.0475441438567731,4104,22
Nikkei,0.15,D,15,Crisis_next_15D,VIX,0.001287347880591816,0.5332118425813902,0.6231106029045718,0.01654969007559952,1.016687394804432,4104,22
Nikkei,0.15,D,15,Crisis_next_15D,M2_Growth,0.019450965147305044,0.04795712635804489,1.9777481416552758,0.9907375999349839,2.6932202589891103,4104,22
Nikkei,0.15,D,15,Crisis_next_15D,BuffettDeviation,0.023593030827509853,0.017010900533629823,2.3864720465292644,1.9651004202399978,7.135629115769342,4104,22
Nikkei,0.15,D,15,Crisis_next_15D,Systemic_Corr,0.008900990546206189,0.11333490523974131,-1.583379883463929,-2.1303161233286105,0.1187997325488289,4104,22
Nikkei,0.15,D,15,Crisis_next_15D,Shiller_CAPE,0.008379409555835826,0.13424455097544707,1.4975717502647286,0.06772690219240117,1.0700730339712792,4104,22
Nikkei,0.15,D,15,Crisis_next_15D,YC_10Y3M,0.015027286174896126,0.056330499539850254,-1.9084699804564793,-1.0835226932098645,0.33840133940345585,4104,22
Nikkei,0.15,D,15,Crisis_next_15D,CFNAI,0.03151594018853254,0.0008632421384828198,-3.3316775518432236,-0.6416489576810676,0.5264236576266341,4104,22
Nikkei,0.15,D,15,Crisis_next_15D,CISS,0.009601365839762788,0.15809647341009192,-1.4115025867895343,-4.151045193607227,0.01574794822528187,4104,22
Nikkei,0.15,D,15,Crisis_next_15D,Downside_Beta,0.00019840818373295654,0.819244340539542,-0.22851700140515743,-0.23870300966477576,0.7876487717122819,4104,22
Nikkei,0.15,D,15,Crisis_next_15D,NFCI,0.0025779978241193824,0.44143792899642265,-0.7697673189683598,-0.7587432347912002,0.46825454338939243,4104,22
Nikkei,0.15,D,15,Crisis_next_15D,EPU,1.993683682255387e-06,0.98140267084949,-0.023310406417456506,-4.633479276756999e-05,0.9999536662806724,4104,22
Nikkei,0.15,D,15,Crisis_next_15D,RSkew,0.01577547204884322,0.029425018470853645,-2.1777451099962923,-0.6545415984128098,0.5196802302370352,4104,22
Nikkei,0.15,D,15,Crisis_next_15D,RSV_Ratio,0.0047812102289608305,0.257069956768324,1.1333436765951752,2.11936087625906,8.325814561115838,4104,22
Nikkei,0.15,D,15,Crisis_next_15D,HillTail,0.02516202323883232,0.013977969016392816,-2.457829058478389,-5.667381215200164,0.003456906326395622,4104,22
Nikkei,0.15,W,8,Crisis_next_8W,HY_Spread,0.05084205933912622,0.518968061404217,-0.644936925338025,-0.7782583718852997,0.4592050797405042,202,1
Nikkei,0.15,W,8,Crisis_next_8W,Yield_Curve,0.4131725727671367,0.13526429397033593,-1.4936608201355375,-17.67049145138114,2.11740078691933e-08,202,1
Nikkei,0.15,W,8,Crisis_next_8W,Neely,0.06647674083790267,0.964304409144094,-0.044752722677745126,-10.21014284183253,3.679521156277654e-05,202,1
Nikkei,0.15,W,8,Crisis_next_8W,PatroCorr,0.5069964763612018,0.3647168542739573,0.9064138320429107,140.56290804125652,1.1109520702299505e+61,202,1
Nikkei,0.15,W,8,Crisis_next_8W,SahmIndicator,0.014340589795104552,0.7886173615595926,-0.26810647545215266,-3.5558316782281594,0.02855761429099942,202,1
Nikkei,0.15,W,8,Crisis_next_8W,VIX,0.023647680674196647,0.6409060710716038,-0.4664323348219298,-0.10870795839770989,0.8969923383302121,202,1
Nikkei,0.15,W,8,Crisis_next_8W,M2_Growth,0.08153857978894563,0.6892910590131662,0.39981733881630604,5.615049879671927,274.52707217417253,202,1
Nikkei,0.15,W,8,Crisis_next_8W,BuffettDeviation,0.047503027521933694,0.485439770378133,0.6975801957117366,3.2130040678204645,24.853636200663363,202,1
Nikkei,0.15,W,8,Crisis_next_8W,Systemic_Corr,0.07293023569578239,0.26182138423622114,-1.1220965650041468,-4.9644270234104315,0.0069819500571566525,202,1
Nikkei,0.15,W,8,Crisis_next_8W,Shiller_CAPE,0.039600641051262264,0.4943850346301788,0.6833510636283431,0.15269063529889187,1.1649645242877815,202,1
Nikkei,0.15,W,8,Crisis_next_8W,YC_10Y3M,0.4131725727671367,0.13526429397033593,-1.4936608201355375,-17.67049145138114,2.11740078691933e-08,202,1
Nikkei,0.15,W,8,Crisis_next_8W,CFNAI,0.12663356005001847,0.15818259600489382,-1.41121036101632,-1.0984303427754134,0.33339398748195137,202,1
Nikkei,0.15,W,8,Crisis_next_8W,CISS,0.056570745035535164,0.6265370040979974,-0.4866067994745451,-20.895020423061176,8.421858319060989e-10,202,1
Nikkei,0.15,W,8,Crisis_next_8W,Downside_Beta,0.009421909449549015,0.7374686912642342,-0.33520733236791445,-1.7370480878581458,0.17603928689528528,202,1
Nikkei,0.15,W,8,Crisis_next_8W,NFCI,0.05991337306921385,0.4527120844864956,-0.7509012558607769,-5.706100027237396,0.0033256171029012504,202,1
Nikkei,0.15,W,8,Crisis_next_8W,EPU,0.0010017842064268256,0.9147442442556564,-0.10705638968442767,-0.0009841221383392247,0.9990163619510383,202,1
Nikkei,0.15,W,8,Crisis_next_8W,RSkew,0.0037840023911916987,0.8286363445678508,0.21645083516319463,0.37234684467984663,1.4511362128916867,202,1
Nikkei,0.15,W,8,Crisis_next_8W,RSV_Ratio,0.010990734705914162,0.7086897674710969,-0.373616350630801,-3.166918748707895,0.04213322114208962,202,1
Nikkei,0.15,W,8,Crisis_next_8W,HillTail,0.08996698729954433,0.3909354270660146,-0.8579221958998025,-13.224323711968404,1.8061307428801903e-06,202,1
Nikkei,0.15,W,12,Crisis_next_12W,HY_Spread,0.014790333485968143,0.49860536542928224,-0.6766857408931152,-0.2808105274558589,0.7551714061733862,201,4
Nikkei,0.15,W,12,Crisis_next_12W,Yield_Curve,0.1503676169174647,0.08974974528035837,-1.696719282919228,-4.784485079200924,0.00835842656772939,201,4
Nikkei,0.15,W,12,Crisis_next_12W,Neely,0.08676991642271625,0.937832111326946,-0.07799489813861454,-10.59059975520259,2.5151330626529698e-05,201,4
Nikkei,0.15,W,12,Crisis_next_12W,PatroCorr,2.736508924716663e-05,0.9741562499007116,-0.03239600307508488,-0.12096709055703772,0.8860631189567381,201,4
Nikkei,0.15,W,12,Crisis_next_12W,SahmIndicator,0.03874051625906094,0.4827177194160547,-0.7019381765610094,-10.75526966849923,2.1332695364706972e-05,201,4
Nikkei,0.15,W,12,Crisis_next_12W,VIX,0.04877836999216645,0.25569540023713644,-1.1366242449140094,-0.15297750039945396,0.8581490296045593,201,4
Nikkei,0.15,W,12,Crisis_next_12W,M2_Growth,0.012902734615968137,0.5147402782677775,0.6514744294590933,0.6576004616011647,1.9301552915080264,201,4
Nikkei,0.15,W,12,Crisis_next_12W,BuffettDeviation,0.08157646588247436,0.1272664234889217,1.5249706295803434,4.076969421260601,58.96649618030297,201,4
Nikkei,0.15,W,12,Crisis_next_12W,Systemic_Corr,0.018836375808684913,0.3502047275890896,-0.9341922599493585,-2.710711459282101,0.06648948532189634,201,4
Nikkei,0.15,W,12,Crisis_next_12W,Shiller_CAPE,0.024351237104060286,0.33868095660030817,0.9567747557207571,0.10423862545908932,1.109865265427551,201,4
Nikkei,0.15,W,12,Crisis_next_12W,YC_10Y3M,0.1503676169174647,0.08974974528035837,-1.696719282919228,-4.784485079200924,0.00835842656772939,201,4
Nikkei,0.15,W,12,Crisis_next_12W,CFNAI,0.027631805826149103,0.24683661777263977,-1.158067190736403,-0.5623134782776108,0.5698891115168686,201,4
Nikkei,0.15,W,12,Crisis_next_12W,CISS,0.028090694841632957,0.42173786130246205,-0.803409888710246,-7.250244148071725,0.0007100010222993395,201,4
Nikkei,0.15,W,12,Crisis_next_12W,Downside_Beta,0.04423990054081739,0.20337522494089266,1.2719940736172959,3.318584962428374,27.621237802767947,201,4
Nikkei,0.15,W,12,Crisis_next_12W,NFCI,0.0319339010117885,0.33155407931788683,-0.9709883513334933,-3.1874134211142526,0.04127850307789398,201,4
Nikkei,0.15,W,12,Crisis_next_12W,EPU,0.040587374569965085,0.3389734367011281,-0.9561955718917796,-0.010005696279959904,0.9900441941642031,201,4
Nikkei,0.15,W,12,Crisis_next_12W,RSkew,0.12559304285543005,0.05733386870451634,1.9007568473875185,2.3301360308592267,10.279339745359124,201,4
Nikkei,0.15,W,12,Crisis_next_12W,RSV_Ratio,0.05761827744227732,0.1437628968835307,-1.461920863910446,-6.520470386354719,0.0014729760715257777,201,4
Nikkei,0.15,W,12,Crisis_next_12W,HillTail,0.0005171116263832376,0.8854607105149426,0.14405035018357773,0.670182465185215,1.954593933444325,201,4
Nikkei,0.15,W,16,Crisis_next_16W,HY_Spread,0.00023419490541964905,0.9250338928185703,-0.09409474742449926,-0.027521054267017984,0.9728541996057399,200,4
Nikkei,0.15,W,16,Crisis_next_16W,Yield_Curve,0.011469024496007174,0.519493255161342,-0.6441267349521291,-0.8400081910004066,0.43170698730248896,200,4
Nikkei,0.15,W,16,Crisis_next_16W,Neely,0.08740673525646192,0.9374456416028971,-0.07848075082928152,-10.584900071776042,2.529509456412615e-05,200,4
Nikkei,0.15,W,16,Crisis_next_16W,PatroCorr,0.009260142134060456,0.5617263004274495,0.5802792761370126,2.42463887585091,11.298148648174568,200,4
Nikkei,0.15,W,16,Crisis_next_16W,SahmIndicator,0.025155273496890507,0.5777863645934366,-0.5566210558015515,-5.402188949762834,0.004506705186539778,200,4
Nikkei,0.15,W,16,Crisis_next_16W,VIX,0.04671198016580158,0.2642018602132925,-1.1165147496280101,-0.14743044769986008,0.8629224544757715,200,4
Nikkei,0.15,W,16,Crisis_next_16W,M2_Growth,0.0007011144040082185,0.8672844300570778,-0.16710881515494178,-0.12951045371697023,0.8785254045123136,200,4
Nikkei,0.15,W,16,Crisis_next_16W,BuffettDeviation,0.0041874102639053445,0.6925286386287859,0.3954258447083123,0.727003039482727,2.068870982671031,200,4
Nikkei,0.15,W,16,Crisis_next_16W,Systemic_Corr,0.00040601516439964236,0.90057424421001,0.12493596659810147,0.47816530341658514,1.613112114289343,200,4
Nikkei,0.15,W,16,Crisis_next_16W,Shiller_CAPE,3.0758088775950654e-07,0.997229964036264,0.0034717322082977804,0.0003585652149045435,1.0003586295070952,200,4
Nikkei,0.15,W,16,Crisis_next_16W,YC_10Y3M,0.011469024496007174,0.519493255161342,-0.6441267349521291,-0.8400081910004066,0.43170698730248896,200,4
Nikkei,0.15,W,16,Crisis_next_16W,CFNAI,0.028397320159637585,0.24053119797658318,-1.173660100083398,-0.5674501657475286,0.5669692748229014,200,4
Nikkei,0.15,W,16,Crisis_next_16W,CISS,0.010059807136658994,0.586410970492601,-0.5440443261726504,-3.3604032998490063,0.03472125304452951,200,4
Nikkei,0.15,W,16,Crisis_next_16W,Downside_Beta,0.0032092483010355277,0.7222088572808097,0.3555082609275736,0.8738086406103702,2.3960190730916873,200,4
Nikkei,0.15,W,16,Crisis_next_16W,NFCI,0.01514262107237141,0.502024179342881,-0.6713082511888812,-1.9380210816101877,0.14398860973312017,200,4
Nikkei,0.15,W,16,Crisis_next_16W,EPU,0.019438167996244538,0.48304786699919766,-0.7014089037481684,-0.0054992495434786695,0.9945158436495394,200,4
Nikkei,0.15,W,16,Crisis_next_16W,RSkew,0.059345250696517304,0.16244550067273256,1.3968938287130508,1.4442481881451201,4.238664266584543,200,4
Nikkei,0.15,W,16,Crisis_next_16W,RSV_Ratio,0.045813641229492386,0.18816077294921407,-1.3160395367300637,-5.761228567336906,0.0031472426227948454,200,4
Nikkei,0.15,W,16,Crisis_next_16W,HillTail,0.08078728447125438,0.12910134037260143,-1.5176552120694704,-10.267376930846925,3.474840345162943e-05,200,4
Nikkei,0.15,M,6,Crisis_next_6M,HY_Spread,0.026442168284311784,0.25744752268644355,1.132444696284459,0.24530776521868422,1.2780145811217298,199,4
Nikkei,0.15,M,6,Crisis_next_6M,Yield_Curve,0.1362683568425992,0.05057488412072629,1.9550693603460596,3.074501036322764,21.63908210140231,199,4
Nikkei,0.15,M,6,Crisis_next_6M,Neely,0.0022268874381532466,0.7734771249528645,-0.2878296695620375,-0.3352700986438176,0.7151449005963448,199,4
Nikkei,0.15,M,6,Crisis_next_6M,PatroCorr,0.004806101414760788,0.6721966424910203,0.42313517145321533,1.712511215126316,5.542863337293915,199,4
Nikkei,0.15,M,6,Crisis_next_6M,SahmIndicator,0.0021329108118526285,0.7918198415110766,-0.2639481902114762,-0.6145299255046186,0.5408950965474401,199,4
Nikkei,0.15,M,6,Crisis_next_6M,VIX,3.5543100835866426e-06,0.9905738641725647,0.011814184114379343,0.0008808700639530948,1.0008812581439288,199,4
Nikkei,0.15,M,6,Crisis_next_6M,M2_Growth,0.1968623678540833,0.021864195039483197,-2.2927188768979967,-2.229422428981374,0.10759055337928529,199,4
Nikkei,0.15,M,6,Crisis_next_6M,BuffettDeviation,0.06705496614494699,0.11889342704533044,-1.5594351299625717,-2.7129053617371968,0.06634377377371722,199,4
Nikkei,0.15,M,6,Crisis_next_6M,Systemic_Corr,0.004304205741348932,0.6711078252439073,-0.42462807252688706,-1.4290199753629296,0.23954356584289796,199,4
Nikkei,0.15,M,6,Crisis_next_6M,Shiller_CAPE,0.07958290666321244,0.09497964461613788,-1.6696953985661025,-0.19002636103226525,0.8269373347342764,199,4
Nikkei,0.15,M,6,Crisis_next_6M,YC_10Y3M,0.1362683568425992,0.05057488412072629,1.9550693603460596,3.074501036322764,21.63908210140231,199,4
Nikkei,0.15,M,6,Crisis_next_6M,CFNAI,-6.687797272553198e-05,0.9540513517290286,-0.05761995821224653,-0.03888222351887029,0.9618639874312419,199,4
Nikkei,0.15,M,6,Crisis_next_6M,CISS,0.0008382445950749773,0.8493918388678302,0.18989445348673717,0.7501982235518837,2.1174196974692463,199,4
Nikkei,0.15,M,6,Crisis_next_6M,Downside_Beta,0.00320054542183712,0.7263404467789609,-0.34999766932114296,-0.8854792983304371,0.412516407463048,199,4
Nikkei,0.15,M,6,Crisis_next_6M,NFCI,4.09781593679881e-06,0.9902744346319747,0.012189490422288635,0.02261536256079548,1.0228730286101935,199,4
Nikkei,0.15,M,6,Crisis_next_6M,EPU,0.09450532775246989,0.13929361467630735,-1.4784266571998734,-0.02090167953604119,0.979315246565541,199,4
Nikkei,0.15,M,6,Crisis_next_6M,RSkew,0.0016570583917564496,0.7964663186869889,-0.2579230196187457,-0.2114329348157712,0.8094235633728754,199,4
Nikkei,0.15,M,6,Crisis_next_6M,RSV_Ratio,0.002241428707416726,0.7665867657485542,-0.29684248820214587,-1.2986551607295338,0.2728985510517515,199,4
Nikkei,0.15,M,6,Crisis_next_6M,HillTail,0.08619425330574015,0.12150741267040126,-1.548477342551552,-10.655392249470523,2.357338469573344e-05,199,4
Nikkei,0.15,M,12,Crisis_next_12M,HY_Spread,0.0039836489558545685,0.7110830516539676,0.3704019089635044,0.11171467143921761,1.118193762506372,193,3
Nikkei,0.15,M,12,Crisis_next_12M,Yield_Curve,0.01016922207958948,0.5715225489843323,0.5658105866394055,0.7727227963345126,2.1656548705381833,193,3
Nikkei,0.15,M,12,Crisis_next_12M,Neely,0.07587023781266511,0.949290296342279,-0.06359803509687967,-10.606957507921022,2.4743258053882814e-05,193,3
Nikkei,0.15,M,12,Crisis_next_12M,PatroCorr,0.2557710934318874,0.010185959784275793,-2.5694516737058897,-11.321920832332674,1.210465059714204e-05,193,3
Nikkei,0.15,M,12,Crisis_next_12M,SahmIndicator,0.1328402887066712,0.8129655809569407,-0.23660198391749537,-200.9874055337674,5.155595603100652e-88,193,3
Nikkei,0.15,M,12,Crisis_next_12M,VIX,0.025563305266463887,0.43799735146062446,-0.7755794270168184,-0.10067138981655886,0.904230123296413,193,3
Nikkei,0.15,M,12,Crisis_next_12M,M2_Growth,0.01264615710639383,0.5227369764764853,-0.6391321348224361,-0.5343139956278551,0.5860711996785513,193,3
Nikkei,0.15,M,12,Crisis_next_12M,BuffettDeviation,0.002314955969139554,0.7928457585797299,0.2626170482335264,0.5657563651577121,1.7607790711280946,193,3
Nikkei,0.15,M,12,Crisis_next_12M,Systemic_Corr,0.02907942863485158,0.29757516124238437,-1.0416474493196455,-3.3885056057177265,0.03375908861169963,193,3
Nikkei,0.15,M,12,Crisis_next_12M,Shiller_CAPE,0.018033866511510066,0.4604784488413757,-0.7380592438616547,-0.08907859959213008,0.9147736699113433,193,3
Nikkei,0.15,M,12,Crisis_next_12M,YC_10Y3M,0.01016922207958948,0.5715225489843323,0.5658105866394055,0.7727227963345126,2.1656548705381833,193,3
Nikkei,0.15,M,12,Crisis_next_12M,CFNAI,0.032202735849684916,0.3645063065006202,0.9068118421306729,1.0879970850735705,2.968322816547128,193,3
Nikkei,0.15,M,12,Crisis_next_12M,CISS,0.021142844241633263,0.5225975770516553,-0.6393464500940166,-6.413212692770111,0.0016397480241357569,193,3
Nikkei,0.15,M,12,Crisis_next_12M,Downside_Beta,0.11737393507739458,0.09430163514822404,1.673130364314655,6.02493434336638,413.6144845968306,193,3
Nikkei,0.15,M,12,Crisis_next_12M,NFCI,0.017659654004562264,0.5127286753940319,-0.6545947962060349,-2.22664140588669,0.10789018163644178,193,3
Nikkei,0.15,M,12,Crisis_next_12M,EPU,0.009547641624781722,0.6281842333481306,-0.48428413545902393,-0.004430212452343932,0.9955795864630761,193,3
Nikkei,0.15,M,12,Crisis_next_12M,RSkew,0.07839569471473007,0.11982832859027248,-1.5554945624603171,-1.4362804668503169,0.23781066030764567,193,3
Nikkei,0.15,M,12,Crisis_next_12M,RSV_Ratio,0.009178785481194218,0.6005034784378004,0.5236766219711303,2.8760285158383287,17.743664379500856,193,3
Nikkei,0.15,M,12,Crisis_next_12M,HillTail,0.0019057709514254118,0.8092746887225502,-0.2413618362547359,-1.3673932221861005,0.25477022405332284,193,3
Nikkei,0.15,M,18,Crisis_next_18M,HY_Spread,0.00011506914606351781,0.9530111764855501,-0.05892583997274021,-0.02160720637152448,0.9786245570573329,187,3
Nikkei,0.15,M,18,Crisis_next_18M,Yield_Curve,0.10715729253742323,0.09866799111352896,1.6513457713468753,2.596551788114631,13.417392164600146,187,3
Nikkei,0.15,M,18,Crisis_next_18M,Neely,0.07470370935304049,0.9510404067422641,-0.06140030841873808,-10.661847530752603,2.342170197080553e-05,187,3
Nikkei,0.15,M,18,Crisis_next_18M,PatroCorr,2.0326011358484664e-06,0.9930014054012631,0.00877155003128009,0.03730075206322233,1.0380051560904733,187,3
Nikkei,0.15,M,18,Crisis_next_18M,SahmIndicator,5.2134102938361515e-05,0.9659318499605282,0.042711076371544525,0.08225855042412228,1.085736491173123,187,3
Nikkei,0.15,M,18,Crisis_next_18M,VIX,0.008031211644470293,0.6448664172716738,-0.46090548375408935,-0.04873632039885903,0.9524322335430236,187,3
Nikkei,0.15,M,18,Crisis_next_18M,M2_Growth,0.038028634453917354,0.2779868587019467,-1.0848527935337213,-0.9093234925930785,0.40279662678350997,187,3
Nikkei,0.15,M,18,Crisis_next_18M,BuffettDeviation,0.013536121807348311,0.5136815889263712,-0.6531158590558217,-1.2545910517281083,0.2851924533410484,187,3
Nikkei,0.15,M,18,Crisis_next_18M,Systemic_Corr,0.028909149374815923,0.2982379573936773,-1.0402194494560622,-3.3573669049133357,0.034826840703226315,187,3
Nikkei,0.15,M,18,Crisis_next_18M,Shiller_CAPE,0.015232244090923497,0.49947286000993163,-0.6753194015944616,-0.0814930991377785,0.9217390706262704,187,3
Nikkei,0.15,M,18,Crisis_next_18M,YC_10Y3M,0.10715729253742323,0.09866799111352896,1.6513457713468753,2.596551788114631,13.417392164600146,187,3
Nikkei,0.15,M,18,Crisis_next_18M,CFNAI,0.0030620470575078995,0.7711079297302627,0.2909259818245245,0.2647501658350848,1.3031053748638206,187,3
Nikkei,0.15,M,18,Crisis_next_18M,CISS,0.0011220195459060722,0.8432762583247023,0.1977045132876905,0.8676050966575033,2.381201272419337,187,3
Nikkei,0.15,M,18,Crisis_next_18M,Downside_Beta,0.021351944871989326,0.4284215267688446,-0.7918956445715658,-2.387251892277617,0.09188183843461968,187,3
Nikkei,0.15,M,18,Crisis_next_18M,NFCI,0.0012961569708281884,0.8491801322659164,-0.19016462266019107,-0.4629709568974275,0.6294109122883966,187,3
Nikkei,0.15,M,18,Crisis_next_18M,EPU,0.06028006200092062,0.26112023061842793,-1.1237473317907014,-0.01675296153573254,0.9833865889430344,187,3
Nikkei,0.15,M,18,Crisis_next_18M,RSkew,0.0016206759636594459,0.8252641821810711,0.2207794283076987,0.22291923825066734,1.2497196401159398,187,3
Nikkei,0.15,M,18,Crisis_next_18M,RSV_Ratio,0.010811782719509111,0.5606184332730619,-0.5819231694950822,-2.975065800359589,0.05104407517514811,187,3
Nikkei,0.15,M,18,Crisis_next_18M,HillTail,0.056551977901973305,0.24433243166954144,-1.164226011283291,-8.822820920218174,0.0001473321612035753,187,3
Nikkei,0.15,M,24,Crisis_next_24M,HY_Spread,0.03944294837363038,0.4168436829400306,0.811909290769977,0.30830150666386175,1.3611113112071789,181,1
Nikkei,0.15,M,24,Crisis_next_24M,Yield_Curve,0.27972371323765466,0.25509584517340156,1.138059003860338,6.51971872156895,678.3875427170846,181,1
Nikkei,0.15,M,24,Crisis_next_24M,Neely,0.06388209189890603,0.9626910185558775,-0.04677692691202877,-10.015036182045577,4.4722394689167e-05,181,1
Nikkei,0.15,M,24,Crisis_next_24M,PatroCorr,0.020692231224177293,0.640228717650166,0.4673790374403243,4.172143887327591,64.85434357570648,181,1
Nikkei,0.15,M,24,Crisis_next_24M,SahmIndicator,0.26342545217159763,0.0747747532517185,1.7818435188009578,3.292442964041429,26.908519971935025,181,1
Nikkei,0.15,M,24,Crisis_next_24M,VIX,0.00890561680535329,0.7204063288186797,0.35791579659466294,0.04103244454844081,1.0418859085149441,181,1
Nikkei,0.15,M,24,Crisis_next_24M,M2_Growth,0.05933005227154642,0.4086237247682173,-0.8263180010177057,-1.2557702979783687,0.28485633942932903,181,1
Nikkei,0.15,M,24,Crisis_next_24M,BuffettDeviation,0.14636709859845787,0.31991474049060586,-0.9946331047959095,-5.526376953677056,0.003980384112449044,181,1
Nikkei,0.15,M,24,Crisis_next_24M,Systemic_Corr,0.04257322644744199,0.4062415788778999,-0.8305257790036462,-4.16157112654983,0.015583055724421912,181,1
Nikkei,0.15,M,24,Crisis_next_24M,Shiller_CAPE,0.16367325054367532,0.21972921336011209,-1.2272484792504632,-0.3455998230931803,0.7077956739237614,181,1
Nikkei,0.15,M,24,Crisis_next_24M,YC_10Y3M,0.27972371323765466,0.25509584517340156,1.138059003860338,6.51971872156895,678.3875427170846,181,1
Nikkei,0.15,M,24,Crisis_next_24M,CFNAI,0.04588626071180235,0.3949079987101448,-0.8507504375841466,-0.7158679860640912,0.4887676840859449,181,1
Nikkei,0.15,M,24,Crisis_next_24M,CISS,0.03779225797461583,0.42445731825327104,0.7987121874973343,3.949709581439487,51.92028603033432,181,1
Nikkei,0.15,M,24,Crisis_next_24M,Downside_Beta,0.027916110252613646,0.5697132013954969,-0.5684739321851515,-2.974131504391275,0.05109178773414561,181,1
Nikkei,0.15,M,24,Crisis_next_24M,NFCI,0.04355506403262721,0.36885911529684656,0.8986124680014962,1.596182796080319,4.934161729170104,181,1
Nikkei,0.15,M,24,Crisis_next_24M,EPU,0.00718293715139573,0.7435943000948236,0.32709729178687,0.003018157314887378,1.003022716537339,181,1
Nikkei,0.15,M,24,Crisis_next_24M,RSkew,0.10179010608653905,0.3306386332131759,0.9728283235693084,2.475823915555885,11.891500670398434,181,1
Nikkei,0.15,M,24,Crisis_next_24M,RSV_Ratio,0.019746910432696496,0.6206038316447737,-0.49499474257940007,-4.386502851803544,0.012444172327487213,181,1
Nikkei,0.15,M,24,Crisis_next_24M,HillTail,0.01751791736330921,0.6524760005481711,-0.4503251590150604,-5.071127857591319,0.006275338459867959,181,1
