market,drawdown_threshold,freq,horizon,target,indicator,pseudo_r2,p_value,z_score,coef,odds_ratio,n_obs,n_crisis
FTSE100,0.03,D,5,Crisis_next_5D,HY_Spread,0.018804740048016133,3.9812172588112016e-06,4.612360502240828,0.3229478922653577,1.3811933781724388,2330,118
FTSE100,0.03,D,5,Crisis_next_5D,Yield_Curve,0.00012728704187714435,0.7295030243729965,-0.3457866957339817,-0.04891228619229144,0.9522646527940297,2330,118
FTSE100,0.03,D,5,Crisis_next_5D,Neely,0.005847181187459971,0.016839602039134417,2.390191233134809,0.47149259005713373,1.6023841117822786,2330,118
FTSE100,0.03,D,5,Crisis_next_5D,PatroCorr,0.00500726793727202,0.032823245806372386,2.1342387059342682,1.1684115394254961,3.2168786929765956,2330,118
FTSE100,0.03,D,5,Crisis_next_5D,SahmIndicator,0.0014150976048828978,0.23983202543616955,1.175406747096726,0.308134328425626,1.3608837820356214,2330,118
FTSE100,0.03,D,5,Crisis_next_5D,VIX,0.03586761340362832,2.8830382840159643e-10,6.304940930994073,0.05406057188356332,1.0555485367818056,2330,118
FTSE100,0.03,D,5,Crisis_next_5D,M2_Growth,0.006538664186870213,0.014001363819419915,2.457228398564392,0.045002797220580266,1.0460307858834665,2330,118
FTSE100,0.03,D,5,Crisis_next_5D,BuffettDeviation,0.0026631970663283377,0.11666189941439764,-1.5689400896376169,-1.9774040239476371,0.1384281273779803,2330,118
FTSE100,0.03,D,5,Crisis_next_5D,Systemic_Corr,0.01578116030701826,0.0001223279000093739,3.8414133883638524,2.513469477256482,12.347695880118554,2330,118
FTSE100,0.03,D,5,Crisis_next_5D,Shiller_CAPE,0.021409380030442682,3.0237119873848107e-05,-4.171673119353313,-0.187996002287606,0.828618019802587,2330,118
FTSE100,0.03,D,5,Crisis_next_5D,YC_10Y3M,0.00012728704187714435,0.7295030243729965,-0.3457866957339817,-0.04891228619229144,0.9522646527940297,2330,118
FTSE100,0.03,D,5,Crisis_next_5D,CFNAI,0.01957204296488435,3.2218185337039348e-06,-4.656147053876246,-0.21043201659323812,0.8102341357578665,2330,118
FTSE100,0.03,D,5,Crisis_next_5D,CISS,0.006849058318941226,0.006870797103629154,2.703042449396472,1.6143589572764814,5.024665865349537,2330,118
FTSE100,0.03,D,5,Crisis_next_5D,Downside_Beta,0.0032583108192544286,0.09118189461092745,1.6891958992072458,0.7624259749504916,2.143469922393095,2330,118
FTSE100,0.03,D,5,Crisis_next_5D,NFCI,0.018761395100867606,8.269515677193164e-06,4.458084883751255,2.108859182958544,8.238836915759206,2330,118
FTSE100,0.03,D,5,Crisis_next_5D,EPU,6.747214850821859e-05,0.801227028233113,0.2517594161982371,0.00018078574632233858,1.0001808020890501,2330,118
FTSE100,0.03,D,5,Crisis_next_5D,RSkew,0.004957783413704231,0.029608250128494495,-2.1752918867652142,-0.3010804968310664,0.7400182012289502,2330,118
FTSE100,0.03,D,5,Crisis_next_5D,RSV_Ratio,0.00754802755785744,0.008213129282805931,2.6431802758594154,2.2089983878857464,9.106590552110292,2330,118
FTSE100,0.03,D,5,Crisis_next_5D,HillTail,0.00917681485755728,0.0024619881808781653,3.0279745531113154,2.531163175115974,12.568116558216724,2330,118
FTSE100,0.03,D,10,Crisis_next_10D,HY_Spread,0.002540260373179115,0.05907993808758606,1.8875980052599415,0.1310236952642177,1.139994793469797,2325,185
FTSE100,0.03,D,10,Crisis_next_10D,Yield_Curve,2.295462435242257e-06,0.9555819598649576,0.05569854344578535,0.00647069327226573,1.0064916734356333,2325,185
FTSE100,0.03,D,10,Crisis_next_10D,Neely,3.2535990623472344e-05,0.8353012686899683,0.20790740303756483,0.03567429016986134,1.0363182524730805,2325,185
FTSE100,0.03,D,10,Crisis_next_10D,PatroCorr,0.001524908005854475,0.1624081748329247,1.397017945142233,0.6088597432141681,1.8383340303868383,2325,185
FTSE100,0.03,D,10,Crisis_next_10D,SahmIndicator,0.0008693182298784574,0.281125380079696,1.0777947116939586,0.23392088203014477,1.2635445191758194,2325,185
FTSE100,0.03,D,10,Crisis_next_10D,VIX,0.007601084761765242,0.0008388275931504115,3.339654227702212,0.027707633537855606,1.0280950599618823,2325,185
FTSE100,0.03,D,10,Crisis_next_10D,M2_Growth,0.003701999756045793,0.02914925958059174,2.181462034867847,0.032249860083649835,1.032775522448114,2325,185
FTSE100,0.03,D,10,Crisis_next_10D,BuffettDeviation,0.00040569930277445376,0.4649634723922277,0.73069827017314,0.7320286618052962,2.0792945172993917,2325,185
FTSE100,0.03,D,10,Crisis_next_10D,Systemic_Corr,0.006992295447719066,0.002623176831784477,3.0087583332422128,1.5991570568221398,4.948859058705436,2325,185
FTSE100,0.03,D,10,Crisis_next_10D,Shiller_CAPE,0.0008843061846339761,0.2915417434917028,-1.054745484134162,-0.032167161931874425,0.9683446981786938,2325,185
FTSE100,0.03,D,10,Crisis_next_10D,YC_10Y3M,2.295462435242257e-06,0.9555819598649576,0.05569854344578535,0.00647069327226573,1.0064916734356333,2325,185
FTSE100,0.03,D,10,Crisis_next_10D,CFNAI,0.013554641344564522,8.611898889873103e-06,-4.44937885533029,-0.17597865466671853,0.8386358841084725,2325,185
FTSE100,0.03,D,10,Crisis_next_10D,CISS,3.867087874809272e-06,0.9443008293972912,-0.06986535377990562,-0.04220314597310626,0.9586750098219446,2325,185
FTSE100,0.03,D,10,Crisis_next_10D,Downside_Beta,0.0012963769544762638,0.20401190367866373,1.2702041952106942,0.4457059694090049,1.5615922431340468,2325,185
FTSE100,0.03,D,10,Crisis_next_10D,NFCI,0.0025477928333078603,0.06343745449587317,1.8561129905974512,0.8116976893272971,2.2517274773110794,2325,185
FTSE100,0.03,D,10,Crisis_next_10D,EPU,0.0025288692798440815,0.0756899014727831,-1.7762610405339783,-0.0010972077667154977,0.9989033939456382,2325,185
FTSE100,0.03,D,10,Crisis_next_10D,RSkew,7.405187624021092e-05,0.7558413769624728,-0.31094639029164867,-0.03591673255737605,0.964720619957657,2325,185
FTSE100,0.03,D,10,Crisis_next_10D,RSV_Ratio,0.00019385987280584605,0.6160777054786163,0.5014169609761727,0.3362889787729835,1.39974346251945,2325,185
FTSE100,0.03,D,10,Crisis_next_10D,HillTail,0.000329431467801955,0.5108106884067962,0.6575758943746336,0.4920179823145056,1.6356135310577176,2325,185
FTSE100,0.03,D,15,Crisis_next_15D,HY_Spread,0.0013560421723218807,0.1351698644704711,1.4940220180189059,0.09559539962935762,1.1003137865544819,2320,243
FTSE100,0.03,D,15,Crisis_next_15D,Yield_Curve,1.5933768507503387e-05,0.8749030559979154,0.1574336998034581,0.016207069604474544,1.0163391165572728,2320,243
FTSE100,0.03,D,15,Crisis_next_15D,Neely,0.0003170882444882839,0.485543708285043,-0.6974140548247796,-0.10875844307450476,0.8969470551049881,2320,243
FTSE100,0.03,D,15,Crisis_next_15D,PatroCorr,0.0003840827579995043,0.440210209569431,0.7718382913185002,0.29575436682166895,1.3441399509106842,2320,243
FTSE100,0.03,D,15,Crisis_next_15D,SahmIndicator,0.00013277205748307708,0.6516289014575845,-0.4515004490740155,-0.0929112436595758,0.9112743780858004,2320,243
FTSE100,0.03,D,15,Crisis_next_15D,VIX,0.002795080994507204,0.029990453694339034,2.1702164338666217,0.017362338004468868,1.0175139395095614,2320,243
FTSE100,0.03,D,15,Crisis_next_15D,M2_Growth,0.004051210544461004,0.01227372967739815,2.504175036303333,0.03278942771066501,1.0333329250506773,2320,243
FTSE100,0.03,D,15,Crisis_next_15D,BuffettDeviation,0.003418655946536564,0.020787477020911778,2.311822317532194,2.0482572169017113,7.754375129395026,2320,243
FTSE100,0.03,D,15,Crisis_next_15D,Systemic_Corr,0.006743962706298956,0.001193908233849774,3.240331471231418,1.5255284136226044,4.597572347409737,2320,243
FTSE100,0.03,D,15,Crisis_next_15D,Shiller_CAPE,0.000720945940848372,0.2947381248534535,-1.0477840237528389,-0.0280510468196752,0.9723387307345249,2320,243
FTSE100,0.03,D,15,Crisis_next_15D,YC_10Y3M,1.5933768507503387e-05,0.8749030559979154,0.1574336998034581,0.016207069604474544,1.0163391165572728,2320,243
FTSE100,0.03,D,15,Crisis_next_15D,CFNAI,0.016906553195789376,6.828183461810001e-08,-5.395634460871335,-0.19227495193134522,0.8250799799673865,2320,243
FTSE100,0.03,D,15,Crisis_next_15D,CISS,6.701132374575813e-05,0.738964561334474,0.3332248501196449,0.17312933193309107,1.1890198733789503,2320,243
FTSE100,0.03,D,15,Crisis_next_15D,Downside_Beta,0.0009926426115707265,0.22077967689295486,1.2244575335121035,0.37607798388798247,1.4565607176100155,2320,243
FTSE100,0.03,D,15,Crisis_next_15D,NFCI,0.0013807627012449863,0.13641580161243275,1.4892718335741488,0.5903630521571244,1.8046434761869157,2320,243
FTSE100,0.03,D,15,Crisis_next_15D,EPU,0.003591653089303426,0.02041660360372907,-2.318602423239757,-0.0012733601416264793,0.9987274502373941,2320,243
FTSE100,0.03,D,15,Crisis_next_15D,RSkew,4.151948973518671e-08,0.9936539299904885,0.007953703118909135,0.0008157050635388929,1.0008160378413908,2320,243
FTSE100,0.03,D,15,Crisis_next_15D,RSV_Ratio,5.024933052122371e-05,0.7786011138726462,0.28114248828700045,0.16655333197963604,1.1812265313398371,2320,243
FTSE100,0.03,D,15,Crisis_next_15D,HillTail,0.00019994124150390924,0.5797491180992304,-0.5537512173187772,-0.3863978403284045,0.6795001393400062,2320,243
FTSE100,0.03,W,4,Crisis_next_4W,HY_Spread,0.024068570110800325,0.12037464764001844,1.5532029883475473,0.36149756668023825,1.4354775290042336,112,17
FTSE100,0.03,W,4,Crisis_next_4W,Yield_Curve,0.013591265669696484,0.2768623767233549,1.0873947809209386,0.4911425609145101,1.634182306524203,112,17
FTSE100,0.03,W,4,Crisis_next_4W,Neely,0.02066709115051557,0.15208363358307356,1.4322103394257921,0.7847245778986736,2.1918031865540755,112,17
FTSE100,0.03,W,4,Crisis_next_4W,PatroCorr,0.004535983351612094,0.5138865187623629,0.6527979913155304,0.9823437827517502,2.670708472585106,112,17
FTSE100,0.03,W,4,Crisis_next_4W,SahmIndicator,1.937944762619992e-05,0.9656209894180976,0.043101041070253254,0.033342536877768954,1.0339046290569813,112,17
FTSE100,0.03,W,4,Crisis_next_4W,VIX,0.014269081182218146,0.2287490245275532,1.203587574210239,0.03958375748779648,1.0403776346528086,112,17
FTSE100,0.03,W,4,Crisis_next_4W,M2_Growth,0.07306090111434882,0.013161697053498475,2.479363841706764,0.14167332348834522,1.152200190311424,112,17
FTSE100,0.03,W,4,Crisis_next_4W,BuffettDeviation,0.004428939000336585,0.5143839853010802,0.6520266425870554,2.2478866772143586,9.467706359860463,112,17
FTSE100,0.03,W,4,Crisis_next_4W,Systemic_Corr,0.008089776332434573,0.38003467631538046,0.8778324045205297,1.6763597977588949,5.346059768839536,112,17
FTSE100,0.03,W,4,Crisis_next_4W,Shiller_CAPE,0.01571261046335304,0.24713185644327695,-1.1573439685172313,-0.13628075931970748,0.8725976081830483,112,17
FTSE100,0.03,W,4,Crisis_next_4W,YC_10Y3M,0.013591265669696484,0.2768623767233549,1.0873947809209386,0.4911425609145101,1.634182306524203,112,17
FTSE100,0.03,W,4,Crisis_next_4W,CFNAI,0.02826283719036793,0.0943278092940004,-1.672997392811493,-0.2414612211990174,0.7854792631424139,112,17
FTSE100,0.03,W,4,Crisis_next_4W,CISS,0.003238221593877877,0.5642602614905614,0.5765251706959055,1.1127086044063625,3.0425884118523947,112,17
FTSE100,0.03,W,4,Crisis_next_4W,Downside_Beta,0.03060467689098878,0.079740334002193,-1.7521947039985257,-1.728334078821273,0.1775799979678958,112,17
FTSE100,0.03,W,4,Crisis_next_4W,NFCI,0.0006159590178929086,0.8073914905414228,0.24379254996785607,0.3802008621640338,1.4625783365816478,112,17
FTSE100,0.03,W,4,Crisis_next_4W,EPU,0.009035589590628001,0.34699728520035633,0.9404295216649964,0.001840958504214667,1.0018426541086747,112,17
FTSE100,0.03,W,4,Crisis_next_4W,RSkew,8.622126034030231e-05,0.9278721698154356,0.09052230509174732,0.03692497229165302,1.0376151680294314,112,17
FTSE100,0.03,W,4,Crisis_next_4W,RSV_Ratio,0.004669521759894546,0.5069555448922307,0.6635856489596791,1.6152818551775303,5.02930525944438,112,17
FTSE100,0.03,W,4,Crisis_next_4W,HillTail,0.00047515160584044036,0.8328234235627477,-0.21108182333667572,-0.5583733878884493,0.5721389555117888,112,17
FTSE100,0.03,W,8,Crisis_next_8W,HY_Spread,0.006466181069496257,0.4157306866432099,0.8138503502588407,0.19566687753131318,1.2161217203802404,111,17
FTSE100,0.03,W,8,Crisis_next_8W,Yield_Curve,0.00017422991243398744,0.897937837920815,0.1282667998495078,0.05175479278158007,1.0531174788429443,111,17
FTSE100,0.03,W,8,Crisis_next_8W,Neely,0.006998149627143735,0.4069836072613132,0.8292134998987915,0.46430628058713025,1.5909101607258658,111,17
FTSE100,0.03,W,8,Crisis_next_8W,PatroCorr,5.116969100671387e-05,0.9444093609611364,0.06972899790190888,0.10360066444023275,1.1091574404584013,111,17
FTSE100,0.03,W,8,Crisis_next_8W,SahmIndicator,0.009260693570836809,0.37712916145414976,-0.8831982601923156,-0.8177965042894436,0.4414032137877429,111,17
FTSE100,0.03,W,8,Crisis_next_8W,VIX,0.0038973515101650147,0.5331405157486354,0.6232191551062517,0.021509357266934304,1.0217423510085675,111,17
FTSE100,0.03,W,8,Crisis_next_8W,M2_Growth,0.01567386978921248,0.2278195178551321,1.205994741884677,0.06270659796378722,1.064714404024858,111,17
FTSE100,0.03,W,8,Crisis_next_8W,BuffettDeviation,0.003737476963402653,0.5499511144140803,0.5978333816222091,2.098283503197136,8.152164731384138,111,17
FTSE100,0.03,W,8,Crisis_next_8W,Systemic_Corr,0.002699931445594994,0.612153409128388,0.5070020087451629,0.9670302461076364,2.6301220346154195,111,17
FTSE100,0.03,W,8,Crisis_next_8W,Shiller_CAPE,0.012782965281831316,0.2940048972329514,-1.0493764399775014,-0.12077113042190998,0.8862367690189497,111,17
FTSE100,0.03,W,8,Crisis_next_8W,YC_10Y3M,0.00017422991243398744,0.897937837920815,0.1282667998495078,0.05175479278158007,1.0531174788429443,111,17
FTSE100,0.03,W,8,Crisis_next_8W,CFNAI,0.05656765800180308,0.024412282072999447,-2.2505779376879684,-0.3418739053078724,0.7104377814948133,111,17
FTSE100,0.03,W,8,Crisis_next_8W,CISS,5.418377880939129e-05,0.9410333270884872,0.07397116788107258,0.15727207841030266,1.170313987756967,111,17
FTSE100,0.03,W,8,Crisis_next_8W,Downside_Beta,0.002942802784777432,0.5909122149808468,-0.5375145822291286,-0.5652051314990069,0.5682435701458367,111,17
FTSE100,0.03,W,8,Crisis_next_8W,NFCI,0.00023101340861797492,0.8814417240126372,0.14914182416765662,0.23461713537649775,1.264424572610084,111,17
FTSE100,0.03,W,8,Crisis_next_8W,EPU,0.001957369441727974,0.6698428774372316,-0.4263636595242998,-0.0009025120086161976,0.9990978951328541,111,17
FTSE100,0.03,W,8,Crisis_next_8W,RSkew,0.0008246474110603641,0.7785865898077425,-0.28116142535907584,-0.11318382272607569,0.8929864938160874,111,17
FTSE100,0.03,W,8,Crisis_next_8W,RSV_Ratio,0.005689888717433034,0.4650595143747994,0.7305410763916997,1.775445321599101,5.902909244082932,111,17
FTSE100,0.03,W,8,Crisis_next_8W,HillTail,0.0003275999420977449,0.861004762771137,-0.17509528537474978,-0.48066579749571076,0.6183715444921579,111,17
FTSE100,0.03,W,12,Crisis_next_12W,HY_Spread,0.015410903769562112,0.21103089897742822,1.2507357604252667,0.29277054271095393,1.3401352513477593,110,17
FTSE100,0.03,W,12,Crisis_next_12W,Yield_Curve,0.0029766890572340277,0.5919114937331766,-0.5360680886945498,-0.2072598462225478,0.8128084173478549,110,17
FTSE100,0.03,W,12,Crisis_next_12W,Neely,0.019356687029589703,0.16776225767726172,1.379429861208119,0.756326600159894,2.1304358861282178,110,17
FTSE100,0.03,W,12,Crisis_next_12W,PatroCorr,0.0005781733131684508,0.8152943903708308,0.2336014649187975,0.35028958378646974,1.4194785470536082,110,17
FTSE100,0.03,W,12,Crisis_next_12W,SahmIndicator,0.0009151195129065703,0.7725343504974684,-0.28906145368997077,-0.23798531304251236,0.7882142674781969,110,17
FTSE100,0.03,W,12,Crisis_next_12W,VIX,0.000526467348315518,0.8214858037896113,0.22563437376221512,0.008124208793713424,1.0081572997298314,110,17
FTSE100,0.03,W,12,Crisis_next_12W,M2_Growth,0.010608737853878392,0.32013225849629523,0.9941861317784841,0.05154416746059309,1.0528956889940249,110,17
FTSE100,0.03,W,12,Crisis_next_12W,BuffettDeviation,0.0009422519128989837,0.7646213354114627,0.29941773045344366,1.0787296787541967,2.9409412370023262,110,17
FTSE100,0.03,W,12,Crisis_next_12W,Systemic_Corr,0.05996801882807079,0.02144878350082823,2.299990054536634,4.680849920322099,107.86170748186314,110,17
FTSE100,0.03,W,12,Crisis_next_12W,Shiller_CAPE,0.008893435223283674,0.37745541817219286,-0.8825944687154769,-0.0984621618570865,0.9062299820251152,110,17
FTSE100,0.03,W,12,Crisis_next_12W,YC_10Y3M,0.0029766890572340277,0.5919114937331766,-0.5360680886945498,-0.2072598462225478,0.8128084173478549,110,17
FTSE100,0.03,W,12,Crisis_next_12W,CFNAI,0.047859434201295126,0.035869126352338174,-2.0984079188985842,-0.31325173662970024,0.7310658533486192,110,17
FTSE100,0.03,W,12,Crisis_next_12W,CISS,0.0026969410124830784,0.6010681993570179,0.5228650044424685,1.014189050603525,2.757126600381694,110,17
FTSE100,0.03,W,12,Crisis_next_12W,Downside_Beta,3.6498047329969197e-06,0.9850703331192989,0.018712654590891237,0.020944432508578782,1.0211653064665431,110,17
FTSE100,0.03,W,12,Crisis_next_12W,NFCI,0.004240961469827775,0.5167287986880458,0.6483960898724627,0.9654372259225493,2.6259355326014866,110,17
FTSE100,0.03,W,12,Crisis_next_12W,EPU,0.001047440741962502,0.7547111924543253,-0.3124333709014747,-0.0006563343195470559,0.9993438810207081,110,17
FTSE100,0.03,W,12,Crisis_next_12W,RSkew,0.006902296292917831,0.4150967161792878,-0.8149573631272451,-0.3216154966113177,0.7249768928174484,110,17
FTSE100,0.03,W,12,Crisis_next_12W,RSV_Ratio,0.04402107710994929,0.050060114672034264,1.9594499600199766,5.148592647653441,172.1889891366643,110,17
FTSE100,0.03,W,12,Crisis_next_12W,HillTail,0.0012494612773081837,0.727898666282071,0.34792212832434993,0.9200188705075608,2.50933774196635,110,17
FTSE100,0.03,W,16,Crisis_next_16W,HY_Spread,0.0011430829838067202,0.7330128185298459,0.34112056709673827,0.0861552860322616,1.0899755731461245,109,18
FTSE100,0.03,W,16,Crisis_next_16W,Yield_Curve,0.0026832824117736243,0.6138737311433907,0.504551714427501,0.20487740526217205,1.2273745860738097,109,18
FTSE100,0.03,W,16,Crisis_next_16W,Neely,7.174917493690813e-06,0.9788383586134364,0.02652529448450373,0.01528534659640506,1.0154027650042177,109,18
FTSE100,0.03,W,16,Crisis_next_16W,PatroCorr,0.014071200370639692,0.24362980491105057,-1.1659620117423508,-1.7103624223024891,0.1808002546970396,109,18
FTSE100,0.03,W,16,Crisis_next_16W,SahmIndicator,0.02957717595633713,0.13644976216660543,-1.4891428273995797,-1.6523085477630954,0.19160706359492644,109,18
FTSE100,0.03,W,16,Crisis_next_16W,VIX,0.02850756717277192,0.13417950322309538,-1.497822000401899,-0.07422720686977043,0.9284607172212614,109,18
FTSE100,0.03,W,16,Crisis_next_16W,M2_Growth,0.007151155478959281,0.4059107523133326,0.8311113077898732,0.04208257869788662,1.042980603174824,109,18
FTSE100,0.03,W,16,Crisis_next_16W,BuffettDeviation,0.06352220705611533,0.015551302632685825,2.419279108504263,8.985489750411805,7986.355087724102,109,18
FTSE100,0.03,W,16,Crisis_next_16W,Systemic_Corr,0.0038883841445263023,0.53777219453671,0.6161853526063525,1.1527819064418794,3.1669909388629502,109,18
FTSE100,0.03,W,16,Crisis_next_16W,Shiller_CAPE,0.009479305260333581,0.3550397863715645,-0.9248579803004603,-0.10052222199197544,0.9043650153973584,109,18
FTSE100,0.03,W,16,Crisis_next_16W,YC_10Y3M,0.0026832824117736243,0.6138737311433907,0.504551714427501,0.20487740526217205,1.2273745860738097,109,18
FTSE100,0.03,W,16,Crisis_next_16W,CFNAI,0.029353526378885775,0.08709508998544553,-1.7109242899029296,-0.24599520865612762,0.7819259713927137,109,18
FTSE100,0.03,W,16,Crisis_next_16W,CISS,0.0019818086504203025,0.6733478943817538,-0.42155768986716363,-1.0049760404122403,0.36605340518763385,109,18
FTSE100,0.03,W,16,Crisis_next_16W,Downside_Beta,0.012205759384194437,0.2630165796768015,-1.1192896738411715,-1.1247259785757246,0.32474144127967336,109,18
FTSE100,0.03,W,16,Crisis_next_16W,NFCI,0.0021054804027452745,0.6573167265999877,-0.44362085302167686,-0.7388906225063324,0.47764350866587185,109,18
FTSE100,0.03,W,16,Crisis_next_16W,EPU,0.007525576207274121,0.38605316164384296,0.8667971541973643,0.0016629807064698153,1.0016643642257006,109,18
FTSE100,0.03,W,16,Crisis_next_16W,RSkew,0.00402362693430891,0.527859333848738,-0.6312771361081603,-0.24411396416147635,0.7833983498393056,109,18
FTSE100,0.03,W,16,Crisis_next_16W,RSV_Ratio,0.0024372151168723377,0.626817588945492,0.4862109775886874,1.1516582964226167,3.16343447452678,109,18
FTSE100,0.03,W,16,Crisis_next_16W,HillTail,0.0011991525425767424,0.7348164514282975,-0.33872560279913005,-0.9669147206660443,0.3802544212596399,109,18
FTSE100,0.03,M,6,Crisis_next_6M,HY_Spread,0.005465133544335421,0.44614153141287605,0.7618634079607429,0.18265438577651305,1.2003994612515236,108,19
FTSE100,0.03,M,6,Crisis_next_6M,Yield_Curve,5.952144176657459e-05,0.9384562827550771,-0.07721025617742448,-0.0291749010919653,0.9712465775233555,108,19
FTSE100,0.03,M,6,Crisis_next_6M,Neely,0.005412589189748296,0.47340981633764345,-0.7169421116099248,-0.4366869577834753,0.6461736793937517,108,19
FTSE100,0.03,M,6,Crisis_next_6M,PatroCorr,0.04637492727821646,0.03569176828545385,-2.1004216260095436,-3.132357070522875,0.043614872669424376,108,19
FTSE100,0.03,M,6,Crisis_next_6M,SahmIndicator,0.08402414562936278,0.025537171509296543,-2.2331785613273474,-3.641939179739011,0.026201485280171896,108,19
FTSE100,0.03,M,6,Crisis_next_6M,VIX,2.4928203175011987e-06,0.9874199488466816,-0.0157674092599857,-0.0005561569969694339,0.9994439976296663,108,19
FTSE100,0.03,M,6,Crisis_next_6M,M2_Growth,0.001511033286844321,0.6970872778253838,-0.38925532898444093,-0.019178173828084618,0.98100455733309,108,19
FTSE100,0.03,M,6,Crisis_next_6M,BuffettDeviation,0.058102560710050155,0.019534554651629843,2.3351697514704646,8.833550565985714,6860.602644992639,108,19
FTSE100,0.03,M,6,Crisis_next_6M,Systemic_Corr,0.09834920306304673,0.0035284014541133125,2.917508399561084,5.8275735744568715,339.5338252069637,108,19
FTSE100,0.03,M,6,Crisis_next_6M,Shiller_CAPE,0.01056853758536469,0.32228584628301427,-0.9897714422398399,-0.10380563220136986,0.901400483623061,108,19
FTSE100,0.03,M,6,Crisis_next_6M,YC_10Y3M,5.952144176657459e-05,0.9384562827550771,-0.07721025617742448,-0.0291749010919653,0.9712465775233555,108,19
FTSE100,0.03,M,6,Crisis_next_6M,CFNAI,0.07519121998934075,0.011407174543224399,-2.5299716433275634,-0.4075290419647219,0.6652921297268989,108,19
FTSE100,0.03,M,6,Crisis_next_6M,CISS,0.0022917995857071327,0.6460112675659129,-0.45931041796812716,-1.037925924647101,0.35418853437252645,108,19
FTSE100,0.03,M,6,Crisis_next_6M,Downside_Beta,0.01329853308305573,0.2775908606287567,1.085747180673128,1.4362570400440287,4.204927450159255,108,19
FTSE100,0.03,M,6,Crisis_next_6M,NFCI,3.767726838099783e-05,0.9510258979637993,0.061418526795348524,0.092866710867748,1.0973154652940238,108,19
FTSE100,0.03,M,6,Crisis_next_6M,EPU,0.004352318707126601,0.5033864945643165,0.6691708565938422,0.0011835899206590287,1.0011842906396364,108,19
FTSE100,0.03,M,6,Crisis_next_6M,RSkew,0.05934658001461823,0.01770983352819514,-2.371629621803708,-1.003319794301103,0.36666018206365836,108,19
FTSE100,0.03,M,6,Crisis_next_6M,RSV_Ratio,0.05509454276769021,0.026745586238956325,2.2152109850564226,5.838044244025018,343.1076492117727,108,19
FTSE100,0.03,M,6,Crisis_next_6M,HillTail,0.006402660505247293,0.4136763758374292,0.8174411356081717,2.1328509410227303,8.438891330404676,108,19
FTSE100,0.03,M,12,Crisis_next_12M,HY_Spread,0.004923618989783218,0.5153360717665989,-0.6505514615837784,-0.2054855717175514,0.8142518427379718,102,18
FTSE100,0.03,M,12,Crisis_next_12M,Yield_Curve,0.01671486315028936,0.22701427467458835,1.2080857648356516,0.5163561853170556,1.6759098055660144,102,18
FTSE100,0.03,M,12,Crisis_next_12M,Neely,0.0002982881975028828,0.8669050337568053,-0.16759102320773506,-0.09683645919316299,0.90770444071199,102,18
FTSE100,0.03,M,12,Crisis_next_12M,PatroCorr,0.33765068155739064,0.00015010923392519244,-3.7908886671856985,-11.075883979344013,1.5481203004642782e-05,102,18
FTSE100,0.03,M,12,Crisis_next_12M,SahmIndicator,0.16474371995003834,0.011305508971495928,-2.533111174633117,-8.05835522282057,0.0003164468620727983,102,18
FTSE100,0.03,M,12,Crisis_next_12M,VIX,0.13456046754876327,0.005235507765802407,-2.792174719636131,-0.20749237718939806,0.8126194361935417,102,18
FTSE100,0.03,M,12,Crisis_next_12M,M2_Growth,0.004753019462798047,0.5022103961756442,-0.6710159068398316,-0.034964123862643116,0.9656400590715342,102,18
FTSE100,0.03,M,12,Crisis_next_12M,BuffettDeviation,0.18197909191248407,0.00019187480687521226,3.7294806930112356,16.53069766675063,15107436.541574739,102,18
FTSE100,0.03,M,12,Crisis_next_12M,Systemic_Corr,0.004384692172032412,0.5207943080837536,-0.6421214831546062,-1.227523283412599,0.29301740077655486,102,18
FTSE100,0.03,M,12,Crisis_next_12M,Shiller_CAPE,0.022634403556508476,0.16908805352280454,-1.3751399739421843,-0.1533461993125246,0.8578326893108362,102,18
FTSE100,0.03,M,12,Crisis_next_12M,YC_10Y3M,0.01671486315028936,0.22701427467458835,1.2080857648356516,0.5163561853170556,1.6759098055660144,102,18
FTSE100,0.03,M,12,Crisis_next_12M,CFNAI,0.02138063358047826,0.14726261641638572,-1.449268492561839,-0.21072367705259865,0.8099978569559086,102,18
FTSE100,0.03,M,12,Crisis_next_12M,CISS,0.06126752661817725,0.08628077398289917,-1.7153516515737144,-9.528504901073529,7.27483086432091e-05,102,18
FTSE100,0.03,M,12,Crisis_next_12M,Downside_Beta,0.0013968421257415375,0.7115708474317551,-0.36974721637879,-0.4191130198639793,0.6576298658295597,102,18
FTSE100,0.03,M,12,Crisis_next_12M,NFCI,0.1896532192531184,0.0013841585335193788,-3.197934213183657,-11.1367818667653,1.4566562919820804e-05,102,18
FTSE100,0.03,M,12,Crisis_next_12M,EPU,0.0989835544427109,0.004019227972139051,2.876648682479385,0.005716063837542302,1.005732431702165,102,18
FTSE100,0.03,M,12,Crisis_next_12M,RSkew,0.003860711648646653,0.5446715304155239,-0.605763921701552,-0.2556312096994897,0.7744275174921159,102,18
FTSE100,0.03,M,12,Crisis_next_12M,RSV_Ratio,0.0005158460381408103,0.8246658126252713,-0.22154794064229918,-0.5451801224159032,0.5797373502426428,102,18
FTSE100,0.03,M,12,Crisis_next_12M,HillTail,0.0030683734892300585,0.5983949191648703,-0.5267101022562902,-1.938323534698288,0.14394506651867686,102,18
FTSE100,0.03,M,18,Crisis_next_18M,HY_Spread,0.004104403214707397,0.5435172374134984,-0.6075028717460281,-0.18312807349706933,0.8326615070367195,96,20
FTSE100,0.03,M,18,Crisis_next_18M,Yield_Curve,0.05419073085778725,0.03742271253965337,2.081122306961519,0.9629522402310284,2.619418221442387,96,20
FTSE100,0.03,M,18,Crisis_next_18M,Neely,0.008883034294274728,0.34529736838697567,0.9437500945512571,0.49247678544077933,1.6363641278340495,96,20
FTSE100,0.03,M,18,Crisis_next_18M,PatroCorr,0.5809434912249276,0.008670899822961785,-2.624764179759013,-38.611537976032885,1.7030292972766374e-17,96,20
FTSE100,0.03,M,18,Crisis_next_18M,SahmIndicator,0.1818024473551061,0.011891825064399028,-2.5153381906337975,-9.106417660159924,0.00011095146992257376,96,20
FTSE100,0.03,M,18,Crisis_next_18M,VIX,0.08696857460031204,0.015592178734701218,-2.4183241790634313,-0.13970332866828308,0.8696161873258196,96,20
FTSE100,0.03,M,18,Crisis_next_18M,M2_Growth,0.006085258406776983,0.43991458569023634,-0.7723374575490809,-0.040554501167901096,0.9602568279666154,96,20
FTSE100,0.03,M,18,Crisis_next_18M,BuffettDeviation,0.19841640568826213,9.566732037884116e-05,3.901325730280571,16.85187111059454,20829297.985784285,96,20
FTSE100,0.03,M,18,Crisis_next_18M,Systemic_Corr,0.00903497262672004,0.3506133978358197,-0.9334001599663666,-1.8070001684180608,0.16414580874860296,96,20
FTSE100,0.03,M,18,Crisis_next_18M,Shiller_CAPE,0.035873889501710665,0.08431908781555696,-1.7261574656577534,-0.18866218077068628,0.8280661961340371,96,20
FTSE100,0.03,M,18,Crisis_next_18M,YC_10Y3M,0.05419073085778725,0.03742271253965337,2.081122306961519,0.9629522402310284,2.619418221442387,96,20
FTSE100,0.03,M,18,Crisis_next_18M,CFNAI,0.013763629617435935,0.23793675094713607,-1.1801595819759427,-0.17028875931974385,0.8434212356876728,96,20
FTSE100,0.03,M,18,Crisis_next_18M,CISS,0.046208819417261515,0.10553308012294813,-1.618601277249837,-6.594290820386007,0.0013681568356830173,96,20
FTSE100,0.03,M,18,Crisis_next_18M,Downside_Beta,0.029798490489710727,0.12907466600739625,1.5177609763956843,2.39025670725059,10.916295875689249,96,20
FTSE100,0.03,M,18,Crisis_next_18M,NFCI,0.12525694846574942,0.004522066330493648,-2.8392432977956887,-7.407752199922586,0.0006065325272595291,96,20
FTSE100,0.03,M,18,Crisis_next_18M,EPU,0.17412685858337684,0.0004819489074929546,3.490593517543269,0.009129735970370735,1.0091715391302387,96,20
FTSE100,0.03,M,18,Crisis_next_18M,RSkew,0.00011823677989630799,0.9143854321876433,0.10750868933173355,0.044067862629796575,1.0450532725454396,96,20
FTSE100,0.03,M,18,Crisis_next_18M,RSV_Ratio,0.00018302232148703634,0.8934273648739696,0.13396864965405353,0.32346146845682217,1.3819029083905945,96,20
FTSE100,0.03,M,18,Crisis_next_18M,HillTail,0.07263039314450004,0.025893296957388796,-2.227808362731904,-12.286545864399619,4.613398068280335e-06,96,20
FTSE100,0.03,M,24,Crisis_next_24M,HY_Spread,0.04870666700985371,0.10325808592265559,-1.6292595470561098,-0.8925241301574436,0.40962051127426014,90,14
FTSE100,0.03,M,24,Crisis_next_24M,Yield_Curve,0.1658695707212261,0.010457091556870288,2.560336301045126,2.70299456120473,14.924356775107487,90,14
FTSE100,0.03,M,24,Crisis_next_24M,Neely,0.02540644278607873,0.15702158188988774,1.4151600259973425,0.8348793457877394,2.3045359795390294,90,14
FTSE100,0.03,M,24,Crisis_next_24M,PatroCorr,0.32564075324134234,0.005075896373979729,-2.8021773345281065,-12.003171194938403,6.124758720147315e-06,90,14
FTSE100,0.03,M,24,Crisis_next_24M,SahmIndicator,0.1833581790452271,0.07520550458140887,-1.7792089927944315,-13.958310557424545,8.669274375134114e-07,90,14
FTSE100,0.03,M,24,Crisis_next_24M,VIX,0.05390218308229733,0.07808586703547164,-1.761901938591831,-0.10348155466329888,0.90169265461308,90,14
FTSE100,0.03,M,24,Crisis_next_24M,M2_Growth,0.007122056595673665,0.45652661831289953,-0.7445784189758528,-0.04813923779396094,0.9530010840704938,90,14
FTSE100,0.03,M,24,Crisis_next_24M,BuffettDeviation,0.2653588229072754,0.00020509938037220098,3.7126512944614545,21.009438270411845,1331321999.9271872,90,14
FTSE100,0.03,M,24,Crisis_next_24M,Systemic_Corr,0.0006620143547585444,0.8212268819846744,-0.22596726321675453,-0.5070568792627159,0.6022655130904632,90,14
FTSE100,0.03,M,24,Crisis_next_24M,Shiller_CAPE,0.0019504160427533668,0.7007937230330189,-0.38424924405472205,-0.03943146777589573,0.9613358342159432,90,14
FTSE100,0.03,M,24,Crisis_next_24M,YC_10Y3M,0.1658695707212261,0.010457091556870288,2.560336301045126,2.70299456120473,14.924356775107487,90,14
FTSE100,0.03,M,24,Crisis_next_24M,CFNAI,0.0018938913065330576,0.7087186535034742,0.3735775305810527,0.073729608677621,1.0765156856400502,90,14
FTSE100,0.03,M,24,Crisis_next_24M,CISS,0.058730007174801035,0.12408526051066995,-1.537850140983374,-8.759458575227919,0.00015696957279875845,90,14
FTSE100,0.03,M,24,Crisis_next_24M,Downside_Beta,0.024168599164216542,0.21861788810477578,1.2302115706947558,2.1345912281868973,8.453590211093722,90,14
FTSE100,0.03,M,24,Crisis_next_24M,NFCI,0.06208863827159983,0.060194637450650984,-1.8793652526389677,-4.734678989014586,0.008785268546870279,90,14
FTSE100,0.03,M,24,Crisis_next_24M,EPU,0.03143334103187334,0.11631569873806727,1.5704274576296537,0.00343320300528278,1.0034391031969736,90,14
FTSE100,0.03,M,24,Crisis_next_24M,RSkew,0.001947668351182541,0.6977552456960876,0.3883524254827428,0.1802756503472181,1.1975474219919815,90,14
FTSE100,0.03,M,24,Crisis_next_24M,RSV_Ratio,0.007026008905084868,0.4654299505770617,0.7299349452474568,2.0948866479791257,8.124519987256784,90,14
FTSE100,0.03,M,24,Crisis_next_24M,HillTail,0.08853772600730592,0.03260439014603485,-2.1369213380585057,-14.660627034209144,4.2950732789642675e-07,90,14
FTSE100,0.05,D,5,Crisis_next_5D,HY_Spread,0.0254600747566619,0.0004155206569556075,3.5300248373378476,0.3817510037837958,1.4648472982849823,2330,35
FTSE100,0.05,D,5,Crisis_next_5D,Yield_Curve,0.000781142129361756,0.590484019708078,-0.5381347551771044,-0.1343691578934596,0.8742672623636076,2330,35
FTSE100,0.05,D,5,Crisis_next_5D,Neely,0.004918559003032619,0.17072674357610385,1.369872377860527,0.48353737686965176,1.621801189333408,2330,35
FTSE100,0.05,D,5,Crisis_next_5D,PatroCorr,0.007097145880398781,0.11613715488754757,1.571195888192409,1.5866532925412966,4.887364946701665,2330,35
FTSE100,0.05,D,5,Crisis_next_5D,SahmIndicator,0.0014003380828413459,0.49327640777697124,-0.6851069930169571,-0.38147206698759956,0.6828554600017293,2330,35
FTSE100,0.05,D,5,Crisis_next_5D,VIX,0.072855349583264,1.1313194900607113e-09,6.089686578039184,0.06937023641236453,1.071832967289122,2330,35
FTSE100,0.05,D,5,Crisis_next_5D,M2_Growth,0.004726646634646947,0.19227274243909054,1.3038851551616368,0.043001081002882614,1.0439390233510961,2330,35
FTSE100,0.05,D,5,Crisis_next_5D,BuffettDeviation,0.002591642917264214,0.3295879984891018,-0.9749440812938955,-2.2207256892910126,0.10853032094899386,2330,35
FTSE100,0.05,D,5,Crisis_next_5D,Systemic_Corr,0.056382203307929535,6.783966995380979e-06,4.500356248822913,5.309883204741338,202.32659622097202,2330,35
FTSE100,0.05,D,5,Crisis_next_5D,Shiller_CAPE,0.06922417142434423,1.5569978014791247e-06,-4.803777583459965,-0.4177160059941365,0.6585492259032114,2330,35
FTSE100,0.05,D,5,Crisis_next_5D,YC_10Y3M,0.000781142129361756,0.590484019708078,-0.5381347551771044,-0.1343691578934596,0.8742672623636076,2330,35
FTSE100,0.05,D,5,Crisis_next_5D,CFNAI,0.030852044580053306,0.00012046667179364526,-3.845174515785726,-0.266778950655335,0.7658423417038974,2330,35
FTSE100,0.05,D,5,Crisis_next_5D,CISS,0.009429674219688655,0.04254975722852682,2.02810279985956,2.012310263689423,7.480579510786272,2330,35
FTSE100,0.05,D,5,Crisis_next_5D,Downside_Beta,0.01769444326979719,0.01790902701309937,2.367493657095652,2.226858546978367,9.270696827992639,2330,35
FTSE100,0.05,D,5,Crisis_next_5D,NFCI,0.03196819222588232,0.0001582795499685571,3.7777060322549394,2.8419136352584915,17.148550228519717,2330,35
FTSE100,0.05,D,5,Crisis_next_5D,EPU,0.008057767429328289,0.07578921189381678,1.775658558145017,0.0020721512174970928,1.002074299606504,2330,35
FTSE100,0.05,D,5,Crisis_next_5D,RSkew,0.015474621575306768,0.014452707024229034,-2.4458101787822484,-0.5792248466067353,0.5603325419386455,2330,35
FTSE100,0.05,D,5,Crisis_next_5D,RSV_Ratio,0.014110333230434313,0.02377015192202313,2.260824094999646,3.4041670497180587,30.089222456646258,2330,35
FTSE100,0.05,D,5,Crisis_next_5D,HillTail,0.01586608808275436,0.011887032467014549,2.5154802870313775,3.6015533824856103,36.655129678657154,2330,35
FTSE100,0.05,D,10,Crisis_next_10D,HY_Spread,0.0033802307975375756,0.12506038485120988,1.5338750916507993,0.16094819017936285,1.1746241101728834,2325,68
FTSE100,0.05,D,10,Crisis_next_10D,Yield_Curve,0.0007506856171145548,0.5022125935804629,0.6710124574463777,0.12943704146889104,1.138187450596961,2325,68
FTSE100,0.05,D,10,Crisis_next_10D,Neely,0.0003520548582970351,0.6390840425325424,0.46897984509699864,0.12678553372707538,1.135173535235798,2325,68
FTSE100,0.05,D,10,Crisis_next_10D,PatroCorr,0.0005815254897524325,0.5506396073406121,0.5968019628044677,0.41618074257535215,1.5161598787483281,2325,68
FTSE100,0.05,D,10,Crisis_next_10D,SahmIndicator,0.00402395212444584,0.1382275795601676,-1.4824237456757683,-0.6350345447130675,0.5299171821643724,2325,68
FTSE100,0.05,D,10,Crisis_next_10D,VIX,0.01649876203369305,0.00031335772915122004,3.603999440948241,0.03982030232518431,1.0406237597198789,2325,68
FTSE100,0.05,D,10,Crisis_next_10D,M2_Growth,0.004538477546128905,0.0963047908843126,1.663038191323104,0.03960520008262682,1.0403999432880757,2325,68
FTSE100,0.05,D,10,Crisis_next_10D,BuffettDeviation,0.0025116174495508625,0.20992410991435795,1.2537741433878533,2.0022007798623007,7.405335692124263,2325,68
FTSE100,0.05,D,10,Crisis_next_10D,Systemic_Corr,0.01004127271177202,0.012719664526532257,2.491523240655764,2.112980461471573,8.272861521592139,2325,68
FTSE100,0.05,D,10,Crisis_next_10D,Shiller_CAPE,0.018071402268334036,0.0018021303571514177,-3.121040846467197,-0.18177993550875488,0.8337848066570772,2325,68
FTSE100,0.05,D,10,Crisis_next_10D,YC_10Y3M,0.0007506856171145548,0.5022125935804629,0.6710124574463777,0.12943704146889104,1.138187450596961,2325,68
FTSE100,0.05,D,10,Crisis_next_10D,CFNAI,0.02628441542320692,6.853608828565317e-06,-4.498184874607092,-0.2431924016571221,0.7841206331479796,2325,68
FTSE100,0.05,D,10,Crisis_next_10D,CISS,0.0012519241397669356,0.35830514577936357,0.9185994002960503,0.7886486955604165,2.2004209777041632,2325,68
FTSE100,0.05,D,10,Crisis_next_10D,Downside_Beta,0.0011083453255833486,0.4187859980148846,0.8085292095728421,0.4586785323084645,1.5819820649091354,2325,68
FTSE100,0.05,D,10,Crisis_next_10D,NFCI,0.005758881798990645,0.048514189753209376,1.9728365300762025,1.2935920842126816,3.645859296123385,2325,68
FTSE100,0.05,D,10,Crisis_next_10D,EPU,0.0003531232177811372,0.6389118563813543,0.46922074826606136,0.0004326651291821068,1.0004327587422397,2325,68
FTSE100,0.05,D,10,Crisis_next_10D,RSkew,0.0014899333321786168,0.33515949893224795,-0.9637734928495124,-0.1759525522763349,0.8386577747954076,2325,68
FTSE100,0.05,D,10,Crisis_next_10D,RSV_Ratio,0.0015406504669900345,0.3308178119954355,0.9724679296573981,1.0503552417074848,2.8586664552601224,2325,68
FTSE100,0.05,D,10,Crisis_next_10D,HillTail,0.002855755740340582,0.17404571630651522,1.3593183987584319,1.5456285685426934,4.690919264814943,2325,68
FTSE100,0.05,D,15,Crisis_next_15D,HY_Spread,0.000582786373669486,0.47385682727195,0.7162178752068993,0.06920471188455075,1.0716555673257437,2320,102
FTSE100,0.05,D,15,Crisis_next_15D,Yield_Curve,5.3717439961631364e-05,0.8323092682602498,-0.21174078417337738,-0.03219619003861058,0.9683165893734125,2320,102
FTSE100,0.05,D,15,Crisis_next_15D,Neely,0.00014581164234372945,0.7297467997236475,-0.345462364078108,-0.08019665355538973,0.9229348301235747,2320,102
FTSE100,0.05,D,15,Crisis_next_15D,PatroCorr,0.00020941743602531648,0.6759140816171186,0.4180451842609732,0.23914893829286638,1.2701676991054742,2320,102
FTSE100,0.05,D,15,Crisis_next_15D,SahmIndicator,0.00014512813546829761,0.730156059034455,-0.34491794546958904,-0.10666040088619422,0.8988308633308363,2320,102
FTSE100,0.05,D,15,Crisis_next_15D,VIX,0.006168417592816611,0.01389812901044118,2.459885649224594,0.02610250448580375,1.026446158416778,2320,102
FTSE100,0.05,D,15,Crisis_next_15D,M2_Growth,0.003108096141877903,0.10731016048502588,1.6104018339622284,0.031479342850647664,1.0319800576092837,2320,102
FTSE100,0.05,D,15,Crisis_next_15D,BuffettDeviation,0.0035508763444124236,0.0833804435759503,1.731400017121952,2.282849480311485,9.804578596658317,2320,102
FTSE100,0.05,D,15,Crisis_next_15D,Systemic_Corr,0.0033147164657247874,0.09491033879519337,1.670045615928791,1.1698806937402169,3.2216082575677314,2320,102
FTSE100,0.05,D,15,Crisis_next_15D,Shiller_CAPE,0.00296683408387044,0.12538226397578817,-1.5325682720157436,-0.06446001843059437,0.9375735991766202,2320,102
FTSE100,0.05,D,15,Crisis_next_15D,YC_10Y3M,5.3717439961631364e-05,0.8323092682602498,-0.21174078417337738,-0.03219619003861058,0.9683165893734125,2320,102
FTSE100,0.05,D,15,Crisis_next_15D,CFNAI,0.015378494266218734,9.406792654444263e-05,-3.905404438809399,-0.19132829165767037,0.8258614202278931,2320,102
FTSE100,0.05,D,15,Crisis_next_15D,CISS,5.12340871906547e-05,0.8394957719564259,-0.2025384890347647,-0.16449979769711487,0.8483179285614866,2320,102
FTSE100,0.05,D,15,Crisis_next_15D,Downside_Beta,0.000209958822579015,0.6774175158396458,0.41598973333728545,0.18717387725216986,1.2058369344354916,2320,102
FTSE100,0.05,D,15,Crisis_next_15D,NFCI,0.0003613776259080437,0.5782645595008266,0.5559214418932543,0.3348866915308151,1.3977819957110116,2320,102
FTSE100,0.05,D,15,Crisis_next_15D,EPU,0.0003931697063240813,0.5691217261317131,-0.5693454535297354,-0.000451115535620617,0.9995489862016936,2320,102
FTSE100,0.05,D,15,Crisis_next_15D,RSkew,0.000748964654244344,0.42629053827117447,-0.7955553314439595,-0.12037256869531163,0.8865900594751351,2320,102
FTSE100,0.05,D,15,Crisis_next_15D,RSV_Ratio,0.0005637997865918232,0.49110925219624446,0.6885456201966181,0.6102331273972819,1.8408605037796335,2320,102
FTSE100,0.05,D,15,Crisis_next_15D,HillTail,0.002037632946537471,0.18228285970565516,1.3337589759705684,1.2827810771941366,3.6066561800962833,2320,102
FTSE100,0.05,W,4,Crisis_next_4W,HY_Spread,0.015297336818489438,0.3290099163931992,0.9761100806226696,0.29587347634599614,1.3443000603159545,112,7
FTSE100,0.05,W,4,Crisis_next_4W,Yield_Curve,0.010346276616106542,0.48434054505349766,0.6993384471458134,0.47633020228913675,1.61015460492407,112,7
FTSE100,0.05,W,4,Crisis_next_4W,Neely,0.01717280583848413,0.3313174004768701,0.9714637413196514,0.7730629920927904,2.1663917424722805,112,7
FTSE100,0.05,W,4,Crisis_next_4W,PatroCorr,0.02671111540821547,0.26270707409089455,1.1200156945607775,2.7637839992841027,15.859742801693065,112,7
FTSE100,0.05,W,4,Crisis_next_4W,SahmIndicator,0.0024657802505773097,0.7114105668384169,0.36996231865460516,0.39242721730147195,1.4805701014720714,112,7
FTSE100,0.05,W,4,Crisis_next_4W,VIX,0.08444407080044525,0.026503439597737332,2.2187543740938667,0.09094062265917811,1.0952039730281882,112,7
FTSE100,0.05,W,4,Crisis_next_4W,M2_Growth,0.03704820649638496,0.18001395981517132,1.3407120527216223,0.10817956958465676,1.1142478124398356,112,7
FTSE100,0.05,W,4,Crisis_next_4W,BuffettDeviation,0.01073759352585002,0.46538274745486286,-0.7300121670696352,-4.052427845176842,0.017380127117229558,112,7
FTSE100,0.05,W,4,Crisis_next_4W,Systemic_Corr,0.00983511578912144,0.47163067952937954,0.7198283628249207,2.0174496850583026,7.5191243251545155,112,7
FTSE100,0.05,W,4,Crisis_next_4W,Shiller_CAPE,0.007867736543583081,0.5390252485604468,-0.6142876704591116,-0.10447576973016298,0.900796623687714,112,7
FTSE100,0.05,W,4,Crisis_next_4W,YC_10Y3M,0.010346276616106542,0.48434054505349766,0.6993384471458134,0.47633020228913675,1.61015460492407,112,7
FTSE100,0.05,W,4,Crisis_next_4W,CFNAI,0.02082756728285351,0.25876964781281087,-1.129303920059698,-0.21197840249132424,0.808982169377247,112,7
FTSE100,0.05,W,4,Crisis_next_4W,CISS,0.001783267635742769,0.749216151168417,0.31967310329812576,0.9015696747084592,2.463466919621263,112,7
FTSE100,0.05,W,4,Crisis_next_4W,Downside_Beta,0.0026550798539217713,0.7024046473070493,-0.3820764661164151,-0.5817702735774971,0.5589080700874535,112,7
FTSE100,0.05,W,4,Crisis_next_4W,NFCI,0.0038199017941488167,0.6434004438080951,0.4629496694851564,0.9920179025159673,2.6966706041094226,112,7
FTSE100,0.05,W,4,Crisis_next_4W,EPU,0.0021984549697345868,0.7383904506559865,-0.3339855658867386,-0.0010658763659091848,0.998934691478536,112,7
FTSE100,0.05,W,4,Crisis_next_4W,RSkew,0.018946922326561366,0.30774687143039303,-1.019961181274208,-0.5669644565273249,0.567244723915922,112,7
FTSE100,0.05,W,4,Crisis_next_4W,RSV_Ratio,0.03871552873090167,0.17001958070051104,1.3721408952797394,5.308927944771437,202.13341400706398,112,7
FTSE100,0.05,W,4,Crisis_next_4W,HillTail,0.008508327689055295,0.4899077753253024,0.6904555155940121,2.3567884763617104,10.556992919994164,112,7
FTSE100,0.05,W,8,Crisis_next_8W,HY_Spread,0.00010216729189282958,0.9332590347513907,0.08374518011322347,0.028163480094303684,1.0285638203879632,111,10
FTSE100,0.05,W,8,Crisis_next_8W,Yield_Curve,0.005639498978235125,0.5503363994815724,0.5972561147248628,0.32660609815925334,1.3862553210986952,111,10
FTSE100,0.05,W,8,Crisis_next_8W,Neely,0.0007185404280698471,0.8245161778147889,0.2217401436458595,0.16093205517625575,1.174605157762115,111,10
FTSE100,0.05,W,8,Crisis_next_8W,PatroCorr,0.00010985890019765687,0.9315732226393404,0.08586564410951691,0.16065285011371594,1.1742772478347687,111,10
FTSE100,0.05,W,8,Crisis_next_8W,SahmIndicator,0.036492687204679464,0.18710565188564687,-1.3191898465344294,-2.1002869457125612,0.122421294946836,111,10
FTSE100,0.05,W,8,Crisis_next_8W,VIX,0.005521291735765543,0.527386307335449,0.6320008721348719,0.026347282960335096,1.0266974410946645,111,10
FTSE100,0.05,W,8,Crisis_next_8W,M2_Growth,0.01603328732196574,0.30613631803747,1.023362848970759,0.06721781853835614,1.0695284159208858,111,10
FTSE100,0.05,W,8,Crisis_next_8W,BuffettDeviation,0.02901646474159636,0.16536494925748935,1.3872519503338192,6.147773042009369,467.6747342551685,111,10
FTSE100,0.05,W,8,Crisis_next_8W,Systemic_Corr,0.008452124963606256,0.45047312981408805,0.754626481473017,1.8029387502553829,6.0674520161958,111,10
FTSE100,0.05,W,8,Crisis_next_8W,Shiller_CAPE,0.00030120826419632873,0.8876613432136011,-0.14126405696292396,-0.01821875911687543,0.9819461991774477,111,10
FTSE100,0.05,W,8,Crisis_next_8W,YC_10Y3M,0.005639498978235125,0.5503363994815724,0.5972561147248628,0.32660609815925334,1.3862553210986952,111,10
FTSE100,0.05,W,8,Crisis_next_8W,CFNAI,0.02928774066990103,0.13730182400272425,-1.4859141739266761,-0.24381138693863064,0.7836354242012241,111,10
FTSE100,0.05,W,8,Crisis_next_8W,CISS,0.0006929438325309345,0.8243293157676645,0.22198017581413967,0.5598739373580471,1.7504518198055947,111,10
FTSE100,0.05,W,8,Crisis_next_8W,Downside_Beta,0.017235680539980147,0.26122038659029945,-1.123511341306126,-1.3566029559654356,0.25753414751405435,111,10
FTSE100,0.05,W,8,Crisis_next_8W,NFCI,0.0006123191069827838,0.8415444463536242,-0.19991834048894627,-0.42154399943426324,0.6560331226722677,111,10
FTSE100,0.05,W,8,Crisis_next_8W,EPU,0.006172642410327889,0.5299865883963146,-0.6280264875786795,-0.00174103518392017,0.9982604795386464,111,10
FTSE100,0.05,W,8,Crisis_next_8W,RSkew,4.732139901519883e-05,0.9552959671358834,0.05605754220186101,0.02888693179806499,1.0293082058672551,111,10
FTSE100,0.05,W,8,Crisis_next_8W,RSV_Ratio,0.005092393164170095,0.5610330460555082,0.5813077681367084,1.777368574044771,5.914272952860764,111,10
FTSE100,0.05,W,8,Crisis_next_8W,HillTail,0.013699570540744888,0.3217598858226891,0.9908478385435714,2.9897464493489116,19.880641102972344,111,10
FTSE100,0.05,W,12,Crisis_next_12W,HY_Spread,0.00262834312968796,0.6726281167594899,0.4225438286656803,0.1341397241440031,1.1435525903892865,110,9
FTSE100,0.05,W,12,Crisis_next_12W,Yield_Curve,0.0023067574205948294,0.7096233900594906,0.3723619362230985,0.20621477214839634,1.229017134302208,110,9
FTSE100,0.05,W,12,Crisis_next_12W,Neely,0.0028057348773870006,0.6707543314423905,0.42511295900065516,0.3154057169575099,1.3708153611875142,110,9
FTSE100,0.05,W,12,Crisis_next_12W,PatroCorr,0.003065181808495354,0.6631996571125591,-0.4354998372416606,-0.8528675307288459,0.42619106207825636,110,9
FTSE100,0.05,W,12,Crisis_next_12W,SahmIndicator,0.007369360829278637,0.5259538611932796,-0.6341945541155233,-0.7947087037345827,0.4517127980108456,110,9
FTSE100,0.05,W,12,Crisis_next_12W,VIX,0.018206996410603193,0.33468020763620476,-0.9647297152089221,-0.0636588176428411,0.9383250848881296,110,9
FTSE100,0.05,W,12,Crisis_next_12W,M2_Growth,0.014031666786305075,0.3562146184294258,0.9226020663967114,0.06370126150893715,1.0657739634937695,110,9
FTSE100,0.05,W,12,Crisis_next_12W,BuffettDeviation,0.04837576156841983,0.08965285002644577,1.6972317747870918,8.272794419106202,3915.8763168781625,110,9
FTSE100,0.05,W,12,Crisis_next_12W,Systemic_Corr,0.025245910580597664,0.21170705125374178,1.248885239006123,3.158289769928064,23.53031923811787,110,9
FTSE100,0.05,W,12,Crisis_next_12W,Shiller_CAPE,2.7481382380845076e-07,0.9966987412108952,0.00413752611642783,0.0005453302898920394,1.0005454790094872,110,9
FTSE100,0.05,W,12,Crisis_next_12W,YC_10Y3M,0.0023067574205948294,0.7096233900594906,0.3723619362230985,0.20621477214839634,1.229017134302208,110,9
FTSE100,0.05,W,12,Crisis_next_12W,CFNAI,0.04393715260114306,0.08048396174821121,-1.7478848902416906,-0.2917903614960379,0.746925103822796,110,9
FTSE100,0.05,W,12,Crisis_next_12W,CISS,2.9297739152833735e-05,0.9662850927867428,-0.04226795232145174,-0.12255793012539988,0.8846546553039315,110,9
FTSE100,0.05,W,12,Crisis_next_12W,Downside_Beta,0.005771987431755332,0.5361390062081459,-0.6186620640828331,-0.8247452549136945,0.43834664489677716,110,9
FTSE100,0.05,W,12,Crisis_next_12W,NFCI,0.016080847947980814,0.3563791593116695,-0.9222864895763984,-2.491355073546775,0.08279769355897967,110,9
FTSE100,0.05,W,12,Crisis_next_12W,EPU,6.954063357866858e-05,0.94764836539432,-0.06566019297214941,-0.0001789908458031603,0.9998210251721026,110,9
FTSE100,0.05,W,12,Crisis_next_12W,RSkew,3.3218227203368755e-06,0.9888325997710982,0.013996717582245244,0.007512707583727521,1.007540998774785,110,9
FTSE100,0.05,W,12,Crisis_next_12W,RSV_Ratio,0.0055109523929832704,0.560848066291211,0.5815823026422318,1.874875568807686,6.52000777751133,110,9
FTSE100,0.05,W,12,Crisis_next_12W,HillTail,0.0001328914027755035,0.9270539687861923,0.09155202626876938,0.325475967132623,1.3846895558760686,110,9
FTSE100,0.05,W,16,Crisis_next_16W,HY_Spread,0.0001521666262841448,0.9137030658515473,0.10836890526113345,0.033582063563252884,1.0341523064673763,109,12
FTSE100,0.05,W,16,Crisis_next_16W,Yield_Curve,0.0003882374070520722,0.8647604603515102,0.1703174859699295,0.08010291247579993,1.0833985571658264,109,12
FTSE100,0.05,W,16,Crisis_next_16W,Neely,0.0029177168491566485,0.6336710708553337,0.4765661801596299,0.3116020129001337,1.3656110892660502,109,12
FTSE100,0.05,W,16,Crisis_next_16W,PatroCorr,0.017367526259410515,0.25669214946882946,-1.1342441493760658,-1.9865542834358563,0.13716725155992202,109,12
FTSE100,0.05,W,16,Crisis_next_16W,SahmIndicator,0.028535756561586578,0.2047411988418023,-1.2681589341752382,-1.7523060039843295,0.17337368172441436,109,12
FTSE100,0.05,W,16,Crisis_next_16W,VIX,0.023550726968751157,0.23015666759485065,-1.1999553863751204,-0.07075302174841433,0.9316919713682432,109,12
FTSE100,0.05,W,16,Crisis_next_16W,M2_Growth,3.4214356767758858e-06,0.9871776096336768,0.016071174911131338,0.0009549921641982526,1.00095544831441,109,12
FTSE100,0.05,W,16,Crisis_next_16W,BuffettDeviation,0.0699052089069302,0.026506413688345897,2.218710684205634,9.829064779606664,18565.583191421007,109,12
FTSE100,0.05,W,16,Crisis_next_16W,Systemic_Corr,0.007754494280250768,0.44399180966053686,0.7654698559705564,1.695552243533529,5.4496546709191795,109,12
FTSE100,0.05,W,16,Crisis_next_16W,Shiller_CAPE,0.006662551984669807,0.4926199894534026,-0.6861476755632643,-0.08786855141070139,0.9158812601106456,109,12
FTSE100,0.05,W,16,Crisis_next_16W,YC_10Y3M,0.0003882374070520722,0.8647604603515102,0.1703174859699295,0.08010291247579993,1.0833985571658264,109,12
FTSE100,0.05,W,16,Crisis_next_16W,CFNAI,0.03371083855030399,0.09699177561782889,-1.6596157609109583,-0.2598204826741085,0.7711900153472532,109,12
FTSE100,0.05,W,16,Crisis_next_16W,CISS,0.0035599068817717683,0.6290804491801916,-0.483021529983292,-1.4824125079383117,0.22708917256894573,109,12
FTSE100,0.05,W,16,Crisis_next_16W,Downside_Beta,0.0020895308669744983,0.6855988156164503,-0.4048349785007279,-0.49849538292577444,0.6074439429977941,109,12
FTSE100,0.05,W,16,Crisis_next_16W,NFCI,0.0012281382268317653,0.7650874281786825,-0.2988068445937692,-0.5861257133121521,0.5564790731855949,109,12
FTSE100,0.05,W,16,Crisis_next_16W,EPU,4.909414605958062e-07,0.9951406647359186,-0.006090311234412826,-1.4442468399415337e-05,0.9999855576358925,109,12
FTSE100,0.05,W,16,Crisis_next_16W,RSkew,0.02265768753597297,0.18555498188564457,-1.3238436322508333,-0.5887331445473905,0.555029982291838,109,12
FTSE100,0.05,W,16,Crisis_next_16W,RSV_Ratio,0.024508906318195023,0.18466970862363807,1.32651337267638,3.9175280637601806,50.27601195048543,109,12
FTSE100,0.05,W,16,Crisis_next_16W,HillTail,0.0015887702330601439,0.7339578959557285,-0.33986539747090566,-1.1701692067747302,0.3103144295191675,109,12
FTSE100,0.05,M,6,Crisis_next_6M,HY_Spread,0.0003898175066652243,0.8552010517501272,0.18248636768309917,0.05261359714871212,1.0540222892048112,108,14
FTSE100,0.05,M,6,Crisis_next_6M,Yield_Curve,0.0036301835887921907,0.5785078714178025,-0.5555655734900348,-0.23064190006477603,0.794023754985504,108,14
FTSE100,0.05,M,6,Crisis_next_6M,Neely,0.019651667033320552,0.24069799421157678,-1.1732439445403449,-0.9343282404895278,0.3928496774195178,108,14
FTSE100,0.05,M,6,Crisis_next_6M,PatroCorr,0.01632838631499811,0.24693249134545925,-1.157832270622625,-1.8890073993537335,0.15122183725829072,108,14
FTSE100,0.05,M,6,Crisis_next_6M,SahmIndicator,0.07454107333422688,0.05676968850082946,-1.9050798788844987,-3.6108077422688227,0.02703000476876704,108,14
FTSE100,0.05,M,6,Crisis_next_6M,VIX,0.00048244497334026804,0.8394091815187514,0.20264926423033613,0.0078064665856756475,1.0078370164898123,108,14
FTSE100,0.05,M,6,Crisis_next_6M,M2_Growth,0.006909437844586197,0.45062104168249695,-0.7543800594617824,-0.042514256947871136,0.9583768018954408,108,14
FTSE100,0.05,M,6,Crisis_next_6M,BuffettDeviation,0.021999149322881717,0.1804057077324711,1.3395069060259583,5.48531838274472,241.12570204099907,108,14
FTSE100,0.05,M,6,Crisis_next_6M,Systemic_Corr,0.06310963144233961,0.02750135957955416,2.2043269411000277,4.65285224094756,104.8837129742151,108,14
FTSE100,0.05,M,6,Crisis_next_6M,Shiller_CAPE,0.0035116278754065977,0.597101905227718,-0.5285726961051954,-0.06009045267970286,0.9416793523110322,108,14
FTSE100,0.05,M,6,Crisis_next_6M,YC_10Y3M,0.0036301835887921907,0.5785078714178025,-0.5555655734900348,-0.23064190006477603,0.794023754985504,108,14
FTSE100,0.05,M,6,Crisis_next_6M,CFNAI,0.03442921354006556,0.08270641338949271,-1.7351942004924763,-0.26376323436703164,0.7681553909251417,108,14
FTSE100,0.05,M,6,Crisis_next_6M,CISS,0.0031813742815838264,0.6281879568050092,-0.48427888818793313,-1.3043022071782553,0.27136182332833086,108,14
FTSE100,0.05,M,6,Crisis_next_6M,Downside_Beta,0.04659521559895197,0.07908170748040932,1.7560392465174197,3.191580516488244,24.326846055769696,108,14
FTSE100,0.05,M,6,Crisis_next_6M,NFCI,0.0004307855033957031,0.851262739595825,-0.18750750539942018,-0.33410194979753244,0.7159807844102076,108,14
FTSE100,0.05,M,6,Crisis_next_6M,EPU,0.0040045604209653085,0.557623442986689,0.5863751453234581,0.0011655961333840957,1.0011662757045667,108,14
FTSE100,0.05,M,6,Crisis_next_6M,RSkew,0.07259585651717315,0.016837007866983732,-2.390247811885405,-1.1381747817663266,0.32040329437665904,108,14
FTSE100,0.05,M,6,Crisis_next_6M,RSV_Ratio,0.03730181175768521,0.0915952738714739,1.687042012461851,4.873057483587902,130.71998071569155,108,14
FTSE100,0.05,M,6,Crisis_next_6M,HillTail,0.03506164157705505,0.0785677481026466,1.7590574676389361,4.874158679090833,130.864008257285,108,14
FTSE100,0.05,M,12,Crisis_next_12M,HY_Spread,0.002109066330157283,0.681999004673272,-0.40973683701274216,-0.1330195829071377,0.8754479481250351,102,15
FTSE100,0.05,M,12,Crisis_next_12M,Yield_Curve,0.0022294372937664564,0.6668178720093489,0.43051938033661474,0.18366059012533317,1.2016079162841526,102,15
FTSE100,0.05,M,12,Crisis_next_12M,Neely,0.0007613254862132157,0.800789598884614,-0.25232534554967534,-0.15873324326293936,0.8532239318465243,102,15
FTSE100,0.05,M,12,Crisis_next_12M,PatroCorr,0.2782682931553666,0.000520570559425547,-3.469942105625124,-9.744104131301771,5.8639376606405646e-05,102,15
FTSE100,0.05,M,12,Crisis_next_12M,SahmIndicator,0.13630041975985896,0.024501076127648926,-2.249179532271339,-7.048971200090241,0.0008683018067669742,102,15
FTSE100,0.05,M,12,Crisis_next_12M,VIX,0.08300695894285093,0.028401233123808753,-2.191699205899577,-0.14916902591870324,0.8614234996945047,102,15
FTSE100,0.05,M,12,Crisis_next_12M,M2_Growth,0.02380936512431342,0.16064617747005494,-1.4029016209030554,-0.08055891190610188,0.9226005498257697,102,15
FTSE100,0.05,M,12,Crisis_next_12M,BuffettDeviation,0.1158546802568663,0.003236220647299393,2.944361203899442,12.84106632118534,377402.04146354855,102,15
FTSE100,0.05,M,12,Crisis_next_12M,Systemic_Corr,8.691037038388583e-05,0.931266364344024,0.0862516607454813,0.1749434944979675,1.1911789065485565,102,15
FTSE100,0.05,M,12,Crisis_next_12M,Shiller_CAPE,0.02288190768496068,0.19181913614376478,-1.3052165033253658,-0.15844038436435923,0.8534738426599637,102,15
FTSE100,0.05,M,12,Crisis_next_12M,YC_10Y3M,0.0022294372937664564,0.6668178720093489,0.43051938033661474,0.18366059012533317,1.2016079162841526,102,15
FTSE100,0.05,M,12,Crisis_next_12M,CFNAI,0.04406239117644195,0.05312902318747177,-1.9338707342611956,-0.29821484737388837,0.7421418753851589,102,15
FTSE100,0.05,M,12,Crisis_next_12M,CISS,0.041760348090976285,0.15975921274378413,-1.4058818464923035,-7.0944931479613444,0.0008296611878178504,102,15
FTSE100,0.05,M,12,Crisis_next_12M,Downside_Beta,0.029417705623873913,0.16184738246988495,1.3988852964609664,2.559475601711652,12.929035573406818,102,15
FTSE100,0.05,M,12,Crisis_next_12M,NFCI,0.18065192173449907,0.0030394785430443165,-2.9637168170783026,-11.17160819572893,1.406799504276978e-05,102,15
FTSE100,0.05,M,12,Crisis_next_12M,EPU,0.07110723060989588,0.015695070105522967,2.415930191023928,0.0047478093732540565,1.004759098078646,102,15
FTSE100,0.05,M,12,Crisis_next_12M,RSkew,0.0019040305192923324,0.6868513273606915,-0.40313171918942836,-0.1828636660373838,0.8328816980593646,102,15
FTSE100,0.05,M,12,Crisis_next_12M,RSV_Ratio,0.0023952042652897187,0.650086868078142,-0.45364151472559133,-1.1969266917849088,0.30212129843961866,102,15
FTSE100,0.05,M,12,Crisis_next_12M,HillTail,4.418257549465565e-05,0.9513501819638174,-0.06101133485649015,-0.22693021975316913,0.796976393559294,102,15
FTSE100,0.05,M,18,Crisis_next_18M,HY_Spread,0.006491648060027777,0.48187389938141567,-0.70329183282811,-0.2446803508737043,0.7829547690545645,96,16
FTSE100,0.05,M,18,Crisis_next_18M,Yield_Curve,0.025909492438324744,0.15983230411264193,1.4056357852244916,0.64830968029478,1.9123056875863944,96,16
FTSE100,0.05,M,18,Crisis_next_18M,Neely,0.015430364831363064,0.2422557489796625,1.169367125504683,0.6562872870670476,1.9276223242103956,96,16
FTSE100,0.05,M,18,Crisis_next_18M,PatroCorr,0.4893648557057857,0.0205898455878275,-2.3154220566759696,-30.220009438493676,7.509597457117088e-14,96,16
FTSE100,0.05,M,18,Crisis_next_18M,SahmIndicator,0.13783921613989214,0.029308086193701646,-2.1793175522834143,-7.24811658827994,0.0007115131999803185,96,16
FTSE100,0.05,M,18,Crisis_next_18M,VIX,0.07844619501458039,0.030973692177347883,-2.157410521150908,-0.13679468484983218,0.8721492732099395,96,16
FTSE100,0.05,M,18,Crisis_next_18M,M2_Growth,0.01442607285485853,0.26639569192899304,-1.1114012095588444,-0.0639243131047025,0.9380759969036689,96,16
FTSE100,0.05,M,18,Crisis_next_18M,BuffettDeviation,0.13674276745128922,0.0015390620832444605,3.167215523634243,13.668722629012002,863477.0764889274,96,16
FTSE100,0.05,M,18,Crisis_next_18M,Systemic_Corr,0.012315476374998413,0.3074171344727211,-1.0206566609146697,-2.163244448759425,0.11495156091820215,96,16
FTSE100,0.05,M,18,Crisis_next_18M,Shiller_CAPE,0.028250668127787426,0.14670899358034245,-1.4512545446283094,-0.1697730974716815,0.8438562679959046,96,16
FTSE100,0.05,M,18,Crisis_next_18M,YC_10Y3M,0.025909492438324744,0.15983230411264193,1.4056357852244916,0.64830968029478,1.9123056875863944,96,16
FTSE100,0.05,M,18,Crisis_next_18M,CFNAI,0.02665466736088873,0.12358142131400152,-1.5399135751798865,-0.2337392230365444,0.7915682117373986,96,16
FTSE100,0.05,M,18,Crisis_next_18M,CISS,0.03688458481911072,0.1672578479477015,-1.3810686687723799,-5.880731273014389,0.002792742271072075,96,16
FTSE100,0.05,M,18,Crisis_next_18M,Downside_Beta,0.13271584314829066,0.005076187375665168,2.8021588406802556,7.065505943586914,1170.8742179232265,96,16
FTSE100,0.05,M,18,Crisis_next_18M,NFCI,0.12367584819190958,0.00880397371249955,-2.619573736835382,-7.753080481545864,0.000429417687768405,96,16
FTSE100,0.05,M,18,Crisis_next_18M,EPU,0.14119245329265884,0.002078670186653108,3.0787557617907333,0.007817790517092662,1.007848429231685,96,16
FTSE100,0.05,M,18,Crisis_next_18M,RSkew,0.0016638120009958568,0.7043705385687515,-0.37942735720776005,-0.16911359739643225,0.8444129748220666,96,16
FTSE100,0.05,M,18,Crisis_next_18M,RSV_Ratio,0.0005742965896570196,0.824029388777481,0.22236547140928115,0.5871661781277705,1.7988834702379704,96,16
FTSE100,0.05,M,18,Crisis_next_18M,HillTail,0.05387777241462244,0.06534656129435429,-1.8428798062263196,-10.48606439995036,2.7922872560705375e-05,96,16
FTSE100,0.05,M,24,Crisis_next_24M,HY_Spread,0.08569405269374819,0.06259946163169483,-1.8620257435571177,-1.463717735444456,0.23137448464608396,90,10
FTSE100,0.05,M,24,Crisis_next_24M,Yield_Curve,0.16469413645558661,0.025457094715256114,2.2343949953092843,3.0002199459890444,20.089955142338706,90,10
FTSE100,0.05,M,24,Crisis_next_24M,Neely,0.021273952689597753,0.24407917416299352,1.1648513373950105,0.7884733512716415,2.2000351802774984,90,10
FTSE100,0.05,M,24,Crisis_next_24M,PatroCorr,0.2758789156970197,0.019732897960643824,-2.3313882231136667,-11.497026836294122,1.0160256843167756e-05,90,10
FTSE100,0.05,M,24,Crisis_next_24M,SahmIndicator,0.13516414431380874,0.12502706972285602,-1.5340104997533937,-10.010615141166396,4.4920551932180186e-05,90,10
FTSE100,0.05,M,24,Crisis_next_24M,VIX,0.0266184247927288,0.24652170399713724,-1.1588392776799554,-0.06979891882616578,0.9325813256010316,90,10
FTSE100,0.05,M,24,Crisis_next_24M,M2_Growth,0.022307908704927937,0.2394648981991413,-1.1763253282834996,-0.08825446598151537,0.9155278763795848,90,10
FTSE100,0.05,M,24,Crisis_next_24M,BuffettDeviation,0.2643425212249215,0.001239542409895903,3.2296214054570904,22.15683239431642,4193629371.167264,90,10
FTSE100,0.05,M,24,Crisis_next_24M,Systemic_Corr,0.010104457627933994,0.4260999648406265,0.7958831346627722,2.0506690030924437,7.773099594877264,90,10
FTSE100,0.05,M,24,Crisis_next_24M,Shiller_CAPE,0.005425406571980984,0.5528132650534392,0.5935498003920813,0.06388258832811171,1.0659672344186004,90,10
FTSE100,0.05,M,24,Crisis_next_24M,YC_10Y3M,0.16469413645558661,0.025457094715256114,2.2343949953092843,3.0002199459890444,20.089955142338706,90,10
FTSE100,0.05,M,24,Crisis_next_24M,CFNAI,0.002056651371281637,0.7276904129628111,0.34819943380835544,0.08041498373061409,1.083736707473776,90,10
FTSE100,0.05,M,24,Crisis_next_24M,CISS,0.08724023735572217,0.11787432913203832,-1.563758348937718,-15.034248343011301,2.956030461326253e-07,90,10
FTSE100,0.05,M,24,Crisis_next_24M,Downside_Beta,0.012138143414519686,0.419486671094807,0.8073121406819466,1.4910481650353418,4.441748765644347,90,10
FTSE100,0.05,M,24,Crisis_next_24M,NFCI,0.0613286558912336,0.09745157505126593,-1.6573359394176839,-5.028456185224803,0.006548913079114593,90,10
FTSE100,0.05,M,24,Crisis_next_24M,EPU,0.0054831234890110325,0.5503594106204381,0.5972216437766217,0.0015061594162042416,1.00150729424397,90,10
FTSE100,0.05,M,24,Crisis_next_24M,RSkew,0.001944512535788978,0.726655478505962,-0.34957792722519954,-0.18568135945022532,0.8305381959707646,90,10
FTSE100,0.05,M,24,Crisis_next_24M,RSV_Ratio,0.04333114091091339,0.11611953948261372,1.5712717530077809,5.681110639114409,293.27497176425413,90,10
FTSE100,0.05,M,24,Crisis_next_24M,HillTail,0.10762344638384091,0.03899791727788481,-2.0642088657980726,-18.360205209496815,1.0623416064865891e-08,90,10
FTSE100,0.08,D,5,Crisis_next_5D,HY_Spread,0.04476246804203621,0.001102479560131296,3.262978313377939,0.48529191122733095,1.6246491929709295,2330,13
FTSE100,0.08,D,5,Crisis_next_5D,Yield_Curve,0.006835906754821042,0.2834398130319471,-1.072624086970441,-0.4153521734843674,0.6601077673123878,2330,13
FTSE100,0.08,D,5,Crisis_next_5D,Neely,0.04276933707755237,0.009565717692599895,2.5911450020698332,1.48169861704173,4.400413954388369,2330,13
FTSE100,0.08,D,5,Crisis_next_5D,PatroCorr,0.014793677501369284,0.1438815924644167,1.4614879048092402,2.574837179008299,13.129179278458524,2330,13
FTSE100,0.08,D,5,Crisis_next_5D,SahmIndicator,0.00015394782394906326,0.8735319624966418,0.1591737780997909,0.12741618071403668,1.1358896547910582,2330,13
FTSE100,0.08,D,5,Crisis_next_5D,VIX,0.13246999047976393,9.479599616137734e-09,5.739786478066529,0.08367993159203312,1.0872808338647935,2330,13
FTSE100,0.08,D,5,Crisis_next_5D,M2_Growth,0.010106635805073094,0.20923813917387635,1.2556631108800522,0.06892372643034245,1.0713544900005594,2330,13
FTSE100,0.08,D,5,Crisis_next_5D,BuffettDeviation,0.039131025088007254,0.013737081219768101,-2.464066003637406,-9.705436853074005,6.095120980630082e-05,2330,13
FTSE100,0.08,D,5,Crisis_next_5D,Systemic_Corr,0.10497612368008769,6.710154177639643e-05,3.986335748181523,7.914284648434615,2736.0885649111888,2330,13
FTSE100,0.08,D,5,Crisis_next_5D,Shiller_CAPE,0.26830859057245293,2.6284223441610073e-10,-6.3192462029895715,-0.8952659623597501,0.40849893885004984,2330,13
FTSE100,0.08,D,5,Crisis_next_5D,YC_10Y3M,0.006835906754821042,0.2834398130319471,-1.072624086970441,-0.4153521734843674,0.6601077673123878,2330,13
FTSE100,0.08,D,5,Crisis_next_5D,CFNAI,0.03853609157702664,0.003238288647359228,-2.9441635112121074,-0.30307057889338573,0.7385469687031831,2330,13
FTSE100,0.08,D,5,Crisis_next_5D,CISS,0.016778438192635914,0.06426866571245024,1.850311502753608,2.702676945182528,14.919617312979051,2330,13
FTSE100,0.08,D,5,Crisis_next_5D,Downside_Beta,0.02942018000553781,0.04347318529211317,2.019135044776652,3.28747377771798,26.775138196417732,2330,13
FTSE100,0.08,D,5,Crisis_next_5D,NFCI,0.05262183827881739,0.0008860184425076013,3.3244225349129493,3.6458687477816403,38.316045376171154,2330,13
FTSE100,0.08,D,5,Crisis_next_5D,EPU,0.0451425259524415,0.0035411112553836166,2.916386861660021,0.004787996464907882,1.0047994772359656,2330,13
FTSE100,0.08,D,5,Crisis_next_5D,RSkew,0.11673771338690542,2.3489033206549757e-06,-4.720824684995248,-1.5130307751815548,0.22024146305174208,2330,13
FTSE100,0.08,D,5,Crisis_next_5D,RSV_Ratio,0.1345136179313473,1.1827690306986593e-06,4.85850252124428,10.940794638611374,56432.16851385243,2330,13
FTSE100,0.08,D,5,Crisis_next_5D,HillTail,0.053456021317608404,0.0022575727428837938,3.054072820692348,6.724305002535174,832.3932642595171,2330,13
FTSE100,0.08,D,10,Crisis_next_10D,HY_Spread,0.007542720285564908,0.13581986268794,1.4915396754291474,0.24474842451903003,1.277299935435598,2325,21
FTSE100,0.08,D,10,Crisis_next_10D,Yield_Curve,0.010560296179070505,0.10381961430407903,-1.6266115989906413,-0.49232463191402953,0.6112039173252485,2325,21
FTSE100,0.08,D,10,Crisis_next_10D,Neely,0.0256321843394125,0.011984415824507134,2.5126028726712786,1.104365940906386,3.0173107088590245,2325,21
FTSE100,0.08,D,10,Crisis_next_10D,PatroCorr,0.004716455360126215,0.29615717517865325,1.0447096678729262,1.3431097655055544,3.830938320580687,2325,21
FTSE100,0.08,D,10,Crisis_next_10D,SahmIndicator,0.000592677996352875,0.7137020832087386,-0.3668886429934455,-0.25519933490822344,0.7747620454464793,2325,21
FTSE100,0.08,D,10,Crisis_next_10D,VIX,0.054294227063727774,8.40945524393611e-06,4.454485651811291,0.0626960801657955,1.0647032056327288,2325,21
FTSE100,0.08,D,10,Crisis_next_10D,M2_Growth,0.00027866054748104663,0.7965820623991975,0.25777305302997505,0.010853833915211527,1.010912950457326,2325,21
FTSE100,0.08,D,10,Crisis_next_10D,BuffettDeviation,0.002158530381391466,0.4723398053357949,-0.7186772474633077,-2.108618347570806,0.12140559093695043,2325,21
FTSE100,0.08,D,10,Crisis_next_10D,Systemic_Corr,0.07461950962646358,2.9977052801822283e-05,4.173640593054561,6.3762599592906355,587.7254748035597,2325,21
FTSE100,0.08,D,10,Crisis_next_10D,Shiller_CAPE,0.06656606940499699,0.00011159109933691361,-3.863899607933196,-0.4262206510997615,0.6529722471794527,2325,21
FTSE100,0.08,D,10,Crisis_next_10D,YC_10Y3M,0.010560296179070505,0.10381961430407903,-1.6266115989906413,-0.49232463191402953,0.6112039173252485,2325,21
FTSE100,0.08,D,10,Crisis_next_10D,CFNAI,0.014920919319822867,0.03335420028418223,-2.127793599474604,-0.2070074775299252,0.8130135706315378,2325,21
FTSE100,0.08,D,10,Crisis_next_10D,CISS,0.0001556495465012686,0.8344955447499289,-0.20893940178272688,-0.38099071317928723,0.683184234199936,2325,21
FTSE100,0.08,D,10,Crisis_next_10D,Downside_Beta,0.02341695161198487,0.027442052141934688,2.20517164460303,2.7554534278086344,15.728170876271571,2325,21
FTSE100,0.08,D,10,Crisis_next_10D,NFCI,0.009881093084017079,0.1012748657537778,1.6387042632364734,1.7791918906155613,5.9250663816684765,2325,21
FTSE100,0.08,D,10,Crisis_next_10D,EPU,0.0017286906076540154,0.5119533864649988,0.6557991141736567,0.001040288036741037,1.0010408293240227,2325,21
FTSE100,0.08,D,10,Crisis_next_10D,RSkew,0.042308804920450194,0.0007187723985893925,-3.3823166544369134,-0.9516296377441192,0.38611128894441016,2325,21
FTSE100,0.08,D,10,Crisis_next_10D,RSV_Ratio,0.053166920276240814,0.00030145940573737,3.614042678639998,6.856465737277166,950.0035650551393,2325,21
FTSE100,0.08,D,10,Crisis_next_10D,HillTail,0.04473018002676543,0.0006189456555478027,3.4231734658959847,6.034348887394654,417.52686411006397,2325,21
FTSE100,0.08,D,15,Crisis_next_15D,HY_Spread,2.62841283293902e-06,0.9773415998879178,-0.028401911215570137,-0.005318187104253025,0.9946959294169313,2320,31
FTSE100,0.08,D,15,Crisis_next_15D,Yield_Curve,0.0019275410823844652,0.4191347585051928,-0.8079232631355017,-0.21063139210578533,0.8100726110143408,2320,31
FTSE100,0.08,D,15,Crisis_next_15D,Neely,0.0012996062171599654,0.5063107526192023,0.6645931486119497,0.25726038622966296,1.2933818617433683,2320,31
FTSE100,0.08,D,15,Crisis_next_15D,PatroCorr,0.0002742018337941188,0.7636310946531848,0.30071596369823606,0.3076880330345474,1.360276561385873,2320,31
FTSE100,0.08,D,15,Crisis_next_15D,SahmIndicator,0.000893155253904987,0.5989469953783727,-0.5259153900616882,-0.30596592520190635,0.736411712108988,2320,31
FTSE100,0.08,D,15,Crisis_next_15D,VIX,0.01979761638487798,0.002676483817620922,3.0026405155403637,0.04388075461016728,1.0448577529894154,2320,31
FTSE100,0.08,D,15,Crisis_next_15D,M2_Growth,2.9210357954445598e-05,0.9219292759830627,0.09800379993640505,0.0034072456269077047,1.003413056886544,2320,31
FTSE100,0.08,D,15,Crisis_next_15D,BuffettDeviation,0.013378801933981666,0.03551853628510712,2.1023967428121297,4.929067930428579,138.2505930973854,2320,31
FTSE100,0.08,D,15,Crisis_next_15D,Systemic_Corr,0.031060193384144008,0.0013626363858497046,3.202450664466777,3.969219438509619,52.943189292225796,2320,31
FTSE100,0.08,D,15,Crisis_next_15D,Shiller_CAPE,0.009321968155645899,0.08703730743542125,-1.7112373442954607,-0.1407297581423221,0.8687240455786659,2320,31
FTSE100,0.08,D,15,Crisis_next_15D,YC_10Y3M,0.0019275410823844652,0.4191347585051928,-0.8079232631355017,-0.21063139210578533,0.8100726110143408,2320,31
FTSE100,0.08,D,15,Crisis_next_15D,CFNAI,0.004866311706455129,0.17461296032180462,-1.35752970879282,-0.12670980095249648,0.8809892977593442,2320,31
FTSE100,0.08,D,15,Crisis_next_15D,CISS,0.008901026776065857,0.1486938880842323,-1.4441603044364786,-3.338479128694431,0.035490893778258134,2320,31
FTSE100,0.08,D,15,Crisis_next_15D,Downside_Beta,0.0032384601668702384,0.31784193113994275,0.9989024874471375,0.8788065420292198,2.4080241152357615,2320,31
FTSE100,0.08,D,15,Crisis_next_15D,NFCI,0.0006064995523357153,0.6605466529384918,-0.43915855543329274,-0.5197061568469334,0.5946952694316682,2320,31
FTSE100,0.08,D,15,Crisis_next_15D,EPU,0.00307719228838077,0.32605454449600335,-0.9820919631139651,-0.0014632773664527059,0.9985377927018737,2320,31
FTSE100,0.08,D,15,Crisis_next_15D,RSkew,0.011000003903029687,0.051301502123768855,-1.948949112377102,-0.49640744062679715,0.6087135758995093,2320,31
FTSE100,0.08,D,15,Crisis_next_15D,RSV_Ratio,0.007751732504228004,0.11061758335118317,1.5954234151453395,2.5396339322977908,12.675030202286377,2320,31
FTSE100,0.08,D,15,Crisis_next_15D,HillTail,0.05792970929454233,6.061439576365046e-06,4.524234827365305,6.719020895822718,828.0064099350263,2320,31
FTSE100,0.08,W,4,Crisis_next_4W,HY_Spread,0.04431719980791937,0.26649541483319383,1.1111694583824305,0.4655180228098565,1.5928391021940675,112,2
FTSE100,0.08,W,4,Crisis_next_4W,Yield_Curve,0.01937001147043116,0.523901235999062,-0.6373433251455957,-0.6230396648456907,0.5363117494682441,112,2
FTSE100,0.08,W,4,Crisis_next_4W,Neely,0.02469911734541963,0.4729768307709208,0.7176439831632179,1.026803761257377,2.792127252089266,112,2
FTSE100,0.08,W,4,Crisis_next_4W,PatroCorr,0.017034019371425346,0.5768887924384757,0.5579349679071834,2.4957548700167527,12.130887306298959,112,2
FTSE100,0.08,W,4,Crisis_next_4W,SahmIndicator,0.0015007760341130272,0.8672483948116209,-0.1671546138389702,-0.38844915702640254,0.6781076980152275,112,2
FTSE100,0.08,W,4,Crisis_next_4W,VIX,0.13126756190535982,0.07659829155224931,1.7707739976866774,0.11319156546864499,1.1198464363095937,112,2
FTSE100,0.08,W,4,Crisis_next_4W,M2_Growth,0.027938505588571583,0.4708222438871895,0.7211418513281693,0.10620340172063734,1.1120480459901059,112,2
FTSE100,0.08,W,4,Crisis_next_4W,BuffettDeviation,0.003914635816896883,0.782208424200524,-0.27644223111508853,-2.7380017020365166,0.06469950669276876,112,2
FTSE100,0.08,W,4,Crisis_next_4W,Systemic_Corr,0.17904518762607535,0.074606930104384,1.7828733011401834,9.845187795738727,18867.34248683756,112,2
FTSE100,0.08,W,4,Crisis_next_4W,Shiller_CAPE,0.23784412353556317,0.03942863732219197,-2.0596852822540526,-0.8059837258351437,0.44664833087168704,112,2
FTSE100,0.08,W,4,Crisis_next_4W,YC_10Y3M,0.01937001147043116,0.523901235999062,-0.6373433251455957,-0.6230396648456907,0.5363117494682441,112,2
FTSE100,0.08,W,4,Crisis_next_4W,CFNAI,0.059646508984431246,0.2041755848775889,-1.2697446995387325,-0.3355199944946136,0.7149662111807695,112,2
FTSE100,0.08,W,4,Crisis_next_4W,CISS,0.008368932746169788,0.6511983209498481,0.4520980881203519,1.9374315387590797,6.940900622261162,112,2
FTSE100,0.08,W,4,Crisis_next_4W,Downside_Beta,0.012084538735157357,0.6442104623700208,0.4618199231461539,1.7130432236591064,5.545812972431408,112,2
FTSE100,0.08,W,4,Crisis_next_4W,NFCI,0.025541768898277528,0.4291919950403046,0.7905750774606025,2.511421217010043,12.322430469413513,112,2
FTSE100,0.08,W,4,Crisis_next_4W,EPU,0.00473553408921612,0.7643351553063689,-0.29979286861031484,-0.0018147725064964976,0.998186873197452,112,2
FTSE100,0.08,W,4,Crisis_next_4W,RSkew,0.049899482423892305,0.2879816631974105,-1.0625597170916306,-0.969007872620623,0.3794593233951635,112,2
FTSE100,0.08,W,4,Crisis_next_4W,RSV_Ratio,0.13225019794040127,0.15000915644975102,1.4394991294129436,12.349228018187308,230781.81473150643,112,2
FTSE100,0.08,W,4,Crisis_next_4W,HillTail,0.12724836619790092,0.11192241189635023,1.5896114616997896,9.082956135461131,8803.953275665302,112,2
FTSE100,0.08,W,8,Crisis_next_8W,HY_Spread,0.02298699508663593,0.2802646503025442,1.0797250168031634,0.35301500948614567,1.4233525070630082,111,5
FTSE100,0.08,W,8,Crisis_next_8W,Yield_Curve,0.0007961904459620195,0.8558511569956528,-0.18165796382811697,-0.12256099654499797,0.8846519425857181,111,5
FTSE100,0.08,W,8,Crisis_next_8W,Neely,0.010152084395600003,0.5093246446729562,0.6598896529447699,0.6196250369528459,1.8582311431871186,111,5
FTSE100,0.08,W,8,Crisis_next_8W,PatroCorr,0.0006856374698867018,0.8676344241853389,0.1666640113593879,0.43312376113695317,1.5420670568635542,111,5
FTSE100,0.08,W,8,Crisis_next_8W,SahmIndicator,0.006058684885352994,0.641518220115675,-0.4655771245511197,-0.7633792868622663,0.46608871526887125,111,5
FTSE100,0.08,W,8,Crisis_next_8W,VIX,0.01419998930295141,0.41658437257915704,0.812361253108425,0.0424569883049262,1.0433711782455755,111,5
FTSE100,0.08,W,8,Crisis_next_8W,M2_Growth,0.04114012743964324,0.21676485728276507,1.2351764085320858,0.11947272575501669,1.1269025082329776,111,5
FTSE100,0.08,W,8,Crisis_next_8W,BuffettDeviation,0.05945657798041237,0.1319701665350267,1.5063779940673343,9.558181305469768,14160.069925396983,111,5
FTSE100,0.08,W,8,Crisis_next_8W,Systemic_Corr,0.06491325618973254,0.10825353667883328,1.6060927314720135,5.359048296480895,212.52259167555803,111,5
FTSE100,0.08,W,8,Crisis_next_8W,Shiller_CAPE,0.03917642268676247,0.2449831561418001,-1.1626213708648492,-0.2700451366927864,0.7633450386887507,111,5
FTSE100,0.08,W,8,Crisis_next_8W,YC_10Y3M,0.0007961904459620195,0.8558511569956528,-0.18165796382811697,-0.12256099654499797,0.8846519425857181,111,5
FTSE100,0.08,W,8,Crisis_next_8W,CFNAI,0.058656654635857564,0.08874029019914412,-1.7020804393153124,-0.3285572444988726,0.7199617131986854,111,5
FTSE100,0.08,W,8,Crisis_next_8W,CISS,0.0034984960752707517,0.6879820312688079,0.4015951072406006,1.2483249357586232,3.484501302723033,111,5
FTSE100,0.08,W,8,Crisis_next_8W,Downside_Beta,0.014560167222202991,0.41690556831499037,-0.8118014528015615,-1.3174829005588904,0.26780855505214707,111,5
FTSE100,0.08,W,8,Crisis_next_8W,NFCI,0.00047735616278954396,0.8875047104450797,0.1414623383448229,0.3774431514646483,1.4585505249763613,111,5
FTSE100,0.08,W,8,Crisis_next_8W,EPU,1.7296927897536563e-05,0.9787801580504633,0.026598263809309144,9.415149486932561e-05,1.0000941559272605,111,5
FTSE100,0.08,W,8,Crisis_next_8W,RSkew,0.0010631268986384113,0.8366975926907891,0.20611946712866433,0.14951668341703978,1.1612728446495504,111,5
FTSE100,0.08,W,8,Crisis_next_8W,RSV_Ratio,0.004790627585716356,0.6605721056174833,0.4391234261606991,1.8552603264921665,6.3933623956065855,111,5
FTSE100,0.08,W,8,Crisis_next_8W,HillTail,0.02654186491450161,0.27763284328643223,1.085652318982135,4.288685993343907,72.8706530392154,111,5
FTSE100,0.08,W,12,Crisis_next_12W,HY_Spread,0.025573225646870146,0.3355659734324701,-0.9629632355474262,-0.6705843720604631,0.5114096369454295,110,6
FTSE100,0.08,W,12,Crisis_next_12W,Yield_Curve,0.007827037411329285,0.562951155168167,0.5784636155922842,0.41304560371233867,1.5114139504493957,110,6
FTSE100,0.08,W,12,Crisis_next_12W,Neely,0.00850115827598752,0.5551517049617095,-0.5900580902134569,-0.6590964572275175,0.5173185428189955,110,6
FTSE100,0.08,W,12,Crisis_next_12W,PatroCorr,0.07674806266900658,0.08966316202368153,-1.6971772120654232,-4.869116518464248,0.007680147560009361,110,6
FTSE100,0.08,W,12,Crisis_next_12W,SahmIndicator,0.07230339750611148,0.1785627941916601,-1.3451933778479357,-4.118698201181798,0.016265675302255735,110,6
FTSE100,0.08,W,12,Crisis_next_12W,VIX,0.13873108985087557,0.04617627156348075,-1.9937784506816336,-0.27951890867566714,0.7561474299334827,110,6
FTSE100,0.08,W,12,Crisis_next_12W,M2_Growth,0.0015391236723190094,0.7893958520324725,-0.26709521454741925,-0.021823966478341332,0.9784124532824605,110,6
FTSE100,0.08,W,12,Crisis_next_12W,BuffettDeviation,0.15319723243114536,0.019934789780640054,2.3275729764050888,16.724760490363707,18343034.88965218,110,6
FTSE100,0.08,W,12,Crisis_next_12W,Systemic_Corr,0.0019421579937581868,0.7645759095574745,-0.2994772739553648,-0.9259695413676499,0.3961471517722511,110,6
FTSE100,0.08,W,12,Crisis_next_12W,Shiller_CAPE,0.003199058753613482,0.6931255426100663,0.39461703100614787,0.0585855994195196,1.0603357459343778,110,6
FTSE100,0.08,W,12,Crisis_next_12W,YC_10Y3M,0.007827037411329285,0.562951155168167,0.5784636155922842,0.41304560371233867,1.5114139504493957,110,6
FTSE100,0.08,W,12,Crisis_next_12W,CFNAI,0.010733345609982958,0.44814898803145264,-0.7585045536048535,-0.16018339367365503,0.8519875255155727,110,6
FTSE100,0.08,W,12,Crisis_next_12W,CISS,0.14377621307918487,0.15718701001201957,-1.4145959054520634,-44.22597798892597,6.207286667749537e-20,110,6
FTSE100,0.08,W,12,Crisis_next_12W,Downside_Beta,0.01657784455433675,0.35473118977614737,-0.9254513287491853,-1.3824737117277721,0.2509569893442815,110,6
FTSE100,0.08,W,12,Crisis_next_12W,NFCI,0.1392388654663682,0.04696896410827901,-1.9865799573256486,-11.647305395432952,8.742578443096975e-06,110,6
FTSE100,0.08,W,12,Crisis_next_12W,EPU,0.0043248205230841386,0.6473386052152392,0.45746256257284595,0.001407997865632408,1.0014089895600071,110,6
FTSE100,0.08,W,12,Crisis_next_12W,RSkew,0.00014232824854976123,0.9347490973657505,-0.08187124934408149,-0.05253364547752737,0.9488223969361196,110,6
FTSE100,0.08,W,12,Crisis_next_12W,RSV_Ratio,0.0004927079549342794,0.8797763213303624,0.15125277419034172,0.5801566846458632,1.7863182974739302,110,6
FTSE100,0.08,W,12,Crisis_next_12W,HillTail,0.0005001235012952465,0.87713790987338,0.15459842736350515,0.6517342075744633,1.9188656565660498,110,6
FTSE100,0.08,W,16,Crisis_next_16W,HY_Spread,0.0006275292434928526,0.860766616964237,0.17539837549936776,0.071190823409505,1.073786109845966,109,6
FTSE100,0.08,W,16,Crisis_next_16W,Yield_Curve,2.4558260677709498e-05,0.9730861420802778,0.03373791787573835,0.021516792905671395,1.0217499483438175,109,6
FTSE100,0.08,W,16,Crisis_next_16W,Neely,0.008892239432390814,0.5471481245478753,-0.6020390794078971,-0.6725306087042044,0.5104152807101864,109,6
FTSE100,0.08,W,16,Crisis_next_16W,PatroCorr,0.017212106636683377,0.37798522734745865,-0.8816146549821324,-2.1326197763458934,0.11852637416880744,109,6
FTSE100,0.08,W,16,Crisis_next_16W,SahmIndicator,0.02862561611199943,0.33159047778560136,-0.9709152613205363,-1.996468393624235,0.13581407914746466,109,6
FTSE100,0.08,W,16,Crisis_next_16W,VIX,0.03415533691264838,0.27241855851564467,-1.0975098929466667,-0.10021907353191585,0.9046392138184225,109,6
FTSE100,0.08,W,16,Crisis_next_16W,M2_Growth,7.888047039994461e-05,0.9517664613992864,0.06048864232401104,0.004932956835687376,1.0049451438984365,109,6
FTSE100,0.08,W,16,Crisis_next_16W,BuffettDeviation,0.14294591904747234,0.022324712557571964,2.2847973597192834,16.038094133893075,9231149.459599724,109,6
FTSE100,0.08,W,16,Crisis_next_16W,Systemic_Corr,0.06235467449457055,0.0939436418554728,1.6749520404832303,5.184614935638424,178.50470075563896,109,6
FTSE100,0.08,W,16,Crisis_next_16W,Shiller_CAPE,0.0007316836984789798,0.855552693263778,-0.18203826905212767,-0.029963877494743184,0.9704805891055387,109,6
FTSE100,0.08,W,16,Crisis_next_16W,YC_10Y3M,2.4558260677709498e-05,0.9730861420802778,0.03373791787573835,0.021516792905671395,1.0217499483438175,109,6
FTSE100,0.08,W,16,Crisis_next_16W,CFNAI,0.03694380955668586,0.15259389659409406,-1.4304291162293077,-0.27047194430535554,0.7630193067326054,109,6
FTSE100,0.08,W,16,Crisis_next_16W,CISS,0.00898943307564637,0.5763500315200449,-0.5587240964381349,-2.9329048412377348,0.053242153293683085,109,6
FTSE100,0.08,W,16,Crisis_next_16W,Downside_Beta,0.005582041295348894,0.6260770677738992,0.4872557980131324,0.9969511804767638,2.7100068985445485,109,6
FTSE100,0.08,W,16,Crisis_next_16W,NFCI,0.031280203247940785,0.28552240082786573,-1.0679958122415207,-3.9450524226570103,0.01935020195408853,109,6
FTSE100,0.08,W,16,Crisis_next_16W,EPU,0.0004104432761902199,0.8908898354925985,-0.13717833459490622,-0.00045510242630001014,0.999545001117101,109,6
FTSE100,0.08,W,16,Crisis_next_16W,RSkew,0.006512276072300427,0.5753977903697306,-0.5601197054294277,-0.3416278847306589,0.710612585309677,109,6
FTSE100,0.08,W,16,Crisis_next_16W,RSV_Ratio,0.003692273969608806,0.6806590449517933,0.41156396969922154,1.5977208215932592,4.941756434722873,109,6
FTSE100,0.08,W,16,Crisis_next_16W,HillTail,0.008882082824476223,0.5054112576899292,0.6659997539216731,2.6294087577165683,13.865569567164432,109,6
FTSE100,0.08,M,6,Crisis_next_6M,HY_Spread,0.0015830734717471318,0.7622369683582789,-0.30254456213928477,-0.12177842682701623,0.8853445153648365,108,9
FTSE100,0.08,M,6,Crisis_next_6M,Yield_Curve,8.703652393138306e-06,0.981317136863377,0.023417636634812052,0.012278986427168839,1.0123546826881753,108,9
FTSE100,0.08,M,6,Crisis_next_6M,Neely,0.025852125131834214,0.26866852438078137,-1.106134000046487,-1.1984033261700393,0.3016755049598554,108,9
FTSE100,0.08,M,6,Crisis_next_6M,PatroCorr,0.13255780256273364,0.015885596269577463,-2.4115334116171154,-6.444987145886374,0.001588464987253961,108,9
FTSE100,0.08,M,6,Crisis_next_6M,SahmIndicator,0.13736479347296826,0.07376676296325002,-1.7880573047083292,-7.880704799375984,0.0003779665722803155,108,9
FTSE100,0.08,M,6,Crisis_next_6M,VIX,0.05197941762529912,0.1290189424376622,-1.517981976123884,-0.12443324746280784,0.882997201702705,108,9
FTSE100,0.08,M,6,Crisis_next_6M,M2_Growth,0.01902092535180555,0.28678959941618587,-1.065190792514017,-0.07487618282704779,0.9278583640160234,108,9
FTSE100,0.08,M,6,Crisis_next_6M,BuffettDeviation,0.10979963999983822,0.015552587415603903,2.4192490603728536,13.551171646773755,767713.3089301372,108,9
FTSE100,0.08,M,6,Crisis_next_6M,Systemic_Corr,0.02466517892657827,0.22103360024107666,1.2237843218345912,2.9671132823605055,19.43573306424935,108,9
FTSE100,0.08,M,6,Crisis_next_6M,Shiller_CAPE,0.012399477658991964,0.40527164851495434,-0.8322432631264239,-0.12512803201047132,0.8823839219646451,108,9
FTSE100,0.08,M,6,Crisis_next_6M,YC_10Y3M,8.703652393138306e-06,0.981317136863377,0.023417636634812052,0.012278986427168839,1.0123546826881753,108,9
FTSE100,0.08,M,6,Crisis_next_6M,CFNAI,0.027687960427170255,0.16287711911715985,-1.3954601652031415,-0.23786439040050414,0.7883095861928682,108,9
FTSE100,0.08,M,6,Crisis_next_6M,CISS,0.03631202585064175,0.2738599334168351,-1.0942167351733778,-7.718781486302331,0.0004444017837791705,108,9
FTSE100,0.08,M,6,Crisis_next_6M,Downside_Beta,0.0697034741203999,0.06294375303317648,1.8595886028076185,4.370657858765238,79.09564835344413,108,9
FTSE100,0.08,M,6,Crisis_next_6M,NFCI,0.08549675073429075,0.05684823058728411,-1.9044759144307475,-7.246635081414678,0.0007125680928934149,108,9
FTSE100,0.08,M,6,Crisis_next_6M,EPU,0.04845778944161472,0.07470702059996767,1.7822589067762626,0.00394257186970689,1.0039503540300618,108,9
FTSE100,0.08,M,6,Crisis_next_6M,RSkew,0.03850217231422337,0.12409733062532687,-1.5378007890240697,-0.8502163770817849,0.4273224591578974,108,9
FTSE100,0.08,M,6,Crisis_next_6M,RSV_Ratio,0.017110686305965128,0.31521479040368294,1.0043399361197978,3.380602046314342,29.388459001717326,108,9
FTSE100,0.08,M,6,Crisis_next_6M,HillTail,0.01945540223014086,0.2544012581570849,1.1397241126791,3.8048503062560917,44.918525587450254,108,9
FTSE100,0.08,M,12,Crisis_next_12M,HY_Spread,5.684024457097703e-05,0.9486124821016332,-0.06444929216999239,-0.02117979272860331,0.9790429239458058,102,12
FTSE100,0.08,M,12,Crisis_next_12M,Yield_Curve,0.0007833873801987856,0.8088492864302507,-0.24191079358187123,-0.10773639003503331,0.8978642512005904,102,12
FTSE100,0.08,M,12,Crisis_next_12M,Neely,0.0017738545342521617,0.721885707516987,-0.35593972188237705,-0.2509992439333589,0.7780229597959408,102,12
FTSE100,0.08,M,12,Crisis_next_12M,PatroCorr,0.2371087345651688,0.0021609592150806365,-3.0671699981663534,-9.000186877182202,0.00012338674376502682,102,12
FTSE100,0.08,M,12,Crisis_next_12M,SahmIndicator,0.10734975335968344,0.05407982680892008,-1.9261966272552475,-5.933453879188084,0.0026493157518131917,102,12
FTSE100,0.08,M,12,Crisis_next_12M,VIX,0.06928902233006384,0.05932010677310183,-1.885813383568102,-0.1372147861517387,0.8717829591147087,102,12
FTSE100,0.08,M,12,Crisis_next_12M,M2_Growth,0.03318094278830486,0.12609984263225293,-1.5296643079715635,-0.09802334644568908,0.9066277369716159,102,12
FTSE100,0.08,M,12,Crisis_next_12M,BuffettDeviation,0.06811778508354183,0.03010277778002252,2.168735405138987,9.787588095851307,17811.295182590937,102,12
FTSE100,0.08,M,12,Crisis_next_12M,Systemic_Corr,0.003511735345939848,0.6102201422752427,0.5097592434530066,1.1331493190094437,3.1054210778017177,102,12
FTSE100,0.08,M,12,Crisis_next_12M,Shiller_CAPE,0.03881423684715968,0.12330148110858412,-1.541062887777021,-0.22318670819930744,0.7999654752369179,102,12
FTSE100,0.08,M,12,Crisis_next_12M,YC_10Y3M,0.0007833873801987856,0.8088492864302507,-0.24191079358187123,-0.10773639003503331,0.8978642512005904,102,12
FTSE100,0.08,M,12,Crisis_next_12M,CFNAI,0.05556206075928383,0.04180535910948697,-2.0354525423947156,-0.32973269909660563,0.7191159280811015,102,12
FTSE100,0.08,M,12,Crisis_next_12M,CISS,0.03279221172966429,0.23484942149473853,-1.1879593595029523,-6.1449524369230195,0.0021442778779415467,102,12
FTSE100,0.08,M,12,Crisis_next_12M,Downside_Beta,0.09552014743426995,0.022468720551792845,2.282349393615485,5.849954064063092,347.21843030848646,102,12
FTSE100,0.08,M,12,Crisis_next_12M,NFCI,0.15425040731969186,0.009158662854926189,-2.60607416353303,-10.280833657660922,3.428393579527219e-05,102,12
FTSE100,0.08,M,12,Crisis_next_12M,EPU,0.06881991461279602,0.024194180007514207,2.2540316012868415,0.00466293048420263,1.0046738188618907,102,12
FTSE100,0.08,M,12,Crisis_next_12M,RSkew,0.017819610450000356,0.2521366875393879,-1.145174962986835,-0.5715403161503915,0.5646550212639619,102,12
FTSE100,0.08,M,12,Crisis_next_12M,RSV_Ratio,2.1405033462040812e-05,0.9685600638194439,-0.03941431906271351,-0.11507545139973197,0.8912988916207714,102,12
FTSE100,0.08,M,12,Crisis_next_12M,HillTail,0.007682974401180487,0.43820955044954557,0.7752202058530476,2.8561102487726715,17.3937378675263,102,12
FTSE100,0.08,M,18,Crisis_next_18M,HY_Spread,0.002732808412212795,0.67933636837095,-0.4133688840476458,-0.1597884255341494,0.8523240999071127,96,11
FTSE100,0.08,M,18,Crisis_next_18M,Yield_Curve,0.0243313187514016,0.22940901163944372,1.2018826133069607,0.6623785696078407,1.939399850122266,96,11
FTSE100,0.08,M,18,Crisis_next_18M,Neely,0.08156009974228395,0.021101467279498312,2.306164054142793,1.5512631836366526,4.717425395101603,96,11
FTSE100,0.08,M,18,Crisis_next_18M,PatroCorr,0.4271600471118282,0.03212801083860085,-2.1428143218834417,-32.286664813050564,9.507791133993705e-15,96,11
FTSE100,0.08,M,18,Crisis_next_18M,SahmIndicator,0.11233251087735563,0.07851572736048931,-1.7593638533939067,-6.754950168888265,0.001165097890996276,96,11
FTSE100,0.08,M,18,Crisis_next_18M,VIX,0.04466728729074476,0.1320136049236353,-1.5062087071924246,-0.09983728512604777,0.9049846605213289,96,11
FTSE100,0.08,M,18,Crisis_next_18M,M2_Growth,0.03682045750015639,0.1197985571725899,-1.5556196756846703,-0.10711768835357752,0.8984199332054968,96,11
FTSE100,0.08,M,18,Crisis_next_18M,BuffettDeviation,0.0671465140129126,0.03894660250130839,2.06475061781752,9.516860509757171,13586.8882817981,96,11
FTSE100,0.08,M,18,Crisis_next_18M,Systemic_Corr,0.000974483747067767,0.7971608580619476,-0.2570232070882423,-0.6236880465858254,0.5359641274309384,96,11
FTSE100,0.08,M,18,Crisis_next_18M,Shiller_CAPE,0.01672115202751856,0.3125757101732235,-1.0098321583252317,-0.1328659094382457,0.8755824915856733,96,11
FTSE100,0.08,M,18,Crisis_next_18M,YC_10Y3M,0.0243313187514016,0.22940901163944372,1.2018826133069607,0.6623785696078407,1.939399850122266,96,11
FTSE100,0.08,M,18,Crisis_next_18M,CFNAI,0.044204226841652816,0.0747110074131433,-1.7822344480960677,-0.2940334786940701,0.7452515409772908,96,11
FTSE100,0.08,M,18,Crisis_next_18M,CISS,0.016529719968391476,0.3701629877199595,-0.8961681046824549,-3.515166647854181,0.029742845959616362,96,11
FTSE100,0.08,M,18,Crisis_next_18M,Downside_Beta,0.332302354509447,0.000191629982935782,3.729802415203655,14.199280128760787,1467807.177071778,96,11
FTSE100,0.08,M,18,Crisis_next_18M,NFCI,0.12060224937218811,0.02326161545315826,-2.2691103611318306,-8.294268415094383,0.00024994531223428715,96,11
FTSE100,0.08,M,18,Crisis_next_18M,EPU,0.054680382527035,0.05329151425786092,1.9325511572960152,0.004569284814982289,1.004579739914887,96,11
FTSE100,0.08,M,18,Crisis_next_18M,RSkew,0.0038933989451896966,0.6073201207574768,0.5139025554706163,0.27080802483775107,1.311023362301821,96,11
FTSE100,0.08,M,18,Crisis_next_18M,RSV_Ratio,0.00021045030452071511,0.9051801470982979,-0.11912017513744537,-0.3641093450964184,0.6948152159522509,96,11
FTSE100,0.08,M,18,Crisis_next_18M,HillTail,0.1431454585987706,0.01587523617716782,-2.4117712963013207,-24.12804669566906,3.3214097864362414e-11,96,11
FTSE100,0.08,M,24,Crisis_next_24M,HY_Spread,0.10773042437263558,0.05734446345994714,-1.9006760041511865,-1.8387149449874114,0.1590216464254943,90,8
FTSE100,0.08,M,24,Crisis_next_24M,Yield_Curve,0.13710621723469907,0.052101559695313895,1.9422936633959433,2.6670892775963697,14.39799956157023,90,8
FTSE100,0.08,M,24,Crisis_next_24M,Neely,0.0012487438540913498,0.7936506452970674,0.26157302205601113,0.20067121552088704,1.2222228578497314,90,8
FTSE100,0.08,M,24,Crisis_next_24M,PatroCorr,0.24460734791077587,0.03435274461431612,-2.1159066868175227,-10.808121987830251,2.0234489918627476e-05,90,8
FTSE100,0.08,M,24,Crisis_next_24M,SahmIndicator,0.12107654336418594,0.17212852932282185,-1.365396290002836,-9.496348532229145,7.512564854789116e-05,90,8
FTSE100,0.08,M,24,Crisis_next_24M,VIX,0.039217729212557506,0.2065325471843178,-1.2631575998093283,-0.09301658099833054,0.9111783919234896,90,8
FTSE100,0.08,M,24,Crisis_next_24M,M2_Growth,0.02687724569482486,0.23207816646096446,-1.195022686649427,-0.09915875437479038,0.905598928819306,90,8
FTSE100,0.08,M,24,Crisis_next_24M,BuffettDeviation,0.30796791662767076,0.0030822488392974775,2.95941383402208,26.464890125221338,311570079821.705,90,8
FTSE100,0.08,M,24,Crisis_next_24M,Systemic_Corr,0.004230885094575809,0.6323178648766838,0.4784669882168236,1.357305393412213,3.8857087259044962,90,8
FTSE100,0.08,M,24,Crisis_next_24M,Shiller_CAPE,0.007289931026028484,0.5219535175888321,0.6403370207085373,0.07513327163611774,1.0780278118417181,90,8
FTSE100,0.08,M,24,Crisis_next_24M,YC_10Y3M,0.13710621723469907,0.052101559695313895,1.9422936633959433,2.6670892775963697,14.39799956157023,90,8
FTSE100,0.08,M,24,Crisis_next_24M,CFNAI,0.0028866804501941346,0.7042649112639376,0.37956962594887816,0.09924934985253274,1.10434163265357,90,8
FTSE100,0.08,M,24,Crisis_next_24M,CISS,0.19917225662812899,0.06134365346451149,-1.871010299381728,-47.94214936144304,1.5100421909030925e-21,90,8
FTSE100,0.08,M,24,Crisis_next_24M,Downside_Beta,0.009739706870604437,0.49999722320696915,0.6744941192990317,1.356161766270075,3.881267463996995,90,8
FTSE100,0.08,M,24,Crisis_next_24M,NFCI,0.07280920685374559,0.10368655910047109,-1.6272380042793324,-5.949817110767153,0.0026063171421651797,90,8
FTSE100,0.08,M,24,Crisis_next_24M,EPU,0.008271838014425992,0.4938899442645289,0.6841349655589837,0.0018696751450737882,1.0018714240774564,90,8
FTSE100,0.08,M,24,Crisis_next_24M,RSkew,0.0021341913080394903,0.7339493996634194,-0.33987667911945496,-0.1992006442619077,0.819385471845147,90,8
FTSE100,0.08,M,24,Crisis_next_24M,RSV_Ratio,0.0249949551701244,0.26064731375484496,1.1248624790073676,4.325236273620287,75.58336910641576,90,8
FTSE100,0.08,M,24,Crisis_next_24M,HillTail,0.09524488183296442,0.06910131936695377,-1.817756752268653,-17.459163105677856,2.615663093138201e-08,90,8
FTSE100,0.1,D,5,Crisis_next_5D,HY_Spread,0.06205543354667298,0.00028591313709730264,3.627739842797884,0.5443998741052817,1.7235737107256013,2330,11
FTSE100,0.1,D,5,Crisis_next_5D,Yield_Curve,0.007783467600695149,0.2868578135013681,-1.0650400342210422,-0.446202024879308,0.6400544520757285,2330,11
FTSE100,0.1,D,5,Crisis_next_5D,Neely,0.07204978938726525,0.0032963643462388978,2.9386581490340453,1.99546152081139,7.355597005733192,2330,11
FTSE100,0.1,D,5,Crisis_next_5D,PatroCorr,0.022338830041577773,0.1029925625740171,1.6305156393238636,3.320574611194279,27.676249072880072,2330,11
FTSE100,0.1,D,5,Crisis_next_5D,SahmIndicator,6.140184284386674e-05,0.9257206909917384,0.09323018960783348,0.08202168980861976,1.0854793534136564,2330,11
FTSE100,0.1,D,5,Crisis_next_5D,VIX,0.16516381663354462,2.9575352514742892e-09,5.933938015589369,0.08970900550330116,1.0938559313318634,2330,11
FTSE100,0.1,D,5,Crisis_next_5D,M2_Growth,0.0226538922932088,0.08686253139462985,1.7121852684240926,0.1068063539522368,1.1127187600250235,2330,11
FTSE100,0.1,D,5,Crisis_next_5D,BuffettDeviation,0.05956625875611665,0.004265303606955204,-2.857843752607272,-12.170770819723224,5.179661663652685e-06,2330,11
FTSE100,0.1,D,5,Crisis_next_5D,Systemic_Corr,0.1394308179578545,2.8450444743234736e-05,4.185527637703666,9.401170048325454,12102.532997651682,2330,11
FTSE100,0.1,D,5,Crisis_next_5D,Shiller_CAPE,0.3627895106112696,2.77273976780127e-10,-6.310980028973225,-1.0766827301077257,0.34072392622758235,2330,11
FTSE100,0.1,D,5,Crisis_next_5D,YC_10Y3M,0.007783467600695149,0.2868578135013681,-1.0650400342210422,-0.446202024879308,0.6400544520757285,2330,11
FTSE100,0.1,D,5,Crisis_next_5D,CFNAI,0.053600476537192576,0.0010281455561319084,-3.282709504235725,-0.3429258251589963,0.7096908508139513,2330,11
FTSE100,0.1,D,5,Crisis_next_5D,CISS,0.02874931411798698,0.021725353849769678,2.2951356105456866,3.3587769313627756,28.754001246841753,2330,11
FTSE100,0.1,D,5,Crisis_next_5D,Downside_Beta,0.027815900670674965,0.06722294401793692,1.8301805579192658,3.2289671005383154,25.253559107440882,2330,11
FTSE100,0.1,D,5,Crisis_next_5D,NFCI,0.07011036800044523,0.0003079901150456008,3.608485171198576,4.100686475350118,60.381723938302684,2330,11
FTSE100,0.1,D,5,Crisis_next_5D,EPU,0.03448792965206526,0.017920158121207584,2.3672637268463745,0.004310448643904286,1.0043197519900557,2330,11
FTSE100,0.1,D,5,Crisis_next_5D,RSkew,0.16080557740295864,2.782157946592684e-07,-5.137636214779015,-1.7429056321436496,0.1750111431148739,2330,11
FTSE100,0.1,D,5,Crisis_next_5D,RSV_Ratio,0.19766638985442708,3.800042030574224e-08,5.49990116035006,13.116356956186015,497005.79063403665,2330,11
FTSE100,0.1,D,5,Crisis_next_5D,HillTail,0.07129410501293654,0.0011893482257124962,3.2414223696753517,7.774809338771033,2379.889504176184,2330,11
FTSE100,0.1,D,10,Crisis_next_10D,HY_Spread,0.0196381342220594,0.02363150128669705,2.2630679434757313,0.3598343495134181,1.4330920025096399,2325,16
FTSE100,0.1,D,10,Crisis_next_10D,Yield_Curve,0.011769291558995754,0.1245856238657408,-1.5358074016497432,-0.5298101995763965,0.5887166977536179,2325,16
FTSE100,0.1,D,10,Crisis_next_10D,Neely,0.06394711897525651,0.000873599853887168,3.3283565387333787,1.8016180051698791,6.059443748368181,2325,16
FTSE100,0.1,D,10,Crisis_next_10D,PatroCorr,0.007693105334718564,0.23866278264529717,1.17833574552787,1.7758323436734433,5.905194242407105,2325,16
FTSE100,0.1,D,10,Crisis_next_10D,SahmIndicator,0.0006900145779358269,0.7239416014666789,-0.3531958732264196,-0.2832578179008851,0.7533255420108403,2325,16
FTSE100,0.1,D,10,Crisis_next_10D,VIX,0.08983446623233382,2.214111114747333e-07,5.180399568634998,0.0738999106790705,1.076699034027762,2325,16
FTSE100,0.1,D,10,Crisis_next_10D,M2_Growth,0.004552998110628703,0.3533443865306537,0.9281218117174526,0.04518451442863341,1.0462208849490275,2325,16
FTSE100,0.1,D,10,Crisis_next_10D,BuffettDeviation,0.00894819385536716,0.18365563059585688,-1.329583217586805,-4.576731288478054,0.010288471437915999,2325,16
FTSE100,0.1,D,10,Crisis_next_10D,Systemic_Corr,0.11237870878681311,7.3292862029501744e-06,4.4838946375902085,8.086263202786112,3249.522049400134,2325,16
FTSE100,0.1,D,10,Crisis_next_10D,Shiller_CAPE,0.10708434645543341,6.452405572174929e-06,-4.510995612096817,-0.5560244691167138,0.5734844430462602,2325,16
FTSE100,0.1,D,10,Crisis_next_10D,YC_10Y3M,0.011769291558995754,0.1245856238657408,-1.5358074016497432,-0.5298101995763965,0.5887166977536179,2325,16
FTSE100,0.1,D,10,Crisis_next_10D,CFNAI,0.026027761442253716,0.009718879627196956,-2.585674028238418,-0.26001098155109625,0.771043118507671,2325,16
FTSE100,0.1,D,10,Crisis_next_10D,CISS,0.0011703575715462655,0.6060768717400815,0.5156815084829222,0.8836596293180536,2.4197388698313325,2325,16
FTSE100,0.1,D,10,Crisis_next_10D,Downside_Beta,0.020555456847443976,0.06391277554205142,1.8527878280055619,2.6314076555174952,13.89331314272926,2325,16
FTSE100,0.1,D,10,Crisis_next_10D,NFCI,0.021365499617641226,0.024724114860299906,2.2456861978532894,2.5302461815261474,12.556596958403453,2325,16
FTSE100,0.1,D,10,Crisis_next_10D,EPU,9.614675497449099e-05,0.8916453768957326,0.13622251472417843,0.0002581500831469481,1.000258183406747,2325,16
FTSE100,0.1,D,10,Crisis_next_10D,RSkew,0.07885261283943601,2.603439097922732e-05,-4.205640397055579,-1.2671590059045506,0.281630597162448,2325,16
FTSE100,0.1,D,10,Crisis_next_10D,RSV_Ratio,0.1100596937676468,2.096562596955446e-06,4.743886585004852,9.869922549861334,19339.841042370554,2325,16
FTSE100,0.1,D,10,Crisis_next_10D,HillTail,0.06283218159931658,0.0003323446785013328,3.5886892643725505,7.2003534869695445,1339.9043194090707,2325,16
FTSE100,0.1,D,15,Crisis_next_15D,HY_Spread,0.00425663027365053,0.27279908631108996,1.096639332736884,0.1932321596907754,1.2131644087019917,2320,21
FTSE100,0.1,D,15,Crisis_next_15D,Yield_Curve,0.013945897497681492,0.06161868552698428,-1.8690296777990814,-0.5622631205796359,0.569917810543228,2320,21
FTSE100,0.1,D,15,Crisis_next_15D,Neely,0.01710374134457937,0.03793795683049119,2.0755244328992983,0.9122973014958699,2.4900363319030006,2320,21
FTSE100,0.1,D,15,Crisis_next_15D,PatroCorr,0.0037929306352610936,0.3475633815431588,0.9393260232902877,1.201149235417602,3.323934712043888,2320,21
FTSE100,0.1,D,15,Crisis_next_15D,SahmIndicator,0.0014688546210624986,0.5689790830032987,-0.5695556986814057,-0.4131623704565443,0.6615548571425223,2320,21
FTSE100,0.1,D,15,Crisis_next_15D,VIX,0.034835170414872274,0.00041940936510423383,3.527559577035271,0.054069482549477035,1.0555579424640777,2320,21
FTSE100,0.1,D,15,Crisis_next_15D,M2_Growth,0.0013715837931659314,0.5668796518683163,0.5726530215171093,0.024174862509219405,1.0244694435264996,2320,21
FTSE100,0.1,D,15,Crisis_next_15D,BuffettDeviation,8.738202612756929e-05,0.9086341333280937,0.11476154112438479,0.3306445087670154,1.391864908577494,2320,21
FTSE100,0.1,D,15,Crisis_next_15D,Systemic_Corr,0.09555392447090894,3.0099374005476618e-06,4.6701405408490775,7.245048323987934,1401.1496034759605,2320,21
FTSE100,0.1,D,15,Crisis_next_15D,Shiller_CAPE,0.047722890815996566,0.001303653620205634,-3.2151742493913624,-0.3552963472007529,0.7009656832075031,2320,21
FTSE100,0.1,D,15,Crisis_next_15D,YC_10Y3M,0.013945897497681492,0.06161868552698428,-1.8690296777990814,-0.5622631205796359,0.569917810543228,2320,21
FTSE100,0.1,D,15,Crisis_next_15D,CFNAI,0.017800427410214037,0.019196216280431826,-2.3416984765499125,-0.22175965591821084,0.8011078827368936,2320,21
FTSE100,0.1,D,15,Crisis_next_15D,CISS,0.0017660174190298195,0.5344202149838533,-0.6212726966921954,-1.305695653463098,0.2709839585320556,2320,21
FTSE100,0.1,D,15,Crisis_next_15D,Downside_Beta,0.00862995605396566,0.17465002215707348,1.3574129928285459,1.5550690795063828,4.7354136338973865,2320,21
FTSE100,0.1,D,15,Crisis_next_15D,NFCI,0.0011474444372744363,0.6067721960461163,0.5146863748884402,0.6443351344674989,1.9047202253645583,2320,21
FTSE100,0.1,D,15,Crisis_next_15D,EPU,0.004464024895205587,0.31595913803929,-1.002796333957261,-0.001845529417511608,0.998156172524748,2320,21
FTSE100,0.1,D,15,Crisis_next_15D,RSkew,0.02952691272143071,0.005121214512705356,-2.799308740929235,-0.8095636991630523,0.44505220051695504,2320,21
FTSE100,0.1,D,15,Crisis_next_15D,RSV_Ratio,0.04842066459325445,0.0005872628043817511,3.4374298554994542,6.538638941471569,691.3449764181514,2320,21
FTSE100,0.1,D,15,Crisis_next_15D,HillTail,0.07180450949606576,1.8400017831082897e-05,4.283470894079974,7.720164940025922,2253.3312144281513,2320,21
FTSE100,0.1,W,4,Crisis_next_4W,HY_Spread,0.04431719980791937,0.26649541483319383,1.1111694583824305,0.4655180228098565,1.5928391021940675,112,2
FTSE100,0.1,W,4,Crisis_next_4W,Yield_Curve,0.01937001147043116,0.523901235999062,-0.6373433251455957,-0.6230396648456907,0.5363117494682441,112,2
FTSE100,0.1,W,4,Crisis_next_4W,Neely,0.02469911734541963,0.4729768307709208,0.7176439831632179,1.026803761257377,2.792127252089266,112,2
FTSE100,0.1,W,4,Crisis_next_4W,PatroCorr,0.017034019371425346,0.5768887924384757,0.5579349679071834,2.4957548700167527,12.130887306298959,112,2
FTSE100,0.1,W,4,Crisis_next_4W,SahmIndicator,0.0015007760341130272,0.8672483948116209,-0.1671546138389702,-0.38844915702640254,0.6781076980152275,112,2
FTSE100,0.1,W,4,Crisis_next_4W,VIX,0.13126756190535982,0.07659829155224931,1.7707739976866774,0.11319156546864499,1.1198464363095937,112,2
FTSE100,0.1,W,4,Crisis_next_4W,M2_Growth,0.027938505588571583,0.4708222438871895,0.7211418513281693,0.10620340172063734,1.1120480459901059,112,2
FTSE100,0.1,W,4,Crisis_next_4W,BuffettDeviation,0.003914635816896883,0.782208424200524,-0.27644223111508853,-2.7380017020365166,0.06469950669276876,112,2
FTSE100,0.1,W,4,Crisis_next_4W,Systemic_Corr,0.17904518762607535,0.074606930104384,1.7828733011401834,9.845187795738727,18867.34248683756,112,2
FTSE100,0.1,W,4,Crisis_next_4W,Shiller_CAPE,0.23784412353556317,0.03942863732219197,-2.0596852822540526,-0.8059837258351437,0.44664833087168704,112,2
FTSE100,0.1,W,4,Crisis_next_4W,YC_10Y3M,0.01937001147043116,0.523901235999062,-0.6373433251455957,-0.6230396648456907,0.5363117494682441,112,2
FTSE100,0.1,W,4,Crisis_next_4W,CFNAI,0.059646508984431246,0.2041755848775889,-1.2697446995387325,-0.3355199944946136,0.7149662111807695,112,2
FTSE100,0.1,W,4,Crisis_next_4W,CISS,0.008368932746169788,0.6511983209498481,0.4520980881203519,1.9374315387590797,6.940900622261162,112,2
FTSE100,0.1,W,4,Crisis_next_4W,Downside_Beta,0.012084538735157357,0.6442104623700208,0.4618199231461539,1.7130432236591064,5.545812972431408,112,2
FTSE100,0.1,W,4,Crisis_next_4W,NFCI,0.025541768898277528,0.4291919950403046,0.7905750774606025,2.511421217010043,12.322430469413513,112,2
FTSE100,0.1,W,4,Crisis_next_4W,EPU,0.00473553408921612,0.7643351553063689,-0.29979286861031484,-0.0018147725064964976,0.998186873197452,112,2
FTSE100,0.1,W,4,Crisis_next_4W,RSkew,0.049899482423892305,0.2879816631974105,-1.0625597170916306,-0.969007872620623,0.3794593233951635,112,2
FTSE100,0.1,W,4,Crisis_next_4W,RSV_Ratio,0.13225019794040127,0.15000915644975102,1.4394991294129436,12.349228018187308,230781.81473150643,112,2
FTSE100,0.1,W,4,Crisis_next_4W,HillTail,0.12724836619790092,0.11192241189635023,1.5896114616997896,9.082956135461131,8803.953275665302,112,2
FTSE100,0.1,W,8,Crisis_next_8W,HY_Spread,0.006642611428692824,0.7389793471989725,-0.33320526090557545,-0.3349157106135236,0.7153983843021847,111,2
FTSE100,0.1,W,8,Crisis_next_8W,Yield_Curve,0.015710449277381522,0.565999866542023,-0.5739526157824382,-0.5636415873808263,0.5691327389838418,111,2
FTSE100,0.1,W,8,Crisis_next_8W,Neely,0.06359798185766541,0.9615176601585305,-0.048249174566729995,-10.487961967602743,2.7869937261012695e-05,111,2
FTSE100,0.1,W,8,Crisis_next_8W,PatroCorr,0.001971311252431329,0.8432208130097902,-0.19777537562712488,-0.7912697065528241,0.4532689112510526,111,2
FTSE100,0.1,W,8,Crisis_next_8W,SahmIndicator,0.021679356503648273,0.5761927866294996,-0.5589544801961807,-1.8962694691264845,0.15012763163257314,111,2
FTSE100,0.1,W,8,Crisis_next_8W,VIX,0.04123809654191135,0.4397160924800876,-0.7726727249101506,-0.13506479933258356,0.8736592973143961,111,2
FTSE100,0.1,W,8,Crisis_next_8W,M2_Growth,0.003984909111291679,0.7792494298087701,-0.28029728993034225,-0.03927236268624002,0.9614887998085149,111,2
FTSE100,0.1,W,8,Crisis_next_8W,BuffettDeviation,0.07041121143730822,0.26074494895985045,1.1246321387163059,11.538659763743643,102606.82846496986,111,2
FTSE100,0.1,W,8,Crisis_next_8W,Systemic_Corr,0.0150506844365077,0.5805274246796079,0.5526144798933922,2.800527146794928,16.453317799187694,111,2
FTSE100,0.1,W,8,Crisis_next_8W,Shiller_CAPE,0.000546273111756479,0.9177879979669927,-0.10322046497066872,-0.02917860347408737,0.9712429816040475,111,2
FTSE100,0.1,W,8,Crisis_next_8W,YC_10Y3M,0.015710449277381522,0.565999866542023,-0.5739526157824382,-0.5636415873808263,0.5691327389838418,111,2
FTSE100,0.1,W,8,Crisis_next_8W,CFNAI,0.013348800915536252,0.5667337188067264,-0.5728685227949795,-0.1879600504298231,0.828647810695307,111,2
FTSE100,0.1,W,8,Crisis_next_8W,CISS,0.07695898901890497,0.4490716215394962,-0.7569636812784575,-26.12293691126444,4.518066806435387e-12,111,2
FTSE100,0.1,W,8,Crisis_next_8W,Downside_Beta,0.006707921281255413,0.7274891405848652,0.3484674690731344,1.229383268729899,3.4191202075638008,111,2
FTSE100,0.1,W,8,Crisis_next_8W,NFCI,0.0977082933046991,0.2634106815670433,-1.1183660649307778,-10.569077780796995,2.5698503924886123e-05,111,2
FTSE100,0.1,W,8,Crisis_next_8W,EPU,0.004157539935365384,0.7785499605001693,-0.28120918460184025,-0.0016847790790609956,0.9983166393645118,111,2
FTSE100,0.1,W,8,Crisis_next_8W,RSkew,0.06677874278493046,0.2674263595227635,1.1090088607494017,1.430031646815859,4.178831436539652,111,2
FTSE100,0.1,W,8,Crisis_next_8W,RSV_Ratio,0.04639582901313133,0.349268101648898,-0.9360098783775035,-6.35771384244395,0.0017333248393602652,111,2
FTSE100,0.1,W,8,Crisis_next_8W,HillTail,0.08514886471334637,0.18301217119004332,1.3315376316066616,7.894627383828417,2682.8297245231524,111,2
FTSE100,0.1,W,12,Crisis_next_12W,HY_Spread,0.00732300697598498,0.7276195756727353,-0.34829376526910305,-0.35546098101508405,0.7008502900524297,110,2
FTSE100,0.1,W,12,Crisis_next_12W,Yield_Curve,0.015187443076897011,0.5731279338965785,-0.5634508288614622,-0.5540715510971146,0.574605505464243,110,2
FTSE100,0.1,W,12,Crisis_next_12W,Neely,0.06440374622895273,0.9612128379534108,-0.04863166103224495,-10.484245347327846,2.7973711961018513e-05,110,2
FTSE100,0.1,W,12,Crisis_next_12W,PatroCorr,0.0023661631741193068,0.8285147320028703,-0.21660686917691452,-0.8697151875475301,0.41907088885974336,110,2
FTSE100,0.1,W,12,Crisis_next_12W,SahmIndicator,0.02055662936912961,0.5859806365231998,-0.5446698036059654,-1.8505476950018234,0.15715107188243374,110,2
FTSE100,0.1,W,12,Crisis_next_12W,VIX,0.04099077324096445,0.4418710584711276,-0.7690374842534292,-0.13371165735989965,0.8748422825724174,110,2
FTSE100,0.1,W,12,Crisis_next_12W,M2_Growth,0.004506569844662134,0.7658053296389863,-0.2978661429412151,-0.04187675593291745,0.9589879628665285,110,2
FTSE100,0.1,W,12,Crisis_next_12W,BuffettDeviation,0.0781077924261041,0.2463858112518329,1.159172664923857,12.599123627226193,296298.7832953003,110,2
FTSE100,0.1,W,12,Crisis_next_12W,Systemic_Corr,0.014325841193936206,0.5902881907449875,0.5384184513485957,2.7400329871998568,15.487495977038702,110,2
FTSE100,0.1,W,12,Crisis_next_12W,Shiller_CAPE,0.0005548228881367967,0.917220464119477,-0.10393558898075662,-0.029252487903990775,0.9711712245209523,110,2
FTSE100,0.1,W,12,Crisis_next_12W,YC_10Y3M,0.015187443076897011,0.5731279338965785,-0.5634508288614622,-0.5540715510971146,0.574605505464243,110,2
FTSE100,0.1,W,12,Crisis_next_12W,CFNAI,0.012893582830931671,0.5744171167072356,-0.56155812648641,-0.18509722626248887,0.8310234826169329,110,2
FTSE100,0.1,W,12,Crisis_next_12W,CISS,0.07764404871850683,0.4470356973079018,-0.7603662399609586,-25.937579096656957,5.438166802665574e-12,110,2
FTSE100,0.1,W,12,Crisis_next_12W,Downside_Beta,0.007645511325524157,0.7113842721836883,0.3699976086538296,1.3308568741214533,3.784284654280143,110,2
FTSE100,0.1,W,12,Crisis_next_12W,NFCI,0.098290623836787,0.2624249461205812,-1.1206780091448898,-10.524074469539297,2.688144007463241e-05,110,2
FTSE100,0.1,W,12,Crisis_next_12W,EPU,0.004640437795771057,0.7668368127969469,-0.29651500079948867,-0.0017850484336059454,0.998216543817793,110,2
FTSE100,0.1,W,12,Crisis_next_12W,RSkew,0.06670507024108274,0.26863481951742296,1.106211885778833,1.421808553657713,4.144609414620716,110,2
FTSE100,0.1,W,12,Crisis_next_12W,RSV_Ratio,0.04800037520209932,0.3407528365128636,-0.9526788028091278,-6.447939829843116,0.0015837816697510416,110,2
FTSE100,0.1,W,12,Crisis_next_12W,HillTail,0.09034698229863658,0.16930844148495272,1.3744293117512925,8.165804196755808,3518.549805948684,110,2
FTSE100,0.1,W,16,Crisis_next_16W,HY_Spread,0.004160065934366353,0.753328932041005,-0.31425294704264417,-0.24329466354550183,0.784040451591145,109,3
FTSE100,0.1,W,16,Crisis_next_16W,Yield_Curve,0.012098903485907031,0.5563971412442517,-0.5882013650693486,-0.47890804533348474,0.6194594442605268,109,3
FTSE100,0.1,W,16,Crisis_next_16W,Neely,0.07146819720015207,0.9820083509076328,-0.022551099416722706,-12.861476497113888,2.596161637206054e-06,109,3
FTSE100,0.1,W,16,Crisis_next_16W,PatroCorr,0.007147410621348493,0.6598964579938493,-0.4400561252605804,-1.4600773577518857,0.23221831014849817,109,3
FTSE100,0.1,W,16,Crisis_next_16W,SahmIndicator,0.03780126563974162,0.41858418582706547,-0.8088799794601111,-2.7696552168107136,0.06268361327291025,109,3
FTSE100,0.1,W,16,Crisis_next_16W,VIX,0.057735350704472777,0.2920897638743213,-1.053548312995054,-0.15943348733830784,0.8526266759801321,109,3
FTSE100,0.1,W,16,Crisis_next_16W,M2_Growth,0.016581035415289103,0.5104016552062942,-0.6582124043217201,-0.0788073293711296,0.9242179769506244,109,3
FTSE100,0.1,W,16,Crisis_next_16W,BuffettDeviation,0.04412410969100844,0.2832111882310743,1.0731335758774934,8.881002989624996,7194.002628468134,109,3
FTSE100,0.1,W,16,Crisis_next_16W,Systemic_Corr,0.028549932213709495,0.37499524590427624,0.8871553904429887,3.7141898690376505,41.02533772171294,109,3
FTSE100,0.1,W,16,Crisis_next_16W,Shiller_CAPE,0.002296591410246296,0.806636111670957,-0.24476794958299122,-0.058417784421171855,0.9432557875323867,109,3
FTSE100,0.1,W,16,Crisis_next_16W,YC_10Y3M,0.012098903485907031,0.5563971412442517,-0.5882013650693486,-0.47890804533348474,0.6194594442605268,109,3
FTSE100,0.1,W,16,Crisis_next_16W,CFNAI,0.019714147990567144,0.4131136481089297,-0.8184265824331352,-0.21463763314100331,0.8068337570254249,109,3
FTSE100,0.1,W,16,Crisis_next_16W,CISS,0.08430235408231157,0.3498655634769896,-0.9348500858864094,-25.47554216761818,8.632023482132285e-12,109,3
FTSE100,0.1,W,16,Crisis_next_16W,Downside_Beta,0.009061645278884312,0.6381014983949915,0.4703548745014492,1.4141889198153705,4.11314901902192,109,3
FTSE100,0.1,W,16,Crisis_next_16W,NFCI,0.09413398224004477,0.19579015934688215,-1.2936389575182174,-9.477949576309433,7.652067621656291e-05,109,3
FTSE100,0.1,W,16,Crisis_next_16W,EPU,0.00011233194950877046,0.9555284916162758,0.05576566011130588,0.00024997954566240534,1.0002500107931527,109,3
FTSE100,0.1,W,16,Crisis_next_16W,RSkew,0.001589556119543034,0.8361526008032263,0.20681722829156704,0.1915306222936154,1.211101919290729,109,3
FTSE100,0.1,W,16,Crisis_next_16W,RSV_Ratio,0.0025790131083084367,0.7856887124011224,-0.2719132637071035,-1.438402740239998,0.23730649624770792,109,3
FTSE100,0.1,W,16,Crisis_next_16W,HillTail,0.08702406722404621,0.1101873482090738,1.5973516293571344,7.871007582202313,2620.204329838859,109,3
FTSE100,0.1,M,6,Crisis_next_6M,HY_Spread,0.001624228881829004,0.7795525038946605,-0.27990224615509274,-0.1274775581176078,0.8803131714972062,108,7
FTSE100,0.1,M,6,Crisis_next_6M,Yield_Curve,0.0004017823766501172,0.8846744046745018,-0.14504618791182564,-0.0836830108701621,0.9197227520070169,108,7
FTSE100,0.1,M,6,Crisis_next_6M,Neely,0.01483376528144753,0.4230227924102822,-0.8011880427911386,-0.8833895376963256,0.41337936939016806,108,7
FTSE100,0.1,M,6,Crisis_next_6M,PatroCorr,0.09738481805101007,0.04807790500687759,-1.9766791857390056,-5.462119116246322,0.004244551509611778,108,7
FTSE100,0.1,M,6,Crisis_next_6M,SahmIndicator,0.1361388211185487,0.1197266871892209,-1.5559218068807164,-8.668737136589742,0.00017187602316696193,108,7
FTSE100,0.1,M,6,Crisis_next_6M,VIX,0.06748230944874878,0.12427261205458388,-1.5370845247945502,-0.15716395713899292,0.854563935472941,108,7
FTSE100,0.1,M,6,Crisis_next_6M,M2_Growth,0.026872642894320675,0.25177813367658963,-1.1460411312035443,-0.09232551226374053,0.9118082964503752,108,7
FTSE100,0.1,M,6,Crisis_next_6M,BuffettDeviation,0.0898736239983744,0.042552382065727846,2.028077076882871,12.425324406795264,249028.9432877825,108,7
FTSE100,0.1,M,6,Crisis_next_6M,Systemic_Corr,0.021681326079972196,0.29249887786370377,1.0526555715361214,2.8489163470630925,17.26905803189091,108,7
FTSE100,0.1,M,6,Crisis_next_6M,Shiller_CAPE,0.008463291583054589,0.5260586158859558,-0.6340340269511577,-0.1046769858256449,0.9006153871427387,108,7
FTSE100,0.1,M,6,Crisis_next_6M,YC_10Y3M,0.0004017823766501172,0.8846744046745018,-0.14504618791182564,-0.0836830108701621,0.9197227520070169,108,7
FTSE100,0.1,M,6,Crisis_next_6M,CFNAI,0.028383365682318806,0.1894628878325424,-1.3121696852103406,-0.2414383695175379,0.785497212869434,108,7
FTSE100,0.1,M,6,Crisis_next_6M,CISS,0.031846568481094684,0.34476926973961675,-0.9447837889764485,-7.306861416498417,0.0006709194878462368,108,7
FTSE100,0.1,M,6,Crisis_next_6M,Downside_Beta,0.05958442753644,0.11370255563487063,1.5817679433715228,4.093658000371334,59.95882042673355,108,7
FTSE100,0.1,M,6,Crisis_next_6M,NFCI,0.08310672246677497,0.08640711161587435,-1.7146625601513072,-7.424555404665452,0.0005964259859575789,108,7
FTSE100,0.1,M,6,Crisis_next_6M,EPU,0.042498454889494885,0.12278790326361043,1.54317672350832,0.0037544661655801665,1.0037615230024624,108,7
FTSE100,0.1,M,6,Crisis_next_6M,RSkew,0.07081657838202848,0.059007802994319236,-1.8881351954098473,-1.1841197360602753,0.30601543532594433,108,7
FTSE100,0.1,M,6,Crisis_next_6M,RSV_Ratio,0.02798112087585558,0.24561481682380815,1.1610665985474515,4.516701903191938,91.53321420517364,108,7
FTSE100,0.1,M,6,Crisis_next_6M,HillTail,0.04938021132436232,0.0959674554806651,1.664725889008872,5.951170233497172,384.2026829404831,108,7
FTSE100,0.1,M,12,Crisis_next_12M,HY_Spread,7.706350680936058e-05,0.9419288380275603,-0.07284578314443155,-0.02495152021465489,0.9753571959896616,102,11
FTSE100,0.1,M,12,Crisis_next_12M,Yield_Curve,0.0003794040178854985,0.8702455585319433,-0.1633465829237022,-0.07590034280151092,0.9269085750685592,102,11
FTSE100,0.1,M,12,Crisis_next_12M,Neely,0.011662448210938536,0.39442204546935267,-0.8516253853589693,-0.6932958660806724,0.4999256627662086,102,11
FTSE100,0.1,M,12,Crisis_next_12M,PatroCorr,0.26136903869316475,0.004252214681489541,-2.8588188979598703,-10.235420425654855,3.587677435786606e-05,102,11
FTSE100,0.1,M,12,Crisis_next_12M,SahmIndicator,0.1066362316477284,0.06427579437027399,-1.850262016502677,-6.084341187189776,0.002278264779963032,102,11
FTSE100,0.1,M,12,Crisis_next_12M,VIX,0.08225025631175609,0.05062483198735578,-1.9546463038639674,-0.15849306571921162,0.8534288816859142,102,11
FTSE100,0.1,M,12,Crisis_next_12M,M2_Growth,0.03023140414502723,0.15518461679981208,-1.4214546904736904,-0.09425876962472822,0.9100472391864057,102,11
FTSE100,0.1,M,12,Crisis_next_12M,BuffettDeviation,0.0680893951434246,0.03514418423803893,2.1066931744850494,9.868742913323757,19317.040510060528,102,11
FTSE100,0.1,M,12,Crisis_next_12M,Systemic_Corr,0.0012728086127606897,0.7654064533743656,0.2983887775678883,0.6892233543541805,1.992167723882687,102,11
FTSE100,0.1,M,12,Crisis_next_12M,Shiller_CAPE,0.044852615573404586,0.11008219969825611,-1.597823784827985,-0.24672728988930115,0.7813537475460524,102,11
FTSE100,0.1,M,12,Crisis_next_12M,YC_10Y3M,0.0003794040178854985,0.8702455585319433,-0.1633465829237022,-0.07590034280151092,0.9269085750685592,102,11
FTSE100,0.1,M,12,Crisis_next_12M,CFNAI,0.05562555529226809,0.045597409764668986,-1.9991011589981984,-0.32802375740551054,0.7203459059522174,102,11
FTSE100,0.1,M,12,Crisis_next_12M,CISS,0.02759180709965614,0.2793411704918555,-1.0818005312892431,-5.443606461135992,0.004323861279956365,102,11
FTSE100,0.1,M,12,Crisis_next_12M,Downside_Beta,0.09545686183945823,0.025836597130555163,2.228659076006172,5.911807404462063,369.37315915102783,102,11
FTSE100,0.1,M,12,Crisis_next_12M,NFCI,0.13534947396922958,0.015722892540426414,-2.415285214279146,-9.405946601796238,8.223359823206532e-05,102,11
FTSE100,0.1,M,12,Crisis_next_12M,EPU,0.07042148976831086,0.026015220228312628,2.2259844914984073,0.004718143024798777,1.004729290987265,102,11
FTSE100,0.1,M,12,Crisis_next_12M,RSkew,0.019846476629032272,0.2401051393558239,-1.17472403743295,-0.608218928416637,0.5443194781922384,102,11
FTSE100,0.1,M,12,Crisis_next_12M,RSV_Ratio,6.227499686561888e-05,0.9474735326103334,-0.06587978780894722,-0.1996228466585354,0.8190395983546181,102,11
FTSE100,0.1,M,12,Crisis_next_12M,HillTail,0.0011132333548690143,0.7773972265206133,0.2827125089579806,1.139805713837819,3.1261609363698724,102,11
FTSE100,0.1,M,18,Crisis_next_18M,HY_Spread,0.013261692124051816,0.4432426762331507,-0.7667289687934284,-0.41784750264772214,0.6584626345771433,96,8
FTSE100,0.1,M,18,Crisis_next_18M,Yield_Curve,0.026627374950788707,0.26573442379925216,1.1129394772183567,0.7320205966711504,2.079277747577806,96,8
FTSE100,0.1,M,18,Crisis_next_18M,Neely,0.06593234158993877,0.06156946915262659,1.8693835671933343,1.4349617503277088,4.199484376814678,96,8
FTSE100,0.1,M,18,Crisis_next_18M,PatroCorr,0.42707982075754136,0.027049207208395546,-2.210806966642453,-42.78020668975088,2.6350708696539445e-19,96,8
FTSE100,0.1,M,18,Crisis_next_18M,SahmIndicator,0.10470945371142082,0.13543505687650798,-1.4930081372761244,-7.080088733447154,0.000841698458259177,96,8
FTSE100,0.1,M,18,Crisis_next_18M,VIX,0.058823491567672526,0.134020664857307,-1.4984334740189504,-0.1285013088234685,0.8794124114220602,96,8
FTSE100,0.1,M,18,Crisis_next_18M,M2_Growth,0.03137546341623987,0.1959626600932054,-1.293139950056879,-0.10190661971111724,0.9031138807665579,96,8
FTSE100,0.1,M,18,Crisis_next_18M,BuffettDeviation,0.07705252299044074,0.04930690602654552,1.9659281915784577,10.600944781137542,40172.77398628792,96,8
FTSE100,0.1,M,18,Crisis_next_18M,Systemic_Corr,0.0049797466822284475,0.6013373839632536,-0.5224782532449797,-1.472169806094993,0.22942713232762987,96,8
FTSE100,0.1,M,18,Crisis_next_18M,Shiller_CAPE,0.00709111130894946,0.5468361014717545,-0.6025079070433182,-0.08654501768653165,0.9170942623933793,96,8
FTSE100,0.1,M,18,Crisis_next_18M,YC_10Y3M,0.026627374950788707,0.26573442379925216,1.1129394772183567,0.7320205966711504,2.079277747577806,96,8
FTSE100,0.1,M,18,Crisis_next_18M,CFNAI,0.03385563224235366,0.14637168425273514,-1.4524674111095286,-0.2586681116170226,0.7720792246515832,96,8
FTSE100,0.1,M,18,Crisis_next_18M,CISS,0.02325935322265127,0.36912796169648643,-0.8981080238505469,-4.871589258441351,0.007661180012678619,96,8
FTSE100,0.1,M,18,Crisis_next_18M,Downside_Beta,0.22620209382286205,0.0024945855110582666,3.0239974380028634,10.722446575982689,45362.7506040708,96,8
FTSE100,0.1,M,18,Crisis_next_18M,NFCI,0.13288920338783905,0.037510066257843325,-2.080168654187507,-9.633565473720793,6.549311903640682e-05,96,8
FTSE100,0.1,M,18,Crisis_next_18M,EPU,0.045754831036129984,0.10428657184645246,1.6244182634169688,0.0042279244626633305,1.0042368747445543,96,8
FTSE100,0.1,M,18,Crisis_next_18M,RSkew,0.023208839607010034,0.26347558790772896,1.118214043273436,0.6917175917509958,1.9971428651327165,96,8
FTSE100,0.1,M,18,Crisis_next_18M,RSV_Ratio,0.00798699140114334,0.50513187565532,-0.6664369120308387,-2.3114455024234593,0.09911787283207522,96,8
FTSE100,0.1,M,18,Crisis_next_18M,HillTail,0.10796363738950876,0.054558158976836774,-1.9223784197559073,-20.435777225962276,1.333075409659756e-09,96,8
FTSE100,0.1,M,24,Crisis_next_24M,HY_Spread,0.10773042437263558,0.05734446345994714,-1.9006760041511865,-1.8387149449874114,0.1590216464254943,90,8
FTSE100,0.1,M,24,Crisis_next_24M,Yield_Curve,0.13710621723469907,0.052101559695313895,1.9422936633959433,2.6670892775963697,14.39799956157023,90,8
FTSE100,0.1,M,24,Crisis_next_24M,Neely,0.0012487438540913498,0.7936506452970674,0.26157302205601113,0.20067121552088704,1.2222228578497314,90,8
FTSE100,0.1,M,24,Crisis_next_24M,PatroCorr,0.24460734791077587,0.03435274461431612,-2.1159066868175227,-10.808121987830251,2.0234489918627476e-05,90,8
FTSE100,0.1,M,24,Crisis_next_24M,SahmIndicator,0.12107654336418594,0.17212852932282185,-1.365396290002836,-9.496348532229145,7.512564854789116e-05,90,8
FTSE100,0.1,M,24,Crisis_next_24M,VIX,0.039217729212557506,0.2065325471843178,-1.2631575998093283,-0.09301658099833054,0.9111783919234896,90,8
FTSE100,0.1,M,24,Crisis_next_24M,M2_Growth,0.02687724569482486,0.23207816646096446,-1.195022686649427,-0.09915875437479038,0.905598928819306,90,8
FTSE100,0.1,M,24,Crisis_next_24M,BuffettDeviation,0.30796791662767076,0.0030822488392974775,2.95941383402208,26.464890125221338,311570079821.705,90,8
FTSE100,0.1,M,24,Crisis_next_24M,Systemic_Corr,0.004230885094575809,0.6323178648766838,0.4784669882168236,1.357305393412213,3.8857087259044962,90,8
FTSE100,0.1,M,24,Crisis_next_24M,Shiller_CAPE,0.007289931026028484,0.5219535175888321,0.6403370207085373,0.07513327163611774,1.0780278118417181,90,8
FTSE100,0.1,M,24,Crisis_next_24M,YC_10Y3M,0.13710621723469907,0.052101559695313895,1.9422936633959433,2.6670892775963697,14.39799956157023,90,8
FTSE100,0.1,M,24,Crisis_next_24M,CFNAI,0.0028866804501941346,0.7042649112639376,0.37956962594887816,0.09924934985253274,1.10434163265357,90,8
FTSE100,0.1,M,24,Crisis_next_24M,CISS,0.19917225662812899,0.06134365346451149,-1.871010299381728,-47.94214936144304,1.5100421909030925e-21,90,8
FTSE100,0.1,M,24,Crisis_next_24M,Downside_Beta,0.009739706870604437,0.49999722320696915,0.6744941192990317,1.356161766270075,3.881267463996995,90,8
FTSE100,0.1,M,24,Crisis_next_24M,NFCI,0.07280920685374559,0.10368655910047109,-1.6272380042793324,-5.949817110767153,0.0026063171421651797,90,8
FTSE100,0.1,M,24,Crisis_next_24M,EPU,0.008271838014425992,0.4938899442645289,0.6841349655589837,0.0018696751450737882,1.0018714240774564,90,8
FTSE100,0.1,M,24,Crisis_next_24M,RSkew,0.0021341913080394903,0.7339493996634194,-0.33987667911945496,-0.1992006442619077,0.819385471845147,90,8
FTSE100,0.1,M,24,Crisis_next_24M,RSV_Ratio,0.0249949551701244,0.26064731375484496,1.1248624790073676,4.325236273620287,75.58336910641576,90,8
FTSE100,0.1,M,24,Crisis_next_24M,HillTail,0.09524488183296442,0.06910131936695377,-1.817756752268653,-17.459163105677856,2.615663093138201e-08,90,8
FTSE100,0.12,D,5,Crisis_next_5D,HY_Spread,0.11436695176401723,0.00035269373488139825,3.5731639849637014,0.6796714618556383,1.9732293446189673,2330,5
FTSE100,0.12,D,5,Crisis_next_5D,Yield_Curve,0.011141260487724125,0.3626658701821671,-0.9102970570356297,-0.5581552373482114,0.5722637815489636,2330,5
FTSE100,0.12,D,5,Crisis_next_5D,Neely,0.18434747141439212,0.695998978038926,0.39072708263446215,8.862116063725711,7059.405101728697,2330,5
FTSE100,0.12,D,5,Crisis_next_5D,PatroCorr,0.04476705579046514,0.14295564002582084,1.4648727451271992,5.638150087223372,280.9425183070485,2330,5
FTSE100,0.12,D,5,Crisis_next_5D,SahmIndicator,1.9955553642425627e-05,0.9673497704680676,-0.04093242151411133,-0.055171640965376315,0.9463227062701972,2330,5
FTSE100,0.12,D,5,Crisis_next_5D,VIX,0.2486615693218288,2.3486615613738225e-07,5.169384562673027,0.10186644603285869,1.1072355861477101,2330,5
FTSE100,0.12,D,5,Crisis_next_5D,M2_Growth,0.0850927186387016,0.03933333819366422,2.0606825215320135,0.2542498405052751,1.2894939318413512,2330,5
FTSE100,0.12,D,5,Crisis_next_5D,BuffettDeviation,0.11735694859702972,0.0026380282169121143,-3.007042565268693,-17.654259976073266,2.1520497668226565e-08,2330,5
FTSE100,0.12,D,5,Crisis_next_5D,Systemic_Corr,0.2513955871906993,0.000582089588969165,3.439825393612699,14.555865257892757,2096679.0745340106,2330,5
FTSE100,0.12,D,5,Crisis_next_5D,Shiller_CAPE,0.6698373012847244,0.7985120960415402,-0.25527320213666643,-7.988561321100405,0.0003393219076367278,2330,5
FTSE100,0.12,D,5,Crisis_next_5D,YC_10Y3M,0.011141260487724125,0.3626658701821671,-0.9102970570356297,-0.5581552373482114,0.5722637815489636,2330,5
FTSE100,0.12,D,5,Crisis_next_5D,CFNAI,0.09560133172564433,0.0014669151485056531,-3.1811502774112057,-0.4309584457467225,0.6498859157376041,2330,5
FTSE100,0.12,D,5,Crisis_next_5D,CISS,0.06903902426805664,0.009306137768146166,2.6005982090994415,4.885286347708467,132.32835182999202,2330,5
FTSE100,0.12,D,5,Crisis_next_5D,Downside_Beta,0.021254192302796127,0.2519821403852607,1.1455482013213998,2.9527174852888307,19.15794448648276,2330,5
FTSE100,0.12,D,5,Crisis_next_5D,NFCI,0.10753071827057725,0.0013167148669912118,3.212311580878995,4.98044668967988,145.53937807411597,2330,5
FTSE100,0.12,D,5,Crisis_next_5D,EPU,0.007627647563144047,0.44033151365677137,0.7716335228293012,0.0023185504464144895,1.0023212403630015,2330,5
FTSE100,0.12,D,5,Crisis_next_5D,RSkew,0.27359222810375405,3.4793678099869553e-06,-4.6402803772977315,-2.2526835702122368,0.10511675752202096,2330,5
FTSE100,0.12,D,5,Crisis_next_5D,RSV_Ratio,0.3694170597793405,3.070709853944873e-07,5.1190546457704365,17.727712716076887,50008958.436663374,2330,5
FTSE100,0.12,D,5,Crisis_next_5D,HillTail,0.12401875182756894,0.004419849128341565,2.8465305269420216,10.863724492142406,52246.30722147704,2330,5
FTSE100,0.12,D,10,Crisis_next_10D,HY_Spread,0.034524931165580086,0.004567157907235533,2.8360759812894947,0.44395903463258557,1.5588666247698488,2325,13
FTSE100,0.12,D,10,Crisis_next_10D,Yield_Curve,0.01256033655230182,0.14586507451999076,-1.4542930571532413,-0.5548335411102655,0.5741678285814619,2325,13
FTSE100,0.12,D,10,Crisis_next_10D,Neely,0.11869212973187304,0.00041506439038067465,3.5303155001796935,2.7264753555903245,15.27893917472379,2325,13
FTSE100,0.12,D,10,Crisis_next_10D,PatroCorr,0.01114458021440945,0.19904096145406713,1.2842886934730309,2.2064039289991584,9.082994500055166,2325,13
FTSE100,0.12,D,10,Crisis_next_10D,SahmIndicator,0.00069521306916831,0.749941709613359,-0.3187162255570276,-0.2833251848314474,0.7532747944907324,2325,13
FTSE100,0.12,D,10,Crisis_next_10D,VIX,0.12818978691817473,1.5264213570113034e-08,5.658566988879954,0.08273332069330737,1.0862520889648677,2325,13
FTSE100,0.12,D,10,Crisis_next_10D,M2_Growth,0.012057509775139086,0.17184242132379002,1.3663076486293455,0.07557329920300165,1.078502278178274,2325,13
FTSE100,0.12,D,10,Crisis_next_10D,BuffettDeviation,0.020034106296076604,0.07822438343164127,-1.761082837333464,-6.854998479686975,0.0010541732382668885,2325,13
FTSE100,0.12,D,10,Crisis_next_10D,Systemic_Corr,0.15398596897192596,3.1638703980985784e-06,4.659884387314646,9.77924746892075,17663.35562627663,2325,13
FTSE100,0.12,D,10,Crisis_next_10D,Shiller_CAPE,0.15445823393989166,5.166541108987006e-07,-5.020022561023121,-0.6761877918521594,0.5085520077890487,2325,13
FTSE100,0.12,D,10,Crisis_next_10D,YC_10Y3M,0.01256033655230182,0.14586507451999076,-1.4542930571532413,-0.5548335411102655,0.5741678285814619,2325,13
FTSE100,0.12,D,10,Crisis_next_10D,CFNAI,0.03704561450240418,0.003959816658309285,-2.8813452211106183,-0.2987645114096468,0.7417340587781582,2325,13
FTSE100,0.12,D,10,Crisis_next_10D,CISS,0.005347691772168317,0.3142324655054296,1.006380717721411,1.6903051831648985,5.421134891807029,2325,13
FTSE100,0.12,D,10,Crisis_next_10D,Downside_Beta,0.023425710252828136,0.0711946871233762,1.8042336443202824,2.8767722571998964,17.756865985287256,2325,13
FTSE100,0.12,D,10,Crisis_next_10D,NFCI,0.03465387780481566,0.007186809783145111,2.688061783540492,3.1186086794677905,22.61489317915879,2325,13
FTSE100,0.12,D,10,Crisis_next_10D,EPU,3.9140696990513923e-05,0.9369616419376833,-0.07908924000313428,-0.00017003288322793976,0.9998299815715435,2325,13
FTSE100,0.12,D,10,Crisis_next_10D,RSkew,0.12143663070017607,1.4689296229860458e-06,-4.815416794986456,-1.5366705315555638,0.2150960661049597,2325,13
FTSE100,0.12,D,10,Crisis_next_10D,RSV_Ratio,0.17954673713108105,2.3464114264188965e-08,5.584301647043993,12.478290013524965,262574.46934538597,2325,13
FTSE100,0.12,D,10,Crisis_next_10D,HillTail,0.07855939180067062,0.00028741944108488256,3.6263825656574777,8.115542527091382,3346.072426776129,2325,13
FTSE100,0.12,D,15,Crisis_next_15D,HY_Spread,0.009507389570909797,0.11957658767924938,1.5565532623572822,0.27202026124284423,1.312613596224518,2320,17
FTSE100,0.12,D,15,Crisis_next_15D,Yield_Curve,0.014468874654195218,0.08219856416991222,-1.7380695236861323,-0.5797254642901556,0.5600520997625684,2320,17
FTSE100,0.12,D,15,Crisis_next_15D,Neely,0.0379656719304895,0.00584364549543037,2.7564281202766527,1.3643475260449922,3.9131689780102596,2320,17
FTSE100,0.12,D,15,Crisis_next_15D,PatroCorr,0.005362975788859581,0.307155591262262,1.0212086579139925,1.4710727886345571,4.3539034547002755,2320,17
FTSE100,0.12,D,15,Crisis_next_15D,SahmIndicator,0.0014935926756916018,0.5984295361978615,-0.5266602613610298,-0.4257926576784943,0.6532517748192441,2320,17
FTSE100,0.12,D,15,Crisis_next_15D,VIX,0.05312320634741052,4.497566821340303e-05,4.080310056854242,0.06241011160995879,1.0643987775251271,2320,17
FTSE100,0.12,D,15,Crisis_next_15D,M2_Growth,0.004481765715319885,0.3452013042535994,0.9439380543673264,0.04462306509435892,1.0456336497964875,2320,17
FTSE100,0.12,D,15,Crisis_next_15D,BuffettDeviation,0.0005542724871320237,0.7278031658189603,-0.3480492912924401,-1.1277165383055323,0.323771733310295,2320,17
FTSE100,0.12,D,15,Crisis_next_15D,Systemic_Corr,0.11623266428930845,3.1257051103245382e-06,4.662381868835413,8.184408401263452,3584.622333797838,2320,17
FTSE100,0.12,D,15,Crisis_next_15D,Shiller_CAPE,0.06832827890609905,0.00031075158726020304,-3.6061683397530686,-0.4391389282743395,0.6445912214628123,2320,17
FTSE100,0.12,D,15,Crisis_next_15D,YC_10Y3M,0.014468874654195218,0.08219856416991222,-1.7380695236861323,-0.5797254642901556,0.5600520997625684,2320,17
FTSE100,0.12,D,15,Crisis_next_15D,CFNAI,0.024378074127305416,0.010603832626871628,-2.555490268004133,-0.2528881255230896,0.7765547536211325,2320,17
FTSE100,0.12,D,15,Crisis_next_15D,CISS,0.00016125575879277765,0.8443860545688158,-0.1962863373901909,-0.3981466978590647,0.6715635035073546,2320,17
FTSE100,0.12,D,15,Crisis_next_15D,Downside_Beta,0.00850376209059045,0.21531504585531558,1.2390822333883107,1.5792690971558039,4.851408606715406,2320,17
FTSE100,0.12,D,15,Crisis_next_15D,NFCI,0.006317036687503053,0.23336414747816292,1.1917376062922036,1.487921731871645,4.427883620517233,2320,17
FTSE100,0.12,D,15,Crisis_next_15D,EPU,0.006750593442464647,0.26206773774024494,-1.1215172859902844,-0.002346485900385333,0.9976562649456272,2320,17
FTSE100,0.12,D,15,Crisis_next_15D,RSkew,0.04737623657547152,0.0009595498140563633,-3.3021259258190394,-1.0124414590884603,0.3633308384549227,2320,17
FTSE100,0.12,D,15,Crisis_next_15D,RSV_Ratio,0.07834925659492054,4.7975218946209274e-05,4.065278110868487,8.370670829601547,4318.532090379721,2320,17
FTSE100,0.12,D,15,Crisis_next_15D,HillTail,0.08422033257630357,3.167244370622427e-05,4.16109561358236,8.38867969459088,4397.00846603623,2320,17
FTSE100,0.12,W,4,Crisis_next_4W,HY_Spread,0.04431719980791937,0.26649541483319383,1.1111694583824305,0.4655180228098565,1.5928391021940675,112,2
FTSE100,0.12,W,4,Crisis_next_4W,Yield_Curve,0.01937001147043116,0.523901235999062,-0.6373433251455957,-0.6230396648456907,0.5363117494682441,112,2
FTSE100,0.12,W,4,Crisis_next_4W,Neely,0.02469911734541963,0.4729768307709208,0.7176439831632179,1.026803761257377,2.792127252089266,112,2
FTSE100,0.12,W,4,Crisis_next_4W,PatroCorr,0.017034019371425346,0.5768887924384757,0.5579349679071834,2.4957548700167527,12.130887306298959,112,2
FTSE100,0.12,W,4,Crisis_next_4W,SahmIndicator,0.0015007760341130272,0.8672483948116209,-0.1671546138389702,-0.38844915702640254,0.6781076980152275,112,2
FTSE100,0.12,W,4,Crisis_next_4W,VIX,0.13126756190535982,0.07659829155224931,1.7707739976866774,0.11319156546864499,1.1198464363095937,112,2
FTSE100,0.12,W,4,Crisis_next_4W,M2_Growth,0.027938505588571583,0.4708222438871895,0.7211418513281693,0.10620340172063734,1.1120480459901059,112,2
FTSE100,0.12,W,4,Crisis_next_4W,BuffettDeviation,0.003914635816896883,0.782208424200524,-0.27644223111508853,-2.7380017020365166,0.06469950669276876,112,2
FTSE100,0.12,W,4,Crisis_next_4W,Systemic_Corr,0.17904518762607535,0.074606930104384,1.7828733011401834,9.845187795738727,18867.34248683756,112,2
FTSE100,0.12,W,4,Crisis_next_4W,Shiller_CAPE,0.23784412353556317,0.03942863732219197,-2.0596852822540526,-0.8059837258351437,0.44664833087168704,112,2
FTSE100,0.12,W,4,Crisis_next_4W,YC_10Y3M,0.01937001147043116,0.523901235999062,-0.6373433251455957,-0.6230396648456907,0.5363117494682441,112,2
FTSE100,0.12,W,4,Crisis_next_4W,CFNAI,0.059646508984431246,0.2041755848775889,-1.2697446995387325,-0.3355199944946136,0.7149662111807695,112,2
FTSE100,0.12,W,4,Crisis_next_4W,CISS,0.008368932746169788,0.6511983209498481,0.4520980881203519,1.9374315387590797,6.940900622261162,112,2
FTSE100,0.12,W,4,Crisis_next_4W,Downside_Beta,0.012084538735157357,0.6442104623700208,0.4618199231461539,1.7130432236591064,5.545812972431408,112,2
FTSE100,0.12,W,4,Crisis_next_4W,NFCI,0.025541768898277528,0.4291919950403046,0.7905750774606025,2.511421217010043,12.322430469413513,112,2
FTSE100,0.12,W,4,Crisis_next_4W,EPU,0.00473553408921612,0.7643351553063689,-0.29979286861031484,-0.0018147725064964976,0.998186873197452,112,2
FTSE100,0.12,W,4,Crisis_next_4W,RSkew,0.049899482423892305,0.2879816631974105,-1.0625597170916306,-0.969007872620623,0.3794593233951635,112,2
FTSE100,0.12,W,4,Crisis_next_4W,RSV_Ratio,0.13225019794040127,0.15000915644975102,1.4394991294129436,12.349228018187308,230781.81473150643,112,2
FTSE100,0.12,W,4,Crisis_next_4W,HillTail,0.12724836619790092,0.11192241189635023,1.5896114616997896,9.082956135461131,8803.953275665302,112,2
FTSE100,0.12,W,8,Crisis_next_8W,HY_Spread,0.006642611428692824,0.7389793471989725,-0.33320526090557545,-0.3349157106135236,0.7153983843021847,111,2
FTSE100,0.12,W,8,Crisis_next_8W,Yield_Curve,0.015710449277381522,0.565999866542023,-0.5739526157824382,-0.5636415873808263,0.5691327389838418,111,2
FTSE100,0.12,W,8,Crisis_next_8W,Neely,0.06359798185766541,0.9615176601585305,-0.048249174566729995,-10.487961967602743,2.7869937261012695e-05,111,2
FTSE100,0.12,W,8,Crisis_next_8W,PatroCorr,0.001971311252431329,0.8432208130097902,-0.19777537562712488,-0.7912697065528241,0.4532689112510526,111,2
FTSE100,0.12,W,8,Crisis_next_8W,SahmIndicator,0.021679356503648273,0.5761927866294996,-0.5589544801961807,-1.8962694691264845,0.15012763163257314,111,2
FTSE100,0.12,W,8,Crisis_next_8W,VIX,0.04123809654191135,0.4397160924800876,-0.7726727249101506,-0.13506479933258356,0.8736592973143961,111,2
FTSE100,0.12,W,8,Crisis_next_8W,M2_Growth,0.003984909111291679,0.7792494298087701,-0.28029728993034225,-0.03927236268624002,0.9614887998085149,111,2
FTSE100,0.12,W,8,Crisis_next_8W,BuffettDeviation,0.07041121143730822,0.26074494895985045,1.1246321387163059,11.538659763743643,102606.82846496986,111,2
FTSE100,0.12,W,8,Crisis_next_8W,Systemic_Corr,0.0150506844365077,0.5805274246796079,0.5526144798933922,2.800527146794928,16.453317799187694,111,2
FTSE100,0.12,W,8,Crisis_next_8W,Shiller_CAPE,0.000546273111756479,0.9177879979669927,-0.10322046497066872,-0.02917860347408737,0.9712429816040475,111,2
FTSE100,0.12,W,8,Crisis_next_8W,YC_10Y3M,0.015710449277381522,0.565999866542023,-0.5739526157824382,-0.5636415873808263,0.5691327389838418,111,2
FTSE100,0.12,W,8,Crisis_next_8W,CFNAI,0.013348800915536252,0.5667337188067264,-0.5728685227949795,-0.1879600504298231,0.828647810695307,111,2
FTSE100,0.12,W,8,Crisis_next_8W,CISS,0.07695898901890497,0.4490716215394962,-0.7569636812784575,-26.12293691126444,4.518066806435387e-12,111,2
FTSE100,0.12,W,8,Crisis_next_8W,Downside_Beta,0.006707921281255413,0.7274891405848652,0.3484674690731344,1.229383268729899,3.4191202075638008,111,2
FTSE100,0.12,W,8,Crisis_next_8W,NFCI,0.0977082933046991,0.2634106815670433,-1.1183660649307778,-10.569077780796995,2.5698503924886123e-05,111,2
FTSE100,0.12,W,8,Crisis_next_8W,EPU,0.004157539935365384,0.7785499605001693,-0.28120918460184025,-0.0016847790790609956,0.9983166393645118,111,2
FTSE100,0.12,W,8,Crisis_next_8W,RSkew,0.06677874278493046,0.2674263595227635,1.1090088607494017,1.430031646815859,4.178831436539652,111,2
FTSE100,0.12,W,8,Crisis_next_8W,RSV_Ratio,0.04639582901313133,0.349268101648898,-0.9360098783775035,-6.35771384244395,0.0017333248393602652,111,2
FTSE100,0.12,W,8,Crisis_next_8W,HillTail,0.08514886471334637,0.18301217119004332,1.3315376316066616,7.894627383828417,2682.8297245231524,111,2
FTSE100,0.12,W,12,Crisis_next_12W,HY_Spread,0.00732300697598498,0.7276195756727353,-0.34829376526910305,-0.35546098101508405,0.7008502900524297,110,2
FTSE100,0.12,W,12,Crisis_next_12W,Yield_Curve,0.015187443076897011,0.5731279338965785,-0.5634508288614622,-0.5540715510971146,0.574605505464243,110,2
FTSE100,0.12,W,12,Crisis_next_12W,Neely,0.06440374622895273,0.9612128379534108,-0.04863166103224495,-10.484245347327846,2.7973711961018513e-05,110,2
FTSE100,0.12,W,12,Crisis_next_12W,PatroCorr,0.0023661631741193068,0.8285147320028703,-0.21660686917691452,-0.8697151875475301,0.41907088885974336,110,2
FTSE100,0.12,W,12,Crisis_next_12W,SahmIndicator,0.02055662936912961,0.5859806365231998,-0.5446698036059654,-1.8505476950018234,0.15715107188243374,110,2
FTSE100,0.12,W,12,Crisis_next_12W,VIX,0.04099077324096445,0.4418710584711276,-0.7690374842534292,-0.13371165735989965,0.8748422825724174,110,2
FTSE100,0.12,W,12,Crisis_next_12W,M2_Growth,0.004506569844662134,0.7658053296389863,-0.2978661429412151,-0.04187675593291745,0.9589879628665285,110,2
FTSE100,0.12,W,12,Crisis_next_12W,BuffettDeviation,0.0781077924261041,0.2463858112518329,1.159172664923857,12.599123627226193,296298.7832953003,110,2
FTSE100,0.12,W,12,Crisis_next_12W,Systemic_Corr,0.014325841193936206,0.5902881907449875,0.5384184513485957,2.7400329871998568,15.487495977038702,110,2
FTSE100,0.12,W,12,Crisis_next_12W,Shiller_CAPE,0.0005548228881367967,0.917220464119477,-0.10393558898075662,-0.029252487903990775,0.9711712245209523,110,2
FTSE100,0.12,W,12,Crisis_next_12W,YC_10Y3M,0.015187443076897011,0.5731279338965785,-0.5634508288614622,-0.5540715510971146,0.574605505464243,110,2
FTSE100,0.12,W,12,Crisis_next_12W,CFNAI,0.012893582830931671,0.5744171167072356,-0.56155812648641,-0.18509722626248887,0.8310234826169329,110,2
FTSE100,0.12,W,12,Crisis_next_12W,CISS,0.07764404871850683,0.4470356973079018,-0.7603662399609586,-25.937579096656957,5.438166802665574e-12,110,2
FTSE100,0.12,W,12,Crisis_next_12W,Downside_Beta,0.007645511325524157,0.7113842721836883,0.3699976086538296,1.3308568741214533,3.784284654280143,110,2
FTSE100,0.12,W,12,Crisis_next_12W,NFCI,0.098290623836787,0.2624249461205812,-1.1206780091448898,-10.524074469539297,2.688144007463241e-05,110,2
FTSE100,0.12,W,12,Crisis_next_12W,EPU,0.004640437795771057,0.7668368127969469,-0.29651500079948867,-0.0017850484336059454,0.998216543817793,110,2
FTSE100,0.12,W,12,Crisis_next_12W,RSkew,0.06670507024108274,0.26863481951742296,1.106211885778833,1.421808553657713,4.144609414620716,110,2
FTSE100,0.12,W,12,Crisis_next_12W,RSV_Ratio,0.04800037520209932,0.3407528365128636,-0.9526788028091278,-6.447939829843116,0.0015837816697510416,110,2
FTSE100,0.12,W,12,Crisis_next_12W,HillTail,0.09034698229863658,0.16930844148495272,1.3744293117512925,8.165804196755808,3518.549805948684,110,2
FTSE100,0.12,W,16,Crisis_next_16W,HY_Spread,0.004160065934366353,0.753328932041005,-0.31425294704264417,-0.24329466354550183,0.784040451591145,109,3
FTSE100,0.12,W,16,Crisis_next_16W,Yield_Curve,0.012098903485907031,0.5563971412442517,-0.5882013650693486,-0.47890804533348474,0.6194594442605268,109,3
FTSE100,0.12,W,16,Crisis_next_16W,Neely,0.07146819720015207,0.9820083509076328,-0.022551099416722706,-12.861476497113888,2.596161637206054e-06,109,3
FTSE100,0.12,W,16,Crisis_next_16W,PatroCorr,0.007147410621348493,0.6598964579938493,-0.4400561252605804,-1.4600773577518857,0.23221831014849817,109,3
FTSE100,0.12,W,16,Crisis_next_16W,SahmIndicator,0.03780126563974162,0.41858418582706547,-0.8088799794601111,-2.7696552168107136,0.06268361327291025,109,3
FTSE100,0.12,W,16,Crisis_next_16W,VIX,0.057735350704472777,0.2920897638743213,-1.053548312995054,-0.15943348733830784,0.8526266759801321,109,3
FTSE100,0.12,W,16,Crisis_next_16W,M2_Growth,0.016581035415289103,0.5104016552062942,-0.6582124043217201,-0.0788073293711296,0.9242179769506244,109,3
FTSE100,0.12,W,16,Crisis_next_16W,BuffettDeviation,0.04412410969100844,0.2832111882310743,1.0731335758774934,8.881002989624996,7194.002628468134,109,3
FTSE100,0.12,W,16,Crisis_next_16W,Systemic_Corr,0.028549932213709495,0.37499524590427624,0.8871553904429887,3.7141898690376505,41.02533772171294,109,3
FTSE100,0.12,W,16,Crisis_next_16W,Shiller_CAPE,0.002296591410246296,0.806636111670957,-0.24476794958299122,-0.058417784421171855,0.9432557875323867,109,3
FTSE100,0.12,W,16,Crisis_next_16W,YC_10Y3M,0.012098903485907031,0.5563971412442517,-0.5882013650693486,-0.47890804533348474,0.6194594442605268,109,3
FTSE100,0.12,W,16,Crisis_next_16W,CFNAI,0.019714147990567144,0.4131136481089297,-0.8184265824331352,-0.21463763314100331,0.8068337570254249,109,3
FTSE100,0.12,W,16,Crisis_next_16W,CISS,0.08430235408231157,0.3498655634769896,-0.9348500858864094,-25.47554216761818,8.632023482132285e-12,109,3
FTSE100,0.12,W,16,Crisis_next_16W,Downside_Beta,0.009061645278884312,0.6381014983949915,0.4703548745014492,1.4141889198153705,4.11314901902192,109,3
FTSE100,0.12,W,16,Crisis_next_16W,NFCI,0.09413398224004477,0.19579015934688215,-1.2936389575182174,-9.477949576309433,7.652067621656291e-05,109,3
FTSE100,0.12,W,16,Crisis_next_16W,EPU,0.00011233194950877046,0.9555284916162758,0.05576566011130588,0.00024997954566240534,1.0002500107931527,109,3
FTSE100,0.12,W,16,Crisis_next_16W,RSkew,0.001589556119543034,0.8361526008032263,0.20681722829156704,0.1915306222936154,1.211101919290729,109,3
FTSE100,0.12,W,16,Crisis_next_16W,RSV_Ratio,0.0025790131083084367,0.7856887124011224,-0.2719132637071035,-1.438402740239998,0.23730649624770792,109,3
FTSE100,0.12,W,16,Crisis_next_16W,HillTail,0.08702406722404621,0.1101873482090738,1.5973516293571344,7.871007582202313,2620.204329838859,109,3
FTSE100,0.12,M,6,Crisis_next_6M,HY_Spread,0.00015645056194202311,0.9329109236934433,-0.08418301326519768,-0.03825639783117392,0.9624661350227087,108,6
FTSE100,0.12,M,6,Crisis_next_6M,Yield_Curve,0.003866183229848108,0.667603610693224,-0.429439228643003,-0.2581303773911869,0.7724945097222261,108,6
FTSE100,0.12,M,6,Crisis_next_6M,Neely,0.009299285503399757,0.5390939140041686,-0.6141837443481474,-0.6861519275043783,0.5035098884942892,108,6
FTSE100,0.12,M,6,Crisis_next_6M,PatroCorr,0.08457167329248794,0.07726715232352294,-1.766767627393814,-5.109154228037573,0.006041190232804245,108,6
FTSE100,0.12,M,6,Crisis_next_6M,SahmIndicator,0.11947249456494424,0.14910937970692567,-1.4426844567729653,-7.68620050907891,0.00045911928151690535,108,6
FTSE100,0.12,M,6,Crisis_next_6M,VIX,0.05183377873779871,0.19366939445934306,-1.2998003822933395,-0.13336474538955448,0.8751458284812162,108,6
FTSE100,0.12,M,6,Crisis_next_6M,M2_Growth,0.03440037276390595,0.22512933516775502,-1.2130012694475063,-0.10725668756917299,0.8982950622181916,108,6
FTSE100,0.12,M,6,Crisis_next_6M,BuffettDeviation,0.05038759300333817,0.1385387726808495,1.4812544831008099,9.20350977747547,9931.92680984617,108,6
FTSE100,0.12,M,6,Crisis_next_6M,Systemic_Corr,0.02768789097589941,0.261654429352843,1.1224893591661507,3.2748094154728635,26.438186291149634,108,6
FTSE100,0.12,M,6,Crisis_next_6M,Shiller_CAPE,0.016306025616194986,0.41386156306556643,-0.8171170099570249,-0.15356985003479134,0.857640855862932,108,6
FTSE100,0.12,M,6,Crisis_next_6M,YC_10Y3M,0.003866183229848108,0.667603610693224,-0.429439228643003,-0.2581303773911869,0.7724945097222261,108,6
FTSE100,0.12,M,6,Crisis_next_6M,CFNAI,0.03471898973384613,0.1661237170678468,-1.384767024529444,-0.2637223623365588,0.7681867876373069,108,6
FTSE100,0.12,M,6,Crisis_next_6M,CISS,0.021543625915404485,0.43809003237324606,-0.7754225197804675,-5.3791263510074945,0.004611849307980733,108,6
FTSE100,0.12,M,6,Crisis_next_6M,Downside_Beta,0.08018882332282717,0.08165455824752067,1.7411655826898633,5.006503099978483,149.3814497473385,108,6
FTSE100,0.12,M,6,Crisis_next_6M,NFCI,0.07755171573952646,0.11590122333781862,-1.5722127334503588,-7.246522142431526,0.0007126485741539033,108,6
FTSE100,0.12,M,6,Crisis_next_6M,EPU,0.04896305202652684,0.11583206042511032,1.5725111281612685,0.0040410732353165345,1.0040492493815218,108,6
FTSE100,0.12,M,6,Crisis_next_6M,RSkew,0.05375554802144733,0.11659682958420708,-1.5692193816741125,-1.04221600835854,0.3526722906422166,108,6
FTSE100,0.12,M,6,Crisis_next_6M,RSV_Ratio,0.026540629258971382,0.2845002159040164,1.0702646176671102,4.466989303760561,87.09411397236461,108,6
FTSE100,0.12,M,6,Crisis_next_6M,HillTail,0.07229693816720206,0.05837287923326202,1.8928871442870625,7.174506286884321,1305.7152930620666,108,6
FTSE100,0.12,M,12,Crisis_next_12M,HY_Spread,7.711426758949536e-05,0.9446983471058981,0.06936593048883825,0.02493917861255642,1.0252527613326372,102,9
FTSE100,0.12,M,12,Crisis_next_12M,Yield_Curve,2.1061873400896047e-06,0.9910586267087456,-0.011206584116390918,-0.005762161010092111,0.9942544083991837,102,9
FTSE100,0.12,M,12,Crisis_next_12M,Neely,0.004242217505747825,0.6223468397313414,-0.4925269998711852,-0.4102541805935271,0.6634815845585117,102,9
FTSE100,0.12,M,12,Crisis_next_12M,PatroCorr,0.34603053098615666,0.05655467703855827,-1.9067368154019528,-19.02624612457878,5.4576577399964045e-09,102,9
FTSE100,0.12,M,12,Crisis_next_12M,SahmIndicator,0.08760501223731709,0.10767986188571438,-1.60870957158461,-5.29503424263017,0.005016442596360597,102,9
FTSE100,0.12,M,12,Crisis_next_12M,VIX,0.06066941922633806,0.10770696368244385,-1.6085856975767496,-0.13205001292587562,0.8762971677981191,102,9
FTSE100,0.12,M,12,Crisis_next_12M,M2_Growth,0.01759338282220324,0.3063991568668948,-1.0228068959983634,-0.07283370658883878,0.9297554293729061,102,9
FTSE100,0.12,M,12,Crisis_next_12M,BuffettDeviation,0.06834925154855409,0.04884715362061807,1.9699233698380831,10.087507807356403,24040.803399146705,102,9
FTSE100,0.12,M,12,Crisis_next_12M,Systemic_Corr,0.0008794046044553472,0.8167129019613504,0.2317748371489987,0.5854611337994556,1.795818907529809,102,9
FTSE100,0.12,M,12,Crisis_next_12M,Shiller_CAPE,0.046627414992644556,0.12813388041815543,-1.5215021171842456,-0.25971169406557376,0.7712739165996062,102,9
FTSE100,0.12,M,12,Crisis_next_12M,YC_10Y3M,2.1061873400896047e-06,0.9910586267087456,-0.011206584116390918,-0.005762161010092111,0.9942544083991837,102,9
FTSE100,0.12,M,12,Crisis_next_12M,CFNAI,0.04973132496787647,0.06910708809182964,-1.8177190270826804,-0.30823502922056434,0.7347426117310022,102,9
FTSE100,0.12,M,12,Crisis_next_12M,CISS,0.016299451955260724,0.4087923749189172,-0.8260206552423927,-3.800841516606742,0.022351954398854873,102,9
FTSE100,0.12,M,12,Crisis_next_12M,Downside_Beta,0.08713710584337153,0.04468162361487521,2.0076394087841805,5.705151069319299,300.4108594848483,102,9
FTSE100,0.12,M,12,Crisis_next_12M,NFCI,0.12939905987381084,0.027160436526571272,-2.2092042628612303,-9.458746359521276,7.800431911634309e-05,102,9
FTSE100,0.12,M,12,Crisis_next_12M,EPU,0.06262470323452429,0.04594428673712196,1.9959047945858115,0.004468924894547337,1.00447892543107,102,9
FTSE100,0.12,M,12,Crisis_next_12M,RSkew,0.005193727549359317,0.5728993108764009,-0.5637866903558599,-0.31778281460652114,0.7277608302740641,102,9
FTSE100,0.12,M,12,Crisis_next_12M,RSV_Ratio,0.0037298218982105835,0.632331149262082,-0.4784483196436481,-1.5689299964037826,0.20826791058907254,102,9
FTSE100,0.12,M,12,Crisis_next_12M,HillTail,0.014914370759524065,0.38079136429869975,-0.8764391106231929,-5.1103919408993645,0.00603371759939378,102,9
FTSE100,0.12,M,18,Crisis_next_18M,HY_Spread,0.007838731998740411,0.5652146126431676,-0.5751133901034345,-0.3098906099158236,0.7335271924370126,96,7
FTSE100,0.12,M,18,Crisis_next_18M,Yield_Curve,0.021313375557382108,0.3370647274540146,0.9599810994477398,0.6550064797161773,1.9251549917938915,96,7
FTSE100,0.12,M,18,Crisis_next_18M,Neely,0.04321530252882433,0.14194980789313516,1.4685687066116764,1.1727105856204105,3.2307379725773933,96,7
FTSE100,0.12,M,18,Crisis_next_18M,PatroCorr,0.4035477738919572,0.039730186834871936,-2.056543198863726,-40.87921108409927,1.7635354803890337e-18,96,7
FTSE100,0.12,M,18,Crisis_next_18M,SahmIndicator,0.099768833773203,0.16439939096252032,-1.3904265431852039,-7.017625966368799,0.0008959499854399619,96,7
FTSE100,0.12,M,18,Crisis_next_18M,VIX,0.045561526422093324,0.1990829114508611,-1.2841687654897194,-0.10994573384387406,0.8958827500906342,96,7
FTSE100,0.12,M,18,Crisis_next_18M,M2_Growth,0.030246357210670483,0.22551186996333772,-1.212001334069987,-0.1014019186873271,0.903569798308127,96,7
FTSE100,0.12,M,18,Crisis_next_18M,BuffettDeviation,0.05764155462644627,0.09987446829808642,1.645462507552442,9.192854247990116,9826.658710557891,96,7
FTSE100,0.12,M,18,Crisis_next_18M,Systemic_Corr,0.006306523265072084,0.5741941621428317,-0.561885311239024,-1.6858170967694863,0.18529296779856433,96,7
FTSE100,0.12,M,18,Crisis_next_18M,Shiller_CAPE,0.01514777732005157,0.41079738823107914,-0.8224912084597507,-0.13348926609956452,0.875036861485756,96,7
FTSE100,0.12,M,18,Crisis_next_18M,YC_10Y3M,0.021313375557382108,0.3370647274540146,0.9599810994477398,0.6550064797161773,1.9251549917938915,96,7
FTSE100,0.12,M,18,Crisis_next_18M,CFNAI,0.039664644421950834,0.13082420388374627,-1.5108596863402277,-0.2772619481129097,0.757855952170879,96,7
FTSE100,0.12,M,18,Crisis_next_18M,CISS,0.015552289505233241,0.46268499030531274,-0.7344328198043952,-3.6962100240009335,0.024817405830161603,96,7
FTSE100,0.12,M,18,Crisis_next_18M,Downside_Beta,0.28796895884045726,0.0014850659049133387,3.1775860956040494,12.753518935033627,345766.4876570227,96,7
FTSE100,0.12,M,18,Crisis_next_18M,NFCI,0.11914711704802494,0.0568872718231761,-1.9041759576511557,-9.04580789959639,0.0001178841848730323,96,7
FTSE100,0.12,M,18,Crisis_next_18M,EPU,0.06053208163753754,0.07509032399363844,1.7799122414447206,0.0048549042219947795,1.0048667083644265,96,7
FTSE100,0.12,M,18,Crisis_next_18M,RSkew,0.05861922224639737,0.09397755659985105,1.6747792242747752,1.12951569555839,3.0941576229177437,96,7
FTSE100,0.12,M,18,Crisis_next_18M,RSV_Ratio,0.027643980787398714,0.2385778663130439,-1.1785488581837213,-4.335183315751457,0.013099472513229045,96,7
FTSE100,0.12,M,18,Crisis_next_18M,HillTail,0.11802707988987937,0.05643435534432511,-1.90766633614585,-22.54641666286924,1.6151603942547792e-10,96,7
FTSE100,0.12,M,24,Crisis_next_24M,HY_Spread,0.10773042437263558,0.05734446345994714,-1.9006760041511865,-1.8387149449874114,0.1590216464254943,90,8
FTSE100,0.12,M,24,Crisis_next_24M,Yield_Curve,0.13710621723469907,0.052101559695313895,1.9422936633959433,2.6670892775963697,14.39799956157023,90,8
FTSE100,0.12,M,24,Crisis_next_24M,Neely,0.0012487438540913498,0.7936506452970674,0.26157302205601113,0.20067121552088704,1.2222228578497314,90,8
FTSE100,0.12,M,24,Crisis_next_24M,PatroCorr,0.24460734791077587,0.03435274461431612,-2.1159066868175227,-10.808121987830251,2.0234489918627476e-05,90,8
FTSE100,0.12,M,24,Crisis_next_24M,SahmIndicator,0.12107654336418594,0.17212852932282185,-1.365396290002836,-9.496348532229145,7.512564854789116e-05,90,8
FTSE100,0.12,M,24,Crisis_next_24M,VIX,0.039217729212557506,0.2065325471843178,-1.2631575998093283,-0.09301658099833054,0.9111783919234896,90,8
FTSE100,0.12,M,24,Crisis_next_24M,M2_Growth,0.02687724569482486,0.23207816646096446,-1.195022686649427,-0.09915875437479038,0.905598928819306,90,8
FTSE100,0.12,M,24,Crisis_next_24M,BuffettDeviation,0.30796791662767076,0.0030822488392974775,2.95941383402208,26.464890125221338,311570079821.705,90,8
FTSE100,0.12,M,24,Crisis_next_24M,Systemic_Corr,0.004230885094575809,0.6323178648766838,0.4784669882168236,1.357305393412213,3.8857087259044962,90,8
FTSE100,0.12,M,24,Crisis_next_24M,Shiller_CAPE,0.007289931026028484,0.5219535175888321,0.6403370207085373,0.07513327163611774,1.0780278118417181,90,8
FTSE100,0.12,M,24,Crisis_next_24M,YC_10Y3M,0.13710621723469907,0.052101559695313895,1.9422936633959433,2.6670892775963697,14.39799956157023,90,8
FTSE100,0.12,M,24,Crisis_next_24M,CFNAI,0.0028866804501941346,0.7042649112639376,0.37956962594887816,0.09924934985253274,1.10434163265357,90,8
FTSE100,0.12,M,24,Crisis_next_24M,CISS,0.19917225662812899,0.06134365346451149,-1.871010299381728,-47.94214936144304,1.5100421909030925e-21,90,8
FTSE100,0.12,M,24,Crisis_next_24M,Downside_Beta,0.009739706870604437,0.49999722320696915,0.6744941192990317,1.356161766270075,3.881267463996995,90,8
FTSE100,0.12,M,24,Crisis_next_24M,NFCI,0.07280920685374559,0.10368655910047109,-1.6272380042793324,-5.949817110767153,0.0026063171421651797,90,8
FTSE100,0.12,M,24,Crisis_next_24M,EPU,0.008271838014425992,0.4938899442645289,0.6841349655589837,0.0018696751450737882,1.0018714240774564,90,8
FTSE100,0.12,M,24,Crisis_next_24M,RSkew,0.0021341913080394903,0.7339493996634194,-0.33987667911945496,-0.1992006442619077,0.819385471845147,90,8
FTSE100,0.12,M,24,Crisis_next_24M,RSV_Ratio,0.0249949551701244,0.26064731375484496,1.1248624790073676,4.325236273620287,75.58336910641576,90,8
FTSE100,0.12,M,24,Crisis_next_24M,HillTail,0.09524488183296442,0.06910131936695377,-1.817756752268653,-17.459163105677856,2.615663093138201e-08,90,8
FTSE100,0.15,D,5,Crisis_next_5D,HY_Spread,0.06906858546875239,0.05891661096894957,1.8888150833096446,0.5984089722647964,1.8192220638474017,2330,2
FTSE100,0.15,D,5,Crisis_next_5D,Yield_Curve,0.00985930664711332,0.5653336110367115,-0.5749374350719508,-0.5566760052932375,0.5731109188804089,2330,2
FTSE100,0.15,D,5,Crisis_next_5D,Neely,0.16305428308633774,0.7047149690554446,0.37896349931647216,7.734079595462361,2284.904699513721,2330,2
FTSE100,0.15,D,5,Crisis_next_5D,PatroCorr,0.039627577403985925,0.35471092241633206,0.9254903088457749,5.608694397470133,272.7878528958735,2330,2
FTSE100,0.15,D,5,Crisis_next_5D,SahmIndicator,1.296620489477096e-05,0.983742348971075,-0.020377354023314847,-0.04312483429370212,0.9577918173387663,2330,2
FTSE100,0.15,D,5,Crisis_next_5D,VIX,0.17380711686637207,0.0018659968758027658,3.1107708398099154,0.09227398928313178,1.0966652554483518,2330,2
FTSE100,0.15,D,5,Crisis_next_5D,M2_Growth,0.07529327395151586,0.19259614552031257,1.3029373667728297,0.25382946799448053,1.2889519779588068,2330,2
FTSE100,0.15,D,5,Crisis_next_5D,BuffettDeviation,0.04991868084680895,0.2017676422449043,-1.2765316605785422,-12.496559155178327,3.7394980933654127e-06,2330,2
FTSE100,0.15,D,5,Crisis_next_5D,Systemic_Corr,0.19072436129362158,0.0334694355890349,2.126406396932914,13.034133347926813,457775.12447677524,2330,2
FTSE100,0.15,D,5,Crisis_next_5D,Shiller_CAPE,0.5841466606420098,0.775040784975037,-0.28578762742667124,-6.423763032086761,0.0016225390658883613,2330,2
FTSE100,0.15,D,5,Crisis_next_5D,YC_10Y3M,0.00985930664711332,0.5653336110367115,-0.5749374350719508,-0.5566760052932375,0.5731109188804089,2330,2
FTSE100,0.15,D,5,Crisis_next_5D,CFNAI,0.0843494393141041,0.0436952337389834,-2.017002679025994,-0.4280581256963085,0.6517735289074675,2330,2
FTSE100,0.15,D,5,Crisis_next_5D,CISS,0.034001543332711326,0.2245143532883419,1.214611362077714,3.8938734603562914,49.10070829989939,2330,2
FTSE100,0.15,D,5,Crisis_next_5D,Downside_Beta,0.03427527101911376,0.3321941662459842,0.9697037790455678,4.147921005973757,63.30225838322127,2330,2
FTSE100,0.15,D,5,Crisis_next_5D,NFCI,0.085149421823004,0.05615164085485028,1.909856898993302,4.704914414802875,110.48882833465156,2330,2
FTSE100,0.15,D,5,Crisis_next_5D,EPU,0.00674971835471716,0.6256967507338369,0.4877926038751378,0.002314739293210857,1.0023174203704746,2330,2
FTSE100,0.15,D,5,Crisis_next_5D,RSkew,0.1221502933431633,0.024315612954549547,-2.252105387134368,-1.676531420604266,0.1870215514066388,2330,2
FTSE100,0.15,D,5,Crisis_next_5D,RSV_Ratio,0.22919640089621784,0.002920916099933266,2.9759404128000724,14.934462105306723,3061642.5326950434,2330,2
FTSE100,0.15,D,5,Crisis_next_5D,HillTail,0.10988458188617889,0.07131399890248978,1.8034727651635687,10.84122601407114,51083.969270683796,2330,2
FTSE100,0.15,D,10,Crisis_next_10D,HY_Spread,0.05076383657207284,0.0010982208530992605,3.2640750119069772,0.5092584187081314,1.6640567039444916,2325,11
FTSE100,0.15,D,10,Crisis_next_10D,Yield_Curve,0.014453598643531795,0.14635487062241298,-1.4525279239738438,-0.6000723497542801,0.548771931143348,2325,11
FTSE100,0.15,D,10,Crisis_next_10D,Neely,0.20760320929530263,0.780295146268796,0.27893442888947284,10.710416276422912,44820.29263378279,2325,11
FTSE100,0.15,D,10,Crisis_next_10D,PatroCorr,0.015405767451815766,0.1657546111699083,1.3859747585099884,2.6787719566511465,14.567193162385902,2325,11
FTSE100,0.15,D,10,Crisis_next_10D,SahmIndicator,0.0009078065893329823,0.7299013131271291,-0.34525681006788206,-0.3384400402634161,0.7128815222957405,2325,11
FTSE100,0.15,D,10,Crisis_next_10D,VIX,0.16228037894823666,3.8341567838115395e-09,5.891193755121941,0.08912310633601943,1.0932152297641557,2325,11
FTSE100,0.15,D,10,Crisis_next_10D,M2_Growth,0.026169809333072447,0.06750957328288876,1.8282664443162178,0.11567679533791277,1.1226329732803362,2325,11
FTSE100,0.15,D,10,Crisis_next_10D,BuffettDeviation,0.033447759989458814,0.033584321711470314,-2.125027459230175,-9.092044019990864,0.00011255776291105964,2325,11
FTSE100,0.15,D,10,Crisis_next_10D,Systemic_Corr,0.21545029160688767,1.4773369981290287e-06,4.81427709567987,12.112173961864757,182074.9986851711,2325,11
FTSE100,0.15,D,10,Crisis_next_10D,Shiller_CAPE,0.20789281452420505,8.30457393470942e-08,-5.360382909164039,-0.7909502318577907,0.4534137423319436,2325,11
FTSE100,0.15,D,10,Crisis_next_10D,YC_10Y3M,0.014453598643531795,0.14635487062241298,-1.4525279239738438,-0.6000723497542801,0.548771931143348,2325,11
FTSE100,0.15,D,10,Crisis_next_10D,CFNAI,0.05168816386814479,0.0012856385103370489,-3.219166412340074,-0.3385580022269685,0.7127974343512774,2325,11
FTSE100,0.15,D,10,Crisis_next_10D,CISS,0.01173159145481073,0.15294459055359014,1.4292075422564559,2.367870146125922,10.674632647665803,2325,11
FTSE100,0.15,D,10,Crisis_next_10D,Downside_Beta,0.020124720188514966,0.11853695376015319,1.5609440452090717,2.6753055901916554,14.51678534904934,2325,11
FTSE100,0.15,D,10,Crisis_next_10D,NFCI,0.04267542066169128,0.005348353328335015,2.7852677852155696,3.393649701529894,29.774421962351937,2325,11
FTSE100,0.15,D,10,Crisis_next_10D,EPU,0.0024938066744427667,0.5644873132295377,-0.5761891868533868,-0.0014356718632850451,0.9985653582205514,2325,11
FTSE100,0.15,D,10,Crisis_next_10D,RSkew,0.1709056168023736,1.3038588718665949e-07,-5.278302791757088,-1.7867953114240935,0.16749608327485846,2325,11
FTSE100,0.15,D,10,Crisis_next_10D,RSV_Ratio,0.2676462154544287,4.76060084595155e-10,6.226799377770273,15.094513606762543,3593055.8380500064,2325,11
FTSE100,0.15,D,10,Crisis_next_10D,HillTail,0.1046993368308693,0.0001460462016587266,3.7976978382925055,9.47062324160631,12972.970006916585,2325,11
FTSE100,0.15,D,15,Crisis_next_15D,HY_Spread,0.009273030628304202,0.18291845648712457,1.3318227009539292,0.274569513017366,1.3159640475214516,2320,12
FTSE100,0.15,D,15,Crisis_next_15D,Yield_Curve,0.015938518975784577,0.11374616192038876,-1.5815770267915408,-0.625010459180424,0.5352558301524126,2320,12
FTSE100,0.15,D,15,Crisis_next_15D,Neely,0.05488916033443603,0.005642216481857855,2.7678803550935043,1.69924148706914,5.4697969061452145,2320,12
FTSE100,0.15,D,15,Crisis_next_15D,PatroCorr,0.004154303660563463,0.4337158983869752,0.7828488142113281,1.3320501760667822,3.7888031439448446,2320,12
FTSE100,0.15,D,15,Crisis_next_15D,SahmIndicator,0.0022465317181593614,0.5805610961524554,-0.5525653179347185,-0.5484139395051977,0.5778656137500056,2320,12
FTSE100,0.15,D,15,Crisis_next_15D,VIX,0.05226687854981493,0.00038325994842134157,3.551350299123458,0.06253089925922387,1.0645273515162637,2320,12
FTSE100,0.15,D,15,Crisis_next_15D,M2_Growth,0.005344039384369115,0.3734519630592672,0.8900259298839341,0.050196422023110324,1.0514776094528058,2320,12
FTSE100,0.15,D,15,Crisis_next_15D,BuffettDeviation,0.000534406366525686,0.7641819009462317,-0.29999377887872064,-1.1566058892336082,0.31455199542738405,2320,12
FTSE100,0.15,D,15,Crisis_next_15D,Systemic_Corr,0.13392478343673309,2.0890503733101453e-05,4.2551541538685,9.080525066434069,8782.576252578838,2320,12
FTSE100,0.15,D,15,Crisis_next_15D,Shiller_CAPE,0.04774847304201091,0.010100565031401217,-2.57236736406297,-0.372921590560718,0.6887192328157422,2320,12
FTSE100,0.15,D,15,Crisis_next_15D,YC_10Y3M,0.015938518975784577,0.11374616192038876,-1.5815770267915408,-0.625010459180424,0.5352558301524126,2320,12
FTSE100,0.15,D,15,Crisis_next_15D,CFNAI,0.023706295362214802,0.02871508379220858,-2.1873760402853306,-0.25474196118563736,0.7751164822961956,2320,12
FTSE100,0.15,D,15,Crisis_next_15D,CISS,0.0006073938363877485,0.7666219607784029,-0.2967963912369114,-0.7580957121381035,0.46855784700103464,2320,12
FTSE100,0.15,D,15,Crisis_next_15D,Downside_Beta,0.004784084839825953,0.4180325831859818,0.8098392285536117,1.1808720106310173,3.257213289468835,2320,12
FTSE100,0.15,D,15,Crisis_next_15D,NFCI,0.005101724039605737,0.35629149529847226,0.9224546110111485,1.3853911427538346,3.996388757651488,2320,12
FTSE100,0.15,D,15,Crisis_next_15D,EPU,0.02424386359675601,0.07613065026372914,-1.7735920704751533,-0.004931647523868721,0.9950804930838492,2320,12
FTSE100,0.15,D,15,Crisis_next_15D,RSkew,0.057984100916235626,0.0013886361855369217,-3.197002716977154,-1.1276193307266358,0.32380320790636513,2320,12
FTSE100,0.15,D,15,Crisis_next_15D,RSV_Ratio,0.0958165099222481,7.78715444634212e-05,3.950857923044133,9.386885535647721,11930.883097913505,2320,12
FTSE100,0.15,D,15,Crisis_next_15D,HillTail,0.0953279527694827,0.00016218805117287997,3.771624729120584,9.156161966549174,9472.630945490491,2320,12
FTSE100,0.15,W,4,Crisis_next_4W,HY_Spread,0.13423545365685485,0.13640300264258565,1.4893204595341931,0.6941650703677169,2.0020368160668385,112,1
FTSE100,0.15,W,4,Crisis_next_4W,Yield_Curve,0.014340659036828352,0.678493542224714,-0.4145197006305452,-0.5710485592357641,0.5649327625600519,112,1
FTSE100,0.15,W,4,Crisis_next_4W,Neely,0.23267354091240344,0.8976204675301496,0.12866786055588125,9.6791493609898,15980.897169063215,112,1
FTSE100,0.15,W,4,Crisis_next_4W,PatroCorr,0.056068754055730974,0.5120551862112842,0.655640926309946,5.621088199675307,276.18976938245066,112,1
FTSE100,0.15,W,4,Crisis_next_4W,SahmIndicator,3.3359534444721284e-05,0.984618275102721,-0.019279327533617586,-0.058059829805144084,0.9435934907332327,112,1
FTSE100,0.15,W,4,Crisis_next_4W,VIX,0.49411606994320456,0.08707492908746967,1.711033498602293,0.23972540420709584,1.270900118576511,112,1
FTSE100,0.15,W,4,Crisis_next_4W,M2_Growth,0.10656346462548172,0.3560619167339397,0.9228950187869456,0.25566774468347875,1.2913236075209331,112,1
FTSE100,0.15,W,4,Crisis_next_4W,BuffettDeviation,0.13183874488769398,0.3235055863308095,-0.9872796045303452,-23.560702767812234,5.857560705818847e-11,112,1
FTSE100,0.15,W,4,Crisis_next_4W,Systemic_Corr,0.3132643041339245,0.11865894069440822,1.56042728696426,14.82350304884815,2740094.7247632067,112,1
FTSE100,0.15,W,4,Crisis_next_4W,Shiller_CAPE,0.9999875270306269,0.9350020880801755,-0.08155311219276334,-18.567873455758832,8.63127626503827e-09,112,1
FTSE100,0.15,W,4,Crisis_next_4W,YC_10Y3M,0.014340659036828352,0.678493542224714,-0.4145197006305452,-0.5710485592357641,0.5649327625600519,112,1
FTSE100,0.15,W,4,Crisis_next_4W,CFNAI,0.11962479842712537,0.16621027370188224,-1.3844840988486675,-0.4394684916314654,0.6443788228172209,112,1
FTSE100,0.15,W,4,Crisis_next_4W,CISS,0.06399592209810723,0.3135536941836864,1.0077933184411103,4.369082557090354,78.97114693550965,112,1
FTSE100,0.15,W,4,Crisis_next_4W,Downside_Beta,0.043184450904554916,0.5169648092397742,0.6480311406176169,3.8565439305864784,47.301590966446355,112,1
FTSE100,0.15,W,4,Crisis_next_4W,NFCI,0.19178904489028248,0.10144543260962485,1.6378862125609348,5.6991264790798155,298.6064480304721,112,1
FTSE100,0.15,W,4,Crisis_next_4W,EPU,0.011027003002756386,0.7110327821072129,0.3704693869958988,0.0025499979423622716,1.0025532519524338,112,1
FTSE100,0.15,W,4,Crisis_next_4W,RSkew,0.1902507088757157,0.11967443409201463,-1.5561415606779074,-1.7949988081458257,0.1661276503466486,112,1
FTSE100,0.15,W,4,Crisis_next_4W,RSV_Ratio,0.999235097340988,0.6939006891008698,0.39356708113772104,852.3296082904296,inf,112,1
FTSE100,0.15,W,4,Crisis_next_4W,HillTail,0.1545576963742814,0.2047479115649944,1.2681401334079512,10.629184035842082,41323.393032286964,112,1
FTSE100,0.15,W,8,Crisis_next_8W,HY_Spread,0.0025156806668094056,0.874036910131348,-0.15853288460392795,-0.20402370873409353,0.8154430378359565,111,1
FTSE100,0.15,W,8,Crisis_next_8W,Yield_Curve,0.018980233158310877,0.6349538087721076,-0.47476594491168655,-0.6514302162799672,0.5212996720649267,111,1
FTSE100,0.15,W,8,Crisis_next_8W,Neely,0.05549308360149574,0.9196743813670852,-0.10084389485739574,-7.684960994919232,0.0004596887192074604,111,1
FTSE100,0.15,W,8,Crisis_next_8W,PatroCorr,0.0002010398143723613,0.9618538467324894,0.04782734073085965,0.2719182326617406,1.3124796789535687,111,1
FTSE100,0.15,W,8,Crisis_next_8W,SahmIndicator,0.004187187452779351,0.8386222862023329,-0.203656054016314,-0.7350331137386514,0.47948958101933437,111,1
FTSE100,0.15,W,8,Crisis_next_8W,VIX,0.021458687319922287,0.6648233841609847,-0.4332634552382918,-0.09477055110991855,0.9095816130183306,111,1
FTSE100,0.15,W,8,Crisis_next_8W,M2_Growth,1.7236593939928824e-05,0.9888067567901346,-0.014029110135811833,-0.0027204958658973524,0.997283201329486,111,1
FTSE100,0.15,W,8,Crisis_next_8W,BuffettDeviation,0.04242707146092739,0.4988515774189477,0.6762978186824468,9.33810790350131,11362.888206620986,111,1
FTSE100,0.15,W,8,Crisis_next_8W,Systemic_Corr,0.053493547908718075,0.43376521543777924,0.7827648446390697,5.548380125124027,256.82120056462736,111,1
FTSE100,0.15,W,8,Crisis_next_8W,Shiller_CAPE,0.001353930855710117,0.9032860299587226,-0.1215113441405739,-0.04974345332681928,0.9514734905508293,111,1
FTSE100,0.15,W,8,Crisis_next_8W,YC_10Y3M,0.018980233158310877,0.6349538087721076,-0.47476594491168655,-0.6514302162799672,0.5212996720649267,111,1
FTSE100,0.15,W,8,Crisis_next_8W,CFNAI,0.006930433718192686,0.7590914817804455,-0.3066740525214875,-0.14980545687526467,0.8608754375329516,111,1
FTSE100,0.15,W,8,Crisis_next_8W,CISS,0.053331121514317736,0.6135154976266721,-0.5050617045321,-19.381163099477895,3.827082400119563e-09,111,1
FTSE100,0.15,W,8,Crisis_next_8W,Downside_Beta,0.00016214881953402482,0.9655501910378685,0.04318985630876712,0.1877328907414657,1.2065112019925033,111,1
FTSE100,0.15,W,8,Crisis_next_8W,NFCI,0.1128658246397708,0.3689129002036273,-0.8985115315555072,-13.03975192193738,2.172239441347745e-06,111,1
FTSE100,0.15,W,8,Crisis_next_8W,EPU,0.06938611225899394,0.4339450598498281,-0.78245867967992,-0.008899310775474569,0.9911401708840065,111,1
FTSE100,0.15,W,8,Crisis_next_8W,RSkew,0.0028204840033074774,0.8597079771432098,0.17674591053260666,0.2874843346782732,1.3330697090337564,111,1
FTSE100,0.15,W,8,Crisis_next_8W,RSV_Ratio,0.0003573608063678346,0.950270062991368,-0.06236764166003392,-0.5672696055942859,0.567071656124761,111,1
FTSE100,0.15,W,8,Crisis_next_8W,HillTail,0.08423708814193265,0.3205922752339485,0.9932415069842154,8.283048941781894,3956.238352379616,111,1
FTSE100,0.15,W,12,Crisis_next_12W,HY_Spread,0.00732300697598498,0.7276195756727353,-0.34829376526910305,-0.35546098101508405,0.7008502900524297,110,2
FTSE100,0.15,W,12,Crisis_next_12W,Yield_Curve,0.015187443076897011,0.5731279338965785,-0.5634508288614622,-0.5540715510971146,0.574605505464243,110,2
FTSE100,0.15,W,12,Crisis_next_12W,Neely,0.06440374622895273,0.9612128379534108,-0.04863166103224495,-10.484245347327846,2.7973711961018513e-05,110,2
FTSE100,0.15,W,12,Crisis_next_12W,PatroCorr,0.0023661631741193068,0.8285147320028703,-0.21660686917691452,-0.8697151875475301,0.41907088885974336,110,2
FTSE100,0.15,W,12,Crisis_next_12W,SahmIndicator,0.02055662936912961,0.5859806365231998,-0.5446698036059654,-1.8505476950018234,0.15715107188243374,110,2
FTSE100,0.15,W,12,Crisis_next_12W,VIX,0.04099077324096445,0.4418710584711276,-0.7690374842534292,-0.13371165735989965,0.8748422825724174,110,2
FTSE100,0.15,W,12,Crisis_next_12W,M2_Growth,0.004506569844662134,0.7658053296389863,-0.2978661429412151,-0.04187675593291745,0.9589879628665285,110,2
FTSE100,0.15,W,12,Crisis_next_12W,BuffettDeviation,0.0781077924261041,0.2463858112518329,1.159172664923857,12.599123627226193,296298.7832953003,110,2
FTSE100,0.15,W,12,Crisis_next_12W,Systemic_Corr,0.014325841193936206,0.5902881907449875,0.5384184513485957,2.7400329871998568,15.487495977038702,110,2
FTSE100,0.15,W,12,Crisis_next_12W,Shiller_CAPE,0.0005548228881367967,0.917220464119477,-0.10393558898075662,-0.029252487903990775,0.9711712245209523,110,2
FTSE100,0.15,W,12,Crisis_next_12W,YC_10Y3M,0.015187443076897011,0.5731279338965785,-0.5634508288614622,-0.5540715510971146,0.574605505464243,110,2
FTSE100,0.15,W,12,Crisis_next_12W,CFNAI,0.012893582830931671,0.5744171167072356,-0.56155812648641,-0.18509722626248887,0.8310234826169329,110,2
FTSE100,0.15,W,12,Crisis_next_12W,CISS,0.07764404871850683,0.4470356973079018,-0.7603662399609586,-25.937579096656957,5.438166802665574e-12,110,2
FTSE100,0.15,W,12,Crisis_next_12W,Downside_Beta,0.007645511325524157,0.7113842721836883,0.3699976086538296,1.3308568741214533,3.784284654280143,110,2
FTSE100,0.15,W,12,Crisis_next_12W,NFCI,0.098290623836787,0.2624249461205812,-1.1206780091448898,-10.524074469539297,2.688144007463241e-05,110,2
FTSE100,0.15,W,12,Crisis_next_12W,EPU,0.004640437795771057,0.7668368127969469,-0.29651500079948867,-0.0017850484336059454,0.998216543817793,110,2
FTSE100,0.15,W,12,Crisis_next_12W,RSkew,0.06670507024108274,0.26863481951742296,1.106211885778833,1.421808553657713,4.144609414620716,110,2
FTSE100,0.15,W,12,Crisis_next_12W,RSV_Ratio,0.04800037520209932,0.3407528365128636,-0.9526788028091278,-6.447939829843116,0.0015837816697510416,110,2
FTSE100,0.15,W,12,Crisis_next_12W,HillTail,0.09034698229863658,0.16930844148495272,1.3744293117512925,8.165804196755808,3518.549805948684,110,2
FTSE100,0.15,W,16,Crisis_next_16W,HY_Spread,0.004160065934366353,0.753328932041005,-0.31425294704264417,-0.24329466354550183,0.784040451591145,109,3
FTSE100,0.15,W,16,Crisis_next_16W,Yield_Curve,0.012098903485907031,0.5563971412442517,-0.5882013650693486,-0.47890804533348474,0.6194594442605268,109,3
FTSE100,0.15,W,16,Crisis_next_16W,Neely,0.07146819720015207,0.9820083509076328,-0.022551099416722706,-12.861476497113888,2.596161637206054e-06,109,3
FTSE100,0.15,W,16,Crisis_next_16W,PatroCorr,0.007147410621348493,0.6598964579938493,-0.4400561252605804,-1.4600773577518857,0.23221831014849817,109,3
FTSE100,0.15,W,16,Crisis_next_16W,SahmIndicator,0.03780126563974162,0.41858418582706547,-0.8088799794601111,-2.7696552168107136,0.06268361327291025,109,3
FTSE100,0.15,W,16,Crisis_next_16W,VIX,0.057735350704472777,0.2920897638743213,-1.053548312995054,-0.15943348733830784,0.8526266759801321,109,3
FTSE100,0.15,W,16,Crisis_next_16W,M2_Growth,0.016581035415289103,0.5104016552062942,-0.6582124043217201,-0.0788073293711296,0.9242179769506244,109,3
FTSE100,0.15,W,16,Crisis_next_16W,BuffettDeviation,0.04412410969100844,0.2832111882310743,1.0731335758774934,8.881002989624996,7194.002628468134,109,3
FTSE100,0.15,W,16,Crisis_next_16W,Systemic_Corr,0.028549932213709495,0.37499524590427624,0.8871553904429887,3.7141898690376505,41.02533772171294,109,3
FTSE100,0.15,W,16,Crisis_next_16W,Shiller_CAPE,0.002296591410246296,0.806636111670957,-0.24476794958299122,-0.058417784421171855,0.9432557875323867,109,3
FTSE100,0.15,W,16,Crisis_next_16W,YC_10Y3M,0.012098903485907031,0.5563971412442517,-0.5882013650693486,-0.47890804533348474,0.6194594442605268,109,3
FTSE100,0.15,W,16,Crisis_next_16W,CFNAI,0.019714147990567144,0.4131136481089297,-0.8184265824331352,-0.21463763314100331,0.8068337570254249,109,3
FTSE100,0.15,W,16,Crisis_next_16W,CISS,0.08430235408231157,0.3498655634769896,-0.9348500858864094,-25.47554216761818,8.632023482132285e-12,109,3
FTSE100,0.15,W,16,Crisis_next_16W,Downside_Beta,0.009061645278884312,0.6381014983949915,0.4703548745014492,1.4141889198153705,4.11314901902192,109,3
FTSE100,0.15,W,16,Crisis_next_16W,NFCI,0.09413398224004477,0.19579015934688215,-1.2936389575182174,-9.477949576309433,7.652067621656291e-05,109,3
FTSE100,0.15,W,16,Crisis_next_16W,EPU,0.00011233194950877046,0.9555284916162758,0.05576566011130588,0.00024997954566240534,1.0002500107931527,109,3
FTSE100,0.15,W,16,Crisis_next_16W,RSkew,0.001589556119543034,0.8361526008032263,0.20681722829156704,0.1915306222936154,1.211101919290729,109,3
FTSE100,0.15,W,16,Crisis_next_16W,RSV_Ratio,0.0025790131083084367,0.7856887124011224,-0.2719132637071035,-1.438402740239998,0.23730649624770792,109,3
FTSE100,0.15,W,16,Crisis_next_16W,HillTail,0.08702406722404621,0.1101873482090738,1.5973516293571344,7.871007582202313,2620.204329838859,109,3
FTSE100,0.15,M,6,Crisis_next_6M,HY_Spread,1.517333182476932e-05,0.9801691841629506,0.024856801278763743,0.011776586759254531,1.0118462037722957,108,5
FTSE100,0.15,M,6,Crisis_next_6M,Yield_Curve,0.017702275612044183,0.38835215088657815,-0.862609599042345,-0.5472920067387292,0.578514303942034,108,5
FTSE100,0.15,M,6,Crisis_next_6M,Neely,0.004161831678689665,0.6938692441755823,-0.3936096654048362,-0.44825863138388794,0.6387394645956992,108,5
FTSE100,0.15,M,6,Crisis_next_6M,PatroCorr,0.06891464096350652,0.12823347728946174,-1.5211050504382144,-4.619521248597614,0.009857514230443927,108,5
FTSE100,0.15,M,6,Crisis_next_6M,SahmIndicator,0.1013397884452426,0.1916033512139037,-1.3058506514221044,-6.641881152017346,0.0013045708380606386,108,5
FTSE100,0.15,M,6,Crisis_next_6M,VIX,0.05554207538252165,0.2129150552102561,-1.245589728312848,-0.1445127301439785,0.8654438951075911,108,5
FTSE100,0.15,M,6,Crisis_next_6M,M2_Growth,0.04813755307412115,0.18888976951779923,-1.3138705538446147,-0.13191379811450402,0.8764165405815222,108,5
FTSE100,0.15,M,6,Crisis_next_6M,BuffettDeviation,0.01814872924564681,0.39502435902923116,0.8505410301057474,5.527703925777509,251.56563402656084,108,5
FTSE100,0.15,M,6,Crisis_next_6M,Systemic_Corr,0.02719820045731325,0.29780870757831734,1.0411440295304282,3.303424650747388,27.20564941312341,108,5
FTSE100,0.15,M,6,Crisis_next_6M,Shiller_CAPE,0.028980278070677712,0.31656336068495305,-1.0015450729089241,-0.21869675295698143,0.8035653600292213,108,5
FTSE100,0.15,M,6,Crisis_next_6M,YC_10Y3M,0.017702275612044183,0.38835215088657815,-0.862609599042345,-0.5472920067387292,0.578514303942034,108,5
FTSE100,0.15,M,6,Crisis_next_6M,CFNAI,0.046645927980868196,0.12957343569286553,-1.5157861483696677,-0.29885052778573484,0.7416702602462997,108,5
FTSE100,0.15,M,6,Crisis_next_6M,CISS,0.014170694792543737,0.5362285701649641,-0.6185261431069711,-4.009038365109284,0.018150841329389173,108,5
FTSE100,0.15,M,6,Crisis_next_6M,Downside_Beta,0.10310907944968384,0.06432592041533475,1.8499141756495563,5.960964675091315,387.984222482395,108,5
FTSE100,0.15,M,6,Crisis_next_6M,NFCI,0.08010985225995981,0.13761878306781825,-1.484717088373453,-7.6484902913659685,0.0004767633597318334,108,5
FTSE100,0.15,M,6,Crisis_next_6M,EPU,0.05884295570235343,0.10559342082985157,1.6183210764224318,0.004437242627968144,1.0044471017661067,108,5
FTSE100,0.15,M,6,Crisis_next_6M,RSkew,0.09044329239972926,0.060998601288636246,-1.8735055919177193,-1.3819745391370475,0.25108229146590344,108,5
FTSE100,0.15,M,6,Crisis_next_6M,RSV_Ratio,0.06489789489933995,0.13086022820399168,1.5107183379996918,7.479820117288173,1771.922009126569,108,5
FTSE100,0.15,M,6,Crisis_next_6M,HillTail,0.11032850812728989,0.0319993982937221,2.1444181371217073,8.874775764146248,7149.343148649528,108,5
FTSE100,0.15,M,12,Crisis_next_12M,HY_Spread,0.00019885362955451846,0.9299747152333957,-0.08787665020237088,-0.04412407719571463,0.9568352286754959,102,5
FTSE100,0.15,M,12,Crisis_next_12M,Yield_Curve,0.0016697186499495809,0.7944077211702633,-0.2605912719405997,-0.17079477288455358,0.8429945610622445,102,5
FTSE100,0.15,M,12,Crisis_next_12M,Neely,0.006037710552623143,0.639540288342143,-0.4683416496789185,-0.5337611418984227,0.5863953009090384,102,5
FTSE100,0.15,M,12,Crisis_next_12M,PatroCorr,0.3119302673109179,0.1534649867429615,-1.4273987645714117,-24.136022070235356,3.29502565083355e-11,102,5
FTSE100,0.15,M,12,Crisis_next_12M,SahmIndicator,0.08885048056290967,0.21476120052669745,-1.2405793060610193,-6.452374651966285,0.0015767734313953045,102,5
FTSE100,0.15,M,12,Crisis_next_12M,VIX,0.07361739920555643,0.1664632145424858,-1.3836579514075926,-0.1698359951834396,0.8438031930367592,102,5
FTSE100,0.15,M,12,Crisis_next_12M,M2_Growth,0.02763661349209312,0.3052266734507858,-1.0252893626983683,-0.0980197292206154,0.9066310164541299,102,5
FTSE100,0.15,M,12,Crisis_next_12M,BuffettDeviation,0.04001346866269673,0.21405184260552756,1.2425008078679354,8.084284427338654,3243.0983325953866,102,5
FTSE100,0.15,M,12,Crisis_next_12M,Systemic_Corr,0.00048636189947171005,0.8890201178629187,0.13954421666798064,0.46309636853497155,1.5889864633355035,102,5
FTSE100,0.15,M,12,Crisis_next_12M,Shiller_CAPE,0.045887776105663414,0.2182815152010632,-1.2311105635108044,-0.27720052289507197,0.757902505067577,102,5
FTSE100,0.15,M,12,Crisis_next_12M,YC_10Y3M,0.0016697186499495809,0.7944077211702633,-0.2605912719405997,-0.17079477288455358,0.8429945610622445,102,5
FTSE100,0.15,M,12,Crisis_next_12M,CFNAI,0.05545097291874701,0.10299733255418063,-1.6304930516193714,-0.32006226624332795,0.7261038239086978,102,5
FTSE100,0.15,M,12,Crisis_next_12M,CISS,0.0035395921524929985,0.7291252777203145,-0.3462893417903002,-1.5637518863276667,0.20934914170639315,102,5
FTSE100,0.15,M,12,Crisis_next_12M,Downside_Beta,0.290895633108479,0.004421538592825466,2.846408846559411,13.251357644613291,568841.8010223396,102,5
FTSE100,0.15,M,12,Crisis_next_12M,NFCI,0.10188879228721792,0.10615146338444853,-1.6157357254515274,-8.741461211472915,0.00015982018611769707,102,5
FTSE100,0.15,M,12,Crisis_next_12M,EPU,0.056920307057511055,0.11248555989300951,1.5871195985753772,0.004365135085066033,1.0043746761648706,102,5
FTSE100,0.15,M,12,Crisis_next_12M,RSkew,0.000263695426118149,0.9186751633330504,0.1021026931890092,0.07648734182261625,1.0794885258934377,102,5
FTSE100,0.15,M,12,Crisis_next_12M,RSV_Ratio,0.009665713239155993,0.5323429500169431,-0.6244334699446776,-2.6681261841508994,0.06938211288140674,102,5
FTSE100,0.15,M,12,Crisis_next_12M,HillTail,0.0005210643989428387,0.8909514709586956,-0.13710035615273186,-0.864024395097768,0.4214625330308072,102,5
FTSE100,0.15,M,18,Crisis_next_18M,HY_Spread,0.024113953144177414,0.4411027276055791,-0.7703324238121537,-0.6859668014389492,0.5036031099274432,96,4
FTSE100,0.15,M,18,Crisis_next_18M,Yield_Curve,0.04059039272286058,0.3135481429242274,1.0078048795374308,1.0567672084133006,2.8770550198249643,96,4
FTSE100,0.15,M,18,Crisis_next_18M,Neely,0.019088495052536403,0.4201131388275825,0.8062249781567641,0.826659089380053,2.2856697517380415,96,4
FTSE100,0.15,M,18,Crisis_next_18M,PatroCorr,0.4363027337732518,0.051396774090045734,-1.9481520351651138,-63.80260642427068,1.9537999713297358e-28,96,4
FTSE100,0.15,M,18,Crisis_next_18M,SahmIndicator,0.0837761882665623,0.2994648894120453,-1.0375815966966209,-6.840863776516231,0.001069179468545494,96,4
FTSE100,0.15,M,18,Crisis_next_18M,VIX,0.04735262409660346,0.29476228891848133,-1.0477315897035029,-0.12424016792004176,0.8831677068586726,96,4
FTSE100,0.15,M,18,Crisis_next_18M,M2_Growth,0.016291798964562676,0.4645878249495896,-0.7313132731634268,-0.07830057868894073,0.9246864437288399,96,4
FTSE100,0.15,M,18,Crisis_next_18M,BuffettDeviation,0.07929622909814271,0.12566673291388705,1.53141551135045,11.618962878244302,111186.34741812653,96,4
FTSE100,0.15,M,18,Crisis_next_18M,Systemic_Corr,0.027929694500554603,0.3404400106005234,-0.9532962112561545,-3.781468868760202,0.022789192495423615,96,4
FTSE100,0.15,M,18,Crisis_next_18M,Shiller_CAPE,0.0006328164530715608,0.8859336856111503,-0.14345140728764758,-0.026534772282455214,0.973814181505025,96,4
FTSE100,0.15,M,18,Crisis_next_18M,YC_10Y3M,0.04059039272286058,0.3135481429242274,1.0078048795374308,1.0567672084133006,2.8770550198249643,96,4
FTSE100,0.15,M,18,Crisis_next_18M,CFNAI,0.024318381057042315,0.32150629427099464,-0.9913672328487833,-0.22861374820542002,0.7956357899137906,96,4
FTSE100,0.15,M,18,Crisis_next_18M,CISS,0.023966417447566446,0.49470406888355556,-0.6828461427787378,-5.8086215721173575,0.0030015646624763034,96,4
FTSE100,0.15,M,18,Crisis_next_18M,Downside_Beta,0.10768867269379612,0.08779036623009359,1.70717050106459,7.068630429658408,1174.5383193446546,96,4
FTSE100,0.15,M,18,Crisis_next_18M,NFCI,0.1365923278068033,0.10862610276157869,-1.6043991295776563,-11.35975863816766,1.1655194026000152e-05,96,4
FTSE100,0.15,M,18,Crisis_next_18M,EPU,0.033209347254828825,0.26851194933199307,1.1064958729883232,0.003778920267766936,1.0037860693894456,96,4
FTSE100,0.15,M,18,Crisis_next_18M,RSkew,0.039439617444577024,0.2552514714073387,1.1376863590679647,0.9663380699178686,2.6283021566776235,96,4
FTSE100,0.15,M,18,Crisis_next_18M,RSV_Ratio,0.02022868785622134,0.4089866280159442,-0.8256782595888872,-3.910702642773213,0.02002642469434948,96,4
FTSE100,0.15,M,18,Crisis_next_18M,HillTail,0.08524297519451662,0.17825480667638005,-1.346147952010949,-19.267065257018945,4.289630419497013e-09,96,4
FTSE100,0.15,M,24,Crisis_next_24M,HY_Spread,0.10773042437263558,0.05734446345994714,-1.9006760041511865,-1.8387149449874114,0.1590216464254943,90,8
FTSE100,0.15,M,24,Crisis_next_24M,Yield_Curve,0.13710621723469907,0.052101559695313895,1.9422936633959433,2.6670892775963697,14.39799956157023,90,8
FTSE100,0.15,M,24,Crisis_next_24M,Neely,0.0012487438540913498,0.7936506452970674,0.26157302205601113,0.20067121552088704,1.2222228578497314,90,8
FTSE100,0.15,M,24,Crisis_next_24M,PatroCorr,0.24460734791077587,0.03435274461431612,-2.1159066868175227,-10.808121987830251,2.0234489918627476e-05,90,8
FTSE100,0.15,M,24,Crisis_next_24M,SahmIndicator,0.12107654336418594,0.17212852932282185,-1.365396290002836,-9.496348532229145,7.512564854789116e-05,90,8
FTSE100,0.15,M,24,Crisis_next_24M,VIX,0.039217729212557506,0.2065325471843178,-1.2631575998093283,-0.09301658099833054,0.9111783919234896,90,8
FTSE100,0.15,M,24,Crisis_next_24M,M2_Growth,0.02687724569482486,0.23207816646096446,-1.195022686649427,-0.09915875437479038,0.905598928819306,90,8
FTSE100,0.15,M,24,Crisis_next_24M,BuffettDeviation,0.30796791662767076,0.0030822488392974775,2.95941383402208,26.464890125221338,311570079821.705,90,8
FTSE100,0.15,M,24,Crisis_next_24M,Systemic_Corr,0.004230885094575809,0.6323178648766838,0.4784669882168236,1.357305393412213,3.8857087259044962,90,8
FTSE100,0.15,M,24,Crisis_next_24M,Shiller_CAPE,0.007289931026028484,0.5219535175888321,0.6403370207085373,0.07513327163611774,1.0780278118417181,90,8
FTSE100,0.15,M,24,Crisis_next_24M,YC_10Y3M,0.13710621723469907,0.052101559695313895,1.9422936633959433,2.6670892775963697,14.39799956157023,90,8
FTSE100,0.15,M,24,Crisis_next_24M,CFNAI,0.0028866804501941346,0.7042649112639376,0.37956962594887816,0.09924934985253274,1.10434163265357,90,8
FTSE100,0.15,M,24,Crisis_next_24M,CISS,0.19917225662812899,0.06134365346451149,-1.871010299381728,-47.94214936144304,1.5100421909030925e-21,90,8
FTSE100,0.15,M,24,Crisis_next_24M,Downside_Beta,0.009739706870604437,0.49999722320696915,0.6744941192990317,1.356161766270075,3.881267463996995,90,8
FTSE100,0.15,M,24,Crisis_next_24M,NFCI,0.07280920685374559,0.10368655910047109,-1.6272380042793324,-5.949817110767153,0.0026063171421651797,90,8
FTSE100,0.15,M,24,Crisis_next_24M,EPU,0.008271838014425992,0.4938899442645289,0.6841349655589837,0.0018696751450737882,1.0018714240774564,90,8
FTSE100,0.15,M,24,Crisis_next_24M,RSkew,0.0021341913080394903,0.7339493996634194,-0.33987667911945496,-0.1992006442619077,0.819385471845147,90,8
FTSE100,0.15,M,24,Crisis_next_24M,RSV_Ratio,0.0249949551701244,0.26064731375484496,1.1248624790073676,4.325236273620287,75.58336910641576,90,8
FTSE100,0.15,M,24,Crisis_next_24M,HillTail,0.09524488183296442,0.06910131936695377,-1.817756752268653,-17.459163105677856,2.615663093138201e-08,90,8
