market,drawdown_threshold,freq,horizon,target,indicator,pseudo_r2,p_value,z_score,coef,odds_ratio,n_obs,n_crisis
DAX,0.03,D,5,Crisis_next_5D,HY_Spread,0.01718558312294316,3.5185712004629605e-14,7.577654785476302,0.09601023173020336,1.100770326721359,4367,446
DAX,0.03,D,5,Crisis_next_5D,Yield_Curve,0.007272564210791477,5.682068383572619e-06,4.537887029297098,0.2584546941928202,1.2949274807890998,4367,446
DAX,0.03,D,5,Crisis_next_5D,Neely,0.026356868692776758,4.888346523952086e-19,8.914768907466263,0.9129015694985386,2.4915414358811416,4367,446
DAX,0.03,D,5,Crisis_next_5D,PatroCorr,0.00041748007534159193,0.2748805277342181,1.0918921062723574,0.36171043963300564,1.435783135871028,4367,446
DAX,0.03,D,5,Crisis_next_5D,SahmIndicator,2.0364217382162764e-05,0.8106454328863762,-0.2395934630987077,-0.057088176108900116,0.9445107824090103,4367,446
DAX,0.03,D,5,Crisis_next_5D,VIX,0.02646243188630315,8.342242467933703e-20,9.108638267857062,0.048439296513611896,1.0496316535855892,4367,446
DAX,0.03,D,5,Crisis_next_5D,M2_Growth,0.0004306981746867722,0.2675718091041467,1.1086717591809807,0.043053741755077354,1.0439939994128389,4367,446
DAX,0.03,D,5,Crisis_next_5D,BuffettDeviation,0.006584501495014772,1.1396247419895623e-05,-4.388829299351356,-1.4029239820741906,0.24587697197426892,4367,446
DAX,0.03,D,5,Crisis_next_5D,Systemic_Corr,0.00439844381494936,0.0004585158234717394,3.503889355575513,2.1225430518341084,8.352350964208659,4367,446
DAX,0.03,D,5,Crisis_next_5D,Shiller_CAPE,0.017411191961006822,1.4869490696378557e-12,-7.0757012370595005,-0.06875444660429968,0.9335558897542483,4367,446
DAX,0.03,D,5,Crisis_next_5D,YC_10Y3M,0.007272564210791477,5.682068383572619e-06,4.537887029297098,0.2584546941928202,1.2949274807890998,4367,446
DAX,0.03,D,5,Crisis_next_5D,CFNAI,0.007767550278496849,8.567128039876172e-07,-4.921983861549914,-0.15599453852902867,0.8555638629954606,4367,446
DAX,0.03,D,5,Crisis_next_5D,CISS,0.020071028109404865,2.053753411892237e-15,7.938055562605779,1.7936742709289153,6.011499816625739,4367,446
DAX,0.03,D,5,Crisis_next_5D,Downside_Beta,0.015630092028268705,7.055618546037205e-11,-6.519470134673096,-1.5758233527385683,0.20683718259271233,4367,446
DAX,0.03,D,5,Crisis_next_5D,NFCI,0.01974149455745311,2.765687519898557e-16,8.183128156819102,0.6806352939422627,1.9751321232078063,4367,446
DAX,0.03,D,5,Crisis_next_5D,EPU,6.412956274082227e-05,0.6654072287325142,0.43245984788609704,0.00019601339341641496,1.0001960326052968,4367,446
DAX,0.03,D,5,Crisis_next_5D,RSkew,0.0007344182051128856,0.1456286017796219,-1.4551468847997089,-0.12404876800201968,0.8833367612633486,4367,446
DAX,0.03,D,5,Crisis_next_5D,RSV_Ratio,0.010407063323283006,5.075682442801056e-08,5.4486386190055525,2.512310188345265,12.333389627347993,4367,446
DAX,0.03,D,5,Crisis_next_5D,HillTail,0.002072798860352054,0.015573028475296747,-2.418771284364174,-1.587187674545679,0.2044999241210256,4367,446
DAX,0.03,D,10,Crisis_next_10D,HY_Spread,0.005534424617193001,3.0635298520605635e-06,4.666513862915631,0.05770964472913075,1.059407346541604,4362,624
DAX,0.03,D,10,Crisis_next_10D,Yield_Curve,0.008156395789524873,8.76764319777005e-08,5.350572471469152,0.2641135718080676,1.3022760897525882,4362,624
DAX,0.03,D,10,Crisis_next_10D,Neely,0.015921977145079924,1.2231119773406857e-14,7.713606501084882,0.6993096458678856,2.012362984723432,4362,624
DAX,0.03,D,10,Crisis_next_10D,PatroCorr,0.00015718562883726417,0.4521785928631683,-0.7517879446742085,-0.2112556404547599,0.8095670823285058,4362,624
DAX,0.03,D,10,Crisis_next_10D,SahmIndicator,0.0004241005044995916,0.22356270152339797,-1.2171091192208796,-0.2588717630956979,0.7719220055853194,4362,624
DAX,0.03,D,10,Crisis_next_10D,VIX,0.005885483299737371,2.0873540922087136e-06,4.744777729563361,0.023988212852324612,1.0242782445005376,4362,624
DAX,0.03,D,10,Crisis_next_10D,M2_Growth,0.00018186915325202335,0.42085698512024594,0.8049353547823851,0.026879735624857713,1.0272442544460283,4362,624
DAX,0.03,D,10,Crisis_next_10D,BuffettDeviation,5.6149843756791995e-06,0.8893672322749882,-0.13910493032063329,-0.03951325817217489,0.9612572093925269,4362,624
DAX,0.03,D,10,Crisis_next_10D,Systemic_Corr,0.001243347859136601,0.036110513725667454,2.0956808276244594,1.0721471903718747,2.9216461001538487,4362,624
DAX,0.03,D,10,Crisis_next_10D,Shiller_CAPE,0.0053767887123500335,1.109504066043827e-05,-4.394651886069375,-0.037002825099861,0.963673412871583,4362,624
DAX,0.03,D,10,Crisis_next_10D,YC_10Y3M,0.008156395789524873,8.76764319777005e-08,5.350572471469152,0.2641135718080676,1.3022760897525882,4362,624
DAX,0.03,D,10,Crisis_next_10D,CFNAI,0.0008502119983971879,0.07709986767877576,-1.7677669772705296,-0.05299059079014999,0.9483889360308349,4362,624
DAX,0.03,D,10,Crisis_next_10D,CISS,0.004949685109431612,1.5915905680320344e-05,4.315615151884775,0.9115757890182664,2.488240387595871,4362,624
DAX,0.03,D,10,Crisis_next_10D,Downside_Beta,0.015217105266156605,6.976058236014089e-13,-7.179903614165982,-1.4929161910453286,0.2247163831923512,4362,624
DAX,0.03,D,10,Crisis_next_10D,NFCI,0.006351374437105317,4.4255991333218384e-07,5.049676051579249,0.4177322661847236,1.518514062409299,4362,624
DAX,0.03,D,10,Crisis_next_10D,EPU,0.00013685103199900794,0.4876078338895399,-0.6941186016962986,-0.0002854273605641522,0.9997146133699496,4362,624
DAX,0.03,D,10,Crisis_next_10D,RSkew,0.0005020688240656712,0.17969624047179866,-1.3416908949195316,-0.09896158903102344,0.9057774991467832,4362,624
DAX,0.03,D,10,Crisis_next_10D,RSV_Ratio,0.00376564194028306,0.0002476366365928801,3.664691766667916,1.4567410673796248,4.2919495375838075,4362,624
DAX,0.03,D,10,Crisis_next_10D,HillTail,0.005338243769393514,2.0513604872099492e-05,-4.259225930288295,-2.483031188586108,0.0834897684149343,4362,624
DAX,0.03,D,15,Crisis_next_15D,HY_Spread,0.0030830142797726445,0.00034453913140457726,3.5792822971646534,0.04385097441523333,1.0448266373851698,4357,708
DAX,0.03,D,15,Crisis_next_15D,Yield_Curve,0.009150462472388488,4.0401533581132896e-09,5.882540948995501,0.2762060212569364,1.318119396670489,4357,708
DAX,0.03,D,15,Crisis_next_15D,Neely,0.00779314543484122,2.2992719860061286e-08,5.587828003248215,0.49166050675294914,1.6350289436862881,4357,708
DAX,0.03,D,15,Crisis_next_15D,PatroCorr,1.634928710414485e-06,0.9366363164372541,0.0794982588886483,0.021401996544652864,1.021632661900034,4357,708
DAX,0.03,D,15,Crisis_next_15D,SahmIndicator,0.004709579158019728,5.00074996531831e-05,-4.055591927573069,-0.9089115086605357,0.402962606710011,4357,708
DAX,0.03,D,15,Crisis_next_15D,VIX,0.0022317690969717585,0.002659219574610017,3.0046095709939924,0.015044415991790468,1.0151581528705758,4357,708
DAX,0.03,D,15,Crisis_next_15D,M2_Growth,1.4481298363233641e-05,0.813076141729224,0.23645948561420846,0.007453798214079036,1.0074816469178596,4357,708
DAX,0.03,D,15,Crisis_next_15D,BuffettDeviation,0.000194950549170958,0.3858624304505943,0.8671452493807499,0.2353496417165219,1.2653511109321718,4357,708
DAX,0.03,D,15,Crisis_next_15D,Systemic_Corr,0.00024915253875723575,0.3275185930392024,0.9791242458273617,0.47078397526827015,1.6012490409147278,4357,708
DAX,0.03,D,15,Crisis_next_15D,Shiller_CAPE,0.0032530089253332006,0.0003821440372471642,-3.552117592591752,-0.02844078012052374,0.9719598517871201,4357,708
DAX,0.03,D,15,Crisis_next_15D,YC_10Y3M,0.009150462472388488,4.0401533581132896e-09,5.882540948995501,0.2762060212569364,1.318119396670489,4357,708
DAX,0.03,D,15,Crisis_next_15D,CFNAI,2.3636182435615716e-05,0.761901043237079,-0.3029853276214292,-0.008914710748278194,0.9911249074698587,4357,708
DAX,0.03,D,15,Crisis_next_15D,CISS,0.002786992809751365,0.0008202369706359045,3.345873871942018,0.6858601835633729,1.9854789775860746,4357,708
DAX,0.03,D,15,Crisis_next_15D,Downside_Beta,0.013379471245045571,2.3329330834633905e-12,-7.012980900954201,-1.3738117728278425,0.25314020524346187,4357,708
DAX,0.03,D,15,Crisis_next_15D,NFCI,0.0036172116621483452,9.039056759185284e-05,3.9150364064690897,0.3234728541308881,1.381918642376271,4357,708
DAX,0.03,D,15,Crisis_next_15D,EPU,0.001221658152159133,0.03415390263938049,-2.1182499770458225,-0.0008710220992652264,0.9991293571303697,4357,708
DAX,0.03,D,15,Crisis_next_15D,RSkew,0.00019602980690835992,0.3841357248786411,-0.870301380198648,-0.06089812362091901,0.9409190923235057,4357,708
DAX,0.03,D,15,Crisis_next_15D,RSV_Ratio,0.0019135348197985014,0.006568101423052728,2.7179839998433515,1.0244679321882504,2.785612931221057,4357,708
DAX,0.03,D,15,Crisis_next_15D,HillTail,0.01076080641670063,5.292493223240453e-10,-6.210177066455271,-3.5589558241744803,0.028468535356324924,4357,708
DAX,0.03,W,4,Crisis_next_4W,HY_Spread,0.0002601016255974198,0.8121466399790966,0.2376576410068891,0.012740652000146709,1.0128221598935783,214,42
DAX,0.03,W,4,Crisis_next_4W,Yield_Curve,0.003462239413370649,0.3944717866413696,0.8515357975629488,0.16853175318787872,1.1835658082356668,214,42
DAX,0.03,W,4,Crisis_next_4W,Neely,0.0014263598200913163,0.5789977793731139,0.5548492466604648,0.21357602194501066,1.2380976172794642,214,42
DAX,0.03,W,4,Crisis_next_4W,PatroCorr,0.0033104714615299624,0.39978437261541033,-0.8420063972776648,-0.9060702184933123,0.40410916848822553,214,42
DAX,0.03,W,4,Crisis_next_4W,SahmIndicator,0.0012740416122639653,0.6098593709346549,-0.51027420603549,-0.4307271676513947,0.6500362374967713,214,42
DAX,0.03,W,4,Crisis_next_4W,VIX,0.0008934513371130492,0.6600795901941495,0.4398032822650763,0.009772037691953145,1.0098199399593868,214,42
DAX,0.03,W,4,Crisis_next_4W,M2_Growth,0.01651997117124615,0.07188754145392058,1.7998296450304847,0.2656233615426122,1.3042437378180993,214,42
DAX,0.03,W,4,Crisis_next_4W,BuffettDeviation,0.010903246139483014,0.13542906203386929,1.4930310397432116,1.736002557554375,5.674614080133252,214,42
DAX,0.03,W,4,Crisis_next_4W,Systemic_Corr,0.007560755521120899,0.20169209077958516,-1.2767455605550635,-2.2533318656464063,0.10504863289289373,214,42
DAX,0.03,W,4,Crisis_next_4W,Shiller_CAPE,0.0014728476533909518,0.5779385935784089,0.5563983105530299,0.01923173484249519,1.0194178558838942,214,42
DAX,0.03,W,4,Crisis_next_4W,YC_10Y3M,0.003462239413370649,0.3944717866413696,0.8515357975629488,0.16853175318787872,1.1835658082356668,214,42
DAX,0.03,W,4,Crisis_next_4W,CFNAI,0.0007381389384104597,0.6896637874119658,-0.3993113739664857,-0.048659463651408115,0.9525054371997226,214,42
DAX,0.03,W,4,Crisis_next_4W,CISS,0.0001761632095045318,0.8481376741711382,-0.19149515740369666,-0.18021642363204807,0.8350894587586551,214,42
DAX,0.03,W,4,Crisis_next_4W,Downside_Beta,0.012222513877884977,0.11540853760220585,-1.5743414254302655,-1.2981482569368,0.273036919429076,214,42
DAX,0.03,W,4,Crisis_next_4W,NFCI,0.0037594857817828675,0.3542292594318346,0.9264171026964896,0.3201862606426486,1.3773842929282,214,42
DAX,0.03,W,4,Crisis_next_4W,EPU,0.00039490734607872113,0.770186083890645,0.29213149896817686,0.0003786311760326573,1.0003787028658642,214,42
DAX,0.03,W,4,Crisis_next_4W,RSkew,0.006089451812630986,0.25348194865971396,1.1419328116568606,0.32686932503838106,1.386620268790456,214,42
DAX,0.03,W,4,Crisis_next_4W,RSV_Ratio,0.0003908556278859887,0.7738808863009701,-0.2873022678936329,-0.4550717373130857,0.6344024559881872,214,42
DAX,0.03,W,4,Crisis_next_4W,HillTail,0.005717766012789949,0.2789586434065219,-1.0826616245905754,-2.5148135101023024,0.08087799372916071,214,42
DAX,0.03,W,8,Crisis_next_8W,HY_Spread,0.00353674551381733,0.4035673399265983,-0.8352670949005424,-0.052912896789685714,0.9484626230237527,210,47
DAX,0.03,W,8,Crisis_next_8W,Yield_Curve,0.00048398746708910867,0.7426943425616694,0.3282874364268243,0.061233260728620995,1.063146875681084,210,47
DAX,0.03,W,8,Crisis_next_8W,Neely,0.0008307059936668582,0.6646160357200934,0.433548918255622,0.16190822725853918,1.1757523343546137,210,47
DAX,0.03,W,8,Crisis_next_8W,PatroCorr,0.024234457208176186,0.019948380280234677,-2.3273173638503453,-2.447342730523603,0.08652319674582579,210,47
DAX,0.03,W,8,Crisis_next_8W,SahmIndicator,0.0010604164285523687,0.6223729487361183,0.4924900576928129,0.36933307697770007,1.4467694090133354,210,47
DAX,0.03,W,8,Crisis_next_8W,VIX,0.001025193661061019,0.6369812996441209,-0.47192363161121337,-0.010798743995465866,0.9892593531271008,210,47
DAX,0.03,W,8,Crisis_next_8W,M2_Growth,0.012522825937928639,0.10448410982910541,1.6234927599026494,0.2233766575155619,1.2502914167158925,210,47
DAX,0.03,W,8,Crisis_next_8W,BuffettDeviation,0.030321612482134164,0.012201443703925376,2.5062641246923003,2.9676932663916347,19.44700874860226,210,47
DAX,0.03,W,8,Crisis_next_8W,Systemic_Corr,0.002685861005000123,0.4371594878629814,-0.7769987838158057,-1.4646440916006367,0.23116024871255716,210,47
DAX,0.03,W,8,Crisis_next_8W,Shiller_CAPE,0.01096577763720974,0.12336694178177601,1.5407939524046133,0.05234636159481975,1.0537406546076056,210,47
DAX,0.03,W,8,Crisis_next_8W,YC_10Y3M,0.00048398746708910867,0.7426943425616694,0.3282874364268243,0.061233260728620995,1.063146875681084,210,47
DAX,0.03,W,8,Crisis_next_8W,CFNAI,0.0012316896139049627,0.5963175555482126,-0.5297034500328868,-0.061413719274942075,0.9404340835736626,210,47
DAX,0.03,W,8,Crisis_next_8W,CISS,0.0076127707583723,0.2129956157115206,-1.2453704350049783,-1.2489430353979465,0.28680778238306887,210,47
DAX,0.03,W,8,Crisis_next_8W,Downside_Beta,0.005858058972591285,0.25814297872484704,-1.1307912141631635,-0.8697416572459604,0.419059796326503,210,47
DAX,0.03,W,8,Crisis_next_8W,NFCI,0.0005145981772637365,0.7300566881757078,0.3450501244933855,0.12346696554625837,1.1314126283265975,210,47
DAX,0.03,W,8,Crisis_next_8W,EPU,0.0067981244106524175,0.24708191069619723,-1.1574662740178014,-0.0018208008946091361,0.9981808557577092,210,47
DAX,0.03,W,8,Crisis_next_8W,RSkew,0.001374054837700922,0.5783218119386061,0.5558376980525784,0.15461369747334436,1.1672069789978528,210,47
DAX,0.03,W,8,Crisis_next_8W,RSV_Ratio,0.0015855319033640791,0.5528585121698036,0.5934821697675278,0.9093963436986047,2.482823308986495,210,47
DAX,0.03,W,8,Crisis_next_8W,HillTail,0.0026057729925023088,0.44318733496740004,0.7668220323378596,1.6266732634119458,5.086923683217764,210,47
DAX,0.03,W,12,Crisis_next_12W,HY_Spread,0.00544713048833434,0.3478505452149079,-0.9387666887693422,-0.07056443454555254,0.9318676931199683,206,37
DAX,0.03,W,12,Crisis_next_12W,Yield_Curve,0.0032780634725324553,0.4276252286005767,0.7932619363939282,0.16233603143814784,1.1762554337237687,206,37
DAX,0.03,W,12,Crisis_next_12W,Neely,0.00020356989089198585,0.8418499262058401,0.19952776555860643,0.0818376180003689,1.0852795656544658,206,37
DAX,0.03,W,12,Crisis_next_12W,PatroCorr,0.0074589794409405386,0.22565638795120446,-1.2116238832687143,-1.4067041804260405,0.24494926281710633,206,37
DAX,0.03,W,12,Crisis_next_12W,SahmIndicator,0.010682411313708062,0.18527618260986034,-1.324683395779775,-1.4342005399435964,0.23830580385141098,206,37
DAX,0.03,W,12,Crisis_next_12W,VIX,0.01751569709498113,0.09064229200723241,-1.6920193093981073,-0.051219927036038795,0.9500697015408136,206,37
DAX,0.03,W,12,Crisis_next_12W,M2_Growth,0.013401062440413947,0.11821775599464707,1.5622981994646883,0.23538998838819739,1.2654021646679159,206,37
DAX,0.03,W,12,Crisis_next_12W,BuffettDeviation,0.04417172857216034,0.005432680618054278,2.7801917683458623,3.7986068363927563,44.63895179009836,206,37
DAX,0.03,W,12,Crisis_next_12W,Systemic_Corr,0.005357593408260697,0.314348146148941,1.0061401733146553,2.26980894595269,9.67755170201757,206,37
DAX,0.03,W,12,Crisis_next_12W,Shiller_CAPE,0.021964063759129626,0.04440182649008003,2.0102775036606975,0.07641181960128313,1.0794070036004697,206,37
DAX,0.03,W,12,Crisis_next_12W,YC_10Y3M,0.0032780634725324553,0.4276252286005767,0.7932619363939282,0.16233603143814784,1.1762554337237687,206,37
DAX,0.03,W,12,Crisis_next_12W,CFNAI,0.01271138938381211,0.13563366687671252,1.4922498175801744,0.22774806649247512,1.255768915309387,206,37
DAX,0.03,W,12,Crisis_next_12W,CISS,0.011139355319622513,0.16890312335478286,-1.3757368354018469,-1.5894216786600806,0.20404358037583897,206,37
DAX,0.03,W,12,Crisis_next_12W,Downside_Beta,0.0017063806916334245,0.5633237681074894,0.5779116520399472,0.45962809017322953,1.5834849618516678,206,37
DAX,0.03,W,12,Crisis_next_12W,NFCI,0.002444185985123637,0.5228684890147188,-0.6389299719054465,-0.32509827130954216,0.7224563534215492,206,37
DAX,0.03,W,12,Crisis_next_12W,EPU,0.01999524915473394,0.0878195478912884,-1.7070134747580368,-0.0036776191723802173,0.9963291349867298,206,37
DAX,0.03,W,12,Crisis_next_12W,RSkew,0.008112149592306439,0.2068530177608906,1.2622661916034084,0.3761427765465561,1.456655095108735,206,37
DAX,0.03,W,12,Crisis_next_12W,RSV_Ratio,0.000532053055966708,0.7482263443692192,-0.3209789482325252,-0.5302827850940877,0.5884385444990133,206,37
DAX,0.03,W,12,Crisis_next_12W,HillTail,5.492077908464399e-05,0.9181358696606621,-0.1027821535293859,-0.24671600491312937,0.7813625651542283,206,37
DAX,0.03,W,16,Crisis_next_16W,HY_Spread,0.010829263987966242,0.21140838099830805,-1.2497021244168143,-0.10876802316532014,0.8969384623119036,204,36
DAX,0.03,W,16,Crisis_next_16W,Yield_Curve,0.0019388261874411228,0.5450972604267704,0.6051230190150172,0.12419638252282596,1.132238200961946,204,36
DAX,0.03,W,16,Crisis_next_16W,Neely,0.0024353054670386287,0.49120364537803696,0.6883956770628629,0.27763335353971563,1.3200021343644213,204,36
DAX,0.03,W,16,Crisis_next_16W,PatroCorr,0.019978971521269706,0.04993022783111228,-1.9605612378131698,-2.302926736985642,0.09996584143620665,204,36
DAX,0.03,W,16,Crisis_next_16W,SahmIndicator,0.04851675244801812,0.021291545223681072,-2.302774300236358,-4.157359660709189,0.01564882161950402,204,36
DAX,0.03,W,16,Crisis_next_16W,VIX,0.021884825554359555,0.06445247997587854,-1.849036932487857,-0.05846379879875289,0.943212385202997,204,36
DAX,0.03,W,16,Crisis_next_16W,M2_Growth,0.00920103584125187,0.1964099727227019,1.2918474688767145,0.19248084553545336,1.2122532834225197,204,36
DAX,0.03,W,16,Crisis_next_16W,BuffettDeviation,0.04504930150547459,0.005516136268272575,2.775237773767754,3.8898775191339836,48.90489624284771,204,36
DAX,0.03,W,16,Crisis_next_16W,Systemic_Corr,4.1241168466377154e-05,0.9298958497859796,-0.08797587620170819,-0.19571439572807298,0.8222470384128657,204,36
DAX,0.03,W,16,Crisis_next_16W,Shiller_CAPE,0.029161348904603424,0.022663584418708277,2.279058560728462,0.08862473826268041,1.092670541935139,204,36
DAX,0.03,W,16,Crisis_next_16W,YC_10Y3M,0.0019388261874411228,0.5450972604267704,0.6051230190150172,0.12419638252282596,1.132238200961946,204,36
DAX,0.03,W,16,Crisis_next_16W,CFNAI,0.02208835159813949,0.05409178724798731,1.9261008121587566,0.309977386161805,1.363394282205871,204,36
DAX,0.03,W,16,Crisis_next_16W,CISS,0.014758821090171459,0.12211365737599367,-1.5459623645588514,-1.8699207523430388,0.15413587623818836,204,36
DAX,0.03,W,16,Crisis_next_16W,Downside_Beta,0.01564867012483573,0.0936869180343964,-1.67626182957515,-1.47316059715785,0.22919993054867513,204,36
DAX,0.03,W,16,Crisis_next_16W,NFCI,0.004907320634881751,0.3895884041073876,-0.8603640357838811,-0.49423227733851943,0.6100390683815626,204,36
DAX,0.03,W,16,Crisis_next_16W,EPU,0.02056056059281064,0.08894509560971642,-1.7009887718650778,-0.003785935873040426,0.9962212217465649,204,36
DAX,0.03,W,16,Crisis_next_16W,RSkew,0.005413794945069106,0.3072340829625524,1.0210429654895838,0.30691458614793854,1.3592248664820452,204,36
DAX,0.03,W,16,Crisis_next_16W,RSV_Ratio,4.431926149828236e-05,0.9280919218142111,-0.09024575951977087,-0.1503184353798986,0.8604339401873355,204,36
DAX,0.03,W,16,Crisis_next_16W,HillTail,0.012846334826708827,0.1308296769630249,-1.5108382097176423,-4.034895230301692,0.01768753313361777,204,36
DAX,0.03,M,6,Crisis_next_6M,HY_Spread,0.06536360947645992,0.006236044667782037,-2.7351046505481706,-0.4210665718353908,0.6563464057698536,203,37
DAX,0.03,M,6,Crisis_next_6M,Yield_Curve,0.0017827211857804892,0.5589371053729065,0.5844209942640192,0.11809149497470481,1.1253470702588872,203,37
DAX,0.03,M,6,Crisis_next_6M,Neely,0.00010208418303103706,0.8881123026975561,0.14069321845092375,0.05773944754369125,1.0594389203327887,203,37
DAX,0.03,M,6,Crisis_next_6M,PatroCorr,0.03059540518092163,0.014860371528758446,-2.4357641167434085,-2.849359551229507,0.057881379064692116,203,37
DAX,0.03,M,6,Crisis_next_6M,SahmIndicator,0.0895783888265822,0.015451339668899966,-2.421623737695112,-8.393471026256845,0.00022634028024748825,203,37
DAX,0.03,M,6,Crisis_next_6M,VIX,0.023314622748730862,0.05487706359468352,-1.9198483024098454,-0.06123572346432774,0.9406014917992371,203,37
DAX,0.03,M,6,Crisis_next_6M,M2_Growth,0.016414416678393384,0.08391848901182025,1.7283890964000734,0.24963989772901307,1.2835631194613235,203,37
DAX,0.03,M,6,Crisis_next_6M,BuffettDeviation,0.08645333980281966,0.0002029887241259065,3.7152676407668874,5.719592063090559,304.78056635151336,203,37
DAX,0.03,M,6,Crisis_next_6M,Systemic_Corr,0.007318274331339802,0.2431018346439806,1.167268799156752,2.6409843169916094,14.027003832935435,203,37
DAX,0.03,M,6,Crisis_next_6M,Shiller_CAPE,0.08135694516162684,0.0002647219040979264,3.6475799967161513,0.15433289926186192,1.1668792753771688,203,37
DAX,0.03,M,6,Crisis_next_6M,YC_10Y3M,0.0017827211857804892,0.5589371053729065,0.5844209942640192,0.11809149497470481,1.1253470702588872,203,37
DAX,0.03,M,6,Crisis_next_6M,CFNAI,0.13332514758013725,5.170511943253995e-06,4.557747600567939,0.8742870336018591,2.397165586043742,203,37
DAX,0.03,M,6,Crisis_next_6M,CISS,0.048052263656680916,0.011386454864224481,-2.5306094660189893,-3.95189446755113,0.01921825889849012,203,37
DAX,0.03,M,6,Crisis_next_6M,Downside_Beta,0.009981960323109385,0.17462615997564312,-1.3574881380261465,-1.1566596127898554,0.31453509702949006,203,37
DAX,0.03,M,6,Crisis_next_6M,NFCI,0.04849940881027803,0.014959197035318035,-2.4333653772673385,-2.6762743983549298,0.06881906957763637,203,37
DAX,0.03,M,6,Crisis_next_6M,EPU,0.019297894113755376,0.08264680489924377,-1.7355309471845828,-0.00419709626733117,0.9958116992317194,203,37
DAX,0.03,M,6,Crisis_next_6M,RSkew,0.0040388028192988035,0.3815481673030652,-0.8750473046531019,-0.2758201004084945,0.7589494531773097,203,37
DAX,0.03,M,6,Crisis_next_6M,RSV_Ratio,0.015399325891233162,0.0903772480391229,1.6934110761919177,2.9185110348233456,18.513700671369282,203,37
DAX,0.03,M,6,Crisis_next_6M,HillTail,0.023721987342176676,0.04563561870287682,-1.9987480733629053,-5.475484270178522,0.004188199838518508,203,37
DAX,0.03,M,12,Crisis_next_12M,HY_Spread,0.09580275185477283,0.0013946890001122728,-3.195747929201826,-0.581144791131104,0.5592577666275634,197,36
DAX,0.03,M,12,Crisis_next_12M,Yield_Curve,0.005655884469874084,0.30689285411680745,1.0217634882334459,0.2083450105551735,1.2316380243735159,197,36
DAX,0.03,M,12,Crisis_next_12M,Neely,0.03436821826108549,0.024581285468377522,-2.2479200963800583,-1.252762462019427,0.28571443042173406,197,36
DAX,0.03,M,12,Crisis_next_12M,PatroCorr,0.05139529122787445,0.0019666663087521347,-3.095220501226783,-3.6687648267604365,0.025507957242727208,197,36
DAX,0.03,M,12,Crisis_next_12M,SahmIndicator,0.074009720651249,0.02428934768924725,-2.252521308570545,-7.426787917417515,0.0005950959425601133,197,36
DAX,0.03,M,12,Crisis_next_12M,VIX,0.061027629519126214,0.004362864921309277,-2.8506595964972945,-0.11236032123378496,0.8937221724009713,197,36
DAX,0.03,M,12,Crisis_next_12M,M2_Growth,0.004951586236168315,0.3405729928655149,0.9530337065931318,0.13218072591815605,1.1413145657524315,197,36
DAX,0.03,M,12,Crisis_next_12M,BuffettDeviation,0.2026817197316254,5.107330183690211e-07,5.0222362650058745,10.50975025272893,36671.319838054114,197,36
DAX,0.03,M,12,Crisis_next_12M,Systemic_Corr,0.00039805610540866176,0.7848351137252478,-0.27302354875934,-0.6089622641093095,0.5439150164399333,197,36
DAX,0.03,M,12,Crisis_next_12M,Shiller_CAPE,0.06004843517857428,0.001549450553290324,3.1652588222401756,0.12762008912207068,1.136121295858247,197,36
DAX,0.03,M,12,Crisis_next_12M,YC_10Y3M,0.005655884469874084,0.30689285411680745,1.0217634882334459,0.2083450105551735,1.2316380243735159,197,36
DAX,0.03,M,12,Crisis_next_12M,CFNAI,0.261128484149861,5.216667965745129e-09,5.840109001248721,1.357981542071679,3.888336931079165,197,36
DAX,0.03,M,12,Crisis_next_12M,CISS,0.07137091498659198,0.004087068191417945,-2.8713622871190636,-5.250072955659859,0.005247135576978642,197,36
DAX,0.03,M,12,Crisis_next_12M,Downside_Beta,0.015523751282959686,0.09787077414197022,-1.6552649069245364,-1.441432803532447,0.2365885308340109,197,36
DAX,0.03,M,12,Crisis_next_12M,NFCI,0.11214727507968092,0.00022243210751963575,-3.692074699815291,-4.9881699540597575,0.0068181305741773866,197,36
DAX,0.03,M,12,Crisis_next_12M,EPU,0.035742189860227924,0.025587235910560367,-2.2324197163913095,-0.007045521728407345,0.9929792397731129,197,36
DAX,0.03,M,12,Crisis_next_12M,RSkew,0.0007536992959750188,0.7065836209252441,0.3764483310576123,0.11623729382074012,1.1232623837339561,197,36
DAX,0.03,M,12,Crisis_next_12M,RSV_Ratio,0.010960705635159496,0.15343536051644152,-1.4275016132093872,-2.3771920741798898,0.09281081786341651,197,36
DAX,0.03,M,12,Crisis_next_12M,HillTail,0.005049284951078037,0.34471101299309814,-0.9448978819143107,-2.53168711361361,0.079524739773418,197,36
DAX,0.03,M,18,Crisis_next_18M,HY_Spread,0.3333666648860877,5.430544778027964e-05,-4.036279796042739,-2.4335007396172545,0.08772917737935006,191,18
DAX,0.03,M,18,Crisis_next_18M,Yield_Curve,4.5708589239690234e-05,0.9411257334679778,-0.07385503687170482,-0.019783291160276568,0.9804111140420073,191,18
DAX,0.03,M,18,Crisis_next_18M,Neely,0.05318016850868268,0.05638764861897544,-1.9080276039542892,-1.9886428769752267,0.13688106389339097,191,18
DAX,0.03,M,18,Crisis_next_18M,PatroCorr,0.07621647128129205,0.003016739493251106,-2.9660270557554114,-4.646281423953375,0.009597223664465512,191,18
DAX,0.03,M,18,Crisis_next_18M,SahmIndicator,0.0029472159392106567,0.5377638821591468,0.6161979486542323,0.6558932726295519,1.9268629627941223,191,18
DAX,0.03,M,18,Crisis_next_18M,VIX,0.11078471623334873,0.005315613207236343,-2.787258048131469,-0.20591334401187736,0.8139036028480434,191,18
DAX,0.03,M,18,Crisis_next_18M,M2_Growth,0.017214801794890433,0.16044546238067492,1.403574938146545,0.2657506035984333,1.3044097030312447,191,18
DAX,0.03,M,18,Crisis_next_18M,BuffettDeviation,0.20360473074689955,4.660494276307935e-05,4.0720311598439904,11.17485863979009,71314.76300870831,191,18
DAX,0.03,M,18,Crisis_next_18M,Systemic_Corr,0.08899581585707494,0.0013418479530516733,-3.2068760564258825,-9.481527627414104,7.624737056886511e-05,191,18
DAX,0.03,M,18,Crisis_next_18M,Shiller_CAPE,0.15011098672374978,0.00016427945005229876,3.7684270946931058,0.22945740978537862,1.2579172911149914,191,18
DAX,0.03,M,18,Crisis_next_18M,YC_10Y3M,4.5708589239690234e-05,0.9411257334679778,-0.07385503687170482,-0.019783291160276568,0.9804111140420073,191,18
DAX,0.03,M,18,Crisis_next_18M,CFNAI,0.12974848131192207,0.00031426804152335613,3.603245833465593,0.9004175019573398,2.46063021466408,191,18
DAX,0.03,M,18,Crisis_next_18M,CISS,0.1862489974596767,0.008528305231602296,-2.6304055951690453,-19.44967936973448,3.5736463718925174e-09,191,18
DAX,0.03,M,18,Crisis_next_18M,Downside_Beta,0.008161395474070576,0.3173276037271583,0.9999646743168579,1.017953170331846,2.767524311850358,191,18
DAX,0.03,M,18,Crisis_next_18M,NFCI,0.11858284167629463,0.0022916641344558385,-3.049573679454942,-5.813788458254437,0.0029860959166700457,191,18
DAX,0.03,M,18,Crisis_next_18M,EPU,0.004790930593149945,0.4750177355067995,-0.7143387513830247,-0.002588130249182478,0.997415216072383,191,18
DAX,0.03,M,18,Crisis_next_18M,RSkew,0.03696779558563945,0.0362566744513268,2.094037111479923,0.8468926921052226,2.3323881321710735,191,18
DAX,0.03,M,18,Crisis_next_18M,RSV_Ratio,0.04970696226209548,0.017084838746607305,-2.3848768663944826,-5.449056944398808,0.004300358256023679,191,18
DAX,0.03,M,18,Crisis_next_18M,HillTail,0.006500981651456517,0.36278959017715595,0.910062423273363,2.69340232790478,14.78188327501996,191,18
DAX,0.03,M,24,Crisis_next_24M,HY_Spread,0.18031367023599276,0.03922552062533004,-2.0618132339858133,-1.5778744988155968,0.20641336412244077,185,5
DAX,0.03,M,24,Crisis_next_24M,Yield_Curve,0.0005878134896983855,0.8699098844529511,0.16377295310754264,0.0851876933455625,1.0889214308253117,185,5
DAX,0.03,M,24,Crisis_next_24M,Neely,0.006617753888049749,0.5732457202352714,0.563277818181211,0.5225804575623961,1.686373655598021,185,5
DAX,0.03,M,24,Crisis_next_24M,PatroCorr,0.2629270408997041,0.029533939335142246,-2.1762852290793635,-13.093980420229192,2.0575791826951634e-06,185,5
DAX,0.03,M,24,Crisis_next_24M,SahmIndicator,0.06801264287770037,0.9706188760355884,-0.03683210410310225,-305.2266731483818,2.765286426950231e-133,185,5
DAX,0.03,M,24,Crisis_next_24M,VIX,0.0819205766619292,0.13353780806001636,-1.5002957569961568,-0.20149029939991395,0.8175115078738379,185,5
DAX,0.03,M,24,Crisis_next_24M,M2_Growth,0.016256244276781073,0.39041783346528713,0.8588598670707366,0.28692105608662694,1.33231903084581,185,5
DAX,0.03,M,24,Crisis_next_24M,BuffettDeviation,0.13182211920393283,0.026810103942796926,2.214271557860874,9.240696999935464,10308.220883872911,185,5
DAX,0.03,M,24,Crisis_next_24M,Systemic_Corr,0.004370862303210821,0.6474017680986497,-0.4573746692280202,-2.4296063408573443,0.08807149590872909,185,5
DAX,0.03,M,24,Crisis_next_24M,Shiller_CAPE,0.04033026267116546,0.18476478689317644,1.3262261895192373,0.12106029236598766,1.1286929618850359,185,5
DAX,0.03,M,24,Crisis_next_24M,YC_10Y3M,0.0005878134896983855,0.8699098844529511,0.16377295310754264,0.0851876933455625,1.0889214308253117,185,5
DAX,0.03,M,24,Crisis_next_24M,CFNAI,0.03638127319694329,0.22433303506372748,1.2150866753236726,0.49432277509470474,1.6393876289013372,185,5
DAX,0.03,M,24,Crisis_next_24M,CISS,0.08852866388615088,0.19027072912472753,-1.3097786458445915,-10.572025959484773,2.5622851716217532e-05,185,5
DAX,0.03,M,24,Crisis_next_24M,Downside_Beta,0.08181326028732816,0.04686366069616176,1.9875303080635633,3.379510385594085,29.356394280478966,185,5
DAX,0.03,M,24,Crisis_next_24M,NFCI,0.01760933323889957,0.47623582638349893,-0.7123697758714124,-1.6676737142803182,0.18868549185392017,185,5
DAX,0.03,M,24,Crisis_next_24M,EPU,3.652405109300094e-05,0.9671196831683709,0.041221036567709465,0.00022434688857724151,1.0002243720562225,185,5
DAX,0.03,M,24,Crisis_next_24M,RSkew,0.08191070637293818,0.05042992666552424,1.9562991296766936,1.3713302965481238,3.9405893626341686,185,5
DAX,0.03,M,24,Crisis_next_24M,RSV_Ratio,0.032218485830512233,0.22488381388652035,-1.2136436948443183,-4.860638858779872,0.007745534007761167,185,5
DAX,0.03,M,24,Crisis_next_24M,HillTail,0.01367015331324184,0.3943264350752037,0.8517976064610782,4.080586625161198,59.18017624949541,185,5
DAX,0.05,D,5,Crisis_next_5D,HY_Spread,0.03692635507120512,4.293980281091163e-16,8.129969622421466,0.13304405807265948,1.1423003247729508,4367,159
DAX,0.05,D,5,Crisis_next_5D,Yield_Curve,0.0019206981059537442,0.10668097221743415,1.6132925137573075,0.1468320926974601,1.1581594832682796,4367,159
DAX,0.05,D,5,Crisis_next_5D,Neely,0.03890537930770077,1.3649333970601904e-13,7.39969918769025,1.204589167357681,3.335388510074903,4367,159
DAX,0.05,D,5,Crisis_next_5D,PatroCorr,0.002152493527589172,0.09168798722723254,1.6865600083251535,0.9336976319278664,2.543898207565328,4367,159
DAX,0.05,D,5,Crisis_next_5D,SahmIndicator,0.0009888279750536189,0.23139729781483953,1.1967672212111435,0.42183131586444017,1.5247513016339056,4367,159
DAX,0.05,D,5,Crisis_next_5D,VIX,0.06783190848089238,3.764900774850113e-25,10.360119828750248,0.07294459794870994,1.0756709408872094,4367,159
DAX,0.05,D,5,Crisis_next_5D,M2_Growth,0.008486959801087934,0.0008850227976113075,3.324736047788296,0.22175413009078562,1.2482644294691936,4367,159
DAX,0.05,D,5,Crisis_next_5D,BuffettDeviation,0.0184772050670583,3.1437672967388457e-07,-5.114617870979111,-2.552798556234987,0.07786345554745747,4367,159
DAX,0.05,D,5,Crisis_next_5D,Systemic_Corr,0.00689531253424569,0.002753141076850992,2.9940352799904213,3.0096223457039293,20.279739748043514,4367,159
DAX,0.05,D,5,Crisis_next_5D,Shiller_CAPE,0.03055358215260595,1.0863454398833868e-10,-6.4544194440417035,-0.10049280278860369,0.9043916214870317,4367,159
DAX,0.05,D,5,Crisis_next_5D,YC_10Y3M,0.0019206981059537442,0.10668097221743415,1.6132925137573075,0.1468320926974601,1.1581594832682796,4367,159
DAX,0.05,D,5,Crisis_next_5D,CFNAI,0.020281958418890023,7.600552240678043e-09,-5.777085823015609,-0.25163748321543133,0.7775265534105232,4367,159
DAX,0.05,D,5,Crisis_next_5D,CISS,0.04242666443598497,4.2314933584206884e-16,8.13174640576713,2.6712517919492043,14.458056348301152,4367,159
DAX,0.05,D,5,Crisis_next_5D,Downside_Beta,0.019744311465392572,5.020023118151658e-07,-5.025545963166149,-2.007051175009822,0.13438436694797906,4367,159
DAX,0.05,D,5,Crisis_next_5D,NFCI,0.04603247229326202,1.8162375031508174e-20,9.272622821545387,0.9310893441616586,2.5372716347532616,4367,159
DAX,0.05,D,5,Crisis_next_5D,EPU,0.0036158916306615607,0.018905046194914277,2.347398047190385,0.0014798958772527127,1.001480991463541,4367,159
DAX,0.05,D,5,Crisis_next_5D,RSkew,0.0021265344847583023,0.08767059616205575,-1.7078154242602754,-0.23548656210379776,0.7901862813786944,4367,159
DAX,0.05,D,5,Crisis_next_5D,RSV_Ratio,0.021118624348136494,7.95689807761156e-08,5.368103294354701,3.966131733721944,52.77996847170572,4367,159
DAX,0.05,D,5,Crisis_next_5D,HillTail,0.0012396675312917882,0.197751107119858,-1.2879852229883564,-1.3638903219395613,0.2556642236154759,4367,159
DAX,0.05,D,10,Crisis_next_10D,HY_Spread,0.01815926405494217,6.97617728060656e-12,6.858142258226187,0.09894511916502213,1.1040057091411328,4362,290
DAX,0.05,D,10,Crisis_next_10D,Yield_Curve,0.007411066341549866,8.028045821271092e-05,3.9435613009862616,0.27298655102301056,1.3138825743294054,4362,290
DAX,0.05,D,10,Crisis_next_10D,Neely,0.030264290110623038,2.1047323809014327e-16,8.21596021424385,1.0116874532512157,2.7502379996233057,4362,290
DAX,0.05,D,10,Crisis_next_10D,PatroCorr,3.708347158237757e-06,0.9293278849101969,-0.08869049719875284,-0.03521457960241635,0.9653982392600287,4362,290
DAX,0.05,D,10,Crisis_next_10D,SahmIndicator,0.001271854143694684,0.10902686236432253,-1.6025824889283422,-0.5058898259287024,0.6029687993719528,4362,290
DAX,0.05,D,10,Crisis_next_10D,VIX,0.022817979056236837,7.738309579348803e-14,7.474695040914707,0.04556070765207004,1.0466145401967388,4362,290
DAX,0.05,D,10,Crisis_next_10D,M2_Growth,0.0030383132496926146,0.012074343832589597,2.509964093591438,0.12183748292875154,1.129570512371077,4362,290
DAX,0.05,D,10,Crisis_next_10D,BuffettDeviation,0.0022476528983835786,0.026743238943866227,-2.215245200350643,-0.8660284283426087,0.4206187538663024,4362,290
DAX,0.05,D,10,Crisis_next_10D,Systemic_Corr,0.0051391273831982165,0.0011608925541847046,3.2483184743399542,2.417454818458978,11.217272955509527,4362,290
DAX,0.05,D,10,Crisis_next_10D,Shiller_CAPE,0.014154208154434245,3.6471976896896595e-08,-5.507135386977259,-0.06464384735909424,0.9374012618672706,4362,290
DAX,0.05,D,10,Crisis_next_10D,YC_10Y3M,0.007411066341549866,8.028045821271092e-05,3.9435613009862616,0.27298655102301056,1.3138825743294054,4362,290
DAX,0.05,D,10,Crisis_next_10D,CFNAI,0.007156347604888258,3.991648288303377e-05,-4.1079625373142274,-0.15438741159420585,0.8569399682158338,4362,290
DAX,0.05,D,10,Crisis_next_10D,CISS,0.0172274750410627,1.8426828450219496e-10,6.373910388601475,1.719172002746113,5.579906403834122,4362,290
DAX,0.05,D,10,Crisis_next_10D,Downside_Beta,0.026902688311439826,3.3458173527106553e-13,-7.2796925788697,-2.2132312991783825,0.10934674499211158,4362,290
DAX,0.05,D,10,Crisis_next_10D,NFCI,0.022746355086403103,5.506407343879921e-15,7.814768646542314,0.7149101948868616,2.044003112085174,4362,290
DAX,0.05,D,10,Crisis_next_10D,EPU,1.4445916441951923e-05,0.8601923125409611,0.17612936379854846,9.822701310370587e-05,1.0000982318375347,4362,290
DAX,0.05,D,10,Crisis_next_10D,RSkew,4.0892400901992865e-05,0.7676787169754397,-0.2954125897884958,-0.03054553046736275,0.9699162703207752,4362,290
DAX,0.05,D,10,Crisis_next_10D,RSV_Ratio,0.0070804393279804145,0.00010446559477717727,3.8799787414827236,2.1646651725043617,8.711684516956044,4362,290
DAX,0.05,D,10,Crisis_next_10D,HillTail,0.0109236328612079,4.0345376421135575e-06,-4.609595195998394,-4.013097650268858,0.01807731122933677,4362,290
DAX,0.05,D,15,Crisis_next_15D,HY_Spread,0.012399736822667373,1.2326915239420224e-09,6.07593263721921,0.08373426029214406,1.0873399060237952,4357,371
DAX,0.05,D,15,Crisis_next_15D,Yield_Curve,0.012198266639419364,3.79967692890735e-08,5.499918102243202,0.34258988919792066,1.4085909650836936,4357,371
DAX,0.05,D,15,Crisis_next_15D,Neely,0.0208700597893946,8.537368097355779e-14,7.461760942269911,0.8303096573732793,2.294028993283252,4357,371
DAX,0.05,D,15,Crisis_next_15D,PatroCorr,0.0001879441619873079,0.4886319955005817,-0.6924862856608712,-0.24400464362957397,0.7834839960449606,4357,371
DAX,0.05,D,15,Crisis_next_15D,SahmIndicator,0.0016539354602498335,0.04741844846175218,-1.9825434584169042,-0.5635073759168647,0.5692091282479721,4357,371
DAX,0.05,D,15,Crisis_next_15D,VIX,0.011898054923580537,6.07852231603828e-09,5.814582992080947,0.0339017115876271,1.0344829240468536,4357,371
DAX,0.05,D,15,Crisis_next_15D,M2_Growth,0.0018280016130957089,0.03299875405110076,2.1320984498077875,0.09134779579832918,1.0956500014671342,4357,371
DAX,0.05,D,15,Crisis_next_15D,BuffettDeviation,0.0006166165407139879,0.2087167063439216,-1.2571019908975887,-0.44371192730091974,0.6416502361213064,4357,371
DAX,0.05,D,15,Crisis_next_15D,Systemic_Corr,0.0002739487498677473,0.40602121324814733,0.8309157716869392,0.5295339644101446,1.698140730164172,4357,371
DAX,0.05,D,15,Crisis_next_15D,Shiller_CAPE,0.010327192526768059,2.886146653705609e-07,-5.130733907188822,-0.05391734404088416,0.9475104206477791,4357,371
DAX,0.05,D,15,Crisis_next_15D,YC_10Y3M,0.012198266639419364,3.79967692890735e-08,5.499918102243202,0.34258988919792066,1.4085909650836936,4357,371
DAX,0.05,D,15,Crisis_next_15D,CFNAI,0.004026217077767846,0.0009312854469484034,-3.3105027272191863,-0.11635872238798557,0.8901558471860348,4357,371
DAX,0.05,D,15,Crisis_next_15D,CISS,0.009649972706151644,2.614245687312899e-07,5.149325709568138,1.2957120798051174,3.6535967004954872,4357,371
DAX,0.05,D,15,Crisis_next_15D,Downside_Beta,0.02170509491693784,7.715586430264543e-13,-7.166115184081176,-1.9156141892956164,0.14725136459487087,4357,371
DAX,0.05,D,15,Crisis_next_15D,NFCI,0.015459833531201506,5.305269008152762e-12,6.897159275825285,0.6121815391983341,1.8444507546170306,4357,371
DAX,0.05,D,15,Crisis_next_15D,EPU,4.443870343884271e-05,0.7385055849741358,-0.3338329936011256,-0.00017126663934575927,0.9998287480259479,4357,371
DAX,0.05,D,15,Crisis_next_15D,RSkew,0.00010334080074148044,0.6086951293695864,-0.5119369608511307,-0.0473313099697524,0.9537713512810718,4357,371
DAX,0.05,D,15,Crisis_next_15D,RSV_Ratio,0.004318973198013332,0.0009410172670600988,3.307592209208909,1.6479023403798876,5.196068803661227,4357,371
DAX,0.05,D,15,Crisis_next_15D,HillTail,0.009921857956994184,1.4955166039708335e-06,-4.811833850414267,-3.70288801400819,0.024652227585207142,4357,371
DAX,0.05,W,4,Crisis_next_4W,HY_Spread,0.011373423323812415,0.14845782798560753,1.4450002052492548,0.07635692181617784,1.0793477481732556,214,27
DAX,0.05,W,4,Crisis_next_4W,Yield_Curve,0.009924239843556504,0.20980172557869503,1.25411082698663,0.3015927973187361,1.352010572272983,214,27
DAX,0.05,W,4,Crisis_next_4W,Neely,0.006287186426980229,0.3029009744604665,1.0302322917909315,0.45602227051024913,1.5777854824629673,214,27
DAX,0.05,W,4,Crisis_next_4W,PatroCorr,0.00011856728993886456,0.8899119732756389,0.13841559417217095,0.182255801189178,1.199921095868491,214,27
DAX,0.05,W,4,Crisis_next_4W,SahmIndicator,0.0011933800539347672,0.6543943190127088,0.44766592241733505,0.4061965641992904,1.5010975855055542,214,27
DAX,0.05,W,4,Crisis_next_4W,VIX,0.024360071054994492,0.03868413822023497,2.067531085182431,0.04850937432952439,1.0497052120567636,214,27
DAX,0.05,W,4,Crisis_next_4W,M2_Growth,0.008361462426624056,0.2559976546029189,1.1359018245998673,0.19485500079155751,1.215134780133878,214,27
DAX,0.05,W,4,Crisis_next_4W,BuffettDeviation,2.1223741850651123e-06,0.9844059981310577,0.01954542739788071,0.02596276914058502,1.0263027376291933,214,27
DAX,0.05,W,4,Crisis_next_4W,Systemic_Corr,0.009117728175917272,0.21708280539987623,-1.2343223646503148,-2.5565106563835265,0.07757495440640613,214,27
DAX,0.05,W,4,Crisis_next_4W,Shiller_CAPE,0.0018073487380957376,0.5870778767376257,-0.5430754183109425,-0.021979019757102775,0.978260758984251,214,27
DAX,0.05,W,4,Crisis_next_4W,YC_10Y3M,0.009924239843556504,0.20980172557869503,1.25411082698663,0.3015927973187361,1.352010572272983,214,27
DAX,0.05,W,4,Crisis_next_4W,CFNAI,0.014531064741589717,0.11162407899270388,-1.5909355589015743,-0.2083781606997635,0.8118999499983061,214,27
DAX,0.05,W,4,Crisis_next_4W,CISS,0.0014837917149778113,0.617542285640241,0.49933658514046364,0.5228852349051537,1.6868877024106024,214,27
DAX,0.05,W,4,Crisis_next_4W,Downside_Beta,0.004376236725913918,0.4059309272395414,-0.8310755921004984,-0.8012873215253336,0.4487509054232872,214,27
DAX,0.05,W,4,Crisis_next_4W,NFCI,0.019061143963130522,0.06093315623138892,1.8739801853499718,0.6580607797465216,1.9310439815364449,214,27
DAX,0.05,W,4,Crisis_next_4W,EPU,0.0026819504844152187,0.4969842543551807,0.67924244998247,0.0009881191205327517,1.0009886074710672,214,27
DAX,0.05,W,4,Crisis_next_4W,RSkew,0.0005771581818347915,0.7606612126460126,-0.30461261283006136,-0.10803017243457932,0.8976005132290901,214,27
DAX,0.05,W,4,Crisis_next_4W,RSV_Ratio,0.002796781045753427,0.502364657045913,0.6707737740171843,1.2868775596959454,3.621461087346202,214,27
DAX,0.05,W,4,Crisis_next_4W,HillTail,0.001068448776173292,0.6787468214870991,-0.4141738089523455,-1.1231956568009411,0.3252387806259945,214,27
DAX,0.05,W,8,Crisis_next_8W,HY_Spread,0.0031858882730332327,0.49551433070022644,-0.6815645603241632,-0.05410499888557628,0.9473326324088822,210,29
DAX,0.05,W,8,Crisis_next_8W,Yield_Curve,0.004985877796655935,0.3626939439970629,0.9102438109244835,0.20833303480410417,1.231623274671448,210,29
DAX,0.05,W,8,Crisis_next_8W,Neely,0.0034202807020330406,0.44040611313831557,0.7715076105485512,0.33729599383277964,1.4011537352298098,210,29
DAX,0.05,W,8,Crisis_next_8W,PatroCorr,0.02473174757999852,0.040664653230588564,-2.046933103845949,-2.571084894961923,0.07645255742104588,210,29
DAX,0.05,W,8,Crisis_next_8W,SahmIndicator,0.0003204512933260295,0.8140403560748606,0.23521694323521905,0.21458627848280049,1.2393490455170861,210,29
DAX,0.05,W,8,Crisis_next_8W,VIX,0.0015725241925331757,0.6147916658218272,-0.5032455182054448,-0.014294416897641831,0.9858072632170272,210,29
DAX,0.05,W,8,Crisis_next_8W,M2_Growth,0.0072251829438033655,0.2801756970005006,1.0799247362808218,0.1769654861198638,1.193589896997587,210,29
DAX,0.05,W,8,Crisis_next_8W,BuffettDeviation,0.02834256030322202,0.03516078729412367,2.1065017957043164,3.0248282672917073,20.59046835065546,210,29
DAX,0.05,W,8,Crisis_next_8W,Systemic_Corr,0.008044463149042391,0.24099662817895795,-1.1724993618341848,-2.63256334806621,0.0718939366546599,210,29
DAX,0.05,W,8,Crisis_next_8W,Shiller_CAPE,0.005707238348891974,0.3316550999892076,0.9707855093578184,0.039443731102951705,1.040231964532823,210,29
DAX,0.05,W,8,Crisis_next_8W,YC_10Y3M,0.004985877796655935,0.3626939439970629,0.9102438109244835,0.20833303480410417,1.231623274671448,210,29
DAX,0.05,W,8,Crisis_next_8W,CFNAI,2.5503039523755433e-05,0.9475828231360348,-0.06574251549897128,-0.009443128938893973,0.9906013173890241,210,29
DAX,0.05,W,8,Crisis_next_8W,CISS,0.004095637582338552,0.42471531402779017,-0.7982674307265564,-0.9562116583844928,0.3843461660519643,210,29
DAX,0.05,W,8,Crisis_next_8W,Downside_Beta,0.003532156269444142,0.44580346865968123,-0.7624298963907115,-0.7055691286787246,0.49382744290367475,210,29
DAX,0.05,W,8,Crisis_next_8W,NFCI,3.511930739208413e-05,0.9391571485387549,-0.07632925885450423,-0.03579644117982056,0.964836674510029,210,29
DAX,0.05,W,8,Crisis_next_8W,EPU,0.006459862358110913,0.3330924563700236,-0.9679037198900031,-0.0019192819021687,0.9980825587415816,210,29
DAX,0.05,W,8,Crisis_next_8W,RSkew,0.0040762772993314655,0.4028404461922619,0.836559095336332,0.2764041676008483,1.3183806030874723,210,29
DAX,0.05,W,8,Crisis_next_8W,RSV_Ratio,0.0016825388895469473,0.5953950267427843,0.5310342766863794,0.9844439919293152,2.6763234132408766,210,29
DAX,0.05,W,8,Crisis_next_8W,HillTail,0.0006619464511082862,0.7369325709714085,0.3359181750304775,0.8634933167383478,2.371430398451749,210,29
DAX,0.05,W,12,Crisis_next_12W,HY_Spread,0.005777988774046672,0.3866575398582376,-0.865694822868037,-0.07758068883565371,0.9253523557800583,206,27
DAX,0.05,W,12,Crisis_next_12W,Yield_Curve,0.0009202930425866729,0.7018528321152419,0.3828205382571763,0.08848132607647329,1.0925138508998864,206,27
DAX,0.05,W,12,Crisis_next_12W,Neely,0.005605532742262831,0.3347119886729384,0.964666282334577,0.4279466109443593,1.5341041744080162,206,27
DAX,0.05,W,12,Crisis_next_12W,PatroCorr,0.023294638906474097,0.05227133002201561,-1.940892400215124,-2.534556691924993,0.07929686441440931,206,27
DAX,0.05,W,12,Crisis_next_12W,SahmIndicator,0.0024014025086662727,0.5504063794236561,-0.5971512861765683,-0.6528258109673291,0.5205726564396413,206,27
DAX,0.05,W,12,Crisis_next_12W,VIX,0.024939252992619676,0.07577641261474957,-1.7757361708209642,-0.06733197861868535,0.934884788053773,206,27
DAX,0.05,W,12,Crisis_next_12W,M2_Growth,0.021843371436355064,0.07399390642800437,1.7866510426172189,0.31797843975984946,1.3743466296647449,206,27
DAX,0.05,W,12,Crisis_next_12W,BuffettDeviation,0.03802636539789561,0.01851545831927277,2.3551454183479805,3.62817865540596,37.64419109684119,206,27
DAX,0.05,W,12,Crisis_next_12W,Systemic_Corr,0.004545408309273302,0.3999379097524145,0.8417321292711152,2.1618819500795974,8.687471671747904,206,27
DAX,0.05,W,12,Crisis_next_12W,Shiller_CAPE,0.01550212735636125,0.12272830880447905,1.5434224553243878,0.06591293226521315,1.0681337131343749,206,27
DAX,0.05,W,12,Crisis_next_12W,YC_10Y3M,0.0009202930425866729,0.7018528321152419,0.3828205382571763,0.08848132607647329,1.0925138508998864,206,27
DAX,0.05,W,12,Crisis_next_12W,CFNAI,0.0005056048877589703,0.7786247053734046,0.2811117289346932,0.0431404691978157,1.044084546269034,206,27
DAX,0.05,W,12,Crisis_next_12W,CISS,0.01722228089651534,0.13394107557502094,-1.49874007646622,-2.1716996193166525,0.11398372324698886,206,27
DAX,0.05,W,12,Crisis_next_12W,Downside_Beta,0.010079694461708533,0.21412289053693778,-1.2423081471826585,-1.2132206690902527,0.29723842956711016,206,27
DAX,0.05,W,12,Crisis_next_12W,NFCI,0.0009375844995010985,0.712097886297351,-0.36904003195209356,-0.19904157754395038,0.8195158191695809,206,27
DAX,0.05,W,12,Crisis_next_12W,EPU,0.017164859531887178,0.15113756088416597,-1.4355249602116749,-0.0035574784879388865,0.9964488418416236,206,27
DAX,0.05,W,12,Crisis_next_12W,RSkew,0.01157624307312477,0.1688878863030222,1.375786034790281,0.45941037347609964,1.5831402482621322,206,27
DAX,0.05,W,12,Crisis_next_12W,RSV_Ratio,6.943364399725205e-05,0.9163023781453599,-0.10509254075273657,-0.19762138388133857,0.8206805171949916,206,27
DAX,0.05,W,12,Crisis_next_12W,HillTail,0.0025953683558491702,0.5248648056425587,-0.6358644036026508,-1.7990654930772225,0.16545343337746898,206,27
DAX,0.05,W,16,Crisis_next_16W,HY_Spread,0.03308113692023518,0.06577962104571139,-1.8399224669004988,-0.26198396728033657,0.7695233611609981,204,28
DAX,0.05,W,16,Crisis_next_16W,Yield_Curve,0.0014680021060191617,0.6256168976527493,0.4879053319070682,0.11081915464716165,1.1171928494493903,204,28
DAX,0.05,W,16,Crisis_next_16W,Neely,0.0006824615880366425,0.7365622891774883,0.3364092312887374,0.15226117804732267,1.1644643292388885,204,28
DAX,0.05,W,16,Crisis_next_16W,PatroCorr,0.02821744420845096,0.03114089516008181,-2.1552676575852847,-2.7889352611636564,0.06148664629484723,204,28
DAX,0.05,W,16,Crisis_next_16W,SahmIndicator,0.03412638273000812,0.06094347348452303,-1.8739053388278384,-3.363789541625211,0.03460387733038,204,28
DAX,0.05,W,16,Crisis_next_16W,VIX,0.05911293145256569,0.010204368396960118,-2.5688259886968257,-0.11899124618148203,0.887815572504333,204,28
DAX,0.05,W,16,Crisis_next_16W,M2_Growth,0.0009569697107105757,0.6942601306758288,0.39308035832806126,0.06209352159810102,1.0640618528398382,204,28
DAX,0.05,W,16,Crisis_next_16W,BuffettDeviation,0.0441101023548337,0.010895951063374853,2.546018189356428,3.95892922880798,52.401186217429974,204,28
DAX,0.05,W,16,Crisis_next_16W,Systemic_Corr,0.0017359750438743493,0.5908932262706476,-0.5375420799825774,-1.3081476230597973,0.27032032803792666,204,28
DAX,0.05,W,16,Crisis_next_16W,Shiller_CAPE,0.024243973580022615,0.053076975472524664,1.9342941225274073,0.0825823422894329,1.0860881007379224,204,28
DAX,0.05,W,16,Crisis_next_16W,YC_10Y3M,0.0014680021060191617,0.6256168976527493,0.4879053319070682,0.11081915464716165,1.1171928494493903,204,28
DAX,0.05,W,16,Crisis_next_16W,CFNAI,0.024888985493760618,0.0577112726541011,1.8978846971138321,0.3422823164727191,1.408157787542082,204,28
DAX,0.05,W,16,Crisis_next_16W,CISS,0.020241983109126616,0.10400261114992652,-1.6257511166243546,-2.370686943533654,0.09341653234894712,204,28
DAX,0.05,W,16,Crisis_next_16W,Downside_Beta,0.04350156634906621,0.011762434793271596,-2.5191924478542886,-2.643521344752595,0.07111042384062205,204,28
DAX,0.05,W,16,Crisis_next_16W,NFCI,0.03925324483948933,0.042397388747379486,-2.0295982912717463,-2.461370495846164,0.08531794291973914,204,28
DAX,0.05,W,16,Crisis_next_16W,EPU,0.02629401777053131,0.08585508174766376,-1.7176795483045082,-0.004772920043585776,0.9952384522390927,204,28
DAX,0.05,W,16,Crisis_next_16W,RSkew,0.00012663570130710955,0.8859973676472601,0.14337076870417528,0.04862562021760877,1.0498272430640299,204,28
DAX,0.05,W,16,Crisis_next_16W,RSV_Ratio,0.00015123517644255458,0.875188865451353,0.15707103432823188,0.29049114953743627,1.3370840349862028,204,28
DAX,0.05,W,16,Crisis_next_16W,HillTail,0.03752265675382227,0.020664592607901763,-2.3140570563208627,-7.52943237236324,0.0005370430106388566,204,28
DAX,0.05,M,6,Crisis_next_6M,HY_Spread,0.03823745414225865,0.04522073511151096,-2.002595389849302,-0.28738868688141134,0.7502200714590939,203,30
DAX,0.05,M,6,Crisis_next_6M,Yield_Curve,0.002825596155439647,0.4901690693984707,0.6900399423781344,0.1522025689030517,1.1643960829809648,203,30
DAX,0.05,M,6,Crisis_next_6M,Neely,0.001585611993944469,0.5996200397321987,0.5249469935898947,0.22834109364795163,1.256513841235989,203,30
DAX,0.05,M,6,Crisis_next_6M,PatroCorr,0.029495291660197598,0.024435331261737393,-2.2502145161244713,-2.8437120288220235,0.05820919023913164,203,30
DAX,0.05,M,6,Crisis_next_6M,SahmIndicator,0.13193349708633795,0.17210229533030474,-1.3654798076438468,-35.1338632739077,5.515146487468422e-16,203,30
DAX,0.05,M,6,Crisis_next_6M,VIX,0.03241837382328183,0.03885970661891738,-2.065669399078168,-0.07837021038944478,0.9246220584809832,203,30
DAX,0.05,M,6,Crisis_next_6M,M2_Growth,0.008182423624474966,0.24578225731443504,1.1606549301290634,0.1774953825801551,1.1942225436628564,203,30
DAX,0.05,M,6,Crisis_next_6M,BuffettDeviation,0.06333633459571297,0.0022971688656857176,3.048852959929695,4.879040787334436,131.50446262245578,203,30
DAX,0.05,M,6,Crisis_next_6M,Systemic_Corr,0.023186303612401926,0.056544111325226555,1.9068183727080685,4.979356487980072,145.38079725499642,203,30
DAX,0.05,M,6,Crisis_next_6M,Shiller_CAPE,0.040451632458015196,0.011986467830666554,2.512542464765388,0.10642311018351061,1.1122923991991824,203,30
DAX,0.05,M,6,Crisis_next_6M,YC_10Y3M,0.002825596155439647,0.4901690693984707,0.6900399423781344,0.1522025689030517,1.1643960829809648,203,30
DAX,0.05,M,6,Crisis_next_6M,CFNAI,0.10199440090252843,0.000129751850720654,3.826929131943314,0.7537748978073663,2.125006577801026,203,30
DAX,0.05,M,6,Crisis_next_6M,CISS,0.03528349357810456,0.03681882840901891,-2.087767324672689,-3.3461302217028916,0.035220385809431064,203,30
DAX,0.05,M,6,Crisis_next_6M,Downside_Beta,0.022069249281934877,0.061930977074664634,-1.86678958800712,-1.8048930207504246,0.1644920528722963,203,30
DAX,0.05,M,6,Crisis_next_6M,NFCI,0.037696633003420854,0.04459702685737307,-2.0084355642572325,-2.312882694276535,0.09897552374872029,203,30
DAX,0.05,M,6,Crisis_next_6M,EPU,0.04225143711235635,0.024951536857794707,-2.242152206320254,-0.0073749555375015406,0.9926521727162341,203,30
DAX,0.05,M,6,Crisis_next_6M,RSkew,0.0007815403262160237,0.7159811227419282,-0.3638351369848626,-0.12312808750371658,0.8841504066891419,203,30
DAX,0.05,M,6,Crisis_next_6M,RSV_Ratio,0.011699807831559883,0.16420755001191234,1.3910589549323025,2.589962543463094,13.329272325464435,203,30
DAX,0.05,M,6,Crisis_next_6M,HillTail,0.0366881448779246,0.022011609031269412,-2.2901674934126848,-7.286410373674354,0.0006847817568028487,203,30
DAX,0.05,M,12,Crisis_next_12M,HY_Spread,0.08827215062725247,0.003967416826630792,-2.880740863470609,-0.5778478215465098,0.5611046653856147,197,29
DAX,0.05,M,12,Crisis_next_12M,Yield_Curve,0.0021338355433589973,0.5548656942668213,0.5904847686880264,0.13019684796947006,1.1390525814452026,197,29
DAX,0.05,M,12,Crisis_next_12M,Neely,0.03381340322707904,0.03976732966397235,-2.056157579599239,-1.3008524366305272,0.27229957593988746,197,29
DAX,0.05,M,12,Crisis_next_12M,PatroCorr,0.040194523420688744,0.009813411720855703,-2.5823355562536,-3.294333453580579,0.03709276085610255,197,29
DAX,0.05,M,12,Crisis_next_12M,SahmIndicator,0.0698675622112147,0.04729597378049232,-1.9836401157549577,-7.867495880796855,0.00038299222057794227,197,29
DAX,0.05,M,12,Crisis_next_12M,VIX,0.05730816584541143,0.009782156604859787,-2.5834361706365727,-0.1128530176927379,0.8932819471089682,197,29
DAX,0.05,M,12,Crisis_next_12M,M2_Growth,0.006480769185453039,0.3078422916413365,1.019760013434637,0.1552587734569541,1.1679601590909827,197,29
DAX,0.05,M,12,Crisis_next_12M,BuffettDeviation,0.1901407109754335,3.816599632826601e-06,4.621127582975102,10.261373601070378,28606.05252225279,197,29
DAX,0.05,M,12,Crisis_next_12M,Systemic_Corr,0.0011683823895249912,0.6586915141375771,-0.44172044364162616,-1.067799553580148,0.34376412030979414,197,29
DAX,0.05,M,12,Crisis_next_12M,Shiller_CAPE,0.06113745125158121,0.0027384572662242598,2.995666530216975,0.13180655487391954,1.1408875987738831,197,29
DAX,0.05,M,12,Crisis_next_12M,YC_10Y3M,0.0021338355433589973,0.5548656942668213,0.5904847686880264,0.13019684796947006,1.1390525814452026,197,29
DAX,0.05,M,12,Crisis_next_12M,CFNAI,0.20331243250799724,3.9159814015432153e-07,5.072997260174217,1.1506713902115329,3.1603140014559146,197,29
DAX,0.05,M,12,Crisis_next_12M,CISS,0.05489639208326447,0.015401420033947481,-2.422799603690482,-4.542619891906903,0.010645479980349397,197,29
DAX,0.05,M,12,Crisis_next_12M,Downside_Beta,0.011438138644792373,0.18106060826509385,-1.3374965481728478,-1.2586480884790252,0.2840377609752507,197,29
DAX,0.05,M,12,Crisis_next_12M,NFCI,0.10751386320570144,0.0006442643504223294,-3.412260829940031,-5.048662469495371,0.006417911860921849,197,29
DAX,0.05,M,12,Crisis_next_12M,EPU,0.03235363521514145,0.046232906902954056,-1.9932607047536117,-0.006897433754803942,0.9931262989451397,197,29
DAX,0.05,M,12,Crisis_next_12M,RSkew,0.00030347901107297126,0.8230504557919335,0.22362326940439634,0.07539377313587099,1.0783086762846945,197,29
DAX,0.05,M,12,Crisis_next_12M,RSV_Ratio,0.011842042085011939,0.16403097329653948,-1.3916415395985386,-2.522264063213588,0.0802776471754269,197,29
DAX,0.05,M,12,Crisis_next_12M,HillTail,0.006954742095035327,0.3020921426086557,-1.0319572543232327,-3.0881036252981517,0.045588325029489035,197,29
DAX,0.05,M,18,Crisis_next_18M,HY_Spread,0.28596798898203424,0.00037741130256437256,-3.55539524159026,-2.162570526521565,0.11502905544108978,191,14
DAX,0.05,M,18,Crisis_next_18M,Yield_Curve,0.0010813961595854682,0.7427668278525231,0.32819156139479033,0.09966642128641236,1.1048023180644782,191,14
DAX,0.05,M,18,Crisis_next_18M,Neely,0.04036586427096678,0.10817681568774838,-1.6064420604704184,-1.687985613069376,0.18489159232954944,191,14
DAX,0.05,M,18,Crisis_next_18M,PatroCorr,0.13194518689942936,0.0007125639128410218,-3.3846988270751486,-6.415246677600717,0.0016364161911262248,191,14
DAX,0.05,M,18,Crisis_next_18M,SahmIndicator,0.005383898348226945,0.503968263311231,-0.6682590259868758,-1.1745072459709036,0.3089711889823143,191,14
DAX,0.05,M,18,Crisis_next_18M,VIX,0.21110835546925966,0.0012474530125425203,-3.2278019662679904,-0.39839590739332614,0.6713961643315437,191,14
DAX,0.05,M,18,Crisis_next_18M,M2_Growth,0.012282350346314752,0.2746032135888422,1.0925231663525539,0.22901528539236374,1.2573612581231264,191,14
DAX,0.05,M,18,Crisis_next_18M,BuffettDeviation,0.2352224744646192,8.963085042181e-05,3.9170723625134447,12.710300007811966,331141.15308127925,191,14
DAX,0.05,M,18,Crisis_next_18M,Systemic_Corr,0.09251010963858597,0.002600999852062855,-3.0113370248896345,-9.809242818502295,5.4941431688843114e-05,191,14
DAX,0.05,M,18,Crisis_next_18M,Shiller_CAPE,0.09799889765838343,0.0035931808077245696,2.9118300462604827,0.1817230785834945,1.1992820410102831,191,14
DAX,0.05,M,18,Crisis_next_18M,YC_10Y3M,0.0010813961595854682,0.7427668278525231,0.32819156139479033,0.09966642128641236,1.1048023180644782,191,14
DAX,0.05,M,18,Crisis_next_18M,CFNAI,0.1225891448358728,0.0012348964017296544,3.2306949920585493,0.8913123776023578,2.4383275588752205,191,14
DAX,0.05,M,18,Crisis_next_18M,CISS,0.14745755894337342,0.0234204735944762,-2.266505127140182,-15.40951656161622,2.0311031911181435e-07,191,14
DAX,0.05,M,18,Crisis_next_18M,Downside_Beta,0.010339015957634756,0.3010053545677164,1.0342798488769744,1.1681138546259326,3.2159212196073614,191,14
DAX,0.05,M,18,Crisis_next_18M,NFCI,0.09396958936690913,0.011914471631982181,-2.514667425458169,-5.100294375591566,0.006094952096275716,191,14
DAX,0.05,M,18,Crisis_next_18M,EPU,0.015680156674506063,0.25846518850835065,-1.1300261910105027,-0.0053716598321323795,0.9946427417342328,191,14
DAX,0.05,M,18,Crisis_next_18M,RSkew,0.06556891489830541,0.011342946094092046,2.5319521753937773,1.1525183638791585,3.1661564119263224,191,14
DAX,0.05,M,18,Crisis_next_18M,RSV_Ratio,0.07532886932521443,0.007968160302226463,-2.6534159892184763,-6.934508163952948,0.0009736018034379553,191,14
DAX,0.05,M,18,Crisis_next_18M,HillTail,0.0028709048866012443,0.5818897793478207,0.5506264411239525,1.870417342129308,6.491004803847923,191,14
DAX,0.05,M,24,Crisis_next_24M,HY_Spread,0.19293482776871684,0.052331589687346025,-1.9403959395771984,-1.758152676088099,0.17236298015539722,185,4
DAX,0.05,M,24,Crisis_next_24M,Yield_Curve,0.0007358588161040513,0.866485886424035,0.16812379965201518,0.09758520848051004,1.1025053803692932,185,4
DAX,0.05,M,24,Crisis_next_24M,Neely,0.021383069944535982,0.3559047820378889,0.923196558429304,0.935715816037869,2.549037446726335,185,4
DAX,0.05,M,24,Crisis_next_24M,PatroCorr,0.24318418864472013,0.04959407348821923,-1.963448582035698,-12.613612879133735,3.326423420296626e-06,185,4
DAX,0.05,M,24,Crisis_next_24M,SahmIndicator,0.06461680395891767,0.9645150529742681,-0.044488456841337655,-282.2688095624068,2.583530503863606e-123,185,4
DAX,0.05,M,24,Crisis_next_24M,VIX,0.057625073323734566,0.23362941726201691,-1.1910615643012012,-0.15725870835226125,0.8544829683391671,185,4
DAX,0.05,M,24,Crisis_next_24M,M2_Growth,0.013974260124158033,0.46519412694538376,0.7303207837547536,0.2713499635983745,1.3117340492349392,185,4
DAX,0.05,M,24,Crisis_next_24M,BuffettDeviation,0.10385018467589258,0.06635650201027378,1.83600780712733,8.17114690721855,3537.398706082481,185,4
DAX,0.05,M,24,Crisis_next_24M,Systemic_Corr,1.9553842794728382e-05,0.9780168785392567,0.027555243588759583,0.17277907518474694,1.1886034840702235,185,4
DAX,0.05,M,24,Crisis_next_24M,Shiller_CAPE,0.04283598765788488,0.21119228052139793,1.250293695708105,0.12767728926469468,1.1361862840170565,185,4
DAX,0.05,M,24,Crisis_next_24M,YC_10Y3M,0.0007358588161040513,0.866485886424035,0.16812379965201518,0.09758520848051004,1.1025053803692932,185,4
DAX,0.05,M,24,Crisis_next_24M,CFNAI,0.039227017789051466,0.24700516641746617,1.1576542366285325,0.5281160646025027,1.6957346429479316,185,4
DAX,0.05,M,24,Crisis_next_24M,CISS,0.06864263062410181,0.26272746460651875,-1.1199678454752047,-8.38929512794645,0.0002272874304664709,185,4
DAX,0.05,M,24,Crisis_next_24M,Downside_Beta,0.013654630275082513,0.45562372691979136,0.7460723237448326,1.482185053176988,4.402554995443528,185,4
DAX,0.05,M,24,Crisis_next_24M,NFCI,0.019039758111197402,0.4960089164892739,-0.6807828292472479,-1.8407977581546953,0.15869077873384024,185,4
DAX,0.05,M,24,Crisis_next_24M,EPU,0.007837029942874607,0.6140706330899555,-0.5042714558269473,-0.004099311121181446,0.9959090795853649,185,4
DAX,0.05,M,24,Crisis_next_24M,RSkew,0.11155987132242973,0.03746079471942499,2.0807063257998113,1.619960293576635,5.052889680403755,185,4
DAX,0.05,M,24,Crisis_next_24M,RSV_Ratio,0.018008688147427176,0.4036244483640363,-0.8351656479083106,-3.706065099219729,0.024574029644052538,185,4
DAX,0.05,M,24,Crisis_next_24M,HillTail,0.00103690262846734,0.8374371231826669,0.20517279570403524,1.2749635988811956,3.57857114373732,185,4
DAX,0.08,D,5,Crisis_next_5D,HY_Spread,0.03174167010660134,1.0748392241441335e-06,4.877417237374282,0.13142673878494648,1.1404543535901128,4367,49
DAX,0.08,D,5,Crisis_next_5D,Yield_Curve,4.758822365646953e-05,0.8730246152167297,0.15981778314538767,0.025607147411404463,1.0259378269639017,4367,49
DAX,0.08,D,5,Crisis_next_5D,Neely,0.062014293983086,2.09788142065589e-08,5.603729401521887,1.693425724656851,5.438078190554586,4367,49
DAX,0.08,D,5,Crisis_next_5D,PatroCorr,0.00794451328276613,0.04880561087425146,1.970285922749287,2.108902082038933,8.23919036186757,4367,49
DAX,0.08,D,5,Crisis_next_5D,SahmIndicator,0.003003728517044557,0.18168673474441288,1.335579559926914,0.7782927384787991,2.177751099245581,4367,49
DAX,0.08,D,5,Crisis_next_5D,VIX,0.10536116357708947,7.89092760955996e-18,8.601167418646076,0.08540449268154669,1.0891575338610195,4367,49
DAX,0.08,D,5,Crisis_next_5D,M2_Growth,0.018097988117436015,0.0022294961402614575,3.0578251615815932,0.36943983855828394,1.4469238766476398,4367,49
DAX,0.08,D,5,Crisis_next_5D,BuffettDeviation,0.02679762694912502,9.144905870270162e-05,-3.9122265554549887,-3.364935146456703,0.034564257659898026,4367,49
DAX,0.08,D,5,Crisis_next_5D,Systemic_Corr,0.008521535810627756,0.03798801918910322,2.0749839836550517,3.788135012239596,44.173939549173326,4367,49
DAX,0.08,D,5,Crisis_next_5D,Shiller_CAPE,0.028572017659007853,8.605119620331537e-05,-3.926890322358581,-0.10779746072065412,0.8978094196894912,4367,49
DAX,0.08,D,5,Crisis_next_5D,YC_10Y3M,4.758822365646953e-05,0.8730246152167297,0.15981778314538767,0.025607147411404463,1.0259378269639017,4367,49
DAX,0.08,D,5,Crisis_next_5D,CFNAI,0.037772467450703395,1.6172275665548736e-07,-5.23868733862323,-0.3389475041783957,0.712519852422486,4367,49
DAX,0.08,D,5,Crisis_next_5D,CISS,0.04258954714397467,2.3788707625919465e-07,5.166995430811041,2.88949353150823,17.98419886451984,4367,49
DAX,0.08,D,5,Crisis_next_5D,Downside_Beta,0.032983831321800494,5.835594854573726e-05,-4.019362007172213,-2.9830182691234843,0.05063975855020676,4367,49
DAX,0.08,D,5,Crisis_next_5D,NFCI,0.05396915356904031,3.014466420959491e-11,6.6458624669133375,0.9993477375154557,2.716509373315761,4367,49
DAX,0.08,D,5,Crisis_next_5D,EPU,0.023815176917805214,4.2972795385608276e-05,4.090886207777039,0.0035058439508263276,1.0035119966097164,4367,49
DAX,0.08,D,5,Crisis_next_5D,RSkew,0.011421909998571844,0.01134177140214486,-2.531988490513522,-0.5992071593415129,0.549246928809052,4367,49
DAX,0.08,D,5,Crisis_next_5D,RSV_Ratio,0.044253614696118215,6.608662246524505e-07,4.972524481490189,6.285879152102386,536.9361317261195,4367,49
DAX,0.08,D,5,Crisis_next_5D,HillTail,3.492833658280681e-05,0.8964679075488916,-0.1301245242297549,-0.2353402605616205,0.7903018953073092,4367,49
DAX,0.08,D,10,Crisis_next_10D,HY_Spread,0.036449646747711895,2.0218013475115092e-12,7.032971873906056,0.13387580848085062,1.1432508287706045,4362,107
DAX,0.08,D,10,Crisis_next_10D,Yield_Curve,0.0018897654772669359,0.16993664752416415,1.372407400730877,0.15129238363899597,1.1633367489929367,4362,107
DAX,0.08,D,10,Crisis_next_10D,Neely,0.03891045005081162,2.331881893955663e-10,6.337721267477465,1.2500871905950903,3.4906472958088997,4362,107
DAX,0.08,D,10,Crisis_next_10D,PatroCorr,0.0021757544355022196,0.14643860744119822,1.4522266048310235,0.9792306433121424,2.662407113056761,4362,107
DAX,0.08,D,10,Crisis_next_10D,SahmIndicator,0.00025399056226149686,0.6051603027714333,0.5169940637169165,0.2286792090453663,1.2569387597444726,4362,107
DAX,0.08,D,10,Crisis_next_10D,VIX,0.05903677620900927,7.898050399647909e-18,8.601063883652028,0.06853978132438507,1.070943227643515,4362,107
DAX,0.08,D,10,Crisis_next_10D,M2_Growth,0.03378157638647017,1.1241276368880658e-08,5.710850803479126,0.47676143497160656,1.61084910594855,4362,107
DAX,0.08,D,10,Crisis_next_10D,BuffettDeviation,0.011756267996151482,0.00045797348751534615,-3.504204519895344,-2.127380905544651,0.11914894789736448,4362,107
DAX,0.08,D,10,Crisis_next_10D,Systemic_Corr,0.007921736130616974,0.006058988578934329,2.744571869440534,3.3785739291264894,29.328916163228115,4362,107
DAX,0.08,D,10,Crisis_next_10D,Shiller_CAPE,0.016193877923598277,5.056273038321728e-05,-4.053010508056229,-0.07598364670405412,0.9268313631830256,4362,107
DAX,0.08,D,10,Crisis_next_10D,YC_10Y3M,0.0018897654772669359,0.16993664752416415,1.372407400730877,0.15129238363899597,1.1633367489929367,4362,107
DAX,0.08,D,10,Crisis_next_10D,CFNAI,0.02581236395386255,1.1494380571856742e-08,-5.707060690829544,-0.2826663621150725,0.7537712325513949,4362,107
DAX,0.08,D,10,Crisis_next_10D,CISS,0.028612076568021227,9.159175410900595e-09,5.745607113144907,2.309000899658517,10.064364320379257,4362,107
DAX,0.08,D,10,Crisis_next_10D,Downside_Beta,0.03573006691210412,1.1195001059149663e-08,-5.711552710855524,-2.8805926075105677,0.05610150680693327,4362,107
DAX,0.08,D,10,Crisis_next_10D,NFCI,0.0574915968476325,9.237877192918337e-20,9.097566056432795,1.0070734492233393,2.7375776203963937,4362,107
DAX,0.08,D,10,Crisis_next_10D,EPU,0.0032695060013897548,0.05500164378423509,1.9188632408519677,0.0014625668451084916,1.0014636369176173,4362,107
DAX,0.08,D,10,Crisis_next_10D,RSkew,0.00012278255621001044,0.7213457677552787,-0.35666078298983195,-0.05945671507534288,0.9422763190680026,4362,107
DAX,0.08,D,10,Crisis_next_10D,RSV_Ratio,0.014057812171576978,0.0001648547150448951,3.7675542624962133,3.359425774604988,28.77266414022871,4362,107
DAX,0.08,D,10,Crisis_next_10D,HillTail,0.005107437059906128,0.028396229574520294,-2.1917684603540706,-2.9846425987612264,0.050557569658542786,4362,107
DAX,0.08,D,15,Crisis_next_15D,HY_Spread,0.02361876496361459,3.571048258195636e-10,6.27170974465797,0.11232217041541727,1.11887327045158,4357,147
DAX,0.08,D,15,Crisis_next_15D,Yield_Curve,0.0022656429022134272,0.08906786556164506,1.7003353458372468,0.16072769682044424,1.174365141908805,4357,147
DAX,0.08,D,15,Crisis_next_15D,Neely,0.033806272785637304,1.8226549602173608e-11,6.719566893828313,1.1340995164779586,3.108373243396535,4357,147
DAX,0.08,D,15,Crisis_next_15D,PatroCorr,0.000503410006695626,0.42379048166357836,0.7998624742197553,0.4491534401233056,1.5669850771374012,4357,147
DAX,0.08,D,15,Crisis_next_15D,SahmIndicator,1.3300723165299289e-05,0.8975427415658068,-0.12876608594683475,-0.05161898355317425,0.9496906456720685,4357,147
DAX,0.08,D,15,Crisis_next_15D,VIX,0.03511078721289451,9.455306409708116e-14,7.448296598341554,0.055399099875212264,1.0569623640574328,4357,147
DAX,0.08,D,15,Crisis_next_15D,M2_Growth,0.01453481087585029,2.6207230456920157e-05,4.204143788951056,0.2963693118252078,1.3449667772578633,4357,147
DAX,0.08,D,15,Crisis_next_15D,BuffettDeviation,0.0024016235811015196,0.07488072927383217,-1.7811942096789992,-0.9565673570615804,0.38420947894030955,4357,147
DAX,0.08,D,15,Crisis_next_15D,Systemic_Corr,0.0045017257544874845,0.018332962252276857,2.3588237167463824,2.4333213428797253,11.396671543262915,4357,147
DAX,0.08,D,15,Crisis_next_15D,Shiller_CAPE,0.011566798763809838,0.00010680812972004113,-3.8745814184211764,-0.062441958075697655,0.9394675897377648,4357,147
DAX,0.08,D,15,Crisis_next_15D,YC_10Y3M,0.0022656429022134272,0.08906786556164506,1.7003353458372468,0.16072769682044424,1.174365141908805,4357,147
DAX,0.08,D,15,Crisis_next_15D,CFNAI,0.014964205789571028,1.725078616730734e-06,-4.783221484480131,-0.2223144849014926,0.8006635281466175,4357,147
DAX,0.08,D,15,Crisis_next_15D,CISS,0.023085133626749132,6.5012315304782166e-09,5.803325740040905,2.0549317073564195,7.806304741244256,4357,147
DAX,0.08,D,15,Crisis_next_15D,Downside_Beta,0.03927907667394237,1.388647716234659e-11,-6.759086190870611,-2.933861944726046,0.053191219421422055,4357,147
DAX,0.08,D,15,Crisis_next_15D,NFCI,0.0357349087321599,1.7656707469405957e-15,7.956785042851122,0.8485743413843656,2.3363136907735127,4357,147
DAX,0.08,D,15,Crisis_next_15D,EPU,0.004489789967163316,0.010623622083781323,2.554841304377646,0.0016452455359921305,1.0016465996949684,4357,147
DAX,0.08,D,15,Crisis_next_15D,RSkew,8.291198705712155e-05,0.7443268158656771,0.3261289217157092,0.046412180013700115,1.0475060830591856,4357,147
DAX,0.08,D,15,Crisis_next_15D,RSV_Ratio,0.008207298000255436,0.001153229123686967,3.250202368568596,2.4937564154567426,12.106668487409708,4357,147
DAX,0.08,D,15,Crisis_next_15D,HillTail,0.006754433202375565,0.004085668708988464,-2.871470533499023,-3.404541252248705,0.0332220571307447,4357,147
DAX,0.08,W,4,Crisis_next_4W,HY_Spread,0.021889377013418976,0.09505259233310487,1.6693269989941089,0.10163480915949927,1.1069791392608868,214,14
DAX,0.08,W,4,Crisis_next_4W,Yield_Curve,0.00010820273913114686,0.915677959155368,0.10587950012991644,0.033236210363108934,1.0337947034253911,214,14
DAX,0.08,W,4,Crisis_next_4W,Neely,0.04123731896787597,0.035034401943428065,2.107960550154505,1.180304567906857,3.255365531784594,214,14
DAX,0.08,W,4,Crisis_next_4W,PatroCorr,8.086448254673861e-06,0.9769484227023885,-0.02889488800476418,-0.05070249614284646,0.9505614241603431,214,14
DAX,0.08,W,4,Crisis_next_4W,SahmIndicator,0.018089854689380624,0.14716555734022507,1.449616266539268,1.517731614118125,4.561865378533879,214,14
DAX,0.08,W,4,Crisis_next_4W,VIX,0.07233137804605583,0.0038691885840751172,2.8886342239133853,0.08098274358097675,1.0843521843696458,214,14
DAX,0.08,W,4,Crisis_next_4W,M2_Growth,0.05952151948574613,0.020244068464837586,2.321793295088859,0.611848928718815,1.8438373729813229,214,14
DAX,0.08,W,4,Crisis_next_4W,BuffettDeviation,0.00017181204103267067,0.8941487176862506,0.13305647402814683,0.23868981726197855,1.2695846722522468,214,14
DAX,0.08,W,4,Crisis_next_4W,Systemic_Corr,0.002800529337309565,0.5838159256547008,-0.5478193864888907,-1.5370474262081693,0.215015012823082,214,14
DAX,0.08,W,4,Crisis_next_4W,Shiller_CAPE,0.00543436015845411,0.4509169471575569,-0.7538872166951662,-0.0405521612293179,0.9602590749112457,214,14
DAX,0.08,W,4,Crisis_next_4W,YC_10Y3M,0.00010820273913114686,0.915677959155368,0.10587950012991644,0.033236210363108934,1.0337947034253911,214,14
DAX,0.08,W,4,Crisis_next_4W,CFNAI,0.048092099914792574,0.017361115884012554,-2.3789694256603497,-0.3597121147764399,0.6978772056898842,214,14
DAX,0.08,W,4,Crisis_next_4W,CISS,0.007887317371411462,0.3458735241991012,0.9426234825840375,1.2160535855934993,3.3738468288357435,214,14
DAX,0.08,W,4,Crisis_next_4W,Downside_Beta,0.01359824475587823,0.24682150145685322,-1.158104236251288,-1.558401338403917,0.2104722763352598,214,14
DAX,0.08,W,4,Crisis_next_4W,NFCI,0.04983617109889116,0.011880356901279822,2.5156782965068536,0.9490860458602379,2.583347518876935,214,14
DAX,0.08,W,4,Crisis_next_4W,EPU,0.036470004656656285,0.03562098462195433,2.1012276807084556,0.003308239462630563,1.0033137177262719,214,14
DAX,0.08,W,4,Crisis_next_4W,RSkew,0.0008655252650690004,0.7633278966005534,0.3011135660690297,0.13864551250130694,1.1487168220674402,214,14
DAX,0.08,W,4,Crisis_next_4W,RSV_Ratio,0.0011910024674703923,0.7262604364834,0.3501042832872163,0.898544885836034,2.4560267104988402,214,14
DAX,0.08,W,4,Crisis_next_4W,HillTail,0.01716460236139461,0.17396103662026363,1.3595857924550134,4.502202609402549,90.21562239924695,214,14
DAX,0.08,W,8,Crisis_next_8W,HY_Spread,0.0022330966680682574,0.5971479459018163,0.5285063427989498,0.037815170271105675,1.0385392622078207,210,16
DAX,0.08,W,8,Crisis_next_8W,Yield_Curve,1.682740062181054e-06,0.98921307361918,-0.013519819191147336,-0.003944029810349582,0.9960637376601558,210,16
DAX,0.08,W,8,Crisis_next_8W,Neely,0.011270795357991581,0.24628358277658347,1.159423548166817,0.6294573690501326,1.8765920060319092,210,16
DAX,0.08,W,8,Crisis_next_8W,PatroCorr,0.009043229655701368,0.30702081090886535,-1.0214932385584685,-1.6577479432877658,0.1905676663996603,210,16
DAX,0.08,W,8,Crisis_next_8W,SahmIndicator,0.00224933127236171,0.6030509875229733,0.5200180601155056,0.5797599990714652,1.7856098313024846,210,16
DAX,0.08,W,8,Crisis_next_8W,VIX,0.0006818795061124261,0.7778846758450783,0.28207672992922317,0.009295439013019526,1.0093387757802552,210,16
DAX,0.08,W,8,Crisis_next_8W,M2_Growth,0.017428338572738955,0.17589720935844644,1.3534960554098399,0.302371679391896,1.3530640392804747,210,16
DAX,0.08,W,8,Crisis_next_8W,BuffettDeviation,0.006557737114199713,0.3962355922037707,0.848363448394762,1.5022005695805791,4.491562198244109,210,16
DAX,0.08,W,8,Crisis_next_8W,Systemic_Corr,6.222565755420462e-05,0.9331682176992833,0.08385940278811467,0.2525013367891176,1.2872412169236955,210,16
DAX,0.08,W,8,Crisis_next_8W,Shiller_CAPE,0.000540829867561432,0.8051716319322607,0.24665965579856447,0.012782118530568449,1.0128641589852556,210,16
DAX,0.08,W,8,Crisis_next_8W,YC_10Y3M,1.682740062181054e-06,0.98921307361918,-0.013519819191147336,-0.003944029810349582,0.9960637376601558,210,16
DAX,0.08,W,8,Crisis_next_8W,CFNAI,0.00286340752887837,0.5565442456808927,-0.5879821923455925,-0.10031823463791656,0.9045495132409264,210,16
DAX,0.08,W,8,Crisis_next_8W,CISS,0.0005341970486171244,0.8031889658321015,0.2492221252069716,0.3325652617467916,1.3945409063907654,210,16
DAX,0.08,W,8,Crisis_next_8W,Downside_Beta,0.040358332525656904,0.04189113684096829,-2.0346000053536413,-2.727573588283825,0.06537773066050424,210,16
DAX,0.08,W,8,Crisis_next_8W,NFCI,0.0051600004601295435,0.4068939683560333,0.8293719506776374,0.37551982865694356,1.455747957470418,210,16
DAX,0.08,W,8,Crisis_next_8W,EPU,0.004012397887672825,0.5289820443837983,-0.6295606979348805,-0.0015958518233177448,0.9984054208711026,210,16
DAX,0.08,W,8,Crisis_next_8W,RSkew,0.004672521764870763,0.47421354145046524,-0.7156402048464712,-0.33186157739270816,0.7175866461945108,210,16
DAX,0.08,W,8,Crisis_next_8W,RSV_Ratio,0.007163614708164179,0.3722179711905178,0.8923264684233875,2.1829706182125816,8.872624328321745,210,16
DAX,0.08,W,8,Crisis_next_8W,HillTail,0.007518931536102502,0.3690852241498829,-0.8981881982466096,-3.2938084779961603,0.0371122387621759,210,16
DAX,0.08,W,12,Crisis_next_12W,HY_Spread,0.0005158084202399049,0.8005039359036518,-0.2526949689962538,-0.020816725572268713,0.9793984468115648,206,20
DAX,0.08,W,12,Crisis_next_12W,Yield_Curve,0.00010224200412856099,0.9078252776703765,0.1157820489690967,0.030361431525162033,1.0308270400209967,206,20
DAX,0.08,W,12,Crisis_next_12W,Neely,0.0015640712270639234,0.6461668333139825,0.4590937658133098,0.23703000777591804,1.267479151434985,206,20
DAX,0.08,W,12,Crisis_next_12W,PatroCorr,0.013980420133871574,0.17155759599739262,-1.367216050075094,-2.026480544956168,0.1317985649638191,206,20
DAX,0.08,W,12,Crisis_next_12W,SahmIndicator,0.00035599511395911776,0.826012592191385,0.2198183958680645,0.23655301865289663,1.2668747218307275,206,20
DAX,0.08,W,12,Crisis_next_12W,VIX,0.009972613829157706,0.2878327013605517,-1.0628880974442756,-0.04068413672061848,0.9601323526103615,206,20
DAX,0.08,W,12,Crisis_next_12W,M2_Growth,0.03293182817604268,0.04942663573164781,1.964892890803605,0.412759464095303,1.5109815369087047,206,20
DAX,0.08,W,12,Crisis_next_12W,BuffettDeviation,0.013166869728630237,0.19881594058735952,1.284932305787154,2.132059581676103,8.432215776604515,206,20
DAX,0.08,W,12,Crisis_next_12W,Systemic_Corr,0.002189273391312363,0.5951769808682658,0.5313489638766155,1.5398398748032853,4.663843412350429,206,20
DAX,0.08,W,12,Crisis_next_12W,Shiller_CAPE,0.013904482794300566,0.18494781958872297,1.325673648464466,0.06440459416914876,1.0665238207993533,206,20
DAX,0.08,W,12,Crisis_next_12W,YC_10Y3M,0.00010224200412856099,0.9078252776703765,0.1157820489690967,0.030361431525162033,1.0308270400209967,206,20
DAX,0.08,W,12,Crisis_next_12W,CFNAI,0.0005311986079126196,0.7890203283890234,-0.2675829864547834,-0.0434217594185326,0.9575074671012953,206,20
DAX,0.08,W,12,Crisis_next_12W,CISS,0.004570115950921383,0.46035486405879733,-0.7382626408264126,-1.058417712238491,0.3470044370468528,206,20
DAX,0.08,W,12,Crisis_next_12W,Downside_Beta,0.013633139843075792,0.19294534730961355,-1.301915283307174,-1.472354737813178,0.2293847078967826,206,20
DAX,0.08,W,12,Crisis_next_12W,NFCI,0.0009282712138646287,0.7165348885342826,0.36309370279519365,0.17145144340435262,1.187026503366967,206,20
DAX,0.08,W,12,Crisis_next_12W,EPU,0.005405123006336221,0.43596562536954875,-0.7790239182689651,-0.0018316888283848069,0.9981699876898211,206,20
DAX,0.08,W,12,Crisis_next_12W,RSkew,0.01023425303878378,0.2394275803913568,1.1764187559555948,0.443419010446216,1.558025026351352,206,20
DAX,0.08,W,12,Crisis_next_12W,RSV_Ratio,0.00010666253662428016,0.9078475562898431,-0.11575393912279543,-0.24802116207810201,0.7803434294147014,206,20
DAX,0.08,W,12,Crisis_next_12W,HillTail,0.006878083982973515,0.3545221828453389,-0.925853378125005,-3.0916984591233914,0.04542473678907558,206,20
DAX,0.08,W,16,Crisis_next_16W,HY_Spread,0.018371944372145177,0.22321630726772257,-1.2180201719377923,-0.18431514811695202,0.8316736621335709,204,18
DAX,0.08,W,16,Crisis_next_16W,Yield_Curve,0.004657811290759262,0.45424239074325024,0.7483610813135183,0.20811743790862539,1.2313577691391422,204,18
DAX,0.08,W,16,Crisis_next_16W,Neely,0.00026884124415949007,0.8555375084404494,0.1820576183966367,0.10054487023896805,1.105773256901228,204,18
DAX,0.08,W,16,Crisis_next_16W,PatroCorr,0.004019340028708074,0.4783111047620848,-0.7090215485466297,-1.1205313089800393,0.32610648528263225,204,18
DAX,0.08,W,16,Crisis_next_16W,SahmIndicator,0.03307010238469399,0.12353838208598532,-1.5400901432014253,-3.6949965435905128,0.024847539545612918,204,18
DAX,0.08,W,16,Crisis_next_16W,VIX,0.02436397358555331,0.1288688983480823,-1.518577419998737,-0.07075640520906679,0.9316888190304508,204,18
DAX,0.08,W,16,Crisis_next_16W,M2_Growth,0.0006842893478994361,0.7717172805470001,-0.2901293531268888,-0.053760212451811194,0.9476593161636269,204,18
DAX,0.08,W,16,Crisis_next_16W,BuffettDeviation,0.035955254089573896,0.0455681025101719,1.9993721539050664,3.7246944705866203,41.458563998853904,204,18
DAX,0.08,W,16,Crisis_next_16W,Systemic_Corr,0.0050109460708864795,0.4419276599691313,0.7689421394844264,2.4071816181326877,11.10262556941406,204,18
DAX,0.08,W,16,Crisis_next_16W,Shiller_CAPE,0.007946067728060946,0.3312429363868584,0.9716133543141752,0.04859764507130949,1.0497978744041143,204,18
DAX,0.08,W,16,Crisis_next_16W,YC_10Y3M,0.004657811290759262,0.45424239074325024,0.7483610813135183,0.20811743790862539,1.2313577691391422,204,18
DAX,0.08,W,16,Crisis_next_16W,CFNAI,0.026344387879987496,0.08968151667596697,1.697080106638089,0.37265758195540327,1.451587205071354,204,18
DAX,0.08,W,16,Crisis_next_16W,CISS,0.009587560016761976,0.3176279066869695,-0.9993443529005761,-1.6263707606947742,0.19664194133201252,204,18
DAX,0.08,W,16,Crisis_next_16W,Downside_Beta,0.033890043002894776,0.05280801324477951,-1.9364875718575807,-2.42607980289455,0.0883826316760864,204,18
DAX,0.08,W,16,Crisis_next_16W,NFCI,0.04317074451355252,0.061521679634062666,-1.8697274209880412,-2.910414468652922,0.054453156065204254,204,18
DAX,0.08,W,16,Crisis_next_16W,EPU,0.022016709052306904,0.17419380267896178,-1.3588510187408702,-0.004624424068213658,0.9953862521173578,204,18
DAX,0.08,W,16,Crisis_next_16W,RSkew,0.004066810204823801,0.48788739813172677,-0.6936728468593113,-0.29953788398905673,0.7411606437561923,204,18
DAX,0.08,W,16,Crisis_next_16W,RSV_Ratio,0.00741000934084457,0.34625200181478044,0.9418840601613142,2.1551273594497133,8.628989092291146,204,18
DAX,0.08,W,16,Crisis_next_16W,HillTail,0.034368708585052254,0.05527403334475315,-1.9167159065076027,-7.586055628620166,0.0005074787962952593,204,18
DAX,0.08,M,6,Crisis_next_6M,HY_Spread,0.03796005446760731,0.06769690046111598,-1.8270190813941463,-0.3064172619319221,0.736079417448933,203,23
DAX,0.08,M,6,Crisis_next_6M,Yield_Curve,0.005591658585050507,0.37374097913824633,0.8894877960366885,0.22115474998718734,1.247516468784909,203,23
DAX,0.08,M,6,Crisis_next_6M,Neely,4.136986364589035e-08,0.9983320758370863,-0.002090434455852798,-0.0010540718791332785,0.9989464834594904,203,23
DAX,0.08,M,6,Crisis_next_6M,PatroCorr,0.007700006490838351,0.2879860606823783,-1.062550024754771,-1.5058531993885067,0.22182794959829236,203,23
DAX,0.08,M,6,Crisis_next_6M,SahmIndicator,0.11352987251077029,0.22498190129569828,-1.2133869814922398,-28.84865178697699,2.959304936304312e-13,203,23
DAX,0.08,M,6,Crisis_next_6M,VIX,0.02978398711525243,0.06945527625771314,-1.815446788853301,-0.07798591490247232,0.924977454849449,203,23
DAX,0.08,M,6,Crisis_next_6M,M2_Growth,0.0033155492989861424,0.4942894271150078,0.6835024111761793,0.11504505834772703,1.1219239884742558,203,23
DAX,0.08,M,6,Crisis_next_6M,BuffettDeviation,0.06281719656630136,0.005239882728537905,2.7919044468274787,5.012192688027605,150.23379109486405,203,23
DAX,0.08,M,6,Crisis_next_6M,Systemic_Corr,0.024672105491286178,0.071804307719866,1.8003568618627204,5.324086227014946,205.2207495840177,203,23
DAX,0.08,M,6,Crisis_next_6M,Shiller_CAPE,0.04629236833285422,0.013958958174865803,2.4583178144039053,0.11796249986637979,1.1252019153539936,203,23
DAX,0.08,M,6,Crisis_next_6M,YC_10Y3M,0.005591658585050507,0.37374097913824633,0.8894877960366885,0.22115474998718734,1.247516468784909,203,23
DAX,0.08,M,6,Crisis_next_6M,CFNAI,0.11297154365383777,0.00019370196849995052,3.7270917385709645,0.8173133171897684,2.264407911848709,203,23
DAX,0.08,M,6,Crisis_next_6M,CISS,0.05070760960856391,0.03200176727991925,-2.1443885456471983,-4.655395360552075,0.009510152559433644,203,23
DAX,0.08,M,6,Crisis_next_6M,Downside_Beta,0.004827725343995337,0.41272671083834744,-0.819104646998971,-0.8379857579156507,0.4325809692836676,203,23
DAX,0.08,M,6,Crisis_next_6M,NFCI,0.04607803224617635,0.03771989862216319,-2.0778855838422974,-2.8768196503397094,0.05631357520024937,203,23
DAX,0.08,M,6,Crisis_next_6M,EPU,0.06085127373282151,0.017623115455440645,-2.3734429464161133,-0.01028356902681591,0.9897691260831933,203,23
DAX,0.08,M,6,Crisis_next_6M,RSkew,0.00011539404440330525,0.8975551580143672,0.12875039470384678,0.04816332406687514,1.0493420241366889,203,23
DAX,0.08,M,6,Crisis_next_6M,RSV_Ratio,0.001547860044601168,0.638596121147708,0.46966255966262016,0.9552846945392395,2.5994105155661553,203,23
DAX,0.08,M,6,Crisis_next_6M,HillTail,0.008384842356332078,0.2933253164409385,-1.0508547263478094,-3.2782067052920008,0.03769579590163014,203,23
DAX,0.08,M,12,Crisis_next_12M,HY_Spread,0.09467729113861023,0.008841530448168149,-2.6181215511497378,-0.6816593872539263,0.5057770157018646,197,20
DAX,0.08,M,12,Crisis_next_12M,Yield_Curve,0.0003096139905321982,0.8413347181375047,0.2001865086701148,0.0514485217815576,1.0527949888867394,197,20
DAX,0.08,M,12,Crisis_next_12M,Neely,0.05514284445947237,0.04665022209256073,-1.9894620910478442,-2.067338084265504,0.1265221250830892,197,20
DAX,0.08,M,12,Crisis_next_12M,PatroCorr,0.015944454596517055,0.14535503418052678,-1.45613597551137,-2.160249038848803,0.11529640417863635,197,20
DAX,0.08,M,12,Crisis_next_12M,SahmIndicator,0.12222979926943023,0.9729443157984181,-0.03391577248652111,-366.35882374025135,7.80520749734505e-160,197,20
DAX,0.08,M,12,Crisis_next_12M,VIX,0.061365246678379726,0.020054429459553248,-2.325327976213793,-0.12826201080926847,0.8796228782469185,197,20
DAX,0.08,M,12,Crisis_next_12M,M2_Growth,0.003056026839003967,0.5327112821675171,0.6238725602234003,0.11018382318408462,1.116483287109318,197,20
DAX,0.08,M,12,Crisis_next_12M,BuffettDeviation,0.15397275321305548,0.00012907372779505084,3.828219297579684,9.198635228867836,9883.630955719047,197,20
DAX,0.08,M,12,Crisis_next_12M,Systemic_Corr,0.012844093844336602,0.1927938758992005,-1.3023584599621192,-3.59577336749356,0.027439454186260204,197,20
DAX,0.08,M,12,Crisis_next_12M,Shiller_CAPE,0.08088313169512773,0.0025557385021681336,3.0166629044724926,0.16054937979212738,1.1741557512760534,197,20
DAX,0.08,M,12,Crisis_next_12M,YC_10Y3M,0.0003096139905321982,0.8413347181375047,0.2001865086701148,0.0514485217815576,1.0527949888867394,197,20
DAX,0.08,M,12,Crisis_next_12M,CFNAI,0.22021151428482355,2.8041249586693526e-06,4.684669161294531,1.2378040046715326,3.448033279808662,197,20
DAX,0.08,M,12,Crisis_next_12M,CISS,0.05599788663031957,0.03558236686447132,-2.101668019789037,-5.083588058853073,0.006197631606560839,197,20
DAX,0.08,M,12,Crisis_next_12M,Downside_Beta,0.004489898672392467,0.45316121781503804,-0.7501552320822007,-0.8077831896354768,0.4458453260745183,197,20
DAX,0.08,M,12,Crisis_next_12M,NFCI,0.10296196581251982,0.0028035740526888625,-2.988492473640837,-5.241655528541343,0.005291489368800628,197,20
DAX,0.08,M,12,Crisis_next_12M,EPU,0.015689291314489928,0.20186489168218524,-1.2762564156316787,-0.004630079105649996,0.9953806231867544,197,20
DAX,0.08,M,12,Crisis_next_12M,RSkew,0.0009536408713277655,0.7259667432939491,-0.3504956644958791,-0.14070555206908317,0.8687450742310472,197,20
DAX,0.08,M,12,Crisis_next_12M,RSV_Ratio,0.007786823659209574,0.3154851485469987,-1.003779000243148,-2.1208841381173267,0.11992555087395639,197,20
DAX,0.08,M,12,Crisis_next_12M,HillTail,0.022211053303153983,0.11169458457840842,-1.5906223807671078,-6.158492332473623,0.0021154402492455588,197,20
DAX,0.08,M,18,Crisis_next_18M,HY_Spread,0.2865474915009024,0.0033940557640532486,-2.9295936003102843,-2.4513274181726183,0.08617911481717506,191,8
DAX,0.08,M,18,Crisis_next_18M,Yield_Curve,0.0018872142484580579,0.7222934179666538,-0.3553953686800889,-0.1372722117901318,0.8717328978591549,191,8
DAX,0.08,M,18,Crisis_next_18M,Neely,0.016955545827632146,0.3444391871492031,-0.9454304019714928,-1.0227406891098123,0.3596080145933509,191,8
DAX,0.08,M,18,Crisis_next_18M,PatroCorr,0.11673908871393435,0.00996155515970988,-2.5771609601521543,-6.375163374457732,0.0017033414905768549,191,8
DAX,0.08,M,18,Crisis_next_18M,SahmIndicator,0.00021790111828667857,0.902227793961371,0.12284758281144342,0.20583516640629024,1.22855068088068,191,8
DAX,0.08,M,18,Crisis_next_18M,VIX,0.15829008333903594,0.018724775849060214,-2.350965381721501,-0.3399460444134969,0.7118087277839033,191,8
DAX,0.08,M,18,Crisis_next_18M,M2_Growth,0.032312798007178234,0.14717944306839797,1.4495665016099473,0.39765100815320625,1.4883245261362554,191,8
DAX,0.08,M,18,Crisis_next_18M,BuffettDeviation,0.2543427304038327,0.0008806767146368873,3.326108400730786,14.04405071503293,1256763.9920765017,191,8
DAX,0.08,M,18,Crisis_next_18M,Systemic_Corr,0.10829580116552406,0.007761067652567179,-2.6622913187888813,-11.015786716345916,1.644010607106311e-05,191,8
DAX,0.08,M,18,Crisis_next_18M,Shiller_CAPE,0.10622742303302368,0.013525487280631607,2.4696246886064825,0.20114468318249185,1.2228016778636637,191,8
DAX,0.08,M,18,Crisis_next_18M,YC_10Y3M,0.0018872142484580579,0.7222934179666538,-0.3553953686800889,-0.1372722117901318,0.8717328978591549,191,8
DAX,0.08,M,18,Crisis_next_18M,CFNAI,0.07726559539442124,0.03319431536321671,2.129725101638547,0.7231394995171405,2.0608932380370613,191,8
DAX,0.08,M,18,Crisis_next_18M,CISS,0.16917704694437619,0.08397100720950115,-1.7280960408254398,-24.961956339431463,1.4426470907173236e-11,191,8
DAX,0.08,M,18,Crisis_next_18M,Downside_Beta,0.012334081240595207,0.35483011493327354,0.925261086741927,1.3368646230808638,3.8070881166254327,191,8
DAX,0.08,M,18,Crisis_next_18M,NFCI,0.09379461645163345,0.039637653766093295,-2.0575052153647078,-5.579264751940512,0.003775340310224195,191,8
DAX,0.08,M,18,Crisis_next_18M,EPU,0.01363735572507152,0.39097931635106786,-0.8578427208826214,-0.0053431007934594335,0.9946711481803883,191,8
DAX,0.08,M,18,Crisis_next_18M,RSkew,0.14397088703992167,0.0030860655576061755,2.959032497155237,1.793128548719705,6.008220102652916,191,8
DAX,0.08,M,18,Crisis_next_18M,RSV_Ratio,0.14969627653007422,0.0036038286904340874,-2.910905610587195,-10.62380622699587,2.432985825804133e-05,191,8
DAX,0.08,M,18,Crisis_next_18M,HillTail,0.007812437803398353,0.44817308973884273,0.7584642789104384,3.117410439577364,22.587811340543748,191,8
DAX,0.08,M,24,Crisis_next_24M,HY_Spread,0.2236060234844871,0.1204569396697822,-1.5528585146070844,-2.3041805141166143,0.0998405850885158,185,2
DAX,0.08,M,24,Crisis_next_24M,Yield_Curve,0.003943424880471835,0.7688534986043079,0.2938748999375614,0.24176629523124896,1.2734965358222106,185,2
DAX,0.08,M,24,Crisis_next_24M,Neely,0.22884522804594543,0.8792417741474532,0.15193047193408782,10.022460168210925,22526.781476610813,185,2
DAX,0.08,M,24,Crisis_next_24M,PatroCorr,0.21180192707378032,0.16807350321728798,-1.378420482028419,-12.566060622553728,3.4884235713374583e-06,185,2
DAX,0.08,M,24,Crisis_next_24M,SahmIndicator,0.05606270271560354,0.9268112299376144,-0.09185753623726577,-195.58513434223948,1.1440774162948538e-85,185,2
DAX,0.08,M,24,Crisis_next_24M,VIX,0.005351696686767382,0.7483845628548484,-0.32077017503265143,-0.03599982405386305,0.9646404632078711,185,2
DAX,0.08,M,24,Crisis_next_24M,M2_Growth,0.018804794767698918,0.5179663000850215,0.6464834681714048,0.3344728118193332,1.3972036018029206,185,2
DAX,0.08,M,24,Crisis_next_24M,BuffettDeviation,0.048728730709107326,0.3264426767197316,0.9813043531050729,5.656514438004461,286.14951044050514,185,2
DAX,0.08,M,24,Crisis_next_24M,Systemic_Corr,0.11584153267670516,0.15900003599417767,1.408442655502414,18.1801141389488,78618228.00306712,185,2
DAX,0.08,M,24,Crisis_next_24M,Shiller_CAPE,0.07631837443036571,0.2169177063459664,1.2347657265957965,0.18581483687918296,1.2041992664388805,185,2
DAX,0.08,M,24,Crisis_next_24M,YC_10Y3M,0.003943424880471835,0.7688534986043079,0.2938748999375614,0.24176629523124896,1.2734965358222106,185,2
DAX,0.08,M,24,Crisis_next_24M,CFNAI,0.06989423411816476,0.24379204234064022,1.1655608550571874,0.7832031006896037,2.1884709435676615,185,2
DAX,0.08,M,24,Crisis_next_24M,CISS,0.13774911215457053,0.3821719291261235,-0.87390144241131,-27.298862817753182,1.3939734945088158e-12,185,2
DAX,0.08,M,24,Crisis_next_24M,Downside_Beta,0.7009744974754224,0.08875316237063391,-1.7020117674522037,-65.03268024348799,5.710390746792981e-29,185,2
DAX,0.08,M,24,Crisis_next_24M,NFCI,0.01871873291305104,0.6082229783774149,-0.512611684157593,-2.0110608990053302,0.13384660159304104,185,2
DAX,0.08,M,24,Crisis_next_24M,EPU,0.0750920194705158,0.2957300462700839,-1.0456339980024003,-0.02000311209418237,0.9801956228409132,185,2
DAX,0.08,M,24,Crisis_next_24M,RSkew,0.010851895349810015,0.6285259204247915,-0.48380266941599287,-0.5887602276133372,0.5550149505817784,185,2
DAX,0.08,M,24,Crisis_next_24M,RSV_Ratio,0.15564853220100783,0.0968405590778864,1.6603674255043233,13.810981792875053,995481.4743042942,185,2
DAX,0.08,M,24,Crisis_next_24M,HillTail,0.009892749233217146,0.6567553570558369,-0.44439731122797205,-4.966888015066959,0.006964788662006306,185,2
DAX,0.1,D,5,Crisis_next_5D,HY_Spread,0.014113301058814032,0.019728172319253716,2.331477933337976,0.10157914754662772,1.1069175247313783,4367,23
DAX,0.1,D,5,Crisis_next_5D,Yield_Curve,0.004311907693879791,0.26129259164780205,-1.1233412484051235,-0.2542811412822737,0.77547375371123,4367,23
DAX,0.1,D,5,Crisis_next_5D,Neely,0.05384678451432656,0.00013190759243550957,3.8228695135541306,1.6777901579416385,5.353712031308558,4367,23
DAX,0.1,D,5,Crisis_next_5D,PatroCorr,0.01182869914089546,0.08661417147088993,1.7135349379851428,2.833504755343981,17.004954713786706,4367,23
DAX,0.1,D,5,Crisis_next_5D,SahmIndicator,0.009833362594203532,0.0687065271823338,1.8203447065710658,1.3816686849029984,3.9815400229862314,4367,23
DAX,0.1,D,5,Crisis_next_5D,VIX,0.11648408799537602,3.107361949786665e-12,6.972780982682796,0.08795128929850131,1.091934931816222,4367,23
DAX,0.1,D,5,Crisis_next_5D,M2_Growth,0.01096869206450457,0.08237491675289307,1.7370694285464507,0.30310044179743856,1.3540504608744237,4367,23
DAX,0.1,D,5,Crisis_next_5D,BuffettDeviation,0.0180285211851261,0.019257271642676238,-2.3405129289264996,-2.9471712230669858,0.052487972909510704,4367,23
DAX,0.1,D,5,Crisis_next_5D,Systemic_Corr,0.011647708054110084,0.07855486347598206,1.7591333386397228,4.796382542074384,121.0716527807991,4367,23
DAX,0.1,D,5,Crisis_next_5D,Shiller_CAPE,0.018864081878106953,0.019490967120148462,-2.336005265267952,-0.0929959327108931,0.9111972063910755,4367,23
DAX,0.1,D,5,Crisis_next_5D,YC_10Y3M,0.004311907693879791,0.26129259164780205,-1.1233412484051235,-0.2542811412822737,0.77547375371123,4367,23
DAX,0.1,D,5,Crisis_next_5D,CFNAI,0.060781734205736404,5.094057552787238e-07,-5.022735880100568,-0.4142940232560122,0.6608066301828528,4367,23
DAX,0.1,D,5,Crisis_next_5D,CISS,0.022683267386318096,0.005862971673571552,2.7553481257387236,2.3178981388272164,10.154308912753542,4367,23
DAX,0.1,D,5,Crisis_next_5D,Downside_Beta,0.04159555516737834,0.001062445221301158,-3.2734464444332403,-3.6418149962290953,0.02620473927462104,4367,23
DAX,0.1,D,5,Crisis_next_5D,NFCI,0.03684668427405746,5.3365041999850505e-05,4.0403783424641135,0.9059343282009631,2.474242598060359,4367,23
DAX,0.1,D,5,Crisis_next_5D,EPU,0.05067011738237526,5.507659017657431e-06,4.544458754032123,0.0047813213107901235,1.0047927700669834,4367,23
DAX,0.1,D,5,Crisis_next_5D,RSkew,0.08865547765152926,5.6912395186940475e-09,-5.825586431254389,-1.4999642937433375,0.22313812743343736,4367,23
DAX,0.1,D,5,Crisis_next_5D,RSV_Ratio,0.11734680201184977,6.879005511455012e-10,6.168846296729283,10.307030812392977,29942.39991949636,4367,23
DAX,0.1,D,5,Crisis_next_5D,HillTail,0.003957523868702406,0.2672206421076325,1.1094858574902007,2.60799500369385,13.571812121008197,4367,23
DAX,0.1,D,10,Crisis_next_10D,HY_Spread,0.06180015836846742,1.1189765148367204e-14,7.724949550615587,0.16457275157760337,1.1788893324906333,4362,66
DAX,0.1,D,10,Crisis_next_10D,Yield_Curve,0.0002252897166679091,0.6913111862543728,-0.3970763135018517,-0.05449872366156831,0.9469597174981343,4362,66
DAX,0.1,D,10,Crisis_next_10D,Neely,0.03940803476971377,1.6569161683665913e-07,5.234210415103883,1.3111193908420462,3.7103246919736015,4362,66
DAX,0.1,D,10,Crisis_next_10D,PatroCorr,0.0025002216077169015,0.20068343140594957,1.279606873105861,1.1029586506648736,3.0130674633821126,4362,66
DAX,0.1,D,10,Crisis_next_10D,SahmIndicator,0.003552436921871127,0.10056440524643151,1.6421235346504497,0.8209521091310961,2.2726626306040054,4362,66
DAX,0.1,D,10,Crisis_next_10D,VIX,0.08824379943015326,1.4619574467180612e-18,8.792555642737897,0.08006423792607888,1.08335665802468,4362,66
DAX,0.1,D,10,Crisis_next_10D,M2_Growth,0.05857537668700186,1.190173269284433e-10,6.440580605414709,0.6523963928977561,1.9201367220352021,4362,66
DAX,0.1,D,10,Crisis_next_10D,BuffettDeviation,0.020879345058867127,0.00010721441574883874,-3.8736566972757025,-2.914446103504557,0.05423406277227128,4362,66
DAX,0.1,D,10,Crisis_next_10D,Systemic_Corr,0.0076067767007782505,0.026661860097583274,2.2164330239146826,3.467565468497712,32.05859969198278,4362,66
DAX,0.1,D,10,Crisis_next_10D,Shiller_CAPE,0.03105284706354483,3.966844741246834e-06,-4.613111964702651,-0.1095745492399333,0.8962153496985121,4362,66
DAX,0.1,D,10,Crisis_next_10D,YC_10Y3M,0.0002252897166679091,0.6913111862543728,-0.3970763135018517,-0.05449872366156831,0.9469597174981343,4362,66
DAX,0.1,D,10,Crisis_next_10D,CFNAI,0.059847254630806646,9.502405860441207e-14,-7.44764087769518,-0.3970465736502966,0.6723027133120352,4362,66
DAX,0.1,D,10,Crisis_next_10D,CISS,0.04770747215671867,7.459629456559811e-10,6.156018964870044,2.974444043672891,19.578735301496963,4362,66
DAX,0.1,D,10,Crisis_next_10D,Downside_Beta,0.05969512883965966,2.3268190801337084e-09,-5.973173710575294,-4.033626097011315,0.017709995221419014,4362,66
DAX,0.1,D,10,Crisis_next_10D,NFCI,0.09104167516509387,6.528486778355064e-22,9.620857113201652,1.181591359027521,3.2595572035700364,4362,66
DAX,0.1,D,10,Crisis_next_10D,EPU,0.013966891271395943,0.0005640708733045352,3.4483269105582286,0.002802926290472584,1.0028068581610905,4362,66
DAX,0.1,D,10,Crisis_next_10D,RSkew,0.007442541497183042,0.022530870671057107,-2.2812971261663715,-0.4753816284356848,0.621647772723737,4362,66
DAX,0.1,D,10,Crisis_next_10D,RSV_Ratio,0.035337099090290036,6.426877787337905e-07,4.97792732231732,5.517479696466019,249.0066732897482,4362,66
DAX,0.1,D,10,Crisis_next_10D,HillTail,0.0052198833432538505,0.06591160974370168,-1.839024315412862,-3.2005780617892485,0.04073864771494461,4362,66
DAX,0.1,D,15,Crisis_next_15D,HY_Spread,0.025009846853989548,4.7754543334315265e-08,5.459474679274829,0.11704868871869857,1.1241741629576683,4357,92
DAX,0.1,D,15,Crisis_next_15D,Yield_Curve,6.311644022982676e-05,0.812596173861228,0.23707813597173036,0.027835969490105944,1.0282270099871915,4357,92
DAX,0.1,D,15,Crisis_next_15D,Neely,0.013339150105339814,0.00038825699434298216,3.5479397704674156,0.7587956746054294,2.1357025901990956,4357,92
DAX,0.1,D,15,Crisis_next_15D,PatroCorr,0.0014572252548671338,0.2613672825046812,1.123165333916454,0.808565110118431,2.2446847992642143,4357,92
DAX,0.1,D,15,Crisis_next_15D,SahmIndicator,0.0027862212058339386,0.09832512185760697,1.6530282128169997,0.7174222688798023,2.0491442539052587,4357,92
DAX,0.1,D,15,Crisis_next_15D,VIX,0.03962612550369404,1.3426219633212447e-11,6.763968597950853,0.05868368843677986,1.0604397583268157,4357,92
DAX,0.1,D,15,Crisis_next_15D,M2_Growth,0.017140108776290686,0.00013734083003858505,3.8129087487267963,0.33855118022780273,1.402913548551428,4357,92
DAX,0.1,D,15,Crisis_next_15D,BuffettDeviation,0.001136554893347852,0.321664124803699,-0.9910439403476315,-0.6730536195842405,0.5101483977624646,4357,92
DAX,0.1,D,15,Crisis_next_15D,Systemic_Corr,0.003983580929057373,0.06433776101045235,1.8498320425987278,2.396092668425767,10.980189212771604,4357,92
DAX,0.1,D,15,Crisis_next_15D,Shiller_CAPE,0.01245877060912104,0.0008049408706461004,-3.3510901718166237,-0.06762953012540578,0.9346066530582732,4357,92
DAX,0.1,D,15,Crisis_next_15D,YC_10Y3M,6.311644022982676e-05,0.812596173861228,0.23707813597173036,0.027835969490105944,1.0282270099871915,4357,92
DAX,0.1,D,15,Crisis_next_15D,CFNAI,0.025375931605065682,8.626338169759254e-08,-5.353511852962649,-0.2826200940345475,0.7538061089063047,4357,92
DAX,0.1,D,15,Crisis_next_15D,CISS,0.022402295824786145,1.7248007734081485e-06,4.783253847598278,2.097038340112373,8.142020273862412,4357,92
DAX,0.1,D,15,Crisis_next_15D,Downside_Beta,0.06128223201001226,4.722314841370622e-12,-6.913682494699485,-3.9583238423692007,0.019095093870018277,4357,92
DAX,0.1,D,15,Crisis_next_15D,NFCI,0.03795436350480674,2.799533080382681e-12,6.9874369530039235,0.8732906137617682,2.3947781923145914,4357,92
DAX,0.1,D,15,Crisis_next_15D,EPU,0.011171001396067193,0.0005130058559938793,3.4738719163015506,0.0025099499672018716,1.0025131025286595,4357,92
DAX,0.1,D,15,Crisis_next_15D,RSkew,0.0033520344791266865,0.08326154796690173,-1.7320674828726943,-0.31093119717012874,0.7327642903917893,4357,92
DAX,0.1,D,15,Crisis_next_15D,RSV_Ratio,0.01554279887666743,0.00018413728994095895,3.7398401860726542,3.582370295368177,35.95867258860102,4357,92
DAX,0.1,D,15,Crisis_next_15D,HillTail,0.008168144587561765,0.009865116984114913,-2.580521651768179,-3.913568837688386,0.01996910723846067,4357,92
DAX,0.1,W,4,Crisis_next_4W,HY_Spread,0.03565953830055213,0.04710377477931975,1.9853659199168043,0.12382500867961221,1.1318177953784718,214,11
DAX,0.1,W,4,Crisis_next_4W,Yield_Curve,0.0007062684824229448,0.8049865459417247,0.24689879884156954,0.08723088900231848,1.091148584844233,214,11
DAX,0.1,W,4,Crisis_next_4W,Neely,0.05245574947615872,0.030923432793988133,2.158056583227667,1.3545407808341345,3.8749810824078716,214,11
DAX,0.1,W,4,Crisis_next_4W,PatroCorr,0.0012842432642333756,0.7371242127145551,-0.33566405749455774,-0.6476080487841647,0.5232959794072521,214,11
DAX,0.1,W,4,Crisis_next_4W,SahmIndicator,0.008516406736429394,0.36599495063879395,0.9040008500657251,1.101532011531792,3.008771968217537,214,11
DAX,0.1,W,4,Crisis_next_4W,VIX,0.10480327966118075,0.0015177599203511315,3.171266193686805,0.09615465401118385,1.1009293139631535,214,11
DAX,0.1,W,4,Crisis_next_4W,M2_Growth,0.10212362253791285,0.005638998662530996,2.7680662782379444,0.842143969802432,2.3213385251510954,214,11
DAX,0.1,W,4,Crisis_next_4W,BuffettDeviation,0.000841823083330806,0.7880258170715801,-0.2688750764040774,-0.5296937603919224,0.5887852514368807,214,11
DAX,0.1,W,4,Crisis_next_4W,Systemic_Corr,0.013554656723386849,0.26527796026598394,-1.1140028586884958,-3.340872390832926,0.03540605632554268,214,11
DAX,0.1,W,4,Crisis_next_4W,Shiller_CAPE,0.007360751155093492,0.42128325620242413,-0.8041969219228604,-0.04824721020884953,0.9528981917969188,214,11
DAX,0.1,W,4,Crisis_next_4W,YC_10Y3M,0.0007062684824229448,0.8049865459417247,0.24689879884156954,0.08723088900231848,1.091148584844233,214,11
DAX,0.1,W,4,Crisis_next_4W,CFNAI,0.06342522003919016,0.011441076619260613,-2.5289302358831574,-0.40402142748905595,0.6676298154850963,214,11
DAX,0.1,W,4,Crisis_next_4W,CISS,0.02460405372895258,0.12046884034271968,1.5528087137389128,2.066290154373945,7.895477714583065,214,11
DAX,0.1,W,4,Crisis_next_4W,Downside_Beta,0.005529797077149956,0.49606755102011646,-0.6806901804256398,-0.9988051165323693,0.3683192769577029,214,11
DAX,0.1,W,4,Crisis_next_4W,NFCI,0.07879261114784653,0.0037131076411863946,2.9015590728720073,1.123308238890347,3.075010263235115,214,11
DAX,0.1,W,4,Crisis_next_4W,EPU,0.043563864624418525,0.03374894390874705,2.1230585730173464,0.003594244034018358,1.0036007110748262,214,11
DAX,0.1,W,4,Crisis_next_4W,RSkew,0.0010666504449500236,0.7596656489081633,0.30591988025870587,0.1571484249361055,1.1701692833132675,214,11
DAX,0.1,W,4,Crisis_next_4W,RSV_Ratio,0.006122825249546215,0.46964523243570855,0.7230564031470946,2.105588572681473,8.211934908043515,214,11
DAX,0.1,W,4,Crisis_next_4W,HillTail,0.03237378039498218,0.08615215234544105,1.716054038543081,6.226176664987791,505.81787061001336,214,11
DAX,0.1,W,8,Crisis_next_8W,HY_Spread,0.0075201082132447805,0.3521664818397906,0.9303952407089551,0.06524171200234434,1.067417000705527,210,13
DAX,0.1,W,8,Crisis_next_8W,Yield_Curve,0.00015666379619838633,0.9015469186809669,-0.12370744248278788,-0.039608043727498335,0.9611661004121018,210,13
DAX,0.1,W,8,Crisis_next_8W,Neely,0.0022120289829240525,0.6364768683951795,0.4726304301836196,0.29450886395491566,1.34246686288276,210,13
DAX,0.1,W,8,Crisis_next_8W,PatroCorr,1.4758234517353586e-05,0.9695947065970472,0.038116611845752504,0.0709320194302146,1.0735082456855574,210,13
DAX,0.1,W,8,Crisis_next_8W,SahmIndicator,0.0022085118807312343,0.6322380601417306,0.47857914147951985,0.5847728091194221,1.79458322637859,210,13
DAX,0.1,W,8,Crisis_next_8W,VIX,0.0025303584541053192,0.6089463240791424,0.5115780881932115,0.01775120329882461,1.0179096923094375,210,13
DAX,0.1,W,8,Crisis_next_8W,M2_Growth,0.010721558581320068,0.3201359964307061,0.9941784525143252,0.23884949282174317,1.2697874100811646,210,13
DAX,0.1,W,8,Crisis_next_8W,BuffettDeviation,0.0017274287177598824,0.6835794731029825,0.40758350942742,0.7776207863433642,2.1762882462826254,210,13
DAX,0.1,W,8,Crisis_next_8W,Systemic_Corr,0.002853383553000688,0.602524550213485,0.5207735221391148,1.7821177469887688,5.942427660822292,210,13
DAX,0.1,W,8,Crisis_next_8W,Shiller_CAPE,5.8781547045416715e-06,0.9808987528097802,-0.02394215032661668,-0.001353790137936657,0.9986471258225461,210,13
DAX,0.1,W,8,Crisis_next_8W,YC_10Y3M,0.00015666379619838633,0.9015469186809669,-0.12370744248278788,-0.039608043727498335,0.9611661004121018,210,13
DAX,0.1,W,8,Crisis_next_8W,CFNAI,0.0032672079348338157,0.5578199803469341,-0.5860826419924772,-0.10851803410415474,0.8971627151452298,210,13
DAX,0.1,W,8,Crisis_next_8W,CISS,0.005397024261965422,0.4513292169112991,0.7532008695441427,1.0210203454706643,2.7760258247653926,210,13
DAX,0.1,W,8,Crisis_next_8W,Downside_Beta,0.02923837614251168,0.10489935348120476,-1.6215517846760958,-2.341775636608433,0.09615674711480762,210,13
DAX,0.1,W,8,Crisis_next_8W,NFCI,0.010518217163300925,0.25940279221719,1.12780379050639,0.5080229687859664,1.6620021146515493,210,13
DAX,0.1,W,8,Crisis_next_8W,EPU,0.0022318877113095548,0.6575714989851971,-0.44326855287608374,-0.0011796250253971901,0.998821070458706,210,13
DAX,0.1,W,8,Crisis_next_8W,RSkew,0.0023882391052755247,0.6333101074359675,-0.47707304605094997,-0.24055182656973126,0.7861938986593315,210,13
DAX,0.1,W,8,Crisis_next_8W,RSV_Ratio,0.0003743720284331564,0.848309721448532,0.19127554266174768,0.5055710942409959,1.6579320856122262,210,13
DAX,0.1,W,8,Crisis_next_8W,HillTail,0.006616694277248203,0.43374720455278115,-0.7827955101945375,-3.1533891713106605,0.04270713950035628,210,13
DAX,0.1,W,12,Crisis_next_12W,HY_Spread,0.005765218300586072,0.4462028845586604,0.7617606253098602,0.05860258282608905,1.0603537542003716,206,11
DAX,0.1,W,12,Crisis_next_12W,Yield_Curve,0.00478289659970188,0.5241742376298133,0.6369241709620472,0.2236025638798506,1.250573897410036,206,11
DAX,0.1,W,12,Crisis_next_12W,Neely,0.024626662501178953,0.13574944888344598,1.4918081419467213,0.9367944221477097,2.551788337387627,206,11
DAX,0.1,W,12,Crisis_next_12W,PatroCorr,0.030076186029382,0.10775278775328868,-1.6083763059242804,-3.1331567160888456,0.0435800101705629,206,11
DAX,0.1,W,12,Crisis_next_12W,SahmIndicator,0.01602112614618134,0.3203093766571652,-0.9938223221836291,-2.311958089862308,0.09906707927467799,206,11
DAX,0.1,W,12,Crisis_next_12W,VIX,0.0020453532908093486,0.6855891277165074,-0.40484815740484853,-0.018283932618561136,0.9818822043905853,206,11
DAX,0.1,W,12,Crisis_next_12W,M2_Growth,0.04250506261964648,0.0678291818806741,1.8261399632706328,0.5037593332823498,1.654931028407475,206,11
DAX,0.1,W,12,Crisis_next_12W,BuffettDeviation,0.005396708907500991,0.5022290452765152,0.6709866325210708,1.4350697177680642,4.199937808871164,206,11
DAX,0.1,W,12,Crisis_next_12W,Systemic_Corr,0.022278134793977777,0.185669897773019,1.3234977688654108,5.541454465864804,255.04868942788855,206,11
DAX,0.1,W,12,Crisis_next_12W,Shiller_CAPE,0.0017234703066714152,0.6995517482997936,-0.3859256300100221,-0.0232718364253934,0.9769968643371717,206,11
DAX,0.1,W,12,Crisis_next_12W,YC_10Y3M,0.00478289659970188,0.5241742376298133,0.6369241709620472,0.2236025638798506,1.250573897410036,206,11
DAX,0.1,W,12,Crisis_next_12W,CFNAI,0.003069336319969307,0.5936847562112076,-0.5335039807003734,-0.1057998280182857,0.8996047057107777,206,11
DAX,0.1,W,12,Crisis_next_12W,CISS,0.000218765795563014,0.8898406193076359,0.13850588446872142,0.22168351759274332,1.2481762895115394,206,11
DAX,0.1,W,12,Crisis_next_12W,Downside_Beta,0.08818064271578197,0.011572065058441801,-2.524932084501575,-4.430420841355497,0.011909476617730121,206,11
DAX,0.1,W,12,Crisis_next_12W,NFCI,0.011871102064431649,0.25706891955229194,1.133346147456808,0.5322348269399615,1.7027333740907618,206,11
DAX,0.1,W,12,Crisis_next_12W,EPU,0.02169609106550685,0.2614819521225785,-1.1228953276900053,-0.0049943228559816925,0.9950181280378614,206,11
DAX,0.1,W,12,Crisis_next_12W,RSkew,0.010560723031458052,0.33020888664215664,0.9736932161219074,0.4742316308609241,1.6067791235583488,206,11
DAX,0.1,W,12,Crisis_next_12W,RSV_Ratio,0.004607513566779575,0.5319379986584476,0.6250503715592817,1.795246622849467,6.02095944489123,206,11
DAX,0.1,W,12,Crisis_next_12W,HillTail,0.07152340461260831,0.024354733952353592,-2.2514866111860363,-12.295004177914086,4.574541065071627e-06,206,11
DAX,0.1,W,16,Crisis_next_16W,HY_Spread,0.04066959246881452,0.10374222564463233,-1.6269758562996472,-0.36022659386196193,0.6975182548075726,204,15
DAX,0.1,W,16,Crisis_next_16W,Yield_Curve,0.0055439230143012885,0.44390617841229396,0.7656137200172866,0.23181730145452012,1.2608893451342202,204,15
DAX,0.1,W,16,Crisis_next_16W,Neely,3.6802939250568656e-05,0.9493687143498915,0.06349955404454315,0.03854062235491304,1.0392929460273999,204,15
DAX,0.1,W,16,Crisis_next_16W,PatroCorr,0.02107444541128689,0.12956756804631114,-1.5158093463769933,-2.55791491089272,0.07746609587730907,204,15
DAX,0.1,W,16,Crisis_next_16W,SahmIndicator,0.024705852088680258,0.19183536456861294,-1.305168832497879,-3.0466118432987033,0.04751965598633741,204,15
DAX,0.1,W,16,Crisis_next_16W,VIX,0.051612296704026006,0.05276216114571699,-1.9368624373789716,-0.1224987108935139,0.884707045424339,204,15
DAX,0.1,W,16,Crisis_next_16W,M2_Growth,0.0007411045578565867,0.7794553872980386,0.28002882861945855,0.05838169536301552,1.060119561215745,204,15
DAX,0.1,W,16,Crisis_next_16W,BuffettDeviation,0.054386379194267254,0.023136944546857816,2.271165773061562,4.788048104287818,120.06678195642496,204,15
DAX,0.1,W,16,Crisis_next_16W,Systemic_Corr,0.010703831476891912,0.2967838626215,1.0433550955253312,3.650098791598657,38.47846721055723,204,15
DAX,0.1,W,16,Crisis_next_16W,Shiller_CAPE,0.011530500704476365,0.2740251255012629,1.0938400727450797,0.06004363291020604,1.0618828785748418,204,15
DAX,0.1,W,16,Crisis_next_16W,YC_10Y3M,0.0055439230143012885,0.44390617841229396,0.7656137200172866,0.23181730145452012,1.2608893451342202,204,15
DAX,0.1,W,16,Crisis_next_16W,CFNAI,0.01632549407515449,0.20849958320709983,1.257701904600521,0.29200874983975067,1.3391147346273684,204,15
DAX,0.1,W,16,Crisis_next_16W,CISS,0.030518766660839414,0.1315465503694146,-1.5080311671609867,-3.5148570382703554,0.02975205605546911,204,15
DAX,0.1,W,16,Crisis_next_16W,Downside_Beta,0.05658254432798426,0.021084545434365685,-2.306467117694664,-3.3017264708314698,0.03681954462578594,204,15
DAX,0.1,W,16,Crisis_next_16W,NFCI,0.054900929331318626,0.04523691997897053,-2.0024447470660527,-3.5996429666590757,0.027333479668927477,204,15
DAX,0.1,W,16,Crisis_next_16W,EPU,0.037392724287581225,0.1170520532212495,-1.5672680367957195,-0.007233749093374983,0.9927923514966385,204,15
DAX,0.1,W,16,Crisis_next_16W,RSkew,0.0009676824993171129,0.7489935422134373,-0.31996674209043235,-0.1469756347516944,0.8633150120446959,204,15
DAX,0.1,W,16,Crisis_next_16W,RSV_Ratio,0.0029963175878224835,0.5726408128420388,0.564166516735004,1.3894600640928365,4.012682876409591,204,15
DAX,0.1,W,16,Crisis_next_16W,HillTail,0.04015663236231615,0.05333828776731143,-1.9321719363844483,-8.487549177873916,0.00020601755427586077,204,15
DAX,0.1,M,6,Crisis_next_6M,HY_Spread,0.022484188363844027,0.20402654999377234,-1.2701630682716833,-0.21946394813671063,0.8029491049825869,203,16
DAX,0.1,M,6,Crisis_next_6M,Yield_Curve,0.01805557830945248,0.16067117919732743,1.4028177948423797,0.41794217505207426,1.5188328454327165,203,16
DAX,0.1,M,6,Crisis_next_6M,Neely,9.959815041959974e-05,0.9163021536570897,-0.10509282366506206,-0.06314108286354986,0.9388110141992555,203,16
DAX,0.1,M,6,Crisis_next_6M,PatroCorr,0.0024344527371730207,0.5988026601291768,-0.5261231281712103,-0.8860146569874097,0.41229562233805667,203,16
DAX,0.1,M,6,Crisis_next_6M,SahmIndicator,0.12037835574678668,0.9726414767541152,-0.03429554575550828,-356.31455415502086,1.7970299225540014e-155,203,16
DAX,0.1,M,6,Crisis_next_6M,VIX,0.01583357978709321,0.22745019738374228,-1.2069531232306516,-0.05573740549911725,0.945787461870942,203,16
DAX,0.1,M,6,Crisis_next_6M,M2_Growth,0.0012060990957187823,0.711918550186253,-0.36928064566423713,-0.070229262415787,0.932180081548354,203,16
DAX,0.1,M,6,Crisis_next_6M,BuffettDeviation,0.03019260060745066,0.0785815087724463,1.7589764492469266,3.470289183718692,32.14603721132278,203,16
DAX,0.1,M,6,Crisis_next_6M,Systemic_Corr,0.01356182282161622,0.2323720482068331,1.1942708198073462,4.029870043175891,56.25360023284908,203,16
DAX,0.1,M,6,Crisis_next_6M,Shiller_CAPE,0.02511925946410376,0.10304903412712654,1.6302482779937468,0.08835646795286944,1.0923774501859977,203,16
DAX,0.1,M,6,Crisis_next_6M,YC_10Y3M,0.01805557830945248,0.16067117919732743,1.4028177948423797,0.41794217505207426,1.5188328454327165,203,16
DAX,0.1,M,6,Crisis_next_6M,CFNAI,0.12870369284121463,0.00042060620155826424,3.5268051334139585,0.9087031207999144,2.481102755447761,203,16
DAX,0.1,M,6,Crisis_next_6M,CISS,0.02314975643611228,0.1633410060664493,-1.3939225097509056,-2.8531401301115653,0.057662967067370834,203,16
DAX,0.1,M,6,Crisis_next_6M,Downside_Beta,0.0024747540268253987,0.6028459903748162,-0.5203122052515421,-0.6195660464407682,0.5381779311570547,203,16
DAX,0.1,M,6,Crisis_next_6M,NFCI,0.03961851198391064,0.08755286594180448,-1.7084500565677305,-2.7627156735069516,0.06312012175465663,203,16
DAX,0.1,M,6,Crisis_next_6M,EPU,0.03719383096610629,0.08992374975076778,-1.695800067298569,-0.007672960414255086,0.992356401600651,203,16
DAX,0.1,M,6,Crisis_next_6M,RSkew,0.00016891000263952183,0.8907238385949365,0.13738835061457064,0.06037494704678333,1.0622347536712813,203,16
DAX,0.1,M,6,Crisis_next_6M,RSV_Ratio,0.002359834938863159,0.6088337548541847,0.5117389035616436,1.228767965691662,3.4170170596150045,203,16
DAX,0.1,M,6,Crisis_next_6M,HillTail,0.004307954327392838,0.5013104199061568,-0.6724293238032445,-2.397840851922031,0.09091403839610747,203,16
DAX,0.1,M,12,Crisis_next_12M,HY_Spread,0.15909096584357074,0.002795263115386693,-2.9893995826730713,-1.174897978769171,0.3088504873876308,197,16
DAX,0.1,M,12,Crisis_next_12M,Yield_Curve,0.0005097009666640284,0.8117818832439021,-0.2381279164164558,-0.06712542050026167,0.9350779160419265,197,16
DAX,0.1,M,12,Crisis_next_12M,Neely,0.043681365642339265,0.08530129456083207,-1.7207219322044538,-1.7994587397126935,0.16538838216289012,197,16
DAX,0.1,M,12,Crisis_next_12M,PatroCorr,0.00780138016083709,0.3448019803971176,-0.9447197321732642,-1.5592384282371547,0.21029616585299193,197,16
DAX,0.1,M,12,Crisis_next_12M,SahmIndicator,0.11244714085153362,0.9242430933193456,-0.09509031173730989,-280.8422793029481,1.075840312561059e-122,197,16
DAX,0.1,M,12,Crisis_next_12M,VIX,0.07820790295616487,0.018519342621573863,-2.355067473779195,-0.1614236333298653,0.8509315117902444,197,16
DAX,0.1,M,12,Crisis_next_12M,M2_Growth,0.010982493016715833,0.27709160605461824,1.0868760185139883,0.21723347690781614,1.2426341946608097,197,16
DAX,0.1,M,12,Crisis_next_12M,BuffettDeviation,0.19525155385185222,0.00011329464862167603,3.8601991568031684,11.116604301909762,67279.05857523665,197,16
DAX,0.1,M,12,Crisis_next_12M,Systemic_Corr,0.017228579758552742,0.16160629206326116,-1.3996895913638303,-4.23520795528838,0.014476799357725233,197,16
DAX,0.1,M,12,Crisis_next_12M,Shiller_CAPE,0.1526023711537694,0.0002598543808515782,3.652347041091214,0.2403651261385089,1.271713401364682,197,16
DAX,0.1,M,12,Crisis_next_12M,YC_10Y3M,0.0005097009666640284,0.8117818832439021,-0.2381279164164558,-0.06712542050026167,0.9350779160419265,197,16
DAX,0.1,M,12,Crisis_next_12M,CFNAI,0.2442976014790914,6.906725594630294e-06,4.496542879257129,1.3485594986115454,3.8518729041074633,197,16
DAX,0.1,M,12,Crisis_next_12M,CISS,0.11394755273464663,0.02240538100649988,-2.2834244058383204,-10.974880991022955,1.7126544449971e-05,197,16
DAX,0.1,M,12,Crisis_next_12M,Downside_Beta,0.00011519336765641874,0.9102714203807266,-0.11269619197546138,-0.1290852731710251,0.8788990158439374,197,16
DAX,0.1,M,12,Crisis_next_12M,NFCI,0.12500635239438285,0.0023653128672503697,-3.0400596632792936,-6.29537863125348,0.0018448106578019658,197,16
DAX,0.1,M,12,Crisis_next_12M,EPU,0.016834862853628674,0.22470233839730647,-1.2141188616089893,-0.005022325396748982,0.994990265392281,197,16
DAX,0.1,M,12,Crisis_next_12M,RSkew,0.003345379791059755,0.5452461692784373,-0.6048989072514976,-0.27145633800096086,0.7622685649108153,197,16
DAX,0.1,M,12,Crisis_next_12M,RSV_Ratio,0.005879341218358203,0.4183861386895914,-0.8092243020943336,-1.8866606152623806,0.15157713900541192,197,16
DAX,0.1,M,12,Crisis_next_12M,HillTail,0.01614157515193526,0.2060538715858491,-1.2644909371003439,-5.2966291954422875,0.005008447984343941,197,16
DAX,0.1,M,18,Crisis_next_18M,HY_Spread,0.24700871076151232,0.01973659669333492,-2.331318020517969,-2.29034224799082,0.10123180954095692,191,5
DAX,0.1,M,18,Crisis_next_18M,Yield_Curve,0.0021303191055160875,0.7522597796876632,-0.3156610685147615,-0.15259792499993702,0.8584748236931155,191,5
DAX,0.1,M,18,Crisis_next_18M,Neely,0.003544900919825178,0.6972119078382646,-0.389086840421558,-0.43961390570387177,0.6442851278808689,191,5
DAX,0.1,M,18,Crisis_next_18M,PatroCorr,0.05655698716285107,0.11163558334042227,-1.5908844471880839,-4.50990492804838,0.010999505870587942,191,5
DAX,0.1,M,18,Crisis_next_18M,SahmIndicator,0.010747957808012631,0.44341731154105735,0.766435340312297,1.2811704859016146,3.6008520063879885,191,5
DAX,0.1,M,18,Crisis_next_18M,VIX,0.08838487973227516,0.12174482597534292,-1.5474912782828318,-0.22001074806579463,0.8025101724839903,191,5
DAX,0.1,M,18,Crisis_next_18M,M2_Growth,0.022084684675921396,0.31415528268451764,1.006541242788279,0.3416657592859858,1.4072898453336167,191,5
DAX,0.1,M,18,Crisis_next_18M,BuffettDeviation,0.11864365841966562,0.03248442838565765,2.1383983241021567,8.796459038010116,6610.7939428139425,191,5
DAX,0.1,M,18,Crisis_next_18M,Systemic_Corr,0.1294234081585104,0.015825675142498604,-2.412911190995132,-12.47280102421004,3.829405364216806e-06,191,5
DAX,0.1,M,18,Crisis_next_18M,Shiller_CAPE,0.1539336931493066,0.015785888314916167,2.4138285548184397,0.2623531203754172,1.2999855127610276,191,5
DAX,0.1,M,18,Crisis_next_18M,YC_10Y3M,0.0021303191055160875,0.7522597796876632,-0.3156610685147615,-0.15259792499993702,0.8584748236931155,191,5
DAX,0.1,M,18,Crisis_next_18M,CFNAI,0.0792108176655636,0.07136737762061136,1.8031326943609736,0.7693526270608725,2.1583685320298085,191,5
DAX,0.1,M,18,Crisis_next_18M,CISS,0.22442830209728448,0.1769727817088157,-1.3501346932212792,-64.02069554771312,1.5709602492490423e-28,191,5
DAX,0.1,M,18,Crisis_next_18M,Downside_Beta,0.09446225574346145,0.032584839354697887,2.137161732328922,3.6332542256849716,37.83574253953499,191,5
DAX,0.1,M,18,Crisis_next_18M,NFCI,0.10004165871727566,0.0759824914107346,-1.7744878418272942,-6.270155854762818,0.001891933693353497,191,5
DAX,0.1,M,18,Crisis_next_18M,EPU,0.0007014019274895755,0.8607526983049966,-0.17541609038943506,-0.0010644681667422297,0.9989360981785268,191,5
DAX,0.1,M,18,Crisis_next_18M,RSkew,0.21275967331490708,0.0036168735459177442,2.9097764528635124,2.263358804336546,9.615331004916584,191,5
DAX,0.1,M,18,Crisis_next_18M,RSV_Ratio,0.13380242230595318,0.018848549195355453,-2.3485128424417483,-10.318781411700892,3.3007313108504684e-05,191,5
DAX,0.1,M,18,Crisis_next_18M,HillTail,0.08018406817207313,0.03393143260851343,2.1208855780588483,8.592061155431164,5388.709203921042,191,5
DAX,0.1,M,24,Crisis_next_24M,HY_Spread,0.17438192215425052,0.29425234334491035,-1.048838741716933,-2.006244624233923,0.13449279848530182,185,1
DAX,0.1,M,24,Crisis_next_24M,Yield_Curve,0.004494628207142748,0.8139162543745507,0.23537684746327642,0.2733490474523001,1.3143589384060277,185,1
DAX,0.1,M,24,Crisis_next_24M,Neely,0.20186137300423312,0.761188103577258,0.3039209669601225,7.280417629316761,1451.5941268061229,185,1
DAX,0.1,M,24,Crisis_next_24M,PatroCorr,0.1995603359952236,0.3463486001901488,-0.9416954207656048,-13.609736435915854,1.2284756870822517e-06,185,1
DAX,0.1,M,24,Crisis_next_24M,SahmIndicator,0.049634376333689945,0.9542599726903946,-0.05735805818069671,-205.8792996703891,3.8704032441760502e-90,185,1
DAX,0.1,M,24,Crisis_next_24M,VIX,8.702143169658783e-05,0.9735394916165192,0.03316941045229582,0.0041682053420143365,1.0041769043921773,185,1
DAX,0.1,M,24,Crisis_next_24M,M2_Growth,0.016594542053784633,0.6480105921951141,0.4565276503829959,0.33179500715566296,1.3934671684339834,185,1
DAX,0.1,M,24,Crisis_next_24M,BuffettDeviation,0.029012732701015342,0.5655077631041384,0.5746799600425607,4.520257445616524,91.85924369390946,185,1
DAX,0.1,M,24,Crisis_next_24M,Systemic_Corr,0.06600551349676032,0.41013553329597097,0.8236551442902722,13.714899226949559,904284.4319050475,185,1
DAX,0.1,M,24,Crisis_next_24M,Shiller_CAPE,0.08032793701200336,0.345072706083169,0.9441897227428321,0.2031042023135762,1.2252001302842133,185,1
DAX,0.1,M,24,Crisis_next_24M,YC_10Y3M,0.004494628207142748,0.8139162543745507,0.23537684746327642,0.2733490474523001,1.3143589384060277,185,1
DAX,0.1,M,24,Crisis_next_24M,CFNAI,0.06808395059860917,0.3889016373481111,0.8616109608268099,0.8216803678182055,2.2743183197194266,185,1
DAX,0.1,M,24,Crisis_next_24M,CISS,0.0790450300073684,0.546954470826804,-0.6023300365845463,-13.434333103410612,1.4640073771358764e-06,185,1
DAX,0.1,M,24,Crisis_next_24M,Downside_Beta,0.5722183970296713,0.21261610397669883,-1.2464040259183335,-50.080633477829686,1.7793329876535554e-22,185,1
DAX,0.1,M,24,Crisis_next_24M,NFCI,0.010840192561157314,0.774770505988283,-0.2861405094506673,-1.3943213683614903,0.2480012807883121,185,1
DAX,0.1,M,24,Crisis_next_24M,EPU,0.10259517274617713,0.3795614947810241,-0.8787045430054848,-0.028023507242657914,0.9723655089006149,185,1
DAX,0.1,M,24,Crisis_next_24M,RSkew,0.03961387627887547,0.49133047437748034,-0.6881942341471419,-1.2170367699732823,0.2961062992691824,185,1
DAX,0.1,M,24,Crisis_next_24M,RSV_Ratio,0.21328257129246775,0.15690674380195466,1.4155518962511628,17.939232148197434,61788767.373487934,185,1
DAX,0.1,M,24,Crisis_next_24M,HillTail,0.008731625564646128,0.74828204401504,-0.32090544957885886,-5.082021874563464,0.006207345844973913,185,1
DAX,0.12,D,5,Crisis_next_5D,HY_Spread,0.0004038385750388951,0.7911300472556062,-0.2648434709415409,-0.02693248042410259,0.9734269646813344,4367,14
DAX,0.12,D,5,Crisis_next_5D,Yield_Curve,0.011338852012738765,0.13638579337050596,-1.4893858467049064,-0.42341265025226205,0.6548083705144008,4367,14
DAX,0.12,D,5,Crisis_next_5D,Neely,0.047466830691417106,0.003478979043125829,2.921904761014082,1.6322204203024206,5.115220056631003,4367,14
DAX,0.12,D,5,Crisis_next_5D,PatroCorr,0.015332533238543111,0.1227201318991405,1.54345617925101,3.4524280697694127,31.576970389877026,4367,14
DAX,0.12,D,5,Crisis_next_5D,SahmIndicator,0.019273144891373217,0.034880483177144636,2.109743178156803,1.891210513448898,6.6273863676343625,4367,14
DAX,0.12,D,5,Crisis_next_5D,VIX,0.10885834080213608,1.478870603550584e-08,5.663996921838124,0.08620490406669201,1.0900296569333958,4367,14
DAX,0.12,D,5,Crisis_next_5D,M2_Growth,0.0010064624646844988,0.6596090031105222,-0.4404530589871842,-0.08755412494957959,0.9161692826926577,4367,14
DAX,0.12,D,5,Crisis_next_5D,BuffettDeviation,0.008910847168637881,0.18055693129774764,-1.3390422121653769,-2.2018906342754856,0.11059386802139037,4367,14
DAX,0.12,D,5,Crisis_next_5D,Systemic_Corr,0.03065884727175483,0.02530604808512093,2.2366985616088995,8.588363325762172,5368.819472233436,4367,14
DAX,0.12,D,5,Crisis_next_5D,Shiller_CAPE,0.019360966977379213,0.054782534897531265,-1.920596990347223,-0.09782210923855189,0.9068102025641345,4367,14
DAX,0.12,D,5,Crisis_next_5D,YC_10Y3M,0.011338852012738765,0.13638579337050596,-1.4893858467049064,-0.42341265025226205,0.6548083705144008,4367,14
DAX,0.12,D,5,Crisis_next_5D,CFNAI,0.05426992553518806,0.00010920463066906028,-3.869174131274075,-0.4064176819605081,0.6660319198014015,4367,14
DAX,0.12,D,5,Crisis_next_5D,CISS,0.007162546588182939,0.2177024656319414,1.2326604707307256,1.4465638658352726,4.248491020268637,4367,14
DAX,0.12,D,5,Crisis_next_5D,Downside_Beta,0.10201637192779378,0.00010467542900943434,-3.8794906394745188,-6.458916781618909,0.0015664916442378462,4367,14
DAX,0.12,D,5,Crisis_next_5D,NFCI,0.001984149856312567,0.5018805093559405,0.6715338398767913,0.31787889888101656,1.3742098328019599,4367,14
DAX,0.12,D,5,Crisis_next_5D,EPU,0.04279766469562063,0.0006527773561289294,3.4086811205859946,0.004596585329862972,1.0046071658333944,4367,14
DAX,0.12,D,5,Crisis_next_5D,RSkew,0.21123203267833324,4.850948418539199e-13,-7.2294105645539535,-2.0591010444620363,0.127568596861447,4367,14
DAX,0.12,D,5,Crisis_next_5D,RSV_Ratio,0.2329401035767481,1.7113009323373866e-12,7.056189761232152,14.147686827045133,1393998.5456998409,4367,14
DAX,0.12,D,5,Crisis_next_5D,HillTail,0.010109049045899043,0.14456222293825227,1.4590104811505271,4.12962727015457,62.154751685732464,4367,14
DAX,0.12,D,10,Crisis_next_10D,HY_Spread,0.07247845595220748,5.056457663138411e-14,7.530453033706298,0.17561259131018506,1.1919761872569545,4362,50
DAX,0.12,D,10,Crisis_next_10D,Yield_Curve,0.00021922181163769316,0.7288332400458588,-0.34667799973656926,-0.05455515420354421,0.9469062815557704,4362,50
DAX,0.12,D,10,Crisis_next_10D,Neely,0.037084982615499085,5.503890364331363e-06,4.5446029443539055,1.3052073444311751,3.6884537947780163,4362,50
DAX,0.12,D,10,Crisis_next_10D,PatroCorr,0.0036673479635942474,0.16848280033278618,1.3770952524457432,1.3872123881860878,4.003673794328089,4362,50
DAX,0.12,D,10,Crisis_next_10D,SahmIndicator,0.0033927611369710675,0.15118691342928578,1.43535166054728,0.8217024254149753,2.2743684862691236,4362,50
DAX,0.12,D,10,Crisis_next_10D,VIX,0.10580833961154301,4.25057822522963e-18,8.671876157108327,0.08553173554726752,1.0892961302043604,4362,50
DAX,0.12,D,10,Crisis_next_10D,M2_Growth,0.0547082370953581,2.1450347937765798e-08,5.599877380357802,0.6428386118114123,1.9018719002169393,4362,50
DAX,0.12,D,10,Crisis_next_10D,BuffettDeviation,0.032202795078021484,1.5746884738166208e-05,-4.317972776043289,-3.657577646937784,0.025794921514904347,4362,50
DAX,0.12,D,10,Crisis_next_10D,Systemic_Corr,0.004042939651739075,0.14540673196407208,1.45594895167274,2.553607758139954,12.85339216401934,4362,50
DAX,0.12,D,10,Crisis_next_10D,Shiller_CAPE,0.04473136506274378,8.746647394272593e-07,-4.917924855041839,-0.13471772690133998,0.8739625729970634,4362,50
DAX,0.12,D,10,Crisis_next_10D,YC_10Y3M,0.00021922181163769316,0.7288332400458588,-0.34667799973656926,-0.05455515420354421,0.9469062815557704,4362,50
DAX,0.12,D,10,Crisis_next_10D,CFNAI,0.0786004767058035,1.1461090970219856e-14,-7.721897094679591,-0.4417978282371994,0.6428795944189444,4362,50
DAX,0.12,D,10,Crisis_next_10D,CISS,0.06223149007654627,3.5351109554238974e-10,6.273284060813112,3.3967823683798737,29.86784155684556,4362,50
DAX,0.12,D,10,Crisis_next_10D,Downside_Beta,0.07528803026232145,3.4053205896339138e-09,-5.91076039958616,-4.745893587749354,0.008687295675372853,4362,50
DAX,0.12,D,10,Crisis_next_10D,NFCI,0.10746067491704836,5.6076046127246426e-21,9.397121713244612,1.2523870169937292,3.498684417057451,4362,50
DAX,0.12,D,10,Crisis_next_10D,EPU,0.01874199681820443,0.00028597067830123015,3.627687871517369,0.003198345209718881,1.003203465372987,4362,50
DAX,0.12,D,10,Crisis_next_10D,RSkew,0.015092397177533523,0.0030698149764165007,-2.960659122455393,-0.6835172508509617,0.5048382233402843,4362,50
DAX,0.12,D,10,Crisis_next_10D,RSV_Ratio,0.04975367268118558,9.959754377720205e-08,5.327456641712309,6.6438731829024675,768.06409208588,4362,50
DAX,0.12,D,10,Crisis_next_10D,HillTail,0.004832485092167271,0.11464031305964764,-1.5776749104957528,-3.1439909144233718,0.04311040419262083,4362,50
DAX,0.12,D,15,Crisis_next_15D,HY_Spread,0.04958334479135429,2.0813540069933822e-11,6.70019935196886,0.15259319921409312,1.1648510202353906,4357,61
DAX,0.12,D,15,Crisis_next_15D,Yield_Curve,0.00017466365323881572,0.7379354092295044,-0.33458864824188495,-0.04774217904271833,0.953379556623815,4357,61
DAX,0.12,D,15,Crisis_next_15D,Neely,0.023704113685762196,6.652276845299328e-05,3.9883916688199097,1.030995669072904,2.803856158210752,4357,61
DAX,0.12,D,15,Crisis_next_15D,PatroCorr,0.003489118118399581,0.1453284141103209,1.4562322971430828,1.325914094626815,3.76562592067973,4357,61
DAX,0.12,D,15,Crisis_next_15D,SahmIndicator,0.00202278518537935,0.23491658465020948,1.1877889100741128,0.6386287147975717,1.8938820454169416,4357,61
DAX,0.12,D,15,Crisis_next_15D,VIX,0.06339333216070853,1.483630349454874e-13,7.388617723785149,0.07054903922238921,1.073097191992261,4357,61
DAX,0.12,D,15,Crisis_next_15D,M2_Growth,0.018797572465970913,0.0006686859124521227,3.402106430321121,0.3691238806392195,1.4464667818056998,4357,61
DAX,0.12,D,15,Crisis_next_15D,BuffettDeviation,0.013622491188837627,0.002479883401410749,-3.025785280981819,-2.3947940816762885,0.09119145498091076,4357,61
DAX,0.12,D,15,Crisis_next_15D,Systemic_Corr,0.0025698411979236946,0.20609992233712116,1.2643625663024984,1.9848648450321111,7.2780636525174645,4357,61
DAX,0.12,D,15,Crisis_next_15D,Shiller_CAPE,0.03261412825586141,4.739183378301274e-06,-4.576014223610551,-0.11304403997618373,0.8931113266483444,4357,61
DAX,0.12,D,15,Crisis_next_15D,YC_10Y3M,0.00017466365323881572,0.7379354092295044,-0.33458864824188495,-0.04774217904271833,0.953379556623815,4357,61
DAX,0.12,D,15,Crisis_next_15D,CFNAI,0.0477182663022252,1.2326488756691243e-10,-6.435256628013776,-0.36595960413969614,0.6935308164178792,4357,61
DAX,0.12,D,15,Crisis_next_15D,CISS,0.04830251118430462,1.9420100220589014e-09,6.002584610204291,3.0064854394367315,20.216223779235094,4357,61
DAX,0.12,D,15,Crisis_next_15D,Downside_Beta,0.09944695441180706,5.096789160412663e-13,-7.2226932669218,-5.493983062299077,0.00411143541399912,4357,61
DAX,0.12,D,15,Crisis_next_15D,NFCI,0.06646954210144207,1.0976651336978755e-15,8.015414151581126,1.0645500671027475,2.8995340947494004,4357,61
DAX,0.12,D,15,Crisis_next_15D,EPU,0.0149081636847469,0.0005290466471337844,3.465601572542067,0.0028920458818806408,1.0028962318809664,4357,61
DAX,0.12,D,15,Crisis_next_15D,RSkew,0.016996869456638364,0.0006573065422255276,-3.4067942591468086,-0.7117393498594511,0.4907897994591372,4357,61
DAX,0.12,D,15,Crisis_next_15D,RSV_Ratio,0.03872699467911489,4.1627008259129283e-07,5.061362872101279,5.803073201775927,331.31619847132487,4357,61
DAX,0.12,D,15,Crisis_next_15D,HillTail,0.012469492414138972,0.007569417707479103,-2.670695948792119,-5.158854473165121,0.005748280725381086,4357,61
DAX,0.12,W,4,Crisis_next_4W,HY_Spread,0.08185394214406516,0.009694057988253419,2.586555419520916,0.17024117000050654,1.1855907457651549,214,7
DAX,0.12,W,4,Crisis_next_4W,Yield_Curve,0.0004412602067447313,0.8689926824779322,-0.16493812684266276,-0.07125012707154571,0.9312289374276108,214,7
DAX,0.12,W,4,Crisis_next_4W,Neely,0.05399931460699903,0.06664935982335138,1.8340312209409242,1.432116071029896,4.187550978427405,214,7
DAX,0.12,W,4,Crisis_next_4W,PatroCorr,0.0036510435766969884,0.63414147180164,-0.47590582544294857,-1.1271423337299609,0.32395769790675405,214,7
DAX,0.12,W,4,Crisis_next_4W,SahmIndicator,0.00888002144019362,0.4332122814359174,0.7837066127891081,1.1632326165414366,3.2002617922624577,214,7
DAX,0.12,W,4,Crisis_next_4W,VIX,0.11626621651150082,0.004389261384192444,2.848740871861415,0.10193542710342848,1.1073119670782046,214,7
DAX,0.12,W,4,Crisis_next_4W,M2_Growth,0.2537956986225399,0.0005659750818507923,3.4474166168650524,1.4139372545975144,4.112114012720979,214,7
DAX,0.12,W,4,Crisis_next_4W,BuffettDeviation,0.011351257120709946,0.3962499689599961,-0.8483376257084252,-2.006260197114733,0.13449070406128932,214,7
DAX,0.12,W,4,Crisis_next_4W,Systemic_Corr,0.0032033962329677257,0.6636802900347722,0.4348376283160652,1.8890505065242764,6.613086616528613,214,7
DAX,0.12,W,4,Crisis_next_4W,Shiller_CAPE,0.019448723618511687,0.27023100420314183,-1.1025307349283435,-0.08130961282566382,0.9219082126462198,214,7
DAX,0.12,W,4,Crisis_next_4W,YC_10Y3M,0.0004412602067447313,0.8689926824779322,-0.16493812684266276,-0.07125012707154571,0.9312289374276108,214,7
DAX,0.12,W,4,Crisis_next_4W,CFNAI,0.12145878680662703,0.003151107125647072,-2.952599290570742,-0.525862238380395,0.5910455224617457,214,7
DAX,0.12,W,4,Crisis_next_4W,CISS,0.03410488668070033,0.1198862701348395,1.5552511351570892,2.4567221917634496,11.666508222067625,214,7
DAX,0.12,W,4,Crisis_next_4W,Downside_Beta,0.017560608419165846,0.31119914289331707,-1.0127090729117958,-1.9254067521245095,0.14581643364795008,214,7
DAX,0.12,W,4,Crisis_next_4W,NFCI,0.1392457478116872,0.001048959111606623,3.277055062126041,1.3625020570550719,3.9059540055606856,214,7
DAX,0.12,W,4,Crisis_next_4W,EPU,0.0034254710767568364,0.6291655308447739,0.48290170539966054,0.0012333166896549203,1.00123407753744,214,7
DAX,0.12,W,4,Crisis_next_4W,RSkew,0.0032481486303214124,0.6590051435246855,-0.4412871281206944,-0.30095979600074274,0.7401075274310581,214,7
DAX,0.12,W,4,Crisis_next_4W,RSV_Ratio,0.030770030990784347,0.17833305148077427,1.3459053244405008,5.064798498905068,158.3485314563081,214,7
DAX,0.12,W,4,Crisis_next_4W,HillTail,0.0262193306223113,0.19098030286527834,1.3076846175811998,5.840824597735508,344.06293724127096,214,7
DAX,0.12,W,8,Crisis_next_8W,HY_Spread,0.04458365887551219,0.08896251891454443,1.700895994517052,0.1363359138624562,1.1460668086704209,210,5
DAX,0.12,W,8,Crisis_next_8W,Yield_Curve,7.906608823826655e-05,0.9514226819779175,-0.06092030054135823,-0.030848850135552705,0.9696221202524953,210,5
DAX,0.12,W,8,Crisis_next_8W,Neely,0.0016562742487744586,0.7865927359324748,-0.2707377558377642,-0.30562438652766066,0.7366632681444529,210,5
DAX,0.12,W,8,Crisis_next_8W,PatroCorr,0.0009089292295375584,0.8373502258125191,0.20528402329508755,0.6198018847601038,1.8585597963501088,210,5
DAX,0.12,W,8,Crisis_next_8W,SahmIndicator,0.006484012944696582,0.6148398429884336,-0.5031769871283808,-1.4100927905199587,0.244120630022263,210,5
DAX,0.12,W,8,Crisis_next_8W,VIX,0.0039642222178596365,0.6512861094302251,0.45197622597644616,0.02373546088724511,1.0240193888759639,210,5
DAX,0.12,W,8,Crisis_next_8W,M2_Growth,0.06748511414886804,0.07383114005088648,1.787658382289036,0.6879702995879199,1.9896729919653695,210,5
DAX,0.12,W,8,Crisis_next_8W,BuffettDeviation,0.0006678805912438968,0.8553341779777061,0.1823167199255459,0.5466591059969382,1.727472065405961,210,5
DAX,0.12,W,8,Crisis_next_8W,Systemic_Corr,0.021968603004553167,0.33327673542330005,0.9675348356596518,5.820763433254661,337.2294075254654,210,5
DAX,0.12,W,8,Crisis_next_8W,Shiller_CAPE,0.0043384533607560005,0.6486427241105581,-0.4556485512634308,-0.039896575001828596,0.9608888139371405,210,5
DAX,0.12,W,8,Crisis_next_8W,YC_10Y3M,7.906608823826655e-05,0.9514226819779175,-0.06092030054135823,-0.030848850135552705,0.9696221202524953,210,5
DAX,0.12,W,8,Crisis_next_8W,CFNAI,0.011656023137976201,0.41761253176100555,-0.8105702072724719,-0.2045215799711376,0.8150371532494848,210,5
DAX,0.12,W,8,Crisis_next_8W,CISS,0.014118695992074048,0.3851369177037046,0.868470312248826,1.7031713312209305,5.491334647793858,210,5
DAX,0.12,W,8,Crisis_next_8W,Downside_Beta,0.019961871881976734,0.34779986500072146,-0.9388653818370968,-2.1136125298531856,0.12080078080881444,210,5
DAX,0.12,W,8,Crisis_next_8W,NFCI,0.06022871932927054,0.04311477297360133,2.0225964261348284,0.9882447735716612,2.6865148896583553,210,5
DAX,0.12,W,8,Crisis_next_8W,EPU,0.0256200805224277,0.37752789101984485,-0.8824603895167078,-0.006418200967069601,0.9936023516908867,210,5
DAX,0.12,W,8,Crisis_next_8W,RSkew,0.0018587716867292103,0.7643216099414568,0.2998106255483067,0.22217805686289904,1.2487937143606136,210,5
DAX,0.12,W,8,Crisis_next_8W,RSV_Ratio,0.00015704443775810262,0.9307293357237898,0.08692725428898994,0.36276743191011857,1.4373015498918311,210,5
DAX,0.12,W,8,Crisis_next_8W,HillTail,0.03183172343465912,0.25057890922692816,-1.1489443966482942,-8.265947329216969,0.00025712522646916176,210,5
DAX,0.12,W,12,Crisis_next_12W,HY_Spread,0.020343034918907876,0.20486212497460554,1.2678203170376332,0.10014608971536645,1.105332383974467,206,7
DAX,0.12,W,12,Crisis_next_12W,Yield_Curve,0.001040169692139381,0.8013591437511401,0.25158850605818883,0.10855872081312679,1.114670360966577,206,7
DAX,0.12,W,12,Crisis_next_12W,Neely,0.0004907218726794005,0.8602767893816116,0.17602183377654684,0.14997774285743756,1.1618083839056816,206,7
DAX,0.12,W,12,Crisis_next_12W,PatroCorr,0.017894051764921204,0.2917812981167264,-1.0542219821641914,-2.530438767184098,0.07962407618860136,206,7
DAX,0.12,W,12,Crisis_next_12W,SahmIndicator,0.0035458565601519387,0.6632318350542055,-0.4354554969878769,-0.9669842035522929,0.3802280010028305,206,7
DAX,0.12,W,12,Crisis_next_12W,VIX,2.1317813969079502e-05,0.9711168980234787,0.03620750972409117,0.0018148365701223309,1.0018164843826964,206,7
DAX,0.12,W,12,Crisis_next_12W,M2_Growth,0.017827829827995578,0.3108880368656126,1.0133604214128384,0.3300647206755058,1.3910581557739443,206,7
DAX,0.12,W,12,Crisis_next_12W,BuffettDeviation,0.0007150166842638805,0.8352053620839075,0.20803023186412842,0.5378540805172696,1.7123283978825048,206,7
DAX,0.12,W,12,Crisis_next_12W,Systemic_Corr,0.003357313926974692,0.6552794044717549,0.4464400552130453,2.1468262920551044,8.557655753333451,206,7
DAX,0.12,W,12,Crisis_next_12W,Shiller_CAPE,0.011604452175439373,0.3974323228693599,-0.8462158832938197,-0.06260723210828904,0.9393123329710292,206,7
DAX,0.12,W,12,Crisis_next_12W,YC_10Y3M,0.001040169692139381,0.8013591437511401,0.25158850605818883,0.10855872081312679,1.114670360966577,206,7
DAX,0.12,W,12,Crisis_next_12W,CFNAI,0.010030092830550119,0.3986734498952961,-0.8439927625959693,-0.18597920735584025,0.8302908587448274,206,7
DAX,0.12,W,12,Crisis_next_12W,CISS,0.0059676730419639945,0.5282175013882207,0.6307293555460749,1.1200195234407972,3.0649140403767032,206,7
DAX,0.12,W,12,Crisis_next_12W,Downside_Beta,0.1183843902278533,0.015952121724480118,-2.4100091207272922,-5.576216967800513,0.0037868642849179413,206,7
DAX,0.12,W,12,Crisis_next_12W,NFCI,0.026673304407830112,0.13585413743352906,1.4914090350918223,0.7331288283821549,2.0815833464465734,206,7
DAX,0.12,W,12,Crisis_next_12W,EPU,0.012782423745664406,0.45022236397340565,-0.7550443635212148,-0.003696752768668894,0.9963100718096645,206,7
DAX,0.12,W,12,Crisis_next_12W,RSkew,0.00011406427769311556,0.9335511498918938,-0.08337778764940931,-0.054476411730132936,0.9469808462341338,206,7
DAX,0.12,W,12,Crisis_next_12W,RSV_Ratio,0.009448352898517087,0.45197741599686736,0.7521224638224371,2.709232923153659,15.01775132614491,206,7
DAX,0.12,W,12,Crisis_next_12W,HillTail,0.06243577863817373,0.07448622496592848,-1.7836151325229614,-11.963227127929846,6.374358318357559e-06,206,7
DAX,0.12,W,16,Crisis_next_16W,HY_Spread,0.013412580295055987,0.41390515116333604,-0.8170407319678282,-0.1666337984618289,0.8465095476825794,204,9
DAX,0.12,W,16,Crisis_next_16W,Yield_Curve,0.01734502367770996,0.2635542244625635,1.118029897739863,0.43675733250035265,1.5476804597357081,204,9
DAX,0.12,W,16,Crisis_next_16W,Neely,0.0009679580078172378,0.7930749050122267,-0.2623197911295881,-0.21460745105084644,0.8068581093221209,204,9
DAX,0.12,W,16,Crisis_next_16W,PatroCorr,0.010961294641493868,0.3624358191933419,-0.9107334797735083,-1.95086706092439,0.14215076476347613,204,9
DAX,0.12,W,16,Crisis_next_16W,SahmIndicator,0.026344103850698852,0.28513708042088004,-1.0688504096873526,-3.582452797705458,0.027807408591131344,204,9
DAX,0.12,W,16,Crisis_next_16W,VIX,0.019257100603832455,0.29251819026261305,-1.0526134500327398,-0.06785872004122204,0.9343924751827796,204,9
DAX,0.12,W,16,Crisis_next_16W,M2_Growth,0.0005685702701192508,0.8368869567745407,-0.20587704500317833,-0.05260245880415844,0.9487571075570198,204,9
DAX,0.12,W,16,Crisis_next_16W,BuffettDeviation,0.021967419965700063,0.21856134814132555,1.230362610319893,3.0856188550894146,21.881003823505974,204,9
DAX,0.12,W,16,Crisis_next_16W,Systemic_Corr,0.013400990063068385,0.3358447822139855,0.9624078296201817,4.357607250254911,78.0701085269555,204,9
DAX,0.12,W,16,Crisis_next_16W,Shiller_CAPE,4.111269095763426e-05,0.9560576638255842,-0.055101421309551604,-0.003679243637253239,0.9963275164863626,204,9
DAX,0.12,W,16,Crisis_next_16W,YC_10Y3M,0.01734502367770996,0.2635542244625635,1.118029897739863,0.43675733250035265,1.5476804597357081,204,9
DAX,0.12,W,16,Crisis_next_16W,CFNAI,0.012460739455179226,0.3602376757278747,0.9149122935048399,0.2671397595056956,1.306222990653707,204,9
DAX,0.12,W,16,Crisis_next_16W,CISS,0.005257734930057767,0.5587167798738568,-0.5847485856436585,-1.2656313619817174,0.2820611572201818,204,9
DAX,0.12,W,16,Crisis_next_16W,Downside_Beta,0.06601680561447254,0.04013268845116467,-2.0523805995736377,-3.825131232086172,0.02181557244009983,204,9
DAX,0.12,W,16,Crisis_next_16W,NFCI,0.024006338630644275,0.2835381300751635,-1.072405073659925,-2.121437723396005,0.11985918022705667,204,9
DAX,0.12,W,16,Crisis_next_16W,EPU,0.029519842996642898,0.2435141660324328,-1.1662480610067882,-0.006638635460664059,0.9933833515981315,204,9
DAX,0.12,W,16,Crisis_next_16W,RSkew,0.013107532812953182,0.31228509347624034,1.0104388273726446,0.5324983405790444,1.7031821266821738,204,9
DAX,0.12,W,16,Crisis_next_16W,RSV_Ratio,2.7815062861313855e-05,0.9633808703015735,0.04591139695392116,0.1421683769707465,1.1527707322407934,204,9
DAX,0.12,W,16,Crisis_next_16W,HillTail,0.04494229779045511,0.09159601958424304,-1.687038134038663,-9.646489858813695,6.46521072320912e-05,204,9
DAX,0.12,M,6,Crisis_next_6M,HY_Spread,0.01705258778934049,0.29686108172945824,-1.0431883204217487,-0.18520795221633177,0.8309314718432387,203,13
DAX,0.12,M,6,Crisis_next_6M,Yield_Curve,0.02349416771268975,0.13782744444197212,1.4839301795680935,0.4888599656085501,1.6304563836670063,203,13
DAX,0.12,M,6,Crisis_next_6M,Neely,0.009508093218641656,0.3714291766747283,-0.8937995001699871,-0.702613420673468,0.4952892118467708,203,13
DAX,0.12,M,6,Crisis_next_6M,PatroCorr,0.006157052879674829,0.43394849100916477,-0.7824528392286655,-1.429156676552824,0.23951082219051478,203,13
DAX,0.12,M,6,Crisis_next_6M,SahmIndicator,0.11228962783819652,0.9448949489247752,-0.06911893524721402,-296.2145286177488,2.2681133860909367e-129,203,13
DAX,0.12,M,6,Crisis_next_6M,VIX,0.04670142462186544,0.07634559529833439,-1.77229503314762,-0.11749225623890415,0.8891473970648107,203,13
DAX,0.12,M,6,Crisis_next_6M,M2_Growth,0.005995644385521692,0.44224185766946855,-0.7684130030184072,-0.15799548607821048,0.8538536361883163,203,13
DAX,0.12,M,6,Crisis_next_6M,BuffettDeviation,0.041528784463699786,0.057873904220603005,1.8966518371281291,4.238825274012268,69.32636450346371,203,13
DAX,0.12,M,6,Crisis_next_6M,Systemic_Corr,0.005104509513207955,0.4903638532061906,0.6897302274353331,2.4717830065388617,11.843545155305394,203,13
DAX,0.12,M,6,Crisis_next_6M,Shiller_CAPE,0.003432231939762165,0.5675798363671514,0.5716194194013082,0.03239173040563929,1.0329220530379517,203,13
DAX,0.12,M,6,Crisis_next_6M,YC_10Y3M,0.02349416771268975,0.13782744444197212,1.4839301795680935,0.4888599656085501,1.6304563836670063,203,13
DAX,0.12,M,6,Crisis_next_6M,CFNAI,0.09997763139840332,0.003449294340351056,2.924572758308071,0.8015422492995596,2.228975915552918,203,13
DAX,0.12,M,6,Crisis_next_6M,CISS,0.015304430136651281,0.27821583315189025,-1.0843360357311107,-2.260158134073555,0.10433398469217874,203,13
DAX,0.12,M,6,Crisis_next_6M,Downside_Beta,0.005418535760446375,0.478618550789932,-0.7085261953131109,-0.9467985727994707,0.38798113068388806,203,13
DAX,0.12,M,6,Crisis_next_6M,NFCI,0.03928551518231804,0.1125301517359135,-1.5869227055886543,-2.8550433887431077,0.0575533239003291,203,13
DAX,0.12,M,6,Crisis_next_6M,EPU,0.05721273846800157,0.060227967054529555,-1.8791210459968268,-0.011056895802365144,0.9890040069980495,203,13
DAX,0.12,M,6,Crisis_next_6M,RSkew,0.0020736606630750165,0.6525128028346892,0.4502741125544383,0.21504686579451382,1.23992000544059,203,13
DAX,0.12,M,6,Crisis_next_6M,RSV_Ratio,0.00010178044712072509,0.9235354886968485,-0.0959812190728586,-0.24992393728155293,0.7788600230290416,203,13
DAX,0.12,M,6,Crisis_next_6M,HillTail,0.010006685827039563,0.35023692264188755,-0.9341298370249747,-3.8875698135039793,0.02049509246384903,203,13
DAX,0.12,M,12,Crisis_next_12M,HY_Spread,0.34284914737016847,0.000896177640531845,-3.3212420977901416,-3.052091050450243,0.047259997957098274,197,10
DAX,0.12,M,12,Crisis_next_12M,Yield_Curve,0.004398355104219487,0.5538276277454803,-0.5920342886819097,-0.20573438091917157,0.8140492745885173,197,10
DAX,0.12,M,12,Crisis_next_12M,Neely,0.0817038311701932,0.9561360473859162,-0.05500303310320909,-12.174484928552381,5.160459518038773e-06,197,10
DAX,0.12,M,12,Crisis_next_12M,PatroCorr,0.021018382375478706,0.19105420027093978,-1.3074668678820716,-2.6339571784221105,0.07179379850735224,197,10
DAX,0.12,M,12,Crisis_next_12M,SahmIndicator,0.09669834128320798,0.9437163368008105,-0.07059971555874253,-283.77281942948656,5.74156661063403e-124,197,10
DAX,0.12,M,12,Crisis_next_12M,VIX,0.0921914340615616,0.0361643226900506,-2.095075036215549,-0.20264218560689665,0.816570369789919,197,10
DAX,0.12,M,12,Crisis_next_12M,M2_Growth,0.033865109390778914,0.10745624002811917,1.609732621995365,0.4075378835471458,1.5031123876845087,197,10
DAX,0.12,M,12,Crisis_next_12M,BuffettDeviation,0.2878129239685926,0.0002732534103275648,3.639419434800197,15.682375227560643,6467985.30395429,197,10
DAX,0.12,M,12,Crisis_next_12M,Systemic_Corr,0.028860331211285395,0.12506025277511515,-1.5338756284136585,-5.67291674340818,0.0034378233897089197,197,10
DAX,0.12,M,12,Crisis_next_12M,Shiller_CAPE,0.2162391585236192,0.0003595453798333799,3.5681247064200825,0.3139373295537598,1.3688039503048917,197,10
DAX,0.12,M,12,Crisis_next_12M,YC_10Y3M,0.004398355104219487,0.5538276277454803,-0.5920342886819097,-0.20573438091917157,0.8140492745885173,197,10
DAX,0.12,M,12,Crisis_next_12M,CFNAI,0.21088190915697147,0.0003352432583420154,3.586424351326069,1.2807253942357866,3.5992496537934104,197,10
DAX,0.12,M,12,Crisis_next_12M,CISS,0.18617173514713703,0.05776793025799444,-1.8974548658007133,-29.124838690713588,2.245139187612763e-13,197,10
DAX,0.12,M,12,Crisis_next_12M,Downside_Beta,0.0016916165194222899,0.7174403125303352,-0.36188186486052487,-0.5286254332786788,0.5894146028015741,197,10
DAX,0.12,M,12,Crisis_next_12M,NFCI,0.12723554208212662,0.009248800624235706,-2.6027179545914936,-6.867172411660184,0.0010414176056149243,197,10
DAX,0.12,M,12,Crisis_next_12M,EPU,0.015661347880803533,0.32479903093081497,-0.984643873621279,-0.005162343940526325,0.9948509580572809,197,10
DAX,0.12,M,12,Crisis_next_12M,RSkew,0.00420690595465234,0.5668181069850209,-0.5727439024150431,-0.3211428487900513,0.7253196325575222,197,10
DAX,0.12,M,12,Crisis_next_12M,RSV_Ratio,0.005300120718835788,0.5144176026171865,-0.6519745311195683,-1.8872694813845428,0.15148487691105936,197,10
DAX,0.12,M,12,Crisis_next_12M,HillTail,0.020408000263983483,0.23317697761214318,-1.1922149379956588,-6.413799191905397,0.0016387865953036629,197,10
DAX,0.12,M,18,Crisis_next_18M,HY_Spread,0.19318033938782753,0.08445180202720415,-1.7254200418651675,-1.9556005264587881,0.14147948900148788,191,3
DAX,0.12,M,18,Crisis_next_18M,Yield_Curve,0.001435883125290971,0.8326215314546659,-0.21134056493553516,-0.13142326489195305,0.8768465574716333,191,3
DAX,0.12,M,18,Crisis_next_18M,Neely,0.0014802519752357135,0.8281479752527728,0.21707746539797854,0.2682061953472344,1.3076167367062639,191,3
DAX,0.12,M,18,Crisis_next_18M,PatroCorr,0.0839202365880597,0.13059294256452295,-1.5117678042711922,-5.872528095224185,0.002815745854690488,191,3
DAX,0.12,M,18,Crisis_next_18M,SahmIndicator,0.009537712391510467,0.5545130683959433,0.5910109735049734,1.261532587914414,3.5308286481463926,191,3
DAX,0.12,M,18,Crisis_next_18M,VIX,0.08347283847421016,0.22111076647044225,-1.2235798455112286,-0.22805852207469549,0.7960776703553225,191,3
DAX,0.12,M,18,Crisis_next_18M,M2_Growth,0.019624329579558064,0.43639753383936786,0.7782909087151699,0.33663881300592036,1.4002332263630533,191,3
DAX,0.12,M,18,Crisis_next_18M,BuffettDeviation,0.08219335242443149,0.13648531654825644,1.4890077932922376,7.450453726621141,1720.643670128737,191,3
DAX,0.12,M,18,Crisis_next_18M,Systemic_Corr,0.1071329164425997,0.06895393336824582,-1.8187214771746605,-11.763418340889006,7.784170255001056e-06,191,3
DAX,0.12,M,18,Crisis_next_18M,Shiller_CAPE,0.125514339974505,0.0702507571177887,1.8102904508190232,0.2437828435200491,1.2760671941395065,191,3
DAX,0.12,M,18,Crisis_next_18M,YC_10Y3M,0.001435883125290971,0.8326215314546659,-0.21134056493553516,-0.13142326489195305,0.8768465574716333,191,3
DAX,0.12,M,18,Crisis_next_18M,CFNAI,0.053966507554984444,0.22111049125015925,1.2235805747034856,0.6527631276932747,1.9208410321229397,191,3
DAX,0.12,M,18,Crisis_next_18M,CISS,0.26067800525550766,0.23487932672775824,-1.1878834605056772,-136.32640860094227,6.225769061279398e-60,191,3
DAX,0.12,M,18,Crisis_next_18M,Downside_Beta,0.00622067565437312,0.6543766992075535,0.4476903331468048,1.0493404942635671,2.855767102086037,191,3
DAX,0.12,M,18,Crisis_next_18M,NFCI,0.08424171044713047,0.18122764543749514,-1.33698465603485,-5.926312249848201,0.002668303905390178,191,3
DAX,0.12,M,18,Crisis_next_18M,EPU,0.007942618524685252,0.6511781489096231,-0.45212609055677916,-0.004343162649868162,0.995666255241622,191,3
DAX,0.12,M,18,Crisis_next_18M,RSkew,0.036302985745716,0.2767328941293876,1.087687938688288,0.9684593965137493,2.6338835618431653,191,3
DAX,0.12,M,18,Crisis_next_18M,RSV_Ratio,0.00951697269357088,0.5824250549992643,-0.5498459267548182,-2.828233195003421,0.05911721003570151,191,3
DAX,0.12,M,18,Crisis_next_18M,HillTail,0.00018170890669211293,0.9417334962062007,-0.07309126045256971,-0.5798229076690152,0.5599975290524505,191,3
DAX,0.12,M,24,Crisis_next_24M,HY_Spread,0.17438192215425052,0.29425234334491035,-1.048838741716933,-2.006244624233923,0.13449279848530182,185,1
DAX,0.12,M,24,Crisis_next_24M,Yield_Curve,0.004494628207142748,0.8139162543745507,0.23537684746327642,0.2733490474523001,1.3143589384060277,185,1
DAX,0.12,M,24,Crisis_next_24M,Neely,0.20186137300423312,0.761188103577258,0.3039209669601225,7.280417629316761,1451.5941268061229,185,1
DAX,0.12,M,24,Crisis_next_24M,PatroCorr,0.1995603359952236,0.3463486001901488,-0.9416954207656048,-13.609736435915854,1.2284756870822517e-06,185,1
DAX,0.12,M,24,Crisis_next_24M,SahmIndicator,0.049634376333689945,0.9542599726903946,-0.05735805818069671,-205.8792996703891,3.8704032441760502e-90,185,1
DAX,0.12,M,24,Crisis_next_24M,VIX,8.702143169658783e-05,0.9735394916165192,0.03316941045229582,0.0041682053420143365,1.0041769043921773,185,1
DAX,0.12,M,24,Crisis_next_24M,M2_Growth,0.016594542053784633,0.6480105921951141,0.4565276503829959,0.33179500715566296,1.3934671684339834,185,1
DAX,0.12,M,24,Crisis_next_24M,BuffettDeviation,0.029012732701015342,0.5655077631041384,0.5746799600425607,4.520257445616524,91.85924369390946,185,1
DAX,0.12,M,24,Crisis_next_24M,Systemic_Corr,0.06600551349676032,0.41013553329597097,0.8236551442902722,13.714899226949559,904284.4319050475,185,1
DAX,0.12,M,24,Crisis_next_24M,Shiller_CAPE,0.08032793701200336,0.345072706083169,0.9441897227428321,0.2031042023135762,1.2252001302842133,185,1
DAX,0.12,M,24,Crisis_next_24M,YC_10Y3M,0.004494628207142748,0.8139162543745507,0.23537684746327642,0.2733490474523001,1.3143589384060277,185,1
DAX,0.12,M,24,Crisis_next_24M,CFNAI,0.06808395059860917,0.3889016373481111,0.8616109608268099,0.8216803678182055,2.2743183197194266,185,1
DAX,0.12,M,24,Crisis_next_24M,CISS,0.0790450300073684,0.546954470826804,-0.6023300365845463,-13.434333103410612,1.4640073771358764e-06,185,1
DAX,0.12,M,24,Crisis_next_24M,Downside_Beta,0.5722183970296713,0.21261610397669883,-1.2464040259183335,-50.080633477829686,1.7793329876535554e-22,185,1
DAX,0.12,M,24,Crisis_next_24M,NFCI,0.010840192561157314,0.774770505988283,-0.2861405094506673,-1.3943213683614903,0.2480012807883121,185,1
DAX,0.12,M,24,Crisis_next_24M,EPU,0.10259517274617713,0.3795614947810241,-0.8787045430054848,-0.028023507242657914,0.9723655089006149,185,1
DAX,0.12,M,24,Crisis_next_24M,RSkew,0.03961387627887547,0.49133047437748034,-0.6881942341471419,-1.2170367699732823,0.2961062992691824,185,1
DAX,0.12,M,24,Crisis_next_24M,RSV_Ratio,0.21328257129246775,0.15690674380195466,1.4155518962511628,17.939232148197434,61788767.373487934,185,1
DAX,0.12,M,24,Crisis_next_24M,HillTail,0.008731625564646128,0.74828204401504,-0.32090544957885886,-5.082021874563464,0.006207345844973913,185,1
DAX,0.15,D,5,Crisis_next_5D,HY_Spread,0.00031868674899071525,0.860020136150617,0.17634853231481076,0.021869578021225584,1.0221104701070283,4367,6
DAX,0.15,D,5,Crisis_next_5D,Yield_Curve,0.015232410414599773,0.230226416506775,-1.1997758223361727,-0.5152294217784333,0.5973635306925312,4367,6
DAX,0.15,D,5,Crisis_next_5D,Neely,0.09471772454292615,0.015235203758378873,2.4267391912554093,2.6451768564671396,14.08593605173243,4367,6
DAX,0.15,D,5,Crisis_next_5D,PatroCorr,0.0461308101233564,0.12565790163297474,1.5314512679742762,8.237064531698927,3778.4325439414984,4367,6
DAX,0.15,D,5,Crisis_next_5D,SahmIndicator,0.024054946093300056,0.10031558128591453,1.643325614958961,2.160757285594998,8.6777066731006,4367,6
DAX,0.15,D,5,Crisis_next_5D,VIX,0.1817516591863867,2.697647762568733e-07,5.143431686159994,0.10209703530480059,1.1074909322342907,4367,6
DAX,0.15,D,5,Crisis_next_5D,M2_Growth,0.005061818999454015,0.4887956788572161,-0.6922255770028034,-0.2023550663820951,0.8168048565026997,4367,6
DAX,0.15,D,5,Crisis_next_5D,BuffettDeviation,0.03976980948895281,0.047755143069166416,-1.9795408682307327,-4.651733158271987,0.009545044513520928,4367,6
DAX,0.15,D,5,Crisis_next_5D,Systemic_Corr,0.0498094049013994,0.055925625242895176,1.9116147560926087,12.206228015458107,200031.07639969315,4367,6
DAX,0.15,D,5,Crisis_next_5D,Shiller_CAPE,0.038372306446512905,0.06303655185399931,-1.8589335923795016,-0.14579513874576971,0.8643347537503512,4367,6
DAX,0.15,D,5,Crisis_next_5D,YC_10Y3M,0.015232410414599773,0.230226416506775,-1.1997758223361727,-0.5152294217784333,0.5973635306925312,4367,6
DAX,0.15,D,5,Crisis_next_5D,CFNAI,0.07327858446914426,0.001490923362195287,-3.1764444574456774,-0.464720687680468,0.6283105755672291,4367,6
DAX,0.15,D,5,Crisis_next_5D,CISS,0.020850983116208366,0.1382518965587911,1.4823323051019404,2.403118870750871,11.057609911991506,4367,6
DAX,0.15,D,5,Crisis_next_5D,Downside_Beta,0.13136256547765246,0.003934981162861595,-2.8833274862547413,-8.27905881835565,0.00025377593692332807,4367,6
DAX,0.15,D,5,Crisis_next_5D,NFCI,0.004923533468162655,0.43279933425828265,0.7844104062399074,0.4839874310071779,1.6225312519404382,4367,6
DAX,0.15,D,5,Crisis_next_5D,EPU,0.03538961932392648,0.030448120145940012,2.1642115124491563,0.00445709208280497,1.004467039691367,4367,6
DAX,0.15,D,5,Crisis_next_5D,RSkew,0.2808091067708208,1.3786020497777347e-09,-6.057958201776058,-2.2342092085440686,0.10707677177789877,4367,6
DAX,0.15,D,5,Crisis_next_5D,RSV_Ratio,0.3461659124912596,4.503886067098137e-09,5.864536651725508,17.013300580024858,24478373.710937224,4367,6
DAX,0.15,D,5,Crisis_next_5D,HillTail,0.02804400359819592,0.08278940378865046,1.7347256896389012,6.754529289725843,857.9358156249406,4367,6
DAX,0.15,D,10,Crisis_next_10D,HY_Spread,0.026230198303458185,0.0011231993885618078,3.2576978271147006,0.127244590337786,1.1356947637790027,4362,23
DAX,0.15,D,10,Crisis_next_10D,Yield_Curve,0.0013449446702994416,0.5323310359669793,-0.6244516163769144,-0.1430679154940312,0.866695204863609,4362,23
DAX,0.15,D,10,Crisis_next_10D,Neely,0.024776446250985407,0.006635661086988467,2.7145962694758454,1.1371974763160413,3.1180177903624164,4362,23
DAX,0.15,D,10,Crisis_next_10D,PatroCorr,0.006245186532815472,0.20050088205765537,1.2801258403818472,1.9797030495214167,7.2405925684647485,4362,23
DAX,0.15,D,10,Crisis_next_10D,SahmIndicator,0.010907380114304255,0.05463234252702978,1.9217887654681625,1.4434000205387059,4.235070693050922,4362,23
DAX,0.15,D,10,Crisis_next_10D,VIX,0.10657453361137914,1.9914575683135058e-11,6.706648075904377,0.08527726903743951,1.0890189760846545,4362,23
DAX,0.15,D,10,Crisis_next_10D,M2_Growth,0.010519118807188366,0.08889384801578967,1.701261745055941,0.29645852277845314,1.3450867683783272,4362,23
DAX,0.15,D,10,Crisis_next_10D,BuffettDeviation,0.019949611682423152,0.01375381626891274,-2.463629599132015,-3.090960934922772,0.0454582509890119,4362,23
DAX,0.15,D,10,Crisis_next_10D,Systemic_Corr,0.021154562614920436,0.019601189189149024,2.3338956003047286,6.683833662498373,799.3777899557284,4362,23
DAX,0.15,D,10,Crisis_next_10D,Shiller_CAPE,0.03027393590752303,0.003143975898846723,-2.9532986944371893,-0.1178691273652736,0.8888123662194619,4362,23
DAX,0.15,D,10,Crisis_next_10D,YC_10Y3M,0.0013449446702994416,0.5323310359669793,-0.6244516163769144,-0.1430679154940312,0.866695204863609,4362,23
DAX,0.15,D,10,Crisis_next_10D,CFNAI,0.06686995733986445,1.306860618958872e-07,-5.277881311423732,-0.42798923862580907,0.6518184292230108,4362,23
DAX,0.15,D,10,Crisis_next_10D,CISS,0.02670672202468638,0.0027481820751053565,2.9945852934546506,2.4851916414240884,12.003420387000752,4362,23
DAX,0.15,D,10,Crisis_next_10D,Downside_Beta,0.13182043220589934,1.1798885585018835e-07,-5.296584338918824,-7.280213805552931,0.0006890382277434593,4362,23
DAX,0.15,D,10,Crisis_next_10D,NFCI,0.04582449479587258,5.812706876324275e-06,4.533089871190225,0.9716595120815169,2.6423257944886065,4362,23
DAX,0.15,D,10,Crisis_next_10D,EPU,0.011753984994310795,0.038812896902430526,2.0661650585369795,0.002782599159527598,1.0027864741819468,4362,23
DAX,0.15,D,10,Crisis_next_10D,RSkew,0.08761060367953288,6.932029222789737e-09,-5.792563042013158,-1.4926734491969242,0.22477093788365948,4362,23
DAX,0.15,D,10,Crisis_next_10D,RSV_Ratio,0.12586544900232255,1.566794417417047e-10,6.39872528601396,10.643825013350943,41932.858599133426,4362,23
DAX,0.15,D,10,Crisis_next_10D,HillTail,1.4274506676681398e-05,0.9256819152252149,0.09327899959953168,0.24161786355518872,1.2733075226250614,4362,23
DAX,0.15,D,15,Crisis_next_15D,HY_Spread,0.03333090896783886,2.4726288018441827e-06,4.710373791380013,0.1346136858372342,1.1440947189752688,4357,42
DAX,0.15,D,15,Crisis_next_15D,Yield_Curve,1.658809426607899e-05,0.930922900298698,-0.08668374133759824,-0.014912413323460303,0.985198226062589,4357,42
DAX,0.15,D,15,Crisis_next_15D,Neely,0.015398711410684385,0.005385156611931118,2.7830436165003176,0.8684754631711296,2.3832746924558483,4357,42
DAX,0.15,D,15,Crisis_next_15D,PatroCorr,0.008141649158016295,0.06194948281931113,1.8666571386166544,2.174403136598438,8.796932987593783,4357,42
DAX,0.15,D,15,Crisis_next_15D,SahmIndicator,0.0038458808518910814,0.1539432385399173,1.425740579232421,0.8795842736440183,2.4098976401747296,4357,42
DAX,0.15,D,15,Crisis_next_15D,VIX,0.06638059956839071,3.022963475273556e-11,6.645447915786442,0.0720074827630293,1.0746633854851775,4357,42
DAX,0.15,D,15,Crisis_next_15D,M2_Growth,0.00932205567758071,0.03997670221750173,2.0539895595129987,0.2643452605373596,1.3025778474005836,4357,42
DAX,0.15,D,15,Crisis_next_15D,BuffettDeviation,0.0117039366548094,0.014402670747944166,-2.4470603828706454,-2.3291018816918365,0.09738316943322767,4357,42
DAX,0.15,D,15,Crisis_next_15D,Systemic_Corr,0.0031718832346482317,0.22835550018393447,1.2046058424966477,2.291431389356278,9.889082682951306,4357,42
DAX,0.15,D,15,Crisis_next_15D,Shiller_CAPE,0.021382552869170457,0.0013940719189184472,-3.195875624013467,-0.0945228461300543,0.9098069488207162,4357,42
DAX,0.15,D,15,Crisis_next_15D,YC_10Y3M,1.658809426607899e-05,0.930922900298698,-0.08668374133759824,-0.014912413323460303,0.985198226062589,4357,42
DAX,0.15,D,15,Crisis_next_15D,CFNAI,0.04120941973400416,2.315553290766727e-07,-5.172037313305254,-0.35195178088714935,0.7033140343375135,4357,42
DAX,0.15,D,15,Crisis_next_15D,CISS,0.03273969066835081,2.1097531599257623e-05,4.252947219583838,2.607417719685622,13.563979591922479,4357,42
DAX,0.15,D,15,Crisis_next_15D,Downside_Beta,0.09358439574210187,1.6988611712276044e-09,-6.02425901666627,-5.500010366239805,0.004086729074230886,4357,42
DAX,0.15,D,15,Crisis_next_15D,NFCI,0.048274543821072324,3.432194711094244e-09,5.909465536984575,0.9671469774167716,2.630429070123685,4357,42
DAX,0.15,D,15,Crisis_next_15D,EPU,0.015490141582731765,0.002224903338628402,3.058443090604867,0.0029993209123747263,1.0030038233756613,4357,42
DAX,0.15,D,15,Crisis_next_15D,RSkew,0.03233459731340804,2.776491424358141e-05,-4.191064145251096,-0.9762273658619276,0.37672968453517997,4357,42
DAX,0.15,D,15,Crisis_next_15D,RSV_Ratio,0.053364861892831295,2.2290515328209595e-07,5.1791450089624655,6.963881017609228,1057.7306729781455,4357,42
DAX,0.15,D,15,Crisis_next_15D,HillTail,0.011474742734864485,0.027531755134784914,-2.203894632411021,-5.113264562661117,0.006016409882078072,4357,42
DAX,0.15,W,4,Crisis_next_4W,HY_Spread,0.07857690167204079,0.0596690682186912,1.8832310105121866,0.16958167263615273,1.1848091095649576,214,3
DAX,0.15,W,4,Crisis_next_4W,Yield_Curve,0.00757927504446676,0.6207433689045274,-0.4947970755402198,-0.31397007475848604,0.7305408894448736,214,3
DAX,0.15,W,4,Crisis_next_4W,Neely,0.07317367178062595,0.1425841226013748,1.4662355653444905,1.8110545909999527,6.116894854197366,214,3
DAX,0.15,W,4,Crisis_next_4W,PatroCorr,0.004132059722780079,0.7252805102538664,0.3514103613198612,1.397336146023121,4.044411881607297,214,3
DAX,0.15,W,4,Crisis_next_4W,SahmIndicator,0.03577852694262951,0.245205357180436,1.1620741239806882,2.249511273077774,9.483100057331612,214,3
DAX,0.15,W,4,Crisis_next_4W,VIX,0.21781381582203974,0.008026990909521555,2.6509323852106754,0.1404015722711595,1.1507358096782483,214,3
DAX,0.15,W,4,Crisis_next_4W,M2_Growth,0.17571193051360634,0.01316866017070199,2.479175207961065,1.1031192949144075,3.01355153422412,214,3
DAX,0.15,W,4,Crisis_next_4W,BuffettDeviation,0.08599550751094898,0.09229648560321731,-1.6834061909696227,-5.696296280640083,0.0033583809520750887,214,3
DAX,0.15,W,4,Crisis_next_4W,Systemic_Corr,0.05778654282105378,0.2282375747501444,1.204911225097947,10.4701811630767,35248.60253568062,214,3
DAX,0.15,W,4,Crisis_next_4W,Shiller_CAPE,0.060509784826470625,0.17035191407220907,-1.3710739197175745,-0.15403421359312472,0.8572426911570761,214,3
DAX,0.15,W,4,Crisis_next_4W,YC_10Y3M,0.00757927504446676,0.6207433689045274,-0.4947970755402198,-0.31397007475848604,0.7305408894448736,214,3
DAX,0.15,W,4,Crisis_next_4W,CFNAI,0.22400960112426016,0.004046107701696493,-2.874544483124861,-0.6599597010342257,0.5168721634856289,214,3
DAX,0.15,W,4,Crisis_next_4W,CISS,0.056127198623415864,0.15100276991236034,1.435998493603991,3.2193753754992347,25.012491885680756,214,3
DAX,0.15,W,4,Crisis_next_4W,Downside_Beta,0.08019263718703229,0.14115816425368347,-1.4714917971831567,-4.827166596333968,0.008009182393489593,214,3
DAX,0.15,W,4,Crisis_next_4W,NFCI,0.1352402187416747,0.012878856985105908,2.487101718338843,1.3103224559972533,3.7073689828512997,214,3
DAX,0.15,W,4,Crisis_next_4W,EPU,0.0016629919830613016,0.8113200725268241,0.23872339764574937,0.0009492170140672518,1.0009496676631138,214,3
DAX,0.15,W,4,Crisis_next_4W,RSkew,0.05313304058800661,0.21912647366719562,-1.2288542060456606,-1.4397544366729969,0.23698594659491948,214,3
DAX,0.15,W,4,Crisis_next_4W,RSV_Ratio,0.10085665130833055,0.09010843843034784,1.6948259750668417,10.359342852426794,31550.441212717116,214,3
DAX,0.15,W,4,Crisis_next_4W,HillTail,0.014294781853106842,0.4888160345625655,0.6921931584949155,4.706431680614796,110.6565964987479,214,3
DAX,0.15,W,8,Crisis_next_8W,HY_Spread,0.04458365887551219,0.08896251891454443,1.700895994517052,0.1363359138624562,1.1460668086704209,210,5
DAX,0.15,W,8,Crisis_next_8W,Yield_Curve,7.906608823826655e-05,0.9514226819779175,-0.06092030054135823,-0.030848850135552705,0.9696221202524953,210,5
DAX,0.15,W,8,Crisis_next_8W,Neely,0.0016562742487744586,0.7865927359324748,-0.2707377558377642,-0.30562438652766066,0.7366632681444529,210,5
DAX,0.15,W,8,Crisis_next_8W,PatroCorr,0.0009089292295375584,0.8373502258125191,0.20528402329508755,0.6198018847601038,1.8585597963501088,210,5
DAX,0.15,W,8,Crisis_next_8W,SahmIndicator,0.006484012944696582,0.6148398429884336,-0.5031769871283808,-1.4100927905199587,0.244120630022263,210,5
DAX,0.15,W,8,Crisis_next_8W,VIX,0.0039642222178596365,0.6512861094302251,0.45197622597644616,0.02373546088724511,1.0240193888759639,210,5
DAX,0.15,W,8,Crisis_next_8W,M2_Growth,0.06748511414886804,0.07383114005088648,1.787658382289036,0.6879702995879199,1.9896729919653695,210,5
DAX,0.15,W,8,Crisis_next_8W,BuffettDeviation,0.0006678805912438968,0.8553341779777061,0.1823167199255459,0.5466591059969382,1.727472065405961,210,5
DAX,0.15,W,8,Crisis_next_8W,Systemic_Corr,0.021968603004553167,0.33327673542330005,0.9675348356596518,5.820763433254661,337.2294075254654,210,5
DAX,0.15,W,8,Crisis_next_8W,Shiller_CAPE,0.0043384533607560005,0.6486427241105581,-0.4556485512634308,-0.039896575001828596,0.9608888139371405,210,5
DAX,0.15,W,8,Crisis_next_8W,YC_10Y3M,7.906608823826655e-05,0.9514226819779175,-0.06092030054135823,-0.030848850135552705,0.9696221202524953,210,5
DAX,0.15,W,8,Crisis_next_8W,CFNAI,0.011656023137976201,0.41761253176100555,-0.8105702072724719,-0.2045215799711376,0.8150371532494848,210,5
DAX,0.15,W,8,Crisis_next_8W,CISS,0.014118695992074048,0.3851369177037046,0.868470312248826,1.7031713312209305,5.491334647793858,210,5
DAX,0.15,W,8,Crisis_next_8W,Downside_Beta,0.019961871881976734,0.34779986500072146,-0.9388653818370968,-2.1136125298531856,0.12080078080881444,210,5
DAX,0.15,W,8,Crisis_next_8W,NFCI,0.06022871932927054,0.04311477297360133,2.0225964261348284,0.9882447735716612,2.6865148896583553,210,5
DAX,0.15,W,8,Crisis_next_8W,EPU,0.0256200805224277,0.37752789101984485,-0.8824603895167078,-0.006418200967069601,0.9936023516908867,210,5
DAX,0.15,W,8,Crisis_next_8W,RSkew,0.0018587716867292103,0.7643216099414568,0.2998106255483067,0.22217805686289904,1.2487937143606136,210,5
DAX,0.15,W,8,Crisis_next_8W,RSV_Ratio,0.00015704443775810262,0.9307293357237898,0.08692725428898994,0.36276743191011857,1.4373015498918311,210,5
DAX,0.15,W,8,Crisis_next_8W,HillTail,0.03183172343465912,0.25057890922692816,-1.1489443966482942,-8.265947329216969,0.00025712522646916176,210,5
DAX,0.15,W,12,Crisis_next_12W,HY_Spread,0.04659274895508392,0.08289975021626209,1.7341033332333589,0.13818799067107293,1.1481913792545317,206,5
DAX,0.15,W,12,Crisis_next_12W,Yield_Curve,0.0004766558827831169,0.8810511407100359,0.14963684072857222,0.0758073182924705,1.0787546978337605,206,5
DAX,0.15,W,12,Crisis_next_12W,Neely,0.0019715049631625625,0.7680548472934462,-0.294920191147335,-0.33305651424662974,0.7167296875727799,206,5
DAX,0.15,W,12,Crisis_next_12W,PatroCorr,0.0012790971981597732,0.808571661235608,0.24226909232313773,0.7494730461826112,2.115884749245514,206,5
DAX,0.15,W,12,Crisis_next_12W,SahmIndicator,8.69762751631864e-06,0.9847475589412341,-0.019117264407483923,-0.041494070025873686,0.9593550242750766,206,5
DAX,0.15,W,12,Crisis_next_12W,VIX,0.003596673752111923,0.6682296123846442,0.428579025248648,0.02249525401384012,1.0227501801947272,206,5
DAX,0.15,W,12,Crisis_next_12W,M2_Growth,0.0015984133676724133,0.7862758074049607,0.2711498174614276,0.09730468685266763,1.1021961471406192,206,5
DAX,0.15,W,12,Crisis_next_12W,BuffettDeviation,0.0030142471302688767,0.7026012487096822,-0.3818114182905207,-1.1106907946669649,0.3293313821166433,206,5
DAX,0.15,W,12,Crisis_next_12W,Systemic_Corr,0.0021344029365575334,0.7540919169018536,0.31324844287892095,1.7601147526381005,5.81310442519843,206,5
DAX,0.15,W,12,Crisis_next_12W,Shiller_CAPE,0.033454127167092396,0.20993033461238686,-1.253757022823186,-0.10928978545494325,0.8964705957143444,206,5
DAX,0.15,W,12,Crisis_next_12W,YC_10Y3M,0.0004766558827831169,0.8810511407100359,0.14963684072857222,0.0758073182924705,1.0787546978337605,206,5
DAX,0.15,W,12,Crisis_next_12W,CFNAI,0.024284409875759083,0.23124160258035553,-1.1971666584879526,-0.27354387112881723,0.7606789637790147,206,5
DAX,0.15,W,12,Crisis_next_12W,CISS,0.02080307325271935,0.2906337766103654,1.0567323059124616,2.011855567491183,7.4771788929046865,206,5
DAX,0.15,W,12,Crisis_next_12W,Downside_Beta,0.11827042528838894,0.03489943934723202,-2.1095232728575835,-5.790610684696223,0.003056115283606298,206,5
DAX,0.15,W,12,Crisis_next_12W,NFCI,0.05638841446359433,0.05116639361428941,1.9500816029094148,0.9616561934216457,2.6160255318312227,206,5
DAX,0.15,W,12,Crisis_next_12W,EPU,0.001442375834563081,0.8039750416905607,-0.24820597746542047,-0.0010354758358814824,0.9989650600842285,206,5
DAX,0.15,W,12,Crisis_next_12W,RSkew,0.0019550521464284376,0.7588242960196423,0.3070250622124128,0.22555432190777863,1.2530170985469538,206,5
DAX,0.15,W,12,Crisis_next_12W,RSV_Ratio,6.389225539948917e-05,0.9557560520309272,0.05548001388674424,0.22935185249251883,1.2577845157789256,206,5
DAX,0.15,W,12,Crisis_next_12W,HillTail,0.07521198740245005,0.08918146196787571,-1.6997313906988352,-13.929522032819962,8.922477174098706e-07,206,5
DAX,0.15,W,16,Crisis_next_16W,HY_Spread,0.008127953332841775,0.574093357816024,-0.5620332608504195,-0.12417677384545256,0.8832236962328345,204,6
DAX,0.15,W,16,Crisis_next_16W,Yield_Curve,0.026811282206625764,0.2343813763121898,1.189148143453814,0.5680536193169754,1.7648286778798226,204,6
DAX,0.15,W,16,Crisis_next_16W,Neely,0.005643077593069701,0.6023469775430517,-0.521028414208937,-0.5768766081682715,0.5616498824614315,204,6
DAX,0.15,W,16,Crisis_next_16W,PatroCorr,0.0129733090993015,0.4308046223546238,0.7878155186857697,2.5423252748500973,12.709188996310907,204,6
DAX,0.15,W,16,Crisis_next_16W,SahmIndicator,0.013135572311307908,0.4764358631604936,-0.7120466917026947,-2.2593091677428396,0.10442259834201204,204,6
DAX,0.15,W,16,Crisis_next_16W,VIX,0.0061597670254567305,0.5901000919498901,-0.5386909896824692,-0.03594697355288055,0.9646914462868484,204,6
DAX,0.15,W,16,Crisis_next_16W,M2_Growth,0.04398413012175861,0.11809042927180795,-1.5628391664129702,-0.4523821546432958,0.6361110304856996,204,6
DAX,0.15,W,16,Crisis_next_16W,BuffettDeviation,0.00265509048569601,0.7072031643141312,0.3756149641465386,1.0734891128900792,2.925569354608883,204,6
DAX,0.15,W,16,Crisis_next_16W,Systemic_Corr,0.0003135826621567528,0.8967365213086096,0.1297850119934231,0.6608105966932154,1.936361306486238,204,6
DAX,0.15,W,16,Crisis_next_16W,Shiller_CAPE,0.0027087242383707633,0.7006244130767424,-0.3844777106690667,-0.03084052734751759,0.9696301902454587,204,6
DAX,0.15,W,16,Crisis_next_16W,YC_10Y3M,0.026811282206625764,0.2343813763121898,1.189148143453814,0.5680536193169754,1.7648286778798226,204,6
DAX,0.15,W,16,Crisis_next_16W,CFNAI,0.017607338075204537,0.3507951580403924,0.933048053626768,0.33767369929780394,1.4016830586108195,204,6
DAX,0.15,W,16,Crisis_next_16W,CISS,0.0011366178842096009,0.8089693089839319,-0.24175590396556704,-0.576727988760532,0.5617333607374122,204,6
DAX,0.15,W,16,Crisis_next_16W,Downside_Beta,0.03705301898711877,0.17880342434880614,-1.3444484226363314,-2.8852880348871226,0.05583870372523386,204,6
DAX,0.15,W,16,Crisis_next_16W,NFCI,0.01655276978256104,0.4487197664255611,-0.7575510954930463,-1.7058093462455484,0.18162532889522828,204,6
DAX,0.15,W,16,Crisis_next_16W,EPU,0.009600152659989925,0.5311252155682147,-0.6262892812990087,-0.0031352586020519874,0.996869651188704,204,6
DAX,0.15,W,16,Crisis_next_16W,RSkew,0.048310574267684814,0.09025317754191968,1.694063708850549,1.0065172904122228,2.7360555157868736,204,6
DAX,0.15,W,16,Crisis_next_16W,RSV_Ratio,0.01472399970321736,0.3727881467217201,-0.8912629004952956,-3.340037462106307,0.03543563020338723,204,6
DAX,0.15,W,16,Crisis_next_16W,HillTail,0.02232178611937352,0.2986318790855427,-1.039371745954175,-6.782476620131566,0.001133464258911288,204,6
DAX,0.15,M,6,Crisis_next_6M,HY_Spread,0.009406207100528863,0.5017749128935562,-0.6716996678186273,-0.13084934107518417,0.8773499450338561,203,8
DAX,0.15,M,6,Crisis_next_6M,Yield_Curve,0.03887919964357711,0.11170759905836507,1.5905645889178255,0.6653067427582025,1.945087071211644,203,8
DAX,0.15,M,6,Crisis_next_6M,Neely,0.013717681415990057,0.3871888602238315,-0.8647266106284622,-0.9352457794187258,0.3924893878622865,203,8
DAX,0.15,M,6,Crisis_next_6M,PatroCorr,0.015318437202578195,0.3422856084571726,0.9496588829413418,2.7221388840094756,15.212825941889568,203,8
DAX,0.15,M,6,Crisis_next_6M,SahmIndicator,0.09743842441585393,0.960775110262849,-0.049180927824571286,-302.0456804560309,6.656220421510885e-132,203,8
DAX,0.15,M,6,Crisis_next_6M,VIX,0.015610039981517887,0.35785715496778503,-0.9194559137253395,-0.061120189085564595,0.9407101698861626,203,8
DAX,0.15,M,6,Crisis_next_6M,M2_Growth,0.026171555887465447,0.17781766670537635,-1.3475049300346063,-0.33911265531139784,0.7124021886779898,203,8
DAX,0.15,M,6,Crisis_next_6M,BuffettDeviation,0.02821317932889411,0.18681407531624905,1.3200627288513984,3.6178221914081194,37.256342225055775,203,8
DAX,0.15,M,6,Crisis_next_6M,Systemic_Corr,2.0699581583794036e-05,0.9702824141572314,-0.03725408595556958,-0.15916306331902363,0.8528572778915422,203,8
DAX,0.15,M,6,Crisis_next_6M,Shiller_CAPE,0.0010317446305323497,0.792749205217793,0.2627423077214293,0.018563721150299844,1.018737098201137,203,8
DAX,0.15,M,6,Crisis_next_6M,YC_10Y3M,0.03887919964357711,0.11170759905836507,1.5905645889178255,0.6653067427582025,1.945087071211644,203,8
DAX,0.15,M,6,Crisis_next_6M,CFNAI,0.15052488284852394,0.00339135574672218,2.9298409173644475,1.0616567686186344,2.8911570017075703,203,8
DAX,0.15,M,6,Crisis_next_6M,CISS,0.004994209144409734,0.5852997272170899,-0.5456599203549896,-1.2442861521876625,0.2881465274998587,203,8
DAX,0.15,M,6,Crisis_next_6M,Downside_Beta,0.0028036356757278336,0.6597856835762478,0.4402090805369084,0.6759909678810557,1.9659802342422161,203,8
DAX,0.15,M,6,Crisis_next_6M,NFCI,0.03011383215240737,0.24739504125013412,-1.1566997759967304,-2.5450357196904254,0.07847024899765838,203,8
DAX,0.15,M,6,Crisis_next_6M,EPU,0.039924980287567524,0.18137251864316173,-1.3365409697835746,-0.00916928559986497,0.9908726241074979,203,8
DAX,0.15,M,6,Crisis_next_6M,RSkew,0.001891801521037073,0.7190991945397898,0.35966295996235964,0.21573647495571965,1.2407753605319598,203,8
DAX,0.15,M,6,Crisis_next_6M,RSV_Ratio,0.0025451556441218326,0.6772760255354568,-0.4161830996725666,-1.3533016015909458,0.2583857639689084,203,8
DAX,0.15,M,6,Crisis_next_6M,HillTail,0.0013143770334398397,0.7703019534437578,-0.2919799506292447,-1.390119834980352,0.24904545848577334,203,8
DAX,0.15,M,12,Crisis_next_12M,HY_Spread,0.23839445931736503,0.009882236756844655,-2.5799229288618237,-2.1712029221347766,0.1140403527037869,197,7
DAX,0.15,M,12,Crisis_next_12M,Yield_Curve,0.00782910880721166,0.48882126498012557,-0.6921848286464188,-0.2833784351780217,0.7532346834148339,197,7
DAX,0.15,M,12,Crisis_next_12M,Neely,0.07411312442168572,0.9710602490115466,-0.03627855537757797,-12.714707936952523,3.006578198621586e-06,197,7
DAX,0.15,M,12,Crisis_next_12M,PatroCorr,0.005269248812820426,0.5678303307925316,-0.5712497915186763,-1.3885935250354997,0.24942586928432187,197,7
DAX,0.15,M,12,Crisis_next_12M,SahmIndicator,0.0876871981570978,0.9453663115335608,-0.06852676905384589,-271.49584680118704,1.2326843282113306e-118,197,7
DAX,0.15,M,12,Crisis_next_12M,VIX,0.049588713248582605,0.15534059972965622,-1.420917999086742,-0.1328100635483386,0.8756313906344957,197,7
DAX,0.15,M,12,Crisis_next_12M,M2_Growth,0.03381111535896475,0.15525075447376865,1.4212270801989557,0.4195500146318028,1.5212768492531235,197,7
DAX,0.15,M,12,Crisis_next_12M,BuffettDeviation,0.2914698476186751,0.0011779800389727106,3.244158918305359,16.23049640201529,11189611.956855549,197,7
DAX,0.15,M,12,Crisis_next_12M,Systemic_Corr,0.005777722870861868,0.5469186689920289,-0.6023838330320775,-2.701116991622653,0.06713048665457831,197,7
DAX,0.15,M,12,Crisis_next_12M,Shiller_CAPE,0.1902464533341709,0.002772181723712539,2.991931815237921,0.2978089189849519,1.3469043954298805,197,7
DAX,0.15,M,12,Crisis_next_12M,YC_10Y3M,0.00782910880721166,0.48882126498012557,-0.6921848286464188,-0.2833784351780217,0.7532346834148339,197,7
DAX,0.15,M,12,Crisis_next_12M,CFNAI,0.1665224893825914,0.0041874547919654405,2.863684037460116,1.145306250272947,3.14340387774104,197,7
DAX,0.15,M,12,Crisis_next_12M,CISS,0.15350180626004273,0.11358224549552888,-1.5822949831432431,-23.9922120512574,3.804649881392079e-11,197,7
DAX,0.15,M,12,Crisis_next_12M,Downside_Beta,0.0006579628381265801,0.8429776324795771,-0.19808618623342933,-0.3393809896698734,0.7122110523390847,197,7
DAX,0.15,M,12,Crisis_next_12M,NFCI,0.11580581938243484,0.028832267706501415,-2.1857723079927482,-6.750331518367512,0.0011704915170260548,197,7
DAX,0.15,M,12,Crisis_next_12M,EPU,0.004339372262905372,0.6321010552188779,-0.4787716948356881,-0.0025000512863853235,0.997503071239132,197,7
DAX,0.15,M,12,Crisis_next_12M,RSkew,0.030291755007046173,0.18589764069172698,-1.3228127963375322,-0.9192598878440233,0.39881409904573234,197,7
DAX,0.15,M,12,Crisis_next_12M,RSV_Ratio,1.7236782060336964e-05,0.9703725222228984,0.03714107408496192,0.12882253508349695,1.137488241996871,197,7
DAX,0.15,M,12,Crisis_next_12M,HillTail,0.0004695430632768449,0.8691871484077369,-0.16469106708025727,-0.87994660974619,0.41480505763769593,197,7
DAX,0.15,M,18,Crisis_next_18M,HY_Spread,0.13102017086737716,0.2175331311108586,-1.2331142782584612,-1.434062419747929,0.23833872096887465,191,2
DAX,0.15,M,18,Crisis_next_18M,Yield_Curve,0.002744010163861721,0.8037434634358434,-0.24850530831098458,-0.18751027632908665,0.8290205988481333,191,2
DAX,0.15,M,18,Crisis_next_18M,Neely,0.020104871488618392,0.49458154248146224,0.6830400390865314,0.9728089522879095,2.645364736201484,191,2
DAX,0.15,M,18,Crisis_next_18M,PatroCorr,0.021652563275213255,0.48215086838052357,-0.702847377133696,-3.0295410942324272,0.048337815539350015,191,2
DAX,0.15,M,18,Crisis_next_18M,SahmIndicator,0.03501731718298162,0.32025360261287106,0.9939368706801704,2.1949874075810536,8.979887977595896,191,2
DAX,0.15,M,18,Crisis_next_18M,VIX,0.031891110934962,0.48317433277579114,-0.7012062134417135,-0.11357661992367271,0.892635800104087,191,2
DAX,0.15,M,18,Crisis_next_18M,M2_Growth,0.018070691392215732,0.5254951779994672,0.6348976375027275,0.3341706460032906,1.3967814784152448,191,2
DAX,0.15,M,18,Crisis_next_18M,BuffettDeviation,0.048752772619991225,0.32340830570988977,0.987478116552006,5.763281250015845,318.39133837874004,191,2
DAX,0.15,M,18,Crisis_next_18M,Systemic_Corr,0.1019493145340683,0.1309790294531262,-1.5102524122449914,-11.84541123765473,7.171388717523902e-06,191,2
DAX,0.15,M,18,Crisis_next_18M,Shiller_CAPE,0.18384578119477157,0.0763223061527229,1.7724354222681555,0.3208132109143396,1.3782481151433656,191,2
DAX,0.15,M,18,Crisis_next_18M,YC_10Y3M,0.002744010163861721,0.8037434634358434,-0.24850530831098458,-0.18751027632908665,0.8290205988481333,191,2
DAX,0.15,M,18,Crisis_next_18M,CFNAI,0.047700269254525085,0.32844794059168103,0.9772448668771689,0.6333349432663468,1.8838827568875651,191,2
DAX,0.15,M,18,Crisis_next_18M,CISS,0.751741817872298,0.18061112255647582,-1.3388757585721294,-3512.817659134703,0.0,191,2
DAX,0.15,M,18,Crisis_next_18M,Downside_Beta,3.269487693469131e-06,0.9931814860207702,0.008545843983741391,0.026086295708138123,1.0264295211140462,191,2
DAX,0.15,M,18,Crisis_next_18M,NFCI,0.09747446137464177,0.2245968151155887,-1.2143952848241168,-6.947971139192933,0.000960582065324142,191,2
DAX,0.15,M,18,Crisis_next_18M,EPU,0.007851427531945343,0.7037047921695666,-0.38032417525556406,-0.004507471038815984,0.9955026723626812,191,2
DAX,0.15,M,18,Crisis_next_18M,RSkew,0.00070405748004021,0.9005298392162489,0.12499205624734615,0.1458141062846148,1.1569810925450406,191,2
DAX,0.15,M,18,Crisis_next_18M,RSV_Ratio,0.0007232197820086217,0.8999417108812748,-0.12573498084952361,-0.7986342970106852,0.44994303324928286,191,2
DAX,0.15,M,18,Crisis_next_18M,HillTail,0.005462679506257451,0.7116963148732037,0.3695788465324053,2.9498570107124804,19.103221976830913,191,2
DAX,0.15,M,24,Crisis_next_24M,HY_Spread,0.17438192215425052,0.29425234334491035,-1.048838741716933,-2.006244624233923,0.13449279848530182,185,1
DAX,0.15,M,24,Crisis_next_24M,Yield_Curve,0.004494628207142748,0.8139162543745507,0.23537684746327642,0.2733490474523001,1.3143589384060277,185,1
DAX,0.15,M,24,Crisis_next_24M,Neely,0.20186137300423312,0.761188103577258,0.3039209669601225,7.280417629316761,1451.5941268061229,185,1
DAX,0.15,M,24,Crisis_next_24M,PatroCorr,0.1995603359952236,0.3463486001901488,-0.9416954207656048,-13.609736435915854,1.2284756870822517e-06,185,1
DAX,0.15,M,24,Crisis_next_24M,SahmIndicator,0.049634376333689945,0.9542599726903946,-0.05735805818069671,-205.8792996703891,3.8704032441760502e-90,185,1
DAX,0.15,M,24,Crisis_next_24M,VIX,8.702143169658783e-05,0.9735394916165192,0.03316941045229582,0.0041682053420143365,1.0041769043921773,185,1
DAX,0.15,M,24,Crisis_next_24M,M2_Growth,0.016594542053784633,0.6480105921951141,0.4565276503829959,0.33179500715566296,1.3934671684339834,185,1
DAX,0.15,M,24,Crisis_next_24M,BuffettDeviation,0.029012732701015342,0.5655077631041384,0.5746799600425607,4.520257445616524,91.85924369390946,185,1
DAX,0.15,M,24,Crisis_next_24M,Systemic_Corr,0.06600551349676032,0.41013553329597097,0.8236551442902722,13.714899226949559,904284.4319050475,185,1
DAX,0.15,M,24,Crisis_next_24M,Shiller_CAPE,0.08032793701200336,0.345072706083169,0.9441897227428321,0.2031042023135762,1.2252001302842133,185,1
DAX,0.15,M,24,Crisis_next_24M,YC_10Y3M,0.004494628207142748,0.8139162543745507,0.23537684746327642,0.2733490474523001,1.3143589384060277,185,1
DAX,0.15,M,24,Crisis_next_24M,CFNAI,0.06808395059860917,0.3889016373481111,0.8616109608268099,0.8216803678182055,2.2743183197194266,185,1
DAX,0.15,M,24,Crisis_next_24M,CISS,0.0790450300073684,0.546954470826804,-0.6023300365845463,-13.434333103410612,1.4640073771358764e-06,185,1
DAX,0.15,M,24,Crisis_next_24M,Downside_Beta,0.5722183970296713,0.21261610397669883,-1.2464040259183335,-50.080633477829686,1.7793329876535554e-22,185,1
DAX,0.15,M,24,Crisis_next_24M,NFCI,0.010840192561157314,0.774770505988283,-0.2861405094506673,-1.3943213683614903,0.2480012807883121,185,1
DAX,0.15,M,24,Crisis_next_24M,EPU,0.10259517274617713,0.3795614947810241,-0.8787045430054848,-0.028023507242657914,0.9723655089006149,185,1
DAX,0.15,M,24,Crisis_next_24M,RSkew,0.03961387627887547,0.49133047437748034,-0.6881942341471419,-1.2170367699732823,0.2961062992691824,185,1
DAX,0.15,M,24,Crisis_next_24M,RSV_Ratio,0.21328257129246775,0.15690674380195466,1.4155518962511628,17.939232148197434,61788767.373487934,185,1
DAX,0.15,M,24,Crisis_next_24M,HillTail,0.008731625564646128,0.74828204401504,-0.32090544957885886,-5.082021874563464,0.006207345844973913,185,1
