Date,CISS
2006-10-10,0.0105560929535905
2006-10-11,0.0102210717118991
2006-10-12,0.0132105001235694
2006-10-13,0.015883825551667
2006-10-16,0.0180253419411716
2006-10-17,0.0138052420579106
2006-10-18,0.0136385715924024
2006-10-19,0.0172083101924593
2006-10-20,0.0154965015843148
2006-10-23,0.0229167062601865
2006-10-24,0.02281445076508
2006-10-25,0.0198111826875084
2006-10-26,0.0181800378699274
2006-10-27,0.0266607295464391
2006-10-30,0.0216114920923607
2006-10-31,0.0216574754375807
2006-11-01,0.017998424230498
2006-11-02,0.0143054764399921
2006-11-03,0.0167049304900016
2006-11-06,0.0177268805618878
2006-11-07,0.0220298545510546
2006-11-08,0.017478136502598
2006-11-09,0.0212712008225122
2006-11-10,0.0195584930889552
2006-11-13,0.0255807342394276
2006-11-14,0.0224346052973731
2006-11-15,0.0216273635991538
2006-11-16,0.0170831870081719
2006-11-17,0.0143785423571299
2006-11-20,0.0121232402904056
2006-11-21,0.0112913757463565
2006-11-22,0.0185129901623824
2006-11-23,0.0132597864996383
2006-11-24,0.020048747218566
2006-11-27,0.0195761090169189
2006-11-28,0.0344101206918982
2006-11-29,0.031665443863465
2006-11-30,0.0294468213816345
2006-12-01,0.0274776153198117
2006-12-04,0.0247510024038404
2006-12-05,0.0223859986796729
2006-12-06,0.0193004227241113
2006-12-07,0.0152443525367073
2006-12-08,0.0144572693015467
2006-12-11,0.0152663399312483
2006-12-12,0.0118004648124408
2006-12-13,0.0143667193793299
2006-12-14,0.017086256590102
2006-12-15,0.0174330564985818
2006-12-18,0.0174080525857232
2006-12-19,0.0146898073735147
2006-12-20,0.0183957482983071
2006-12-21,0.0175070570290039
2006-12-22,0.0136009665570535
2006-12-25,0.010916246658758
2006-12-26,0.0085944761802708
2006-12-27,0.0142324807287167
2006-12-28,0.0119970898245395
2006-12-29,0.0110791858352155
2007-01-01,0.0064765321457427
2007-01-02,0.0047209625967004
2007-01-03,0.0035676955308339
2007-01-04,0.0029988552203775
2007-01-05,0.0031609372092213
2007-01-08,0.0041200547940978
2007-01-09,0.0061049184552689
2007-01-10,0.0070245991734618
2007-01-11,0.0092445290312275
2007-01-12,0.0078786662705596
2007-01-15,0.0079061409203002
2007-01-16,0.0071029475448189
2007-01-17,0.0071172074293666
2007-01-18,0.0066694456313764
2007-01-19,0.0060522805350126
2007-01-22,0.00616288787138
2007-01-23,0.0045008446686525
2007-01-24,0.0036623621503498
2007-01-25,0.0035809221333864
2007-01-26,0.0042843151857611
2007-01-29,0.0034818233383917
2007-01-30,0.0026123609488686
2007-01-31,0.0023082550899762
2007-02-01,0.0030001322098709
2007-02-02,0.0020396202777934
2007-02-05,0.0015441396330439
2007-02-06,0.0016492160888712
2007-02-07,0.0015851466937371
2007-02-08,0.0015265408176807
2007-02-09,0.0037958148243634
2007-02-12,0.0050352452550259
2007-02-13,0.0074770989625423
2007-02-14,0.0109354503610467
2007-02-15,0.0092597111475632
2007-02-16,0.0057995493249501
2007-02-19,0.0052194680554955
2007-02-20,0.0065981348775105
2007-02-21,0.0082572159722497
2007-02-22,0.0110200785418462
2007-02-23,0.0129157805439128
2007-02-26,0.0181063710730098
2007-02-27,0.0424490308622771
2007-02-28,0.0464782219957521
2007-03-01,0.0477800255738216
2007-03-02,0.043017732280188
2007-03-05,0.0510423480066597
2007-03-06,0.0435241302147262
2007-03-07,0.0345877815965419
2007-03-08,0.0271618633023836
2007-03-09,0.0206454721466477
2007-03-12,0.0170425622381649
2007-03-13,0.0162612612514137
2007-03-14,0.0158027381627829
2007-03-15,0.0126158809981513
2007-03-16,0.0112803654668139
2007-03-19,0.0101902450726298
2007-03-20,0.0090508565999005
2007-03-21,0.0079705905605147
2007-03-22,0.0076602315480037
2007-03-23,0.0082770963267376
2007-03-26,0.009642947433143
2007-03-27,0.0110914463047978
2007-03-28,0.014049636929765
2007-03-29,0.0137555456807713
2007-03-30,0.0133027959757961
2007-04-02,0.012385013793998
2007-04-03,0.0111822512071803
2007-04-04,0.0102621628507842
2007-04-05,0.0085030596841183
2007-04-06,0.0086311972332272
2007-04-09,0.0087330692475908
2007-04-10,0.0106473391285668
2007-04-11,0.0113317729452512
2007-04-12,0.0117209250390431
2007-04-13,0.0147627076467358
2007-04-16,0.0133599509891908
2007-04-17,0.0156818503213059
2007-04-18,0.0140496219969588
2007-04-19,0.0296346166179617
2007-04-20,0.0244714705523067
2007-04-23,0.0213781359136606
2007-04-24,0.0181474167995002
2007-04-25,0.0159889407088123
2007-04-26,0.0134422489316865
2007-04-27,0.0122295185595077
2007-04-30,0.0131859510467169
2007-05-01,0.0132606161233021
2007-05-02,0.0129909452872017
2007-05-03,0.0131084357418714
2007-05-04,0.0100873624330306
2007-05-07,0.0084031935053423
2007-05-08,0.008621192169399
2007-05-09,0.0082239437405725
2007-05-10,0.0101778800341456
2007-05-11,0.0122481563607137
2007-05-14,0.0164549815197403
2007-05-15,0.0209484690973374
2007-05-16,0.019901090004213
2007-05-17,0.0175172282053365
2007-05-18,0.0136648795076695
2007-05-21,0.0162896558258998
2007-05-22,0.0186833132149203
2007-05-23,0.0168302785523101
2007-05-24,0.0141196520681516
2007-05-25,0.0114666712757268
2007-05-28,0.0103200736601909
2007-05-29,0.0100098519360266
2007-05-30,0.0093871899592472
2007-05-31,0.009864478633723
2007-06-01,0.0088916548268039
2007-06-04,0.0076705770550193
2007-06-05,0.0066994967864312
2007-06-06,0.00599600384014
2007-06-07,0.0049768970831261
2007-06-08,0.0030385859654621
2007-06-11,0.0023916471592059
2007-06-12,0.0016148923781735
2007-06-13,0.0038829259017494
2007-06-14,0.0040752519963536
2007-06-15,0.0047246370897617
2007-06-18,0.0085404201058504
2007-06-19,0.0096551585991812
2007-06-20,0.0099014446707216
2007-06-21,0.0102275663377342
2007-06-22,0.0100071362140495
2007-06-25,0.010146156616516
2007-06-26,0.0081492414598354
2007-06-27,0.0080986519302063
2007-06-28,0.0076844449748964
2007-06-29,0.005762724210896
2007-07-02,0.0029866148203791
2007-07-03,0.0082913942184376
2007-07-04,0.0087003121938657
2007-07-05,0.0088985224702381
2007-07-06,0.0087008106163765
2007-07-09,0.0086362588616119
2007-07-10,0.0082305261182768
2007-07-11,0.0092047335422966
2007-07-12,0.0085519070623272
2007-07-13,0.0073404639223256
2007-07-16,0.0057677199674344
2007-07-17,0.0053529068214682
2007-07-18,0.0045341475122115
2007-07-19,0.004311115537487
2007-07-20,0.0064678205062614
2007-07-23,0.0075842064256707
2007-07-24,0.0064013774039658
2007-07-25,0.0053538064033137
2007-07-26,0.0056791837464184
2007-07-27,0.0103284341740705
2007-07-30,0.0126900532925815
2007-07-31,0.0180990573367597
2007-08-01,0.0278886671102537
2007-08-02,0.0311843104549477
2007-08-03,0.0378743407972156
2007-08-06,0.0416282900295067
2007-08-07,0.0402572259424255
2007-08-08,0.0447570636924431
2007-08-09,0.0426884498658986
2007-08-10,0.0377661234750899
2007-08-13,0.038443377444067
2007-08-14,0.0379131574029821
2007-08-15,0.0461717729772566
2007-08-16,0.0499324262121338
2007-08-17,0.0463589376813071
2007-08-20,0.0617343669994996
2007-08-21,0.0633356336740813
2007-08-22,0.0547060847875786
2007-08-23,0.0784839509697031
2007-08-24,0.0849425077977546
2007-08-27,0.095837909724936
2007-08-28,0.0736520739968244
2007-08-29,0.0765881993862961
2007-08-30,0.0813315369206628
2007-08-31,0.0805556761312723
2007-09-03,0.0805856092675818
2007-09-04,0.0805978070261519
2007-09-05,0.0802540799640406
2007-09-06,0.0807703086201122
2007-09-07,0.0819496975930583
2007-09-10,0.088894715386708
2007-09-11,0.0921746429610394
2007-09-12,0.0895263013856554
2007-09-13,0.0880366196078438
2007-09-14,0.1126539914615834
2007-09-17,0.1122654239474948
2007-09-18,0.1041519267865521
2007-09-19,0.1106894535920407
2007-09-20,0.1067431896099041
2007-09-21,0.0938606805558064
2007-09-24,0.0958434386277303
2007-09-25,0.0756813005585353
2007-09-26,0.0760667931949392
2007-09-27,0.0786790114122911
2007-09-28,0.0756847697003116
2007-10-01,0.073122377515813
2007-10-02,0.0797957937845128
2007-10-03,0.0686946170947495
2007-10-04,0.0558691709519968
2007-10-05,0.0581662940124335
2007-10-08,0.0559952395862003
2007-10-09,0.0538861705132115
2007-10-10,0.0561016797169709
2007-10-11,0.0562773431711695
2007-10-12,0.0530717842489568
2007-10-15,0.0514953745047902
2007-10-16,0.0467396049352964
2007-10-17,0.05124413664226
2007-10-18,0.0400924406818335
2007-10-19,0.038263863459019
2007-10-22,0.035742168136016
2007-10-23,0.0528080350405693
2007-10-24,0.0602055922640111
2007-10-25,0.0727268060322058
2007-10-26,0.0751776296134932
2007-10-29,0.0795397245495005
2007-10-30,0.0767434272035521
2007-10-31,0.0774379079131303
2007-11-01,0.0795016659314259
2007-11-02,0.0708949801547932
2007-11-05,0.0646314327419645
2007-11-06,0.0595520987766717
2007-11-07,0.0815340847340992
2007-11-08,0.0861492399772559
2007-11-09,0.0857704563344169
2007-11-12,0.0715468976470925
2007-11-13,0.0751195308420263
2007-11-14,0.0904113675660633
2007-11-15,0.0865373876101103
2007-11-16,0.0755385564279311
2007-11-19,0.0715767884813818
2007-11-20,0.0705101624393176
2007-11-21,0.0720606774125982
2007-11-22,0.0710752969412616
2007-11-23,0.0704291139957806
2007-11-26,0.0688478969369526
2007-11-27,0.069145976333191
2007-11-28,0.0659704748711774
2007-11-29,0.0622633502967117
2007-11-30,0.0535528714772138
2007-12-03,0.0478238801241931
2007-12-04,0.0398937545943193
2007-12-05,0.0352794714752176
2007-12-06,0.0311337157230347
2007-12-07,0.0245209688502029
2007-12-10,0.0221946157006919
2007-12-11,0.0196569287356551
2007-12-12,0.0206431949249557
2007-12-13,0.0206358150631794
2007-12-14,0.0387378711534157
2007-12-17,0.0572296315830438
2007-12-18,0.0605546119719368
2007-12-19,0.06392855256085
2007-12-20,0.0618496071135457
2007-12-21,0.0647719129438217
2007-12-24,0.0746313440164124
2007-12-25,0.0745534577387769
2007-12-26,0.0757575213644976
2007-12-27,0.0771844629588379
2007-12-28,0.07534861194912
2007-12-31,0.0635157314137425
2008-01-01,0.0587877227568455
2008-01-02,0.0615815947020114
2008-01-03,0.0923378111453501
2008-01-04,0.0920712292723424
2008-01-07,0.0910903708087162
2008-01-08,0.0947889990879748
2008-01-09,0.1006317449765599
2008-01-10,0.0902878468746313
2008-01-11,0.0905836273444071
2008-01-14,0.0967344933216564
2008-01-15,0.1063707632196511
2008-01-16,0.1364680228877667
2008-01-17,0.1493362704538902
2008-01-18,0.1512098041336446
2008-01-21,0.1873330438342967
2008-01-22,0.2100171791727662
2008-01-23,0.2048605053284128
2008-01-24,0.2295421861253376
2008-01-25,0.2287373736861341
2008-01-28,0.2300968504185973
2008-01-29,0.2208125530562331
2008-01-30,0.2199029970164232
2008-01-31,0.2081347927437926
2008-02-01,0.2083447363604229
2008-02-04,0.1990846505678406
2008-02-05,0.1998644786659184
2008-02-06,0.1949727858830254
2008-02-07,0.1950645984503999
2008-02-08,0.1801262906196326
2008-02-11,0.1650111617621017
2008-02-12,0.1290355635377697
2008-02-13,0.1261390409363966
2008-02-14,0.1182001758298289
2008-02-15,0.1074741340553283
2008-02-18,0.1038035355349908
2008-02-19,0.0988231666813539
2008-02-20,0.0966690987453138
2008-02-21,0.0912381632977247
2008-02-22,0.087277719909459
2008-02-25,0.0886611917094771
2008-02-26,0.0886467738140027
2008-02-27,0.1007584749769471
2008-02-28,0.1217489153074148
2008-02-29,0.1353957703724906
2008-03-03,0.1415169906869017
2008-03-04,0.1389601275240332
2008-03-05,0.1338439655313074
2008-03-06,0.1202899608288228
2008-03-07,0.1227130880296197
2008-03-10,0.1293549610402157
2008-03-11,0.1361627760269191
2008-03-12,0.1388013338032701
2008-03-13,0.1813645302650637
2008-03-14,0.1995377017030054
2008-03-17,0.2161391833575765
2008-03-18,0.2239442986899897
2008-03-19,0.2414825970726069
2008-03-20,0.2618639353498809
2008-03-21,0.2646662165074976
2008-03-24,0.2652357168000013
2008-03-25,0.2580364865507826
2008-03-26,0.2715807462621551
2008-03-27,0.2644114611194019
2008-03-28,0.2638302529765685
2008-03-31,0.261305776190963
2008-04-01,0.2621953360782707
2008-04-02,0.2548794343765652
2008-04-03,0.2363225039915955
2008-04-04,0.2225107385783512
2008-04-07,0.2111616189288062
2008-04-08,0.200729214008924
2008-04-09,0.2002649941241225
2008-04-10,0.1827349951412426
2008-04-11,0.1770680069867536
2008-04-14,0.1885695444154604
2008-04-15,0.1817217956252036
2008-04-16,0.1819894454595473
2008-04-17,0.1776188957201598
2008-04-18,0.1836221327553352
2008-04-21,0.1779960042415821
2008-04-22,0.1713585536261248
2008-04-23,0.17123113776676
2008-04-24,0.1884948793416049
2008-04-25,0.1879877399167521
2008-04-28,0.1811116292450478
2008-04-29,0.1825393424255295
2008-04-30,0.1747758444353814
2008-05-01,0.1601095929408666
2008-05-02,0.1521318055223254
2008-05-05,0.1526614927747684
2008-05-06,0.1367254189589625
2008-05-07,0.1654871299138822
2008-05-08,0.1854734385566648
2008-05-09,0.1896717278449937
2008-05-12,0.1874392503098449
2008-05-13,0.1788579984297196
2008-05-14,0.1670835239337917
2008-05-15,0.1427160194287866
2008-05-16,0.1308149466452332
2008-05-19,0.1212679423328441
2008-05-20,0.1482847137805861
2008-05-21,0.1543888538749399
2008-05-22,0.1719829422980367
2008-05-23,0.1532940176482542
2008-05-26,0.1516489217888098
2008-05-27,0.1448634919630312
2008-05-28,0.1306828436009322
2008-05-29,0.1258332950731559
2008-05-30,0.1191738986787391
2008-06-02,0.1141445750101793
2008-06-03,0.1138381136073446
2008-06-04,0.1114279673194106
2008-06-05,0.1027595618386563
2008-06-06,0.089585542050592
2008-06-09,0.0899050237681889
2008-06-10,0.1376892260317745
2008-06-11,0.1615773705160118
2008-06-12,0.1750342554610808
2008-06-13,0.1772092907524102
2008-06-16,0.1800109620624938
2008-06-17,0.1826665889307474
2008-06-18,0.188348365506169
2008-06-19,0.1864351343055682
2008-06-20,0.183886600647506
2008-06-23,0.1846293352008411
2008-06-24,0.1767835238166602
2008-06-25,0.1677801314408637
2008-06-26,0.1651118314611423
2008-06-27,0.1687968537899441
2008-06-30,0.1555926402316738
2008-07-01,0.1377048457278687
2008-07-02,0.1361853518818941
2008-07-03,0.163100106082714
2008-07-04,0.1549483762288004
2008-07-07,0.1453044666615657
2008-07-08,0.1463092764301913
2008-07-09,0.1475022517109074
2008-07-10,0.1496059205353552
2008-07-11,0.1418555936725701
2008-07-14,0.1322033412654016
2008-07-15,0.1385800205480344
2008-07-16,0.1429472816424922
2008-07-17,0.1476583696018668
2008-07-18,0.1464386976422015
2008-07-21,0.1453315090577396
2008-07-22,0.1392557349102445
2008-07-23,0.13873383183774
2008-07-24,0.1353543177265248
2008-07-25,0.1422867904022484
2008-07-28,0.1366762243670512
2008-07-29,0.1323572200635809
2008-07-30,0.1339662560482858
2008-07-31,0.1340215426621631
2008-08-01,0.1161638990441644
2008-08-04,0.122898552712152
2008-08-05,0.1213269058580165
2008-08-06,0.1242630156783315
2008-08-07,0.1229702439667477
2008-08-08,0.1417298982531953
2008-08-11,0.1485616245962297
2008-08-12,0.1543801599489757
2008-08-13,0.1579343971975441
2008-08-14,0.1683471521677905
2008-08-15,0.1656890954557833
2008-08-18,0.1562026559361719
2008-08-19,0.1424865238814241
2008-08-20,0.14719012595041
2008-08-21,0.1539550251018349
2008-08-22,0.1576295582848251
2008-08-25,0.156724862073877
2008-08-26,0.1428510516830155
2008-08-27,0.1414312950727003
2008-08-28,0.1281467556431268
2008-08-29,0.1299137393985464
2008-09-01,0.1347443079183767
2008-09-02,0.1229695816666305
2008-09-03,0.1070177114191123
2008-09-04,0.0978390766207356
2008-09-05,0.1027807797763298
2008-09-08,0.1180768524572294
2008-09-09,0.1121075357235936
2008-09-10,0.111320219376477
2008-09-11,0.1090551601490049
2008-09-12,0.1142897370801191
2008-09-15,0.1267368319276721
2008-09-16,0.1503586394479509
2008-09-17,0.2067873846877919
2008-09-18,0.2361909224086129
2008-09-19,0.2616678323818018
2008-09-22,0.2629647602894917
2008-09-23,0.2669748323531399
2008-09-24,0.258962014628852
2008-09-25,0.2515917704797664
2008-09-26,0.2474449335830497
2008-09-29,0.2436598557941406
2008-09-30,0.2546498860373881
2008-10-01,0.2197259613110817
2008-10-02,0.2191850194557949
2008-10-03,0.2133234519360248
2008-10-06,0.2558138815004345
2008-10-07,0.2755583216241967
2008-10-08,0.3080711627788932
2008-10-09,0.3087458964074319
2008-10-10,0.3720802901843961
2008-10-13,0.3747446580262644
2008-10-14,0.3618819569786995
2008-10-15,0.3877708378034173
2008-10-16,0.412720773746604
2008-10-17,0.4288421850736697
2008-10-20,0.428484688168334
2008-10-21,0.4509757441520312
2008-10-22,0.4701821345587921
2008-10-23,0.4812286192029964
2008-10-24,0.4926301696128673
2008-10-27,0.5329289553609251
2008-10-28,0.5298855697671456
2008-10-29,0.5394635439607408
2008-10-30,0.5374982683377987
2008-10-31,0.5534907704953724
2008-11-03,0.536792628112442
2008-11-04,0.4986343298454675
2008-11-05,0.509374668182662
2008-11-06,0.5070530006250294
2008-11-07,0.5101355611184955
2008-11-10,0.4997377346551082
2008-11-11,0.5026842919070282
2008-11-12,0.5078132754868289
2008-11-13,0.5176142830111174
2008-11-14,0.5180397190264152
2008-11-17,0.5305486625733542
2008-11-18,0.5410061130533945
2008-11-19,0.5437262961808418
2008-11-20,0.5493550866209359
2008-11-21,0.5482854928043165
2008-11-24,0.5454822939109509
2008-11-25,0.5322743654953779
2008-11-26,0.5140622869461232
2008-11-27,0.476511224918175
2008-11-28,0.4817942433567168
2008-12-01,0.5069349845130875
2008-12-02,0.5160415123781283
2008-12-03,0.5385715209431695
2008-12-04,0.5411581825338452
2008-12-05,0.5908928076093591
2008-12-08,0.6145971112224039
2008-12-09,0.6232925555991023
2008-12-10,0.6337409429320431
2008-12-11,0.6405632279465763
2008-12-12,0.6492312615181884
2008-12-15,0.6479331221709925
2008-12-16,0.647377259360197
2008-12-17,0.6227509076760989
2008-12-18,0.629573933919011
2008-12-19,0.6367656150173513
2008-12-22,0.5953895696330651
2008-12-23,0.6245845727692891
2008-12-24,0.6283553106538897
2008-12-25,0.6190279997419523
2008-12-26,0.6032820301487775
2008-12-29,0.5621567380035972
2008-12-30,0.5488126487744646
2008-12-31,0.4984944976705784
2009-01-01,0.4650291963023713
2009-01-02,0.467039268594142
2009-01-05,0.4814249343917448
2009-01-06,0.4845405851965472
2009-01-07,0.4875566111102464
2009-01-08,0.5044276238490661
2009-01-09,0.5121470676630114
2009-01-12,0.5221683836952541
2009-01-13,0.5294536023635229
2009-01-14,0.5296539729648885
2009-01-15,0.536138155370522
2009-01-16,0.5378123253272837
2009-01-19,0.521826347043731
2009-01-20,0.5234237182811239
2009-01-21,0.5144996253326486
2009-01-22,0.4781011157309341
2009-01-23,0.4700705816712528
2009-01-26,0.451916276348471
2009-01-27,0.4289159249842115
2009-01-28,0.4155751619373672
2009-01-29,0.4122671868350762
2009-01-30,0.399656173811421
2009-02-02,0.3968558567999344
2009-02-03,0.3664641114435996
2009-02-04,0.3336544214206465
2009-02-05,0.347153788883872
2009-02-06,0.3523565831432193
2009-02-09,0.3662053317501049
2009-02-10,0.3845763307119356
2009-02-11,0.3904325269176271
2009-02-12,0.38898407598232
2009-02-13,0.3911095355088708
2009-02-16,0.3836775885824866
2009-02-17,0.4095188498111265
2009-02-18,0.3998464092325736
2009-02-19,0.3861604922025436
2009-02-20,0.3886557943486083
2009-02-23,0.3837313584738821
2009-02-24,0.3889503488530849
2009-02-25,0.3731437696211738
2009-02-26,0.3826990654956599
2009-02-27,0.3859736718930734
2009-03-02,0.3903182290439995
2009-03-03,0.3720734718536102
2009-03-04,0.3706441885667721
2009-03-05,0.3560548717102599
2009-03-06,0.355068083022589
2009-03-09,0.3556240231057838
2009-03-10,0.3515957581249202
2009-03-11,0.3568003839431322
2009-03-12,0.3257963216720334
2009-03-13,0.3293521405554383
2009-03-16,0.3260254408996941
2009-03-17,0.3155820167937147
2009-03-18,0.3339044092841503
2009-03-19,0.3449823388717704
2009-03-20,0.3532263830952316
2009-03-23,0.3618155397690436
2009-03-24,0.3511745502832629
2009-03-25,0.3397804380493721
2009-03-26,0.3326548313602496
2009-03-27,0.3166524630915192
2009-03-30,0.3229287653679663
2009-03-31,0.3184670255685065
2009-04-01,0.3232710839761564
2009-04-02,0.3027105390963593
2009-04-03,0.2791341987226968
2009-04-06,0.2587165204198496
2009-04-07,0.2511779340036348
2009-04-08,0.2498431557771973
2009-04-09,0.2353771868905955
2009-04-10,0.2285575701099345
2009-04-13,0.2229190370942726
2009-04-14,0.2225950433862841
2009-04-15,0.2133297663006035
2009-04-16,0.1988407796439067
2009-04-17,0.1885941885106193
2009-04-20,0.1913583139647232
2009-04-21,0.1847495817232772
2009-04-22,0.1977008899379405
2009-04-23,0.1964927475152757
2009-04-24,0.1940991828462528
2009-04-27,0.2018964296715963
2009-04-28,0.2001586593892634
2009-04-29,0.2126998799499012
2009-04-30,0.2064305080258553
2009-05-01,0.1998196884888559
2009-05-04,0.2084113167684717
2009-05-05,0.1850894338852726
2009-05-06,0.173515395709153
2009-05-07,0.1597827675975247
2009-05-08,0.1558381837807118
2009-05-11,0.1787066866493536
2009-05-12,0.1715593219327564
2009-05-13,0.1691603261929744
2009-05-14,0.163975533852632
2009-05-15,0.1644865287568509
2009-05-18,0.1487026644659816
2009-05-19,0.1320063068295007
2009-05-20,0.1155316262885738
2009-05-21,0.116174889934901
2009-05-22,0.1078236543738825
2009-05-25,0.0942383257295748
2009-05-26,0.0850083465020545
2009-05-27,0.0933496049787236
2009-05-28,0.0918833901923895
2009-05-29,0.1036748485156968
2009-06-01,0.1032950805151912
2009-06-02,0.0969030188229903
2009-06-03,0.0924555565334123
2009-06-04,0.0893240678032636
2009-06-05,0.0842964604099727
2009-06-08,0.077870206165408
2009-06-09,0.0813230033332397
2009-06-10,0.0865513508623744
2009-06-11,0.0863912650913426
2009-06-12,0.0757647734142574
2009-06-15,0.0766236003050001
2009-06-16,0.0817962181390012
2009-06-17,0.0837074041951007
2009-06-18,0.0873091269031981
2009-06-19,0.0769970810239752
2009-06-22,0.0776786833695375
2009-06-23,0.087690588902113
2009-06-24,0.0845653776032637
2009-06-25,0.0818793780976546
2009-06-26,0.081485406807067
2009-06-29,0.0792176257827791
2009-06-30,0.0726537437476131
2009-07-01,0.0638157210275401
2009-07-02,0.066480776576272
2009-07-03,0.0548102289351563
2009-07-06,0.0513479458442976
2009-07-07,0.0458088868896124
2009-07-08,0.047796559891305
2009-07-09,0.0500306031947276
2009-07-10,0.0553786877776883
2009-07-13,0.075846784871257
2009-07-14,0.0924026446789309
2009-07-15,0.1070377294401227
2009-07-16,0.1104612058688419
2009-07-17,0.1167060627035346
2009-07-20,0.1199205123840881
2009-07-21,0.1105452748602743
2009-07-22,0.104293865883097
2009-07-23,0.1132738656113077
2009-07-24,0.1083529140381539
2009-07-27,0.1076909647301629
2009-07-28,0.1041469915188951
2009-07-29,0.1164760400300658
2009-07-30,0.1119345441076019
2009-07-31,0.119203510972048
2009-08-03,0.1234375346422286
2009-08-04,0.1223322427031191
2009-08-05,0.1220338962465453
2009-08-06,0.1097273610909612
2009-08-07,0.142995914373976
2009-08-10,0.1361155624147921
2009-08-11,0.1252139666634267
2009-08-12,0.1313335315315694
2009-08-13,0.1303628149429459
2009-08-14,0.1277080757938803
2009-08-17,0.1316064921564719
2009-08-18,0.1219304020407214
2009-08-19,0.1210738052473954
2009-08-20,0.1120334423252854
2009-08-21,0.1085982349996161
2009-08-24,0.0992936022708355
2009-08-25,0.0858891872842508
2009-08-26,0.0734310234356625
2009-08-27,0.0677534547640507
2009-08-28,0.064328578447003
2009-08-31,0.0599533824563388
2009-09-01,0.0555102988735974
2009-09-02,0.0536605808994688
2009-09-03,0.0562790112965862
2009-09-04,0.062313844970714
2009-09-07,0.0604655351220602
2009-09-08,0.0662742705062905
2009-09-09,0.0686337084818041
2009-09-10,0.0652202373137122
2009-09-11,0.0582311654090438
2009-09-14,0.0589086567861039
2009-09-15,0.0512493923174594
2009-09-16,0.0426041364005551
2009-09-17,0.0385209991565685
2009-09-18,0.0353657976642583
2009-09-21,0.032061749872098
2009-09-22,0.0298322688129583
2009-09-23,0.0288693897500696
2009-09-24,0.0379563228277758
2009-09-25,0.0329461904764646
2009-09-28,0.0394727274610118
2009-09-29,0.0420267694607081
2009-09-30,0.0382680630106789
2009-10-01,0.0299762655562819
2009-10-02,0.0330701177553055
2009-10-05,0.0305697966125713
2009-10-06,0.0285499836437687
2009-10-07,0.0274474837304263
2009-10-08,0.025740689806537
2009-10-09,0.0150827132113754
2009-10-12,0.0169165830724093
2009-10-13,0.0173703914436137
2009-10-14,0.0184908902155444
2009-10-15,0.0205943751148419
2009-10-16,0.0230003351120953
2009-10-19,0.0221567518297279
2009-10-20,0.0210600883465992
2009-10-21,0.017700410219864
2009-10-22,0.0148041678435977
2009-10-23,0.0161941316994364
2009-10-26,0.0148296045221033
2009-10-27,0.0099454730759774
2009-10-28,0.0174742375286903
2009-10-29,0.0306467989952778
2009-10-30,0.0341538844550746
2009-11-02,0.0367739527637768
2009-11-03,0.0415446385748478
2009-11-04,0.0473770462555993
2009-11-05,0.0485218196176933
2009-11-06,0.045264555787442
2009-11-09,0.0464244822042156
2009-11-10,0.0335228288734367
2009-11-11,0.0278360858871621
2009-11-12,0.0249484705684759
2009-11-13,0.0223828093666742
2009-11-16,0.0225426589315332
2009-11-17,0.0193581416390794
2009-11-18,0.0143361535414263
2009-11-19,0.0131067613196094
2009-11-20,0.0116677977642134
2009-11-23,0.0109371217808731
2009-11-24,0.0114840500353234
2009-11-25,0.0145223904608832
2009-11-26,0.0226665348788036
2009-11-27,0.0506829190696191
2009-11-30,0.0620560325371522
2009-12-01,0.0626020878307477
2009-12-02,0.061111306660382
2009-12-03,0.0562179483269008
2009-12-04,0.0509868603654319
2009-12-07,0.0662374586095632
2009-12-08,0.0613209597669448
2009-12-09,0.0595491680804501
2009-12-10,0.0549632624166
2009-12-11,0.0468625799451581
2009-12-14,0.0425566014637702
2009-12-15,0.040504720623164
2009-12-16,0.0361790103564653
2009-12-17,0.0370869383578055
2009-12-18,0.0358084847620172
2009-12-21,0.0349159841626061
2009-12-22,0.0397000788927959
2009-12-23,0.04085551989931
2009-12-24,0.0468790951900557
2009-12-25,0.0406731181027227
2009-12-28,0.031827910424785
2009-12-29,0.0245096633189289
2009-12-30,0.0198634894902874
2009-12-31,0.0213032356027075
2010-01-01,0.0105190555931882
2010-01-04,0.008055938621259
2010-01-05,0.0127621431650344
2010-01-06,0.0092079416227925
2010-01-07,0.0073635307930663
2010-01-08,0.0059142306856237
2010-01-11,0.0081652191671409
2010-01-12,0.0087348582875029
2010-01-13,0.015462542474813
2010-01-14,0.0174309427665608
2010-01-15,0.0179444540046142
2010-01-18,0.0157567704703572
2010-01-19,0.0150494354845307
2010-01-20,0.0249348662364233
2010-01-21,0.0367940402292852
2010-01-22,0.0474168267287342
2010-01-25,0.0462042078120204
2010-01-26,0.0593809409884821
2010-01-27,0.0567646840821944
2010-01-28,0.0535380698460674
2010-01-29,0.0516080678658103
2010-02-01,0.0443282456272476
2010-02-02,0.037599809095975
2010-02-03,0.0326419341286523
2010-02-04,0.0356329945217009
2010-02-05,0.0608064490733012
2010-02-08,0.0634934573286745
2010-02-09,0.0552537951432775
2010-02-10,0.0468681515817785
2010-02-11,0.0370357759982707
2010-02-12,0.0361806120972599
2010-02-15,0.030159432122332
2010-02-16,0.0240146240048771
2010-02-17,0.0198033072232307
2010-02-18,0.0165284529720772
2010-02-19,0.0170610297015508
2010-02-22,0.0163054665474974
2010-02-23,0.0143802183113549
2010-02-24,0.015406393314323
2010-02-25,0.0135882353490066
2010-02-26,0.0102613358523369
2010-03-01,0.0095960871082805
2010-03-02,0.0090693969912605
2010-03-03,0.0084633657077226
2010-03-04,0.0076165823878243
2010-03-05,0.0081944164237082
2010-03-08,0.0105048007108342
2010-03-09,0.0097132024951561
2010-03-10,0.0086278545042613
2010-03-11,0.007155263494343
2010-03-12,0.0074278986656943
2010-03-15,0.0074997528457363
2010-03-16,0.0075131565469109
2010-03-17,0.0092418139044709
2010-03-18,0.0091934609690895
2010-03-19,0.0083345654548585
2010-03-22,0.0093027418217749
2010-03-23,0.008772419375398
2010-03-24,0.0081740387496035
2010-03-25,0.0081305155776251
2010-03-26,0.0066831153966637
2010-03-29,0.0061945100446441
2010-03-30,0.0084148948154496
2010-03-31,0.0093482893349071
2010-04-01,0.0112297294582679
2010-04-02,0.0119929474751631
2010-04-05,0.013248187718438
2010-04-06,0.0143147805875785
2010-04-07,0.0134457891602677
2010-04-08,0.0165762304012153
2010-04-09,0.0141010967890708
2010-04-12,0.0115965399301212
2010-04-13,0.0094230332286978
2010-04-14,0.0082881356096635
2010-04-15,0.0088271714106027
2010-04-16,0.0114938321336207
2010-04-19,0.0269564469510744
2010-04-20,0.0254360278320724
2010-04-21,0.026228166716331
2010-04-22,0.0229306830475645
2010-04-23,0.0212624447123807
2010-04-26,0.0188637709121144
2010-04-27,0.0162177573900506
2010-04-28,0.0152057477184529
2010-04-29,0.0123907273850292
2010-04-30,0.0147629690006405
2010-05-03,0.0127902215859347
2010-05-04,0.0143476819807119
2010-05-05,0.0200906390141746
2010-05-06,0.0272393912564547
2010-05-07,0.0396212187072974
2010-05-10,0.0405721662764803
2010-05-11,0.0442866135795893
2010-05-12,0.040415009924021
2010-05-13,0.0389966780663832
2010-05-14,0.0333730583000271
2010-05-17,0.0421361054865661
2010-05-18,0.0441107666444321
2010-05-19,0.0510190267660554
2010-05-20,0.0566739807180037
2010-05-21,0.0588234837313073
2010-05-24,0.0572426107235827
2010-05-25,0.0704923275470572
2010-05-26,0.0679361130388734
2010-05-27,0.0671504276448987
2010-05-28,0.0680675568139361
2010-05-31,0.0669828246518955
2010-06-01,0.0646870207529956
2010-06-02,0.064079455604699
2010-06-03,0.0674644711857574
2010-06-04,0.059845355070001
2010-06-07,0.0628549497698248
2010-06-08,0.0517294441660691
2010-06-09,0.0495888613419677
2010-06-10,0.0423874433677149
2010-06-11,0.0327571387913887
2010-06-14,0.029855152064737
2010-06-15,0.0254781550252526
2010-06-16,0.0215526035852415
2010-06-17,0.0207203572504026
2010-06-18,0.0203690249074384
2010-06-21,0.0413776258342085
2010-06-22,0.0549860248312242
2010-06-23,0.0582140067788835
2010-06-24,0.0614332835020359
2010-06-25,0.0596511953082545
2010-06-28,0.0550593525545246
2010-06-29,0.0654451507419248
2010-06-30,0.0635895913915481
2010-07-01,0.0583367340622814
2010-07-02,0.0577285973236207
2010-07-05,0.0470219161786759
2010-07-06,0.0465823293043003
2010-07-07,0.0431382388461424
2010-07-08,0.0404381984416208
2010-07-09,0.0458560057130939
2010-07-12,0.0455007378117063
2010-07-13,0.0392854907906551
2010-07-14,0.0343359119397033
2010-07-15,0.0363709522079348
2010-07-16,0.0354413838071976
2010-07-19,0.0277436970522808
2010-07-20,0.029605111022806
2010-07-21,0.0286710009900987
2010-07-22,0.0289343677928981
2010-07-23,0.0268310776463756
2010-07-26,0.0246542418142518
2010-07-27,0.0201257673632515
2010-07-28,0.0198650177016774
2010-07-29,0.0204575989497756
2010-07-30,0.0163446562618709
2010-08-02,0.0193070878337812
2010-08-03,0.0192361317481854
2010-08-04,0.0164212475397277
2010-08-05,0.0112120957826447
2010-08-06,0.011347330022071
2010-08-09,0.0106954574759223
2010-08-10,0.0133614131249896
2010-08-11,0.013487663631125
2010-08-12,0.0138013524248961
2010-08-13,0.0116318357754681
2010-08-16,0.0088693655405992
2010-08-17,0.0065553289342936
2010-08-18,0.0067688806423057
2010-08-19,0.0084070966241545
2010-08-20,0.0084245462556395
2010-08-23,0.0093693648409058
2010-08-24,0.0144012186102639
2010-08-25,0.0143760240263262
2010-08-26,0.0151628566840507
2010-08-27,0.0176348152091981
2010-08-30,0.0176193640902632
2010-08-31,0.020478253518802
2010-09-01,0.0166484829164457
2010-09-02,0.014243462851743
2010-09-03,0.0132162752540342
2010-09-06,0.0114296643698966
2010-09-07,0.0116826126848458
2010-09-08,0.011216832941549
2010-09-09,0.0091421514207787
2010-09-10,0.0094660174696319
2010-09-13,0.008548618866164
2010-09-14,0.0073768477460201
2010-09-15,0.0161475105963762
2010-09-16,0.0163617398032291
2010-09-17,0.011883064826204
2010-09-20,0.0098444711708704
2010-09-21,0.0070874349099655
2010-09-22,0.0071858832107607
2010-09-23,0.0056044499576657
2010-09-24,0.0045900126549929
2010-09-27,0.0128793185392997
2010-09-28,0.0108186871266263
2010-09-29,0.0115154393927378
2010-09-30,0.0107462397792097
2010-10-01,0.0086133740758007
2010-10-04,0.0078866408256432
2010-10-05,0.0061810736600147
2010-10-06,0.0056071314383141
2010-10-07,0.0056919356087307
2010-10-08,0.0083087583941097
2010-10-11,0.0069211485554868
2010-10-12,0.0059810601827595
2010-10-13,0.0063864200947814
2010-10-14,0.0102841311803124
2010-10-15,0.010397677576417
2010-10-18,0.0091287909959152
2010-10-19,0.010078318961051
2010-10-20,0.0256629003587841
2010-10-21,0.0333579115828433
2010-10-22,0.0323907785894836
2010-10-25,0.0395753436138776
2010-10-26,0.0372840465689092
2010-10-27,0.0382143672292151
2010-10-28,0.0353731595114955
2010-10-29,0.0326039615792
2010-11-01,0.0412548628190966
2010-11-02,0.03576220430697
2010-11-03,0.0443537607307165
2010-11-04,0.0538502011008275
2010-11-05,0.0592125030470282
2010-11-08,0.060303051763787
2010-11-09,0.0541944319592551
2010-11-10,0.0496069309693625
2010-11-11,0.0496579110191132
2010-11-12,0.0660503816086773
2010-11-15,0.0688161840614877
2010-11-16,0.0732774031941981
2010-11-17,0.0729847945996134
2010-11-18,0.0784920770515767
2010-11-19,0.0703863503607854
2010-11-22,0.0678592311631135
2010-11-23,0.0748680323720602
2010-11-24,0.081445389774538
2010-11-25,0.0756668362147734
2010-11-26,0.0696736867955188
2010-11-29,0.0615870347376075
2010-11-30,0.0622467573916102
2010-12-01,0.058507389363714
2010-12-02,0.0486704368688967
2010-12-03,0.0405039708457727
2010-12-06,0.030325606940974
2010-12-07,0.0288052198736537
2010-12-08,0.0235021265947541
2010-12-09,0.0206913413941561
2010-12-10,0.0177562494554761
2010-12-13,0.0205833523753372
2010-12-14,0.0283271151771773
2010-12-15,0.0268792917130696
2010-12-16,0.0255797187935142
2010-12-17,0.0203273803711297
2010-12-20,0.019343411936416
2010-12-21,0.0169309025341057
2010-12-22,0.0136261184627986
2010-12-23,0.0116082583511525
2010-12-24,0.0091010265829038
2010-12-27,0.0071106451739677
2010-12-28,0.005606518307669
2010-12-29,0.007229736669916
2010-12-30,0.0096328120004739
2010-12-31,0.0129607345546255
2011-01-03,0.0099147921424893
2011-01-04,0.01275577694292
2011-01-05,0.0143508361961204
2011-01-06,0.0123807701394314
2011-01-07,0.0153145865132683
2011-01-10,0.0182594459851938
2011-01-11,0.0194622384870264
2011-01-12,0.0206534323061552
2011-01-13,0.0232739816503059
2011-01-14,0.026593126867294
2011-01-17,0.027993792242194
2011-01-18,0.0342714292419416
2011-01-19,0.0436583305113085
2011-01-20,0.0576091457527664
2011-01-21,0.060952912531426
2011-01-24,0.0647152367184285
2011-01-25,0.0597092219145288
2011-01-26,0.0661155538865684
2011-01-27,0.0614679552660674
2011-01-28,0.0563660631376077
2011-01-31,0.0548418703807153
2011-02-01,0.0473167691765922
2011-02-02,0.0405955987124927
2011-02-03,0.033946665168517
2011-02-04,0.0301246356933779
2011-02-07,0.0239014853610108
2011-02-08,0.0232536100019426
2011-02-09,0.0314889635152181
2011-02-10,0.0309541526187521
2011-02-11,0.0296350814120131
2011-02-14,0.0345276095518176
2011-02-15,0.0434322455499552
2011-02-16,0.0462049042763764
2011-02-17,0.0459691763083351
2011-02-18,0.0456300851842985
2011-02-21,0.0474710451761871
2011-02-22,0.0535264166075216
2011-02-23,0.0628081981694472
2011-02-24,0.0657098788365796
2011-02-25,0.0724652313023704
2011-02-28,0.0775727305710606
2011-03-01,0.0695798292967495
2011-03-02,0.0607867341277958
2011-03-03,0.0578326885469331
2011-03-04,0.0503907286413043
2011-03-07,0.0459848492552181
2011-03-08,0.0422938196559906
2011-03-09,0.0384932416013395
2011-03-10,0.0353286365642203
2011-03-11,0.0322687712358099
2011-03-14,0.0278283049737042
2011-03-15,0.0304333415283983
2011-03-16,0.0290611166845391
2011-03-17,0.0364542887514347
2011-03-18,0.0345266641075192
2011-03-21,0.0384941827783957
2011-03-22,0.039909778458182
2011-03-23,0.042339963370057
2011-03-24,0.042090276233428
2011-03-25,0.0405690640141405
2011-03-28,0.0354071936023973
2011-03-29,0.0331481546344426
2011-03-30,0.0314293668124634
2011-03-31,0.0292192427501987
2011-04-01,0.0287621608175367
2011-04-04,0.0277167703752651
2011-04-05,0.0258282132023455
2011-04-06,0.0300262756338346
2011-04-07,0.0265268190490724
2011-04-08,0.0273136379795304
2011-04-11,0.0253771355163535
2011-04-12,0.0188288810144697
2011-04-13,0.0179890689495819
2011-04-14,0.0149142295206118
2011-04-15,0.0134594770948898
2011-04-18,0.0131027899173602
2011-04-19,0.0097795638374975
2011-04-20,0.0092992091548947
2011-04-21,0.011945421428607
2011-04-22,0.0152643719565486
2011-04-25,0.0168106161433048
2011-04-26,0.0140421039278625
2011-04-27,0.0109084303972257
2011-04-28,0.0111695737480263
2011-04-29,0.0117672466820026
2011-05-02,0.0119428347462779
2011-05-03,0.0092087755112659
2011-05-04,0.0059190224111561
2011-05-05,0.0064355776062106
2011-05-06,0.0106468251496419
2011-05-09,0.0117743729197606
2011-05-10,0.0109309602574577
2011-05-11,0.0093109329552459
2011-05-12,0.0061995771985779
2011-05-13,0.005016396133553
2011-05-16,0.0058959971840897
2011-05-17,0.0096998472772218
2011-05-18,0.0115751534436736
2011-05-19,0.0127982347319783
2011-05-20,0.0158409554965261
2011-05-23,0.0193947649062354
2011-05-24,0.0247933929461371
2011-05-25,0.0236934221868467
2011-05-26,0.0227649361972958
2011-05-27,0.0349180896607085
2011-05-30,0.0388470104531575
2011-05-31,0.0445022684115418
2011-06-01,0.042960957806357
2011-06-02,0.0404464319304424
2011-06-03,0.0416175916207254
2011-06-06,0.0339275607518835
2011-06-07,0.0349181925068612
2011-06-08,0.0298865649584697
2011-06-09,0.0252379518256634
2011-06-10,0.0215635801158698
2011-06-13,0.0191727223946435
2011-06-14,0.0186646926594955
2011-06-15,0.0223317134879006
2011-06-16,0.0283917566933047
2011-06-17,0.0298527242723433
2011-06-20,0.0376113343651095
2011-06-21,0.0492814995359209
2011-06-22,0.0521628632328153
2011-06-23,0.0571999862717099
2011-06-24,0.0637604218933408
2011-06-27,0.0666822332558302
2011-06-28,0.0668503980038729
2011-06-29,0.0644636190834446
2011-06-30,0.0597274434137683
2011-07-01,0.0527118344334088
2011-07-04,0.0562593543055825
2011-07-05,0.0518749718347318
2011-07-06,0.0552067514750148
2011-07-07,0.0506904493852275
2011-07-08,0.0441191064718567
2011-07-11,0.0517527456083293
2011-07-12,0.0848758460694187
2011-07-13,0.1010539858354893
2011-07-14,0.1126642967744383
2011-07-15,0.1126121219584324
2011-07-18,0.1100594468837962
2011-07-19,0.1057084852521529
2011-07-20,0.105460371832161
2011-07-21,0.098704096129824
2011-07-22,0.1053820485970026
2011-07-25,0.0888173432584256
2011-07-26,0.0857298943806394
2011-07-27,0.0760485951397296
2011-07-28,0.0696205596078687
2011-07-29,0.067307511413178
2011-08-01,0.0654360485622752
2011-08-02,0.0754597748977995
2011-08-03,0.085147016932601
2011-08-04,0.0827874463476294
2011-08-05,0.1121098473524206
2011-08-08,0.1390600303511023
2011-08-09,0.1812002274192302
2011-08-10,0.2218061967902681
2011-08-11,0.2671918620757666
2011-08-12,0.2858379319645909
2011-08-15,0.2884678846662559
2011-08-16,0.2701445033836563
2011-08-17,0.2607389944127163
2011-08-18,0.2560101225584505
2011-08-19,0.25461204071377
2011-08-22,0.2490849392242148
2011-08-23,0.2410282381168681
2011-08-24,0.2333724874336986
2011-08-25,0.2247217310263591
2011-08-26,0.2057582847380655
2011-08-29,0.2169758621518521
2011-08-30,0.2080143257089631
2011-08-31,0.1900351961511672
2011-09-01,0.1847210997590421
2011-09-02,0.179047474497654
2011-09-05,0.181932577059355
2011-09-06,0.1757416694599086
2011-09-07,0.1792688124421765
2011-09-08,0.1811131994524265
2011-09-09,0.1975539831268001
2011-09-12,0.2237587858913215
2011-09-13,0.2247186091792606
2011-09-14,0.2265749603986692
2011-09-15,0.2229370513186362
2011-09-16,0.2208435416862826
2011-09-19,0.2304679467145517
2011-09-20,0.220969337044126
2011-09-21,0.2171808487806423
2011-09-22,0.2612663099470072
2011-09-23,0.3051129363565597
2011-09-26,0.3432728213636039
2011-09-27,0.3391876521828562
2011-09-28,0.355057197196551
2011-09-29,0.3607604377016837
2011-09-30,0.3735150511116259
2011-10-03,0.3886833743915483
2011-10-04,0.3804589763047984
2011-10-05,0.3664678193623978
2011-10-06,0.3463278844186759
2011-10-07,0.325752702777499
2011-10-10,0.342725400060651
2011-10-11,0.3276849554391376
2011-10-12,0.3290274134163436
2011-10-13,0.3112885458036515
2011-10-14,0.3041153315276458
2011-10-17,0.2848141239261637
2011-10-18,0.2946681184094423
2011-10-19,0.3020113687874358
2011-10-20,0.3121481281076585
2011-10-21,0.31898491799965
2011-10-24,0.3116930787626455
2011-10-25,0.3179984413255658
2011-10-26,0.3055910867414858
2011-10-27,0.2914302839728597
2011-10-28,0.2923001286736788
2011-10-31,0.2705335114914519
2011-11-01,0.2978993567358785
2011-11-02,0.2911143632140978
2011-11-03,0.2974966002627246
2011-11-04,0.289074124751138
2011-11-07,0.2822712096957004
2011-11-08,0.2841521098273281
2011-11-09,0.2775352160372085
2011-11-10,0.2961591270032194
2011-11-11,0.2864468450943145
2011-11-14,0.2812019637741369
2011-11-15,0.2773687667360032
2011-11-16,0.2751950245421967
2011-11-17,0.269132231375861
2011-11-18,0.2760276486353812
2011-11-21,0.2783888770956139
2011-11-22,0.2643015764749099
2011-11-23,0.2639597569099124
2011-11-24,0.2548659393690431
2011-11-25,0.2620200047362897
2011-11-28,0.272668009047314
2011-11-29,0.2643324186135537
2011-11-30,0.2408914178394819
2011-12-01,0.2847937007850197
2011-12-02,0.2825017460775308
2011-12-05,0.2802471231070928
2011-12-06,0.2851641536813482
2011-12-07,0.2786069679501111
2011-12-08,0.2677086291863845
2011-12-09,0.2696366160946599
2011-12-12,0.2743671347062256
2011-12-13,0.27850704761273
2011-12-14,0.3245069550191154
2011-12-15,0.3509299754410484
2011-12-16,0.3582166372850321
2011-12-19,0.3653660105352678
2011-12-20,0.350178603577593
2011-12-21,0.3443400153174548
2011-12-22,0.3278479383440661
2011-12-23,0.2988233461013954
2011-12-26,0.2658133528607027
2011-12-27,0.2533092052693698
2011-12-28,0.2418018109431387
2011-12-29,0.2194364772307554
2011-12-30,0.2112269453238267
2012-01-02,0.2072739232279026
2012-01-03,0.1996822354699318
2012-01-04,0.182111703392268
2012-01-05,0.1947053768759932
2012-01-06,0.1976244015087645
2012-01-09,0.1997847741007475
2012-01-10,0.196130012123967
2012-01-11,0.1759126408077066
2012-01-12,0.1684179011539702
2012-01-13,0.1647032918372456
2012-01-16,0.1871819478142391
2012-01-17,0.2023336213605229
2012-01-18,0.2038490932144147
2012-01-19,0.204268627221891
2012-01-20,0.2005593003599649
2012-01-23,0.1865958169316762
2012-01-24,0.1670449074868624
2012-01-25,0.1309632323764667
2012-01-26,0.1163592375393115
2012-01-27,0.1030412954146109
2012-01-30,0.1200693100280669
2012-01-31,0.1293080641621843
2012-02-01,0.1219845439608442
2012-02-02,0.1215132586020444
2012-02-03,0.1102605824566394
2012-02-06,0.1033285387905121
2012-02-07,0.1019830039019035
2012-02-08,0.1104797993785278
2012-02-09,0.1111445797313056
2012-02-10,0.1211478465705417
2012-02-13,0.1136188665859202
2012-02-14,0.106824170873011
2012-02-15,0.1042856632386329
2012-02-16,0.1109179686143192
2012-02-17,0.1067884482549447
2012-02-20,0.1001286806639128
2012-02-21,0.0883858773024635
2012-02-22,0.0771258597317139
2012-02-23,0.07570394478778
2012-02-24,0.0619186807405399
2012-02-27,0.0575925733239278
2012-02-28,0.0513268235062272
2012-02-29,0.0451640947631284
2012-03-01,0.0506483855780224
2012-03-02,0.0436566029775378
2012-03-05,0.0497561598139713
2012-03-06,0.0630872187509391
2012-03-07,0.0716209025110226
2012-03-08,0.067611770559918
2012-03-09,0.0647808881528485
2012-03-12,0.0710090624841207
2012-03-13,0.063927735984712
2012-03-14,0.0579852377358592
2012-03-15,0.0604416133971491
2012-03-16,0.0608168730563186
2012-03-19,0.0576895009233987
2012-03-20,0.0693119141717538
2012-03-21,0.0731994003730188
2012-03-22,0.0826020437347722
2012-03-23,0.0926224151499504
2012-03-26,0.0860295917259516
2012-03-27,0.0864236038518851
2012-03-28,0.0957687319900091
2012-03-29,0.1050921317402801
2012-03-30,0.1083188241296781
2012-04-02,0.1006651741117728
2012-04-03,0.0930696671806954
2012-04-04,0.0872901198900267
2012-04-05,0.0946122073824071
2012-04-06,0.0901993858398408
2012-04-09,0.0793844402999272
2012-04-10,0.0833276358608613
2012-04-11,0.0886184500083909
2012-04-12,0.0738287403470905
2012-04-13,0.0589423974729281
2012-04-16,0.0651635498029288
2012-04-17,0.0754287482112689
2012-04-18,0.0743351231172015
2012-04-19,0.0734234475797847
2012-04-20,0.0721139649514984
2012-04-23,0.065755822555894
2012-04-24,0.0673657659894143
2012-04-25,0.0706250445934051
2012-04-26,0.0752527786854874
2012-04-27,0.076627466532806
2012-04-30,0.073280460437774
2012-05-01,0.0794544816729062
2012-05-02,0.0722123269133939
2012-05-03,0.070956789257712
2012-05-04,0.0692922760547734
2012-05-07,0.0719102350591945
2012-05-08,0.0851865251884727
2012-05-09,0.0933409919242704
2012-05-10,0.1028464374770433
2012-05-11,0.1094292497927501
2012-05-14,0.1629827203870178
2012-05-15,0.188853737543221
2012-05-16,0.2225815140575143
2012-05-17,0.2489436772939615
2012-05-18,0.2414547431771298
2012-05-21,0.2498753383978757
2012-05-22,0.2456002880671883
2012-05-23,0.2536258535199979
2012-05-24,0.257817457359106
2012-05-25,0.2507334295168092
2012-05-28,0.2383268356393241
2012-05-29,0.2303320595385469
2012-05-30,0.2346908365410434
2012-05-31,0.2468666700323171
2012-06-01,0.2392770810081431
2012-06-04,0.2402600049086604
2012-06-05,0.252008494178153
2012-06-06,0.2641407616219938
2012-06-07,0.2637894077130356
2012-06-08,0.2789725922514073
2012-06-11,0.281025225125683
2012-06-12,0.2976687784670731
2012-06-13,0.2809137599989754
2012-06-14,0.2833862116666215
2012-06-15,0.2745902145324856
2012-06-18,0.2580658354969328
2012-06-19,0.2616561810460742
2012-06-20,0.258783219795172
2012-06-21,0.2582442976963971
2012-06-22,0.2609828208288964
2012-06-25,0.2714364351937859
2012-06-26,0.2665860047178847
2012-06-27,0.2588813947524474
2012-06-28,0.2527542792294198
2012-06-29,0.2645464239815987
2012-07-02,0.2508271270653325
2012-07-03,0.2514737096208006
2012-07-04,0.2360165197270626
2012-07-05,0.208647989621377
2012-07-06,0.2167162191674759
2012-07-09,0.2528690888529306
2012-07-10,0.2583922201001924
2012-07-11,0.2594398698164743
2012-07-12,0.2822685540241362
2012-07-13,0.282424312832841
2012-07-16,0.2722422435561074
2012-07-17,0.2633599191673691
2012-07-18,0.248633398246957
2012-07-19,0.2373597005688901
2012-07-20,0.2225508561497412
2012-07-23,0.237605055562386
2012-07-24,0.2215647777806162
2012-07-25,0.2171059002170455
2012-07-26,0.2084595864593402
2012-07-27,0.2017513994814624
2012-07-30,0.2022838130296137
2012-07-31,0.2077972082971148
2012-08-01,0.1950873832753918
2012-08-02,0.1923715397729411
2012-08-03,0.1855280702463711
2012-08-06,0.1841869840944853
2012-08-07,0.1795029018112939
2012-08-08,0.1682663781944328
2012-08-09,0.1596953880591947
2012-08-10,0.1493521669056897
2012-08-13,0.1463895522534771
2012-08-14,0.132328299592979
2012-08-15,0.1242961289288708
2012-08-16,0.1221089556750729
2012-08-17,0.1105060654580175
2012-08-20,0.109196968305486
2012-08-21,0.1156093815397719
2012-08-22,0.1136978875625077
2012-08-23,0.0977114254890152
2012-08-24,0.0959979310077744
2012-08-27,0.1002135785408308
2012-08-28,0.1087634990860501
2012-08-29,0.1086543845976243
2012-08-30,0.1060059733334784
2012-08-31,0.1091454878975529
2012-09-03,0.1145788638301725
2012-09-04,0.1247664837608106
2012-09-05,0.1179886402761094
2012-09-06,0.1187932054710245
2012-09-07,0.115244035859305
2012-09-10,0.1190552611976831
2012-09-11,0.1289064489748641
2012-09-12,0.1347074387682613
2012-09-13,0.1428888503327317
2012-09-14,0.135550917603664
2012-09-17,0.1314103259793682
2012-09-18,0.130227615328586
2012-09-19,0.120755563930277
2012-09-20,0.1296485893098063
2012-09-21,0.1319472635068933
2012-09-24,0.1386376645388183
2012-09-25,0.1258098917498019
2012-09-26,0.1327201751482957
2012-09-27,0.1264996223275204
2012-09-28,0.1234133553819862
2012-10-01,0.1125516091412005
2012-10-02,0.1029780454011895
2012-10-03,0.0946550959574919
2012-10-04,0.0812852686818079
2012-10-05,0.0755736476147226
2012-10-08,0.071510025600239
2012-10-09,0.0684673498742654
2012-10-10,0.0634445082312429
2012-10-11,0.0523293447330685
2012-10-12,0.0474480075003258
2012-10-15,0.0468351345761272
2012-10-16,0.0471559196936848
2012-10-17,0.0354502616338818
2012-10-18,0.031393422193893
2012-10-19,0.0386394221221235
2012-10-22,0.0367617035735793
2012-10-23,0.0382335973664895
2012-10-24,0.0331797734222693
2012-10-25,0.031978419718194
2012-10-26,0.0308270789235339
2012-10-29,0.0308566102074765
2012-10-30,0.0328265733791062
2012-10-31,0.0282948875806884
2012-11-01,0.024368429664888
2012-11-02,0.024533577912756
2012-11-05,0.0258996107773379
2012-11-06,0.0266858309892911
2012-11-07,0.0249218440227522
2012-11-08,0.0171167308525082
2012-11-09,0.0164846348419332
2012-11-12,0.0181723911252401
2012-11-13,0.0245516894434841
2012-11-14,0.0297541183483925
2012-11-15,0.0452466915773845
2012-11-16,0.0481185683276666
2012-11-19,0.04706105365808
2012-11-20,0.0401449274741793
2012-11-21,0.0446837212782816
2012-11-22,0.0433386584625741
2012-11-23,0.0418935889096605
2012-11-26,0.0373621585184458
2012-11-27,0.0306889990032752
2012-11-28,0.0308419151518091
2012-11-29,0.0306298663206784
2012-11-30,0.0290525563447
2012-12-03,0.033396920085507
2012-12-04,0.0340496696283072
2012-12-05,0.0298842924614458
2012-12-06,0.0309474071788037
2012-12-07,0.0243001113098507
2012-12-10,0.0272624475428531
2012-12-11,0.0244220637818086
2012-12-12,0.0196099096346081
2012-12-13,0.016029956282951
2012-12-14,0.0172901325404702
2012-12-17,0.0163161993870781
2012-12-18,0.0151325451377178
2012-12-19,0.0111079220809404
2012-12-20,0.0106452073577439
2012-12-21,0.0095171719764126
2012-12-24,0.0071933302286732
2012-12-25,0.0072978272764656
2012-12-26,0.0074311962635511
2012-12-27,0.0064399211755616
2012-12-28,0.0064840781427827
2012-12-31,0.008215417009547
2013-01-01,0.0131842123974534
2013-01-02,0.0069799230502253
2013-01-03,0.0103961070199563
2013-01-04,0.0094294328607488
2013-01-07,0.0142632250838655
2013-01-08,0.0213856958464573
2013-01-09,0.0229579064072678
2013-01-10,0.0225858273204542
2013-01-11,0.0252889223577567
2013-01-14,0.0294852347074131
2013-01-15,0.0351473552975123
2013-01-16,0.0402597077936735
2013-01-17,0.0446746882948157
2013-01-18,0.0409480032599049
2013-01-21,0.0390181290717499
2013-01-22,0.0359544805613375
2013-01-23,0.030486995756247
2013-01-24,0.0309418554066792
2013-01-25,0.0333205047491915
2013-01-28,0.033428488693116
2013-01-29,0.0336945799163422
2013-01-30,0.0314612446100945
2013-01-31,0.0310089279793947
2013-02-01,0.0337549748305807
2013-02-04,0.0333000943124821
2013-02-05,0.0231490018716289
2013-02-06,0.0237801281846655
2013-02-07,0.0201547872719528
2013-02-08,0.0213837442976033
2013-02-11,0.0226478067811441
2013-02-12,0.0230940276936576
2013-02-13,0.0236915667686591
2013-02-14,0.0200444744749816
2013-02-15,0.0192318797042508
2013-02-18,0.0190404727219295
2013-02-19,0.0149439161093891
2013-02-20,0.0124561357384963
2013-02-21,0.0123409312804526
2013-02-22,0.0151560924929033
2013-02-25,0.0155818036129636
2013-02-26,0.0404522111992626
2013-02-27,0.0483406281918174
2013-02-28,0.0598633349421312
2013-03-01,0.0611582988276672
2013-03-04,0.0771724445132113
2013-03-05,0.0834069896245408
2013-03-06,0.0805358253350324
2013-03-07,0.0731995632341561
2013-03-08,0.0699212402991073
2013-03-11,0.0620407033445844
2013-03-12,0.0511182763966188
2013-03-13,0.0471672735973933
2013-03-14,0.0423661795887885
2013-03-15,0.0392912544025472
2013-03-18,0.0488437543737219
2013-03-19,0.0493175178760682
2013-03-20,0.0517034863536695
2013-03-21,0.0483308933519081
2013-03-22,0.0498531671500828
2013-03-25,0.0437777205326541
2013-03-26,0.039425119566359
2013-03-27,0.0329084403724394
2013-03-28,0.0329362736112313
2013-03-29,0.0315825679483257
2013-04-01,0.0295980390787424
2013-04-02,0.0250950652245323
2013-04-03,0.0260332484370052
2013-04-04,0.0265192398665803
2013-04-05,0.0293452352734354
2013-04-08,0.0525531254704965
2013-04-09,0.0641152230761002
2013-04-10,0.0693573858433503
2013-04-11,0.0697701144202039
2013-04-12,0.0644474724166445
2013-04-15,0.0662772160797211
2013-04-16,0.0696545585830421
2013-04-17,0.0728769990473755
2013-04-18,0.0784815474557558
2013-04-19,0.0718344156826102
2013-04-22,0.0859313445491593
2013-04-23,0.1009577784102247
2013-04-24,0.1109368483710674
2013-04-25,0.1125364621181094
2013-04-26,0.1119532852701177
2013-04-29,0.1127095785393372
2013-04-30,0.1103580343660117
2013-05-01,0.0981407342893473
2013-05-02,0.093040484536409
2013-05-03,0.0849749811138413
2013-05-06,0.0837997425783643
2013-05-07,0.0829812280880881
2013-05-08,0.0782780728506149
2013-05-09,0.0681604178888443
2013-05-10,0.0596024144569054
2013-05-13,0.0528357308599001
2013-05-14,0.0459125702132066
2013-05-15,0.034212995622383
2013-05-16,0.0306265608045953
2013-05-17,0.0266334717925883
2013-05-20,0.0219402297333201
2013-05-21,0.0186171221247915
2013-05-22,0.0185216448852819
2013-05-23,0.030093942715382
2013-05-24,0.0363882713013537
2013-05-27,0.0424684530739048
2013-05-28,0.0433416085069514
2013-05-29,0.0463626211115009
2013-05-30,0.0501428702223063
2013-05-31,0.0542740768605061
2013-06-03,0.0568753065281681
2013-06-04,0.0504448280750704
2013-06-05,0.0464544000254106
2013-06-06,0.0326886570382574
2013-06-07,0.0413819666722899
2013-06-10,0.0595864261947626
2013-06-11,0.0742557540480096
2013-06-12,0.0862652854314915
2013-06-13,0.0982678497065428
2013-06-14,0.1181786856227854
2013-06-17,0.1277425358930392
2013-06-18,0.1340100452719445
2013-06-19,0.1587489185561731
2013-06-20,0.1902692365126172
2013-06-21,0.2136572545163389
2013-06-24,0.2947818595772916
2013-06-25,0.3251263242231579
2013-06-26,0.3455267540509848
2013-06-27,0.3584792999145334
2013-06-28,0.3732275870015914
2013-07-01,0.376437571944096
2013-07-02,0.3647410368304518
2013-07-03,0.3938706734713318
2013-07-04,0.3766121030461262
2013-07-05,0.3575888493000781
2013-07-08,0.3847399243743768
2013-07-09,0.3658930450898024
2013-07-10,0.3732861641400982
2013-07-11,0.386969367376409
2013-07-12,0.3925284016926227
2013-07-15,0.3852933504293742
2013-07-16,0.3670303808321037
2013-07-17,0.3471047732530114
2013-07-18,0.3215122543963915
2013-07-19,0.2959036972667776
2013-07-22,0.2791484959434233
2013-07-23,0.2819928006834141
2013-07-24,0.2559987793347274
2013-07-25,0.2361354081591677
2013-07-26,0.2425934316267559
2013-07-29,0.2371268350705938
2013-07-30,0.2128769833896555
2013-07-31,0.1766333176734387
2013-08-01,0.1785085602744424
2013-08-02,0.1563276617387098
2013-08-05,0.1471811777859146
2013-08-06,0.1316414626137945
2013-08-07,0.1387932791341446
2013-08-08,0.1295096967098698
2013-08-09,0.1060855275268302
2013-08-12,0.0988638879669662
2013-08-13,0.1000757135932188
2013-08-14,0.0998581152884323
2013-08-15,0.0913049875411299
2013-08-16,0.0834934492606517
2013-08-19,0.0761962077193692
2013-08-20,0.0808295545607505
2013-08-21,0.0771230397006935
2013-08-22,0.079026472038057
2013-08-23,0.0737571591490619
2013-08-26,0.0671894970612874
2013-08-27,0.0649019020797355
2013-08-28,0.0618482889677006
2013-08-29,0.0539719659387051
2013-08-30,0.0454729134267329
2013-09-02,0.0478241446773861
2013-09-03,0.0435175861527163
2013-09-04,0.0373195253600844
2013-09-05,0.036103579546334
2013-09-06,0.0292220035808606
2013-09-09,0.0271009139352342
2013-09-10,0.0268090349446946
2013-09-11,0.0241630194109296
2013-09-12,0.0238123943998503
2013-09-13,0.0210438272977592
2013-09-16,0.0192455660103962
2013-09-17,0.0163108252402924
2013-09-18,0.0131935704961328
2013-09-19,0.0128290684054508
2013-09-20,0.010368979110479
2013-09-23,0.0111116304982867
2013-09-24,0.0098328249148209
2013-09-25,0.0065369012989659
2013-09-26,0.0082723495964165
2013-09-27,0.0064706802115667
2013-09-30,0.0088393271349211
2013-10-01,0.0056588933785844
2013-10-02,0.0050271706699526
2013-10-03,0.0041633913165411
2013-10-04,0.0044357884212534
2013-10-07,0.0048035759803424
2013-10-08,0.0036911115293545
2013-10-09,0.0037871912736645
2013-10-10,0.0029946551431295
2013-10-11,0.0017712771996831
2013-10-14,0.0018128711782708
2013-10-15,0.0018651340889484
2013-10-16,0.0026642704532652
2013-10-17,0.0025301027559819
2013-10-18,0.0028206912792131
2013-10-21,0.0033092449339659
2013-10-22,0.0042584694883998
2013-10-23,0.0091653230690667
2013-10-24,0.0108646913250218
2013-10-25,0.0155266822171837
2013-10-28,0.0156132322210487
2013-10-29,0.0143204999703601
2013-10-30,0.016833087508275
2013-10-31,0.014294275728818
2013-11-01,0.0118884598461884
2013-11-04,0.0091838119072676
2013-11-05,0.0094145824789149
2013-11-06,0.0084200992833616
2013-11-07,0.0078508845045245
2013-11-08,0.006173465724854
2013-11-11,0.0057016754248233
2013-11-12,0.0053291447517797
2013-11-13,0.0075386156727807
2013-11-14,0.0089070025714541
2013-11-15,0.0150467342434733
2013-11-18,0.0269513976681833
2013-11-19,0.0324159061123851
2013-11-20,0.0364056745184409
2013-11-21,0.0302630147647947
2013-11-22,0.0280673404818868
2013-11-25,0.0232418755726143
2013-11-26,0.0226978818523543
2013-11-27,0.0214012434756804
2013-11-28,0.0212683199945037
2013-11-29,0.0206002030890236
2013-12-02,0.0162690004658927
2013-12-03,0.012520551210395
2013-12-04,0.0132529011259374
2013-12-05,0.0162295322792559
2013-12-06,0.0174410004561455
2013-12-09,0.0189060434477245
2013-12-10,0.0169829443161709
2013-12-11,0.0121000669945124
2013-12-12,0.0145798823437578
2013-12-13,0.0153521260040582
2013-12-16,0.0147279152001543
2013-12-17,0.014642141045114
2013-12-18,0.0161806249134549
2013-12-19,0.0128208937345546
2013-12-20,0.0119531398015301
2013-12-23,0.0136104994275058
2013-12-24,0.0130166962403161
2013-12-25,0.012097222259528
2013-12-26,0.0100957016653072
2013-12-27,0.0102878529181251
2013-12-30,0.0103253994961302
2013-12-31,0.0204890395971897
2014-01-01,0.0307048728197898
2014-01-02,0.032681933551129
2014-01-03,0.0200838165121322
2014-01-06,0.0224262352813795
2014-01-07,0.0274583658779082
2014-01-08,0.034997193933984
2014-01-09,0.0396539728683073
2014-01-10,0.0512905983631164
2014-01-13,0.071101352889963
2014-01-14,0.0853818375687656
2014-01-15,0.0967117866027251
2014-01-16,0.1049047678640129
2014-01-17,0.1059850282294237
2014-01-20,0.1017783214865748
2014-01-21,0.0933586457865927
2014-01-22,0.0902023432919672
2014-01-23,0.0790269711351699
2014-01-24,0.0924156927556573
2014-01-27,0.1056320913581936
2014-01-28,0.1146002239851838
2014-01-29,0.1172499231303121
2014-01-30,0.1230076490074093
2014-01-31,0.1214841664553609
2014-02-03,0.1184844024013163
2014-02-04,0.1180562084445778
2014-02-05,0.1199520807409852
2014-02-06,0.118791207186764
2014-02-07,0.1203692305668208
2014-02-10,0.1145860946575601
2014-02-11,0.1137065782344145
2014-02-12,0.1062383867884438
2014-02-13,0.1035638474486037
2014-02-14,0.0962356482540956
2014-02-17,0.0926064636269585
2014-02-18,0.0910533373492275
2014-02-19,0.0833963679677112
2014-02-20,0.086817517648466
2014-02-21,0.0812971081992228
2014-02-24,0.0835501533285193
2014-02-25,0.0906936612269541
2014-02-26,0.0926620140214657
2014-02-27,0.0854470984377856
2014-02-28,0.0762518239347297
2014-03-03,0.0797987599469713
2014-03-04,0.0838888892173995
2014-03-05,0.0790998091783682
2014-03-06,0.0853793271078311
2014-03-07,0.0810407936336102
2014-03-10,0.0886841602641719
2014-03-11,0.0969075529610077
2014-03-12,0.1086546469801286
2014-03-13,0.1251393526898242
2014-03-14,0.1238343824666352
2014-03-17,0.1388273719612127
2014-03-18,0.1439427952906556
2014-03-19,0.1466772262151229
2014-03-20,0.1390784558816238
2014-03-21,0.1391910204093065
2014-03-24,0.1305349272607924
2014-03-25,0.1291052024116789
2014-03-26,0.1206757567895968
2014-03-27,0.1162510895326671
2014-03-28,0.1093399731860841
2014-03-31,0.093309244589332
2014-04-01,0.0854095556139738
2014-04-02,0.0783198000046961
2014-04-03,0.0725612068518851
2014-04-04,0.0687927636161665
2014-04-07,0.0654963573723151
2014-04-08,0.0576242218733439
2014-04-09,0.061132188733403
2014-04-10,0.0573592400736433
2014-04-11,0.0569040816668818
2014-04-14,0.0600512934848708
2014-04-15,0.0572180763472376
2014-04-16,0.060836267179898
2014-04-17,0.0668020939586318
2014-04-18,0.0688295151120042
2014-04-21,0.0655948445457414
2014-04-22,0.0666406537020812
2014-04-23,0.0659288482365167
2014-04-24,0.066552559564268
2014-04-25,0.0499753413704157
2014-04-28,0.0456204671981223
2014-04-29,0.0467166535930952
2014-04-30,0.0463752900515573
2014-05-01,0.0503898401868773
2014-05-02,0.0526434537614311
2014-05-05,0.0517255642898607
2014-05-06,0.0611193715366368
2014-05-07,0.063071247088303
2014-05-08,0.0667057658674796
2014-05-09,0.0606868384979257
2014-05-12,0.0502699452880484
2014-05-13,0.0506370608973621
2014-05-14,0.0424201626127386
2014-05-15,0.0423572506052728
2014-05-16,0.040393125119483
2014-05-19,0.0425803931389143
2014-05-20,0.0483487768165583
2014-05-21,0.0416599979381928
2014-05-22,0.0388372730075317
2014-05-23,0.0400878190666522
2014-05-26,0.038881415654343
2014-05-27,0.0524799840086391
2014-05-28,0.0502829493372602
2014-05-29,0.0551123023655869
2014-05-30,0.0543516708068807
2014-06-02,0.0578266668105869
2014-06-03,0.0548708776457809
2014-06-04,0.0562127629920253
2014-06-05,0.0575830876697312
2014-06-06,0.0558706081058566
2014-06-09,0.0555604717490199
2014-06-10,0.0471842291814996
2014-06-11,0.0463981498931824
2014-06-12,0.046142991000644
2014-06-13,0.0445971803630047
2014-06-16,0.045534039536173
2014-06-17,0.0433875851785937
2014-06-18,0.0425208620579743
2014-06-19,0.0315729315289441
2014-06-20,0.0283990613588261
2014-06-23,0.0209777018898109
2014-06-24,0.0212607515050089
2014-06-25,0.0216519943597271
2014-06-26,0.0210085079891968
2014-06-27,0.0266840664106368
2014-06-30,0.0311086892683593
2014-07-01,0.0315562805112442
2014-07-02,0.0294206328175014
2014-07-03,0.0291657227965064
2014-07-04,0.0332252165552492
2014-07-07,0.0367779041764365
2014-07-08,0.0374575957439211
2014-07-09,0.0345565968810331
2014-07-10,0.0371239787868335
2014-07-11,0.0387718552762687
2014-07-14,0.0343640706382566
2014-07-15,0.0339305069135167
2014-07-16,0.0307840425369412
2014-07-17,0.0328712615389085
2014-07-18,0.0326880030393086
2014-07-21,0.0315819211357333
2014-07-22,0.0231931722414767
2014-07-23,0.0210942263711999
2014-07-24,0.0226401342241924
2014-07-25,0.0237333173170494
2014-07-28,0.020574670002319
2014-07-29,0.0196220747089098
2014-07-30,0.0230318311623334
2014-07-31,0.022655352843785
2014-08-01,0.020055940874509
2014-08-04,0.0178147042309807
2014-08-05,0.0211797713400731
2014-08-06,0.0232856281582895
2014-08-07,0.020438276658479
2014-08-08,0.0209403166644991
2014-08-11,0.0157217958877399
2014-08-12,0.0201195704666873
2014-08-13,0.0237689947160653
2014-08-14,0.0215660112901573
2014-08-15,0.0237153159849388
2014-08-18,0.0222219022942451
2014-08-19,0.023666375859154
2014-08-20,0.0239352855817763
2014-08-21,0.0227642752489907
2014-08-22,0.0211284709285148
2014-08-25,0.0200028519142867
2014-08-26,0.0187165196563152
2014-08-27,0.0178339806902267
2014-08-28,0.0120540854274377
2014-08-29,0.0093949487281585
2014-09-01,0.0073543465259015
2014-09-02,0.006065825493387
2014-09-03,0.0034534617042361
2014-09-04,0.0037747006930598
2014-09-05,0.0021560466846995
2014-09-08,0.0021650395015711
2014-09-09,0.0016450986078645
2014-09-10,0.0026896673050267
2014-09-11,0.0030316358866405
2014-09-12,0.0028237268091664
2014-09-15,0.003935292303594
2014-09-16,0.0036513149067249
2014-09-17,0.0055319708751636
2014-09-18,0.0067749228850111
2014-09-19,0.0067076352476693
2014-09-22,0.0085790244411895
2014-09-23,0.0103030902126581
2014-09-24,0.0088053532342828
2014-09-25,0.0085812494475252
2014-09-26,0.0078031990086132
2014-09-29,0.0101749996127268
2014-09-30,0.0085947723849555
2014-10-01,0.0071281437470676
2014-10-02,0.0059235054107419
2014-10-03,0.0047790883035063
2014-10-06,0.0038068847980735
2014-10-07,0.0033452563054925
2014-10-08,0.0046687706819262
2014-10-09,0.0044633937095403
2014-10-10,0.0045446704485758
2014-10-13,0.0039550188701982
2014-10-14,0.0027966373410052
2014-10-15,0.0023948285368304
2014-10-16,0.0100864215294471
2014-10-17,0.0110491213483212
2014-10-20,0.0106019088699548
2014-10-21,0.0090338150793721
2014-10-22,0.0074794143003521
2014-10-23,0.0067716057712776
2014-10-24,0.006618403250168
2014-10-27,0.0060649262448225
2014-10-28,0.0051188751753486
2014-10-29,0.0049350252140738
2014-10-30,0.0049339256260982
2014-10-31,0.0081824929468
2014-11-03,0.0122118274859237
2014-11-04,0.0161007234573448
2014-11-05,0.020226388756259
2014-11-06,0.0226792182523138
2014-11-07,0.0307482031963661
2014-11-10,0.0392090458285284
2014-11-11,0.041150040092022
2014-11-12,0.0459613391088085
2014-11-13,0.0448461877421985
2014-11-14,0.0455864274657543
2014-11-17,0.0367738217111668
2014-11-18,0.0332711373150834
2014-11-19,0.0305555073604293
2014-11-20,0.0348990260869902
2014-11-21,0.0321408196465628
2014-11-24,0.0354600327521931
2014-11-25,0.0406137500015126
2014-11-26,0.0429533794266467
2014-11-27,0.0453666540051008
2014-11-28,0.0457914231260366
2014-12-01,0.0529027278982932
2014-12-02,0.057166398792817
2014-12-03,0.0505589909775936
2014-12-04,0.0550710831344409
2014-12-05,0.0617749065777725
2014-12-08,0.0770040449913988
2014-12-09,0.0839679233590458
2014-12-10,0.0982314376130952
2014-12-11,0.11829259240571
2014-12-12,0.1235670981695007
2014-12-15,0.126921520170086
2014-12-16,0.1538860683718949
2014-12-17,0.1494249188983915
2014-12-18,0.1364898587455329
2014-12-19,0.1354970568399587
2014-12-22,0.1594072853845267
2014-12-23,0.1565377358247239
2014-12-24,0.1529334027333891
2014-12-25,0.1510186679372153
2014-12-26,0.1440584365315226
2014-12-29,0.1545654701409566
2014-12-30,0.1354262331723403
2014-12-31,0.1420401364066208
2015-01-01,0.1418886363245507
2015-01-02,0.1400011419850829
2015-01-05,0.1171772877378406
2015-01-06,0.11682940229321
2015-01-07,0.1152653638698996
2015-01-08,0.1134801484711747
2015-01-09,0.1048864992814268
2015-01-12,0.0975877614594964
2015-01-13,0.088172113613492
2015-01-14,0.0807930923676709
2015-01-15,0.0786058787608044
2015-01-16,0.0787393070121834
2015-01-19,0.0888579819890063
2015-01-20,0.1084786830509876
2015-01-21,0.1217590956068564
2015-01-22,0.118340903128632
2015-01-23,0.1373192735008979
2015-01-26,0.1556574021423808
2015-01-27,0.1543254129172734
2015-01-28,0.1464357993559452
2015-01-29,0.1311446360534207
2015-01-30,0.121880358910183
2015-02-02,0.1120320356003207
2015-02-03,0.1072267860453517
2015-02-04,0.0989100386181288
2015-02-05,0.0945236883527746
2015-02-06,0.0829914269574821
2015-02-09,0.0705177773454447
2015-02-10,0.0620854142388118
2015-02-11,0.0544840164517668
2015-02-12,0.0519510708940324
2015-02-13,0.0506115158238277
2015-02-16,0.0491230005990413
2015-02-17,0.0466109051619436
2015-02-18,0.0420581986652175
2015-02-19,0.0375934170296804
2015-02-20,0.0344139014574099
2015-02-23,0.0315392137893168
2015-02-24,0.0299451920133477
2015-02-25,0.0261862072994249
2015-02-26,0.0233921322594495
2015-02-27,0.0251422432938164
2015-03-02,0.0218409086026298
2015-03-03,0.015190088523041
2015-03-04,0.0138908918371896
2015-03-05,0.0142797625054698
2015-03-06,0.015914091627725
2015-03-09,0.0169817377619963
2015-03-10,0.0192576166493942
2015-03-11,0.0198860531450007
2015-03-12,0.0189728514427202
2015-03-13,0.0159581267655095
2015-03-16,0.0172645841202581
2015-03-17,0.0236539412991263
2015-03-18,0.0288323316487119
2015-03-19,0.0339224012105134
2015-03-20,0.0427965653876144
2015-03-23,0.0488921947143492
2015-03-24,0.0472418796715311
2015-03-25,0.0511359602053619
2015-03-26,0.0448046243228624
2015-03-27,0.0507520610889724
2015-03-30,0.0436625590469568
2015-03-31,0.0460667566388432
2015-04-01,0.0551243741844939
2015-04-02,0.0641782150218539
2015-04-03,0.0648930900044374
2015-04-06,0.0634508414946741
2015-04-07,0.0567200907359938
2015-04-08,0.0625898231202777
2015-04-09,0.0762328407998154
2015-04-10,0.0993044386630822
2015-04-13,0.1168738027859793
2015-04-14,0.1222467794101976
2015-04-15,0.1439926885117732
2015-04-16,0.1587859052338692
2015-04-17,0.1704331602431668
2015-04-20,0.1779907216831199
2015-04-21,0.1903199682013568
2015-04-22,0.1968180483749293
2015-04-23,0.1874878153296982
2015-04-24,0.1807525546230367
2015-04-27,0.1973952695041578
2015-04-28,0.1997242875033276
2015-04-29,0.2050975364082873
2015-04-30,0.1813742163149974
2015-05-01,0.1684226916524761
2015-05-04,0.1639310402269358
2015-05-05,0.1697896702361849
2015-05-06,0.1592311399860313
2015-05-07,0.1542401180585034
2015-05-08,0.1683012214124525
2015-05-11,0.1721118489553707
2015-05-12,0.1726432522117199
2015-05-13,0.1655243892860732
2015-05-14,0.160335402479785
2015-05-15,0.1546674537570522
2015-05-18,0.1409192174504068
2015-05-19,0.1430835230306466
2015-05-20,0.1289871026275849
2015-05-21,0.1227010854494699
2015-05-22,0.1204819656358047
2015-05-25,0.1185961477580918
2015-05-26,0.1320262889047565
2015-05-27,0.1289835147421472
2015-05-28,0.1438135127922845
2015-05-29,0.1515858103832898
2015-06-01,0.157121089180414
2015-06-02,0.1634649865243355
2015-06-03,0.1555008297709332
2015-06-04,0.1481761500481691
2015-06-05,0.1314634302766953
2015-06-08,0.1293870314432425
2015-06-09,0.1178980636155565
2015-06-10,0.107604579211727
2015-06-11,0.1153015649320122
2015-06-12,0.1276908335915191
2015-06-15,0.1446340614665108
2015-06-16,0.1563144103916393
2015-06-17,0.1616401583763282
2015-06-18,0.1828282532380027
2015-06-19,0.1863615531522048
2015-06-22,0.1853988367173392
2015-06-23,0.203934602461267
2015-06-24,0.1941761195201506
2015-06-25,0.1861457305126484
2015-06-26,0.1915582788815208
2015-06-29,0.2027233783531949
2015-06-30,0.1993405556468901
2015-07-01,0.199619049541712
2015-07-02,0.1899724430450096
2015-07-03,0.1758914967326614
2015-07-06,0.1726780169155743
2015-07-07,0.1957551453212723
2015-07-08,0.2104192186669568
2015-07-09,0.2077043734772123
2015-07-10,0.2123150538937098
2015-07-13,0.2124749708858979
2015-07-14,0.204291368505032
2015-07-15,0.1997592747366221
2015-07-16,0.1904279538151524
2015-07-17,0.1771394285226994
2015-07-20,0.1581887900297491
2015-07-21,0.1449494689688208
2015-07-22,0.1307748990034347
2015-07-23,0.1288769837320354
2015-07-24,0.1224927524708562
2015-07-27,0.1488405955096052
2015-07-28,0.1472203562426239
2015-07-29,0.1456148259528269
2015-07-30,0.1475445424319945
2015-07-31,0.1438844562486997
2015-08-03,0.1393171943212361
2015-08-04,0.1295690766661431
2015-08-05,0.12333301664543
2015-08-06,0.1172124490911918
2015-08-07,0.1131452729288056
2015-08-10,0.1130546527300353
2015-08-11,0.1185555474290376
2015-08-12,0.1452880315724775
2015-08-13,0.1579772717332694
2015-08-14,0.16528701691931
2015-08-17,0.1762003215556228
2015-08-18,0.1868842433191352
2015-08-19,0.1907996629103035
2015-08-20,0.2122582867753903
2015-08-21,0.226103683476013
2015-08-24,0.2768123912219675
2015-08-25,0.3091914962600617
2015-08-26,0.3233681701075399
2015-08-27,0.327112228428005
2015-08-28,0.339496291533397
2015-08-31,0.3341144969974753
2015-09-01,0.3431338941817025
2015-09-02,0.3341657292583554
2015-09-03,0.3159021354206316
2015-09-04,0.2941755313237518
2015-09-07,0.2697790184936515
2015-09-08,0.2645758468423904
2015-09-09,0.2495108010306541
2015-09-10,0.2514533899649579
2015-09-11,0.2417446147216248
2015-09-14,0.2298560594253789
2015-09-15,0.2078958247656335
2015-09-16,0.1913287934468443
2015-09-17,0.1705524096910627
2015-09-18,0.1749234205560878
2015-09-21,0.1875981127777405
2015-09-22,0.179970734948907
2015-09-23,0.1793954889099826
2015-09-24,0.1633071812267846
2015-09-25,0.1653144426520819
2015-09-28,0.1688552717895865
2015-09-29,0.1775125210430728
2015-09-30,0.1719674266487188
2015-10-01,0.151196577404445
2015-10-02,0.1420193446537635
2015-10-05,0.1113051458951618
2015-10-06,0.0956216873946788
2015-10-07,0.0910205342612334
2015-10-08,0.0863099043586168
2015-10-09,0.0818809082755479
2015-10-12,0.0843340322907774
2015-10-13,0.0838379939587487
2015-10-14,0.0889896589926628
2015-10-15,0.0863285421099104
2015-10-16,0.085046108358034
2015-10-19,0.0812505455620655
2015-10-20,0.0778128142121626
2015-10-21,0.0799268490453166
2015-10-22,0.0689094908319804
2015-10-23,0.0666937423792183
2015-10-26,0.0777312185133839
2015-10-27,0.0801732099088175
2015-10-28,0.0914826168413076
2015-10-29,0.0942262034635902
2015-10-30,0.0932442003599165
2015-11-02,0.0883135878419688
2015-11-03,0.0898050773885003
2015-11-04,0.094933177423183
2015-11-05,0.0944385036506675
2015-11-06,0.098873800732159
2015-11-09,0.1091054090853508
2015-11-10,0.1186926158610956
2015-11-11,0.125390263585211
2015-11-12,0.1095553422251828
2015-11-13,0.118838411076583
2015-11-16,0.1251523077078978
2015-11-17,0.1206901015280727
2015-11-18,0.1221243248598338
2015-11-19,0.1156732711837249
2015-11-20,0.1096567659061034
2015-11-23,0.1046601988532447
2015-11-24,0.0979384905118632
2015-11-25,0.0902364973603412
2015-11-26,0.0826557809638046
2015-11-27,0.0900531735691648
2015-11-30,0.0893611415515797
2015-12-01,0.0843455945262448
2015-12-02,0.0800374089129971
2015-12-03,0.0815857824763363
2015-12-04,0.0724825158943267
2015-12-07,0.065073217974406
2015-12-08,0.0730438650381471
2015-12-09,0.069947348325067
2015-12-10,0.084155199169309
2015-12-11,0.0913436329947274
2015-12-14,0.0926300628482925
2015-12-15,0.0918053876151054
2015-12-16,0.0838735304956731
2015-12-17,0.0808567669859379
2015-12-18,0.0790517185019302
2015-12-21,0.0814436792088421
2015-12-22,0.0799441266745013
2015-12-23,0.0750954554859981
2015-12-24,0.0716783909272549
2015-12-25,0.0669786288760015
2015-12-28,0.0706724604622181
2015-12-29,0.0709583055270019
2015-12-30,0.0641940966548617
2015-12-31,0.0578697369125385
2016-01-01,0.051465044586195
2016-01-04,0.0793829015259954
2016-01-05,0.1043363429656289
2016-01-06,0.1248105807218411
2016-01-07,0.1802705577292596
2016-01-08,0.195047296497867
2016-01-11,0.2207770181587639
2016-01-12,0.2249747746635525
2016-01-13,0.2284698923746899
2016-01-14,0.2370547836041282
2016-01-15,0.2600770862538092
2016-01-18,0.2782188045045438
2016-01-19,0.282346043361635
2016-01-20,0.3214597520588298
2016-01-21,0.3374160875447335
2016-01-22,0.3513819994792627
2016-01-25,0.3454750027048696
2016-01-26,0.3489831622780269
2016-01-27,0.3329437722255972
2016-01-28,0.3237999276545493
2016-01-29,0.3414869981217025
2016-02-01,0.3407137979344774
2016-02-02,0.3396454645946078
2016-02-03,0.335604335368331
2016-02-04,0.3684417349502817
2016-02-05,0.3656873039059833
2016-02-08,0.3453372861084042
2016-02-09,0.3248749701099256
2016-02-10,0.2826411028733975
2016-02-11,0.2948545754396649
2016-02-12,0.2777705892725101
2016-02-15,0.3448666529993982
2016-02-16,0.3298869364880337
2016-02-17,0.2994440262608907
2016-02-18,0.2997496314588833
2016-02-19,0.3089138571601928
2016-02-22,0.3060349757385028
2016-02-23,0.3195855167598728
2016-02-24,0.3106298226160407
2016-02-25,0.3175540343654715
2016-02-26,0.3108977636749529
2016-02-29,0.3175473207139338
2016-03-01,0.3045986032068817
2016-03-02,0.3280289329884415
2016-03-03,0.3199728533208653
2016-03-04,0.3082780855266563
2016-03-07,0.301755267382495
2016-03-08,0.2893620655785676
2016-03-09,0.2696324246627638
2016-03-10,0.2607276752127376
2016-03-11,0.2334512231499428
2016-03-14,0.2232779848403803
2016-03-15,0.230866264177228
2016-03-16,0.2242858852771308
2016-03-17,0.2342925912857622
2016-03-18,0.2275513887715461
2016-03-21,0.2261900896882631
2016-03-22,0.2068681951041391
2016-03-23,0.1981046399048944
2016-03-24,0.1932270872535486
2016-03-25,0.1717611859957548
2016-03-28,0.1423721527596799
2016-03-29,0.1253444129170231
2016-03-30,0.1277613268048525
2016-03-31,0.119098265500801
2016-04-01,0.1123799512124719
2016-04-04,0.1054937885201924
2016-04-05,0.1325105923326695
2016-04-06,0.128736061343649
2016-04-07,0.1229100711681894
2016-04-08,0.1188690297091497
2016-04-11,0.1249394664949012
2016-04-12,0.1229148863814579
2016-04-13,0.1090445213093899
2016-04-14,0.1139660691844586
2016-04-15,0.1061726000317336
2016-04-18,0.1029364669914748
2016-04-19,0.0969115924175306
2016-04-20,0.1014664188941782
2016-04-21,0.0951800350116937
2016-04-22,0.1066516152056217
2016-04-25,0.1139489904362058
2016-04-26,0.1146494128146678
2016-04-27,0.1188027223098991
2016-04-28,0.1230229312931235
2016-04-29,0.1088573927917489
2016-05-02,0.1131490475703475
2016-05-03,0.1052683274274682
2016-05-04,0.1250269705000408
2016-05-05,0.1328714784538189
2016-05-06,0.1325547608020798
2016-05-09,0.1490806492174503
2016-05-10,0.1541031257932777
2016-05-11,0.1601544821639052
2016-05-12,0.1549077973613615
2016-05-13,0.1439784126620459
2016-05-16,0.1325414818175258
2016-05-17,0.118207893600221
2016-05-18,0.1152260936715473
2016-05-19,0.1090497324357467
2016-05-20,0.104111709806365
2016-05-23,0.1131518623115025
2016-05-24,0.106264725700467
2016-05-25,0.0938738061604181
2016-05-26,0.09645032863448
2016-05-27,0.0891782260556838
2016-05-30,0.0976484286048894
2016-05-31,0.088427188177817
2016-06-01,0.0992030963363807
2016-06-02,0.094395670520082
2016-06-03,0.0934575723146453
2016-06-06,0.09072387727282
2016-06-07,0.0836708793226302
2016-06-08,0.094373381063555
2016-06-09,0.0977488337045993
2016-06-10,0.0890441987176286
2016-06-13,0.0869965158833692
2016-06-14,0.0926279008693358
2016-06-15,0.0981166924660414
2016-06-16,0.1209075307631198
2016-06-17,0.1333969638274611
2016-06-20,0.1430969282271232
2016-06-21,0.1421617804758645
2016-06-22,0.1515872659066594
2016-06-23,0.155146810942531
2016-06-24,0.1968930709499335
2016-06-27,0.2015969789323485
2016-06-28,0.2060254297564661
2016-06-29,0.2099674166181084
2016-06-30,0.2023312056582953
2016-07-01,0.1945436486790277
2016-07-04,0.1891043075484168
2016-07-05,0.1874940279092164
2016-07-06,0.1893393554387426
2016-07-07,0.1776435954422951
2016-07-08,0.1706512748343076
2016-07-11,0.1556628203355639
2016-07-12,0.148240539605896
2016-07-13,0.1399606988681483
2016-07-14,0.1292878467401005
2016-07-15,0.1241094478986455
2016-07-18,0.1184638232039239
2016-07-19,0.1213214049088337
2016-07-20,0.1171889459689667
2016-07-21,0.1099162808707716
2016-07-22,0.1018745670665881
2016-07-25,0.0980612965454942
2016-07-26,0.0964971975574643
2016-07-27,0.0765682039269291
2016-07-28,0.0740339246099325
2016-07-29,0.0818405057618234
2016-08-01,0.0701063593132135
2016-08-02,0.0747648870378267
2016-08-03,0.0665283965705916
2016-08-04,0.0682874022881562
2016-08-05,0.0611046737716587
2016-08-08,0.0556914985490134
2016-08-09,0.0589219900929884
2016-08-10,0.0639061488419234
2016-08-11,0.0569163847256733
2016-08-12,0.0532999035385078
2016-08-15,0.0454257410608704
2016-08-16,0.042464191408429
2016-08-17,0.0439669464427198
2016-08-18,0.0418152036157824
2016-08-19,0.04522779125768
2016-08-22,0.0445897006897478
2016-08-23,0.0488639092002097
2016-08-24,0.0494479770150714
2016-08-25,0.047886402497235
2016-08-26,0.0477656989240998
2016-08-29,0.0439146767831079
2016-08-30,0.0486323230230815
2016-08-31,0.0526961731296624
2016-09-01,0.0521857300538598
2016-09-02,0.0518731580387715
2016-09-05,0.0467251667798075
2016-09-06,0.044751636905542
2016-09-07,0.0481737015965847
2016-09-08,0.0489053836178858
2016-09-09,0.0529581817883126
2016-09-12,0.038019453048521
2016-09-13,0.0483897401981657
2016-09-14,0.0585843014016535
2016-09-15,0.0603860652738603
2016-09-16,0.0587733815822333
2016-09-19,0.0526334120874797
2016-09-20,0.0548309724348572
2016-09-21,0.0580901528701075
2016-09-22,0.0467967116914711
2016-09-23,0.046066178925608
2016-09-26,0.0395704725610478
2016-09-27,0.0341820000916219
2016-09-28,0.0329132392564729
2016-09-29,0.0355505856883973
2016-09-30,0.0372688607926684
2016-10-03,0.0371967048094864
2016-10-04,0.0382828628504726
2016-10-05,0.039195458627747
2016-10-06,0.0385752548755651
2016-10-07,0.0395024114772262
2016-10-10,0.0478956710879606
2016-10-11,0.0510479179749689
2016-10-12,0.0533515309235399
2016-10-13,0.0545063598768281
2016-10-14,0.0545767920185402
2016-10-17,0.0578437279891833
2016-10-18,0.0544801134090625
2016-10-19,0.0593598073797962
2016-10-20,0.0599245724304002
2016-10-21,0.0634558489636447
2016-10-24,0.0541014090699403
2016-10-25,0.0575173919793759
2016-10-26,0.053664595302515
2016-10-27,0.0532563313308832
2016-10-28,0.0506401501375189
2016-10-31,0.0499012656944952
2016-11-01,0.0413666026546379
2016-11-02,0.042609978783242
2016-11-03,0.0429800517949535
2016-11-04,0.0398663244886114
2016-11-07,0.0487283696020461
2016-11-08,0.0487869696773713
2016-11-09,0.0524466515777814
2016-11-10,0.07582229571653
2016-11-11,0.0899646990991208
2016-11-14,0.0929863779441154
2016-11-15,0.0866628267590314
2016-11-16,0.0892127217866486
2016-11-17,0.0856686983056897
2016-11-18,0.07624369311752
2016-11-21,0.0773723952825362
2016-11-22,0.0716974003404111
2016-11-23,0.0738047079347588
2016-11-24,0.0777907402365446
2016-11-25,0.072102517112672
2016-11-28,0.0678501341398872
2016-11-29,0.0736455969226302
2016-11-30,0.0829415521648752
2016-12-01,0.0903957094417802
2016-12-02,0.0915239738392157
2016-12-05,0.0954986439524284
2016-12-06,0.0927282540074307
2016-12-07,0.0916101209705906
2016-12-08,0.083659473491662
2016-12-09,0.0951648538506384
2016-12-12,0.077182817460905
2016-12-13,0.0772444566354321
2016-12-14,0.0852566927803388
2016-12-15,0.1000153619778913
2016-12-16,0.1299103823451997
2016-12-19,0.1449668571535888
2016-12-20,0.1515035404957907
2016-12-21,0.1572700508731562
2016-12-22,0.1591835220678688
2016-12-23,0.1520002644392468
2016-12-26,0.1522952191913733
2016-12-27,0.1517015480215255
2016-12-28,0.132423156627037
2016-12-29,0.1329413294144033
2016-12-30,0.12171595311751
2017-01-02,0.1264840566177315
2017-01-03,0.1563493716053413
2017-01-04,0.1688420572245443
2017-01-05,0.1652199509571206
2017-01-06,0.1699212032773876
2017-01-09,0.1678840766497445
2017-01-10,0.1554020182856993
2017-01-11,0.1533003185941415
2017-01-12,0.1672868023017301
2017-01-13,0.1607588555979786
2017-01-16,0.157208577023996
2017-01-17,0.1625760300616441
2017-01-18,0.1595346997807325
2017-01-19,0.1809476722791377
2017-01-20,0.1978397207984143
2017-01-23,0.2148691805093592
2017-01-24,0.211142361240811
2017-01-25,0.2076412203446339
2017-01-26,0.1993901482945228
2017-01-27,0.1981045514169918
2017-01-30,0.1999543498669354
2017-01-31,0.1951484293390779
2017-02-01,0.1858276819048418
2017-02-02,0.1767123902253815
2017-02-03,0.2037341784593096
2017-02-06,0.2017154958947283
2017-02-07,0.210017915740083
2017-02-08,0.1964174009245941
2017-02-09,0.1917520076457469
2017-02-10,0.1874748710249555
2017-02-13,0.1729810977941768
2017-02-14,0.1722835964066818
2017-02-15,0.1437916356419745
2017-02-16,0.1407240848888967
2017-02-17,0.1494512804240652
2017-02-20,0.1404198340191918
2017-02-21,0.130071721289802
2017-02-22,0.1163156566481773
2017-02-23,0.1128481000801621
2017-02-24,0.1106994576161775
2017-02-27,0.1071633758993402
2017-02-28,0.1081203350843967
2017-03-01,0.1029902080073034
2017-03-02,0.1164202075674559
2017-03-03,0.1170417179863738
2017-03-06,0.1132208571393986
2017-03-07,0.1111959645278648
2017-03-08,0.1166025478086048
2017-03-09,0.0980229665563753
2017-03-10,0.0877032666842168
2017-03-13,0.0696771822911496
2017-03-14,0.0714727271578599
2017-03-15,0.0703727756051335
2017-03-16,0.0583471683480432
2017-03-17,0.0594727181570789
2017-03-20,0.0640442504910829
2017-03-21,0.0710766828258854
2017-03-22,0.0677526580628732
2017-03-23,0.0692927966289533
2017-03-24,0.0716101080866023
2017-03-27,0.0680286127559251
2017-03-28,0.0714493591463419
2017-03-29,0.0682553491326419
2017-03-30,0.0658933351465043
2017-03-31,0.0664124094385724
2017-04-03,0.0669703883382761
2017-04-04,0.0720853917906644
2017-04-05,0.0703571763662881
2017-04-06,0.0797773550811758
2017-04-07,0.0923922136126741
2017-04-10,0.093567408223132
2017-04-11,0.0827511268905577
2017-04-12,0.0855193480739752
2017-04-13,0.0926361738845679
2017-04-14,0.0897952856824647
2017-04-17,0.0875856464419112
2017-04-18,0.0825669400488088
2017-04-19,0.0820655493946742
2017-04-20,0.0830114441237611
2017-04-21,0.0798683045027358
2017-04-24,0.049388230866844
2017-04-25,0.0418503629049791
2017-04-26,0.0487281015110221
2017-04-27,0.0560162249316482
2017-04-28,0.0558786555090365
2017-05-01,0.056668736189899
2017-05-02,0.0661397082005207
2017-05-03,0.0780682129950839
2017-05-04,0.083172292130565
2017-05-05,0.0770245256521847
2017-05-08,0.0719649796101527
2017-05-09,0.057857203850944
2017-05-10,0.0545223069098267
2017-05-11,0.057847503003955
2017-05-12,0.0600870533280258
2017-05-15,0.0577789226840456
2017-05-16,0.0602408434693144
2017-05-17,0.0585827470758147
2017-05-18,0.067445604679201
2017-05-19,0.0713634012837944
2017-05-22,0.067050809798281
2017-05-23,0.0616316607886065
2017-05-24,0.0630557024022164
2017-05-25,0.0595412596834771
2017-05-26,0.0607486461857368
2017-05-29,0.0609720306082481
2017-05-30,0.0663158281953954
2017-05-31,0.0811219680475889
2017-06-01,0.0770629715812816
2017-06-02,0.0702599921728616
2017-06-05,0.0713797153315575
2017-06-06,0.0754521158448166
2017-06-07,0.0698236602331208
2017-06-08,0.0802606725529293
2017-06-09,0.086368475497443
2017-06-12,0.0864752546141162
2017-06-13,0.0825215320146316
2017-06-14,0.0803244561632001
2017-06-15,0.0768878416226575
2017-06-16,0.0775661699280664
2017-06-19,0.0754117718735748
2017-06-20,0.0821073707334291
2017-06-21,0.0823842521289076
2017-06-22,0.0762067610661956
2017-06-23,0.071731675335656
2017-06-26,0.0546744736099635
2017-06-27,0.0696907199663177
2017-06-28,0.0631557605417819
2017-06-29,0.0563588337969269
2017-06-30,0.0527614911135453
2017-07-03,0.0468673507469276
2017-07-04,0.0388240690656915
2017-07-05,0.0325255602715665
2017-07-06,0.0281507776770655
2017-07-07,0.0247827218363835
2017-07-10,0.0230845193261971
2017-07-11,0.0158982040849403
2017-07-12,0.0151007636864698
2017-07-13,0.0132661265935246
2017-07-14,0.0138299144501936
2017-07-17,0.0109125545567326
2017-07-18,0.0101986224899604
2017-07-19,0.0086602504914106
2017-07-20,0.0058454615203019
2017-07-21,0.0080849165550514
2017-07-24,0.0109402808627964
2017-07-25,0.0132726634372686
2017-07-26,0.0148994275438969
2017-07-27,0.0161700965216785
2017-07-28,0.0135354347644226
2017-07-31,0.0146009100065321
2017-08-01,0.0136301011029998
2017-08-02,0.0129490355049041
2017-08-03,0.0128290764192492
2017-08-04,0.0080642467278321
2017-08-07,0.008679362993713
2017-08-08,0.0093870549434732
2017-08-09,0.0091830138905643
2017-08-10,0.0064192091580873
2017-08-11,0.0040160406910859
2017-08-14,0.0053158215704425
2017-08-15,0.005995332940769
2017-08-16,0.0079056463536059
2017-08-17,0.0084723114795214
2017-08-18,0.0085918711158649
2017-08-21,0.0077798617441433
2017-08-22,0.0075363409546834
2017-08-23,0.0085794647344765
2017-08-24,0.0092687627546366
2017-08-25,0.0069325055117585
2017-08-28,0.0067787463307405
2017-08-29,0.0069399324117175
2017-08-30,0.0023427964658926
2017-08-31,0.0033957015290831
2017-09-01,0.0043849369779111
2017-09-04,0.0082637593413364
2017-09-05,0.0105616022658477
2017-09-06,0.0111629850676008
2017-09-07,0.0164106234421455
2017-09-08,0.0169077830254428
2017-09-11,0.0219548489343614
2017-09-12,0.0250806985449528
2017-09-13,0.0258055342526295
2017-09-14,0.0277849550398018
2017-09-15,0.0251432959394103
2017-09-18,0.0241635237199617
2017-09-19,0.024990646707326
2017-09-20,0.0228526707139375
2017-09-21,0.0234518591564299
2017-09-22,0.0203558926103695
2017-09-25,0.0091905101127118
2017-09-26,0.00902384351239
2017-09-27,0.0096069144803326
2017-09-28,0.007084785677383
2017-09-29,0.0085749721018612
2017-10-02,0.0096391220398691
2017-10-03,0.0066290620980461
2017-10-04,0.0080410529454566
2017-10-05,0.0099944816617434
2017-10-06,0.0117881716793815
2017-10-09,0.0069852345122379
2017-10-10,0.0081765371907118
2017-10-11,0.0091668681820803
2017-10-12,0.0102492258962794
2017-10-13,0.0105507730701208
2017-10-16,0.0082624769002932
2017-10-17,0.0104781117208779
2017-10-18,0.0110244150888378
2017-10-19,0.0062290109855154
2017-10-20,0.0033557535685378
2017-10-23,0.0042088240861752
2017-10-24,0.0055303366964967
2017-10-25,0.005030630659334
2017-10-26,0.0034606932967926
2017-10-27,0.0019704274852041
2017-10-30,0.0010289077992536
2017-10-31,0.001096376665406
2017-11-01,0.0006114231811149
2017-11-02,0.0004993255427534
2017-11-03,0.0004263659062031
2017-11-06,0.000357611737811
2017-11-07,0.0004640079445608
2017-11-08,0.0008965230538695
2017-11-09,0.0003720207573754
2017-11-10,0.0004817485784561
2017-11-13,0.0020023468164133
2017-11-14,0.0032199849306831
2017-11-15,0.0018117291903567
2017-11-16,0.0025829161418513
2017-11-17,0.0025733736438058
2017-11-20,0.0027997133775972
2017-11-21,0.0027389303043682
2017-11-22,0.0038903646341527
2017-11-23,0.0070293417764852
2017-11-24,0.0077148992648418
2017-11-27,0.0082235269334964
2017-11-28,0.0090586511830624
2017-11-29,0.0075056775315378
2017-11-30,0.0072414454193701
2017-12-01,0.0046211282280872
2017-12-04,0.0044345466975843
2017-12-05,0.0041273303522995
2017-12-06,0.0059189482493235
2017-12-07,0.0064999301414177
2017-12-08,0.0066267971286367
2017-12-11,0.0067842719489622
2017-12-12,0.0058364844656712
2017-12-13,0.0073441681199734
2017-12-14,0.0071148087567257
2017-12-15,0.0061271893634839
2017-12-18,0.0060607725947555
2017-12-19,0.0064129320331155
2017-12-20,0.0084697687494247
2017-12-21,0.0080537317693459
2017-12-22,0.0081333315519164
2017-12-25,0.0078160398738617
2017-12-26,0.008181544002287
2017-12-27,0.0063626364571015
2017-12-28,0.0069685591266903
2017-12-29,0.0069001452101674
2018-01-01,0.0073489008700115
2018-01-02,0.0138033026984206
2018-01-03,0.0186789409509422
2018-01-04,0.0253832132219273
2018-01-05,0.0334264050125696
2018-01-08,0.0404749816186147
2018-01-09,0.042112905261021
2018-01-10,0.0445325408300023
2018-01-11,0.0512348116859679
2018-01-12,0.0500122828930445
2018-01-15,0.0410956348689235
2018-01-16,0.0349034466719817
2018-01-17,0.0375179277136741
2018-01-18,0.0378621332979606
2018-01-19,0.0408882492267657
2018-01-22,0.042960824827262
2018-01-23,0.0479638281923731
2018-01-24,0.0522095061902624
2018-01-25,0.05158922333535
2018-01-26,0.0530390606712021
2018-01-29,0.0512505673929698
2018-01-30,0.0497040936922388
2018-01-31,0.0449134776117138
2018-02-01,0.0431257564189646
2018-02-02,0.0353372358077844
2018-02-05,0.0370147998462155
2018-02-06,0.0586016815135134
2018-02-07,0.0672835606418858
2018-02-08,0.0741137772305441
2018-02-09,0.0820005460103628
2018-02-12,0.0883340937740025
2018-02-13,0.0956679292418746
2018-02-14,0.1017443426461848
2018-02-15,0.1020856724006968
2018-02-16,0.0913052778367271
2018-02-19,0.0737073739496801
2018-02-20,0.06716802289019
2018-02-21,0.0670817178856873
2018-02-22,0.0627635032724685
2018-02-23,0.0610067136165023
2018-02-26,0.0505867318159555
2018-02-27,0.0474646152347947
2018-02-28,0.0484581432283252
2018-03-01,0.0458713801585342
2018-03-02,0.0442384475130017
2018-03-05,0.0474115113333331
2018-03-06,0.0577597706873664
2018-03-07,0.0539135240890245
2018-03-08,0.0513063647372975
2018-03-09,0.0538066886883537
2018-03-12,0.0565781207338869
2018-03-13,0.049870579977201
2018-03-14,0.046973949743988
2018-03-15,0.0412592087575195
2018-03-16,0.0362614197526048
2018-03-19,0.0314674120507299
2018-03-20,0.0229846464613164
2018-03-21,0.0206985954536919
2018-03-22,0.0135753146188895
2018-03-23,0.018351716141106
2018-03-26,0.0251325846778085
2018-03-27,0.02897536886969
2018-03-28,0.0373448698358239
2018-03-29,0.0468143911761959
2018-03-30,0.0477430366320921
2018-04-02,0.0410068426791801
2018-04-03,0.0427692545093832
2018-04-04,0.0406894764440859
2018-04-05,0.0399638945889729
2018-04-06,0.038634671602633
2018-04-09,0.0400502864841566
2018-04-10,0.0436838511067251
2018-04-11,0.0394409216916559
2018-04-12,0.0380507025605935
2018-04-13,0.0357841041213198
2018-04-16,0.0326298735550779
2018-04-17,0.0276301598780806
2018-04-18,0.041029352250736
2018-04-19,0.0394517086575048
2018-04-20,0.0392621990528285
2018-04-23,0.0372346112488696
2018-04-24,0.0352830305641728
2018-04-25,0.0357763666892145
2018-04-26,0.0374436484607971
2018-04-27,0.0429697628317217
2018-04-30,0.0445787879519854
2018-05-01,0.0420095750964002
2018-05-02,0.0400426089958634
2018-05-03,0.0335309137205282
2018-05-04,0.0388558458078623
2018-05-07,0.046669494277717
2018-05-08,0.0459975449266182
2018-05-09,0.0470910455588652
2018-05-10,0.0522798908906473
2018-05-11,0.050611311852423
2018-05-14,0.0511536745562837
2018-05-15,0.0509752580083697
2018-05-16,0.0534426866065684
2018-05-17,0.0457361420107964
2018-05-18,0.04776308139629
2018-05-21,0.0477477858914591
2018-05-22,0.0459715516747224
2018-05-23,0.0275055748935766
2018-05-24,0.0270992531535832
2018-05-25,0.0261980701256843
2018-05-28,0.0283429506539906
2018-05-29,0.0227097875860381
2018-05-30,0.0146364459690172
2018-05-31,0.0132995813731565
2018-06-01,0.011613788684613
2018-06-04,0.0094696125052339
2018-06-05,0.0116408325980707
2018-06-06,0.0125601974197018
2018-06-07,0.0100827991435971
2018-06-08,0.0076014736401511
2018-06-11,0.0084306470316584
2018-06-12,0.0085748956065255
2018-06-13,0.0070378012377618
2018-06-14,0.0033650853060635
2018-06-15,0.004365632059415
2018-06-18,0.0060737803012761
2018-06-19,0.0129305900566255
2018-06-20,0.0180306607542416
2018-06-21,0.0256177304627827
2018-06-22,0.0283091940517238
2018-06-25,0.0435613497992427
2018-06-26,0.0481384882414701
2018-06-27,0.0428407854341241
2018-06-28,0.0494287392381758
2018-06-29,0.0616570564301511
2018-07-02,0.0684376081652066
2018-07-03,0.0835048136746019
2018-07-04,0.0917717155984885
2018-07-05,0.0908967340523523
2018-07-06,0.0970280187561639
2018-07-09,0.0894457179322413
2018-07-10,0.0846908175777116
2018-07-11,0.0806560135950539
2018-07-12,0.073313130977258
2018-07-13,0.0668450394070766
2018-07-16,0.0689932259726521
2018-07-17,0.060511900372307
2018-07-18,0.0609295340511722
2018-07-19,0.0499032282095773
2018-07-20,0.0345378637693091
2018-07-23,0.0281716174124953
2018-07-24,0.0235251053323552
2018-07-25,0.0335611604158856
2018-07-26,0.0310485520563012
2018-07-27,0.0374955378875709
2018-07-30,0.0318919966994946
2018-07-31,0.030556700177054
2018-08-01,0.030485440145375
2018-08-02,0.0220147063342606
2018-08-03,0.0268485786384568
2018-08-06,0.0293195632508905
2018-08-07,0.0362948522748291
2018-08-08,0.0414019295250171
2018-08-09,0.0408168615426366
2018-08-10,0.031214595207384
2018-08-13,0.0274930342746065
2018-08-14,0.0301139805297722
2018-08-15,0.0265943510516393
2018-08-16,0.0378165826595297
2018-08-17,0.0414034500160463
2018-08-20,0.0424200163787652
2018-08-21,0.0454878885333306
2018-08-22,0.0388068550711074
2018-08-23,0.0376920220611801
2018-08-24,0.0367183300921054
2018-08-27,0.0322797285868685
2018-08-28,0.0302631609453327
2018-08-29,0.0292480805642478
2018-08-30,0.0257976453618408
2018-08-31,0.0226112346051548
2018-09-03,0.0224889184380353
2018-09-04,0.0230562767646898
2018-09-05,0.0239879389901921
2018-09-06,0.0263738744962387
2018-09-07,0.0265991435239397
2018-09-10,0.026917933214697
2018-09-11,0.0282829179262114
2018-09-12,0.0317262048933179
2018-09-13,0.0275424923759646
2018-09-14,0.0276581168308344
2018-09-17,0.029974506910302
2018-09-18,0.0304790161049684
2018-09-19,0.0274500684859438
2018-09-20,0.0293709185278814
2018-09-21,0.0293548052093246
2018-09-24,0.036969014473609
2018-09-25,0.0398025304532506
2018-09-26,0.0424446609270598
2018-09-27,0.0406213110883068
2018-09-28,0.035417294130787
2018-10-01,0.0368178615618551
2018-10-02,0.0405750986723654
2018-10-03,0.0390326771228775
2018-10-04,0.0435777183085842
2018-10-05,0.0416224961922028
2018-10-08,0.0322838008827146
2018-10-09,0.0304193954618918
2018-10-10,0.0322296618526225
2018-10-11,0.0560373318746578
2018-10-12,0.0568427329140795
2018-10-15,0.0665058583778411
2018-10-16,0.065212427930824
2018-10-17,0.0639425862781645
2018-10-18,0.0700241073933522
2018-10-19,0.0668835970085223
2018-10-22,0.0815662874656156
2018-10-23,0.0931256079159688
2018-10-24,0.0946357994725861
2018-10-25,0.0951356996334809
2018-10-26,0.0886805716186824
2018-10-29,0.0867978522873012
2018-10-30,0.073859403574687
2018-10-31,0.071105220832376
2018-11-01,0.0716672938825518
2018-11-02,0.0656725999401964
2018-11-05,0.0695414073271075
2018-11-06,0.0635769697632766
2018-11-07,0.0598038922190695
2018-11-08,0.0491224757539049
2018-11-09,0.0500686599189565
2018-11-12,0.0428815137655976
2018-11-13,0.0427416374966189
2018-11-14,0.0402443601609225
2018-11-15,0.0405584218862578
2018-11-16,0.0372157711678472
2018-11-19,0.0377242261265311
2018-11-20,0.0451997142435671
2018-11-21,0.0451883761516559
2018-11-22,0.0464527673625141
2018-11-23,0.0506955891582428
2018-11-26,0.0459807016510958
2018-11-27,0.0475138161341356
2018-11-28,0.0449345604586532
2018-11-29,0.0438119170813859
2018-11-30,0.0453349098157544
2018-12-03,0.0266935261716147
2018-12-04,0.0255007896812391
2018-12-05,0.027860383379936
2018-12-06,0.0229900812093619
2018-12-07,0.0212379726257933
2018-12-10,0.0253873239641401
2018-12-11,0.0213077927008508
2018-12-12,0.0209482986988949
2018-12-13,0.0193648456299488
2018-12-14,0.0167892929606345
2018-12-17,0.0161521591443317
2018-12-18,0.0139132081310875
2018-12-19,0.014209367127941
2018-12-20,0.0208977187967733
2018-12-21,0.0256951823445182
2018-12-24,0.0332603499902301
2018-12-25,0.0426495086596131
2018-12-26,0.0549955359691574
2018-12-27,0.0582036037594296
2018-12-28,0.055353007948664
2018-12-31,0.0574911014857919
2019-01-01,0.0618788105630028
2019-01-02,0.0476620511491441
2019-01-03,0.0660491140273695
2019-01-04,0.0684956194583732
2019-01-07,0.0729981750171463
2019-01-08,0.075831825324075
2019-01-09,0.0698517070230548
2019-01-10,0.0684621436650373
2019-01-11,0.0649882382004185
2019-01-14,0.0690652359604655
2019-01-15,0.0629090562190469
2019-01-16,0.0629629345802168
2019-01-17,0.0599876970510986
2019-01-18,0.0586063958184533
2019-01-21,0.058384325456062
2019-01-22,0.0557936956672705
2019-01-23,0.0601723776588429
2019-01-24,0.0552106328233682
2019-01-25,0.0533879010108129
2019-01-28,0.0519229669141532
2019-01-29,0.0474426581761573
2019-01-30,0.0480817455335852
2019-01-31,0.0431900373963392
2019-02-01,0.0379304159024208
2019-02-04,0.0357974689981408
2019-02-05,0.0343590626419087
2019-02-06,0.0340132247484498
2019-02-07,0.0346476337099193
2019-02-08,0.0306834536091989
2019-02-11,0.0256819213344659
2019-02-12,0.0262527956896715
2019-02-13,0.0229033501522493
2019-02-14,0.0211422357370613
2019-02-15,0.0179167968911016
2019-02-18,0.0170281693978511
2019-02-19,0.0191517069861732
2019-02-20,0.0169817961307716
2019-02-21,0.0160756913652211
2019-02-22,0.0170167084315402
2019-02-25,0.0122763352718837
2019-02-26,0.0115455002011982
2019-02-27,0.0100978810644844
2019-02-28,0.0097610156172061
2019-03-01,0.0075278187783989
2019-03-04,0.0056363736079264
2019-03-05,0.0065594806062587
2019-03-06,0.0071471490680825
2019-03-07,0.0084257844441642
2019-03-08,0.01187764781456
2019-03-11,0.0121517497357394
2019-03-12,0.0110517152729121
2019-03-13,0.0099053423876111
2019-03-14,0.0097567762440243
2019-03-15,0.0084966761644957
2019-03-18,0.0072570248498179
2019-03-19,0.006053094097296
2019-03-20,0.0052169977304202
2019-03-21,0.004667340932791
2019-03-22,0.0062414241206298
2019-03-25,0.0057778998246542
2019-03-26,0.0043975158294353
2019-03-27,0.0033092681645473
2019-03-28,0.0025075696792358
2019-03-29,0.003937960637957
2019-04-01,0.0034764544227965
2019-04-02,0.0026752687985085
2019-04-03,0.0019855306782455
2019-04-04,0.0016219808861847
2019-04-05,0.001757121336275
2019-04-08,0.0028809364417344
2019-04-09,0.0045846734750401
2019-04-10,0.0056870223773735
2019-04-11,0.0085745241172147
2019-04-12,0.0128274902510354
2019-04-15,0.0140323730226193
2019-04-16,0.0220694821932706
2019-04-17,0.0197409220253417
2019-04-18,0.0160634893450542
2019-04-19,0.0109923339498496
2019-04-22,0.0107613766207906
2019-04-23,0.0088317869824184
2019-04-24,0.0062898872211985
2019-04-25,0.0101421098910968
2019-04-26,0.0109383972092229
2019-04-29,0.0116764967052048
2019-04-30,0.0103555029784046
2019-05-01,0.0092310446840973
2019-05-02,0.0078246212072525
2019-05-03,0.0031862009079697
2019-05-06,0.0116851598902005
2019-05-07,0.0141316730320526
2019-05-08,0.0176196094315431
2019-05-09,0.0310573438245436
2019-05-10,0.0347563910259088
2019-05-13,0.0469046756934359
2019-05-14,0.0444623051954791
2019-05-15,0.042756493167779
2019-05-16,0.0393845597755221
2019-05-17,0.0442670838437666
2019-05-20,0.0384552724700849
2019-05-21,0.0409191399902732
2019-05-22,0.0357246369358949
2019-05-23,0.0399720420086158
2019-05-24,0.039932737647164
2019-05-27,0.0344241134308645
2019-05-28,0.0356140932259944
2019-05-29,0.0320837197749558
2019-05-30,0.031537480233491
2019-05-31,0.0257430404120098
2019-06-03,0.0237995175549232
2019-06-04,0.025194952339118
2019-06-05,0.0240145853747055
2019-06-06,0.0220556270407812
2019-06-07,0.0225427702375774
2019-06-10,0.0222128635479682
2019-06-11,0.0226953478319708
2019-06-12,0.0271499980062469
2019-06-13,0.0282382979990647
2019-06-14,0.0318281522431705
2019-06-17,0.0357969990032252
2019-06-18,0.037146375713861
2019-06-19,0.0250078346206836
2019-06-20,0.0201290160236949
2019-06-21,0.0188087450003372
2019-06-24,0.0162328819168306
2019-06-25,0.0199592321314382
2019-06-26,0.0222572821073517
2019-06-27,0.0256186528426581
2019-06-28,0.0275015979878715
2019-07-01,0.0247230133155471
2019-07-02,0.0201260426602074
2019-07-03,0.0185823222361436
2019-07-04,0.0209561721769836
2019-07-05,0.0205585561633176
2019-07-08,0.0277643607204219
2019-07-09,0.0253767954766384
2019-07-10,0.0238930559363818
2019-07-11,0.0215977942123736
2019-07-12,0.0189371944977363
2019-07-15,0.020105708829324
2019-07-16,0.020546420461951
2019-07-17,0.0188808255218213
2019-07-18,0.0176952538320689
2019-07-19,0.015303755580743
2019-07-22,0.0125338236530649
2019-07-23,0.0113128197828098
2019-07-24,0.0105675235713012
2019-07-25,0.0095158506727476
2019-07-26,0.0101207312678649
2019-07-29,0.0104386040547569
2019-07-30,0.010657991633329
2019-07-31,0.0098683277792961
2019-08-01,0.0103222864200425
2019-08-02,0.0203005594998797
2019-08-05,0.0561123849574723
2019-08-06,0.0789445423312375
2019-08-07,0.0864198431746427
2019-08-08,0.0890825235907032
2019-08-09,0.0925371663884472
2019-08-12,0.0936213344274533
2019-08-13,0.117956466512607
2019-08-14,0.1124641350351993
2019-08-15,0.1132138853878699
2019-08-16,0.1050741702110884
2019-08-19,0.093350328274867
2019-08-20,0.0847200739600318
2019-08-21,0.0728074763415569
2019-08-22,0.0673347243186976
2019-08-23,0.0684383959644676
2019-08-26,0.0671148737912987
2019-08-27,0.0648233257001329
2019-08-28,0.0593616853514443
2019-08-29,0.0611029972925087
2019-08-30,0.053651652227307
2019-09-02,0.0432587425620704
2019-09-03,0.0432978737729032
2019-09-04,0.0400105343517405
2019-09-05,0.0389923746708603
2019-09-06,0.0367327714296222
2019-09-09,0.0328413431213101
2019-09-10,0.0358029511980128
2019-09-11,0.0278073608174993
2019-09-12,0.0299466007773982
2019-09-13,0.0283013585554095
2019-09-16,0.0257604673020158
2019-09-17,0.0190384943566671
2019-09-18,0.0127269751728838
2019-09-19,0.0115335639217383
2019-09-20,0.0085963512341988
2019-09-23,0.0121688590818509
2019-09-24,0.015151955117776
2019-09-25,0.0167070319204055
2019-09-26,0.0163524228556945
2019-09-27,0.0214577037926943
2019-09-30,0.0253356281993187
2019-10-01,0.0286509374749471
2019-10-02,0.032177270863826
2019-10-03,0.0349412957878232
2019-10-04,0.0383387085141045
2019-10-07,0.0370764502998113
2019-10-08,0.0303141079040515
2019-10-09,0.0307624053850937
2019-10-10,0.0308220314742046
2019-10-11,0.027590025244941
2019-10-14,0.0220783374738993
2019-10-15,0.0183031991811057
2019-10-16,0.0197773993520953
2019-10-17,0.020578141914066
2019-10-18,0.0238911668161524
2019-10-21,0.0230720543394378
2019-10-22,0.024759162843314
2019-10-23,0.0243921843238824
2019-10-24,0.0265973497512928
2019-10-25,0.02580332789988
2019-10-28,0.0262164821296313
2019-10-29,0.0259931551326157
2019-10-30,0.0262025717402715
2019-10-31,0.0270096464286145
2019-11-01,0.0240361598677368
2019-11-04,0.0243077624786531
2019-11-05,0.0174702814983963
2019-11-06,0.020245195754722
2019-11-07,0.0194060162443727
2019-11-08,0.0204119453547712
2019-11-11,0.014360284844748
2019-11-12,0.0131908621654267
2019-11-13,0.0136617110046749
2019-11-14,0.0161899760517227
2019-11-15,0.016545040859645
2019-11-18,0.0113650470065873
2019-11-19,0.0109604125890805
2019-11-20,0.0114503702257301
2019-11-21,0.010676040389666
2019-11-22,0.0095270753754598
2019-11-25,0.0099579211793109
2019-11-26,0.0088392158412319
2019-11-27,0.0104774508304164
2019-11-28,0.0111072844001014
2019-11-29,0.0082201631758324
2019-12-02,0.0080899885067016
2019-12-03,0.0068772675671038
2019-12-04,0.0064744163554395
2019-12-05,0.0076220382704958
2019-12-06,0.007097904955958
2019-12-09,0.0067724674267973
2019-12-10,0.0067363985363043
2019-12-11,0.0049340572371657
2019-12-12,0.0049848014629888
2019-12-13,0.0027917134291846
2019-12-16,0.0032778659368799
2019-12-17,0.002453310616399
2019-12-18,0.0029505347668937
2019-12-19,0.0031792190298714
2019-12-20,0.0029531657413812
2019-12-23,0.0033852659538681
2019-12-24,0.0031792050947288
2019-12-25,0.0035263472719933
2019-12-26,0.0050426627483526
2019-12-27,0.0055079354139713
2019-12-30,0.0066144237553805
2019-12-31,0.0078747750973874
2020-01-01,0.0093116190460902
2020-01-02,0.0079117877288727
2020-01-03,0.01120092851881
2020-01-06,0.0137609653709282
2020-01-07,0.0150896659694619
2020-01-08,0.021300344505229
2020-01-09,0.0223985589845087
2020-01-10,0.0233133276658501
2020-01-13,0.0262030434718257
2020-01-14,0.0254317055393602
2020-01-15,0.0251566842935215
2020-01-16,0.0261049288665423
2020-01-17,0.0227656973780925
2020-01-20,0.0208864256301206
2020-01-21,0.0199623503512778
2020-01-22,0.0202887768063207
2020-01-23,0.0201810002041507
2020-01-24,0.0222311214240372
2020-01-27,0.0180826192587258
2020-01-28,0.0159934436880501
2020-01-29,0.0166776213346098
2020-01-30,0.0182418442394605
2020-01-31,0.0174286577421832
2020-02-03,0.0295836745487035
2020-02-04,0.0521329288769469
2020-02-05,0.0713080874514541
2020-02-06,0.083161123261763
2020-02-07,0.0898367916082927
2020-02-10,0.0974647448747215
2020-02-11,0.0898993912268035
2020-02-12,0.0858215867964208
2020-02-13,0.0712320656858073
2020-02-14,0.0514989834866999
2020-02-17,0.0489051666403967
2020-02-18,0.0414520837757304
2020-02-19,0.0371078636335272
2020-02-20,0.0326153517255318
2020-02-21,0.0311385429314615
2020-02-24,0.038728997929129
2020-02-25,0.0325795105757173
2020-02-26,0.0346482613769972
2020-02-27,0.0286979918036656
2020-02-28,0.0433131247857453
2020-03-02,0.0492763414422195
2020-03-03,0.0575794959186719
2020-03-04,0.0646505369058536
2020-03-05,0.0590385570700132
2020-03-06,0.0804938079624805
2020-03-09,0.1051623462564426
2020-03-10,0.1086235939152202
2020-03-11,0.1000220824815699
2020-03-12,0.1226331665906772
2020-03-13,0.1348997194154014
2020-03-16,0.1676021521525847
2020-03-17,0.1892812228213356
2020-03-18,0.2058883474767634
2020-03-19,0.209849448425758
2020-03-20,0.2142186812531636
2020-03-23,0.244355404333767
2020-03-24,0.2231732722868718
2020-03-25,0.2189571209981125
2020-03-26,0.2465505262689671
2020-03-27,0.261164969023307
2020-03-30,0.2530070448025677
2020-03-31,0.243854784646438
2020-04-01,0.2305796012333391
2020-04-02,0.2413676060462175
2020-04-03,0.2290136933542566
2020-04-06,0.2116378247791913
2020-04-07,0.2291593773930976
2020-04-08,0.2317545916330876
2020-04-09,0.2331701030416861
2020-04-10,0.2133786476648229
2020-04-13,0.2033957274433199
2020-04-14,0.2064586927831399
2020-04-15,0.1790834913069213
2020-04-16,0.1672078187405428
2020-04-17,0.1538301375170668
2020-04-20,0.1292083921786706
2020-04-21,0.1253417078005514
2020-04-22,0.1124559668889565
2020-04-23,0.1049817742358445
2020-04-24,0.0963829427301367
2020-04-27,0.086426882108166
2020-04-28,0.0833551401912747
2020-04-29,0.0841376946035434
2020-04-30,0.0771123955031454
2020-05-01,0.0801655417314752
2020-05-04,0.0851846754317825
2020-05-05,0.0903178418897286
2020-05-06,0.079822122222562
2020-05-07,0.0867776048166274
2020-05-08,0.0885356611067988
2020-05-11,0.0883552287775178
2020-05-12,0.0845459917859153
2020-05-13,0.0782005716972901
2020-05-14,0.0723348563534126
2020-05-15,0.0639521384019815
2020-05-18,0.0628376526752798
2020-05-19,0.052175168703052
2020-05-20,0.0452557071891763
2020-05-21,0.040983036975883
2020-05-22,0.0462177280759966
2020-05-25,0.0512998157322987
2020-05-26,0.0456703076355688
2020-05-27,0.0460538817576225
2020-05-28,0.0469300117855075
2020-05-29,0.045768461184085
2020-06-01,0.0484916415495039
2020-06-02,0.043164358223969
2020-06-03,0.0428050533375118
2020-06-04,0.0439749505465382
2020-06-05,0.0434219884015292
2020-06-08,0.0442029588332655
2020-06-09,0.0484392972998841
2020-06-10,0.0516931769590059
2020-06-11,0.0498239299050049
2020-06-12,0.0553350604007244
2020-06-15,0.0514164008267966
2020-06-16,0.0481750751944475
2020-06-17,0.0475106642686736
2020-06-18,0.0433251177568808
2020-06-19,0.0381610924417617
2020-06-22,0.0364484014325945
2020-06-23,0.0393093029135404
2020-06-24,0.0388289185781033
2020-06-25,0.037249012553448
2020-06-26,0.0377168249672863
2020-06-29,0.0311663302739632
2020-06-30,0.0322915610096766
2020-07-01,0.0278924495508826
2020-07-02,0.0305753141276311
2020-07-03,0.0250680934653405
2020-07-06,0.036136377292744
2020-07-07,0.0446209509043926
2020-07-08,0.0629460827137129
2020-07-09,0.0718048215121443
2020-07-10,0.0748391107162037
2020-07-13,0.0783496314565599
2020-07-14,0.0802303488169407
2020-07-15,0.0905731466641205
2020-07-16,0.0995104368163916
2020-07-17,0.106072458663105
2020-07-20,0.1095647988398897
2020-07-21,0.1019774453653058
2020-07-22,0.0770573058872723
2020-07-23,0.0676762216207153
2020-07-24,0.052704023043868
2020-07-27,0.0515738657411518
2020-07-28,0.0478047715261489
2020-07-29,0.0495730141365197
2020-07-30,0.045430081252339
2020-07-31,0.0389052393748836
2020-08-03,0.0490676261463554
2020-08-04,0.0545325213147374
2020-08-05,0.0586316217827326
2020-08-06,0.0504159856720415
2020-08-07,0.0525524862109889
2020-08-10,0.0504719733924146
2020-08-11,0.0392792021414351
2020-08-12,0.0418847762368314
2020-08-13,0.0367642610986945
2020-08-14,0.0358761423593746
2020-08-17,0.0375498480160116
2020-08-18,0.0368129299509748
2020-08-19,0.042398579489756
2020-08-20,0.0369972498498169
2020-08-21,0.0390210167402429
2020-08-24,0.04362510949096
2020-08-25,0.0395701883797042
2020-08-26,0.0470961725734533
2020-08-27,0.0448423788323557
2020-08-28,0.0465510044832099
2020-08-31,0.0390692822290457
2020-09-01,0.0421876343451044
2020-09-02,0.0381180026336279
2020-09-03,0.035357269109467
2020-09-04,0.0351880490286764
2020-09-07,0.0364604702064538
2020-09-08,0.0282544170588898
2020-09-09,0.0329286452116671
2020-09-10,0.0370835312925664
2020-09-11,0.0421927521430632
2020-09-14,0.0474658010151568
2020-09-15,0.0441139715015417
2020-09-16,0.047153388725465
2020-09-17,0.0404969076619267
2020-09-18,0.0315133756635445
2020-09-21,0.0243550322338668
2020-09-22,0.0202541476414321
2020-09-23,0.0167645817986178
2020-09-24,0.0179179065895041
2020-09-25,0.0182569083662276
2020-09-28,0.0179727507031238
2020-09-29,0.013557703178595
2020-09-30,0.0212085889637325
2020-10-01,0.0225564140125723
2020-10-02,0.0255402265276211
2020-10-05,0.0275832912404786
2020-10-06,0.0286696717266079
2020-10-07,0.0324861189752738
2020-10-08,0.0347797050103357
2020-10-09,0.0188936337496219
2020-10-12,0.0185235785610997
2020-10-13,0.0240291358950961
2020-10-14,0.0320108343351917
2020-10-15,0.0377040498028001
2020-10-16,0.0503246376241624
2020-10-19,0.0489813954681592
2020-10-20,0.0506403196377705
2020-10-21,0.0505279527503609
2020-10-22,0.0469381065297365
2020-10-23,0.044348967833747
2020-10-26,0.0385397068114563
2020-10-27,0.0513110241622187
2020-10-28,0.0537428242181378
2020-10-29,0.0525639744707526
2020-10-30,0.0532625022905609
2020-11-02,0.0580667663970411
2020-11-03,0.0550605364676278
2020-11-04,0.0634789313768033
2020-11-05,0.0645453153021744
2020-11-06,0.0645607926504034
2020-11-09,0.0544221061744208
2020-11-10,0.0522357269073169
2020-11-11,0.055006297713273
2020-11-12,0.052861305036185
2020-11-13,0.051160893233028
2020-11-16,0.0470898427714178
2020-11-17,0.0409466504749835
2020-11-18,0.0330614949306511
2020-11-19,0.036801879578946
2020-11-20,0.0407557504515922
2020-11-23,0.0381493577436933
2020-11-24,0.0435908079508792
2020-11-25,0.0414061949077301
2020-11-26,0.0412050859611411
2020-11-27,0.0417658702296554
2020-11-30,0.0442944638100664
2020-12-01,0.0474240651234688
2020-12-02,0.043551591563134
2020-12-03,0.0500292068057141
2020-12-04,0.0435984227521845
2020-12-07,0.0422725250558566
2020-12-08,0.0419636779323693
2020-12-09,0.0378302756949487
2020-12-10,0.0400067181509518
2020-12-11,0.0317452766502034
2020-12-14,0.0284594001481408
2020-12-15,0.0303851545958376
2020-12-16,0.0355678548120221
2020-12-17,0.0370539267005902
2020-12-18,0.0375755177430813
2020-12-21,0.0388210399798705
2020-12-22,0.0368759954068095
2020-12-23,0.0334467113812699
2020-12-24,0.0368856063908008
2020-12-25,0.0441750610830576
2020-12-28,0.0432708257667343
2020-12-29,0.0458600184930763
2020-12-30,0.0483579678815149
2020-12-31,0.0426986734888561
2021-01-01,0.0439155774783287
2021-01-04,0.0335651182509672
2021-01-05,0.0407002933385873
2021-01-06,0.0418418844748671
2021-01-07,0.0403797152777583
2021-01-08,0.044952410211191
2021-01-11,0.0369910708697215
2021-01-12,0.0339394648435626
2021-01-13,0.034110450941459
2021-01-14,0.0344721677068161
2021-01-15,0.0329160537837811
2021-01-18,0.0400378782372845
2021-01-19,0.0469209949854756
2021-01-20,0.0488560973438635
2021-01-21,0.0471187923991715
2021-01-22,0.0391030766731338
2021-01-25,0.0407316776445202
2021-01-26,0.0476161485590269
2021-01-27,0.0481823428633807
2021-01-28,0.0636741799118409
2021-01-29,0.0610436270101685
2021-02-01,0.0677094082360257
2021-02-02,0.0691674041662215
2021-02-03,0.0746820273218309
2021-02-04,0.0776295234278526
2021-02-05,0.0737571749586943
2021-02-08,0.075364360317412
2021-02-09,0.0761316948473975
2021-02-10,0.0671218178271012
2021-02-11,0.0651063827067656
2021-02-12,0.0574339789337166
2021-02-15,0.0503333504158195
2021-02-16,0.0410098401648793
2021-02-17,0.0349359650613083
2021-02-18,0.0309615080023383
2021-02-19,0.0324164175199658
2021-02-21,0.029449
2021-02-22,0.0336483731552597
2021-02-23,0.0298196770818334
2021-02-24,0.021024605588251
2021-02-25,0.0174347426788459
2021-02-26,0.0229138726273415
2021-03-01,0.0295233706731971
2021-03-02,0.0314927166528001
2021-03-03,0.0362866985728072
2021-03-04,0.0376309087253428
2021-03-05,0.0409221240756353
2021-03-08,0.0494664844203333
2021-03-09,0.0547860474353395
2021-03-10,0.0556287958815082
2021-03-11,0.0596351117385812
2021-03-12,0.0565746774098139
2021-03-15,0.0573422972233976
2021-03-16,0.0519014678593614
2021-03-17,0.0440066761123683
2021-03-18,0.0410248965932186
2021-03-19,0.0396931662424327
2021-03-22,0.038477987438151
2021-03-23,0.0318874166617585
2021-03-24,0.0322996126665531
2021-03-25,0.0298784354841341
2021-03-26,0.0324498840494114
2021-03-29,0.0331451705988214
2021-03-30,0.0270914861639615
2021-03-31,0.0205909499560785
2021-04-01,0.0163965721984322
2021-04-02,0.0153823750478588
2021-04-05,0.0137063394255319
2021-04-06,0.0148907153805999
2021-04-07,0.0121225776350535
2021-04-08,0.0114616289639386
2021-04-09,0.0121218989280251
2021-04-12,0.0132635606757275
2021-04-13,0.0122614955188554
2021-04-14,0.011448630587224
2021-04-15,0.0091386891354308
2021-04-16,0.0085286672324085
2021-04-19,0.0070261320325168
2021-04-20,0.0093159325843596
2021-04-21,0.0071747539601036
2021-04-22,0.0071259395960586
2021-04-23,0.0045551914333316
2021-04-26,0.0033293713410062
2021-04-27,0.0038308799692947
2021-04-28,0.0031071992909449
2021-04-29,0.003048774470118
2021-04-30,0.0013063226157363
2021-05-03,0.001557464349448
2021-05-04,0.0018020657939959
2021-05-05,0.0017873143543704
2021-05-06,0.0025061385830274
2021-05-07,0.0040683353380314
2021-05-10,0.0054077066214903
2021-05-11,0.0064620707252151
2021-05-12,0.0071258818844791
2021-05-13,0.0145696037117769
2021-05-14,0.0153299742605445
2021-05-17,0.0161861377039182
2021-05-18,0.0172941244684116
2021-05-19,0.0179599701402464
2021-05-20,0.0180453275207616
2021-05-21,0.0174465058843388
2021-05-24,0.0214780976395219
2021-05-25,0.0171117770782697
2021-05-26,0.0178339983049121
2021-05-27,0.0142739510705875
2021-05-28,0.0097803986669396
2021-05-31,0.0091123583329305
2021-06-01,0.0104593031763002
2021-06-02,0.0123381671476322
2021-06-03,0.0113312895286797
2021-06-04,0.012791848943105
2021-06-07,0.012864047854403
2021-06-08,0.0128640810596682
2021-06-09,0.0142374938391714
2021-06-10,0.0132677145611398
2021-06-11,0.0109908051463207
2021-06-14,0.0114036874793357
2021-06-15,0.0103517981550744
2021-06-16,0.0075413999076061
2021-06-17,0.007650016661224
2021-06-18,0.0071197945983084
2021-06-21,0.0064357740145224
2021-06-22,0.0061623695893716
2021-06-23,0.0057468536395631
2021-06-24,0.0054841418243539
2021-06-25,0.0060749282312486
2021-06-28,0.0061155807565725
2021-06-29,0.0056368933166358
2021-06-30,0.0037670945598687
2021-07-01,0.0048384664766503
2021-07-02,0.0061803411705691
2021-07-05,0.006687223378692
2021-07-06,0.009728120664798
2021-07-07,0.0089311824983384
2021-07-08,0.0202384727578145
2021-07-09,0.0289235145435448
2021-07-12,0.0312650539593969
2021-07-13,0.0317500532594514
2021-07-14,0.0328848296116963
2021-07-15,0.0347321124575444
2021-07-16,0.0358887323881437
2021-07-19,0.0353111542438999
2021-07-20,0.0414966185446732
2021-07-21,0.042691652533965
2021-07-22,0.0410207513700612
2021-07-23,0.0496492062146737
2021-07-26,0.0509727998486134
2021-07-27,0.0591352757855752
2021-07-28,0.0740017802816737
2021-07-29,0.086317407354845
2021-07-30,0.0897977412807591
2021-08-02,0.0923711736897578
2021-08-03,0.0894712200804038
2021-08-04,0.0856591401211063
2021-08-05,0.0829621282911195
2021-08-06,0.0727852054940512
2021-08-09,0.0760865062089623
2021-08-10,0.0714255990191504
2021-08-11,0.0649832542822774
2021-08-12,0.0612857383466253
2021-08-13,0.0600337230361819
2021-08-16,0.0579614383816532
2021-08-17,0.054475790031688
2021-08-18,0.0477244622654913
2021-08-19,0.0463405611591468
2021-08-20,0.0495562585118288
2021-08-23,0.0572946630429663
2021-08-24,0.0635190362516303
2021-08-25,0.0623079035340303
2021-08-26,0.0607524889277971
2021-08-27,0.0592520841845097
2021-08-30,0.0555368013780689
2021-08-31,0.0579057511852399
2021-09-01,0.0544027909127248
2021-09-02,0.0548635680838601
2021-09-03,0.0552990165830431
2021-09-06,0.04966331756228
2021-09-07,0.0474333601050393
2021-09-08,0.0488544369788097
2021-09-09,0.0472557143878999
2021-09-10,0.0426727471711371
2021-09-13,0.0461673748683391
2021-09-14,0.0454714123571166
2021-09-15,0.0476516933817874
2021-09-16,0.0480541481956614
2021-09-17,0.0447020197123715
2021-09-20,0.0475980459459794
2021-09-21,0.0522478238503141
2021-09-22,0.0411018267364038
2021-09-23,0.0411896529263433
2021-09-24,0.049365042025374
2021-09-27,0.0490805593139143
2021-09-28,0.046343521091127
2021-09-29,0.0410014338422508
2021-09-30,0.0409545249172084
2021-10-01,0.0413434261043833
2021-10-04,0.0436905824030958
2021-10-05,0.0428424526797192
2021-10-06,0.0394296175138539
2021-10-07,0.0444864419467835
2021-10-08,0.0384214250068673
2021-10-11,0.0285424705726678
2021-10-12,0.0277726664170513
2021-10-13,0.0326356888372096
2021-10-14,0.0324636241697733
2021-10-15,0.0324253760405491
2021-10-18,0.0325485244237824
2021-10-19,0.032560554908205
2021-10-20,0.0413577619539494
2021-10-21,0.0400845661162463
2021-10-22,0.0427189215059397
2021-10-25,0.0436352821711679
2021-10-26,0.045262102968173
2021-10-27,0.0449949386518055
2021-10-28,0.0353234782351861
2021-10-29,0.0249868613072918
2021-11-01,0.0287141002386266
2021-11-02,0.0301878035373056
2021-11-03,0.0345397406574595
2021-11-04,0.0359462195380914
2021-11-05,0.0381950612485281
2021-11-08,0.0379876986199167
2021-11-09,0.0377427271129455
2021-11-10,0.0312361021318111
2021-11-11,0.0298132903454083
2021-11-12,0.0321396297881853
2021-11-15,0.0343963865267408
2021-11-16,0.0326766478204239
2021-11-17,0.0372936083858819
2021-11-18,0.0383666418672327
2021-11-19,0.038267348925032
2021-11-22,0.0292317345965715
2021-11-23,0.0322500069291708
2021-11-24,0.0320354473742531
2021-11-25,0.036572703468612
2021-11-26,0.0281802680334574
2021-11-29,0.0368960132632562
2021-11-30,0.0485021052827779
2021-12-01,0.0475272799846223
2021-12-02,0.0425053146982731
2021-12-03,0.0479163789687821
2021-12-06,0.0449540004029687
2021-12-07,0.0453458564002406
2021-12-08,0.0460449134040484
2021-12-09,0.0450173582545334
2021-12-10,0.0512203468494295
2021-12-13,0.0489834895679186
2021-12-14,0.0517220647548818
2021-12-15,0.0523638050018651
2021-12-16,0.0525518810673509
2021-12-17,0.0510232164699893
2021-12-20,0.0462073826563844
2021-12-21,0.0455039521044473
2021-12-22,0.0442685437680524
2021-12-23,0.0418816342895716
2021-12-24,0.0415955152153125
2021-12-27,0.0443192863246306
2021-12-28,0.0451730219972393
2021-12-29,0.0445869731469292
2021-12-30,0.0410319507194493
2021-12-31,0.041105934070203
2022-01-03,0.0428175673363517
2022-01-04,0.0459215298977371
2022-01-05,0.0438845870333799
2022-01-06,0.0472681221048906
2022-01-07,0.0405127169732799
2022-01-10,0.0353145345164362
2022-01-11,0.0334994655463673
2022-01-12,0.0321895371097666
2022-01-13,0.0261518251397281
2022-01-14,0.0257516241736168
2022-01-17,0.0217783500811131
2022-01-18,0.0177205506053339
2022-01-19,0.019402985416693
2022-01-20,0.0175448850768726
2022-01-21,0.0197454033713628
2022-01-24,0.0188204660471056
2022-01-25,0.0163787346352307
2022-01-26,0.0188952160205216
2022-01-27,0.0323920265957842
2022-01-28,0.0387475063320203
2022-01-31,0.041128546450195
2022-02-01,0.0351122068871652
2022-02-02,0.0289276128921034
2022-02-03,0.0249103308412892
2022-02-04,0.0195093749954267
2022-02-07,0.0166617701551476
2022-02-08,0.0184841243851501
2022-02-09,0.0193855893697155
2022-02-10,0.0162428523226638
2022-02-11,0.0118984866280557
2022-02-14,0.0084867574976826
2022-02-15,0.0082025005981932
2022-02-16,0.0117117115534377
2022-02-17,0.0119815746536866
2022-02-18,0.0172086478212915
2022-02-21,0.020702117035505
2022-02-22,0.0227898101614686
2022-02-23,0.0246324404129744
2022-02-24,0.0269104496923492
2022-02-25,0.0409023632418477
2022-02-28,0.0495924403504227
2022-03-01,0.052051124100296
2022-03-02,0.0541717313630731
2022-03-03,0.0573259499386214
2022-03-04,0.0590987157672571
2022-03-07,0.0675341110212971
2022-03-08,0.079410045794698
2022-03-09,0.0988242246152825
2022-03-10,0.1105472460712031
2022-03-11,0.1151732133782394
2022-03-14,0.1310789679090502
2022-03-15,0.186251225324048
2022-03-16,0.1825604205201407
2022-03-17,0.185522081150293
2022-03-18,0.1760676746314051
2022-03-21,0.1784158174997318
2022-03-22,0.1384307578557898
2022-03-23,0.1231050288728524
2022-03-24,0.1009950070795565
2022-03-25,0.089984738516755
2022-03-28,0.0807574281200798
2022-03-29,0.0764340566944103
2022-03-30,0.0791728522532584
2022-03-31,0.079799176246556
2022-04-01,0.0796176828991368
2022-04-04,0.0693397868814406
2022-04-05,0.0619703101409731
2022-04-06,0.0573048470396458
2022-04-07,0.0463292355156112
2022-04-08,0.0413560061470018
2022-04-11,0.0409748266060088
2022-04-12,0.0451548384247309
2022-04-13,0.0477920885926837
2022-04-14,0.0482066722760167
2022-04-15,0.0467431158248315
2022-04-18,0.0486720314423973
2022-04-19,0.0474242198820154
2022-04-20,0.0576449294962047
2022-04-21,0.0667657906135826
2022-04-22,0.0728609960252908
2022-04-25,0.1140528395991551
2022-04-26,0.1417790455407122
2022-04-27,0.1916833606980054
2022-04-28,0.2162680986893145
2022-04-29,0.2266466824978817
2022-05-02,0.2253660699029382
2022-05-03,0.2236385858258679
2022-05-04,0.2060691460082639
2022-05-05,0.1738578590591973
2022-05-06,0.1879873837287652
2022-05-09,0.1769858542768199
2022-05-10,0.1636966806589315
2022-05-11,0.1522735674030294
2022-05-12,0.1639303418253128
2022-05-13,0.1502771824656726
2022-05-16,0.1416568050531145
2022-05-17,0.1427104200084857
2022-05-18,0.1553781822704373
2022-05-19,0.1580396554848837
2022-05-20,0.1420228710057505
2022-05-23,0.1403941683123792
2022-05-24,0.1337813168115493
2022-05-25,0.1354186076748492
2022-05-26,0.1484248153018363
2022-05-27,0.1502459886056054
2022-05-30,0.1582261087670664
2022-05-31,0.1518588820388895
2022-06-01,0.1473325747821799
2022-06-02,0.1359163688889314
2022-06-03,0.1336769593034702
2022-06-06,0.1323866185529159
2022-06-07,0.1274150254780982
2022-06-08,0.1268038076668352
2022-06-09,0.1255771913742429
2022-06-10,0.1313551661479677
2022-06-13,0.1368799177856078
2022-06-14,0.1314658614882543
2022-06-15,0.1097562519283557
2022-06-16,0.1268006407586789
2022-06-17,0.1294219873735066
2022-06-20,0.129423320852027
2022-06-21,0.1086164949787909
2022-06-22,0.1039653142176849
2022-06-23,0.1005345294208805
2022-06-24,0.0961210669085406
2022-06-27,0.0919206779046825
2022-06-28,0.0919793057107274
2022-06-29,0.0929653025564836
2022-06-30,0.0951553961747115
2022-07-01,0.090942194466413
2022-07-04,0.0868355546063624
2022-07-05,0.1016209217227951
2022-07-06,0.1100482011115047
2022-07-07,0.0999165779870397
2022-07-08,0.0861578948328227
2022-07-11,0.1007158269519473
2022-07-12,0.0995246172897179
2022-07-13,0.0976858524219414
2022-07-14,0.1031935944398791
2022-07-15,0.1134822836361769
2022-07-18,0.1263254584141144
2022-07-19,0.1137206076742636
2022-07-20,0.10786866456452
2022-07-21,0.1023706169511064
2022-07-22,0.1071852894999948
2022-07-25,0.1011247963867697
2022-07-26,0.1015674032934704
2022-07-27,0.0935417777601325
2022-07-28,0.0958329016662037
2022-07-29,0.0994746455364831
2022-08-01,0.1120063415362312
2022-08-02,0.1336771759908887
2022-08-03,0.1568571204732309
2022-08-04,0.1797659494697224
2022-08-05,0.2156501511137276
2022-08-08,0.2187981404452074
2022-08-09,0.2243497590075867
2022-08-10,0.2230221015173622
2022-08-11,0.2091621717361246
2022-08-12,0.2057034138993266
2022-08-15,0.2141119994373297
2022-08-16,0.2075687972442944
2022-08-17,0.2032623609020005
2022-08-18,0.1913528791783291
2022-08-19,0.1925030040471633
2022-08-22,0.1897483181301428
2022-08-23,0.175131821167111
2022-08-24,0.1615553198548078
2022-08-25,0.1463543920236761
2022-08-26,0.1421135462488862
2022-08-29,0.1470962664585096
2022-08-30,0.1465171199727091
2022-08-31,0.1281776228103263
2022-09-01,0.1381842044603992
2022-09-02,0.1336211529297833
2022-09-05,0.1303758438351335
2022-09-06,0.1339197290010417
2022-09-07,0.1339149690200598
2022-09-08,0.133670014885372
2022-09-09,0.1134072660371755
2022-09-12,0.116879786387895
2022-09-13,0.1291994392325245
2022-09-14,0.1255927178955842
2022-09-15,0.1167254423559998
2022-09-16,0.1103740646080586
2022-09-19,0.1065855094054954
2022-09-20,0.1020169236388424
2022-09-21,0.1127611130456358
2022-09-22,0.1311746879323774
2022-09-23,0.1361321947151723
2022-09-26,0.1335519437576523
2022-09-27,0.1283618821884693
2022-09-28,0.1199989790868652
2022-09-29,0.1428621093238003
2022-09-30,0.143960252551569
2022-10-03,0.1441327945872485
2022-10-04,0.1550856601086691
2022-10-05,0.1563235920922175
2022-10-06,0.1597257703517301
2022-10-07,0.166148983256635
2022-10-10,0.1534092883914564
2022-10-11,0.1587899377775475
2022-10-12,0.1471251867996488
2022-10-13,0.1473011754722502
2022-10-14,0.138220046418342
2022-10-17,0.1438739583509633
2022-10-18,0.136850519640436
2022-10-19,0.1357796617920078
2022-10-20,0.125787137630075
2022-10-21,0.1081422433535131
2022-10-24,0.1474930316265144
2022-10-25,0.1539666288462465
2022-10-26,0.1580135307638825
2022-10-27,0.1665445952590366
2022-10-28,0.1817033630564019
2022-10-29,0.206057
2022-10-31,0.203113927620782
2022-11-01,0.2090009035696559
2022-11-02,0.2198527801035737
2022-11-03,0.2334485111551117
2022-11-04,0.2406619561817627
2022-11-07,0.2447881538884936
2022-11-08,0.2493385189449792
2022-11-09,0.2317997677430635
2022-11-10,0.2595240645160232
2022-11-11,0.2864854812196688
2022-11-14,0.2980155893832003
2022-11-15,0.314628664508424
2022-11-16,0.3321843073842095
2022-11-17,0.3403069277352273
2022-11-18,0.3349562398949608
2022-11-21,0.3468263141040296
2022-11-22,0.3227485126175019
2022-11-23,0.3450312419532565
2022-11-24,0.3449933056217163
2022-11-25,0.3366551831929938
2022-11-28,0.3531029816320154
2022-11-29,0.3412664441007559
2022-11-30,0.3561079091762869
2022-12-01,0.3444179784579577
2022-12-02,0.3424935314750402
2022-12-05,0.3333382110554144
2022-12-06,0.3228302492313136
2022-12-07,0.3552342702685989
2022-12-08,0.340489051614193
2022-12-09,0.3338010314169808
2022-12-12,0.329645751552635
2022-12-13,0.3113412877327332
2022-12-14,0.2960833799645016
2022-12-15,0.3000478966196953
2022-12-16,0.2782302196359902
2022-12-19,0.2597722513999765
2022-12-20,0.243452178424623
2022-12-21,0.2314986443149668
2022-12-22,0.2144025782250116
2022-12-23,0.2086125874248696
2022-12-26,0.1931686909383695
2022-12-27,0.1902458059197675
2022-12-28,0.1909512660647706
2022-12-29,0.1955984485855214
2022-12-30,0.1862365070661071
2023-01-02,0.182241285835193
2023-01-03,0.1638797199959798
2023-01-04,0.1818742913235611
2023-01-05,0.1767787608199971
2023-01-06,0.1672895832639741
2023-01-09,0.154397486193958
2023-01-10,0.1456680945182046
2023-01-11,0.1337175140089857
2023-01-12,0.1241277502246755
2023-01-13,0.1183507616928455
2023-01-16,0.10950239035577
2023-01-17,0.1046606836432591
2023-01-18,0.1080735079240115
2023-01-19,0.1029746299700713
2023-01-20,0.089814922620309
2023-01-23,0.0852889522608871
2023-01-24,0.0803297697196427
2023-01-25,0.071758353852797
2023-01-26,0.0566743990416231
2023-01-27,0.0503997368953207
2023-01-30,0.0551315788456271
2023-01-31,0.0491933728046368
2023-02-01,0.0445759489323065
2023-02-02,0.0436417811956611
2023-02-03,0.0507248057635727
2023-02-06,0.0478624023551581
2023-02-07,0.0500339087275847
2023-02-08,0.050544293315387
2023-02-09,0.0477470721557971
2023-02-10,0.0511222005730243
2023-02-13,0.0516185464912132
2023-02-14,0.0532348181301391
2023-02-15,0.0548813169594858
2023-02-16,0.0493718064306089
2023-02-17,0.0515333015414189
2023-02-20,0.0343801364657718
2023-02-21,0.0432109950777257
2023-02-22,0.0438076233730387
2023-02-23,0.0431070935740391
2023-02-24,0.0496361696130766
2023-02-27,0.0476631056204134
2023-02-28,0.0512333822958015
2023-03-01,0.0368430641267285
2023-03-02,0.0424214116796202
2023-03-03,0.0449380672202327
2023-03-06,0.0380384541742487
2023-03-07,0.0377517862704033
2023-03-08,0.0440434301382262
2023-03-09,0.0570684171102878
2023-03-10,0.0570462603108299
2023-03-13,0.0605509152704973
2023-03-14,0.0648719269153486
2023-03-15,0.1021171234323624
2023-03-16,0.1020926635774487
2023-03-17,0.1058366984758523
2023-03-20,0.1107204928789393
2023-03-21,0.1069240540330632
2023-03-22,0.0981908152179536
2023-03-23,0.0980591360744625
2023-03-24,0.1177527793413435
2023-03-27,0.1219557607189419
2023-03-28,0.1251999039670957
2023-03-29,0.1259844703404542
2023-03-30,0.1220095731833803
2023-03-31,0.0990935885126101
2023-04-03,0.0902511920295146
2023-04-04,0.0928585049147639
2023-04-05,0.0960049090923277
2023-04-06,0.0939038706874622
2023-04-07,0.0869659047537858
2023-04-10,0.0912653699034477
2023-04-11,0.0889260185155451
2023-04-12,0.0917169642391693
2023-04-13,0.0885807906044072
2023-04-14,0.0907504546339246
2023-04-17,0.082422135905799
2023-04-18,0.0792497113200097
2023-04-19,0.0729980450608293
2023-04-20,0.0690307444594688
2023-04-21,0.059752696691108
2023-04-24,0.0521942484498356
2023-04-25,0.0602295841493242
2023-04-26,0.0567893365255349
2023-04-27,0.0482126919349555
2023-04-28,0.0540484095191421
2023-05-01,0.0595101781808375
2023-05-02,0.0651575641070899
2023-05-03,0.0694902507905312
2023-05-04,0.048107695765853
2023-05-05,0.047899213023855
2023-05-08,0.052547982536354
2023-05-09,0.0540630584907424
2023-05-10,0.049249670372953
2023-05-11,0.0468076455957422
2023-05-12,0.0563624249714065
2023-05-15,0.0643708886628908
2023-05-16,0.071581636745491
2023-05-17,0.0779570943160278
2023-05-18,0.0868908857969598
2023-05-19,0.0829325807281215
2023-05-22,0.0769337679158493
2023-05-23,0.0749701140724636
2023-05-24,0.0765254590847893
2023-05-25,0.0795021040053259
2023-05-26,0.0776635589889536
2023-05-29,0.0724584061598643
2023-05-30,0.0690879786065353
2023-05-31,0.0720969679753156
2023-06-01,0.0655907589194511
2023-06-02,0.058975898557686
2023-06-05,0.052008353700235
2023-06-06,0.0424423563809383
2023-06-07,0.037608764217935
2023-06-08,0.0314153690506422
2023-06-09,0.0280646215162447
2023-06-12,0.0276114603193307
2023-06-13,0.0234039852944116
2023-06-14,0.0237198867313109
2023-06-15,0.017818674328578
2023-06-16,0.0161151830577812
2023-06-19,0.0162487847235094
2023-06-20,0.0259056375274991
2023-06-21,0.0246226025516613
2023-06-22,0.0264208442831558
2023-06-23,0.0300134915670781
2023-06-26,0.032038890958812
2023-06-27,0.0263883864067017
2023-06-28,0.0269958298080829
2023-06-29,0.0297114912213061
2023-06-30,0.0184770759374237
2023-07-03,0.0144613139367272
2023-07-04,0.0136380248740316
2023-07-05,0.010057884370096
2023-07-06,0.0181296312459133
2023-07-07,0.0312581984400477
2023-07-10,0.0388878424869717
2023-07-11,0.0427489728449373
2023-07-12,0.0474455652516848
2023-07-13,0.0463799117522037
2023-07-14,0.0507183526128262
2023-07-17,0.0429540169391281
2023-07-18,0.0521927658032579
2023-07-19,0.0523550066010851
2023-07-20,0.0537648489731461
2023-07-21,0.060225213871269
2023-07-24,0.0655685656717345
2023-07-25,0.0731428957736639
2023-07-26,0.0769930250223695
2023-07-27,0.0799935034496416
2023-07-28,0.0772674277165261
2023-07-31,0.076667390119186
2023-08-01,0.0769102383010536
2023-08-02,0.0880722482699498
2023-08-03,0.0793149802397349
2023-08-04,0.0747663033361337
2023-08-07,0.0678135247647912
2023-08-08,0.0634995012265159
2023-08-09,0.0553577061890212
2023-08-10,0.0475106817998137
2023-08-11,0.0427572459995044
2023-08-14,0.046120885231017
2023-08-15,0.0453568475968711
2023-08-16,0.0558620864515587
2023-08-17,0.0564722166043192
2023-08-18,0.0594119059960837
2023-08-21,0.059330357895423
2023-08-22,0.0584668367575767
2023-08-23,0.0566278201782373
2023-08-24,0.0545771874057153
2023-08-25,0.0536288282862276
2023-08-28,0.0534651012808322
2023-08-29,0.058634000869303
2023-08-30,0.0629207905218662
2023-08-31,0.0594637198395325
2023-09-01,0.0666976621015449
2023-09-04,0.0656574691644747
2023-09-05,0.0792114835405643
2023-09-06,0.0825083975299045
2023-09-07,0.089294100462381
2023-09-08,0.0896982003265411
2023-09-11,0.0940598406121202
2023-09-12,0.0960019466793628
2023-09-13,0.0867558643959739
2023-09-14,0.0797306379486491
2023-09-15,0.0824980793488363
2023-09-18,0.0810259700197276
2023-09-19,0.0823162040401293
2023-09-20,0.083237959894736
2023-09-21,0.0858718434639683
2023-09-22,0.0715611970460738
2023-09-25,0.0749131706380261
2023-09-26,0.0838599505586609
2023-09-27,0.0836363833459087
2023-09-28,0.0877593226376705
2023-09-29,0.0869936807913616
2023-10-02,0.0834546289920481
2023-10-03,0.0808430177077244
2023-10-04,0.0823535883379764
2023-10-05,0.0795809816380321
2023-10-06,0.0790269947717796
2023-10-09,0.0762476685260902
2023-10-10,0.0665907015082619
2023-10-11,0.0665539032606496
2023-10-12,0.072206038156551
2023-10-13,0.0775407050794359
2023-10-16,0.0726275382657297
2023-10-17,0.0727693354380353
2023-10-18,0.0672429132265723
2023-10-19,0.077183707390268
2023-10-20,0.079690253924467
2023-10-23,0.0746406327416751
2023-10-24,0.0750659999328952
2023-10-25,0.0817427559186439
2023-10-26,0.0780100266287559
2023-10-27,0.0700301450357759
2023-10-30,0.0715860979529053
2023-10-31,0.0527119104760163
2023-11-01,0.0503359182783716
2023-11-02,0.0430806297185073
2023-11-03,0.0426482083066467
2023-11-06,0.0539686950649676
2023-11-07,0.0586229758731129
2023-11-08,0.0580540161667341
2023-11-09,0.053770621986236
2023-11-10,0.0510360523778326
2023-11-13,0.0491223864031333
2023-11-14,0.0508321112259475
2023-11-15,0.0410620156768908
2023-11-16,0.0451277603262762
2023-11-17,0.0502416351555921
2023-11-20,0.0524321456046837
2023-11-21,0.0625377199851692
2023-11-22,0.0579199595942853
2023-11-23,0.056720066944933
2023-11-24,0.0554317535547165
2023-11-27,0.0549989599604227
2023-11-28,0.0496071895069575
2023-11-29,0.0440703614851351
2023-11-30,0.0415391276279683
2023-12-01,0.0378848452675391
2023-12-04,0.0411896246180938
2023-12-05,0.0379926730232432
2023-12-06,0.0385680566583546
2023-12-07,0.0330504986798227
2023-12-08,0.0403144680859952
2023-12-11,0.0436638035990317
2023-12-12,0.0426809550675721
2023-12-13,0.0476456853730386
2023-12-14,0.050984371677305
2023-12-15,0.047884564538429
2023-12-18,0.0451343508318823
2023-12-19,0.046312238508434
2023-12-20,0.0378373970273028
2023-12-21,0.033446881535625
2023-12-22,0.0358828071821967
2023-12-25,0.0377521189083153
2023-12-26,0.0366670170722976
2023-12-27,0.0283722459488311
2023-12-28,0.0327406119564008
2023-12-29,0.0461744398669932
2024-01-01,0.0514968847826953
2024-01-02,0.0661350702272526
2024-01-03,0.0782049436043678
2024-01-04,0.0794255493809942
2024-01-05,0.088560374005682
2024-01-08,0.0830341639430936
2024-01-09,0.0836791363679395
2024-01-10,0.0823957268464376
2024-01-11,0.0780010079704162
2024-01-12,0.0772247887064881
2024-01-15,0.0721178599244443
2024-01-16,0.0709736902315567
2024-01-17,0.0771625366006915
2024-01-18,0.0786648714902854
2024-01-19,0.0737546636644052
2024-01-22,0.0804914622082577
2024-01-23,0.0920295203381224
2024-01-24,0.1056612716504134
2024-01-25,0.1016711759335691
2024-01-26,0.1018243409872021
2024-01-29,0.0926932175077459
2024-01-30,0.0971587269410796
2024-01-31,0.1096020537375778
2024-02-01,0.1155327154471934
2024-02-02,0.1249510573528052
2024-02-05,0.1213711189870861
2024-02-06,0.1403913896363265
2024-02-07,0.138524063194832
2024-02-08,0.1449699764864359
2024-02-09,0.1382448241478204
2024-02-12,0.1212111538031659
2024-02-13,0.1075570292775877
2024-02-14,0.0762231972022244
2024-02-15,0.0560797026525714
2024-02-16,0.0474711308890724
2024-02-19,0.0420997364047316
2024-02-20,0.0412851903077992
2024-02-21,0.0459609177412869
2024-02-22,0.0482766520913716
2024-02-23,0.0433429293068081
2024-02-26,0.0413932892109393
2024-02-27,0.0392170980138794
2024-02-28,0.0503378427516898
2024-02-29,0.0474590521201638
2024-03-01,0.0419922651980138
2024-03-04,0.0419240179358326
2024-03-05,0.041875386147431
2024-03-06,0.0373444589207458
2024-03-07,0.0292373101911895
2024-03-08,0.0224901667243393
2024-03-11,0.0234843163372542
2024-03-12,0.0190426254358321
2024-03-13,0.0177916717830654
2024-03-14,0.0189578481297317
2024-03-15,0.0167100904874125
2024-03-18,0.0174467455907521
2024-03-19,0.0118023379834551
2024-03-20,0.0105387569165633
2024-03-21,0.0080101387446959
2024-03-22,0.0116060905055058
2024-03-25,0.0147405641002098
2024-03-26,0.0137639615050781
2024-03-27,0.0161852280717613
2024-03-28,0.0197613070475092
2024-03-29,0.0260778301834446
2024-04-01,0.0316883250212161
2024-04-02,0.0254692077715575
2024-04-03,0.0237148462960873
2024-04-04,0.0204078241168237
2024-04-05,0.0161910938965464
2024-04-08,0.01255289168025
2024-04-09,0.0087128187822991
2024-04-10,0.0047085297576866
2024-04-11,0.0043773056206539
2024-04-12,0.0061020182757517
2024-04-15,0.0071402642755354
2024-04-16,0.0107608226956975
2024-04-17,0.0135135873368294
2024-04-18,0.0119345262938488
2024-04-19,0.0130747949155119
2024-04-22,0.0138817245789925
2024-04-23,0.0146320325369937
2024-04-24,0.0137614527205437
2024-04-25,0.0058220530948169
2024-04-26,0.0051486413029385
2024-04-29,0.0073523530015069
2024-04-30,0.0092821146651099
2024-05-01,0.0101776898462756
2024-05-02,0.0144651801157919
2024-05-03,0.0123592079090398
2024-05-06,0.015612142312164
2024-05-07,0.0213080260246462
2024-05-08,0.0222840095763052
2024-05-09,0.0191121281918332
2024-05-10,0.016275571923707
2024-05-13,0.0211420348384384
2024-05-14,0.0226074802103111
2024-05-15,0.0234676583423895
2024-05-16,0.029674180612
2024-05-17,0.0292624269646758
2024-05-20,0.0272563196986368
2024-05-21,0.0250200791844835
2024-05-22,0.0223369788194244
2024-05-23,0.0183168453971812
2024-05-24,0.0148076476924937
2024-05-27,0.0129514543983668
2024-05-28,0.0091843155978933
2024-05-29,0.0072768318624934
2024-05-30,0.0065183001870616
2024-05-31,0.0071125886117316
2024-06-03,0.0057186807992259
2024-06-04,0.0045268875716573
2024-06-05,0.003869184229614
2024-06-06,0.0028122240591642
2024-06-07,0.0026963276417191
2024-06-10,0.0032107467935466
2024-06-11,0.0034948840270756
2024-06-12,0.0054095828959858
2024-06-13,0.0049853565938409
2024-06-14,0.0060041022374661
2024-06-17,0.0064283493620743
2024-06-18,0.0061709998139943
2024-06-19,0.0039049479534176
2024-06-20,0.0036602397194408
2024-06-21,0.0032230339977914
2024-06-24,0.0028552829837159
2024-06-25,0.0026092891591223
2024-06-26,0.0026506901197276
2024-06-27,0.0030329412420679
2024-06-28,0.0031587142846425
2024-07-01,0.0036832818001471
2024-07-02,0.0034109817686881
2024-07-03,0.0021372931892841
2024-07-04,0.0023318411095263
2024-07-05,0.0017493682378053
2024-07-08,0.003337247922512
2024-07-09,0.0042438668130734
2024-07-10,0.0037629217787131
2024-07-11,0.0116204977295193
2024-07-12,0.0118191477996064
2024-07-15,0.01448664226921
2024-07-16,0.0142113437605088
2024-07-17,0.018009328979687
2024-07-18,0.0167899490855663
2024-07-19,0.0207608218371861
2024-07-22,0.0189185829312776
2024-07-23,0.0165249813853289
2024-07-24,0.0193848880856654
2024-07-25,0.0240069310958946
2024-07-26,0.0197194273703118
2024-07-29,0.0147645768979093
2024-07-30,0.0123258478205606
2024-07-31,0.0162875676244041
2024-08-01,0.017365840053321
2024-08-02,0.0243376554734714
2024-08-05,0.033731894891753
2024-08-06,0.0375400036213201
2024-08-07,0.039966971412804
2024-08-08,0.0314344627175173
2024-08-09,0.0302149846719405
2024-08-12,0.0257910518428448
2024-08-13,0.029237157064528
2024-08-14,0.0298847884605844
2024-08-15,0.0287285387813422
2024-08-16,0.0227421102908857
2024-08-19,0.0246326480309194
2024-08-20,0.0249973584851718
2024-08-21,0.0260521993591077
2024-08-22,0.0274072597328511
2024-08-23,0.0289151105396767
2024-08-26,0.0284412541677053
2024-08-27,0.0213045885618541
2024-08-28,0.022945398914375
2024-08-29,0.0149350731931128
2024-08-30,0.0135820053470306
2024-09-02,0.0106577071252408
2024-09-03,0.012273858032181
2024-09-04,0.0144676254077139
2024-09-05,0.0151292902797761
2024-09-06,0.0181953284854998
2024-09-09,0.0174083579784252
2024-09-10,0.0156521041120684
2024-09-11,0.015454534661605
2024-09-12,0.0166274494645911
2024-09-13,0.0189858009433634
2024-09-16,0.0212736457727754
2024-09-17,0.0180527478370128
2024-09-18,0.0232293703265412
2024-09-19,0.01874140671416
2024-09-20,0.0201878344617462
2024-09-23,0.0177261176038888
2024-09-24,0.0129239246384832
2024-09-25,0.019800997309505
2024-09-26,0.0283811241825015
2024-09-27,0.0441435452368216
2024-09-30,0.0576376228977345
2024-10-01,0.0621501141110029
2024-10-02,0.0691582749649112
2024-10-03,0.076754979267227
2024-10-04,0.0807369771012538
2024-10-07,0.0729342541967834
2024-10-08,0.061570248807484
2024-10-09,0.0771967918428687
2024-10-10,0.0807841315543469
2024-10-11,0.0839872756636608
2024-10-14,0.0834342053517757
2024-10-15,0.083818732236588
2024-10-16,0.0752086638327528
2024-10-17,0.0603875053645772
2024-10-18,0.0617491420564001
2024-10-21,0.0557220843153061
2024-10-22,0.0488648276263083
2024-10-23,0.0487118250487259
2024-10-24,0.0466935627466451
2024-10-25,0.0442351536993795
2024-10-28,0.0406293071918867
2024-10-29,0.0345161479387468
2024-10-30,0.02932176634579
2024-10-31,0.0301720117671995
2024-11-01,0.0296161235183269
2024-11-04,0.030729030910217
2024-11-05,0.0328080475230536
2024-11-06,0.0322442498534715
2024-11-07,0.0359193701478435
2024-11-08,0.0387774138523907
2024-11-11,0.035716818366999
2024-11-12,0.0336073708806059
2024-11-13,0.0251510072608271
2024-11-14,0.0306730282047983
2024-11-15,0.0318368507177115
2024-11-18,0.0335438122999561
2024-11-19,0.0341248875594128
2024-11-20,0.0333900921856685
2024-11-21,0.0331488634674276
2024-11-22,0.0342225534381094
2024-11-25,0.0319428292974531
2024-11-26,0.0290108796043681
2024-11-27,0.036566592794514
2024-11-28,0.0342393688569491
2024-11-29,0.0321578949534316
2024-12-02,0.0210528619473136
2024-12-03,0.0226587909508872
2024-12-04,0.0222734539078728
2024-12-05,0.0181845848848645
2024-12-06,0.0180402681729364
2024-12-09,0.0232999645686502
2024-12-10,0.0199209884463175
2024-12-11,0.018109189406863
2024-12-12,0.0139379675771104
2024-12-13,0.0180335572988111
2024-12-16,0.0187453865624454
2024-12-17,0.0196469454869593
2024-12-18,0.0180361569869159
2024-12-19,0.0217664326813529
2024-12-20,0.0223799763107883
2024-12-23,0.0211421516625165
2024-12-24,0.0226888483705835
2024-12-25,0.0224649389023855
2024-12-26,0.0221421344854938
2024-12-27,0.0208883309583861
2024-12-30,0.0195590221460082
2024-12-31,0.0189643324093538
2025-01-01,0.0152667907858071
2025-01-02,0.0128117916777468
2025-01-03,0.0151136741019522
2025-01-06,0.0122874754329329
2025-01-07,0.0134019011155275
2025-01-08,0.0122515835973849
2025-01-09,0.0140405311896545
2025-01-10,0.0127785869127665
2025-01-13,0.009611289755032
2025-01-14,0.0142944659731147
2025-01-15,0.0104358083576194
2025-01-16,0.0094536519371697
2025-01-17,0.0077109240587331
2025-01-20,0.0092013343171906
2025-01-21,0.0090459515415437
2025-01-22,0.0047854649278125
2025-01-23,0.0048581192485101
2025-01-24,0.0057523883730961
2025-01-27,0.0061750439711964
2025-01-28,0.0063824247221794
2025-01-29,0.0061524053018289
2025-01-30,0.0068855668011849
2025-01-31,0.0066596720433012
2025-02-03,0.0059361782385646
2025-02-04,0.0044415862444975
2025-02-05,0.0088040905753996
2025-02-06,0.0125464181446554
2025-02-07,0.0120272094054571
2025-02-10,0.0137240212049851
2025-02-11,0.0131856937607173
2025-02-12,0.0149691200816955
2025-02-13,0.0165854299750851
2025-02-14,0.0243365903420599
2025-02-17,0.0246683729303632
2025-02-18,0.0235836013516013
2025-02-19,0.0214108224931342
2025-02-20,0.0278707175905607
2025-02-21,0.028025694494022
2025-02-24,0.027246070047565
2025-02-25,0.0223493369898309
2025-02-26,0.0206888010401029
2025-02-27,0.0207757667784111
2025-02-28,0.0262034745375321
2025-03-03,0.0230659363436893
2025-03-04,0.0262457565746325
2025-03-05,0.0307808781128952
2025-03-06,0.0393037428357364
2025-03-07,0.0485738709319567
2025-03-10,0.0440250393972572
2025-03-11,0.0448657662373236
2025-03-12,0.0398905386648637
2025-03-13,0.0341191503404349
2025-03-14,0.0311531914071338
2025-03-17,0.0314823676835823
2025-03-18,0.0265959588205304
2025-03-19,0.0233383227756349
2025-03-20,0.021939137299675
2025-03-21,0.0176222241121302
2025-03-24,0.018875533111467
2025-03-25,0.0159392589134061
2025-03-26,0.0128738430822993
2025-03-27,0.0116099562789374
2025-03-28,0.0085099042014917
2025-03-31,0.0077061641084498
2025-04-01,0.0079116476787863
2025-04-02,0.0068702064225788
2025-04-03,0.024085374167846
2025-04-04,0.0404018266751339
2025-04-07,0.1173311744701149
2025-04-08,0.169595435854947
2025-04-09,0.2024002323408507
2025-04-10,0.2207768180762728
2025-04-11,0.2242482163519752
2025-04-14,0.2209033803163463
2025-04-15,0.1939964133514195
2025-04-16,0.1877336407236676
2025-04-17,0.1667848877406539
2025-04-18,0.1388660661255851
2025-04-21,0.1368261899489173
2025-04-22,0.1261366637871642
2025-04-23,0.1288269174209269
2025-04-24,0.1150328606147859
2025-04-25,0.1018911892004151
2025-04-28,0.090135302600543
2025-04-29,0.0793156654803575
2025-04-30,0.0737088267111834
2025-05-01,0.0709323293564875
2025-05-02,0.067361751764295
2025-05-05,0.0569487570569969
2025-05-06,0.053166259298296
2025-05-07,0.0460601559776121
2025-05-08,0.0412260565952893
2025-05-09,0.0332827400919832
2025-05-12,0.0524773849829782
2025-05-13,0.0482117669003212
2025-05-14,0.0480397717271295
2025-05-15,0.04304702589777
2025-05-16,0.0393452889069363
2025-05-19,0.038128438015554
2025-05-20,0.0350267363767577
2025-05-21,0.0320849259674053
2025-05-22,0.0280074626937759
2025-05-23,0.0266712412314101
2025-05-26,0.0222797320657494
2025-05-27,0.0200493427686158
2025-05-28,0.0175097138513318
2025-05-29,0.0137520016670674
2025-05-30,0.0124392496173389
2025-06-02,0.0140349485154498
2025-06-03,0.0122399414459878
2025-06-04,0.0113585520232098
2025-06-05,0.0090423567553427
2025-06-06,0.0081823192973691
2025-06-09,0.0072937998389969
2025-06-10,0.0069120905956246
2025-06-11,0.0073316503318942
2025-06-12,0.0075779476037165
2025-06-13,0.0083181046627287
2025-06-16,0.0080961617787515
2025-06-17,0.0092420854497833
2025-06-18,0.0083616450065188
2025-06-19,0.0097294800244355
2025-06-20,0.0080975372410797
2025-06-23,0.0055144020256779
2025-06-24,0.0080669469598243
2025-06-25,0.0076373265163151
2025-06-26,0.0083246954871124
2025-06-27,0.0059961318958261
2025-06-30,0.0051788890676197
2025-07-01,0.0049554137612181
2025-07-02,0.0046931872479089
2025-07-03,0.0052397320627167
2025-07-04,0.0054184218454927
2025-07-07,0.0059630158493894
2025-07-08,0.0060474800698202
2025-07-09,0.0062618588032792
2025-07-10,0.0049213927133796
2025-07-11,0.0042612531765955
2025-07-14,0.0047651602646153
2025-07-15,0.0111492188286507
2025-07-16,0.0098623084376122
2025-07-17,0.009284759434918
2025-07-18,0.0082208735169838
2025-07-21,0.0073649744161065
2025-07-22,0.0069025235746094
2025-07-23,0.0061564219924849
2025-07-24,0.0075004423972588
2025-07-25,0.0063112322210352
2025-07-28,0.0091450656314221
2025-07-29,0.0137909453211664
2025-07-30,0.0123719677064795
2025-07-31,0.0165340683014106
2025-08-01,0.0210608538938846
2025-08-04,0.0164182625184897
2025-08-05,0.0131525018506216
2025-08-06,0.011256871301675
2025-08-07,0.0089586931597061
2025-08-08,0.0082861606910794
2025-08-11,0.0107171723445409
2025-08-12,0.0108245785467348
2025-08-13,0.0113884709661098
2025-08-14,0.0117309436732874
2025-08-15,0.014560101082145
2025-08-18,0.0153095248978575
2025-08-19,0.0133563462309107
2025-08-20,0.0129711010024416
2025-08-21,0.0135288157072783
2025-08-22,0.0174613299021398
2025-08-25,0.0161546044306892
2025-08-26,0.0122571802553817
2025-08-27,0.0143718758969808
2025-08-28,0.0103386088982383
2025-08-29,0.0091187743441735
2025-09-01,0.006420851973847
2025-09-02,0.0053708501985476
2025-09-03,0.0051154866187724
2025-09-04,0.0046065977945191
2025-09-05,0.0060772250764379
2025-09-08,0.0079984981557713
2025-09-09,0.0074795273540138
2025-09-10,0.004725728234012
2025-09-11,0.005338890329917
2025-09-12,0.0045362477564626
2025-09-15,0.0026820793064275
2025-09-16,0.0026018750063741
2025-09-17,0.0026327829474734
2025-09-18,0.0046216323746415
2025-09-19,0.0029986993610236
2025-09-22,0.0032496701659115
2025-09-23,0.0034124971200169
2025-09-24,0.0030414767676434
2025-09-25,0.0034994217609477
2025-09-26,0.0029292333321635
2025-09-29,0.0038112614217431
2025-09-30,0.0031836658951964
2025-10-01,0.0025702771115579
2025-10-02,0.0017550209329638
2025-10-03,0.0020187720558375
2025-10-06,0.002492799454669
2025-10-07,0.0017899459947716
2025-10-08,0.0013298153627316
2025-10-09,0.00117832080103
2025-10-10,0.0021331689109902
2025-10-13,0.0022241423557048
2025-10-14,0.0043122229420758
2025-10-15,0.0052353181282853
2025-10-16,0.0058134567527076
2025-10-17,0.0066420686769665
2025-10-20,0.0059995689578826
2025-10-21,0.0055112195552831
2025-10-22,0.0041976118843178
2025-10-23,0.0027599712694741
2025-10-24,0.0026644343891079
2025-10-27,0.0021706257503883
2025-10-28,0.0023271345517509
2025-10-29,0.0030798083262507
2025-10-30,0.0051049687674102
2025-10-31,0.0049611196198368
2025-11-03,0.0042806408171847
2025-11-04,0.0036971507326588
2025-11-05,0.0035308353207661
2025-11-06,0.0033806098969585
2025-11-07,0.003980338997629
2025-11-10,0.004786852231505
2025-11-11,0.0064912992827533
2025-11-12,0.0068430758296631
2025-11-13,0.0083195484280295
2025-11-14,0.0099310607774293
2025-11-17,0.0081197611708148
2025-11-18,0.0101022166363035
2025-11-19,0.0113750136038543
2025-11-20,0.0134197342454313
2025-11-21,0.0190454642727016
2025-11-24,0.0154887525007321
2025-11-25,0.0152739995711965
2025-11-26,0.0116186374704192
2025-11-27,0.0087406857454433
2025-11-28,0.0072483147368668
2025-12-01,0.0059179563489962
2025-12-02,0.0056655048817837
2025-12-03,0.0081258651569318
2025-12-04,0.0076745597837641
2025-12-05,0.0101375308607331
2025-12-08,0.012339580666556
2025-12-09,0.0139873257802039
2025-12-10,0.0131346913408633
2025-12-11,0.0182182734870986
2025-12-12,0.0170517800091812
2025-12-15,0.0184551597223944
2025-12-16,0.0218487830921759
2025-12-17,0.0232069495124447
2025-12-18,0.0217579687501623
2025-12-19,0.0171748053362786
2025-12-22,0.0135734312487552
2025-12-23,0.0114214489311505
2025-12-24,0.0100057775670795
2025-12-25,0.0100233236644965
2025-12-26,0.0097908136849856
2025-12-29,0.0129771185475272
2025-12-30,0.0113701236816087
2025-12-31,0.011243214914245
2026-01-01,0.0095648929430189
2026-01-02,0.0131326844091687
2026-01-05,0.0128558239442385
2026-01-06,0.0133964797139971
2026-01-07,0.012797277187648
2026-01-08,0.0141834724554887
2026-01-09,0.0202132225338414
2026-01-12,0.0213566622513796
2026-01-13,0.0183889964383327
2026-01-14,0.014476769653357
2026-01-15,0.0135857160400026
2026-01-16,0.0125963025667487
2026-01-19,0.011960368697544
2026-01-20,0.0112792816463261
2026-01-21,0.0075173519581816
2026-01-22,0.0065857765953899
2026-01-23,0.0066145585338623
2026-01-26,0.0222798115996038
2026-01-27,0.0194962049160846
2026-01-28,0.0173486448912323
2026-01-29,0.014593061163269
2026-01-30,0.0147182898750225
2026-02-02,0.0193809647731769
2026-02-03,0.018770937978212
2026-02-04,0.0165920218050377
2026-02-05,0.0146070495312266
2026-02-06,0.0103307204739478
2026-02-09,0.0121785376317884
2026-02-10,0.0082826238565354
2026-02-11,0.0056612303717895
2026-02-12,0.0043102071391115
2026-02-13,0.0040010982316674
2026-02-16,0.0036152318987799
2026-02-17,0.0039899698569006
2026-02-18,0.0049364416045003
2026-02-19,0.0063798184862145
2026-02-20,0.0065077582265053
2026-02-23,0.0085285068639382
2026-02-24,0.0152363162073226
2026-02-25,0.0114722798835619
2026-02-26,0.0126919695704236
2026-02-27,0.0114967524399921
2026-03-02,0.0137044286635665
2026-03-03,0.0272866539414413
2026-03-04,0.027132744279267
2026-03-05,0.0250890868053784
2026-03-06,0.0234295327205499
