Date,CHIE,CHII,CHIQ,CNYA,FXI,GXC,KWEB,MCHI
2004-10-08,,,,,11.234126091003418,,,
2004-10-11,,,,,11.374399185180664,,,
2004-10-12,,,,,11.242505073547363,,,
2004-10-13,,,,,10.953591346740723,,,
2004-10-14,,,,,10.80704116821289,,,
2004-10-15,,,,,10.970338821411133,,,
2004-10-18,,,,,10.834259033203125,,,
2004-10-19,,,,,10.899155616760254,,,
2004-10-20,,,,,10.760981559753418,,,
2004-10-21,,,,,10.821695327758789,,,
2004-10-22,,,,,10.698172569274902,,,
2004-10-25,,,,,10.624900817871094,,,
2004-10-26,,,,,10.760981559753418,,,
2004-10-27,,,,,10.75051498413086,,,
2004-10-28,,,,,10.593493461608887,,,
2004-10-29,,,,,10.779824256896973,,,
2004-11-01,,,,,10.760981559753418,,,
2004-11-02,,,,,10.936840057373047,,,
2004-11-03,,,,,11.110608100891113,,,
2004-11-04,,,,,11.1231689453125,,,
2004-11-05,,,,,11.160853385925293,,,
2004-11-08,,,,,11.095953941345215,,,
2004-11-09,,,,,11.171319961547852,,,
2004-11-10,,,,,11.399521827697754,,,
2004-11-11,,,,,11.405800819396973,,,
2004-11-12,,,,,11.53141975402832,,,
2004-11-15,,,,,11.654935836791992,,,
2004-11-16,,,,,11.420458793640137,,,
2004-11-17,,,,,11.581661224365234,,,
2004-11-18,,,,,11.541884422302246,,,
2004-11-19,,,,,11.391148567199707,,,
2004-11-22,,,,,11.487455368041992,,,
2004-11-23,,,,,11.629815101623535,,,
2004-11-24,,,,,11.757523536682129,,,
2004-11-26,,,,,11.698906898498535,,,
2004-11-29,,,,,11.692622184753418,,,
2004-11-30,,,,,11.682156562805176,,,
2004-12-01,,,,,11.820329666137695,,,
2004-12-02,,,,,11.828707695007324,,,
2004-12-03,,,,,11.807769775390625,,,
2004-12-06,,,,,11.80567741394043,,,
2004-12-07,,,,,11.648655891418457,,,
2004-12-08,,,,,11.512572288513184,,,
2004-12-09,,,,,11.500012397766113,,,
2004-12-10,,,,,11.311592102050781,,,
2004-12-13,,,,,11.31368350982666,,,
2004-12-14,,,,,11.384870529174805,,,
2004-12-15,,,,,11.583757400512695,,,
2004-12-16,,,,,11.502108573913574,,,
2004-12-17,,,,,11.474891662597656,,,
2004-12-20,,,,,11.675874710083008,,,
2004-12-21,,,,,11.682156562805176,,,
2004-12-22,,,,,11.608882904052734,,,
2004-12-23,,,,,11.673778533935547,,,
2004-12-27,,,,,11.613065719604492,,,
2004-12-28,,,,,11.652850151062012,,,
2004-12-29,,,,,11.629815101623535,,,
2004-12-30,,,,,11.510483741760254,,,
2004-12-31,,,,,11.613065719604492,,,
2005-01-03,,,,,11.546072959899902,,,
2005-01-04,,,,,11.227849006652832,,,
2005-01-05,,,,,10.972433090209961,,,
2005-01-06,,,,,10.984992980957031,,,
2005-01-07,,,,,10.886595726013184,,,
2005-01-10,,,,,10.974525451660156,,,
2005-01-11,,,,,10.886595726013184,,,
2005-01-12,,,,,11.022676467895508,,,
2005-01-13,,,,,10.959872245788574,,,
2005-01-14,,,,,10.928464889526367,,,
2005-01-18,,,,,11.156668663024902,,,
2005-01-19,,,,,11.116888999938965,,,
2005-01-20,,,,,11.07711124420166,,,
2005-01-21,,,,,10.9766206741333,,,
2005-01-24,,,,,10.913811683654785,,,
2005-01-25,,,,,11.051992416381836,,,
2005-01-26,,,,,11.206910133361816,,,
2005-01-27,,,,,11.206910133361816,,,
2005-01-28,,,,,11.158759117126465,,,
2005-01-31,,,,,11.342992782592773,,,
2005-02-01,,,,,11.240413665771484,,,
2005-02-02,,,,,11.248781204223633,,,
2005-02-03,,,,,11.209009170532227,,,
2005-02-04,,,,,11.37858772277832,,,
2005-02-07,,,,,11.569103240966797,,,
2005-02-08,,,,,11.650751113891602,,,
2005-02-09,,,,,11.56072998046875,,,
2005-02-10,,,,,11.659127235412598,,,
2005-02-11,,,,,11.744961738586426,,,
2005-02-14,,,,,11.770087242126465,,,
2005-02-15,,,,,11.709371566772461,,,
2005-02-16,,,,,11.686339378356934,,,
2005-02-17,,,,,11.577476501464844,,,
2005-02-18,,,,,11.728214263916016,,,
2005-02-22,,,,,11.717742919921875,,,
2005-02-23,,,,,11.747056007385254,,,
2005-02-24,,,,,11.828707695007324,,,
2005-02-25,,,,,12.079933166503906,,,
2005-02-28,,,,,12.100869178771973,,,
2005-03-01,,,,,12.048530578613281,,,
2005-03-02,,,,,11.818238258361816,,,
2005-03-03,,,,,11.897796630859375,,,
2005-03-04,,,,,11.81404972076416,,,
2005-03-07,,,,,11.862199783325195,,,
2005-03-08,,,,,11.933382034301758,,,
2005-03-09,,,,,11.8810453414917,,,
2005-03-10,,,,,11.816143035888672,,,
2005-03-11,,,,,11.862199783325195,,,
2005-03-14,,,,,11.862199783325195,,,
2005-03-15,,,,,11.66121768951416,,,
2005-03-16,,,,,11.66121768951416,,,
2005-03-17,,,,,11.870572090148926,,,
2005-03-18,,,,,11.824515342712402,,,
2005-03-21,,,,,11.826610565185547,,,
2005-03-22,,,,,11.556539535522461,,,
2005-03-23,,,,,11.4497652053833,,,
2005-03-24,,,,,11.49582576751709,,,
2005-03-28,,,,,11.483266830444336,,,
2005-03-29,,,,,11.305313110351562,,,
2005-03-30,,,,,11.409989356994629,,,
2005-03-31,,,,,11.430926322937012,,,
2005-04-01,,,,,11.474891662597656,,,
2005-04-04,,,,,11.527230262756348,,,
2005-04-05,,,,,11.497922897338867,,,
2005-04-06,,,,,11.569103240966797,,,
2005-04-07,,,,,11.62353515625,,,
2005-04-08,,,,,11.648655891418457,,,
2005-04-11,,,,,11.640281677246094,,,
2005-04-12,,,,,11.629815101623535,,,
2005-04-13,,,,,11.608882904052734,,,
2005-04-14,,,,,11.489544868469238,,,
2005-04-15,,,,,11.152477264404297,,,
2005-04-18,,,,,11.127358436584473,,,
2005-04-19,,,,,11.261345863342285,,,
2005-04-20,,,,,11.041522026062012,,,
2005-04-21,,,,,11.4079008102417,,,
2005-04-22,,,,,11.36811637878418,,,
2005-04-25,,,,,11.47698974609375,,,
2005-04-26,,,,,11.523042678833008,,,
2005-04-27,,,,,11.37858772277832,,,
2005-04-28,,,,,11.342992782592773,,,
2005-04-29,,,,,11.581661224365234,,,
2005-05-02,,,,,11.59841251373291,,,
2005-05-03,,,,,11.472796440124512,,,
2005-05-04,,,,,11.634003639221191,,,
2005-05-05,,,,,11.650751113891602,,,
2005-05-06,,,,,11.682156562805176,,,
2005-05-09,,,,,11.724028587341309,,,
2005-05-10,,,,,11.581661224365234,,,
2005-05-11,,,,,11.621443748474121,,,
2005-05-12,,,,,11.389055252075195,,,
2005-05-13,,,,,11.401618957519531,,,
2005-05-16,,,,,11.464422225952148,,,
2005-05-17,,,,,11.290657997131348,,,
2005-05-18,,,,,11.34508991241455,,,
2005-05-19,,,,,11.409989356994629,,,
2005-05-20,,,,,11.414176940917969,,,
2005-05-23,,,,,11.389055252075195,,,
2005-05-24,,,,,11.347184181213379,,,
2005-05-25,,,,,11.25506591796875,,,
2005-05-26,,,,,11.280187606811523,,,
2005-05-27,,,,,11.393242835998535,,,
2005-05-31,,,,,11.439300537109375,,,
2005-06-01,,,,,11.414176940917969,,,
2005-06-02,,,,,11.336713790893555,,,
2005-06-03,,,,,11.299030303955078,,,
2005-06-06,,,,,11.451861381530762,,,
2005-06-07,,,,,11.472796440124512,,,
2005-06-08,,,,,11.583757400512695,,,
2005-06-09,,,,,11.569103240966797,,,
2005-06-10,,,,,11.608882904052734,,,
2005-06-13,,,,,11.600505828857422,,,
2005-06-14,,,,,11.602598190307617,,,
2005-06-15,,,,,11.596321105957031,,,
2005-06-16,,,,,11.587943077087402,,,
2005-06-17,,,,,11.682156562805176,,,
2005-06-20,,,,,11.67796802520752,,,
2005-06-21,,,,,11.680063247680664,,,
2005-06-22,,,,,11.841266632080078,,,
2005-06-23,,,,,11.751241683959961,,,
2005-06-24,,,,,11.820329666137695,,,
2005-06-27,,,,,11.908260345458984,,,
2005-06-28,,,,,12.040156364440918,,,
2005-06-29,,,,,11.979440689086914,,,
2005-06-30,,,,,11.956413269042969,,,
2005-07-01,,,,,11.996190071105957,,,
2005-07-05,,,,,12.09249496459961,,,
2005-07-06,,,,,12.038065910339355,,,
2005-07-07,,,,,11.895698547363281,,,
2005-07-08,,,,,11.906167984008789,,,
2005-07-11,,,,,12.008750915527344,,,
2005-07-12,,,,,12.006660461425781,,,
2005-07-13,,,,,12.084122657775879,,,
2005-07-14,,,,,12.098772048950195,,,
2005-07-15,,,,,12.088306427001953,,,
2005-07-18,,,,,12.065277099609375,,,
2005-07-19,,,,,12.184610366821289,,,
2005-07-20,,,,,12.266265869140625,,,
2005-07-21,,,,,12.712193489074707,,,
2005-07-22,,,,,12.689166069030762,,,
2005-07-25,,,,,12.684977531433105,,,
2005-07-26,,,,,12.670320510864258,,,
2005-07-27,,,,,12.84827709197998,,,
2005-07-28,,,,,12.890151977539062,,,
2005-07-29,,,,,12.929924964904785,,,
2005-08-01,,,,,13.080663681030273,,,
2005-08-02,,,,,13.357015609741211,,,
2005-08-03,,,,,13.202091217041016,,,
2005-08-04,,,,,13.049260139465332,,,
2005-08-05,,,,,13.076475143432617,,,
2005-08-08,,,,,13.266990661621094,,,
2005-08-09,,,,,13.252335548400879,,,
2005-08-10,,,,,13.597776412963867,,,
2005-08-11,,,,,13.593591690063477,,,
2005-08-12,,,,,13.597776412963867,,,
2005-08-15,,,,,13.775726318359375,,,
2005-08-16,,,,,13.467975616455078,,,
2005-08-17,,,,,13.47425651550293,,,
2005-08-18,,,,,13.116250991821289,,,
2005-08-19,,,,,13.103692054748535,,,
2005-08-22,,,,,13.23349380493164,,,
2005-08-23,,,,,12.982264518737793,,,
2005-08-24,,,,,12.779189109802246,,,
2005-08-25,,,,,12.915273666381836,,,
2005-08-26,,,,,12.959236145019531,,,
2005-08-29,,,,,12.984358787536621,,,
2005-08-30,,,,,12.904803276062012,,,
2005-08-31,,,,,12.936205863952637,,,
2005-09-01,,,,,13.116250991821289,,,
2005-09-02,,,,,13.068103790283203,,,
2005-09-06,,,,,13.093228340148926,,,
2005-09-07,,,,,13.07228946685791,,,
2005-09-08,,,,,12.973894119262695,,,
2005-09-09,,,,,13.07020092010498,,,
2005-09-12,,,,,13.078567504882812,,,
2005-09-13,,,,,12.915273666381836,,,
2005-09-14,,,,,12.915273666381836,,,
2005-09-15,,,,,12.98017406463623,,,
2005-09-16,,,,,12.955053329467773,,,
2005-09-19,,,,,12.932021141052246,,,
2005-09-20,,,,,13.093228340148926,,,
2005-09-21,,,,,13.116250991821289,,,
2005-09-22,,,,,13.04297924041748,,,
2005-09-23,,,,,12.946674346923828,,,
2005-09-26,,,,,13.074386596679688,,,
2005-09-27,,,,,12.986454010009766,,,
2005-09-28,,,,,13.053448677062988,,,
2005-09-29,,,,,13.514033317565918,,,
2005-09-30,,,,,13.449134826660156,,,
2005-10-03,,,,,13.524502754211426,,,
2005-10-04,,,,,13.325613021850586,,,
2005-10-05,,,,,12.948765754699707,,,
2005-10-06,,,,,12.574016571044922,,,
2005-10-07,,,,,12.87339973449707,,,
2005-10-10,,,,,12.875490188598633,,,
2005-10-11,,,,,12.961328506469727,,,
2005-10-12,,,,,12.548897743225098,,,
2005-10-13,,,,,12.53005599975586,,,
2005-10-14,,,,,12.477713584899902,,,
2005-10-17,,,,,12.6179838180542,,,
2005-10-18,,,,,12.477713584899902,,,
2005-10-19,,,,,12.46933650970459,,,
2005-10-20,,,,,12.056905746459961,,,
2005-10-21,,,,,12.264169692993164,,,
2005-10-24,,,,,12.341630935668945,,,
2005-10-25,,,,,12.199265480041504,,,
2005-10-26,,,,,12.136460304260254,,,
2005-10-27,,,,,11.860114097595215,,,
2005-10-28,,,,,11.960596084594727,,,
2005-10-31,,,,,12.061092376708984,,,
2005-11-01,,,,,12.226487159729004,,,
2005-11-02,,,,,12.442123413085938,,,
2005-11-03,,,,,12.498648643493652,,,
2005-11-04,,,,,12.404440879821777,,,
2005-11-07,,,,,12.289294242858887,,,
2005-11-08,,,,,12.316509246826172,,,
2005-11-09,,,,,12.500746726989746,,,
2005-11-10,,,,,12.515397071838379,,,
2005-11-11,,,,,12.59285831451416,,,
2005-11-14,,,,,12.419095039367676,,,
2005-11-15,,,,,12.396063804626465,,,
2005-11-16,,,,,12.488181114196777,,,
2005-11-17,,,,,12.666136741638184,,,
2005-11-18,,,,,12.716386795043945,,,
2005-11-21,,,,,12.789655685424805,,,
2005-11-22,,,,,12.789655685424805,,,
2005-11-23,,,,,12.896431922912598,,,
2005-11-25,,,,,12.896431922912598,,,
2005-11-28,,,,,12.846182823181152,,,
2005-11-29,,,,,12.775001525878906,,,
2005-11-30,,,,,12.762435913085938,,,
2005-12-01,,,,,13.032509803771973,,,
2005-12-02,,,,,13.03041934967041,,,
2005-12-05,,,,,13.024138450622559,,,
2005-12-06,,,,,12.936205863952637,,,
2005-12-07,,,,,13.011573791503906,,,
2005-12-08,,,,,12.990638732910156,,,
2005-12-09,,,,,12.98017406463623,,,
2005-12-12,,,,,13.04716682434082,,,
2005-12-13,,,,,13.103692054748535,,,
2005-12-14,,,,,13.084847450256348,,,
2005-12-15,,,,,13.078567504882812,,,
2005-12-16,,,,,13.026227951049805,,,
2005-12-19,,,,,13.105783462524414,,,
2005-12-20,,,,,13.252335548400879,,,
2005-12-21,,,,,13.34445571899414,,,
2005-12-22,,,,,13.292116165161133,,,
2005-12-23,,,,,13.343796730041504,,,
2005-12-27,,,,,13.234879493713379,,,
2005-12-28,,,,,13.249829292297363,,,
2005-12-29,,,,,13.301084518432617,,,
2005-12-30,,,,,13.160127639770508,,,
2006-01-03,,,,,13.452720642089844,,,
2006-01-04,,,,,13.773072242736816,,,
2006-01-05,,,,,13.783747673034668,,,
2006-01-06,,,,,14.104101181030273,,,
2006-01-09,,,,,14.26427936553955,,,
2006-01-10,,,,,14.125459671020508,,,
2006-01-11,,,,,14.287771224975586,,,
2006-01-12,,,,,14.223709106445312,,,
2006-01-13,,,,,14.488527297973633,,,
2006-01-17,,,,,14.30486011505127,,,
2006-01-18,,,,,14.321948051452637,,,
2006-01-19,,,,,14.793932914733887,,,
2006-01-20,,,,,14.509881973266602,,,
2006-01-23,,,,,14.582500457763672,,,
2006-01-24,,,,,14.746942520141602,,,
2006-01-25,,,,,14.652975082397461,,,
2006-01-26,,,,,14.778982162475586,,,
2006-01-27,,,,,15.351346969604492,,,
2006-01-30,,,,,15.376980781555176,,,
2006-01-31,,,,,15.323589324951172,,,
2006-02-01,,,,,15.297956466674805,,,
2006-02-02,,,,,14.9733304977417,,,
2006-02-03,,,,,14.704235076904297,,,
2006-02-06,,,,,15.169814109802246,,,
2006-02-07,,,,,15.007500648498535,,,
2006-02-08,,,,,15.043805122375488,,,
2006-02-09,,,,,14.896446228027344,,,
2006-02-10,,,,,14.949837684631348,,,
2006-02-13,,,,,14.915669441223145,,,
2006-02-14,,,,,15.355620384216309,,,
2006-02-15,,,,,15.302228927612305,,,
2006-02-16,,,,,15.32144832611084,,,
2006-02-17,,,,,15.302228927612305,,,
2006-02-21,,,,,15.57346248626709,,,
2006-02-22,,,,,15.90449047088623,,,
2006-02-23,,,,,15.804115295410156,,,
2006-02-24,,,,,15.772077560424805,,,
2006-02-27,,,,,15.727229118347168,,,
2006-02-28,,,,,15.505118370056152,,,
2006-03-01,,,,,15.61830997467041,,,
2006-03-02,,,,,15.656749725341797,,,
2006-03-03,,,,,15.710147857666016,,,
2006-03-06,,,,,15.56919002532959,,,
2006-03-07,,,,,15.137782096862793,,,
2006-03-08,,,,,14.934889793395996,,,
2006-03-09,,,,,14.885766983032227,,,
2006-03-10,,,,,14.97119426727295,,,
2006-03-13,,,,,15.099337577819824,,,
2006-03-14,,,,,15.334260940551758,,,
2006-03-15,,,,,15.455999374389648,,,
2006-03-16,,,,,15.370565414428711,,,
2006-03-17,,,,,15.391923904418945,,,
2006-03-20,,,,,15.436779975891113,,,
2006-03-21,,,,,15.51152515411377,,,
2006-03-22,,,,,15.535021781921387,,,
2006-03-23,,,,,15.643936157226562,,,
2006-03-24,,,,,15.716552734375,,,
2006-03-27,,,,,15.842558860778809,,,
2006-03-28,,,,,15.658882141113281,,,
2006-03-29,,,,,15.761399269104004,,,
2006-03-30,,,,,15.921579360961914,,,
2006-03-31,,,,,15.863911628723145,,,
2006-04-03,,,,,16.1821346282959,,,
2006-04-04,,,,,16.39142608642578,,,
2006-04-05,,,,,16.498214721679688,,,
2006-04-06,,,,,16.626359939575195,,,
2006-04-07,,,,,16.3978328704834,,,
2006-04-10,,,,,16.585773468017578,,,
2006-04-11,,,,,16.288915634155273,,,
2006-04-12,,,,,16.252613067626953,,,
2006-04-13,,,,,16.376483917236328,,,
2006-04-17,,,,,16.583642959594727,,,
2006-04-18,,,,,17.173091888427734,,,
2006-04-19,,,,,17.354623794555664,,,
2006-04-20,,,,,17.358896255493164,,,
2006-04-21,,,,,17.43578338623047,,,
2006-04-24,,,,,17.012910842895508,,,
2006-04-25,,,,,16.581510543823242,,,
2006-04-26,,,,,16.72032928466797,,,
2006-04-27,,,,,16.34871482849121,,,
2006-04-28,,,,,16.78653335571289,,,
2006-05-01,,,,,16.850605010986328,,,
2006-05-02,,,,,17.239299774169922,,,
2006-05-03,,,,,17.123971939086914,,,
2006-05-04,,,,,17.363168716430664,,,
2006-05-05,,,,,17.525482177734375,,,
2006-05-08,,,,,17.882139205932617,,,
2006-05-09,,,,,17.822343826293945,,,
2006-05-10,,,,,17.598093032836914,,,
2006-05-11,,,,,17.324724197387695,,,
2006-05-12,,,,,17.19231414794922,,,
2006-05-15,,,,,16.9146728515625,,,
2006-05-16,,,,,17.038543701171875,,,
2006-05-17,,,,,16.502483367919922,,,
2006-05-18,,,,,16.357261657714844,,,
2006-05-19,,,,,16.690425872802734,,,
2006-05-22,,,,,15.584137916564941,,,
2006-05-23,,,,,15.82547378540039,,,
2006-05-24,,,,,15.611896514892578,,,
2006-05-25,,,,,16.071075439453125,,,
2006-05-26,,,,,15.983518600463867,,,
2006-05-30,,,,,15.376980781555176,,,
2006-05-31,,,,,15.648210525512695,,,
2006-06-01,,,,,15.801979064941406,,,
2006-06-02,,,,,15.985649108886719,,,
2006-06-05,,,,,15.483762741088867,,,
2006-06-06,,,,,15.82547378540039,,,
2006-06-07,,,,,15.675975799560547,,,
2006-06-08,,,,,15.184762954711914,,,
2006-06-09,,,,,14.966920852661133,,,
2006-06-12,,,,,14.629487991333008,,,
2006-06-13,,,,,14.095563888549805,,,
2006-06-14,,,,,14.501337051391602,,,
2006-06-15,,,,,15.163410186767578,,,
2006-06-16,,,,,15.17621898651123,,,
2006-06-19,,,,,14.875083923339844,,,
2006-06-20,,,,,14.885766983032227,,,
2006-06-21,,,,,15.325716018676758,,,
2006-06-22,,,,,15.280869483947754,,,
2006-06-23,,,,,15.426098823547363,,,
2006-06-26,,,,,15.460267066955566,,,
2006-06-27,,,,,15.400467872619629,,,
2006-06-28,,,,,15.772077560424805,,,
2006-06-29,,,,,16.487539291381836,,,
2006-06-30,,,,,16.402109146118164,,,
2006-07-03,,,,,16.658390045166016,,,
2006-07-05,,,,,16.218441009521484,,,
2006-07-06,,,,,16.651988983154297,,,
2006-07-07,,,,,16.338037490844727,,,
2006-07-10,,,,,16.587915420532227,,,
2006-07-11,,,,,16.630626678466797,,,
2006-07-12,,,,,16.4234619140625,,,
2006-07-13,,,,,15.893813133239746,,,
2006-07-14,,,,,15.910898208618164,,,
2006-07-17,,,,,15.684515953063965,,,
2006-07-18,,,,,15.82547378540039,,,
2006-07-19,,,,,16.472585678100586,,,
2006-07-20,,,,,16.235523223876953,,,
2006-07-21,,,,,16.16718292236328,,,
2006-07-24,,,,,16.681886672973633,,,
2006-07-25,,,,,16.59858512878418,,,
2006-07-26,,,,,16.487539291381836,,,
2006-07-27,,,,,16.743812561035156,,,
2006-07-28,,,,,16.946704864501953,,,
2006-07-31,,,,,16.797210693359375,,,
2006-08-01,,,,,16.4661808013916,,,
2006-08-02,,,,,16.684017181396484,,,
2006-08-03,,,,,16.733137130737305,,,
2006-08-04,,,,,16.594322204589844,,,
2006-08-07,,,,,16.709644317626953,,,
2006-08-08,,,,,16.733137130737305,,,
2006-08-09,,,,,16.9360294342041,,,
2006-08-10,,,,,17.083396911621094,,,
2006-08-11,,,,,17.081254959106445,,,
2006-08-14,,,,,17.138917922973633,,,
2006-08-15,,,,,17.437917709350586,,,
2006-08-16,,,,,17.523344039916992,,,
2006-08-17,,,,,17.21793556213379,,,
2006-08-18,,,,,17.170957565307617,,,
2006-08-21,,,,,16.946704864501953,,,
2006-08-22,,,,,17.064178466796875,,,
2006-08-23,,,,,16.827110290527344,,,
2006-08-24,,,,,16.782262802124023,,,
2006-08-25,,,,,16.739545822143555,,,
2006-08-28,,,,,16.733137130737305,,,
2006-08-29,,,,,16.893320083618164,,,
2006-08-30,,,,,16.974470138549805,,,
2006-08-31,,,,,16.921079635620117,,,
2006-09-01,,,,,17.087665557861328,,,
2006-09-05,,,,,17.222209930419922,,,
2006-09-06,,,,,16.893320083618164,,,
2006-09-07,,,,,16.829246520996094,,,
2006-09-08,,,,,16.9146728515625,,,
2006-09-11,,,,,16.619949340820312,,,
2006-09-12,,,,,16.923221588134766,,,
2006-09-13,,,,,17.113290786743164,,,
2006-09-14,,,,,16.925355911254883,,,
2006-09-15,,,,,16.985153198242188,,,
2006-09-18,,,,,17.194454193115234,,,
2006-09-19,,,,,16.978744506835938,,,
2006-09-20,,,,,17.3845272064209,,,
2006-09-21,,,,,17.299100875854492,,,
2006-09-22,,,,,17.235029220581055,,,
2006-09-25,,,,,17.459274291992188,,,
2006-09-26,,,,,17.245708465576172,,,
2006-09-27,,,,,17.352495193481445,,,
2006-09-28,,,,,17.42083168029785,,,
2006-09-29,,,,,17.37384796142578,,,
2006-10-02,,,,,17.38238525390625,,,
2006-10-03,,,,,17.405887603759766,,,
2006-10-04,,,,,17.666433334350586,,,
2006-10-05,,,,,17.704879760742188,,,
2006-10-06,,,,,17.53829574584961,,,
2006-10-09,,,,,17.3973388671875,,,
2006-10-10,,,,,17.56606101989746,,,
2006-10-11,,,,,17.640811920166016,,,
2006-10-12,,,,,17.982521057128906,,,
2006-10-13,,,,,17.961156845092773,,,
2006-10-16,,,,,18.059402465820312,,,
2006-10-17,,,,,17.91417694091797,,,
2006-10-18,,,,,18.09571075439453,,,
2006-10-19,,,,,18.1341495513916,,,
2006-10-20,,,,,18.14483070373535,,,
2006-10-23,,,,,18.153369903564453,,,
2006-10-24,,,,,18.238801956176758,,,
2006-10-25,,,,,18.285785675048828,,,
2006-10-26,,,,,18.409658432006836,,,
2006-10-27,,,,,18.035913467407227,,,
2006-10-30,,,,,17.993194580078125,,,
2006-10-31,,,,,18.279386520385742,,,
2006-11-01,,,,,18.251617431640625,,,
2006-11-02,,,,,18.47372817993164,,,
2006-11-03,,,,,18.563432693481445,,,
2006-11-06,,,,,18.937175750732422,,,
2006-11-07,,,,,18.81970977783203,,,
2006-11-08,,,,,18.79408073425293,,,
2006-11-09,,,,,19.118711471557617,,,
2006-11-10,,,,,19.157150268554688,,,
2006-11-13,,,,,19.488176345825195,,,
2006-11-14,,,,,19.59496307373047,,,
2006-11-15,,,,,19.819210052490234,,,
2006-11-16,,,,,19.8405704498291,,,
2006-11-17,,,,,19.964431762695312,,,
2006-11-20,,,,,19.968711853027344,,,
2006-11-21,,,,,20.0434627532959,,,
2006-11-22,,,,,20.483409881591797,,,
2006-11-24,,,,,20.53253173828125,,,
2006-11-27,,,,,20.0434627532959,,,
2006-11-28,,,,,19.644084930419922,,,
2006-11-29,,,,,20.27838706970215,,,
2006-11-30,,,,,20.342453002929688,,,
2006-12-01,,,,,20.107532501220703,,,
2006-12-04,,,,,20.385175704956055,,,
2006-12-05,,,,,20.97248649597168,,,
2006-12-06,,,,,20.88705825805664,,,
2006-12-07,,,,,20.65640640258789,,,
2006-12-08,,,,,20.68416976928711,,,
2006-12-11,,,,,21.089956283569336,,,
2006-12-12,,,,,20.991708755493164,,,
2006-12-13,,,,,20.916967391967773,,,
2006-12-14,,,,,21.442340850830078,,,
2006-12-15,,,,,21.57048797607422,,,
2006-12-18,,,,,21.837438583374023,,,
2006-12-19,,,,,21.7669620513916,,,
2006-12-20,,,,,22.179153442382812,,,
2006-12-21,,,,,22.1759090423584,,,
2006-12-22,,,,,22.44843292236328,,,
2006-12-26,,,,,23.283296585083008,,,
2006-12-27,,,,,24.21766471862793,,,
2006-12-28,,,,,24.310667037963867,,,
2006-12-29,,,,,24.105188369750977,,,
2007-01-03,,,,,25.175809860229492,,,
2007-01-04,,,,,24.289031982421875,,,
2007-01-05,,,,,22.91560935974121,,,
2007-01-08,,,,,23.586095809936523,,,
2007-01-09,,,,,22.537107467651367,,,
2007-01-10,,,,,22.093719482421875,,,
2007-01-11,,,,,22.277563095092773,,,
2007-01-12,,,,,22.79665184020996,,,
2007-01-16,,,,,23.2270565032959,,,
2007-01-17,,,,,22.980499267578125,,,
2007-01-18,,,,,22.666885375976562,,,
2007-01-19,,,,,23.00212860107422,,,
2007-01-22,,,,,23.142717361450195,,,
2007-01-23,,,,,23.553651809692383,,,
2007-01-24,,,,,23.899717330932617,,,
2007-01-25,,,,,22.634431838989258,,,
2007-01-26,,,,,22.818275451660156,,,
2007-01-29,,,,,22.407333374023438,,,
2007-01-30,,,,,23.088632583618164,,,
2007-01-31,,,,,22.454919815063477,,,
2007-02-01,,,,,22.567386627197266,,,
2007-02-02,,,,,22.48303985595703,,,
2007-02-05,,,,,22.396520614624023,,,
2007-02-06,,,,,22.807462692260742,,,
2007-02-07,,,,,22.937238693237305,,,
2007-02-08,,,,,23.172988891601562,,,
2007-02-09,,,,,22.790164947509766,,,
2007-02-12,,,,,22.872346878051758,,,
2007-02-13,,,,,22.92642593383789,,,
2007-02-14,,,,,22.9588680267334,,,
2007-02-15,,,,,22.969684600830078,,,
2007-02-16,,,,,23.121078491210938,,,
2007-02-20,,,,,23.188135147094727,,,
2007-02-21,,,,,23.356834411621094,,,
2007-02-22,,,,,23.35899543762207,,,
2007-02-23,,,,,22.79665184020996,,,
2007-02-26,,,,,22.79665184020996,,,
2007-02-27,,,,,20.547271728515625,,,
2007-02-28,,,,,21.434045791625977,,,
2007-03-01,,,,,20.90630340576172,,,
2007-03-02,,,,,20.568897247314453,,,
2007-03-05,,,,,19.822704315185547,,,
2007-03-06,,,,,20.8716983795166,,,
2007-03-07,,,,,20.63593864440918,,,
2007-03-08,,,,,21.32590103149414,,,
2007-03-09,,,,,21.250200271606445,,,
2007-03-12,,,,,21.587608337402344,,,
2007-03-13,,,,,20.67703628540039,,,
2007-03-14,,,,,21.142053604125977,,,
2007-03-15,,,,,21.19179916381836,,,
2007-03-16,,,,,20.982004165649414,,,
2007-03-19,,,,,21.656818389892578,,,
2007-03-20,,,,,21.849315643310547,,,
2007-03-21,,,,,22.366239547729492,,,
2007-03-22,,,,,22.074254989624023,,,
2007-03-23,,,,,22.26674461364746,36.59904479980469,,
2007-03-26,,,,,22.277563095092773,36.90660095214844,,
2007-03-27,,,,,22.126157760620117,36.619537353515625,,
2007-03-28,,,,,21.916362762451172,36.12061309814453,,
2007-03-29,,,,,22.545761108398438,36.94076156616211,,
2007-03-30,,,,,22.154277801513672,36.633209228515625,,
2007-04-02,,,,,22.597665786743164,37.30982208251953,,
2007-04-03,,,,,22.9588680267334,37.65839767456055,,
2007-04-04,,,,,23.121078491210938,37.83608627319336,,
2007-04-05,,,,,23.142717361450195,38.013790130615234,,
2007-04-09,,,,,23.294113159179688,38.25982666015625,,
2007-04-10,,,,,23.421722412109375,38.444366455078125,,
2007-04-11,,,,,23.2659969329834,38.157318115234375,,
2007-04-12,,,,,23.84347915649414,38.95695877075195,,
2007-04-13,,,,,23.80887222290039,38.82027816772461,,
2007-04-16,,,,,24.22631072998047,39.572059631347656,,
2007-04-17,,,,,24.21766471862793,39.353363037109375,,
2007-04-18,,,,,24.04463768005371,39.168819427490234,,
2007-04-19,,,,,23.68343162536621,38.519554138183594,,
2007-04-20,,,,,23.975414276123047,39.168819427490234,,
2007-04-23,,,,,23.532026290893555,38.765586853027344,,
2007-04-24,,,,,23.553651809692383,38.765586853027344,,
2007-04-25,,,,,23.780757904052734,39.025291442871094,,
2007-04-26,,,,,23.614221572875977,38.88861846923828,,
2007-04-27,,,,,23.37845802307129,38.43752670288086,,
2007-04-30,,,,,22.772863388061523,37.651554107666016,,
2007-05-01,,,,,23.030241012573242,37.92493438720703,,
2007-05-02,,,,,23.324392318725586,38.519554138183594,,
2007-05-03,,,,,23.67262077331543,39.17566680908203,,
2007-05-04,,,,,23.834829330444336,39.43537139892578,,
2007-05-07,,,,,24.0489501953125,39.70875549316406,,
2007-05-08,,,,,23.839157104492188,39.2645149230957,,
2007-05-09,,,,,24.1873836517334,40.02315902709961,,
2007-05-10,,,,,23.575284957885742,39.045806884765625,,
2007-05-11,,,,,24.87300682067871,41.144020080566406,,
2007-05-14,,,,,24.760530471801758,41.0825080871582,,
2007-05-15,,,,,24.676189422607422,40.9389762878418,,
2007-05-16,,,,,25.1931209564209,41.6224365234375,,
2007-05-17,,,,,24.99629020690918,41.48574447631836,,
2007-05-18,,,,,24.83839988708496,41.26020050048828,,
2007-05-21,,,,,24.80811882019043,41.51991271972656,,
2007-05-22,,,,,24.645906448364258,41.30805206298828,,
2007-05-23,,,,,24.462064743041992,40.97314453125,,
2007-05-24,,,,,23.79157066345215,39.68825912475586,,
2007-05-25,,,,,24.232803344726562,40.679256439208984,,
2007-05-29,,,,,23.938648223876953,40.426395416259766,,
2007-05-30,,,,,24.03597640991211,40.56991958618164,,
2007-05-31,,,,,24.29984474182129,40.9526481628418,,
2007-06-01,,,,,24.76918601989746,41.56093215942383,,
2007-06-04,,,,,24.721601486206055,41.48574447631836,,
2007-06-05,,,,,24.970338821411133,41.745452880859375,,
2007-06-06,,,,,24.60696792602539,41.178184509277344,,
2007-06-07,,,,,24.405832290649414,40.617759704589844,,
2007-06-08,,,,,25.024404525756836,41.82746887207031,,
2007-06-11,,,,,25.294771194458008,42.2512092590332,,
2007-06-12,,,,,24.812442779541016,41.33538055419922,,
2007-06-13,,,,,25.268810272216797,42.2307243347168,,
2007-06-14,,,,,25.92200469970703,42.975677490234375,,
2007-06-15,,,,,26.544902801513672,44.01454162597656,,
2007-06-18,,,,,27.156997680664062,44.937198638916016,,
2007-06-19,,,,,27.347339630126953,45.2789421081543,,
2007-06-20,,,,,27.271625518798828,45.03972244262695,,
2007-06-21,,,,,28.104339599609375,46.474971771240234,,
2007-06-22,,,,,27.80802345275879,45.996551513671875,,
2007-06-25,,,,,27.61553382873535,45.42927551269531,,
2007-06-26,,,,,27.25649070739746,45.07387924194336,,
2007-06-27,,,,,27.91183853149414,45.7436637878418,,
2007-06-28,,,,,28.01348876953125,46.20158386230469,,
2007-06-29,,,,,27.868579864501953,45.996551513671875,,
2007-07-02,,,,,28.38118553161621,46.96706008911133,,
2007-07-03,,,,,28.97596549987793,47.89655685424805,,
2007-07-05,,,,,28.874319076538086,47.91022491455078,,
2007-07-06,,,,,29.59889030456543,48.8123893737793,,
2007-07-09,,,,,30.007652282714844,49.653045654296875,,
2007-07-10,,,,,29.655126571655273,48.99008560180664,,
2007-07-11,,,,,29.815166473388672,49.195125579833984,,
2007-07-12,,,,,30.386173248291016,50.11777877807617,,
2007-07-13,,,,,30.49429702758789,50.45267105102539,,
2007-07-16,,,,,30.074703216552734,49.735042572021484,,
2007-07-17,,,,,30.059572219848633,49.79656219482422,,
2007-07-18,,,,,29.488584518432617,49.00375747680664,,
2007-07-19,,,,,29.890865325927734,49.82389831542969,,
2007-07-20,,,,,29.89952850341797,49.74872589111328,,
2007-07-23,,,,,30.83820915222168,51.2728157043457,,
2007-07-24,,,,,30.063894271850586,50.30916213989258,,
2007-07-25,,,,,30.624082565307617,51.122467041015625,,
2007-07-26,,,,,29.393400192260742,48.83290481567383,,
2007-07-27,,,,,28.906757354736328,48.58684158325195,,
2007-07-30,,,,,30.10066032409668,50.18613052368164,,
2007-07-31,,,,,30.260713577270508,50.41167449951172,,
2007-08-01,,,,,29.674579620361328,49.14044952392578,,
2007-08-02,,,,,29.458293914794922,48.94907760620117,,
2007-08-03,,,,,28.151918411254883,46.686824798583984,,
2007-08-06,,,,,28.374691009521484,47.363460540771484,,
2007-08-07,,,,,28.175710678100586,46.80302810668945,,
2007-08-08,,,,,29.393400192260742,48.66202926635742,,
2007-08-09,,,,,28.28168296813965,47.049072265625,,
2007-08-10,,,,,28.21463966369629,46.980709075927734,,
2007-08-13,,,,,28.04593276977539,46.80302810668945,,
2007-08-14,,,,,27.652299880981445,45.64798355102539,,
2007-08-15,,,,,26.51030731201172,43.77532196044922,,
2007-08-16,,,,,25.89820671081543,42.647621154785156,,
2007-08-17,,,,,26.906110763549805,44.39043045043945,,
2007-08-20,,,,,27.554967880249023,45.3062629699707,,
2007-08-21,,,,,27.901025772094727,45.702659606933594,,
2007-08-22,,,,,29.83030891418457,49.34547424316406,,
2007-08-23,,,,,29.84977912902832,49.413818359375,,
2007-08-24,,,,,31.06745719909668,51.177146911621094,,
2007-08-27,,,,,33.1070671081543,55.01818084716797,,
2007-08-28,,,,,30.431583404541016,50.705562591552734,,
2007-08-29,,,,,32.02994918823242,53.097652435302734,,
2007-08-30,,,,,31.68389129638672,52.56455993652344,,
2007-08-31,,,,,32.510101318359375,54.1638298034668,,
2007-09-04,,,,,33.050819396972656,55.16852951049805,,
2007-09-05,,,,,32.198646545410156,53.67859649658203,,
2007-09-06,,,,,32.555519104003906,54.30052947998047,,
2007-09-07,,,,,31.74660873413086,52.89259338378906,,
2007-09-10,,,,,32.30246353149414,53.71959686279297,,
2007-09-11,,,,,32.69827651977539,54.66276550292969,,
2007-09-12,,,,,33.020538330078125,54.765289306640625,,
2007-09-13,,,,,33.238990783691406,55.35990524291992,,
2007-09-14,,,,,33.749427795410156,56.22787857055664,,
2007-09-17,,,,,33.46607971191406,55.838314056396484,,
2007-09-18,,,,,35.31966781616211,58.77716064453125,,
2007-09-19,,,,,35.525142669677734,58.989036560058594,,
2007-09-20,,,,,35.38239288330078,58.72248077392578,,
2007-09-21,,,,,36.44003677368164,60.519981384277344,,
2007-09-24,,,,,37.512813568115234,62.12609100341797,,
2007-09-25,,,,,37.666378021240234,62.33113479614258,,
2007-09-26,,,,,38.079490661621094,63.07609176635742,,
2007-09-27,,,,,39.38371658325195,65.0102767944336,,
2007-09-28,,,,,38.9316520690918,64.14912414550781,,
2007-10-01,,,,,40.06717300415039,65.89193725585938,,
2007-10-02,,,,,40.984230041503906,67.39556121826172,,
2007-10-03,,,,,38.81486892700195,63.52034378051758,,
2007-10-04,,,,,39.191219329833984,64.34732055664062,,
2007-10-05,,,,,41.440589904785156,67.43653106689453,,
2007-10-08,,,,,40.48677062988281,66.15849304199219,,
2007-10-09,,,,,41.50764846801758,67.69625854492188,,
2007-10-10,,,,,41.600650787353516,68.20886993408203,,
2007-10-11,,,,,41.635257720947266,68.10633850097656,,
2007-10-12,,,,,43.88248062133789,71.07937622070312,,
2007-10-15,,,,,43.89329528808594,71.181884765625,,
2007-10-16,,,,,43.04975891113281,70.1225357055664,,
2007-10-17,,,,,47.254398345947266,77.23045349121094,,
2007-10-18,,,,,45.96099853515625,75.11174774169922,,
2007-10-19,,,,,43.10600280761719,70.4642562866211,,
2007-10-22,,,,,43.58182144165039,71.3049087524414,,
2007-10-23,,,,,45.42892837524414,74.0182113647461,,
2007-10-24,,,,,44.66111373901367,73.02721405029297,,
2007-10-25,,,,,44.901187896728516,73.19808959960938,,
2007-10-26,,,,,45.27320098876953,74.05923461914062,,
2007-10-29,,,,,46.56442642211914,75.98658752441406,,
2007-10-30,,,,,45.727394104003906,74.60601043701172,,
2007-10-31,,,,,47.26087188720703,77.36714935302734,,
2007-11-01,,,,,45.05908203125,73.75849914550781,,
2007-11-02,,,,,45.00717544555664,73.82683563232422,,
2007-11-05,,,,,41.053443908691406,67.79877471923828,,
2007-11-06,,,,,42.878902435302734,70.43008422851562,,
2007-11-07,,,,,40.83497619628906,67.79877471923828,,
2007-11-08,,,,,39.889808654785156,66.37035369873047,,
2007-11-09,,,,,39.36423873901367,64.86676025390625,,
2007-11-12,,,,,36.66066360473633,60.144065856933594,,
2007-11-13,,,,,39.388031005859375,65.0923080444336,,
2007-11-14,,,,,40.59275436401367,66.12432098388672,,
2007-11-15,,,,,39.23663330078125,64.47034454345703,,
2007-11-16,,,,,38.57912063598633,63.868896484375,,
2007-11-19,,,,,36.67147445678711,60.46530532836914,,
2007-11-20,,,,,38.36931610107422,62.80954360961914,,
2007-11-21,,,,,35.36508560180664,59.42644500732422,,
2007-11-23,,,,,37.26408767700195,60.55414581298828,,
2007-11-26,,,,,36.292964935302734,59.46061706542969,,
2007-11-27,,,,,38.16816329956055,62.13294219970703,,
2007-11-28,,,,,40.4456672668457,65.61173248291016,,
2007-11-29,,,,,40.01308822631836,65.8577651977539,,
2007-11-30,,,,,40.545169830322266,66.58905792236328,,
2007-12-03,,,,,39.47237777709961,65.65272521972656,,
2007-12-04,,,,,39.9698486328125,65.7757568359375,,
2007-12-05,,,,,42.336021423339844,68.99481201171875,,
2007-12-06,,,,,42.71451950073242,69.60992431640625,,
2007-12-07,,,,,40.964759826660156,67.32035064697266,,
2007-12-10,,,,,40.55382537841797,66.94446563720703,,
2007-12-11,,,,,38.61804962158203,64.10811614990234,,
2007-12-12,,,,,39.69083023071289,65.02394104003906,,
2007-12-13,,,,,38.077327728271484,62.99409484863281,,
2007-12-14,,,,,37.093231201171875,61.381134033203125,,
2007-12-17,,,,,34.87628936767578,57.437599182128906,,
2007-12-18,,,,,36.848812103271484,60.212432861328125,,
2007-12-19,,,,,36.87477111816406,60.55414581298828,,
2007-12-20,,,,,37.35276794433594,61.223941802978516,,
2007-12-21,,,,,38.50775909423828,63.01755905151367,,
2007-12-24,,,,,39.28468704223633,64.18073272705078,,
2007-12-26,,,,,39.08332443237305,64.4422607421875,,
2007-12-27,,,,,37.66514205932617,62.46007537841797,,
2007-12-28,,,,,37.49005126953125,62.04710388183594,,
2007-12-31,,,,,37.30403518676758,61.840614318847656,,
2008-01-02,,,,,36.75688934326172,61.186771392822266,,
2008-01-03,,,,,36.505210876464844,60.95277404785156,,
2008-01-04,,,,,35.80705642700195,59.87907028198242,,
2008-01-07,,,,,36.84444808959961,60.81510925292969,,
2008-01-08,,,,,36.325748443603516,59.624420166015625,,
2008-01-09,,,,,38.60622787475586,62.769779205322266,,
2008-01-10,,,,,38.90168762207031,63.38922119140625,,
2008-01-11,,,,,37.205543518066406,60.91145324707031,,
2008-01-14,,,,,37.36968994140625,60.835723876953125,,
2008-01-15,,,,,34.54863357543945,56.30699920654297,,
2008-01-16,,,,,33.189544677734375,54.221527099609375,,
2008-01-17,,,,,32.613948822021484,52.85877990722656,,
2008-01-18,,,,,34.34727096557617,54.57254409790039,,
2008-01-22,,,,,31.46276092529297,51.89520263671875,,
2008-01-23,,,,,33.12388229370117,53.40937423706055,,
2008-01-24,,,,,32.806541442871094,52.50086212158203,,
2008-01-25,,,,,32.572364807128906,52.25307846069336,,
2008-01-28,,,,,32.964111328125,52.89316940307617,,
2008-01-29,,,,,32.67522430419922,52.41138458251953,,
2008-01-30,,,,,31.154178619384766,50.27778625488281,,
2008-01-31,,,,,31.530607223510742,51.06926727294922,,
2008-02-01,,,,,32.98162078857422,53.23729705810547,,
2008-02-04,,,,,33.82421112060547,54.648258209228516,,
2008-02-05,,,,,31.486833572387695,51.36522674560547,,
2008-02-06,,,,,30.34440040588379,49.658329010009766,,
2008-02-07,,,,,31.53498649597168,51.00043869018555,,
2008-02-08,,,,,31.000978469848633,50.38099670410156,,
2008-02-11,,,,,30.760236740112305,50.4154167175293,,
2008-02-12,,,,,31.605010986328125,51.537296295166016,,
2008-02-13,,,,,32.16966247558594,52.34945297241211,,
2008-02-14,,,,,31.432126998901367,51.72312927246094,,
2008-02-15,,,,,32.80215835571289,53.547027587890625,,
2008-02-19,,,,,33.01007843017578,53.684688568115234,,
2008-02-20,,,,,32.683982849121094,53.56766891479492,,
2008-02-21,,,,,31.41899299621582,51.89520263671875,,
2008-02-22,,,,,32.342559814453125,53.16849136352539,,
2008-02-25,,,,,32.4104118347168,53.34054946899414,,
2008-02-26,,,,,32.712432861328125,53.45755386352539,,
2008-02-27,,,,,33.789207458496094,54.806549072265625,,
2008-02-28,,,,,32.9356689453125,53.86362075805664,,
2008-02-29,,,,,31.78447723388672,52.31503677368164,,
2008-03-03,,,,,32.051475524902344,52.54216384887695,,
2008-03-04,,,,,30.73396873474121,50.477352142333984,,
2008-03-05,,,,,31.313940048217773,51.02109146118164,,
2008-03-06,,,,,29.87386131286621,48.8117561340332,,
2008-03-07,,,,,29.779762268066406,48.35750961303711,,
2008-03-10,,,,,29.206348419189453,47.14617919921875,,
2008-03-11,,,,,32.051475524902344,51.330810546875,,
2008-03-12,,,,,30.668317794799805,49.38300704956055,,
2008-03-13,,,,,29.922008514404297,48.268035888671875,,
2008-03-14,,,,,28.20400047302246,45.43926239013672,,
2008-03-17,,,,,27.711565017700195,44.25545120239258,,
2008-03-18,,,,,29.107879638671875,45.976112365722656,,
2008-03-19,,,,,27.0703182220459,43.23681640625,,
2008-03-20,,,,,27.812231063842773,43.76676940917969,,
2008-03-24,,,,,28.090194702148438,44.599586486816406,,
2008-03-25,,,,,29.477733612060547,46.54047775268555,,
2008-03-26,,,,,28.746761322021484,45.70768737792969,,
2008-03-27,,,,,28.998443603515625,46.16194534301758,,
2008-03-28,,,,,29.959218978881836,47.71053695678711,,
2008-03-31,,,,,29.576223373413086,47.490299224853516,,
2008-04-01,,,,,31.78011131286621,50.47047424316406,,
2008-04-02,,,,,31.110408782958984,49.59638214111328,,
2008-04-03,,,,,32.40384292602539,51.58546447753906,,
2008-04-04,,,,,32.08431625366211,51.537296295166016,,
2008-04-07,,,,,32.82843017578125,52.170501708984375,,
2008-04-08,,,,,31.959566116333008,51.20692825317383,,
2008-04-09,,,,,30.839031219482422,49.58262634277344,,
2008-04-10,,,,,31.878589630126953,51.10369873046875,,
2008-04-11,,,,,31.274545669555664,50.029998779296875,,
2008-04-14,,,,,30.736160278320312,49.30732727050781,,
2008-04-15,,,,,31.208887100219727,49.954288482666016,,
2008-04-16,,,,,32.2966194152832,51.44781494140625,,
2008-04-17,,,,,31.729761123657227,50.62879180908203,,
2008-04-18,,,,,32.24845886230469,51.557952880859375,,
2008-04-21,,,,,32.69929885864258,52.2668571472168,,
2008-04-22,,,,,32.543907165527344,52.30813217163086,,
2008-04-23,,,,,34.49391555786133,56.28633499145508,,
2008-04-24,,,,,35.095767974853516,56.43775939941406,,
2008-04-25,,,,,34.62522506713867,55.6668815612793,,
2008-04-28,,,,,34.43920135498047,55.38469314575195,,
2008-04-29,,,,,34.463279724121094,55.267677307128906,,
2008-04-30,,,,,34.75218200683594,56.0247802734375,,
2008-05-01,,,,,35.489707946777344,57.015892028808594,,
2008-05-02,,,,,35.81361770629883,57.64220428466797,,
2008-05-05,,,,,35.487518310546875,56.75435256958008,,
2008-05-06,,,,,35.72608184814453,57.876216888427734,,
2008-05-07,,,,,33.62724304199219,54.379825592041016,,
2008-05-08,,,,,34.130615234375,54.861610412597656,,
2008-05-09,,,,,33.26832580566406,54.09764099121094,,
2008-05-12,,,,,33.43027114868164,54.193992614746094,,
2008-05-13,,,,,33.900821685791016,55.14381408691406,,
2008-05-14,,,,,34.14593505859375,55.494815826416016,,
2008-05-15,,,,,34.620853424072266,56.19684600830078,,
2008-05-16,,,,,34.74121856689453,56.32761001586914,,
2008-05-19,,,,,34.78718566894531,56.6029167175293,,
2008-05-20,,,,,33.35367202758789,54.23529052734375,,
2008-05-21,,,,,33.29240036010742,54.028812408447266,,
2008-05-22,,,,,33.60317611694336,54.48308181762695,,
2008-05-23,,,,,32.73868942260742,52.8243522644043,,
2008-05-27,,,,,32.86562728881836,52.85877990722656,,
2008-05-28,,,,,32.81748962402344,52.549034118652344,,
2008-05-29,,,,,33.27708053588867,53.354312896728516,,
2008-05-30,,,,,33.309906005859375,53.354312896728516,,
2008-06-02,,,,,33.48280334472656,53.512603759765625,,
2008-06-03,,,,,32.23750686645508,52.2668571472168,,
2008-06-04,,,,,31.867647171020508,51.69560623168945,,
2008-06-05,,,,,32.91158676147461,53.079002380371094,,
2008-06-06,,,,,30.983469009399414,50.257118225097656,,
2008-06-09,,,,,31.156370162963867,50.33283233642578,,
2008-06-10,,,,,30.346593856811523,49.19719314575195,,
2008-06-11,,,,,29.611238479614258,47.627933502197266,,
2008-06-12,,,,,30.340024948120117,48.79111099243164,,
2008-06-13,,,,,30.27655601501465,48.63969421386719,,
2008-06-16,,,,,30.52605628967285,49.093955993652344,,
2008-06-17,,,,,30.37286376953125,48.73604965209961,,
2008-06-18,,,,,30.74272346496582,49.36927795410156,,
2008-06-19,,,,,30.78868865966797,49.33484649658203,,
2008-06-20,,,,,29.197601318359375,46.85707473754883,,
2008-06-23,,,,,29.706295013427734,47.442108154296875,,
2008-06-24,,,,,29.55557632446289,46.9741096496582,,
2008-06-25,,,,,30.21388816833496,47.944549560546875,,
2008-06-26,,,,,28.682252883911133,45.92793655395508,,
2008-06-27,,,,,28.82854652404785,45.948585510253906,,
2008-06-30,,,,,29.001440048217773,46.568023681640625,,
2008-07-01,,,,,28.852928161621094,46.11376190185547,,
2008-07-02,,,,,27.81114959716797,44.41375732421875,,
2008-07-03,,,,,27.84882926940918,44.59270477294922,,
2008-07-07,,,,,28.465023040771484,46.106876373291016,,
2008-07-08,,,,,29.012523651123047,46.506072998046875,,
2008-07-09,,,,,28.42070198059082,45.53561782836914,,
2008-07-10,,,,,29.513460159301758,46.98099136352539,,
2008-07-11,,,,,29.491294860839844,46.91904067993164,,
2008-07-14,,,,,29.205364227294922,46.32712173461914,,
2008-07-15,,,,,28.305437088012695,44.96437072753906,,
2008-07-16,,,,,29.748409271240234,47.214988708496094,,
2008-07-17,,,,,30.03434944152832,47.14617919921875,,
2008-07-18,,,,,30.1562557220459,47.61418151855469,,
2008-07-21,,,,,30.477663040161133,47.99272918701172,,
2008-07-22,,,,,30.985260009765625,48.770469665527344,,
2008-07-23,,,,,31.38423728942871,49.39679718017578,,
2008-07-24,,,,,30.036569595336914,47.283809661865234,,
2008-07-25,,,,,30.262649536132812,47.76560592651367,,
2008-07-28,,,,,29.404857635498047,46.56113815307617,,
2008-07-29,,,,,30.275949478149414,47.91012954711914,,
2008-07-30,,,,,31.00077247619629,48.729164123535156,,
2008-07-31,,,,,29.68412208557129,46.96033477783203,,
2008-08-01,,,,,30.176204681396484,47.46276092529297,,
2008-08-04,,,,,29.37158966064453,45.776512145996094,,
2008-08-05,,,,,29.936824798583984,46.7607307434082,,
2008-08-06,,,,,30.083120346069336,47.13239288330078,,
2008-08-07,,,,,28.38080406188965,44.682167053222656,,
2008-08-08,,,,,29.09231948852539,45.43926239013672,,
2008-08-11,,,,,28.527101516723633,44.26921844482422,,
2008-08-12,,,,,27.556243896484375,42.9477424621582,,
2008-08-13,,,,,27.26365089416504,42.47283935546875,,
2008-08-14,,,,,27.23040199279785,43.53965377807617,,
2008-08-15,,,,,27.26365089416504,42.851383209228516,,
2008-08-18,,,,,26.59868621826172,41.867164611816406,,
2008-08-19,,,,,26.219655990600586,41.330318450927734,,
2008-08-20,,,,,27.669282913208008,43.46394348144531,,
2008-08-21,,,,,27.197162628173828,42.90644454956055,,
2008-08-22,,,,,27.516347885131836,43.512123107910156,,
2008-08-25,,,,,27.2370548248291,43.02345275878906,,
2008-08-26,,,,,27.902027130126953,43.65666198730469,,
2008-08-27,,,,,28.879528045654297,45.19149398803711,,
2008-08-28,,,,,28.38080406188965,44.73721694946289,,
2008-08-29,,,,,28.00177574157715,44.572052001953125,,
2008-09-02,,,,,27.48309898376465,43.48459243774414,,
2008-09-03,,,,,26.725034713745117,42.12183380126953,,
2008-09-04,,,,,25.401748657226562,40.380516052246094,,
2008-09-05,,,,,26.046762466430664,41.158260345458984,,
2008-09-08,,,,,26.35930061340332,41.39915084838867,,
2008-09-09,,,,,24.976167678833008,39.231117248535156,,
2008-09-10,,,,,25.33524513244629,39.4582405090332,,
2008-09-11,,,,,24.809925079345703,38.61856460571289,,
2008-09-12,,,,,24.889720916748047,38.763092041015625,,
2008-09-15,,,,,23.167461395263672,36.305992126464844,,
2008-09-16,,,,,23.53984260559082,36.6569938659668,,
2008-09-17,,,,,20.5341854095459,32.90595626831055,,
2008-09-18,,,,,23.327049255371094,36.8152961730957,,
2008-09-19,,,,,25.973617553710938,40.7934684753418,,
2008-09-22,,,,,24.35109519958496,38.35013961791992,,
2008-09-23,,,,,23.772581100463867,36.918556213378906,,
2008-09-24,,,,,24.071819305419922,37.46227264404297,,
2008-09-25,,,,,24.723478317260742,38.3432502746582,,
2008-09-26,,,,,24.03856658935547,37.57927322387695,,
2008-09-29,,,,,20.5341854095459,32.4448127746582,,
2008-09-30,,,,,22.921419143676758,35.80354309082031,,
2008-10-01,,,,,22.77512550354004,35.58331298828125,,
2008-10-02,,,,,21.75107765197754,34.14483642578125,,
2008-10-03,,,,,21.49173927307129,34.07600402832031,,
2008-10-06,,,,,20.01551055908203,31.50189208984375,,
2008-10-07,,,,,18.871768951416016,29.953304290771484,,
2008-10-08,,,,,18.678926467895508,30.042770385742188,,
2008-10-09,,,,,17.289146423339844,27.702680587768555,,
2008-10-10,,,,,18.240047454833984,28.907135009765625,,
2008-10-13,,,,,21.93726348876953,34.47520065307617,,
2008-10-14,,,,,20.873315811157227,32.692588806152344,,
2008-10-15,,,,,17.77457618713379,27.661373138427734,,
2008-10-16,,,,,19.330595016479492,30.07718276977539,,
2008-10-17,,,,,18.200151443481445,29.01725959777832,,
2008-10-20,,,,,19.729581832885742,30.724151611328125,,
2008-10-21,,,,,17.807823181152344,28.569883346557617,,
2008-10-22,,,,,15.899367332458496,25.644752502441406,,
2008-10-23,,,,,15.992461204528809,25.8099422454834,,
2008-10-24,,,,,14.396540641784668,23.779558181762695,,
2008-10-27,,,,,12.913663864135742,21.542699813842773,,
2008-10-28,,,,,15.500386238098145,25.25244140625,,
2008-10-29,,,,,14.955111503601074,24.522886276245117,,
2008-10-30,,,,,17.05640983581543,27.461780548095703,,
2008-10-31,,,,,16.730571746826172,27.365419387817383,,
2008-11-03,,,,,16.923416137695312,27.771495819091797,,
2008-11-04,,,,,18.093753814697266,29.76746940612793,,
2008-11-05,,,,,16.39144515991211,27.076353073120117,,
2008-11-06,,,,,15.088102340698242,24.984027862548828,,
2008-11-07,,,,,17.023160934448242,28.21887969970703,,
2008-11-10,,,,,17.69477653503418,28.700658798217773,,
2008-11-11,,,,,16.65743064880371,27.090112686157227,,
2008-11-12,,,,,16.012407302856445,25.823705673217773,,
2008-11-13,,,,,18.39299201965332,29.25126838684082,,
2008-11-14,,,,,16.723922729492188,26.842344284057617,,
2008-11-17,,,,,16.690671920776367,26.773513793945312,,
2008-11-18,,,,,16.14540672302246,25.961360931396484,,
2008-11-19,,,,,14.815474510192871,24.006689071655273,,
2008-11-20,,,,,14.07070255279541,22.82286834716797,,
2008-11-21,,,,,16.26509666442871,26.016414642333984,,
2008-11-24,,,,,16.5776309967041,26.745986938476562,,
2008-11-25,,,,,16.23185157775879,25.995769500732422,,
2008-11-26,,,,,18.1070499420166,28.507946014404297,,
2008-11-28,,,,,17.681476593017578,28.081214904785156,,
2008-12-01,,,,,16.35819435119629,25.988889694213867,,
2008-12-02,,,,,17.561784744262695,27.977985382080078,,
2008-12-03,,,,,18.12035369873047,28.893369674682617,,
2008-12-04,,,,,17.18939781188965,27.723312377929688,,
2008-12-05,,,,,18.506032943725586,29.581632614135742,,
2008-12-08,,,,,20.14850616455078,31.9423828125,,
2008-12-09,,,,,19.337251663208008,30.648439407348633,,
2008-12-10,,,,,20.773578643798828,32.644405364990234,,
2008-12-11,,,,,20.0288143157959,31.52943229675293,,
2008-12-12,,,,,19.942363739013672,31.419301986694336,,
2008-12-15,,,,,19.317298889160156,30.751691818237305,,
2008-12-16,,,,,20.727025985717773,32.99542999267578,,
2008-12-17,,,,,20.454389572143555,32.93348693847656,,
2008-12-18,,,,,20.268198013305664,32.258995056152344,,
2008-12-19,,,,,20.314746856689453,32.93404769897461,,
2008-12-22,,,,,19.322507858276367,31.435466766357422,,
2008-12-23,,,,,18.48560333251953,29.964876174926758,,
2008-12-24,,,,,18.726633071899414,30.609132766723633,,
2008-12-26,,,,,18.78689193725586,30.420045852661133,,
2008-12-29,,,,,18.90740394592285,30.82621955871582,,
2008-12-30,,,,,19.248865127563477,31.330427169799805,,
2008-12-31,,,,,19.476499557495117,31.694561004638672,,
2009-01-02,,,,,20.82893943786621,33.74637222290039,,
2009-01-05,,,,,21.063278198242188,34.01247787475586,,
2009-01-06,,,,,21.130231857299805,34.131534576416016,,
2009-01-07,,,,,19.617103576660156,31.74359130859375,,
2009-01-08,,,,,19.268951416015625,31.302406311035156,,
2009-01-09,,,,,18.552553176879883,30.195974349975586,,
2009-01-12,,,,,17.521486282348633,28.739397048950195,,
2009-01-13,,,,,17.32732391357422,28.417268753051758,,
2009-01-14,,,,,16.85865592956543,27.815027236938477,,
2009-01-15,,,,,17.14655113220215,28.249197006225586,,
2009-01-16,,,,,17.374191284179688,28.60633659362793,,
2009-01-20,,,,,15.894540786743164,26.44948387145996,,
2009-01-21,,,,,16.80509376525879,27.82902717590332,,
2009-01-22,,,,,15.968182563781738,26.83464241027832,,
2009-01-23,,,,,16.40338134765625,27.254796981811523,,
2009-01-26,,,,,16.483720779418945,27.674970626831055,,
2009-01-27,,,,,16.724748611450195,27.990102767944336,,
2009-01-28,,,,,17.360795974731445,29.040515899658203,,
2009-01-29,,,,,16.430158615112305,27.520910263061523,,
2009-01-30,,,,,16.81178855895996,27.906057357788086,,
2009-02-02,,,,,16.7314510345459,27.730989456176758,,
2009-02-03,,,,,17.092994689941406,28.179161071777344,,
2009-02-04,,,,,17.548261642456055,29.054527282714844,,
2009-02-05,,,,,18.197710037231445,29.964876174926758,,
2009-02-06,,,,,19.061391830444336,31.386442184448242,,
2009-02-09,,,,,18.914098739624023,30.98027229309082,,
2009-02-10,,,,,17.983461380004883,29.572717666625977,,
2009-02-11,,,,,18.063800811767578,29.859832763671875,,
2009-02-12,,,,,17.71565055847168,29.320621490478516,,
2009-02-13,,,,,17.949983596801758,29.705780029296875,,
2009-02-17,,,,,16.671188354492188,27.738000869750977,,
2009-02-18,,,,,17.119773864746094,28.417268753051758,,
2009-02-19,,,,,17.119773864746094,28.54331398010254,,
2009-02-20,,,,,16.831871032714844,27.948081970214844,,
2009-02-23,,,,,16.604238510131836,27.48589324951172,,
2009-02-24,,,,,17.50809669494629,28.991500854492188,,
2009-02-25,,,,,17.07959747314453,28.445281982421875,,
2009-02-26,,,,,16.610933303833008,27.436878204345703,,
2009-02-27,,,,,16.276166915893555,27.016712188720703,,
2009-03-02,,,,,15.26518440246582,25.3570499420166,,
2009-03-03,,,,,15.599950790405273,26.015310287475586,,
2009-03-04,,,,,17.04612159729004,28.305227279663086,,
2009-03-05,,,,,16.061922073364258,26.806625366210938,,
2009-03-06,,,,,16.068614959716797,26.477497100830078,,
2009-03-09,,,,,15.85436725616455,26.512516021728516,,
2009-03-10,,,,,17.14655113220215,28.61334800720215,,
2009-03-11,,,,,16.80509376525879,28.221187591552734,,
2009-03-12,,,,,17.387577056884766,29.0054988861084,,
2009-03-13,,,,,17.70225715637207,29.390653610229492,,
2009-03-16,,,,,18.137449264526367,30.07692527770996,,
2009-03-17,,,,,18.405261993408203,30.462072372436523,,
2009-03-18,,,,,18.545862197875977,30.693166732788086,,
2009-03-19,,,,,18.217790603637695,30.25198745727539,,
2009-03-20,,,,,17.68886947631836,29.432674407958984,,
2009-03-23,,,,,19.476499557495117,32.43685531616211,,
2009-03-24,,,,,19.088176727294922,31.589519500732422,,
2009-03-25,,,,,19.175214767456055,31.84862518310547,,
2009-03-26,,,,,20.192895889282227,33.130126953125,,
2009-03-27,,,,,19.884916305541992,32.737972259521484,,
2009-03-30,,,,,18.606117248535156,30.833221435546875,,
2009-03-31,,,,,19.10157585144043,31.70857048034668,,
2009-04-01,,,,,19.56353759765625,32.39484405517578,,
2009-04-02,,,,,20.62139320373535,34.16654968261719,,
2009-04-03,,,,,20.721818923950195,34.18755340576172,,
2009-04-06,,,,,20.688339233398438,34.03348922729492,,
2009-04-07,,,,,20.279932022094727,33.17914962768555,,
2009-04-08,,,,,20.427227020263672,33.49427795410156,,
2009-04-09,,,,,21.324392318725586,34.87383270263672,,
2009-04-13,,,,,21.538637161254883,35.31501388549805,,
2009-04-14,,,,,21.4716854095459,35.21696472167969,,
2009-04-15,,,,,22.15460777282715,36.484466552734375,,
2009-04-16,,,,,22.054174423217773,36.51948928833008,,
2009-04-17,,,,,21.719411849975586,36.16933822631836,,
2009-04-20,,,,,21.003019332885742,34.81079864501953,,
2009-04-21,,,,,21.578805923461914,35.51807403564453,,
2009-04-22,,,,,20.849027633666992,34.565704345703125,,
2009-04-23,,,,,21.23065757751465,35.21696472167969,,
2009-04-24,,,,,21.639066696166992,35.847206115722656,,
2009-04-27,,,,,20.6816463470459,34.3135986328125,,
2009-04-28,,,,,20.454008102416992,33.648345947265625,,
2009-04-29,,,,,21.398038864135742,35.32900619506836,,
2009-04-30,,,,,21.41143035888672,35.53208923339844,,
2009-05-01,,,,,21.60559844970703,35.742164611816406,,
2009-05-04,,,,,23.5405216217041,39.243553161621094,,
2009-05-05,,,,,22.96472930908203,38.291175842285156,,
2009-05-06,,,,,23.721294403076172,40.86819839477539,,
2009-05-07,,,,,22.99820899963379,38.410221099853516,,
2009-05-08,,,,,24.04266929626465,40.258949279785156,,
2009-05-11,,,,,23.004905700683594,38.375213623046875,,
2009-05-12,,,,,23.011585235595703,38.62030792236328,,
2009-05-13,,,,,22.482669830322266,37.77297592163086,,
2009-05-14,,,,,22.609886169433594,38.32619094848633,,
2009-05-15,,,,,22.549625396728516,38.26315689086914,,
2009-05-18,,,,,23.875288009643555,40.36399841308594,,
2009-05-19,,,,,23.969013214111328,40.293975830078125,,
2009-05-20,,,,,23.68781852722168,39.901817321777344,,
2009-05-21,,,,,23.252626419067383,39.18053436279297,,
2009-05-22,,,,,23.225847244262695,39.124507904052734,,
2009-05-26,,,,,23.51374053955078,39.978851318359375,,
2009-05-27,,,,,23.67443084716797,40.279972076416016,,
2009-05-28,,,,,24.210046768188477,41.09928512573242,,
2009-05-29,,,,,25.02016830444336,42.42982864379883,,
2009-06-01,,,,,26.466344833374023,44.41861343383789,,
2009-06-02,,,,,25.924034118652344,43.47324752807617,,
2009-06-03,,,,,25.455364227294922,42.83597946166992,,
2009-06-04,,,,,25.944122314453125,43.606300354003906,,
2009-06-05,,,,,26.138282775878906,43.92841720581055,,
2009-06-08,,,,,25.810209274291992,43.445228576660156,,
2009-06-09,,,,,25.488847732543945,42.828975677490234,,
2009-06-10,,,,,26.225322723388672,43.81637191772461,,
2009-06-11,,,,,26.861370086669922,44.95781326293945,,
2009-06-12,,,,,26.486433029174805,44.34858322143555,,
2009-06-15,,,,,25.595962524414062,42.71692657470703,,
2009-06-16,,,,,24.926443099975586,41.680519104003906,,
2009-06-17,,,,,25.006786346435547,41.841590881347656,,
2009-06-18,,,,,24.879579544067383,41.68753433227539,,
2009-06-19,,,,,24.95322036743164,41.91860580444336,,
2009-06-22,,,,,24.369651794433594,40.9151496887207,,
2009-06-23,,,,,24.187280654907227,40.75260925292969,,
2009-06-24,,,,,24.909996032714844,42.13765335083008,,
2009-06-25,,,,,25.64621925354004,43.16938400268555,,
2009-06-26,,,,,25.91638946533203,43.43791198730469,,
2009-06-29,,,,,26.193315505981445,43.960838317871094,,
2009-06-30,,,,,25.91638946533203,42.929115295410156,,
2009-07-01,,,,,26.15279197692871,43.600425720214844,,
2009-07-02,,,,,25.288230895996094,42.11647033691406,,
2009-07-06,,,,,25.78129768371582,42.76658248901367,,
2009-07-07,,,,,24.855955123901367,41.310882568359375,,
2009-07-08,,,,,24.660078048706055,40.957550048828125,,
2009-07-09,,,,,25.092355728149414,41.79846954345703,,
2009-07-10,,,,,24.903242111206055,41.51580810546875,,
2009-07-13,,,,,24.795169830322266,41.529937744140625,,
2009-07-14,,,,,25.27472496032715,42.39206314086914,,
2009-07-15,,,,,26.355422973632812,44.04561996459961,,
2009-07-16,,,,,26.159542083740234,44.05975341796875,,
2009-07-17,,,,,26.571561813354492,44.64628601074219,,
2009-07-20,,,,,27.63873863220215,46.278656005859375,,
2009-07-21,,,,,27.503664016723633,46.144378662109375,,
2009-07-22,,,,,27.3010311126709,45.889991760253906,,
2009-07-23,,,,,28.40874481201172,47.677825927734375,,
2009-07-24,,,,,28.543832778930664,47.79088592529297,,
2009-07-27,,,,,28.820751190185547,48.2926025390625,,
2009-07-28,,,,,28.955841064453125,48.716609954833984,,
2009-07-29,,,,,27.86839485168457,47.041831970214844,,
2009-07-30,,,,,28.368209838867188,47.720218658447266,,
2009-07-31,,,,,28.273651123046875,47.79088592529297,,
2009-08-03,,,,,29.421890258789062,50.10869598388672,,
2009-08-04,,,,,28.90180778503418,49.394989013671875,,
2009-08-05,,,,,28.226377487182617,48.22901153564453,,
2009-08-06,,,,,28.361461639404297,48.26434326171875,,
2009-08-07,,,,,28.239891052246094,48.19366455078125,,
2009-08-10,,,,,28.28716468811035,48.17247009277344,,
2009-08-11,,,,,27.942686080932617,47.7131462097168,,
2009-08-12,,,,,28.057519912719727,48.22901153564453,,
2009-08-13,,,,,28.21961784362793,48.059410095214844,,
2009-08-14,,,,,27.719802856445312,47.26796340942383,,
2009-08-17,,,,,26.429725646972656,44.72401428222656,,
2009-08-18,,,,,27.03760528564453,45.64973068237305,,
2009-08-19,,,,,27.057870864868164,45.720394134521484,,
2009-08-20,,,,,27.422607421875,46.335174560546875,,
2009-08-21,,,,,27.544187545776367,46.674373626708984,,
2009-08-24,,,,,27.287519454956055,46.51891326904297,,
2009-08-25,,,,,27.375320434570312,46.356380462646484,,
2009-08-26,,,,,27.192955017089844,46.29984664916992,,
2009-08-27,,,,,27.21997833251953,46.144378662109375,,
2009-08-28,,,,,26.889019012451172,45.40238571166992,,
2009-08-31,,,,,26.551292419433594,44.63215255737305,,
2009-09-01,,,,,25.94340705871582,43.67109680175781,,
2009-09-02,,,,,26.15279197692871,44.02443313598633,,
2009-09-03,,,,,26.801206588745117,45.51546096801758,,
2009-09-04,,,,,27.78059196472168,46.88637161254883,,
2009-09-08,,,,,28.611360549926758,48.200748443603516,,
2009-09-09,,,,,28.483034133911133,48.22901153564453,,
2009-09-10,,,,,28.759963989257812,48.57525634765625,,
2009-09-11,,,,,28.631624221801758,48.41273880004883,,
2009-09-14,,,,,28.645143508911133,48.546993255615234,,
2009-09-15,,,,,28.5640926361084,48.22901153564453,,
2009-09-16,,,,,29.5839900970459,49.65644836425781,,
2009-09-17,,,,,29.421890258789062,49.260711669921875,,
2009-09-18,,,,,29.286802291870117,49.33844757080078,,
2009-09-21,,,,,28.895048141479492,48.801395416259766,,
2009-09-22,,,,,29.13820457458496,49.098182678222656,,
2009-09-23,,,,,28.5843448638916,48.419803619384766,,
2009-09-24,,,,,27.827880859375,47.14076232910156,,
2009-09-25,,,,,27.848121643066406,47.23969650268555,,
2009-09-28,,,,,27.942686080932617,47.402225494384766,,
2009-09-29,,,,,27.935935974121094,47.44462585449219,,
2009-09-30,,,,,27.63873863220215,47.12662887573242,,
2009-10-01,,,,,26.780954360961914,45.557857513427734,,
2009-10-02,,,,,26.686386108398438,45.473060607910156,,
2009-10-05,,,,,27.33479881286621,46.54717254638672,,
2009-10-06,,,,,28.050762176513672,47.94634246826172,,
2009-10-07,,,,,28.3817195892334,48.41273880004883,,
2009-10-08,,,,,28.861282348632812,49.091121673583984,,
2009-10-09,,,,,28.969341278076172,49.29606628417969,,
2009-10-12,,,,,28.672157287597656,49.041664123535156,,
2009-10-13,,,,,28.8882999420166,49.29606628417969,,
2009-10-14,,,,,29.914958953857422,51.05562210083008,,
2009-10-15,,,,,29.827146530151367,50.984947204589844,,
2009-10-16,,,,,29.158472061157227,49.98857116699219,,
2009-10-19,,,,,30.050048828125,51.529075622558594,,
2009-10-20,,,,,29.840654373168945,50.984947204589844,,
2009-10-21,,,,,29.658287048339844,50.794151306152344,,
2009-10-22,,,,,29.935218811035156,51.493743896484375,,
2009-10-23,,,,,29.962242126464844,51.47960662841797,,
2009-10-26,,,,,29.685312271118164,50.93547439575195,,
2009-10-27,,,,,29.6245174407959,50.5256233215332,,
2009-10-28,,,,,28.49654769897461,48.82966613769531,,
2009-10-29,,,,,29.19898796081543,49.917903900146484,,
2009-10-30,,,,,28.16558837890625,48.214874267578125,,
2009-11-02,,,,,28.868040084838867,49.45858383178711,,
2009-11-03,,,,,28.739694595336914,49.41619873046875,,
2009-11-04,,,,,29.17197608947754,50.16523361206055,,
2009-11-05,,,,,29.860919952392578,51.23933410644531,,
2009-11-06,,,,,29.833892822265625,51.01322555541992,,
2009-11-09,,,,,30.88081932067871,52.72332000732422,,
2009-11-10,,,,,30.644426345825195,52.412391662597656,,
2009-11-11,,,,,30.705223083496094,52.6879768371582,,
2009-11-12,,,,,30.14460563659668,51.960121154785156,,
2009-11-13,,,,,30.651172637939453,52.69504928588867,,
2009-11-16,,,,,31.306358337402344,53.61368942260742,,
2009-11-17,,,,,31.21854019165039,53.684356689453125,,
2009-11-18,,,,,30.813270568847656,52.89291763305664,,
2009-11-19,,,,,30.171627044677734,52.00959396362305,,
2009-11-20,,,,,30.12434196472168,51.97426223754883,,
2009-11-23,,,,,30.79301643371582,52.72332000732422,,
2009-11-24,,,,,30.40127182006836,52.40532684326172,,
2009-11-25,,,,,30.502578735351562,52.801048278808594,,
2009-11-27,,,,,29.11794090270996,50.90721130371094,,
2009-11-30,,,,,29.516443252563477,50.984947204589844,,
2009-12-01,,12.768232345581055,12.964337348937988,,30.333728790283203,52.57490921020508,,
2009-12-02,,13.054265022277832,12.996071815490723,,30.394508361816406,52.9989013671875,,
2009-12-03,,13.030427932739258,12.972270965576172,,30.17837905883789,52.57490921020508,,
2009-12-04,,13.16550064086914,13.146821975708008,,30.61740493774414,53.26035690307617,,
2009-12-07,,12.990702629089355,13.154754638671875,,30.15134620666504,52.73744583129883,,
2009-12-08,,12.776176452636719,13.10715389251709,,29.482685089111328,51.92481231689453,,
2009-12-09,,12.728504180908203,13.043676376342773,,29.435394287109375,51.960121154785156,,
2009-12-10,,12.704668045043945,12.916733741760254,,29.4016170501709,51.748138427734375,,
2009-12-11,,12.720560073852539,12.892928123474121,,29.435394287109375,51.981327056884766,,
2009-12-14,,12.704668045043945,13.08334732055664,,29.556976318359375,52.052001953125,,
2009-12-15,,12.561652183532715,13.146821975708008,,29.232763290405273,51.691593170166016,,
2009-12-16,9.971212387084961,12.386772155761719,13.051610946655273,,29.00312042236328,51.352413177490234,,
2009-12-17,9.764450073242188,12.005475044250488,12.67870807647705,,28.206106185913086,50.2712287902832,,
2009-12-18,9.67774486541748,11.933966636657715,12.488288879394531,,28.03049087524414,49.65855026245117,,
2009-12-21,9.697752952575684,12.065144538879395,12.512092590332031,,28.099767684936523,49.7293815612793,,
2009-12-22,9.731101989746094,11.941910743713379,12.615235328674316,,28.059017181396484,49.48149108886719,,
2009-12-23,9.864496231079102,12.049172401428223,12.773919105529785,,28.357810974121094,49.95604705810547,,
2009-12-24,9.971212387084961,12.196166038513184,12.916733741760254,,28.778827667236328,50.74225616455078,,
2009-12-28,9.944533348083496,12.235333442687988,12.972270965576172,,28.643016815185547,50.5793342590332,,
2009-12-29,9.984552383422852,12.251702308654785,12.996071815490723,,28.547943115234375,50.52975082397461,,
2009-12-30,9.93786334991455,12.235891342163086,13.01987361907959,,28.527568817138672,50.6147575378418,,
2009-12-31,9.997889518737793,12.291509628295898,13.09128189086914,,28.69733428955078,50.8909912109375,,
2010-01-04,10.244668006896973,12.609243392944336,13.503857612609863,,29.294919967651367,52.30758285522461,,
2010-01-05,10.631512641906738,12.77609634399414,13.837090492248535,,29.899282455444336,53.33462142944336,,
2010-01-06,10.798254013061523,12.958919525146484,13.765681266784668,,30.259199142456055,53.61083984375,,
2010-01-07,10.738228797912598,12.895357131958008,13.472118377685547,,29.790637969970703,53.15753173828125,,
2010-01-08,10.804925918579102,12.99864673614502,13.535593032836914,,29.8789119720459,53.249610900878906,,
2010-01-11,10.84494400024414,13.244956970214844,13.48798942565918,,29.926450729370117,53.391265869140625,,
2010-01-12,10.611502647399902,13.022481918334961,13.30550479888916,,29.199848175048828,52.328819274902344,,
2010-01-13,10.458100318908691,12.800012588500977,13.376911163330078,,28.84673309326172,52.250919342041016,,
2010-01-14,10.171302795410156,12.77609634399414,13.511791229248047,,28.609066009521484,51.81175994873047,,
2010-01-15,10.025901794433594,12.569598197937012,13.329305648803711,,28.14729881286621,51.174320220947266,,
2010-01-19,10.20465087890625,12.990702629089355,13.710144996643066,,29.043663024902344,52.30758285522461,,
2010-01-20,9.934661865234375,12.74439525604248,13.416579246520996,,27.93678855895996,50.74933624267578,,
2010-01-21,9.497662544250488,12.140545845031738,13.011941909790039,,26.8978214263916,48.80860137939453,,
2010-01-22,9.230874061584473,11.69560432434082,12.821523666381836,,26.53111457824707,47.901981353759766,,
2010-01-25,9.370270729064941,11.941910743713379,12.908799171447754,,26.952144622802734,48.532379150390625,,
2010-01-26,9.217533111572266,11.552666664123535,12.512092590332031,,26.17799949645996,47.207862854003906,,
2010-01-27,9.064130783081055,11.423872947692871,12.297873497009277,,26.02861213684082,46.84663009643555,,
2010-01-28,9.05079174041748,11.306278228759766,12.242332458496094,,26.150835037231445,46.72621536254883,,
2010-01-29,8.884049415588379,11.171209335327148,12.123321533203125,,26.048988342285156,46.45705795288086,,
2010-02-01,9.176780700683594,11.600181579589844,12.40101432800293,,26.863859176635742,47.77449417114258,,
2010-02-02,9.357596397399902,11.755593299865723,12.71838092803955,,27.053998947143555,48.36237335205078,,
2010-02-03,9.44423770904541,11.727386474609375,12.710445404052734,,27.053998947143555,48.56777572631836,,
2010-02-04,8.924066543579102,11.19504451751709,12.099517822265625,,25.818098068237305,46.294151306152344,,
2010-02-05,8.763994216918945,11.05997371673584,12.03604793548584,,25.512514114379883,45.840843200683594,,
2010-02-08,8.697295188903809,10.92490291595459,11.79802131652832,,25.240894317626953,45.16796112060547,,
2010-02-09,8.995165824890137,11.165249824523926,11.948770523071289,,26.11688804626465,46.33665084838867,,
2010-02-10,9.09080982208252,11.40956974029541,12.083651542663574,,26.232330322265625,46.82538604736328,,
2010-02-11,9.27756118774414,11.576423645019531,12.305805206298828,,26.94534683227539,47.894901275634766,,
2010-02-12,9.170846939086914,11.361899375915527,12.305805206298828,,26.422470092773438,47.37785339355469,,
2010-02-16,9.437634468078613,11.61614990234375,12.575566291809082,,26.863859176635742,48.220706939697266,,
2010-02-17,9.404219627380371,11.600258827209473,12.66283893585205,,26.958932876586914,48.27029800415039,,
2010-02-18,9.417559623718262,11.647932052612305,12.758048057556152,,26.965723037719727,48.539451599121094,,
2010-02-19,9.210798263549805,11.536698341369629,12.535895347595215,,26.50395965576172,47.72492218017578,,
2010-02-22,9.157506942749023,11.409648895263672,12.551763534545898,,26.592235565185547,47.901981353759766,,
2010-02-23,8.970821380615234,11.300320625305176,12.440686225891113,,26.245906829833984,47.455753326416016,,
2010-02-24,9.13089370727539,11.600258827209473,12.83739185333252,,26.700883865356445,48.31988525390625,,
2010-02-25,9.164175987243652,11.473134994506836,12.750114440917969,,26.47679328918457,47.894901275634766,,
2010-02-26,9.264222145080566,11.568477630615234,12.900863647460938,,26.884231567382812,48.56777572631836,,
2010-03-01,9.397616386413574,11.771880149841309,12.940534591674805,,27.563289642333984,49.53815460205078,,
2010-03-02,9.4309663772583,11.946281433105469,12.964337348937988,,27.773815155029297,49.84979248046875,,
2010-03-03,9.537680625915527,12.045201301574707,12.892928123474121,,27.69232749938965,49.764808654785156,,
2010-03-04,9.384275436401367,11.90218448638916,12.861194610595703,,27.271297454833984,49.141502380371094,,
2010-03-05,9.63105583190918,12.180273056030273,13.146821975708008,,27.963947296142578,50.38101577758789,,
2010-03-08,9.671073913574219,12.275616645812988,13.297571182250977,,28.059017181396484,50.735172271728516,,
2010-03-09,9.61104679107666,12.267671585083008,13.337238311767578,,28.120140075683594,50.990150451660156,,
2010-03-10,9.71776294708252,12.291509628295898,13.519723892211914,,28.188039779663086,51.28763198852539,,
2010-03-11,9.640661239624023,12.275616645812988,13.527660369873047,,28.079397201538086,51.308895111083984,,
2010-03-12,9.644928932189941,12.141339302062988,13.432449340820312,,28.004697799682617,50.97597122192383,,
2010-03-15,9.537614822387695,11.975678443908691,13.400712013244629,,27.671951293945312,50.51559066772461,,
2010-03-16,9.544350624084473,12.069038391113281,13.408644676208496,,27.81455421447754,50.72100067138672,,
2010-03-17,9.644396781921387,12.132601737976074,13.551460266113281,,28.26273536682129,51.27346420288086,,
2010-03-18,9.516337394714355,12.066494941711426,13.614933013916016,,28.12693214416504,51.16014862060547,,
2010-03-19,9.504332542419434,12.094461441040039,13.567326545715332,,27.896039962768555,50.664329528808594,,
2010-03-22,9.464310646057129,12.078570365905762,13.757746696472168,,27.91641616821289,50.71391677856445,,
2010-03-23,9.451641082763672,12.03725528717041,13.68634033203125,,28.004697799682617,50.6005859375,,
2010-03-24,9.39087963104248,11.87834644317627,13.432449340820312,,27.678747177124023,50.069366455078125,,
2010-03-25,9.3375883102417,11.76711368560791,13.424513816833496,,27.176225662231445,49.43898391723633,,
2010-03-26,9.497662544250488,11.949936866760254,13.614933013916016,,27.72628402709961,50.33144760131836,,
2010-03-29,9.757781982421875,12.09565544128418,13.773616790771484,,28.26273536682129,50.983062744140625,,
2010-03-30,9.83781623840332,12.235891342163086,13.892629623413086,,28.69733428955078,51.47179412841797,,
2010-03-31,9.771120071411133,12.116707801818848,13.7339448928833,,28.588685989379883,51.01849365234375,,
2010-04-01,9.924522399902344,12.466306686401367,14.003707885742188,,29.383203506469727,52.3713264465332,,
2010-04-05,10.071256637573242,12.633159637451172,14.194125175476074,,29.73630714416504,52.99462890625,,
2010-04-06,10.064586639404297,12.680036544799805,14.13858413696289,,29.770265579223633,53.10088348388672,,
2010-04-07,10.117945671081543,12.490141868591309,14.106846809387207,,29.58013153076172,52.90256118774414,,
2010-04-08,10.15129280090332,12.553706169128418,14.281399726867676,,29.722721099853516,53.22126770019531,,
2010-04-09,10.197980880737305,12.656996726989746,14.321065902709961,,30.279563903808594,53.92957305908203,,
2010-04-12,10.184575080871582,12.482198715209961,14.130651473999023,,29.87212562561035,53.26377487182617,,
2010-04-13,10.104604721069336,12.386852264404297,13.987837791442871,,29.770265579223633,53.02294921875,,
2010-04-14,10.231331825256348,12.553706169128418,14.146519660949707,,30.069049835205078,53.58959197998047,,
2010-04-15,10.258009910583496,12.506034851074219,14.162385940551758,,29.81100845336914,53.22835922241211,,
2010-04-16,9.911182403564453,12.049172401428223,13.789484024047852,,28.731294631958008,51.429298400878906,,
2010-04-19,9.731101989746094,11.90218448638916,13.765681266784668,,28.459674835205078,50.99723434448242,,
2010-04-20,9.931258201599121,11.997608184814453,14.019570350646973,,28.92144012451172,51.86137008666992,,
2010-04-21,9.871164321899414,12.005475044250488,13.995771408081055,,28.513996124267578,51.188472747802734,,
2010-04-22,9.884504318237305,12.069038391113281,14.011639595031738,,28.643016815185547,51.43637466430664,,
2010-04-23,9.911249160766602,12.045201301574707,14.043376922607422,,28.554738998413086,51.54261779785156,,
2010-04-26,10.02390193939209,12.100818634033203,14.122715950012207,,28.568313598632812,51.62762451171875,,
2010-04-27,9.571027755737305,11.600258827209473,13.6228666305542,,27.475019454956055,49.842716217041016,,
2010-04-28,9.69101619720459,11.655878067016602,13.837090492248535,,27.773815155029297,50.33144760131836,,
2010-04-29,9.811138153076172,11.87834644317627,13.916430473327637,,27.82813262939453,50.80601119995117,,
2010-04-30,9.75771427154541,11.632040977478027,13.718077659606934,,27.733068466186523,50.45185089111328,,
2010-05-03,9.764450073242188,11.727386474609375,13.876758575439453,,27.984315872192383,50.77765655517578,,
2010-05-04,9.3375883102417,11.234851837158203,13.511791229248047,,26.952144622802734,48.86526107788086,,
2010-05-05,9.044123649597168,11.06791877746582,13.30550479888916,,26.524333953857422,48.21363830566406,,
2010-05-06,8.723976135253906,10.408452033996582,12.48035717010498,,25.634750366210938,46.13833236694336,,
2010-05-07,8.757326126098633,10.464071273803711,12.456551551818848,,25.96748924255371,46.46414566040039,,
2010-05-10,9.210864067077637,11.171209335327148,13.194425582885742,,27.40032386779785,49.084835052490234,,
2010-05-11,8.977423667907715,10.980599403381348,12.972270965576172,,26.904603958129883,48.46861267089844,,
2010-05-12,9.13089370727539,11.066329002380371,13.067479133605957,,27.04041290283203,48.85818862915039,,
2010-05-13,9.230874061584473,11.06791877746582,12.996071815490723,,26.8978214263916,48.52528381347656,,
2010-05-14,8.898588180541992,10.868885040283203,12.781852722167969,,26.4020938873291,47.78158950805664,,
2010-05-17,8.73731517791748,10.487905502319336,12.615235328674316,,26.26628303527832,47.42742919921875,,
2010-05-18,8.677289962768555,10.607085227966309,12.43275260925293,,26.103302001953125,46.88912582397461,,
2010-05-19,8.59725284576416,10.384696960449219,12.186793327331543,,26.055776596069336,46.48539352416992,,
2010-05-20,8.377219200134277,9.982579231262207,11.528263092041016,,25.13903045654297,44.495079040527344,,
2010-05-21,8.497204780578613,10.185979843139648,11.845626831054688,,25.94711685180664,46.13125228881836,,
2010-05-24,8.54389476776123,10.313106536865234,11.948770523071289,,26.096513748168945,46.49247741699219,,
2010-05-25,8.317124366760254,10.170090675354004,11.742483139038086,,25.784154891967773,46.0250129699707,,
2010-05-26,8.310454368591309,10.217763900756836,11.932904243469238,,25.750186920166016,45.92584228515625,,
2010-05-27,8.804012298583984,10.789751052856445,12.599367141723633,,26.979297637939453,48.36237335205078,,
2010-05-28,8.844030380249023,10.87723159790039,12.385148048400879,,26.741628646850586,47.70366287231445,,
2010-06-01,8.623930931091309,10.619403839111328,12.345478057861328,,26.130474090576172,46.6908073425293,,
2010-06-02,8.670619010925293,10.78188419342041,12.686644554138184,,26.843488693237305,48.00822830200195,,
2010-06-03,8.657279014587402,10.702431678771973,12.64697265625,,26.694089889526367,47.83823013305664,,
2010-06-04,8.441981315612793,10.519767761230469,12.43275260925293,,26.055776596069336,46.570396423339844,,
2010-06-07,8.290444374084473,10.337023735046387,12.194729804992676,,25.80451774597168,46.07457733154297,,
2010-06-08,8.363813400268555,10.519685745239258,12.440686225891113,,26.361343383789062,46.85370635986328,,
2010-06-09,8.377152442932129,10.449769973754883,12.472421646118164,,26.551490783691406,46.92454147338867,,
2010-06-10,8.610591888427734,10.599140167236328,12.797717094421387,,27.189821243286133,48.029476165771484,,
2010-06-11,8.610591888427734,10.646812438964844,13.004008293151855,,27.345993041992188,48.44028854370117,,
2010-06-14,8.830690383911133,10.742156028747559,13.043676376342773,,27.237346649169922,48.25613784790039,,
2010-06-15,9.05079174041748,10.973369598388672,13.345175743103027,,27.862079620361328,49.55231475830078,,
2010-06-16,8.957416534423828,11.020245552062988,13.297571182250977,,27.909622192382812,49.59480285644531,,
2010-06-17,8.977423667907715,10.916955947875977,13.392777442932129,,27.58367347717285,49.106082916259766,,
2010-06-18,8.977423667907715,10.893119812011719,13.440386772155762,,27.610837936401367,49.378536224365234,,
2010-06-21,9.217533111572266,11.2109375,13.638737678527832,,28.571687698364258,50.80876922607422,,
2010-06-22,9.130828857421875,11.091754913330078,13.559393882751465,,28.12526512145996,50.03646469116211,,
2010-06-23,9.164175987243652,11.13942813873291,13.741880416870117,,28.33817481994629,50.44407272338867,,
2010-06-24,8.997501373291016,11.01230239868164,13.606999397277832,,28.00163459777832,49.74326705932617,,
2010-06-25,9.05079174041748,10.999589920043945,13.638737678527832,,28.283227920532227,50.20806884765625,,
2010-06-28,8.990764617919922,11.007533073425293,13.551460266113281,,28.132131576538086,49.943477630615234,,
2010-06-29,8.623930931091309,10.599140167236328,12.877059936523438,,26.99887466430664,47.76954650878906,,
2010-06-30,8.703967094421387,10.615032196044922,12.916733741760254,,26.87525177001953,47.740936279296875,,
2010-07-01,8.617260932922363,10.527631759643555,12.964337348937988,,27.046953201293945,47.99122619628906,,
2010-07-02,8.644272804260254,10.503796577453613,12.845327377319336,,26.799699783325195,47.69803237915039,,
2010-07-06,8.757326126098633,10.78188419342041,12.900863647460938,,27.307947158813477,48.277278900146484,,
2010-07-07,8.917398452758789,10.869284629821777,13.194425582885742,,27.500263214111328,49.02813720703125,,
2010-07-08,8.844030380249023,10.904244422912598,13.321372032165527,,27.438440322875977,49.07820129394531,,
2010-07-09,9.03872013092041,11.2109375,13.503857612609863,,27.939815521240234,49.857669830322266,,
2010-07-12,8.985427856445312,11.298336029052734,13.48798942565918,,27.795591354370117,49.700347900390625,,
2010-07-13,9.077469825744629,11.338062286376953,13.591130256652832,,28.063453674316406,50.165164947509766,,
2010-07-14,9.077469825744629,11.239062309265137,13.511791229248047,,27.802459716796875,49.85051727294922,,
2010-07-15,8.74398422241211,11.0758638381958,13.345175743103027,,27.37663459777832,49.2784309387207,,
2010-07-16,8.650677680969238,10.845447540283203,13.035743713378906,,26.607397079467773,47.99122619628906,,
2010-07-19,8.741318702697754,10.905834197998047,13.178557395935059,,26.83403968811035,48.427459716796875,,
2010-07-20,9.017508506774902,11.385655403137207,13.567326545715332,,27.568937301635742,49.764713287353516,,
2010-07-21,9.056593894958496,11.330118179321289,13.472118377685547,,27.48651885986328,49.43575668334961,,
2010-07-22,9.304241180419922,11.679712295532227,13.599066734313965,,28.242019653320312,50.830223083496094,,
2010-07-23,9.325651168823242,11.841797828674316,13.718077659606934,,28.475540161132812,51.223533630371094,,
2010-07-26,9.325651168823242,11.76711368560791,13.662540435791016,,28.413719177246094,51.23783493041992,,
2010-07-27,9.31757926940918,11.759167671203613,13.543526649475098,,28.276357650756836,50.95178985595703,,
2010-07-28,9.284165382385254,11.856101989746094,13.599066734313965,,28.283227920532227,51.016136169433594,,
2010-07-29,9.190788269042969,11.911718368530273,13.654603004455566,,28.221420288085938,51.00183868408203,,
2010-07-30,9.248214721679688,12.068957328796387,13.757746696472168,,28.324443817138672,51.259300231933594,,
2010-08-02,9.437634468078613,12.323288917541504,14.075113296508789,,29.11427879333496,52.55364227294922,,
2010-08-03,9.484322547912598,12.204108238220215,14.059240341186523,,28.832685470581055,52.474971771240234,,
2010-08-04,9.422294616699219,12.24383544921875,14.067173957824707,,28.94257164001465,52.539344787597656,,
2010-08-05,9.436767578125,12.143725395202637,14.162385940551758,,28.86702537536621,52.474971771240234,,
2010-08-06,9.404287338256836,12.006110191345215,14.067173957824707,,28.812084197998047,52.34624099731445,,
2010-08-09,9.464310646057129,12.250191688537598,14.122715950012207,,28.997522354125977,52.69666290283203,,
2010-08-10,9.297572135925293,11.983226776123047,13.829154014587402,,28.36564826965332,51.759864807128906,,
2010-08-11,9.050323486328125,11.664618492126465,13.606999397277832,,27.5758056640625,50.30820083618164,,
2010-08-12,9.037452697753906,11.585957527160645,13.519723892211914,,27.47965431213379,50.093650817871094,,
2010-08-13,9.030782699584961,11.712288856506348,13.718077659606934,,27.507123947143555,50.46551513671875,,
2010-08-16,9.110819816589355,11.798895835876465,13.860891342163086,,27.816186904907227,50.8516845703125,,
2010-08-17,9.25755500793457,11.96574878692627,14.011639595031738,,28.049713134765625,51.30935287475586,,
2010-08-18,9.183518409729004,11.937145233154297,14.194125175476074,,27.960426330566406,51.10912322998047,,
2010-08-19,9.170846939086914,11.933966636657715,14.09097957611084,,27.774982452392578,50.8516845703125,,
2010-08-20,9.110819816589355,11.873581886291504,14.130651473999023,,27.843666076660156,51.00183868408203,,
2010-08-23,9.130828857421875,11.790948867797852,13.987837791442871,,27.459041595458984,50.40114212036133,,
2010-08-24,9.01144027709961,11.700372695922852,13.940234184265137,,27.1843204498291,49.86481857299805,,
2010-08-25,8.984094619750977,11.587546348571777,13.892629623413086,,27.163713455200195,49.693199157714844,,
2010-08-26,8.991830825805664,11.496970176696777,13.821220397949219,,26.937068939208984,49.3427848815918,,
2010-08-27,9.110819816589355,11.687578201293945,13.995771408081055,,27.452177047729492,50.179466247558594,,
2010-08-30,9.130828857421875,11.625683784484863,13.987837791442871,,27.033214569091797,49.700347900390625,,
2010-08-31,9.11322021484375,11.639986991882324,14.194125175476074,,26.985145568847656,49.736106872558594,,
2010-09-01,9.330918312072754,12.100818634033203,14.630498886108398,,27.6788272857666,51.05191421508789,,
2010-09-02,9.410954475402832,12.180273056030273,14.630498886108398,,27.960426330566406,51.32365417480469,,
2010-09-03,9.444305419921875,12.331233978271484,14.7891845703125,,28.12526512145996,51.631141662597656,,
2010-09-07,9.431631088256836,12.402743339538574,14.686041831970215,,27.843666076660156,51.273590087890625,,
2010-09-08,9.504332542419434,12.466306686401367,14.971667289733887,,27.967294692993164,51.68120574951172,,
2010-09-09,9.671008110046387,12.64102554321289,15.043072700500488,,28.097789764404297,51.852840423583984,,
2010-09-10,9.564358711242676,12.599787712097168,14.971667289733887,,28.015378952026367,51.809932708740234,,
2010-09-13,9.751108169555664,12.760204315185547,15.304898262023926,,28.798343658447266,53.104278564453125,,
2010-09-14,9.851090431213379,12.844507217407227,15.304898262023926,,28.91510009765625,53.376014709472656,,
2010-09-15,9.784459114074707,12.75393009185791,15.201752662658691,,28.72966766357422,53.11143493652344,,
2010-09-16,9.771120071411133,12.725327491760254,15.066876411437988,,28.564821243286133,52.803924560546875,,
2010-09-17,9.811138153076172,12.911249160766602,15.233489990234375,,28.818954467773438,53.032779693603516,,
2010-09-20,9.924522399902344,13.006669998168945,15.574657440185547,,29.176097869873047,53.81938552856445,,
2010-09-21,9.924522399902344,13.117827415466309,15.630197525024414,,29.155492782592773,53.76218795776367,,
2010-09-22,9.891107559204102,13.065388679504395,15.66987133026123,,28.99065589904785,53.647762298583984,,
2010-09-23,9.804468154907227,12.990621566772461,15.574657440185547,,28.770872116088867,53.46183776855469,,
2010-09-24,10.039443016052246,13.252898216247559,15.7888765335083,,29.430219650268555,54.527366638183594,,
2010-09-27,10.064922332763672,13.279913902282715,15.820611953735352,,29.279123306274414,54.427249908447266,,
2010-09-28,10.064922332763672,13.268792152404785,15.868220329284668,,29.182968139648438,54.37003707885742,,
2010-09-29,10.211320877075195,13.268792152404785,15.947561264038086,,29.340940475463867,54.66322708129883,,
2010-09-30,10.324640274047852,13.403779983520508,16.16971778869629,,29.40961456298828,54.520206451416016,,
2010-10-01,10.351385116577148,13.508183479309082,16.328397750854492,,29.60192108154297,54.985042572021484,,
2010-10-04,10.464768409729004,13.530987739562988,16.352201461791992,,29.773635864257812,55.09228515625,,
2010-10-05,10.694806098937988,13.721678733825684,16.38393783569336,,30.405500411987305,56.22931671142578,,
2010-10-06,10.644854545593262,13.618385314941406,16.272859573364258,,30.384899139404297,56.13636016845703,,
2010-10-07,10.558145523071289,13.42770004272461,15.987232208251953,,30.123912811279297,55.678688049316406,,
2010-10-08,10.604833602905273,13.411808967590332,16.225255966186523,,30.494796752929688,56.29368591308594,,
2010-10-11,10.86495304107666,13.380025863647461,16.17765235900879,,30.783252716064453,56.572566986083984,,
2010-10-12,10.811525344848633,13.364134788513184,16.11417579650879,,30.687097549438477,56.42240524291992,,
2010-10-13,11.038363456726074,13.872638702392578,16.399810791015625,,31.415138244628906,57.73822021484375,,
2010-10-14,10.9783353805542,13.920312881469727,16.225255966186523,,31.511280059814453,57.731056213378906,,
2010-10-15,10.938318252563477,14.166539192199707,16.082443237304688,,31.73106575012207,58.01710510253906,,
2010-10-18,10.971667289733887,14.214288711547852,16.14591407775879,,31.820363998413086,58.71076202392578,,
2010-10-19,10.644854545593262,13.904419898986816,15.693673133850098,,31.071720123291016,56.88009262084961,,
2010-10-20,10.77277660369873,14.007711410522461,16.05864143371582,,31.71732521057129,57.57374572753906,,
2010-10-21,10.608834266662598,14.007711410522461,16.15384864807129,,31.689857482910156,57.72391128540039,,
2010-10-22,10.564748764038086,14.007711410522461,16.352201461791992,,31.36703872680664,57.3878059387207,,
2010-10-25,10.90096664428711,14.217151641845703,16.685436248779297,,31.744800567626953,58.353206634521484,,
2010-10-26,10.858283996582031,13.944149017333984,16.606096267700195,,31.710464477539062,58.203041076660156,,
2010-10-27,10.491447448730469,13.515097618103027,16.17765235900879,,30.961835861206055,56.90152359008789,,
2010-10-28,10.618172645568848,13.570714950561523,16.02690315246582,,30.982433319091797,56.987361907958984,,
2010-10-29,10.518193244934082,13.650246620178223,16.296659469604492,,30.886281967163086,57.15898132324219,,
2010-11-01,10.676199913024902,13.826558113098145,16.447412490844727,,31.20222282409668,57.67385482788086,,
2010-11-02,10.83160400390625,14.198402404785156,16.518815994262695,,31.600568771362305,58.531978607177734,,
2010-11-03,11.00501537322998,14.293665885925293,16.685436248779297,,32.273651123046875,59.61895751953125,,
2010-11-04,11.217378616333008,14.627449035644531,16.796510696411133,,32.88491439819336,60.59867858886719,,
2010-11-05,11.311821937561035,14.547998428344727,16.740970611572266,,32.8505744934082,60.49140548706055,,
2010-11-08,11.318490982055664,14.4844331741333,16.788578033447266,,32.919254302978516,60.64870834350586,,
2010-11-09,11.138411521911621,14.214288711547852,16.50295066833496,,32.21870803833008,59.65471267700195,,
2010-11-10,11.159285545349121,14.42087173461914,16.629892349243164,,32.44536209106445,59.92646408081055,,
2010-11-11,11.211774826049805,14.30097484588623,16.62196159362793,,32.5895881652832,60.012271881103516,,
2010-11-12,10.878289222717285,13.840858459472656,16.185585021972656,,31.607437133789062,58.28169631958008,,
2010-11-15,10.724889755249023,13.68989372253418,16.042770385742188,,31.195348739624023,57.65956115722656,,
2010-11-16,10.424751281738281,13.387971878051758,15.519116401672363,,30.29560661315918,55.92183303833008,,
2010-11-17,10.207718849182129,13.268792152404785,15.281099319458008,,30.329954147338867,55.72159194946289,,
2010-11-18,10.398072242736816,13.642224311828613,15.677801132202148,,30.975563049316406,56.94445037841797,,
2010-11-19,10.338042259216309,13.515097618103027,15.622265815734863,,30.673364639282227,56.644100189208984,,
2010-11-22,10.366724014282227,13.443588256835938,15.7333402633667,,30.549741744995117,56.5654182434082,,
2010-11-23,10.097936630249023,13.056650161743164,15.431846618652344,,29.856056213378906,55.20671463012695,,
2010-11-24,10.34471607208252,13.276735305786133,15.574657440185547,,30.357423782348633,56.072017669677734,,
2010-11-26,10.197980880737305,13.181390762329102,15.423912048339844,,29.670612335205078,55.027923583984375,,
2010-11-29,10.277950286865234,13.387971878051758,15.400107383728027,,30.11016845703125,55.750179290771484,,
2010-11-30,10.091265678405762,13.332353591918945,15.447713851928711,,29.766769409179688,55.20671463012695,,
2010-12-01,10.371460914611816,13.610440254211426,15.685734748840332,,30.529130935668945,56.51537322998047,,
2010-12-02,10.34471607208252,13.801132202148438,15.876157760620117,,30.948083877563477,57.31630325317383,,
2010-12-03,10.531464576721191,13.824966430664062,15.72540283203125,,30.50853157043457,56.8729248046875,,
2010-12-06,10.618172645568848,13.68989372253418,15.519116401672363,,30.11016845703125,56.43671417236328,,
2010-12-07,10.511459350585938,13.70578670501709,15.415975570678711,,30.21319580078125,56.27224349975586,,
2010-12-08,10.384734153747559,13.546876907348633,15.154149055480957,,29.73928451538086,55.62862777709961,,
2010-12-09,10.378063201904297,13.523042678833008,15.090677261352539,,29.78049659729004,55.61432647705078,,
2010-12-10,10.41141128540039,13.459479331970215,15.074808120727539,,29.828582763671875,55.793094635009766,,
2010-12-13,10.544805526733398,13.5866060256958,15.106542587280273,,30.13077735900879,56.129215240478516,,
2010-12-14,10.531464576721191,13.62633228302002,14.987537384033203,,30.06895637512207,55.936134338378906,,
2010-12-15,10.291356086730957,13.492849349975586,14.693975448608398,,29.368406295776367,54.83484649658203,,
2010-12-16,10.278017044067383,13.332353591918945,14.638432502746582,,29.258514404296875,54.38432312011719,,
2010-12-17,10.211320877075195,13.317097663879395,14.7891845703125,,29.25165367126465,54.38719940185547,,
2010-12-20,10.311366081237793,13.189337730407715,14.55909252166748,,29.22336769104004,54.0497932434082,,
2010-12-21,10.5914945602417,13.380104064941406,14.614630699157715,,29.837081909179688,55.176902770996094,,
2010-12-22,10.532066345214844,13.316461563110352,14.638432502746582,,29.754331588745117,55.01176834106445,,
2010-12-23,10.538137435913086,13.213172912597656,14.53529167175293,,29.37508201599121,54.59539031982422,,
2010-12-27,10.578153610229492,13.149608612060547,14.448012351989746,,29.34059715270996,54.401554107666016,,
2010-12-28,10.371393203735352,12.950972557067871,14.146519660949707,,29.09235382080078,53.76983642578125,,
2010-12-29,10.45142936706543,12.911249160766602,14.322949409484863,,29.49919891357422,54.48771286010742,,
2010-12-30,10.398072242736816,12.847683906555176,14.355027198791504,,29.423337936401367,54.35848617553711,,
2010-12-31,10.504786491394043,13.030427932739258,14.50739860534668,,29.712949752807617,54.731788635253906,,
2011-01-03,10.784914016723633,13.244956970214844,14.59561538696289,,30.154264450073242,55.58607864379883,,
2011-01-04,10.90563678741455,13.546799659729004,14.804122924804688,,30.53352928161621,56.46189880371094,,
2011-01-05,10.911642074584961,13.721678733825684,14.94045352935791,,30.561120986938477,56.74905014038086,,
2011-01-06,10.824931144714355,13.647786140441895,14.892342567443848,,30.319765090942383,56.39727783203125,,
2011-01-07,10.704876899719238,13.546958923339844,14.812139511108398,,30.099109649658203,56.14603042602539,,
2011-01-10,10.764906883239746,13.451534271240234,14.691849708557129,,29.86466407775879,55.7799186706543,,
2011-01-11,10.911642074584961,13.538934707641602,14.796104431152344,,30.202539443969727,56.17473602294922,,
2011-01-12,11.185097694396973,13.729625701904297,14.876297950744629,,30.81624984741211,57.07210922241211,,
2011-01-13,11.111732482910156,13.65017032623291,14.780065536499023,,30.726613998413086,56.94289779663086,,
2011-01-14,11.031695365905762,13.658113479614258,14.747983932495117,,30.71971321105957,57.07210922241211,,
2011-01-18,11.118399620056152,13.491340637207031,14.59561538696289,,30.492156982421875,56.69881057739258,,
2011-01-19,11.082385063171387,13.467424392700195,14.387107849121094,,30.57489585876465,56.504981994628906,,
2011-01-20,10.938318252563477,13.260844230651855,14.226712226867676,,30.0715274810791,55.72248840332031,,
2011-01-21,10.791584968566895,13.181390762329102,14.018207550048828,,29.80949592590332,55.219940185546875,,
2011-01-24,10.87962532043457,13.057442665100098,14.026223182678223,,29.699167251586914,55.11945343017578,,
2011-01-25,10.828268051147461,12.955742835998535,13.986128807067871,,29.533674240112305,54.868186950683594,,
2011-01-26,10.77150821685791,13.022481918334961,14.138498306274414,,29.712949752807617,55.33483123779297,,
2011-01-27,10.86495304107666,13.101936340332031,14.234733581542969,,29.747432708740234,55.406620025634766,,
2011-01-28,10.511459350585938,12.823847770690918,13.881872177124023,,28.982032775878906,54.035430908203125,,
2011-01-31,10.691537857055664,12.91919231414795,14.066323280334473,,29.34059715270996,54.67436599731445,,
2011-02-01,10.858283996582031,12.969171524047852,14.042265892028809,,29.540559768676758,55.320465087890625,,
2011-02-02,10.88496208190918,13.062211990356445,14.074339866638184,,29.506092071533203,55.45686340332031,,
2011-02-03,10.86495304107666,12.990226745605469,14.082359313964844,,29.430248260498047,55.43532180786133,,
2011-02-04,10.834270477294922,12.927139282226562,14.122459411621094,,29.561254501342773,55.44969177246094,,
2011-02-07,10.806392669677734,12.895357131958008,14.066323280334473,,29.28543472290039,55.24867630004883,,
2011-02-08,10.691537857055664,12.74439525604248,13.849796295166016,,29.361286163330078,54.990238189697266,,
2011-02-09,10.364657402038574,12.347126960754395,13.376640319824219,,28.61656951904297,53.805721282958984,,
2011-02-10,10.30416202545166,12.227947235107422,13.2964448928833,,28.52692413330078,53.49702072143555,,
2011-02-11,10.418082237243652,12.355072021484375,13.504953384399414,,28.740680694580078,54.006717681884766,,
2011-02-14,10.5914945602417,12.53781509399414,13.713459968566895,,28.90617561340332,54.38001251220703,,
2011-02-15,10.630512237548828,12.601378440856934,13.737518310546875,,28.823429107666016,54.38719940185547,,
2011-02-16,10.784980773925781,12.704668045043945,13.761579513549805,,29.175100326538086,54.861019134521484,,
2011-02-17,10.938318252563477,12.768232345581055,13.785638809204102,,29.41645050048828,55.04047393798828,,
2011-02-18,10.93244743347168,12.617269515991211,13.657326698303223,,29.4647159576416,55.09791564941406,,
2011-02-22,10.691537857055664,12.03725528717041,13.176152229309082,,28.409706115722656,53.037574768066406,,
2011-02-23,10.67819881439209,11.997529029846191,13.079917907714844,,28.43728256225586,52.83655548095703,,
2011-02-24,10.658190727233887,11.759167671203613,12.959622383117676,,28.382110595703125,52.74324417114258,,
2011-02-25,10.770242691040039,11.846646308898926,13.095955848693848,,28.851022720336914,53.47547912597656,,
2011-02-28,10.824931144714355,12.076984405517578,13.336542129516602,,29.271642684936523,54.22209548950195,,
2011-03-01,10.752631187438965,12.132518768310547,13.27238655090332,,29.078561782836914,53.784183502197266,,
2011-03-02,10.784914016723633,12.307398796081543,13.537032127380371,,29.347501754760742,54.50205993652344,,
2011-03-03,10.85161304473877,12.625216484069824,13.913949966430664,,29.871553421020508,55.5214729309082,,
2011-03-04,10.824931144714355,12.68075180053711,13.97008991241455,,29.954301834106445,55.600440979003906,,
2011-03-07,10.77824592590332,12.59343433380127,13.833755493164062,,29.719852447509766,55.12663650512695,,
2011-03-08,10.985005378723145,12.752340316772461,13.825737953186035,,30.436994552612305,56.21064376831055,,
2011-03-09,10.911642074584961,12.943029403686523,14.042265892028809,,30.636964797973633,56.339847564697266,,
2011-03-10,10.677666664123535,12.633159637451172,13.833755493164062,,30.09221649169922,55.5214729309082,,
2011-03-11,10.618507385253906,12.696722984313965,13.833755493164062,,30.016355514526367,55.492767333984375,,
2011-03-14,10.811592102050781,12.545761108398438,13.809698104858398,,30.043949127197266,55.629146575927734,,
2011-03-15,10.864884376525879,12.31534481048584,13.601187705993652,,29.519882202148438,54.746150970458984,,
2011-03-16,10.571484565734863,12.220001220703125,13.32050609588623,,28.788957595825195,53.48985290527344,,
2011-03-17,10.790250778198242,11.981637954711914,13.120014190673828,,28.947551727294922,53.35343933105469,,
2011-03-18,10.678866386413574,12.069038391113281,13.120014190673828,,28.740680694580078,53.29601287841797,,
2011-03-21,10.984939575195312,12.418715476989746,13.504953384399414,,29.4785099029541,54.72462463378906,,
2011-03-22,11.018356323242188,12.610594749450684,13.529010772705078,,29.533674240112305,54.925621032714844,,
2011-03-23,11.185029983520508,12.633159637451172,13.64128589630127,,29.78191375732422,55.5214729309082,,
2011-03-24,11.241922378540039,12.79842472076416,13.825737953186035,,30.0853214263916,56.13167953491211,,
2011-03-25,11.255128860473633,12.803509712219238,13.761579513549805,,30.112899780273438,56.20345687866211,,
2011-03-28,11.205107688903809,12.649052619934082,13.601187705993652,,29.878459930419922,55.650691986083984,,
2011-03-29,11.418537139892578,12.87152099609375,13.68940258026123,,30.147384643554688,56.05270767211914,,
2011-03-30,11.651976585388184,12.990702629089355,13.809698104858398,,30.616283416748047,57.014671325683594,,
2011-03-31,11.7252779006958,13.093989372253418,13.857813835144043,,30.967945098876953,57.682315826416016,,38.29350662231445
2011-04-01,11.832058906555176,13.006669998168945,13.889891624450684,,31.367897033691406,58.1920280456543,,38.82474136352539
2011-04-04,11.932103157043457,13.197280883789062,14.178597450256348,,31.96091651916504,59.44115447998047,,39.6511116027832
2011-04-05,11.91142749786377,13.16550064086914,14.074339866638184,,31.719566345214844,59.3549919128418,,39.415016174316406
2011-04-06,11.899023056030273,13.332353591918945,14.36304759979248,,31.76783561706543,59.426780700683594,,39.61423110961914
2011-04-07,11.798709869384766,13.285476684570312,14.427199363708496,,31.712671279907227,59.376522064208984,,39.54045104980469
2011-04-08,11.758692741394043,13.276735305786133,14.699867248535156,,31.733360290527344,59.62779235839844,,39.6363639831543
2011-04-11,11.668519973754883,13.133718490600586,14.611652374267578,,31.423059463500977,58.92425537109375,,39.053470611572266
2011-04-12,11.431875228881836,13.054265022277832,14.435221672058105,,31.057592391967773,58.22073745727539,,38.78047180175781
2011-04-13,11.64824104309082,13.203639030456543,14.619669914245605,,31.360992431640625,58.93861389160156,,39.17152786254883
2011-04-14,11.64797592163086,13.260844230651855,14.71590805053711,,31.40926170349121,59.383705139160156,,39.28957748413086
2011-04-15,11.645306587219238,13.399889945983887,14.97253131866455,,31.574756622314453,59.65650177001953,,39.562583923339844
2011-04-18,11.325227737426758,13.316461563110352,14.772046089172363,,30.954160690307617,58.694515228271484,,38.94279098510742
2011-04-19,11.365180015563965,13.364134788513184,14.908371925354004,,30.919687271118164,59.04631042480469,,38.88376998901367
2011-04-20,11.600154876708984,13.546876907348633,15.012633323669434,,31.712671279907227,60.1087646484375,,39.577327728271484
2011-04-21,11.671984672546387,13.70578670501709,15.02867317199707,,31.974702835083008,60.38156509399414,,40.02742004394531
2011-04-25,11.605356216430664,13.65017032623291,14.852241516113281,,31.629928588867188,59.94365692138672,,39.61423110961914
2011-04-26,11.68032455444336,13.642224311828613,14.94045352935791,,31.726465225219727,60.06568908691406,,39.6511116027832
2011-04-27,11.645306587219238,13.494039535522461,14.97253131866455,,31.423059463500977,59.57036590576172,,39.03872299194336
2011-04-28,11.501240730285645,13.284680366516113,14.780065536499023,,31.18171501159668,59.003231048583984,,38.846885681152344
2011-04-29,11.719608306884766,13.35523509979248,14.804122924804688,,31.174808502197266,58.9888916015625,,38.94279098510742
2011-05-02,11.662649154663086,13.48204231262207,14.756007194519043,,31.07828712463379,59.01759719848633,,39.11249542236328
2011-05-03,11.378519058227539,13.07015609741211,14.555513381958008,,30.69213104248047,57.87614822387695,,38.10906219482422
2011-05-04,11.18136215209961,12.815902709960938,14.443243980407715,,30.14048957824707,56.85673522949219,,37.68111038208008
2011-05-05,11.125070571899414,12.633159637451172,14.459284782409668,,29.89224624633789,56.4977912902832,,37.5187873840332
2011-05-06,11.161888122558594,12.815902709960938,14.756007194519043,,30.188753128051758,57.16544723510742,,37.64421844482422
2011-05-09,11.35851001739502,13.070075035095215,14.844221115112305,,30.243915557861328,57.466941833496094,,38.0721549987793
2011-05-10,11.472695350646973,13.133718490600586,14.94045352935791,,30.540420532226562,57.969486236572266,,38.22709274291992
2011-05-11,11.218446731567383,12.950972557067871,14.667792320251465,,30.0853214263916,57.17979431152344,,37.52616500854492
2011-05-12,11.191768646240234,12.903302192687988,14.675808906555176,,30.14048957824707,57.194149017333984,,37.61470031738281
2011-05-13,11.107995986938477,12.716904640197754,14.603636741638184,,29.7888126373291,56.53371047973633,,37.44499969482422
2011-05-16,11.03176212310791,12.60932445526123,14.707889556884766,,29.719852447509766,56.31832504272461,,37.57781219482422
2011-05-17,10.951658248901367,12.585487365722656,14.723928451538086,,29.754331588745117,56.51216125488281,,37.415489196777344
2011-05-18,11.085119247436523,12.87946605682373,14.988574028015137,,30.436994552612305,57.567440032958984,,38.389427185058594
2011-05-19,11.085053443908691,12.672886848449707,14.980554580688477,,30.423206329345703,57.61052703857422,,38.190208435058594
2011-05-20,11.004950523376465,12.553706169128418,14.892342567443848,,30.3542423248291,57.1367073059082,,37.97623825073242
2011-05-23,10.718217849731445,12.220001220703125,14.515416145324707,,29.609527587890625,55.772735595703125,,36.95802688598633
2011-05-24,10.731557846069336,12.307317733764648,14.499381065368652,,29.84396743774414,56.05270767211914,,37.275299072265625
2011-05-25,10.822000503540039,12.299452781677246,14.58759593963623,,29.988784790039062,56.339847564697266,,37.52616500854492
2011-05-26,10.865219116210938,12.283565521240234,14.547497749328613,,30.154264450073242,56.64855194091797,,37.548301696777344
2011-05-27,11.028223991394043,12.386852264404297,14.547497749328613,,30.464570999145508,57.158260345458984,,37.8360481262207
2011-05-31,11.398530006408691,12.474251747131348,14.747983932495117,,31.28514289855957,58.17047882080078,,38.677181243896484
2011-06-01,11.218446731567383,12.347126960754395,14.555513381958008,,30.67144775390625,57.29465103149414,,38.11643600463867
2011-06-02,11.197636604309082,12.363017082214355,14.772046089172363,,30.747299194335938,57.71821594238281,,38.241859436035156
2011-06-03,10.964998245239258,12.230327606201172,14.643731117248535,,30.14048957824707,56.60548782348633,,37.59256362915039
2011-06-06,10.798254013061523,12.023906707763672,14.387107849121094,,29.84396743774414,55.91631317138672,,37.34170913696289
2011-06-07,10.971667289733887,12.140545845031738,14.338991165161133,,30.030155181884766,55.80143737792969,,37.570430755615234
2011-06-08,10.730958938598633,11.894161224365234,14.202656745910645,,29.871553421020508,55.363525390625,,36.96540832519531
2011-06-09,10.78244686126709,11.734376907348633,14.242752075195312,,29.919828414916992,55.43532180786133,,37.19414138793945
2011-06-10,10.514925003051758,11.469318389892578,13.769598960876465,,29.181995391845703,54.229270935058594,,36.375144958496094
2011-06-13,10.531464576721191,11.433406829833984,13.681385040283203,,29.388874053955078,54.22209548950195,,36.13166046142578
2011-06-14,10.724889755249023,11.735330581665039,14.018207550048828,,29.74054718017578,55.02614974975586,,36.64076614379883
2011-06-15,10.511459350585938,11.520806312561035,13.769598960876465,,29.19579315185547,54.042625427246094,,35.93982696533203
2011-06-16,10.418082237243652,11.40956974029541,13.721481323242188,,29.016511917114258,53.654972076416016,,35.79964065551758
2011-06-17,10.544737815856934,11.358719825744629,13.68940258026123,,29.016511917114258,53.50215530395508,,35.75536346435547
2011-06-20,10.398138999938965,11.226827621459961,13.713459968566895,,28.926868438720703,53.349361419677734,,35.70371627807617
2011-06-21,10.63818073272705,11.504914283752441,14.066323280334473,,29.37271499633789,54.506282806396484,,36.375144958496094
2011-06-22,10.638781547546387,11.519851684570312,14.018207550048828,,28.818904876708984,53.82959747314453,,36.04710388183594
2011-06-23,10.444761276245117,11.568477630615234,14.042265892028809,,28.93107032775879,54.135189056396484,,35.588138580322266
2011-06-24,10.604766845703125,11.759960174560547,14.146517753601074,,29.190446853637695,54.63724136352539,,36.400733947753906
2011-06-27,10.780379295349121,12.069038391113281,14.242752075195312,,29.688173294067383,55.56132507324219,,37.032745361328125
2011-06-28,10.88496208190918,12.021366119384766,14.547497749328613,,29.863428115844727,56.02701950073242,,37.19073486328125
2011-06-29,10.940984725952148,12.092873573303223,14.53145980834961,,29.758270263671875,56.09248733520508,,37.23588180541992
2011-06-30,11.091720581054688,12.157071113586426,14.723928451538086,,30.10877799987793,56.99476623535156,,37.5970344543457
2011-07-01,11.151750564575195,12.290871620178223,14.924418449401855,,30.354143142700195,57.59868621826172,,38.0936164855957
2011-07-05,11.205107688903809,12.44405746459961,14.980554580688477,,30.122812271118164,57.489532470703125,,38.123687744140625
2011-07-06,11.119067192077637,12.291509628295898,14.964517593383789,,29.737239837646484,56.95110321044922,,37.52931594848633
2011-07-07,11.181095123291016,12.473932266235352,15.036690711975098,,30.00362777709961,57.511348724365234,,38.16884231567383
2011-07-08,11.018356323242188,12.466306686401367,14.691849708557129,,29.632097244262695,56.892887115478516,,37.536827087402344
2011-07-11,10.724889755249023,12.251782417297363,14.371068000793457,,28.938079833984375,55.34305191040039,,36.77692794799805
2011-07-12,10.544805526733398,11.87834644317627,14.226712226867676,,28.664676666259766,54.804595947265625,,36.423301696777344
2011-07-13,10.704876899719238,12.061092376708984,14.435221672058105,,29.09230613708496,55.692317962646484,,37.047786712646484
2011-07-14,10.731489181518555,12.08500862121582,14.298891067504883,,28.88200569152832,55.29939270019531,,36.731781005859375
2011-07-15,10.676398277282715,11.870403289794922,14.53145980834961,,28.973133087158203,55.45947265625,,36.73931121826172
2011-07-18,10.564815521240234,11.7035493850708,14.282849311828613,,28.889007568359375,55.262996673583984,,36.58881759643555
2011-07-19,10.702211380004883,11.687578201293945,14.403143882751465,,29.281578063964844,55.757789611816406,,36.86720275878906
2011-07-20,10.731557846069336,11.814706802368164,14.515416145324707,,29.4007511138916,56.01246643066406,,37.04025650024414
2011-07-21,10.81826400756836,11.830677032470703,14.611652374267578,,29.569002151489258,56.15070724487305,,37.2810173034668
2011-07-22,10.930582046508789,12.021366119384766,14.691849708557129,,29.75126838684082,56.70371627807617,,37.566932678222656
2011-07-25,10.858283996582031,11.735330581665039,14.635713577270508,,29.569002151489258,56.25985336303711,,37.22835159301758
2011-07-26,10.86495304107666,11.743276596069336,14.659771919250488,,29.905485153198242,56.87105941772461,,37.33368682861328
2011-07-27,10.811592102050781,11.61614990234375,14.651748657226562,,29.484880447387695,56.30350875854492,,36.94244384765625
2011-07-28,10.764906883239746,11.655878067016602,14.756007194519043,,29.695173263549805,56.43448257446289,,37.2810173034668
2011-07-29,10.731557846069336,11.489025115966797,14.780065536499023,,29.695173263549805,56.33988571166992,,37.33368682861328
2011-08-01,10.878289222717285,11.361899375915527,14.651748657226562,,29.597034454345703,56.20165252685547,,36.84463119506836
2011-08-02,10.644854545593262,11.044081687927246,14.314929008483887,,28.846952438354492,54.717288970947266,,36.59634017944336
2011-08-03,10.358054161071777,10.948738098144531,14.194640159606934,,28.692729949951172,54.528114318847656,,35.91167449951172
2011-08-04,10.031305313110352,10.567360877990723,13.44079875946045,,27.50800323486328,52.06874084472656,,34.903472900390625
2011-08-05,9.634256362915039,10.305163383483887,13.28842544555664,,27.171510696411133,51.38478469848633,,33.85765075683594
2011-08-08,8.882115364074707,9.502676963806152,12.494487762451172,,25.22968864440918,47.73937225341797,,31.532758712768555
2011-08-09,9.084139823913574,9.963509559631348,13.44079875946045,,26.260189056396484,50.63533020019531,,32.57857131958008
2011-08-10,8.877379417419434,9.439116477966309,12.719036102294922,,24.619796752929688,47.65934753417969,,31.63055992126465
2011-08-11,9.184185981750488,9.502676963806152,13.456836700439453,,25.951732635498047,49.6675910949707,,32.044376373291016
2011-08-12,9.205531120300293,9.468436241149902,13.488916397094727,,25.734420776367188,49.72578811645508,,32.50334548950195
2011-08-15,9.429899215698242,9.788711547851562,13.801675796508789,,26.6948184967041,51.18832015991211,,33.556678771972656
2011-08-16,9.350929260253906,9.979400634765625,13.561090469360352,,26.512548446655273,50.664432525634766,,33.40620040893555
2011-08-17,9.368268966674805,9.939594268798828,13.609208106994629,,26.407398223876953,50.548004150390625,,33.40620040893555
2011-08-18,8.904060363769531,9.486785888671875,12.975662231445312,,25.376909255981445,48.45973205566406,,33.40620040893555
2011-08-19,8.717240333557129,9.135601997375488,12.719036102294922,,25.1525821685791,47.7757682800293,,31.79609489440918
2011-08-22,8.563902854919434,8.81945514678955,12.510528564453125,,25.005361557006836,47.24459457397461,,31.329607009887695
2011-08-23,9.05746078491211,9.113353729248047,12.863388061523438,,26.1550350189209,49.165523529052734,,32.0970458984375
2011-08-24,8.910727500915527,9.121299743652344,12.678938865661621,,25.853593826293945,48.503387451171875,,31.8261775970459
2011-08-25,9.077469825744629,9.018011093139648,12.574681282043457,,25.6783447265625,48.197776794433594,,31.720848083496094
2011-08-26,9.081072807312012,8.914719581604004,12.678938865661621,,25.90966796875,48.56159973144531,,31.939037322998047
2011-08-29,9.490992546081543,9.270671844482422,13.232290267944336,,26.617713928222656,50.133262634277344,,32.7817268371582
2011-08-30,9.537680625915527,9.343771934509277,13.079917907714844,,26.596675872802734,50.35153579711914,,32.99238204956055
2011-08-31,9.664402961730957,9.653641700744629,13.392683029174805,,27.08038330078125,51.47209930419922,,33.57172393798828
2011-09-01,9.605977058410645,9.7330961227417,13.424757957458496,,26.701831817626953,50.839054107666016,,33.5190544128418
2011-09-02,9.237543106079102,9.399389266967773,13.200210571289062,,26.021839141845703,49.762168884277344,,32.6538200378418
2011-09-06,9.114087104797363,8.83526611328125,12.879424095153809,,26.056888580322266,49.245567321777344,,32.16476058959961
2011-09-07,9.340256690979004,9.002119064331055,13.200210571289062,,26.533580780029297,50.35153579711914,,32.16476058959961
2011-09-08,9.2095308303833,8.874993324279785,12.975662231445312,,25.902664184570312,49.33287811279297,,32.16476058959961
2011-09-09,8.877379417419434,8.509507179260254,12.63884162902832,,25.201648712158203,47.98677062988281,,31.419897079467773
2011-09-12,8.842963218688965,8.16793441772461,12.646860122680664,,25.089481353759766,47.8121452331543,,31.006071090698242
2011-09-13,8.790672302246094,8.334707260131836,12.694978713989258,,25.1525821685791,47.85579299926758,,31.043703079223633
2011-09-14,8.904060363769531,8.128128051757812,12.606762886047363,,25.215665817260742,47.790306091308594,,31.0211238861084
2011-09-15,8.85670280456543,8.159910202026367,12.719036102294922,,25.489065170288086,48.05952835083008,,31.261886596679688
2011-09-16,8.924066543579102,8.27114486694336,12.767151832580566,,25.67133331298828,48.30693054199219,,31.442474365234375
2011-09-19,8.676621437072754,7.8579864501953125,12.470427513122559,,24.823095321655273,46.938995361328125,,30.539588928222656
2011-09-20,8.495206832885742,7.738883018493652,12.18172550201416,,24.68990135192871,46.16043472290039,,30.449310302734375
2011-09-21,8.30378532409668,7.532221794128418,11.7647066116333,,23.603321075439453,44.457801818847656,,29.77967643737793
2011-09-22,7.674164772033691,7.055501461029053,10.954729080200195,,22.1031436920166,41.57640838623047,,27.33440399169922
2011-09-23,7.970299243927002,7.357426643371582,11.211358070373535,,22.621898651123047,42.58053970336914,,27.838491439819336
2011-09-26,8.010315895080566,7.031665325164795,10.930671691894531,,22.523757934570312,42.39862823486328,,27.462305068969727
2011-09-27,8.357142448425293,7.599280834197998,11.403828620910645,,23.666418075561523,44.057613372802734,,28.77146339416504
2011-09-28,8.243755340576172,7.611676216125488,11.042947769165039,,22.7761173248291,42.87885284423828,,28.387754440307617
2011-09-29,8.330465316772461,7.54811429977417,11.002848625183105,,23.0705509185791,43.060768127441406,,28.297462463378906
2011-09-30,7.870452404022217,7.031665325164795,10.176831245422363,,21.612428665161133,40.60867691040039,,27.168872833251953
2011-10-03,7.636813640594482,6.729739665985107,9.807931900024414,,20.85532569885254,39.16797637939453,,26.220861434936523
2011-10-04,7.363356113433838,6.50726842880249,9.896145820617676,,20.88336944580078,39.55360412597656,,25.159990310668945
2011-10-05,7.896933078765869,6.778047561645508,10.281084060668945,,21.731603622436523,41.161659240722656,,26.709917068481445
2011-10-06,7.923611164093018,6.976046085357666,10.826416969299316,,22.040048599243164,42.173065185546875,,27.24411964416504
2011-10-07,8.13037109375,7.142899990081787,10.850476264953613,,21.759645462036133,41.874732971191406,,27.402114868164062
2011-10-10,8.210409164428711,7.3665642738342285,11.46798324584961,,22.916324615478516,43.75199890136719,,28.63603973388672
2011-10-11,8.26376724243164,7.487333297729492,11.636396408081055,,23.414051055908203,44.334102630615234,,29.24547576904297
2011-10-12,8.59725284576416,8.151963233947754,12.085488319396973,,24.339399337768555,46.0367431640625,,30.404157638549805
2011-10-13,8.370482444763184,8.437997817993164,11.965195655822754,,24.051977157592773,45.89122009277344,,29.877485275268555
2011-10-14,8.417169570922852,8.422107696533203,11.89301872253418,,24.30434226989746,46.349632263183594,,30.238630294799805
2011-10-17,8.44384765625,8.279088973999023,11.604316711425781,,23.533222198486328,45.149044036865234,,29.621671676635742
2011-10-18,8.54389476776123,8.008947372436523,11.50808048248291,,23.932802200317383,45.46192169189453,,28.67365264892578
2011-10-19,8.397161483764648,7.865929126739502,11.219376564025879,,23.217761993408203,44.16674041748047,,29.433576583862305
2011-10-20,8.242156982421875,7.595788478851318,10.994831085205078,,22.83220672607422,43.37363815307617,,28.07927131652832
2011-10-21,8.297113418579102,7.795217514038086,11.32363224029541,,23.45610809326172,44.47963333129883,,28.07927131652832
2011-10-24,8.804012298583984,8.271225929260254,11.89301872253418,,24.731966018676758,46.67705535888672,,30.71263313293457
2011-10-25,8.712503433227539,8.144018173217773,11.50808048248291,,24.34640121459961,45.80390548706055,,30.374069213867188
2011-10-26,8.916731834411621,8.698366165161133,11.87697982788086,,25.32783317565918,47.215492248535156,,30.637405395507812
2011-10-27,9.537680625915527,9.566242218017578,12.646860122680664,,26.785947799682617,50.3151741027832,,32.9246711730957
2011-10-28,9.36586856842041,9.411147117614746,12.494487762451172,,26.491527557373047,49.92952346801758,,32.864479064941406
2011-10-31,8.984094619750977,8.874993324279785,11.90103816986084,,25.278759002685547,47.550201416015625,,31.48006820678711
2011-11-01,8.89738941192627,8.803484916687012,11.74866771697998,,24.89320182800293,46.90989303588867,,30.960933685302734
2011-11-02,9.070801734924316,9.32787799835205,12.133606910705566,,26.246164321899414,48.939964294433594,,32.14971160888672
2011-11-03,9.044187545776367,9.486785888671875,12.269941329956055,,26.687808990478516,49.769447326660156,,32.67638397216797
2011-11-04,9.064130783081055,9.343690872192383,12.013312339782715,,26.44244956970215,49.02727508544922,,31.90894317626953
2011-11-07,9.117488861083984,9.45500659942627,12.285977363586426,,26.785947799682617,49.645751953125,,32.80428695678711
2011-11-08,9.264222145080566,9.29450798034668,12.293998718261719,,27.30470848083496,49.99501419067383,,32.41304397583008
2011-11-09,8.920734405517578,8.882938385009766,11.53214168548584,,25.8255558013916,47.1500129699707,,31.171598434448242
2011-11-10,9.009504318237305,8.803484916687012,11.684510231018066,,25.93070411682129,47.64479064941406,,31.57037353515625
2011-11-11,9.244746208190918,8.994174003601074,11.780744552612305,,26.4985294342041,48.386959075927734,,31.81113624572754
2011-11-14,9.152503967285156,9.018011093139648,11.716588020324707,,26.1550350189209,47.9795036315918,,31.419897079467773
2011-11-15,9.350929260253906,9.065682411193848,11.87697982788086,,26.491527557373047,48.56159973144531,,32.082000732421875
2011-11-16,9.078804969787598,8.819377899169922,11.548177719116211,,25.369890213012695,46.829864501953125,,31.30703353881836
2011-11-17,8.944143295288086,8.461831092834473,11.211358070373535,,24.731966018676758,45.5710563659668,,30.043020248413086
2011-11-18,8.870708465576172,8.533342361450195,11.171258926391602,,24.76000213623047,45.6292724609375,,30.201017379760742
2011-11-21,8.489870071411133,8.01689338684082,10.682065963745117,,24.002901077270508,44.25406265258789,,29.3884334564209
2011-11-22,8.477197647094727,8.27114486694336,10.746220588684082,,24.058979034423828,44.42869567871094,,29.140146255493164
2011-11-23,8.437179565429688,7.905655384063721,10.537713050842285,,23.4000301361084,43.3518180847168,,28.79404067993164
2011-11-25,8.45718765258789,7.881899833679199,10.505635261535645,,23.364978790283203,43.511878967285156,,28.906904220581055
2011-11-28,8.74398422241211,8.183744430541992,10.994831085205078,,24.262283325195312,45.06172561645508,,29.553956985473633
2011-11-29,8.68395709991455,8.241350173950195,11.026906967163086,,24.037954330444336,44.9453010559082,,29.869962692260742
2011-11-30,9.204195976257324,8.644577980041504,11.756686210632324,,25.39092254638672,47.74666213989258,,31.37474822998047
2011-12-01,9.110819816589355,8.85910415649414,11.628373146057129,,25.67133331298828,47.69573211669922,,31.487607955932617
2011-12-02,8.985427856445312,8.843213081359863,11.564217567443848,,25.517112731933594,47.33918380737305,,31.487607955932617
2011-12-05,9.137497901916504,8.7478666305542,11.668471336364746,,25.846580505371094,47.921287536621094,,31.4349422454834
2011-12-06,8.957416534423828,8.636632919311523,11.492040634155273,,25.6292724609375,47.35374450683594,,31.525230407714844
2011-12-07,8.89738941192627,8.668413162231445,11.580257415771484,,25.811532974243164,47.50654220581055,,31.30703353881836
2011-12-08,8.670619010925293,8.716084480285645,11.139182090759277,,25.026391983032227,46.073116302490234,,30.56216812133789
2011-12-09,8.930335998535156,8.660467147827148,11.403828620910645,,25.44700050354004,46.9608268737793,,30.99102020263672
2011-12-12,8.54389476776123,8.159910202026367,11.026906967163086,,24.493616104125977,45.2800178527832,,29.79472541809082
2011-12-13,8.670619010925293,8.104211807250977,10.954729080200195,,24.353416442871094,44.91619110107422,,29.7194881439209
2011-12-14,8.44384765625,8.008947372436523,10.770278930664062,,24.10104751586914,44.457801818847656,,29.478727340698242
2011-12-15,8.430508613586426,7.961276054382324,10.754240036010742,,23.897750854492188,44.26861572265625,,29.456153869628906
2011-12-16,8.470527648925781,8.159910202026367,10.86651611328125,,24.206195831298828,45.02178955078125,,29.772159576416016
2011-12-19,8.382487297058105,7.961352825164795,10.67404556274414,,23.615291595458984,43.88106918334961,,29.441099166870117
2011-12-20,8.619927406311035,8.302926063537598,11.01888656616211,,24.620044708251953,45.7383918762207,,30.26697540283203
2011-12-21,8.603919982910156,8.128128051757812,11.058984756469727,,24.423311233520508,45.37276840209961,,30.13875961303711
2011-12-22,8.697295188903809,8.302926063537598,11.211358070373535,,24.809757232666016,46.08206558227539,,30.515867233276367
2011-12-23,8.863506317138672,8.334707260131836,11.26749324798584,,24.809757232666016,46.206363677978516,,30.681793212890625
2011-12-27,8.857368469238281,8.302926063537598,11.187298774719238,,24.718420028686523,46.13325119018555,,30.319766998291016
2011-12-28,8.557500839233398,8.080455780029297,10.990832328796387,,24.261701583862305,45.3581428527832,,29.972827911376953
2011-12-29,8.629932403564453,8.132892608642578,11.063297271728516,,24.48654556274414,45.504398345947266,,30.108592987060547
2011-12-30,8.677289962768555,8.167852401733398,11.039140701293945,,24.500598907470703,45.555580139160156,,30.342409133911133
2012-01-03,8.909392356872559,8.36648941040039,11.361217498779297,,25.280517578125,46.95222473144531,,30.96086311340332
2012-01-04,8.864041328430176,8.223549842834473,11.240440368652344,,24.908124923706055,46.46230697631836,,30.96086311340332
2012-01-05,8.95074462890625,8.159910202026367,11.192129135131836,,25.07676124572754,46.59392166137695,,31.006120681762695
2012-01-06,8.83342456817627,7.961831092834473,10.982781410217285,,24.711383819580078,45.9577522277832,,30.28961181640625
2012-01-09,9.023711204528809,8.191689491271973,11.111610412597656,,25.23835563659668,46.65974044799805,,30.787376403808594
2012-01-10,9.150838851928711,8.41098403930664,11.449789047241211,,25.807485580444336,47.84433364868164,,31.669830322265625
2012-01-11,9.284232139587402,8.41416072845459,11.554463386535645,,25.814510345458984,47.98326873779297,,31.707538604736328
2012-01-12,9.244214057922363,8.515861511230469,11.707452774047852,,25.884777069091797,48.32693862915039,,31.579320907592773
2012-01-13,9.25755500793457,8.450708389282227,11.57056713104248,,25.814510345458984,48.107574462890625,,31.526527404785156
2012-01-17,9.397616386413574,8.771703720092773,11.659137725830078,,26.43282699584961,48.897300720214844,,32.2430419921875
2012-01-18,9.497662544250488,8.898829460144043,11.828227996826172,,26.92466163635254,49.921024322509766,,32.79362106323242
2012-01-19,9.517671585083008,9.137190818786621,11.989267349243164,,27.12139320373535,50.15500259399414,,33.276329040527344
2012-01-20,9.410954475402832,9.184864044189453,11.957059860229492,,27.17058753967285,50.15500259399414,,33.20844650268555
2012-01-23,9.42496109008789,9.28807544708252,12.069784164428711,,27.28300666809082,50.50600814819336,,33.593101501464844
2012-01-24,9.484322547912598,9.287517547607422,12.061734199523926,,27.381376266479492,50.5133171081543,,33.5101318359375
2012-01-25,9.47098445892334,9.375631332397461,12.166407585144043,,27.690521240234375,51.229915618896484,,33.73640060424805
2012-01-26,9.424294471740723,9.52651309967041,12.029524803161621,,27.528926849365234,50.908180236816406,,33.63834762573242
2012-01-27,9.537680625915527,9.613913536071777,11.997320175170898,,27.824020385742188,51.3322868347168,,34.02301788330078
2012-01-30,9.357596397399902,9.315168380737305,11.723555564880371,,27.030065536499023,50.0745735168457,,33.09531021118164
2012-01-31,9.47098445892334,9.164207458496094,11.747708320617676,,27.28300666809082,50.345130920410156,,33.32157897949219
2012-02-01,9.67774486541748,9.359662055969238,11.973163604736328,,27.697551727294922,51.15678787231445,,33.92495346069336
2012-02-02,9.70175552368164,9.645617485046387,12.053681373596191,,28.05589485168457,51.63941955566406,,34.11351013183594
2012-02-03,9.847153663635254,9.884054183959961,12.271082878112793,,28.449363708496094,52.50226593017578,,34.656551361083984
2012-02-06,9.791128158569336,9.872220039367676,12.23082160949707,,28.013731002807617,51.85877227783203,,34.17384338378906
2012-02-07,9.858559608459473,9.931730270385742,12.182513236999512,,27.908334732055664,51.63208770751953,,34.16630935668945
2012-02-08,10.091265678405762,10.282045364379883,12.528742790222168,,28.38613510131836,52.82398986816406,,34.92807388305664
2012-02-09,10.183710098266602,10.438486099243164,12.577054023742676,,28.168310165405273,52.809364318847656,,34.89790344238281
2012-02-10,9.984552383422852,10.074747085571289,12.246926307678223,,27.353267669677734,51.58091354370117,,33.781654357910156
2012-02-13,9.951201438903809,10.136322975158691,12.23082160949707,,27.697551727294922,51.99039077758789,,34.3246955871582
2012-02-14,9.897843360900879,9.987346649169922,12.174459457397461,,27.67647933959961,51.953834533691406,,34.083351135253906
2012-02-15,10.029905319213867,10.328999519348145,12.206665992736816,,27.971574783325195,52.65583038330078,,34.679176330566406
2012-02-16,10.02790355682373,10.348860740661621,12.416016578674316,,28.322900772094727,53.3504753112793,,35.10907745361328
2012-02-17,10.087797164916992,10.392562866210938,12.343549728393555,,28.287755966186523,53.24810791015625,,35.154327392578125
2012-02-21,9.904513359069824,10.42434310913086,12.238874435424805,,28.05589485168457,52.75086975097656,,34.89036560058594
2012-02-22,9.884504318237305,10.52127742767334,12.29523754119873,,28.32990837097168,53.321231842041016,,35.25993728637695
2012-02-23,9.871164321899414,10.392562866210938,12.279132843017578,,28.203453063964844,53.10916519165039,,35.10154342651367
2012-02-24,9.85782527923584,10.5990629196167,12.33549690246582,,28.21750259399414,53.26273727416992,,35.30518341064453
2012-02-27,9.719630241394043,10.448260307312012,12.23082160949707,,27.901315689086914,52.765499114990234,,34.965782165527344
2012-02-28,9.764450073242188,10.519685745239258,12.416016578674316,,28.308839797973633,53.52595901489258,,35.35042953491211
2012-02-29,9.951201438903809,10.51174259185791,12.496536254882812,,28.308839797973633,53.365116119384766,,35.2373046875
2012-03-01,9.844487190246582,10.442776679992676,12.585105895996094,,28.32990837097168,53.51866912841797,,35.34290313720703
2012-03-02,9.857426643371582,10.503796577453613,12.705883026123047,,28.294784545898438,53.569847106933594,,35.25993728637695
2012-03-05,9.604376792907715,10.225708961486816,12.593155860900879,,27.521888732910156,52.443756103515625,,34.52079391479492
2012-03-06,9.344257354736328,9.538432121276855,12.037577629089355,,26.524171829223633,50.50600814819336,,33.21598815917969
2012-03-07,9.450974464416504,9.757010459899902,12.351603507995605,,26.643606185913086,51.04711151123047,,33.449798583984375
2012-03-08,9.544350624084473,9.947619438171387,12.641469955444336,,27.268951416015625,52.034278869628906,,34.27189254760742
2012-03-09,9.804468154907227,10.10653018951416,12.721988677978516,,27.42353057861328,52.55344009399414,,34.67163848876953
2012-03-12,9.657733917236328,9.915840148925781,12.738089561462402,,27.28300666809082,52.17319869995117,,34.385040283203125
2012-03-13,9.764450073242188,9.931730270385742,13.05211353302002,,28.076969146728516,53.54792404174805,,35.3127326965332
2012-03-14,9.61104679107666,9.765671730041504,12.81055736541748,,27.17058753967285,52.20977783203125,,34.392578125
2012-03-15,9.68441390991211,9.722765922546387,12.883024215698242,,27.304086685180664,52.35600662231445,,34.64146423339844
2012-03-16,9.667805671691895,9.764875411987305,12.9393892288208,,27.23381805419922,52.41451644897461,,34.63393020629883
2012-03-19,9.57769775390625,9.541770935058594,12.641469955444336,,26.678754806518555,51.66135025024414,,33.970211029052734
2012-03-20,9.41102123260498,9.201388359069824,12.391860008239746,,26.186901092529297,50.520626068115234,,33.306488037109375
2012-03-21,9.310376167297363,9.137190818786621,12.303289413452148,,26.29229736328125,50.65224838256836,,33.28386688232422
2012-03-22,9.190788269042969,9.04979133605957,12.198613166809082,,25.91990852355957,50.081886291503906,,32.90675735473633
2012-03-23,9.217533111572266,9.113353729248047,12.246926307678223,,25.94097900390625,50.16962814331055,,33.04251480102539
2012-03-26,9.370936393737793,9.097464561462402,12.279132843017578,,26.215009689331055,50.81311798095703,,33.359275817871094
2012-03-27,9.33118724822998,9.32787799835205,12.182513236999512,,26.172855377197266,50.71806335449219,,33.359275817871094
2012-03-28,9.077469825744629,9.057815551757812,11.949007987976074,,25.78641128540039,49.99413299560547,,32.8464241027832
2012-03-29,8.877379417419434,9.065682411193848,11.779915809631348,,25.505355834960938,49.54808807373047,,32.40896987915039
2012-03-30,9.044123649597168,9.216646194458008,11.997320175170898,,25.76533317565918,49.99413299560547,,32.823795318603516
2012-04-02,9.12415885925293,9.41528034210205,12.158355712890625,,26.06043243408203,50.71806335449219,,33.26123809814453
2012-04-03,9.09080982208252,9.62186050415039,12.037577629089355,,26.13772201538086,50.798492431640625,,33.276329040527344
2012-04-04,8.91759967803955,9.447060585021973,11.957059860229492,,25.737224578857422,50.081886291503906,,32.91429901123047
2012-04-05,9.070801734924316,9.606048583984375,12.134201049804688,,25.99720001220703,50.76191329956055,,33.457340240478516
2012-04-09,8.904060363769531,9.439116477966309,11.957059860229492,,25.54049301147461,49.942962646484375,,32.86903762817383
2012-04-10,8.750653266906738,9.16038990020752,11.651086807250977,,25.118911743164062,49.05085372924805,,32.288299560546875
2012-04-11,8.850700378417969,9.280287742614746,11.739657402038574,,25.414018630981445,49.6870231628418,,32.6654052734375
2012-04-12,9.037452697753906,9.74104118347168,12.198613166809082,,26.31338119506836,51.5004768371582,,33.78920364379883
2012-04-13,9.037452697753906,9.582133293151855,12.077837944030762,,26.29229736328125,51.01054763793945,,33.525211334228516
2012-04-16,8.857368469238281,9.400184631347656,11.98121452331543,,26.053407669067383,50.63762283325195,,33.178279876708984
2012-04-17,8.997434616088867,9.550272941589355,12.077837944030762,,26.3485107421875,51.18603515625,,33.713775634765625
2012-04-18,9.064130783081055,9.574188232421875,12.077837944030762,,26.376617431640625,51.171417236328125,,33.68360900878906
2012-04-19,9.157506942749023,9.415200233459473,12.053681373596191,,26.538217544555664,50.98862075805664,,33.5478515625
2012-04-20,9.217533111572266,9.62186050415039,12.118096351623535,,26.6998233795166,51.50779342651367,,33.92495346069336
2012-04-23,8.857368469238281,9.367766380310059,11.92485237121582,,25.99720001220703,50.39631652832031,,33.155643463134766
2012-04-24,8.850700378417969,9.359662055969238,11.908747673034668,,26.13068962097168,50.47674560546875,,33.22353744506836
2012-04-25,8.984094619750977,9.5503511428833,12.029524803161621,,26.369583129882812,50.71074295043945,,33.449798583984375
2012-04-26,9.037452697753906,9.558297157287598,12.077837944030762,,26.51713752746582,51.1129264831543,,33.90232467651367
2012-04-27,9.157506942749023,9.53446102142334,12.214719772338867,,26.608476638793945,51.31767272949219,,33.947574615478516
2012-04-30,9.204195976257324,9.62186050415039,12.142253875732422,,26.6506404876709,51.23722839355469,,33.826904296875
2012-05-01,9.244214057922363,9.669529914855957,12.31134033203125,,26.945737838745117,51.683284759521484,,34.22663879394531
2012-05-02,9.19752311706543,9.62186050415039,12.214719772338867,,26.917638778686523,51.64671325683594,,34.22663879394531
2012-05-03,9.164175987243652,9.518569946289062,12.10198974609375,,26.643606185913086,51.23722839355469,,34.045631408691406
2012-05-04,8.945009231567383,9.375554084777832,11.997320175170898,,26.257171630859375,50.418243408203125,,33.53276443481445
2012-05-07,8.877379417419434,9.208701133728027,11.932904243469238,,26.123674392700195,50.257389068603516,,33.24616241455078
2012-05-08,8.647943496704102,8.914719581604004,11.92485237121582,,25.596698760986328,49.357967376708984,,32.67294692993164
2012-05-09,8.630600929260254,8.867047309875488,11.739657402038574,,25.245386123657227,48.65599822998047,,32.37125778198242
2012-05-10,8.643939971923828,8.692248344421387,11.63498306274414,,25.161075592041016,48.40736770629883,,32.12236022949219
2012-05-11,8.503877639770508,8.581015586853027,11.578619003295898,,24.823816299438477,47.8955192565918,,31.918718338012695
2012-05-14,8.337132453918457,8.334707260131836,11.320959091186523,,24.40926170349121,47.04729080200195,,31.194664001464844
2012-05-15,8.290444374084473,8.36648941040039,11.248492240905762,,24.395212173461914,46.988800048828125,,31.08907699584961
2012-05-16,8.090354919433594,8.223472595214844,10.950572967529297,,23.84013557434082,45.935821533203125,,30.523412704467773
2012-05-17,8.223748207092285,8.112236976623535,10.966675758361816,,23.3201904296875,45.255775451660156,,30.048248291015625
2012-05-18,8.003646850585938,8.056620597839355,10.781482696533203,,23.186691284179688,44.904788970947266,,29.889862060546875
2012-05-21,8.103693008422852,8.33478832244873,11.063297271728516,,23.79094886779785,46.089378356933594,,30.463071823120117
2012-05-22,8.170390129089355,8.477724075317383,10.998883247375488,,23.629343032836914,45.89926528930664,,30.43290138244629
2012-05-23,7.9436211585998535,8.358543395996094,10.88615608215332,,23.36234474182129,45.51171112060547,,30.206640243530273
2012-05-24,8.003646850585938,8.374434471130371,10.709014892578125,,23.004005432128906,44.992530822753906,,29.874784469604492
2012-05-25,7.950289249420166,8.388734817504883,10.660704612731934,,22.891590118408203,44.88285446166992,,29.739015579223633
2012-05-29,8.257096290588379,8.843213081359863,11.01498794555664,,23.80499839782715,46.58661651611328,,30.74968719482422
2012-05-30,8.157051086425781,8.66849422454834,10.853949546813965,,23.390451431274414,45.81150817871094,,30.402740478515625
2012-05-31,8.177062034606934,8.803484916687012,10.84589672088623,,23.530975341796875,46.001625061035156,,30.62145233154297
2012-06-01,8.137040138244629,8.437997817993164,10.580184936523438,,22.9688720703125,44.84627914428711,,29.920034408569336
2012-06-04,8.010315895080566,8.302926063537598,10.507718086242676,,22.898611068725586,44.86090850830078,,29.769193649291992
2012-06-05,7.890262603759766,8.382378578186035,10.53187370300293,,22.919687271118164,44.93403625488281,,29.78427505493164
2012-06-06,8.089619636535645,8.398268699645996,10.789533615112305,,23.530975341796875,46.1844367980957,,30.553569793701172
2012-06-07,8.190732955932617,8.572988510131836,10.974725723266602,,23.72771644592285,46.798675537109375,,30.91560173034668
2012-06-08,8.124368667602539,8.43005084991455,10.829793930053711,,23.053192138671875,45.87732696533203,,30.282060623168945
2012-06-11,8.297113418579102,8.430130958557129,10.725118637084961,,23.039138793945312,45.62870407104492,,30.251893997192383
2012-06-12,8.190399169921875,8.577042579650879,10.853949546813965,,23.55205535888672,46.61586380004883,,30.953317642211914
2012-06-13,8.383821487426758,8.612876892089844,10.765378952026367,,23.657445907592773,46.58661651611328,,30.84018325805664
2012-06-14,8.356341361999512,8.509507179260254,10.765378952026367,,23.706632614135742,46.703609466552734,,30.975940704345703
2012-06-15,8.490470886230469,8.596903800964355,10.837845802307129,,24.2125244140625,47.51552200317383,,31.413387298583984
2012-06-18,8.503877639770508,8.636632919311523,10.862001419067383,,24.28981590270996,47.85816192626953,,31.684907913208008
2012-06-19,8.630600929260254,8.716084480285645,10.990832328796387,,24.521682739257812,48.37957000732422,,32.04693603515625
2012-06-20,8.590581893920898,8.755814552307129,10.958623886108398,,24.44318199157715,47.96244430541992,,31.843305587768555
2012-06-21,8.197068214416504,8.390325546264648,10.556028366088867,,23.420513153076172,45.9214973449707,,30.496198654174805
2012-06-22,8.150381088256836,8.422027587890625,10.572132110595703,,23.427711486816406,46.09281539916992,,30.596223831176758
2012-06-25,8.197068214416504,8.191689491271973,10.346680641174316,,22.923580169677734,45.16171646118164,,29.926902770996094
2012-06-26,8.210409164428711,8.215527534484863,10.386937141418457,,23.18284797668457,45.5565071105957,,30.196165084838867
2012-06-27,8.237088203430176,8.28703498840332,10.507718086242676,,23.49973487854004,46.3162841796875,,30.734699249267578
2012-06-28,8.18372917175293,8.08840274810791,10.386937141418457,,23.398908615112305,45.83210754394531,,30.388498306274414
2012-06-29,8.423104286193848,8.263197898864746,10.644600868225098,,24.248729705810547,47.4484977722168,,31.47325897216797
2012-07-02,8.390491485595703,8.326762199401855,10.620443344116211,,24.234331130981445,47.31440734863281,,31.511714935302734
2012-07-03,8.505074501037598,8.358464241027832,10.749274253845215,,24.63042449951172,47.887962341308594,,31.99639320373535
2012-07-05,8.463924407958984,8.382378578186035,10.781482696533203,,24.55120849609375,47.86561965942383,,31.8271427154541
2012-07-06,8.53055477142334,8.43005084991455,10.80563735961914,,24.090288162231445,47.23991775512695,,31.31938934326172
2012-07-09,8.377152442932129,8.159910202026367,10.709014892578125,,23.802209854125977,46.65147399902344,,30.911636352539062
2012-07-10,8.337132453918457,8.040728569030762,10.451355934143066,,23.355697631835938,45.9363899230957,,30.411584854125977
2012-07-11,8.297113418579102,8.120500564575195,10.507718086242676,,23.542945861816406,46.24179458618164,,30.665462493896484
2012-07-12,8.223748207092285,8.072509765625,10.378888130187988,,23.1108341217041,45.45222091674805,,30.226940155029297
2012-07-13,8.30378532409668,8.113666534423828,10.43525218963623,,23.46372413635254,46.070472717285156,,30.611610412597656
2012-07-16,8.270434379577637,7.993055820465088,10.30642032623291,,23.37730598449707,45.81721115112305,,30.55775260925293
2012-07-17,8.423840522766113,8.008947372436523,10.185641288757324,,23.903039932250977,46.420555114746094,,31.096288681030273
2012-07-18,8.344802856445312,8.032780647277832,10.024604797363281,,23.74460220336914,46.040672302246094,,30.8577938079834
2012-07-19,8.44384765625,8.001002311706543,10.064864158630371,,24.277536392211914,46.68870544433594,,31.234758377075195
2012-07-20,8.277106285095215,7.9294915199279785,9.903827667236328,,23.95345115661621,45.958736419677734,,30.68853759765625
2012-07-23,8.223748207092285,7.701699256896973,9.783048629760742,,23.47812843322754,45.16171646118164,,30.303869247436523
2012-07-24,8.117033004760742,7.738802433013916,9.678372383117676,,23.391704559326172,45.2213134765625,,30.126924514770508
2012-07-25,8.043730735778809,7.707022190093994,9.557595252990723,,23.535743713378906,45.08722686767578,,30.026920318603516
2012-07-26,8.310454368591309,7.678020000457764,9.734737396240234,,23.939044952392578,45.90658950805664,,30.60390281677246
2012-07-27,8.463858604431152,7.754694938659668,9.919928550720215,,24.572811126708984,47.22502899169922,,31.442480087280273
2012-07-30,8.410500526428223,7.7891764640808105,9.927983283996582,,24.529605865478516,46.83024597167969,,31.165515899658203
2012-07-31,8.437179565429688,7.778927803039551,9.952139854431152,,24.637630462646484,46.93451690673828,,31.350156784057617
2012-08-01,8.423840522766113,7.9457807540893555,9.903827667236328,,24.702449798583984,47.12818908691406,,31.48094940185547
2012-08-02,8.397161483764648,7.865929126739502,9.87161922454834,,24.457584381103516,46.57698440551758,,31.12706184387207
2012-08-03,8.617260932922363,8.040728569030762,10.05681324005127,,25.06254005432129,47.53785705566406,,31.873308181762695
2012-08-06,8.610591888427734,8.072509765625,10.209796905517578,,25.199386596679688,47.98478698730469,,32.011775970458984
2012-08-07,8.537222862243652,8.159910202026367,10.354731559753418,,25.34341049194336,48.37957000732422,,32.21950149536133
2012-08-08,8.544227600097656,8.144018173217773,10.274212837219238,,25.386625289916992,48.305084228515625,,32.1348762512207
2012-08-09,8.643939971923828,8.223472595214844,10.290316581726074,,25.415430068969727,48.49877166748047,,32.29643630981445
2012-08-10,8.590581893920898,8.199636459350586,10.354731559753418,,25.372222900390625,48.50620651245117,,32.234893798828125
2012-08-13,8.523885726928711,8.08840274810791,10.314472198486328,,25.148962020874023,48.13377380371094,,31.95793914794922
2012-08-14,8.583911895751953,8.056620597839355,10.290316581726074,,25.35062026977539,48.31998825073242,,31.981014251708984
2012-08-15,8.610591888427734,7.961276054382324,10.185641288757324,,25.15616798400879,48.11141586303711,,31.934850692749023
2012-08-16,8.563902854919434,7.969218730926514,10.185641288757324,,24.932907104492188,47.96990203857422,,31.8271427154541
2012-08-17,8.630534172058105,8.056620597839355,10.233953475952148,,24.846481323242188,47.94755554199219,,31.85791015625
2012-08-20,8.514948844909668,8.056620597839355,10.330577850341797,,24.817670822143555,47.94010925292969,,31.8502254486084
2012-08-21,8.57497501373291,8.1201810836792,10.394989967346191,,24.69524383544922,47.68683624267578,,31.742511749267578
2012-08-22,8.44784927368164,8.056620597839355,10.330577850341797,,24.688047409057617,47.4782829284668,,31.650196075439453
2012-08-23,8.403830528259277,8.040728569030762,10.394989967346191,,24.63042449951172,47.18777847290039,,31.565574645996094
2012-08-24,8.377152442932129,7.890718936920166,10.378888130187988,,24.49359130859375,47.1430778503418,,31.427093505859375
2012-08-27,8.417169570922852,7.8103108406066895,10.185641288757324,,24.133495330810547,46.524845123291016,,31.065521240234375
2012-08-28,8.347737312316895,7.786476135253906,10.193694114685059,,24.205514907836914,46.64401626586914,,31.01935386657715
2012-08-29,8.397161483764648,7.62836217880249,10.193694114685059,,24.126296997070312,46.3907585144043,,30.957801818847656
2012-08-30,8.32379150390625,7.54811429977417,10.05681324005127,,23.73019027709961,45.712928771972656,,30.450044631958008
2012-08-31,8.357142448425293,7.540168762207031,10.177591323852539,,23.816614151000977,45.958736419677734,,30.58083152770996
2012-09-04,8.32379150390625,7.37331485748291,10.016552925109863,,23.37730598449707,45.37773513793945,,30.28078842163086
2012-09-05,8.157051086425781,7.341534614562988,9.927983283996582,,23.16844367980957,45.03509521484375,,29.942279815673828
2012-09-06,8.290444374084473,7.6118364334106445,10.169537544250488,,23.57175064086914,45.9661865234375,,30.588523864746094
2012-09-07,8.45718765258789,7.937356948852539,10.43525218963623,,24.241527557373047,46.96431350708008,,31.32707977294922
2012-09-10,8.483866691589355,8.008947372436523,10.386937141418457,,23.80941390991211,46.3684196472168,,30.973196029663086
2012-09-11,8.523885726928711,7.985111236572266,10.459405899047852,,24.054279327392578,46.93451690673828,,31.242454528808594
2012-09-12,8.557233810424805,8.025789260864258,10.547978401184082,,24.32794761657715,47.165428161621094,,31.51942253112793
2012-09-13,8.804012298583984,8.309518814086914,10.709014892578125,,24.904094696044922,48.200801849365234,,32.28873825073242
2012-09-14,8.837359428405762,8.318816184997559,10.749274253845215,,25.34341049194336,48.826507568359375,,32.704185485839844
2012-09-17,8.857368469238281,8.27114486694336,10.644600868225098,,25.019332885742188,48.23060607910156,,32.28873825073242
2012-09-18,8.657279014587402,8.080455780029297,10.596288681030273,,24.860885620117188,48.074188232421875,,32.16565704345703
2012-09-19,8.797342300415039,8.2949800491333,10.644600868225098,,25.264192581176758,48.80414962768555,,32.504150390625
2012-09-20,8.610591888427734,8.104290962219238,10.588237762451172,,24.860885620117188,48.1710205078125,,32.1118049621582
2012-09-21,8.710637092590332,8.191689491271973,10.71706771850586,,25.019332885742188,48.37212371826172,,32.33490753173828
2012-09-24,8.743919372558594,8.175799369812012,10.636548042297363,,24.954513549804688,48.43916702270508,,32.311824798583984
2012-09-25,8.617260932922363,8.175799369812012,10.596288681030273,,24.63042449951172,47.8134651184082,,31.88100242614746
2012-09-26,8.497204780578613,7.834148406982422,10.451355934143066,,24.399967193603516,47.433589935302734,,31.60403060913086
2012-09-27,8.723976135253906,8.056620597839355,10.644600868225098,,25.019332885742188,48.550899505615234,,32.39645004272461
2012-09-28,8.697232246398926,8.01689338684082,10.71706771850586,,24.918502807617188,48.49877166748047,,32.311824798583984
2012-10-01,8.77066421508789,8.040728569030762,10.829793930053711,,25.16336441040039,48.77436065673828,,32.588783264160156
2012-10-02,8.710637092590332,8.141475677490234,10.813690185546875,,25.148962020874023,48.76692199707031,,32.60416793823242
2012-10-03,8.757326126098633,8.080455780029297,10.765378952026367,,25.141759872436523,48.699867248535156,,32.56570053100586
2012-10-04,8.677289962768555,8.136072158813477,10.934468269348145,,25.31460189819336,49.19893264770508,,32.8503532409668
2012-10-05,8.830690383911133,8.255252838134766,11.103556632995605,,25.473051071166992,49.563934326171875,,33.01190948486328
2012-10-08,8.703967094421387,8.140838623046875,11.047195434570312,,25.199386596679688,48.94569396972656,,32.66571044921875
2012-10-09,8.784003257751465,8.112236976623535,10.958623886108398,,25.220979690551758,48.603031158447266,,32.504150390625
2012-10-10,8.784003257751465,8.136072158813477,10.990832328796387,,25.393827438354492,48.9233283996582,,32.704185485839844
2012-10-11,8.89072036743164,8.342650413513184,11.127715110778809,,25.9915828704834,49.787384033203125,,33.327335357666016
2012-10-12,8.81068229675293,8.488052368164062,11.200181007385254,,26.200441360473633,50.00341033935547,,33.481201171875
2012-10-15,8.930736541748047,8.682953834533691,11.329010963439941,,26.3948917388916,50.3832893371582,,33.60429382324219
2012-10-16,9.024113655090332,8.739920616149902,11.393424034118652,,26.53892707824707,50.8004150390625,,33.91971206665039
2012-10-17,9.110819816589355,8.83526611328125,11.554463386535645,,26.899023056030273,51.43355178833008,,34.32746505737305
2012-10-18,9.117488861083984,9.073628425598145,11.425634384155273,,26.971038818359375,51.45590591430664,,34.33516311645508
2012-10-19,9.137497901916504,9.035490989685059,11.304855346679688,,26.740577697753906,50.94939041137695,,34.08897399902344
2012-10-22,9.113619804382324,9.033902168273926,11.457840919494629,,27.129480361938477,51.72407150268555,,34.57365417480469
2012-10-23,8.917398452758789,9.018011093139648,11.288751602172852,,26.632553100585938,50.807861328125,,33.965885162353516
2012-10-24,9.030782699584961,9.113353729248047,11.433685302734375,,26.790992736816406,51.47825241088867,,34.304378509521484
2012-10-25,9.210864067077637,8.938555717468262,11.506152153015137,,27.02864646911621,51.63468933105469,,34.50441360473633
2012-10-26,9.117488861083984,8.851078033447266,11.296804428100586,,26.596538543701172,50.956844329833984,,34.096656799316406
2012-10-31,9.330918312072754,9.089516639709473,11.33706283569336,,26.495718002319336,51.01642990112305,,34.12744140625
2012-11-01,9.241143226623535,9.30404281616211,11.659137725830078,,27.187103271484375,52.46893310546875,,35.14295959472656
2012-11-02,9.264222145080566,9.320013999938965,11.643035888671875,,26.978235244750977,52.11884307861328,,34.97370529174805
2012-11-05,9.417627334594727,9.486710548400879,11.779915809631348,,27.215906143188477,52.54343032836914,,35.36605453491211
2012-11-06,9.344257354736328,9.52651309967041,11.828227996826172,,27.446365356445312,52.90096664428711,,35.53531265258789
2012-11-07,9.117488861083984,9.383498191833496,11.546414375305176,,26.848604202270508,51.776206970214844,,34.75059127807617
2012-11-08,9.190855026245117,9.097464561462402,11.33706283569336,,26.3012638092041,50.84511947631836,,34.158203125
2012-11-09,9.010773658752441,9.216646194458008,11.361217498779297,,26.2580509185791,51.046226501464844,,34.19668197631836
2012-11-12,9.12415885925293,9.097464561462402,11.417582511901855,,26.322872161865234,51.329288482666016,,34.412086486816406
2012-11-13,8.997434616088867,8.89088249206543,11.369269371032715,,25.91236686706543,50.49501419067383,,33.88895034790039
2012-11-14,9.104148864746094,8.827319145202637,11.159920692443848,,25.739519119262695,49.921470642089844,,33.60429382324219
2012-11-15,8.884049415588379,8.827319145202637,11.192129135131836,,25.717912673950195,49.83951950073242,,33.565834045410156
2012-11-16,9.004104614257812,8.85433578491211,11.13576602935791,,25.761125564575195,49.82463836669922,,33.542747497558594
2012-11-19,9.277495384216309,8.970337867736816,11.288751602172852,,26.322872161865234,50.88235092163086,,34.304378509521484
2012-11-20,9.12415885925293,8.978282928466797,11.176027297973633,,26.063600540161133,50.47268295288086,,33.98126220703125
2012-11-21,9.05079174041748,8.954445838928223,11.232386589050293,,26.34447479248047,50.87491226196289,,34.25822448730469
2012-11-23,9.277628898620605,9.137190818786621,11.425634384155273,,26.978235244750977,51.80600357055664,,34.97370529174805
2012-11-26,9.25755500793457,9.097464561462402,11.481996536254883,,26.884624481201172,51.701717376708984,,34.88908004760742
2012-11-27,9.170846939086914,9.002119064331055,11.417582511901855,,26.546123504638672,51.053672790527344,,34.48903274536133
2012-11-28,9.177517890930176,9.010066032409668,11.433685302734375,,26.531723022460938,51.33671951293945,,34.619808197021484
2012-11-29,9.337522506713867,9.002119064331055,11.498102188110352,,26.53892707824707,51.48570251464844,,34.712127685546875
2012-11-30,9.424294471740723,9.145134925842285,11.498102188110352,,26.754980087280273,51.61233139038086,,34.83522033691406
2012-12-03,9.386943817138672,9.17596435546875,11.40147876739502,,26.502918243408203,51.16541290283203,,34.56596374511719
2012-12-04,9.324247360229492,9.089516639709473,11.369269371032715,,26.654155731201172,51.292030334472656,,34.74290466308594
2012-12-05,9.604376792907715,9.454927444458008,11.530308723449707,,27.45356559753418,52.49128341674805,,35.64302062988281
2012-12-06,9.55768871307373,9.518569946289062,11.530308723449707,,27.56159210205078,52.58065414428711,,35.75072479248047
2012-12-07,9.593706130981445,9.661585807800293,11.522255897521973,,27.66242027282715,52.80414581298828,,35.781494140625
2012-12-10,9.75771427154541,9.836384773254395,11.6913480758667,,27.92168617248535,53.21381759643555,,36.12000274658203
2012-12-11,9.804468154907227,9.696545600891113,11.699398040771484,,27.94329261779785,53.37023162841797,,36.11231231689453
2012-12-12,9.784459114074707,9.717203140258789,11.699398040771484,,28.087329864501953,53.53410720825195,,36.19693374633789
2012-12-13,9.697752952575684,9.521429061889648,11.6913480758667,,27.842464447021484,53.05739212036133,,35.843048095703125
2012-12-14,9.72449779510498,9.772821426391602,11.852383613586426,,28.332195281982422,53.7650260925293,,36.35849380493164
2012-12-17,9.851090431213379,9.86816692352295,11.92485237121582,,28.4086971282959,53.94380187988281,,36.4354248046875
2012-12-18,9.777789115905762,9.971456527709961,11.884590148925781,,28.538625717163086,54.18959426879883,,36.561073303222656
2012-12-19,9.905847549438477,9.899947166442871,11.900696754455566,,28.495315551757812,54.18959426879883,,36.51482009887695
2012-12-20,9.911182403564453,9.876110076904297,11.98121452331543,,28.69019317626953,54.68122482299805,,36.86170196533203
2012-12-21,9.791128158569336,9.764875411987305,11.860435485839844,,28.322092056274414,53.968170166015625,,36.399200439453125
2012-12-24,9.844487190246582,9.788711547851562,11.868486404418945,,28.249908447265625,53.72125244140625,,36.30669403076172
2012-12-26,9.78579044342041,9.955565452575684,11.98121452331543,,28.488101959228516,54.274932861328125,,36.6535758972168
2012-12-27,9.731101989746094,9.76479721069336,11.840335845947266,,28.538625717163086,54.267452239990234,,36.645870208740234
2012-12-28,9.657733917236328,9.70933723449707,11.856622695922852,,28.54582977294922,54.3946533203125,,36.668983459472656
2012-12-31,9.671073913574219,9.892004013061523,12.109066009521484,,29.1954345703125,55.43465805053711,,37.3858757019043
2013-01-02,10.221990585327148,10.349655151367188,12.426652908325195,,30.205888748168945,57.14057540893555,,38.54214096069336
2013-01-03,10.23799991607666,10.321053504943848,12.402222633361816,,30.018232345581055,56.931060791015625,,38.3725471496582
2013-01-04,10.20465087890625,10.43228816986084,12.483654975891113,,30.03989028930664,56.983455657958984,,38.349430084228516
2013-01-07,10.197980880737305,10.535577774047852,12.524372100830078,,29.801713943481445,56.81135177612305,,38.15671920776367
2013-01-08,10.057917594909668,10.305163383483887,12.39408016204834,,29.27482032775879,55.9284553527832,,37.624847412109375
2013-01-09,10.137953758239746,10.503796577453613,12.467370986938477,,29.59239959716797,56.594383239746094,,37.948585510253906
2013-01-10,10.203316688537598,10.72626781463623,12.695381164550781,,29.967714309692383,57.312660217285156,,38.39567947387695
2013-01-11,10.131284713745117,10.473764419555664,12.573230743408203,,29.65735626220703,56.79640579223633,,37.96400451660156
2013-01-14,10.017900466918945,10.51174259185791,12.56508731842041,,29.816144943237305,56.953529357910156,,38.048797607421875
2013-01-15,10.051247596740723,10.432368278503418,12.499940872192383,,29.79448699951172,56.931060791015625,,38.048797607421875
2013-01-16,9.93786334991455,10.392562866210938,12.556944847106934,,29.743967056274414,56.88616943359375,,38.11817932128906
2013-01-17,9.977880477905273,10.321130752563477,12.581375122070312,,29.85223388671875,57.05078887939453,,38.233802795410156
2013-01-18,10.171302795410156,10.281327247619629,12.573230743408203,,30.097637176513672,57.30516815185547,,38.3802604675293
2013-01-22,10.151360511779785,10.352835655212402,12.613945960998535,,30.126501083374023,57.469791412353516,,38.441925048828125
2013-01-23,10.177972793579102,10.119796752929688,12.467370986938477,,29.974939346313477,57.043296813964844,,38.26463317871094
2013-01-24,10.264411926269531,10.11447525024414,12.426652908325195,,29.974939346313477,57.1256103515625,,38.295475006103516
2013-01-25,10.18464183807373,9.915918350219727,12.304503440856934,,29.664569854736328,56.45222091674805,,37.88692855834961
2013-01-28,10.201716423034668,9.860219955444336,12.337074279785156,,29.563526153564453,56.36243438720703,,37.76359558105469
2013-01-29,10.371393203735352,10.130364418029785,12.548800468444824,,29.989370346069336,57.11812210083008,,38.35714340209961
2013-01-30,10.311366081237793,10.122417449951172,12.451083183288574,,30.018232345581055,57.11812210083008,,38.3802604675293
2013-01-31,10.333374977111816,10.018333435058594,12.32079029083252,,29.93162727355957,56.85625457763672,,38.21839141845703
2013-02-01,10.384734153747559,10.074666023254395,12.369647979736328,,30.18424415588379,57.1256103515625,,38.48817825317383
2013-02-04,10.091265678405762,9.852276802062988,12.141636848449707,,29.325342178344727,55.94343948364258,,37.53233337402344
2013-02-05,10.1046724319458,10.061634063720703,12.247498512268066,,29.31812858581543,55.891056060791016,,37.68650817871094
2013-02-06,10.171302795410156,10.035017967224121,12.23935604095459,,29.202640533447266,55.79379653930664,,37.624847412109375
2013-02-07,10.077926635742188,9.892004013061523,12.06020450592041,,28.524181365966797,54.985721588134766,,36.97732925415039
2013-02-08,10.095799446105957,10.003238677978516,12.271930694580078,,28.762371063232422,55.644161224365234,,37.43982696533203
2013-02-11,10.197980880737305,10.003238677978516,12.271930694580078,,28.704626083374023,55.41220474243164,,37.40128707885742
2013-02-12,10.177972793579102,10.019128799438477,12.296359062194824,,28.747928619384766,55.44962692260742,,37.42441940307617
2013-02-13,10.20465087890625,10.11447525024414,12.369647979736328,,28.906721115112305,55.831207275390625,,37.678794860839844
2013-02-14,10.338042259216309,10.122417449951172,12.304503440856934,,29.029417037963867,55.82373046875,,37.701927185058594
2013-02-15,10.235331535339355,10.19964599609375,12.328933715820312,,29.10158920288086,56.085594177246094,,37.825260162353516
2013-02-19,10.084595680236816,10.048446655273438,12.117207527160645,,28.466442108154297,55.18772888183594,,37.15462112426758
2013-02-20,10.244668006896973,9.933319091796875,12.011343955993652,,28.177734375,54.559268951416016,,36.81544876098633
2013-02-21,9.984552383422852,9.823673248291016,11.65303897857666,,27.795198440551758,53.67635726928711,,36.27586364746094
2013-02-22,10.004559516906738,9.804603576660156,11.677471160888672,,27.81685447692871,53.78858947753906,,36.31439971923828
2013-02-25,9.87783432006836,9.629806518554688,11.449458122253418,,27.455965042114258,52.973060607910156,,35.74398422241211
2013-02-26,9.83781623840332,9.518569946289062,11.425027847290039,,27.51371192932129,53.04787063598633,,35.77482223510742
2013-02-27,9.897843360900879,9.645772933959961,11.677471160888672,,27.76633644104004,53.683860778808594,,36.24502944946289
2013-02-28,10.044578552246094,9.772821426391602,11.710043907165527,,28.11277198791504,54.17766189575195,,36.50711441040039
2013-03-01,10.031237602233887,9.876110076904297,11.710043907165527,,27.860157012939453,54.035518646240234,,36.36064910888672
2013-03-04,10.037908554077148,9.62186050415039,11.620466232299805,,27.37657928466797,53.242408752441406,,35.8133544921875
2013-03-05,10.157962799072266,9.748987197875977,11.840335845947266,,27.585891723632812,53.81853485107422,,36.12168884277344
2013-03-06,10.104604721069336,9.836464881896973,11.889195442199707,,27.787979125976562,54.110321044921875,,36.27586364746094
2013-03-07,10.15129280090332,9.923783302307129,11.889195442199707,,27.838512420654297,54.1627082824707,,36.399200439453125
2013-03-08,10.124613761901855,9.995293617248535,12.019486427307129,,28.206607818603516,54.80615997314453,,36.83087158203125
2013-03-11,10.044578552246094,9.772821426391602,11.815905570983887,,27.88181495666504,54.12530517578125,,36.399200439453125
2013-03-12,9.891175270080566,9.478842735290527,11.628609657287598,,27.412668228149414,53.10774230957031,,35.79023742675781
2013-03-13,9.68441390991211,9.192809104919434,11.539033889770508,,26.950729370117188,52.2996826171875,,35.15043258666992
2013-03-14,9.904513359069824,9.375554084777832,11.604179382324219,,27.253877639770508,52.8608283996582,,35.674598693847656
2013-03-15,9.871164321899414,9.161026954650879,11.490174293518066,,27.022907257080078,52.34455490112305,,35.25835037231445
2013-03-18,9.737771987915039,8.986308097839355,11.335453033447266,,26.55376434326172,51.566436767578125,,34.633968353271484
2013-03-19,9.737771987915039,8.962392807006836,11.262163162231445,,26.228971481323242,51.16987609863281,,34.36418151855469
2013-03-20,9.971212387084961,9.161026954650879,11.457602500915527,,26.885780334472656,52.46427536010742,,35.196693420410156
2013-03-21,9.95787239074707,9.12924575805664,11.408742904663086,,26.58985137939453,51.98542785644531,,34.834388732910156
2013-03-22,10.004559516906738,9.089516639709473,11.563462257385254,,26.662031173706055,52.26225662231445,,34.98085021972656
2013-03-25,9.977880477905273,8.906774520874023,11.425027847290039,,26.575414657592773,51.925567626953125,,34.74959945678711
2013-03-26,10.077926635742188,8.996002197265625,11.433172225952148,,26.9290771484375,52.569034576416016,,35.188968658447266
2013-03-27,9.924522399902344,9.009747505187988,11.482033729553223,,26.95795440673828,52.800968170166016,,35.2429313659668
2013-03-28,10.004559516906738,8.954445838928223,11.441312789916992,,26.654808044433594,52.337074279785156,,34.9268798828125
2013-04-01,9.811138153076172,8.83526611328125,11.319165229797363,,26.330013275146484,51.74600601196289,,34.53375244140625
2013-04-02,9.917920112609863,8.731977462768555,11.31102180480957,,26.337238311767578,51.88815689086914,,34.58000564575195
2013-04-03,9.764450073242188,8.5651216506958,11.058582305908203,,25.889738082885742,51.005271911621094,,34.071250915527344
2013-04-04,9.791128158569336,8.533342361450195,11.13187026977539,,25.9619140625,51.095062255859375,,34.10209274291992
2013-04-05,9.644396781921387,8.390325546264648,11.017861366271973,,25.72373390197754,50.481529235839844,,33.77833557128906
2013-04-08,9.657733917236328,8.5651216506958,11.042292594909668,,25.71651268005371,50.56382751464844,,33.816871643066406
2013-04-09,9.864496231079102,8.708139419555664,11.335453033447266,,26.156789779663086,51.29707336425781,,34.31792449951172
2013-04-10,9.989886283874512,8.9384765625,11.351737976074219,,26.286710739135742,51.78340530395508,,34.58000564575195
2013-04-11,9.917853355407715,8.867047309875488,11.400596618652344,,26.178443908691406,51.6412353515625,,34.441246032714844
2013-04-12,9.904513359069824,8.7478666305542,11.32730770111084,,25.983566284179688,51.27463150024414,,34.1329231262207
2013-04-15,9.477651596069336,8.43005084991455,11.009721755981445,,25.20406150817871,49.77821350097656,,33.1539421081543
2013-04-16,9.617716789245605,8.612796783447266,11.221445083618164,,25.66598892211914,50.78080749511719,,33.76291275024414
2013-04-17,9.3375883102417,8.56448745727539,11.066722869873047,,25.139102935791016,49.81562042236328,,33.13853073120117
2013-04-18,9.310911178588867,8.5651216506958,11.042292594909668,,25.21127700805664,49.927852630615234,,33.261871337890625
2013-04-19,9.475184440612793,8.827319145202637,11.221445083618164,,26.019657135009766,51.154911041259766,,34.22541427612305
2013-04-22,9.617716789245605,8.946502685546875,11.425027847290039,,26.142356872558594,51.61882019042969,,34.54917526245117
2013-04-23,9.637724876403809,8.755814552307129,11.416885375976562,,25.998001098632812,51.491600036621094,,34.41814041137695
2013-04-24,9.704422950744629,8.898829460144043,11.530890464782715,,26.330013275146484,52.0228385925293,,34.72647476196289
2013-04-25,9.791128158569336,8.994174003601074,11.628609657287598,,26.74142074584961,52.62141418457031,,35.09646987915039
2013-04-26,9.637792587280273,8.843293190002441,11.514603614807129,,26.662031173706055,52.14254379272461,,34.86521911621094
2013-04-29,9.8178071975708,8.771703720092773,11.612322807312012,,27.00847053527832,52.741111755371094,,35.29689025878906
2013-04-30,9.791128158569336,8.938555717468262,11.677471160888672,,27.239444732666016,53.242408752441406,,35.605228424072266
2013-05-01,9.824477195739746,8.884370803833008,11.522747039794922,,26.842464447021484,52.50917053222656,,35.09646987915039
2013-05-02,9.731101989746094,8.906774520874023,11.612322807312012,,26.9796085357666,52.88326644897461,,35.31230545043945
2013-05-03,9.864496231079102,9.12924575805664,11.791475296020508,,27.21779441833496,53.36960983276367,,35.659175872802734
2013-05-06,9.917853355407715,9.137190818786621,11.815905570983887,,27.347705841064453,53.5566520690918,,35.77482223510742
2013-05-07,9.984552383422852,9.343771934509277,11.848479270935059,,27.650850296020508,54.18515396118164,,36.1756477355957
2013-05-08,10.011229515075684,9.486710548400879,11.921769142150879,,27.87459945678711,54.64155197143555,,36.51482009887695
2013-05-09,10.037908554077148,9.439116477966309,11.848479270935059,,27.585891723632812,54.267452239990234,,36.18336486816406
2013-05-10,9.975011825561523,9.470897674560547,11.978772163391113,,27.73024559020996,54.50688171386719,,36.3375244140625
2013-05-13,9.922657012939453,9.367608070373535,11.905482292175293,,27.232223510742188,53.79609298706055,,35.79793930053711
2013-05-14,9.924522399902344,9.244851112365723,11.881052017211914,,27.24666404724121,53.81853485107422,,35.836483001708984
2013-05-15,9.944533348083496,9.319934844970703,11.881052017211914,,27.24666404724121,53.9157829284668,,35.875030517578125
2013-05-16,9.971212387084961,9.296894073486328,11.881052017211914,,27.095090866088867,53.668888092041016,,35.674598693847656
2013-05-17,9.971212387084961,9.367608070373535,11.962484359741211,,27.362140655517578,54.28989791870117,,36.06002426147461
2013-05-20,9.945732116699219,9.431171417236328,12.019486427307129,,27.694149017333984,54.86600875854492,,36.414608001708984
2013-05-21,10.017900466918945,9.439116477966309,12.068347930908203,,27.51371192932129,54.64155197143555,,36.2835578918457
2013-05-22,9.697752952575684,9.439116477966309,11.929913520812988,,27.095090866088867,53.70629119873047,,35.643768310546875
2013-05-23,9.668540000915527,9.200753211975098,11.807761192321777,,26.835256576538086,53.45192337036133,,35.443359375
2013-05-24,9.617716789245605,9.04979133605957,11.718188285827637,,26.38776206970215,52.763545989990234,,34.857513427734375
2013-05-28,9.67774486541748,9.208779335021973,11.962484359741211,,26.820823669433594,53.72874450683594,,35.458770751953125
2013-05-29,9.571696281433105,9.288151741027832,11.938054084777832,,26.402196884155273,53.13017654418945,,35.05022430419922
2013-05-30,9.639593124389648,9.192809104919434,11.962484359741211,,26.51767349243164,53.29479217529297,,35.15814208984375
2013-05-31,9.4309663772583,8.994174003601074,11.815905570983887,,25.990785598754883,52.404415130615234,,34.5029182434082
2013-06-03,9.517671585083008,8.906774520874023,11.91362476348877,,26.373321533203125,53.055362701416016,,34.95001220703125
2013-06-04,9.417627334594727,8.85910415649414,11.848479270935059,,26.113487243652344,52.456809997558594,,34.55689239501953
2013-06-05,9.504332542419434,8.755814552307129,11.644898414611816,,25.75982666015625,51.74600601196289,,34.078956604003906
2013-06-06,9.250880241394043,8.7478666305542,11.70190143585205,,25.92582130432129,52.1949348449707,,34.3487548828125
2013-06-07,9.284232139587402,8.811429023742676,11.73447322845459,,25.745386123657227,51.9704704284668,,34.086673736572266
2013-06-10,9.117488861083984,8.596903800964355,11.596036911010742,,25.51441764831543,51.4317512512207,,33.708961486816406
2013-06-11,9.030782699584961,8.477724075317383,11.319165229797363,,25.131885528564453,50.62369918823242,,33.17707824707031
2013-06-12,9.164175987243652,8.525396347045898,11.270305633544922,,24.96588134765625,50.31692123413086,,33.07685852050781
2013-06-13,8.990764617919922,8.477724075317383,11.473889350891113,,25.218494415283203,50.9005126953125,,33.43916702270508
2013-06-14,8.957416534423828,8.350597381591797,11.270305633544922,,24.525604248046875,49.56870651245117,,32.560401916503906
2013-06-17,9.030782699584961,8.36648941040039,11.343596458435059,,24.886484146118164,50.25706481933594,,33.08457565307617
2013-06-18,8.970756530761719,8.517449378967285,11.368025779724121,,24.94422721862793,50.481529235839844,,33.099979400634766
2013-06-19,9.004104614257812,8.382378578186035,11.221445083618164,,24.258544921875,49.232025146484375,,32.16727066040039
2013-06-20,8.357142448425293,8.064563751220703,10.87942886352539,,23.248075485229492,47.22682571411133,,30.92620277404785
2013-06-21,8.490537643432617,7.953329563140869,10.846853256225586,,23.630617141723633,47.82338333129883,,31.288503646850586
2013-06-24,8.30378532409668,7.65140438079834,10.586270332336426,,23.05320167541504,46.51723098754883,,30.53308868408203
2013-06-25,8.497204780578613,7.746749401092529,10.675846099853516,,23.497201919555664,47.2352294921875,,31.003297805786133
2013-06-26,8.537222862243652,7.865929126739502,10.871285438537598,,23.912290573120117,48.29696273803711,,31.673933029174805
2013-06-27,8.677289962768555,7.865929126739502,10.944572448730469,,24.082782745361328,48.78580093383789,,32.02485656738281
2013-06-28,8.637269973754883,7.913604736328125,10.977147102355957,,24.105012893676758,48.96147918701172,,32.22200393676758
2013-07-01,8.844030380249023,7.977164268493652,10.985291481018066,,24.07536506652832,48.90802001953125,,32.12736892700195
2013-07-02,8.81068229675293,7.953329563140869,10.87942886352539,,23.73439598083496,48.33514404296875,,31.677871704101562
2013-07-03,8.670619010925293,7.691131114959717,10.789854049682617,,23.519433975219727,47.87684631347656,,31.409748077392578
2013-07-05,8.89072036743164,7.54811429977417,10.765423774719238,,23.771459579467773,48.044891357421875,,31.535921096801758
2013-07-08,8.857368469238281,7.611676216125488,10.81428050994873,,23.875225067138672,48.25111770629883,,31.693641662597656
2013-07-09,8.864041328430176,7.57989501953125,10.854997634887695,,23.986412048339844,48.510826110839844,,31.819812774658203
2013-07-10,8.907659530639648,7.532221794128418,10.73284912109375,,24.05312728881836,48.28166580200195,,31.75672721862793
2013-07-11,9.170780181884766,7.87387752532959,11.15629768371582,,25.313230514526367,50.74885177612305,,33.38124084472656
2013-07-12,9.117488861083984,8.024837493896484,11.034152030944824,,24.616464614868164,49.77113723754883,,32.70304489135742
2013-07-15,9.077469825744629,8.20758056640625,11.1807279586792,,24.86849021911621,50.38984680175781,,33.04214859008789
2013-07-16,9.084139823913574,8.199636459350586,11.319165229797363,,24.920373916625977,50.64191436767578,,33.20774841308594
2013-07-17,9.210864067077637,8.199636459350586,11.245878219604492,,25.076038360595703,50.7412109375,,33.24717712402344
2013-07-18,9.224203109741211,8.167852401733398,11.22959041595459,,24.92778778076172,50.61899185180664,,33.04214859008789
2013-07-19,9.217533111572266,8.136072158813477,11.197017669677734,,25.00191307067871,50.657188415527344,,33.12099838256836
2013-07-22,9.250880241394043,8.159910202026367,11.31102180480957,,25.03156280517578,50.68008804321289,,33.22352981567383
2013-07-23,9.524341583251953,8.477724075317383,11.539033889770508,,25.72090721130371,51.90986633300781,,34.05943298339844
2013-07-24,9.450974464416504,8.414241790771484,11.425027847290039,,25.45406723022461,51.57378005981445,,33.78342819213867
2013-07-25,9.388813972473145,8.676359176635742,11.49831771850586,,25.67643928527832,52.33759689331055,,34.06732177734375
2013-07-26,9.377606391906738,8.58903980255127,11.539033889770508,,25.735729217529297,52.48272705078125,,34.130409240722656
2013-07-29,9.284232139587402,8.453810691833496,11.400596618652344,,25.431827545166016,51.634891510009766,,33.6808967590332
2013-07-30,9.210864067077637,8.41416072845459,11.482033729553223,,25.498538970947266,51.71126937866211,,33.696678161621094
2013-07-31,9.244214057922363,8.36648941040039,11.376168251037598,,25.394760131835938,51.642520904541016,,33.56261444091797
2013-08-01,9.297572135925293,8.581015586853027,11.661182403564453,,25.876569747924805,52.94867706298828,20.431793212890625,34.35120391845703
2013-08-02,9.30824089050293,8.684304237365723,11.73447322845459,,25.92104721069336,53.12435531616211,20.455114364624023,34.43006134033203
2013-08-05,9.284232139587402,8.716084480285645,11.693758964538574,,25.698671340942383,52.70425033569336,20.455114364624023,34.10674285888672
2013-08-06,9.230874061584473,8.644181251525879,11.693758964538574,,25.52077865600586,52.406349182128906,20.501766204833984,33.89382553100586
2013-08-07,9.05746078491211,8.581015586853027,11.579750061035156,,25.038970947265625,51.665443420410156,20.140243530273438,33.36547088623047
2013-08-08,9.09080982208252,8.660467147827148,11.791475296020508,,25.498538970947266,52.43691635131836,20.183002471923828,33.933250427246094
2013-08-09,9.25755500793457,8.708139419555664,11.905482292175293,,25.59490203857422,52.75007247924805,20.183002471923828,34.08309555053711
2013-08-12,9.437634468078613,8.954445838928223,11.864764213562012,,26.425086975097656,53.9798469543457,20.548412322998047,35.037288665771484
2013-08-13,9.55768871307373,9.097464561462402,11.95434284210205,,26.966188430786133,54.84297180175781,20.579511642456055,35.53410720825195
2013-08-14,9.583702087402344,9.12050724029541,11.97062873840332,,26.988422393798828,54.7436637878418,20.680580139160156,35.62084197998047
2013-08-15,9.4309663772583,8.946502685546875,11.921769142150879,,26.795705795288086,54.21664810180664,20.15968132019043,35.29753112792969
2013-08-16,9.504332542419434,9.025954246520996,11.889195442199707,,26.803110122680664,54.147884368896484,20.229650497436523,35.21867370605469
2013-08-19,9.3375883102417,8.906774520874023,11.815905570983887,,26.728992462158203,54.02568054199219,20.229650497436523,35.05305862426758
2013-08-20,9.29336929321289,8.83526611328125,11.677471160888672,,26.365785598754883,53.49098587036133,20.455114364624023,34.65876770019531
2013-08-21,9.304241180419922,8.914719581604004,11.514603614807129,,25.832088470458984,52.62786865234375,20.408464431762695,34.035770416259766
2013-08-22,9.36426830291748,9.031993865966797,11.710043907165527,,26.52885627746582,53.98747634887695,20.57173728942871,34.87168502807617
2013-08-23,9.350929260253906,8.986228942871094,11.693758964538574,,26.432504653930664,53.87290573120117,20.812753677368164,34.84013366699219
2013-08-26,9.304241180419922,8.78759479522705,11.718188285827637,,26.447322845458984,53.74306106567383,20.944921493530273,34.753395080566406
2013-08-27,9.12415885925293,8.764554023742676,11.530890464782715,,26.002580642700195,52.90285110473633,20.944921493530273,34.240806579589844
2013-08-28,9.130828857421875,8.689070701599121,11.514603614807129,,25.935869216918945,52.84938430786133,20.602834701538086,34.21714782714844
2013-08-29,9.210864067077637,8.660467147827148,11.58789348602295,,26.02481460571289,53.1548957824707,20.76609992980957,34.288116455078125
2013-08-30,9.230874061584473,8.652523040771484,11.65303897857666,,26.039640426635742,53.20838165283203,20.76609992980957,34.4694938659668
2013-09-03,9.406085968017578,8.99345874786377,11.758903503417969,,26.854999542236328,54.33119583129883,20.76609992980957,35.27386474609375
2013-09-04,9.417627334594727,9.081574440002441,11.872907638549805,,27.314563751220703,55.08740997314453,21.022668838500977,35.80222702026367
2013-09-05,9.537680625915527,9.161107063293457,12.027630805969238,,27.596242904663086,55.67555236816406,21.419172286987305,36.19651794433594
2013-09-06,9.571094512939453,9.276710510253906,12.117207527160645,,27.70742416381836,55.919960021972656,21.683509826660156,36.36212158203125
2013-09-09,9.657733917236328,9.399389266967773,12.402222633361816,,28.367128372192383,57.07334518432617,22.67089080810547,37.190155029296875
2013-09-10,9.744507789611816,9.548763275146484,12.56508731842041,,28.752567291259766,57.8753662109375,22.40655517578125,37.69485092163086
2013-09-11,9.791128158569336,9.574188232421875,12.467370986938477,,28.537607192993164,57.630958557128906,22.515398025512695,37.33998489379883
2013-09-12,9.644396781921387,9.478842735290527,12.255643844604492,,28.218873977661133,56.9129524230957,22.5931453704834,36.90625762939453
2013-09-13,9.711028099060059,9.486785888671875,12.345218658447266,,28.315235137939453,57.1802864074707,22.35213279724121,37.1428337097168
2013-09-16,9.727566719055176,9.439194679260254,12.467370986938477,,28.60431480407715,57.53928756713867,22.624244689941406,37.39518356323242
2013-09-17,9.671073913574219,9.33741569519043,12.540657043457031,,28.47089958190918,57.493465423583984,22.624244689941406,37.21381378173828
2013-09-18,9.917853355407715,9.637750625610352,12.793099403381348,,29.02682876586914,58.623939514160156,23.137372970581055,37.97874450683594
2013-09-19,9.725098609924316,9.399389266967773,12.573230743408203,,28.81928253173828,58.21910858154297,23.417261123657227,37.686973571777344
2013-09-20,9.671073913574219,9.367608070373535,12.418509483337402,,28.48572540283203,57.45526885986328,23.20734405517578,37.25324630737305
2013-09-23,9.777789115905762,9.343771934509277,12.581375122070312,,28.648788452148438,57.9135627746582,22.904129028320312,37.56867599487305
2013-09-24,9.704422950744629,9.335824966430664,12.540657043457031,,28.248525619506836,57.4094352722168,23.098499298095703,37.1428337097168
2013-09-25,9.724431037902832,9.250016212463379,12.532515525817871,,28.10028076171875,57.172645568847656,23.39393424987793,36.94568634033203
2013-09-26,9.697752952575684,9.24921989440918,12.581375122070312,,28.092864990234375,57.355953216552734,23.673826217651367,36.90625762939453
2013-09-27,9.671073913574219,9.256372451782227,12.56508731842041,,27.907562255859375,57.05807113647461,23.611623764038086,36.74854278564453
2013-09-30,9.61104679107666,9.033902168273926,12.418509483337402,,27.48505210876465,56.546302795410156,23.720468521118164,36.31481170654297
2013-10-01,9.657733917236328,9.192809104919434,12.613945960998535,,27.870498657226562,57.378902435302734,24.0003604888916,36.81162643432617
2013-10-02,9.737771987915039,9.208701133728027,12.63837718963623,,27.8482608795166,57.546932220458984,24.381315231323242,36.89048767089844
2013-10-03,9.731101989746094,9.288151741027832,12.622090339660645,,27.80378532409668,57.22612380981445,24.31134605407715,36.75642776489258
2013-10-04,9.871164321899414,9.416868209838867,12.85010051727295,,28.174406051635742,58.028133392333984,24.847797393798828,37.269012451171875
2013-10-07,9.8178071975708,9.367608070373535,12.695381164550781,,27.870498657226562,57.50873565673828,24.707849502563477,36.89048767089844
2013-10-08,9.971212387084961,9.359662055969238,12.63023567199707,,27.818607330322266,57.05807113647461,23.292863845825195,36.81950759887695
2013-10-09,9.95787239074707,9.375554084777832,12.63837718963623,,27.966856002807617,57.4476318359375,23.300640106201172,37.03242492675781
2013-10-10,9.944533348083496,9.5503511428833,12.8663911819458,,28.270769119262695,58.33368682861328,24.04701042175293,37.55290603637695
2013-10-11,10.104604721069336,9.57100772857666,12.955964088439941,,28.426416397094727,58.68502426147461,24.412416458129883,37.74217224121094
2013-10-14,10.091265678405762,9.637750625610352,13.021111488342285,,28.537607192993164,58.952362060546875,24.560134887695312,37.91565704345703
2013-10-15,10.044578552246094,9.53446102142334,12.947822570800781,,28.255935668945312,58.173282623291016,24.420190811157227,37.43461227416992
2013-10-16,10.004559516906738,9.613913536071777,13.053686141967773,,28.322650909423828,58.31840896606445,24.630107879638672,37.59233474731445
2013-10-17,10.0392427444458,9.582133293151855,13.069969177246094,,28.248525619506836,58.36421585083008,24.79337501525879,37.48981857299805
2013-10-18,10.111276626586914,9.685420989990234,13.289840698242188,,28.27817726135254,58.82252883911133,25.866273880004883,37.57657241821289
2013-10-21,10.102270126342773,9.653641700744629,13.379414558410645,,28.293004989624023,59.028770446777344,26.006221771240234,37.734275817871094
2013-10-22,10.23799991607666,9.753671646118164,13.3142671585083,,28.293004989624023,58.96001052856445,25.85849952697754,37.710628509521484
2013-10-23,9.931193351745605,9.558297157287598,12.882676124572754,,27.35163116455078,57.19556427001953,24.560134887695312,36.58292770385742
2013-10-24,9.851157188415527,9.516345024108887,12.8663911819458,,27.040315628051758,56.8594856262207,24.894441604614258,36.180763244628906
2013-10-25,9.797800064086914,9.486785888671875,12.760525703430176,,27.003246307373047,56.6761589050293,24.233598709106445,36.180763244628906
2013-10-28,9.851157188415527,9.449443817138672,12.776812553405762,,27.09219741821289,56.5004768371582,23.137372970581055,36.243839263916016
2013-10-29,9.891175270080566,9.447060585021973,12.776812553405762,,27.44799041748047,57.06572341918945,23.564977645874023,36.59871292114258
2013-10-30,10.037908554077148,9.526754379272461,12.882676124572754,,27.82602310180664,57.62330627441406,23.401710510253906,36.9693489074707
2013-10-31,10.051247596740723,9.645695686340332,12.83381462097168,,27.8482608795166,57.65386199951172,23.347288131713867,37.0245475769043
2013-11-01,10.097936630249023,9.53446102142334,12.996682167053223,,28.04098129272461,58.06635284423828,23.526103973388672,37.27690505981445
2013-11-04,10.15129280090332,9.677478790283203,13.069969177246094,,28.085451126098633,58.1274299621582,23.907060623168945,37.347877502441406
2013-11-05,10.097936630249023,9.630599975585938,12.915252685546875,,27.6333065032959,57.43235778808594,23.557201385498047,36.961448669433594
2013-11-06,10.057917594909668,9.645695686340332,12.82567310333252,,27.603647232055664,57.264312744140625,23.090726852416992,36.90625762939453
2013-11-07,9.924522399902344,9.522064208984375,12.605804443359375,,27.158905029296875,56.347713470458984,22.35213279724121,36.31481170654297
2013-11-08,9.897843360900879,9.478842735290527,12.622090339660645,,27.307157516479492,56.56159591674805,22.686443328857422,36.38579559326172
2013-11-11,9.952536582946777,9.558297157287598,12.56508731842041,,27.596242904663086,56.996971130371094,23.308414459228516,36.59082794189453
2013-11-12,9.87783432006836,9.486785888671875,12.56508731842041,,27.35163116455078,56.5692138671875,23.46390724182129,36.33845901489258
2013-11-13,9.924522399902344,9.462952613830566,12.679094314575195,,27.047725677490234,56.424102783203125,23.953706741333008,36.14921188354492
2013-11-14,10.051247596740723,9.542405128479004,12.793099403381348,,27.299745559692383,57.088626861572266,24.0003604888916,36.551395416259766
2013-11-15,10.404741287231445,9.911865234375,13.14326000213623,,28.49312973022461,59.21971893310547,24.544584274291992,37.994510650634766
2013-11-18,10.676332473754883,10.157378196716309,13.395705223083496,,29.51604652404785,60.602237701416016,24.25692367553711,39.011802673339844
2013-11-19,10.564815521240234,10.02707290649414,13.192121505737305,,29.56051254272461,60.30435562133789,23.782670974731445,38.91717529296875
2013-11-20,10.538137435913086,10.11447525024414,13.110688209533691,,29.33073616027832,59.81550979614258,23.487232208251953,38.52287673950195
2013-11-21,10.657524108886719,10.066801071166992,13.281696319580078,,29.441919326782227,60.17450714111328,23.66604995727539,38.6727180480957
2013-11-22,10.67819881439209,10.019128799438477,13.265409469604492,,29.619815826416016,60.4342041015625,23.88374137878418,38.91717529296875
2013-11-25,10.41141128540039,9.995293617248535,13.01296615600586,,29.03423309326172,59.32664489746094,23.417261123657227,38.23109817504883
2013-11-26,10.538137435913086,9.971456527709961,13.192121505737305,,29.189899444580078,59.807857513427734,23.83708953857422,38.57019805908203
2013-11-27,10.604833602905273,10.10653018951416,13.403846740722656,,29.790302276611328,60.846675872802734,24.05478286743164,39.32724380493164
2013-11-29,10.624841690063477,10.289273262023926,13.330556869506836,,29.745820999145508,61.0223503112793,24.3268985748291,39.33512878417969
2013-12-02,10.611502647399902,10.146255493164062,13.167693138122559,,29.493804931640625,60.44947052001953,24.513486862182617,38.798885345458984
2013-12-03,10.540602684020996,10.328999519348145,13.102546691894531,,29.226957321166992,60.10576248168945,24.707849502563477,38.593849182128906
2013-12-04,10.518128395080566,10.313106536865234,13.192121505737305,,29.38262367248535,60.52586364746094,24.98773765563965,38.84621047973633
2013-12-05,10.597496032714844,10.336943626403809,13.086257934570312,,29.204723358154297,60.17450714111328,25.1276798248291,38.6490592956543
2013-12-06,10.464768409729004,10.336943626403809,13.216548919677734,,29.760656356811523,61.21330642700195,24.567909240722656,39.398216247558594
2013-12-09,10.524796485900879,10.257490158081055,13.208405494689941,,29.56051254272461,60.861942291259766,24.42796516418457,39.185298919677734
2013-12-10,10.384734153747559,10.091431617736816,13.183979034423828,,29.523454666137695,61.045265197753906,24.567909240722656,39.14585876464844
2013-12-11,10.338042259216309,9.907894134521484,12.947822570800781,,28.559846878051758,59.28845977783203,24.29579734802246,38.02605438232422
2013-12-12,10.123546600341797,9.939675331115723,12.801241874694824,,28.248525619506836,58.84543991088867,24.249147415161133,37.734275817871094
2013-12-13,10.21072006225586,9.979400634765625,12.890820503234863,,28.44865608215332,59.24264144897461,24.622329711914062,37.994510650634766
2013-12-16,10.132284164428711,9.876110076904297,12.947822570800781,,28.441247940063477,59.22735595703125,24.365764617919922,37.96297073364258
2013-12-17,9.964674949645996,9.892004013061523,12.82567310333252,,28.086811065673828,58.55518341064453,24.48238754272461,37.46616744995117
2013-12-18,10.197980880737305,9.971456527709961,13.037398338317871,,28.645273208618164,59.54052734375,24.65342903137207,38.09916687011719
2013-12-19,10.144623756408691,9.780768394470215,12.760525703430176,,27.990015029907227,58.440608978271484,24.668977737426758,37.3386116027832
2013-12-20,10.024569511413574,9.701311111450195,12.711668014526367,,27.788963317871094,58.17230987548828,24.88666534423828,37.0930061340332
2013-12-23,10.041242599487305,9.728723526000977,12.687237739562988,,27.751737594604492,58.18769073486328,25.220977783203125,37.053409576416016
2013-12-24,10.171302795410156,9.892004013061523,12.82567310333252,,28.258073806762695,59.079444885253906,25.34537124633789,37.63966369628906
2013-12-26,10.124613761901855,9.748987197875977,12.760525703430176,,28.02724266052246,58.56438064575195,25.239299774169922,37.35446548461914
2013-12-27,10.305496215820312,9.915648460388184,12.833697319030762,,28.444223403930664,59.45614242553711,25.7774658203125,37.948646545410156
2013-12-30,10.26281452178955,9.851102828979492,12.817255973815918,,28.272966384887695,59.30239486694336,25.878860473632812,37.79812240600586
2013-12-31,10.311068534851074,9.891446113586426,12.981683731079102,,28.570810317993164,59.90972900390625,26.019256591796875,38.20215606689453
2014-01-02,10.120086669921875,9.93178653717041,12.718597412109375,,27.640039443969727,58.533626556396484,26.323436737060547,37.077171325683594
2014-01-03,10.133407592773438,9.695390701293945,12.74326229095459,,27.297521591186523,57.90324020385742,25.95685577392578,36.72065353393555
2014-01-06,10.072508811950684,9.479972839355469,12.59527587890625,,26.813522338867188,57.24211883544922,26.245441436767578,36.16608810424805
2014-01-07,10.038527488708496,9.528382301330566,12.784369468688965,,26.820972442626953,57.411231994628906,26.8772029876709,36.18193054199219
2014-01-08,10.045321464538574,9.595831871032715,12.98990535736084,,27.141149520874023,58.064693450927734,27.735153198242188,36.56220626831055
2014-01-09,9.96104621887207,9.392030715942383,12.726819038391113,,26.64226531982422,57.17291259765625,26.72121238708496,36.06309127807617
2014-01-10,10.057557106018066,9.423498153686523,12.759705543518066,,27.126256942749023,58.07236862182617,26.924001693725586,36.6810417175293
2014-01-13,10.011067390441895,9.350886344909668,12.644603729248047,,26.590133666992188,57.0576057434082,26.323436737060547,36.047245025634766
2014-01-14,10.120086669921875,9.334749221801758,12.726819038391113,,26.999675750732422,57.857120513916016,26.931795120239258,36.546356201171875
2014-01-15,10.052186965942383,9.415430068969727,12.735040664672852,,26.94754981994629,57.826377868652344,27.352975845336914,36.475067138671875
2014-01-16,10.118386268615723,9.294410705566406,12.603496551513672,,26.70182991027832,57.50349807739258,27.60256004333496,36.253231048583984
2014-01-17,10.09969711303711,9.471903800964355,12.545945167541504,,26.65715217590332,57.51886749267578,27.321775436401367,36.253231048583984
2014-01-21,10.01813793182373,9.423498153686523,12.578832626342773,,26.65715217590332,57.480430603027344,27.594762802124023,36.2136116027832
2014-01-22,10.154067993164062,9.56065559387207,12.652825355529785,,27.297521591186523,58.50288009643555,27.961334228515625,36.91871643066406
2014-01-23,9.950102806091309,9.428739547729492,12.340409278869629,,26.076356887817383,56.381103515625,26.5886173248291,35.63527297973633
2014-01-24,9.576360702514648,9.415430068969727,11.937559127807617,,25.48066520690918,54.82819747924805,25.44209098815918,34.605350494384766
2014-01-27,9.481208801269531,9.052366256713867,11.830679893493652,,25.435989379882812,54.489933013916016,25.22369956970215,34.49443817138672
2014-01-28,9.528787612915039,9.149184226989746,12.044438362121582,,25.726388931274414,55.312503814697266,26.41703224182129,34.8430290222168
2014-01-29,9.392852783203125,8.971685409545898,11.904671669006348,,25.689157485961914,54.85126495361328,26.011457443237305,34.72419357299805
2014-01-30,9.386055946350098,9.07729721069336,11.954001426696777,,25.808300018310547,55.24333190917969,26.43263053894043,34.80341720581055
2014-01-31,9.331683158874512,8.955552101135254,11.954001426696777,,25.74872589111328,55.012691497802734,26.3624324798584,34.78757858276367
2014-02-03,9.087008476257324,8.818392753601074,11.6087007522583,,25.13069725036621,53.45210647583008,25.200300216674805,33.8844108581543
2014-02-04,9.297701835632324,9.036230087280273,11.814234733581543,,25.42109489440918,54.343875885009766,25.520082473754883,34.33599853515625
2014-02-05,9.216143608093262,8.931344985961914,11.748465538024902,,25.100908279418945,53.61353302001953,24.903919219970703,33.94778823852539
2014-02-06,9.331683158874512,9.068501472473145,11.871786117553711,,25.517892837524414,54.443809509277344,25.340696334838867,34.454830169677734
2014-02-07,9.456740379333496,9.197590827941895,12.011551856994629,,25.614694595336914,54.9896354675293,26.089448928833008,34.67666244506836
2014-02-10,9.494802474975586,9.286338806152344,11.937559127807617,,25.391313552856445,54.81281661987305,26.401430130004883,34.44690704345703
2014-02-11,9.528787612915039,9.334749221801758,12.175980567932129,,26.359310150146484,56.235008239746094,26.385833740234375,35.49267578125
2014-02-12,9.664714813232422,9.423498153686523,12.208866119384766,,26.344411849975586,56.24271774291992,26.6588191986084,35.453067779541016
2014-02-13,9.644325256347656,9.375089645385742,12.389739036560059,,26.41143798828125,56.6885871887207,27.60256004333496,35.69866180419922
2014-02-14,9.710592269897461,9.471903800964355,12.414403915405273,,26.64226531982422,57.12678909301758,27.493364334106445,35.983856201171875
2014-02-18,9.644325256347656,9.326681137084961,12.389739036560059,,26.65715217590332,57.15755081176758,28.79588508605957,35.92841339111328
2014-02-19,9.576360702514648,9.367020606994629,12.332189559936523,,26.791179656982422,57.372806549072266,28.585298538208008,36.031410217285156
2014-02-20,9.77346134185791,9.407360076904297,12.29930305480957,,26.56780242919922,57.14984893798828,28.7100887298584,35.865028381347656
2014-02-21,9.821036338806152,9.326681137084961,12.29930305480957,,26.612476348876953,57.103721618652344,28.561899185180664,35.93633270263672
2014-02-24,9.8821382522583,9.221875190734863,12.241751670837402,,26.292293548583984,56.65017318725586,28.413707733154297,35.548133850097656
2014-02-25,9.6660737991333,9.173388481140137,12.036215782165527,,25.838077545166016,55.58158493041992,27.88334083557129,34.9380989074707
2014-02-26,9.875408172607422,9.27827262878418,12.06087875366211,,25.92743682861328,55.95058059692383,28.374711990356445,35.09654998779297
2014-02-27,9.929780960083008,9.278352737426758,12.356852531433105,,26.64226531982422,57.31129837036133,29.388652801513672,36.00763702392578
2014-02-28,9.912927627563477,9.391223907470703,12.307524681091309,,26.351863861083984,57.08065414428711,29.77082633972168,35.865028381347656
2014-03-03,9.950172424316406,9.373958587646484,12.315746307373047,,26.031675338745117,56.55022048950195,29.72403335571289,35.50059509277344
2014-03-04,9.990951538085938,9.350886344909668,12.471954345703125,,26.32952880859375,57.34972381591797,31.35413360595703,35.90464401245117
2014-03-05,9.855019569396973,9.350886344909668,12.414403915405273,,26.06891441345215,56.949974060058594,31.876710891723633,35.55604934692383
2014-03-06,10.00454330444336,9.407443046569824,12.48017406463623,,26.344411849975586,57.73411560058594,32.64885330200195,35.94425582885742
2014-03-07,9.997747421264648,9.471903800964355,12.291083335876465,,26.054018020629883,57.01148223876953,32.095096588134766,35.49267578125
2014-03-10,9.834630012512207,9.254067420959473,12.093765258789062,,25.644479751586914,56.25807571411133,31.049957275390625,34.993560791015625
2014-03-11,9.834630012512207,9.084639549255371,12.011551856994629,,25.242389678955078,55.42782974243164,30.433792114257812,34.541969299316406
2014-03-12,9.557330131530762,9.043411254882812,11.97044563293457,,25.175373077392578,55.32018280029297,30.620975494384766,34.42314529418945
2014-03-13,9.4404296875,8.826459884643555,11.690913200378418,,24.557344436645508,54.013301849365234,29.67723274230957,33.654659271240234
2014-03-14,9.528787612915039,8.979755401611328,11.682693481445312,,24.594573974609375,53.675048828125,29.185861587524414,33.607112884521484
2014-03-17,9.520627975463867,9.02009391784668,11.707357406616211,,24.624361038208008,53.85954666137695,29.42765235900879,33.68634796142578
2014-03-18,9.62393569946289,9.157252311706543,11.814234733581543,,25.041345596313477,54.69750213623047,30.347993850708008,34.225074768066406
2014-03-19,9.583157539367676,9.157252311706543,11.658028602600098,,24.646703720092773,54.013301849365234,29.880023956298828,33.74972915649414
2014-03-20,9.535581588745117,9.092705726623535,11.592257499694824,,24.572240829467773,53.76729202270508,29.131261825561523,33.599205017089844
2014-03-21,9.651122093200684,9.294410705566406,11.773128509521484,,25.279621124267578,54.85126495361328,29.014278411865234,34.359764099121094
2014-03-24,9.719087600708008,9.213727951049805,11.64980697631836,,25.681711196899414,54.83588790893555,28.296716690063477,34.62120056152344
2014-03-25,9.651122093200684,9.233091354370117,11.690913200378418,,25.890209197998047,54.981937408447266,28.04713249206543,34.866798400878906
2014-03-26,9.63820743560791,9.326681137084961,11.600479125976562,,25.949766159057617,54.69750213623047,27.42317008972168,34.779659271240234
2014-03-27,9.80744457244873,9.237932205200195,11.64980697631836,,26.135927200317383,54.68211364746094,26.612014770507812,34.953948974609375
2014-03-28,9.876768112182617,9.438018798828125,11.863564491271973,,26.679492950439453,55.643070220947266,27.360780715942383,35.595672607421875
2014-03-31,9.747293472290039,9.454880714416504,11.945781707763672,,26.64226531982422,55.89677810668945,28.101728439331055,35.64320755004883
2014-04-01,9.889001846313477,9.528382301330566,12.06087875366211,,26.731616973876953,56.504085540771484,29.263856887817383,35.92841339111328
2014-04-02,9.950172424316406,9.601075172424316,12.118431091308594,,26.686939239501953,56.71165466308594,28.920682907104492,36.02348327636719
2014-04-03,9.868610382080078,9.649401664733887,12.027995109558105,,26.61992073059082,56.457969665527344,27.774150848388672,35.94425582885742
2014-04-04,9.943374633789062,9.730084419250488,11.863564491271973,,26.530574798583984,55.750701904296875,26.67441749572754,35.64320755004883
2014-04-07,9.800646781921387,9.536529541015625,11.863564491271973,,26.664600372314453,55.50469970703125,25.824262619018555,35.754112243652344
2014-04-08,9.950172424316406,9.673605918884277,12.044438362121582,,27.089033126831055,56.450294494628906,27.033193588256836,36.189857482910156
2014-04-09,10.09969711303711,9.641335487365723,12.274640083312988,,27.416654586791992,57.357421875,27.961334228515625,36.6810417175293
2014-04-10,10.283203125,9.754287719726562,12.167759895324707,,27.312416076660156,57.16523361206055,27.001995086669922,36.760276794433594
2014-04-11,10.033496856689453,9.609064102172852,12.069100379943848,,26.91032600402832,56.481014251708984,26.471628189086914,36.35622787475586
2014-04-14,10.12688159942627,9.681675910949707,12.175980567932129,,26.955001831054688,56.51947021484375,26.604217529296875,36.34830093383789
2014-04-15,9.990951538085938,9.479972839355469,11.954001426696777,,26.277402877807617,55.38938903808594,26.440427780151367,35.44514083862305
2014-04-16,10.011340141296387,9.455770492553711,12.093765258789062,,26.605026245117188,56.04285430908203,27.009796142578125,35.88087844848633
2014-04-17,10.058917045593262,9.528382301330566,12.159537315368652,,26.672042846679688,56.30421447753906,27.30617904663086,35.991790771484375
2014-04-21,10.058917045593262,9.447700500488281,12.08554458618164,,26.500782012939453,56.012088775634766,27.540163040161133,35.76203918457031
2014-04-22,10.07420825958252,9.450847625732422,12.06087875366211,,26.366750717163086,56.06589889526367,27.914541244506836,35.563968658447266
2014-04-23,10.045321464538574,9.447700500488281,11.945781707763672,,26.00933837890625,55.566200256347656,27.3919677734375,35.22331237792969
2014-04-24,10.052119255065918,9.334749221801758,11.888229370117188,,26.046571731567383,55.3509521484375,26.970800399780273,35.215389251708984
2014-04-25,9.889001846313477,9.27827262878418,11.748465538024902,,25.838077545166016,54.935821533203125,26.206438064575195,34.906410217285156
2014-04-28,9.723845481872559,9.02816104888916,11.48537826538086,,25.771068572998047,53.9979248046875,25.208101272583008,34.541969299316406
2014-04-29,9.827835083007812,9.100774765014648,11.592257499694824,,26.11358642578125,54.620635986328125,25.676071166992188,34.98563003540039
2014-04-30,9.719087600708008,8.971685409545898,11.477157592773438,,26.00933837890625,54.15937042236328,25.052108764648438,34.73211669921875
2014-05-01,9.743556022644043,8.91520881652832,11.534708976745605,,26.054018020629883,54.35923385620117,25.761869430541992,34.78757858276367
2014-05-02,9.780258178710938,9.141115188598633,11.6333646774292,,26.061464309692383,54.6590576171875,25.96466064453125,34.953948974609375
2014-05-05,9.6259765625,9.02009391784668,11.58403491973877,,25.838077545166016,54.28236770629883,26.058252334594727,34.637046813964844
2014-05-06,9.67151165008545,9.036230087280273,11.534708976745605,,25.88275718688965,54.15167999267578,25.4810848236084,34.64496994018555
2014-05-07,9.58995246887207,8.923277854919434,11.427827835083008,,25.771068572998047,53.58279800415039,24.44374656677246,34.534053802490234
2014-05-08,9.542376518249512,8.830493927001953,11.246956825256348,,25.852968215942383,53.198402404785156,24.108367919921875,34.34392166137695
2014-05-09,9.494802474975586,8.858733177185059,11.189406394958496,,25.74872589111328,53.236846923828125,24.513944625854492,34.29637908935547
2014-05-12,9.68836784362793,8.931344985961914,11.452492713928223,,26.299739837646484,54.612945556640625,25.7072696685791,35.06486129760742
2014-05-13,9.834630012512207,9.012025833129883,11.427827835083008,,26.374197006225586,54.71288299560547,25.39529037475586,35.215389251708984
2014-05-14,9.929780960083008,9.068501472473145,11.41960620880127,,26.672042846679688,55.26638412475586,25.6292781829834,35.55604934692383
2014-05-15,9.848222732543945,9.116910934448242,11.394942283630371,,26.48589324951172,54.9588737487793,25.559080123901367,35.44514083862305
2014-05-16,9.821036338806152,9.04429817199707,11.4689359664917,,26.783740997314453,55.358638763427734,25.46548843383789,35.71450424194336
2014-05-19,9.876631736755371,8.907222747802734,11.4689359664917,,26.627368927001953,55.25101089477539,25.863262176513672,35.60359573364258
2014-05-20,9.77346134185791,8.874868392944336,11.329170227050781,,26.470996856689453,55.00501251220703,26.097248077392578,35.453067779541016
2014-05-21,9.98415470123291,8.931344985961914,11.427827835083008,,26.83586311340332,55.758384704589844,26.41703224182129,35.85710144042969
2014-05-22,10.215239524841309,9.036230087280273,11.436049461364746,,27.066692352294922,56.235008239746094,26.682212829589844,36.253231048583984
2014-05-23,10.235627174377441,9.108842849731445,11.4689359664917,,27.059247970581055,56.358036041259766,26.69781494140625,36.2928466796875
2014-05-27,10.005970001220703,9.076570510864258,11.477157592773438,,26.917770385742188,56.21965789794922,26.939598083496094,36.11854934692383
2014-05-28,10.106492042541504,9.141115188598633,11.4689359664917,,27.245399475097656,56.53483963012695,27.009796142578125,36.36415100097656
2014-05-29,10.031798362731934,9.06043529510498,11.4689359664917,,27.297521591186523,56.527156829833984,27.095584869384766,36.33245849609375
2014-05-30,10.194779396057129,9.052366256713867,11.4689359664917,,27.438995361328125,56.49639892578125,26.612014770507812,36.33245849609375
2014-06-02,10.09289836883545,9.076570510864258,11.559369087219238,,27.640039443969727,56.85772705078125,26.42483139038086,36.6176643371582
2014-06-03,10.194779396057129,9.157252311706543,11.526485443115234,,27.885761260986328,57.21135330200195,26.206438064575195,36.966251373291016
2014-06-04,10.1975679397583,9.165318489074707,11.436049461364746,,27.654943466186523,56.773155212402344,26.245441436767578,36.63351058959961
2014-06-05,10.276406288146973,9.221796989440918,11.526485443115234,,27.878326416015625,57.18060302734375,26.635417938232422,36.91871643066406
2014-06-06,10.194847106933594,9.26213550567627,11.477157592773438,,27.72939682006836,57.19599151611328,26.6588191986084,36.752342224121094
2014-06-09,10.242423057556152,9.318612098693848,11.567591667175293,,28.004899978637695,57.6803092956543,26.96299171447754,37.0850944519043
2014-06-10,10.364763259887695,9.334749221801758,11.625144958496094,,28.131488800048828,58.018558502197266,27.095584869384766,37.34653854370117
2014-06-11,10.289999961853027,9.383156776428223,11.600479125976562,,28.01235580444336,57.71874237060547,27.516761779785156,37.0850944519043
2014-06-12,10.330709457397461,9.399293899536133,11.542929649353027,,27.937885284423828,57.6803092956543,27.29058074951172,37.06924057006836
2014-06-13,10.317187309265137,9.479972839355469,11.699134826660156,,28.36231803894043,58.29532241821289,27.399768829345703,37.528751373291016
2014-06-16,10.412336349487305,9.410588264465332,11.600479125976562,,28.310199737548828,58.31837844848633,27.485565185546875,37.42576217651367
2014-06-17,10.459915161132812,9.439635276794434,11.641586303710938,,28.287858963012695,58.210750579833984,27.789751052856445,37.42576217651367
2014-06-18,10.432727813720703,9.359031677246094,11.690913200378418,,28.503795623779297,58.66431427001953,28.086130142211914,37.607975006103516
2014-06-19,10.40554141998291,9.375089645385742,11.600479125976562,,28.243179321289062,58.12617111206055,27.727354049682617,37.27523422241211
2014-06-20,10.337575912475586,9.391223907470703,11.6333646774292,,28.16872215270996,58.018714904785156,27.43876838684082,37.21977615356445
2014-06-23,10.371489524841309,9.302475929260254,11.567591667175293,,27.818750381469727,57.55146408081055,27.493364334106445,36.768192291259766
2014-06-24,10.337575912475586,9.375089645385742,11.526485443115234,,27.728086471557617,57.387916564941406,27.641555786132812,36.63351058959961
2014-06-25,10.235695838928223,9.350802421569824,11.58403491973877,,27.78097915649414,57.862953186035156,27.956911087036133,36.91362380981445
2014-06-26,10.534675598144531,9.431564331054688,11.789573669433594,,28.05296516418457,58.40810775756836,28.499528884887695,37.29193115234375
2014-06-27,10.444962501525879,9.391223907470703,11.814234733581543,,28.11341094970703,58.493770599365234,28.727590560913086,37.388526916503906
2014-06-30,10.602642059326172,9.358874320983887,11.838900566101074,,27.98496437072754,58.59501266479492,29.175844192504883,37.324134826660156
2014-07-01,10.568659782409668,9.401472091674805,11.945781707763672,,28.196516036987305,58.96102523803711,29.655559539794922,37.589759826660156
2014-07-02,10.697794914245605,9.544519424438477,12.027995109558105,,28.72539520263672,59.724246978759766,29.72633171081543,38.10490798950195
2014-07-03,10.711386680603027,9.673605918884277,12.159537315368652,,29.0351619720459,60.40956115722656,29.789247512817383,38.483211517333984
2014-07-07,10.5890474319458,9.689743041992188,12.126651763916016,,28.974712371826172,60.36283493041992,29.356725692749023,38.587860107421875
2014-07-08,10.64342212677002,9.689743041992188,11.978666305541992,,28.8236141204834,59.65414047241211,28.098461151123047,38.37052917480469
2014-07-09,10.514286994934082,9.633265495300293,11.929338455200195,,28.6876163482666,59.58405303955078,28.059139251708984,38.23368453979492
2014-07-10,10.453118324279785,9.673605918884277,11.871786117553711,,28.513837814331055,59.303707122802734,28.263607025146484,38.000267028808594
2014-07-11,10.602642059326172,9.730084419250488,11.92111587524414,,28.634723663330078,59.59962463378906,28.17710304260254,38.16929626464844
2014-07-14,10.568659782409668,9.867239952087402,12.027995109558105,,29.012496948242188,60.29273223876953,28.703996658325195,38.60395050048828
2014-07-15,10.514286994934082,9.891446113586426,11.9622220993042,,29.012496948242188,60.29273223876953,28.625364303588867,38.61199951171875
2014-07-16,10.616233825683594,9.939852714538574,12.052659034729004,,29.103153228759766,60.61982345581055,28.680408477783203,38.85348129272461
2014-07-17,10.575455665588379,9.947922706604004,11.806015968322754,,28.6876163482666,59.73202133178711,27.933317184448242,38.29003143310547
2014-07-18,10.514286994934082,9.867239952087402,11.92111587524414,,28.89160919189453,60.2226448059082,28.35797691345215,38.547607421875
2014-07-21,10.56186294555664,9.875309944152832,11.855342864990234,,28.868942260742188,60.37839889526367,28.837684631347656,38.563697814941406
2014-07-22,10.67740535736084,10.035056114196777,12.036215782165527,,29.51869773864746,61.3362922668457,29.537593841552734,39.28813934326172
2014-07-23,10.813334465026855,10.189962387084961,12.011551856994629,,29.911577224731445,61.842506408691406,29.569047927856445,39.69060134887695
2014-07-24,10.781391143798828,10.230304718017578,12.052659034729004,,30.31201171875,62.41879653930664,29.820701599121094,40.06890869140625
2014-07-25,10.867707252502441,10.246440887451172,12.167759895324707,,30.364900588989258,62.90161895751953,30.38691520690918,40.06087112426758
2014-07-28,10.867707252502441,10.28678035736084,12.208866119384766,,31.01466178894043,63.81278991699219,30.99245262145996,40.704795837402344
2014-07-29,10.800420761108398,10.254507064819336,12.192423820495605,,30.939105987548828,63.516868591308594,30.52847671508789,40.592105865478516
2014-07-30,10.629828453063965,10.327120780944824,12.274640083312988,,30.757774353027344,63.00287628173828,30.4498291015625,40.294281005859375
2014-07-31,10.55506420135498,10.093147277832031,12.077322006225586,,30.57645034790039,62.44217300415039,29.569047927856445,39.83548355102539
2014-08-01,10.670607566833496,10.004478454589844,12.101984977722168,,30.765331268310547,62.76923370361328,29.498268127441406,40.19768524169922
2014-08-04,10.670607566833496,10.310744285583496,12.274640083312988,,31.029762268066406,63.47791290283203,30.127397537231445,40.63235855102539
2014-08-05,10.745368957519531,10.246440887451172,12.118431091308594,,30.57645034790039,62.74585723876953,29.62409782409668,40.21379852294922
2014-08-06,10.662724494934082,10.28678035736084,12.118431091308594,,30.3800106048584,62.57454299926758,29.742063522338867,40.04476547241211
2014-08-07,10.663809776306152,10.238371849060059,12.08554458618164,,30.11557388305664,62.22411346435547,29.92293357849121,39.77912902832031
2014-08-08,10.867707252502441,10.407801628112793,12.159537315368652,,30.591552734375,63.31438446044922,30.43410301208496,40.44721984863281
2014-08-11,11.098791122436523,10.41586971282959,12.258194923400879,,31.007104873657227,64.01527404785156,31.291288375854492,40.88993453979492
2014-08-12,11.022669792175293,10.472344398498535,12.274640083312988,,30.954219818115234,63.97634506225586,31.275556564331055,40.96237564086914
2014-08-13,11.030824661254883,10.633708000183105,12.430846214294434,,31.331985473632812,64.69281768798828,31.535078048706055,41.37287521362305
2014-08-14,11.03762149810791,10.504617691040039,12.332189559936523,,30.991994857788086,64.13208770751953,31.322750091552734,40.98652267456055
2014-08-15,10.969655990600586,10.536890029907227,12.274640083312988,,31.029762268066406,64.15547180175781,31.33061408996582,40.970420837402344
2014-08-18,11.071605682373047,10.480414390563965,12.323968887329102,,31.279088973999023,64.59935760498047,31.770999908447266,41.219947814941406
2014-08-19,11.125977516174316,10.480414390563965,12.340409278869629,,31.30176544189453,64.70059967041016,31.739543914794922,41.29238510131836
2014-08-20,11.227927207946777,10.488482475280762,12.291083335876465,,31.135540008544922,64.45918273925781,31.582260131835938,41.195804595947266
2014-08-21,11.179671287536621,10.29484748840332,12.159537315368652,,30.727558135986328,63.81278991699219,31.18906021118164,40.75310134887695
2014-08-22,11.23465347290039,10.310983657836914,12.126651763916016,,30.893774032592773,63.81278991699219,31.307024002075195,40.777252197265625
2014-08-25,11.221131324768066,10.407801628112793,12.184202194213867,,31.165769577026367,64.30345153808594,31.464296340942383,41.091163635253906
2014-08-26,11.221131324768066,10.321796417236328,12.175980567932129,,31.211103439331055,64.2489013671875,31.66089630126953,41.09919738769531
2014-08-27,11.268704414367676,10.230304718017578,12.167759895324707,,30.991994857788086,63.859527587890625,31.1182804107666,40.88188171386719
2014-08-28,11.119180679321289,10.085079193115234,11.904671669006348,,30.614219665527344,62.88606643676758,30.599245071411133,40.31039047241211
2014-08-29,11.153162956237793,10.189962387084961,11.97044563293457,,30.57645034790039,62.90161895751953,30.52847671508789,40.35062789916992
2014-09-02,11.289027214050293,10.29484748840332,12.101984977722168,,30.757774353027344,63.47791290283203,30.961002349853516,40.60014724731445
2014-09-03,11.588144302368164,10.480414390563965,12.208866119384766,,31.777748107910156,65.0977783203125,31.0081844329834,41.79948425292969
2014-09-04,11.567754745483398,10.553027153015137,12.192423820495605,,31.875959396362305,65.07440948486328,31.07109832763672,41.83168411254883
2014-09-05,11.520179748535156,10.528823852539062,12.29930305480957,,32.12529754638672,65.71300506591797,31.055370330810547,42.19389724731445
2014-09-08,11.588144302368164,10.484447479248047,12.307524681091309,,31.951522827148438,65.40150451660156,31.078960418701172,41.96046829223633
2014-09-09,11.4522123336792,10.383597373962402,12.167759895324707,,31.7248592376709,64.75511932373047,30.19031524658203,41.63045120239258
2014-09-10,11.377449035644531,10.335189819335938,12.093765258789062,,31.165769577026367,64.0542221069336,29.62409782409668,41.09919738769531
2014-09-11,11.257492065429688,10.327120780944824,11.98688793182373,,31.05998420715332,63.82059860229492,29.569047927856445,40.90602493286133
2014-09-12,11.207534790039062,10.310983657836914,11.92111587524414,,30.939105987548828,63.50908660888672,29.67128562927246,40.64040756225586
2014-09-15,10.908487319946289,10.189962387084961,11.715579986572266,,30.500896453857422,62.43437194824219,28.743314743041992,40.109153747558594
2014-09-16,10.996843338012695,10.391664505004883,11.814234733581543,,30.697336196899414,62.91720199584961,28.98710823059082,40.406978607177734
2014-09-17,11.08513069152832,10.262578010559082,11.674470901489258,,30.478221893310547,62.7147331237793,29.018564224243164,40.141353607177734
2014-09-18,10.949268341064453,10.214168548583984,11.641586303710938,,30.432893753051758,62.76923370361328,29.333127975463867,40.12525177001953
2014-09-19,10.806538581848145,10.238371849060059,11.510042190551758,,30.123126983642578,62.23967361450195,28.991039276123047,39.72279357910156
2014-09-22,10.6094388961792,10.02053451538086,11.386720657348633,,29.55647850036621,60.915775299072266,28.082733154296875,39.01446533203125
2014-09-23,10.55506420135498,10.05280590057373,11.411384582519531,,29.526254653930664,60.845664978027344,28.200693130493164,38.805179595947266
2014-09-24,10.765759468078613,10.157691955566406,11.58403491973877,,30.1004638671875,61.9982795715332,28.538850784301758,39.602054595947266
2014-09-25,10.589116096496582,10.246440887451172,11.41960620880127,,29.46581268310547,60.87681579589844,27.854671478271484,38.93397903442383
2014-09-26,10.668229103088379,10.185284614562988,11.436049461364746,,29.609359741210938,61.11045455932617,27.9018611907959,39.054710388183594
2014-09-29,10.350488662719727,10.05280590057373,11.131856918334961,,28.91427993774414,59.646358489990234,27.563701629638672,38.07271194458008
2014-09-30,10.276406288146973,10.02053451538086,11.214071273803711,,28.921829223632812,59.69308853149414,27.201955795288086,38.13710403442383
2014-10-01,10.113288879394531,9.964056968688965,11.008533477783203,,28.302288055419922,58.48598098754883,26.352624893188477,37.42073059082031
2014-10-02,9.9569673538208,9.754287719726562,11.016756057739258,,28.309850692749023,58.63394546508789,26.659332275390625,37.324134826660156
2014-10-03,10.249153137207031,10.028600692749023,11.074305534362793,,28.770729064941406,59.45945358276367,27.099720001220703,37.927818298339844
2014-10-06,10.398744583129883,10.173827171325684,11.230514526367188,,29.18626594543457,60.38619613647461,27.091854095458984,38.6764030456543
2014-10-07,10.493896484375,10.181894302368164,11.15652084350586,,28.936946868896484,59.98122024536133,26.871660232543945,38.37858200073242
2014-10-08,10.425932884216309,10.270646095275879,11.370279312133789,,29.480928421020508,61.03257369995117,27.335643768310547,39.00642776489258
2014-10-09,10.40554141998291,10.141554832458496,11.238734245300293,,28.997379302978516,60.06688690185547,26.81661033630371,38.442970275878906
2014-10-10,10.09969711303711,10.085079193115234,11.148300170898438,,28.491172790527344,58.750762939453125,25.81000518798828,37.71048355102539
2014-10-13,10.079306602478027,9.891446113586426,11.074305534362793,,28.74805450439453,58.86758041381836,25.385347366333008,37.93587112426758
2014-10-14,10.045321464538574,9.915648460388184,11.074305534362793,,28.793386459350586,58.992183685302734,25.51116943359375,37.97611618041992
2014-10-15,9.692241668701172,9.939852714538574,11.049641609191895,,28.672502517700195,58.96102523803711,26.09311294555664,37.79903793334961
2014-10-16,9.916189193725586,10.068943977355957,10.983870506286621,,28.559171676635742,58.84421157836914,26.541372299194336,37.662193298339844
2014-10-17,10.024932861328125,9.988343238830566,11.057862281799316,,28.89160919189453,59.404937744140625,26.557098388671875,38.04856491088867
2014-10-20,9.963765144348145,9.980274200439453,11.066083908081055,,28.906713485717773,59.57627487182617,27.013214111328125,38.145145416259766
2014-10-21,10.106492042541504,10.032635688781738,11.123634338378906,,29.020050048828125,59.9189338684082,27.658069610595703,38.26588821411133
2014-10-22,10.123825073242188,10.149624824523926,11.057862281799316,,28.906713485717773,59.66971206665039,27.50865364074707,38.17734909057617
2014-10-23,10.113288879394531,10.173827171325684,11.115412712097168,,29.088050842285156,59.996803283691406,27.728849411010742,38.394676208496094
2014-10-24,10.09969711303711,10.157691955566406,11.066083908081055,,29.19382667541504,60.21486282348633,27.73671531677246,38.49932098388672
2014-10-27,9.905993461608887,10.104846000671387,10.885210990905762,,28.78583335876465,59.4516716003418,27.367097854614258,38.08880615234375
2014-10-28,10.072508811950684,10.359395027160645,11.107192039489746,,29.66981315612793,60.83008575439453,28.122051239013672,39.00642776489258
2014-10-29,10.072508811950684,10.472344398498535,11.148300170898438,,29.77558708190918,60.96248245239258,27.713119506835938,39.12714767456055
2014-10-30,10.052119255065918,10.464278221130371,11.181184768676758,,29.805801391601562,61.23505401611328,28.200693130493164,39.15934753417969
2014-10-31,10.147272109985352,10.472344398498535,11.353833198547363,,30.1684627532959,61.982669830322266,28.743314743041992,39.61009979248047
2014-11-03,10.140475273132324,10.553027153015137,11.214071273803711,,29.881357192993164,61.58552169799805,28.82982635498047,39.352542877197266
2014-11-04,10.113288879394531,10.641773223876953,11.2798433303833,,30.04758644104004,61.97490310668945,29.097204208374023,39.52155685424805
2014-11-05,10.01813793182373,10.657909393310547,11.17296314239502,,29.813358306884766,61.50761413574219,28.538850784301758,39.272037506103516
2014-11-06,9.9569673538208,10.641773223876953,11.164742469787598,,29.73024559020996,61.49205780029297,28.664688110351562,39.1995964050293
2014-11-07,9.86181640625,10.625639915466309,11.131856918334961,,29.6773681640625,61.32072830200195,28.821958541870117,39.07886505126953
2014-11-10,9.800646781921387,10.891077995300293,11.17296314239502,,29.69247817993164,61.7256965637207,29.734195709228516,39.13520812988281
2014-11-11,9.787053108215332,10.738591194152832,11.189406394958496,,29.836027145385742,61.91257858276367,29.514001846313477,39.255943298339844
2014-11-12,9.725884437561035,10.858804702758789,11.15652084350586,,29.805801391601562,62.037193298339844,29.812833786010742,39.223751068115234
2014-11-13,9.753070831298828,10.89995288848877,11.164742469787598,,29.979576110839844,62.231903076171875,29.553327560424805,39.46521759033203
2014-11-14,9.77346134185791,10.883817672729492,11.436049461364746,,30.561338424682617,63.516868591308594,30.300413131713867,40.27819061279297
2014-11-17,9.579757690429688,10.690181732177734,11.25517749786377,,29.654695510864258,61.904808044433594,29.62409782409668,39.175445556640625
2014-11-18,9.454021453857422,10.625639915466309,11.148300170898438,,29.329824447631836,61.328521728515625,29.128660202026367,38.7971305847168
2014-11-19,9.454021453857422,10.569162368774414,11.02497673034668,,29.19382667541504,60.931331634521484,28.586034774780273,38.595916748046875
2014-11-20,9.521988868713379,10.512686729431152,10.983870506286621,,29.080488204956055,60.65877151489258,28.633224487304688,38.36248016357422
2014-11-21,9.834630012512207,10.92415714263916,11.271622657775879,,30.153352737426758,62.74585723876953,29.034292221069336,39.706695556640625
2014-11-24,9.882205963134766,10.875747680664062,11.22229290008545,,30.23646354675293,62.49666976928711,29.08147621154785,39.68255615234375
2014-11-25,9.77346134185791,10.867680549621582,11.107192039489746,,29.987133026123047,62.01383590698242,28.916332244873047,39.408878326416016
2014-11-26,9.916189193725586,11.089713096618652,11.296284675598145,,30.923988342285156,63.54800796508789,29.06574249267578,40.51161193847656
2014-11-28,9.58995246887207,10.979826927185059,11.189406394958496,,30.674663543701172,62.893836975097656,28.751184463500977,40.06890869140625
2014-12-01,9.399649620056152,10.674047470092773,10.92632007598877,,29.873807907104492,61.20390319824219,27.547975540161133,39.054710388183594
2014-12-02,9.40644645690918,10.843396186828613,11.02497673034668,,30.606664657592773,62.20073699951172,27.57156753540039,39.8596305847168
2014-12-03,9.345277786254883,10.738591194152832,10.89343547821045,,30.448007583618164,61.749046325683594,27.540115356445312,39.626197814941406
2014-12-04,9.630733489990234,10.956429481506348,10.89343547821045,,31.36220932006836,62.84712600708008,27.296323776245117,40.567955017089844
2014-12-05,9.576360702514648,10.908019065856934,10.967428207397461,,31.717309951782227,63.27543640136719,27.17835807800293,40.96237564086914
2014-12-08,9.413244247436523,10.900033950805664,10.720784187316895,,31.490650177001953,62.582340240478516,26.187484741210938,40.54380798339844
2014-12-09,9.182159423828125,10.706318855285645,10.581016540527344,,30.440452575683594,60.96248245239258,26.486316680908203,39.272037506103516
2014-12-10,9.134652137756348,10.815238952636719,10.408368110656738,,30.145803451538086,60.40956115722656,25.817873001098633,39.054710388183594
2014-12-11,9.154974937438965,10.891884803771973,10.556351661682129,,30.266677856445312,60.89237976074219,26.19535255432129,39.29617691040039
2014-12-12,9.141379356384277,10.956429481506348,10.424811363220215,,29.88892364501953,60.21486282348633,26.077388763427734,38.74884796142578
2014-12-15,9.039430618286133,10.877603530883789,10.350817680358887,,29.805801391601562,59.996803283691406,25.920103073120117,38.595916748046875
2014-12-16,8.910298347473145,10.859610557556152,10.326153755187988,,29.737808227539062,59.646358489990234,25.24378776550293,38.451026916503906
2014-12-17,8.99185562133789,11.109723091125488,10.334372520446777,,30.478221893310547,60.61982345581055,25.424663543701172,39.35297393798828
2014-12-18,9.114192962646484,11.085517883300781,10.268603324890137,,30.621780395507812,61.094871520996094,26.19535255432129,39.580509185791016
2014-12-19,9.13458251953125,11.077448844909668,10.375479698181152,,30.802331924438477,61.549110412597656,26.50204849243164,39.74301528930664
2014-12-22,9.372465133666992,11.141993522644043,10.400147438049316,,31.55977439880371,62.32710647583008,26.391950607299805,40.49871063232422
2014-12-23,9.236532211303711,10.89995288848877,10.400147438049316,,31.108375549316406,61.58054733276367,26.053796768188477,39.986778259277344
2014-12-24,9.21621036529541,10.778931617736816,10.416587829589844,,30.85588264465332,61.26618957519531,26.16861343383789,39.718631744384766
2014-12-26,9.433632850646973,11.037110328674316,10.67967414855957,,31.888769149780273,62.7672004699707,26.470590591430664,40.6937255859375
2014-12-29,9.333762168884277,11.117223739624023,10.556319236755371,,31.819896697998047,62.36640167236328,25.904375076293945,40.669349670410156
2014-12-30,9.250240325927734,11.084716796875,10.472407341003418,,31.330245971679688,61.8084602355957,25.794275283813477,40.18992614746094
2014-12-31,9.326803207397461,11.434161186218262,10.589886665344238,,31.842849731445312,62.58646011352539,25.636995315551758,40.815608978271484
2015-01-02,9.424247741699219,11.9136323928833,10.522757530212402,,31.888769149780273,62.625755310058594,26.14029884338379,40.83998107910156
2015-01-05,9.333762168884277,11.742971420288086,10.531149864196777,,31.774005889892578,62.492156982421875,26.21894073486328,40.783111572265625
2015-01-06,9.312882423400879,11.507302284240723,10.514365196228027,,31.383804321289062,62.11492156982422,26.352624893188477,40.39308166503906
2015-01-07,9.333762168884277,11.653581619262695,10.61506175994873,,32.2100944519043,63.749549865722656,26.61214828491211,41.42504119873047
2015-01-08,9.545565605163574,11.621074676513672,10.707366943359375,,32.470218658447266,64.25250244140625,27.052536010742188,41.839454650878906
2015-01-09,9.396406173706055,11.556060791015625,10.707366943359375,,32.34781265258789,63.906707763671875,26.81661033630371,41.70132064819336
2015-01-12,9.424247741699219,11.315838813781738,10.631843566894531,,32.057090759277344,63.2465705871582,26.179622650146484,41.31940460205078
2015-01-13,9.431208610534668,11.588485717773438,10.698975563049316,,32.51613235473633,63.82026290893555,26.006607055664062,41.79069519042969
2015-01-14,9.285042762756348,11.466669082641602,10.581496238708496,,32.171844482421875,63.15229034423828,25.86505699157715,41.36003494262695
2015-01-15,9.466009140014648,11.531682014465332,10.522757530212402,,32.4931755065918,63.16012954711914,25.408935546875,41.603816986083984
2015-01-16,9.365084648132324,11.523553848266602,10.48080062866211,,32.301910400390625,63.06584548950195,25.699907302856445,41.400665283203125
2015-01-20,9.285042762756348,11.324453353881836,10.4388427734375,,31.949970245361328,62.71221160888672,26.085247039794922,41.08376693725586
2015-01-21,9.382485389709473,11.572314262390137,10.707366943359375,,32.96753692626953,64.55897521972656,26.61214828491211,42.40012741088867
2015-01-22,9.584334373474121,11.548015594482422,10.791279792785645,,33.55664825439453,65.46272277832031,26.793020248413086,43.11519241333008
2015-01-23,9.514730453491211,11.44310188293457,10.766105651855469,,33.47248458862305,65.23483276367188,26.863798141479492,42.94456100463867
2015-01-26,9.455153465270996,11.482108116149902,10.757713317871094,,33.457183837890625,65.3212661743164,27.070621490478516,42.87142562866211
2015-01-27,9.382485389709473,11.35289478302002,10.757713317871094,,32.81451416015625,64.33893585205078,26.973894119262695,42.17261505126953
2015-01-28,9.310935020446777,11.157774925231934,10.631843566894531,,32.217750549316406,63.25444030761719,26.62787628173828,41.563175201416016
2015-01-29,9.340723991394043,11.052209854125977,10.791279792785645,,32.43198013305664,63.631649017333984,26.281850814819336,41.85570526123047
2015-01-30,9.271120071411133,10.970943450927734,10.648628234863281,,31.552125930786133,62.287841796875,25.857189178466797,40.95374298095703
2015-02-02,9.271120071411133,10.81653881072998,10.623453140258789,,32.087684631347656,63.10512924194336,26.022336959838867,41.52255630493164
2015-02-03,9.354642868041992,11.035957336425781,10.782888412475586,,32.738014221191406,63.99314880371094,26.462724685668945,42.11573791503906
2015-02-04,9.542572021484375,11.052209854125977,10.782888412475586,,33.0134391784668,64.30750274658203,26.698650360107422,42.44888687133789
2015-02-05,9.22935962677002,10.792158126831055,10.791279792785645,,32.90632629394531,64.02458953857422,26.596418380737305,42.39200973510742
2015-02-06,9.124954223632812,10.6377534866333,10.640237808227539,,32.1641960144043,62.67289733886719,26.281850814819336,41.46566390991211
2015-02-09,9.027511596679688,10.507728576660156,10.547929763793945,,32.087684631347656,62.42927932739258,25.959423065185547,41.26252365112305
2015-02-10,9.138873100280762,10.515853881835938,10.606671333312988,,32.23305892944336,62.8693733215332,26.12457275390625,41.52255630493164
2015-02-11,9.097113609313965,10.580865859985352,10.59827995300293,,32.217750549316406,62.82223129272461,26.061656951904297,41.481929779052734
2015-02-12,9.111034393310547,10.897804260253906,10.749323844909668,,32.67679977416992,63.34872817993164,25.912242889404297,42.099483489990234
2015-02-13,9.125650405883789,10.979072570800781,10.891976356506348,,32.88337326049805,63.773094177246094,26.21894073486328,42.35137939453125
2015-02-17,9.138806343078613,11.052209854125977,11.110152244567871,,33.00578308105469,63.9538459777832,26.51778221130371,42.55452346801758
2015-02-18,9.16678524017334,10.987197875976562,11.043021202087402,,32.97517776489258,63.86741256713867,26.541372299194336,42.408267974853516
2015-02-19,9.194558143615723,10.970943450927734,11.051413536071777,,32.944580078125,63.75737380981445,26.368356704711914,42.3595085144043
2015-02-20,9.201518058776855,11.068465232849121,11.084978103637695,,33.15114974975586,64.22106170654297,26.407678604125977,42.652034759521484
2015-02-23,9.104074478149414,11.068465232849121,11.026238441467285,,32.8757209777832,63.68666458129883,26.250402450561523,42.32699966430664
2015-02-24,9.122864723205566,11.222867965698242,11.043021202087402,,33.28120803833008,64.3310775756836,26.179622650146484,42.83079147338867
2015-02-25,9.118690490722656,11.1903657913208,10.950716018676758,,33.08229446411133,64.11105346679688,25.806072235107422,42.69265365600586
2015-02-26,9.298961639404297,11.373210906982422,10.967498779296875,,33.48779296875,64.6768569946289,25.912242889404297,43.13145446777344
2015-02-27,9.298961639404297,11.32851505279541,10.883584022521973,,33.480140686035156,64.51966857910156,25.503305435180664,43.11519241333008
2015-03-02,9.382485389709473,11.32851505279541,10.93393325805664,,33.54899597167969,64.66901397705078,25.41680145263672,43.31022262573242
2015-03-03,9.278081893920898,11.157855987548828,10.774496078491211,,32.66914749145508,63.498069763183594,25.17301368713379,42.253875732421875
2015-03-04,9.177156448364258,11.100970268249512,10.71575927734375,,32.14889144897461,63.16012954711914,25.41680145263672,41.831336975097656
2015-03-05,9.208478927612305,11.084716796875,10.724148750305176,,31.90406036376953,63.23874282836914,25.998746871948242,41.603816986083984
2015-03-06,9.243279457092285,11.149731636047363,10.665410041809082,,31.567424774169922,62.617881774902344,25.99087905883789,41.15689468383789
2015-03-09,9.159756660461426,11.117223739624023,10.648628234863281,,31.93467140197754,62.93221664428711,25.64486312866211,41.52255630493164
2015-03-10,9.083191871643066,10.83279037475586,10.522757530212402,,31.192529678344727,61.6905517578125,25.330297470092773,40.62871551513672
2015-03-11,8.89526653289795,10.93031120300293,10.547929763793945,,31.269039154052734,61.745567321777344,25.21233367919922,40.856231689453125
2015-03-12,8.86046028137207,11.035957336425781,10.539541244506836,,31.582735061645508,62.08349609375,24.968547821044922,41.246273040771484
2015-03-13,8.797821044921875,10.897804260253906,10.522757530212402,,31.743392944335938,62.201377868652344,24.858449935913086,41.392539978027344
2015-03-16,8.840974807739258,11.060338973999023,10.573103904724121,,32.31720733642578,63.097267150878906,24.960681915283203,42.11573791503906
2015-03-17,8.909185409545898,11.296009063720703,10.648628234863281,,32.454925537109375,63.301578521728516,25.11796760559082,42.367637634277344
2015-03-18,9.117020606994629,11.499174118041992,10.833236694335938,,33.02109146118164,64.3939437866211,25.440391540527344,42.993316650390625
2015-03-19,9.11799430847168,11.588570594787598,10.900367736816406,,33.0134391784668,64.40179443359375,25.7077693939209,42.89580535888672
2015-03-20,9.145902633666992,11.507302284240723,11.017848014831543,,33.1588020324707,64.75546264648438,26.19535255432129,43.04206466674805
2015-03-23,9.062312126159668,11.694131851196289,10.950716018676758,,33.05169677734375,64.6768569946289,26.698650360107422,42.98518371582031
2015-03-24,9.055352210998535,11.621074676513672,11.009455680847168,,32.898677825927734,64.59041595458984,26.753698348999023,42.81454849243164
2015-03-25,8.930066108703613,11.612947463989258,10.97589111328125,,32.523780822753906,63.765262603759766,26.49418067932129,42.310752868652344
2015-03-26,9.01498031616211,11.580440521240234,10.97589111328125,,32.4931755065918,63.80455017089844,26.404531478881836,42.31888198852539
2015-03-27,9.15954875946045,11.775480270385742,11.160501480102539,,32.97517776489258,64.7633056640625,26.74582862854004,42.93643569946289
2015-03-30,9.375527381896973,12.677535057067871,11.454197883605957,,34.229923248291016,66.98731231689453,26.91098403930664,44.520957946777344
2015-03-31,9.410327911376953,12.515005111694336,11.462590217590332,,33.969791412353516,66.51579284667969,26.95030403137207,44.28531265258789
2015-04-01,9.486891746520996,12.791309356689453,11.672371864318848,,34.58186340332031,67.57672882080078,26.9896240234375,45.00849151611328
2015-04-02,9.619135856628418,13.238190650939941,11.949286460876465,,34.93379211425781,68.4647445678711,27.524381637573242,45.56104278564453
2015-04-06,9.644889831542969,13.449563980102539,12.10033130645752,,35.362247467041016,69.18772888183594,27.744577407836914,46.08110046386719
2015-04-07,9.74233341217041,13.571547508239746,12.11711311340332,,35.477012634277344,69.21918487548828,28.0119571685791,46.11359786987305
2015-04-08,10.377809524536133,15.52998161315918,12.998207092285156,,37.657501220703125,73.76933288574219,30.080219268798828,48.925106048583984
2015-04-09,10.59357738494873,16.001327514648438,13.308687210083008,,39.11116409301758,76.54344940185547,30.284687042236328,51.06216812133789
2015-04-10,10.579658508300781,15.911935806274414,13.266730308532715,,38.85869216918945,75.78900146484375,30.08808135986328,50.5827522277832
2015-04-13,10.59357738494873,16.409690856933594,13.124074935913086,,39.27947998046875,76.59844970703125,30.198183059692383,51.00529861450195
2015-04-14,10.565667152404785,16.204490661621094,12.889119148254395,,39.0117073059082,75.62398529052734,30.292551040649414,50.55025100708008
2015-04-15,10.534693717956543,16.090715408325195,12.738073348999023,,39.27947998046875,75.78900146484375,30.268953323364258,50.76152420043945
2015-04-16,10.816307067871094,16.562061309814453,12.83877182006836,,39.96040344238281,76.834228515625,30.43410301208496,51.549713134765625
2015-04-17,10.517014503479004,16.253250122070312,12.410811424255371,,38.2772216796875,74.29588317871094,29.836429595947266,49.74580764770508
2015-04-20,10.506296157836914,16.090715408325195,12.545073509216309,,38.56795120239258,74.51590728759766,29.663419723510742,50.0220832824707
2015-04-21,10.553207397460938,15.637578010559082,12.956250190734863,,39.40190124511719,76.05620574951172,30.284687042236328,51.10280227661133
2015-04-22,10.892870903015137,16.261377334594727,13.090510368347168,,40.082828521728516,77.53364562988281,30.787988662719727,52.0616340637207
2015-04-23,10.858068466186523,16.40757179260254,13.207990646362305,,39.669677734375,77.05425262451172,31.08603858947754,51.62284469604492
2015-04-24,10.75436019897461,16.407657623291016,13.182815551757812,,39.72323226928711,77.32933807373047,31.33061408996582,51.63098907470703
2015-04-27,11.136482238769531,16.732723236083984,13.308687210083008,,40.32765197753906,78.40596771240234,31.857500076293945,52.32979965209961
2015-04-28,11.066808700561523,16.50517463684082,13.266730308532715,,40.32765197753906,78.32736206054688,31.582260131835938,52.35417175292969
2015-04-29,10.85110855102539,16.2857608795166,13.082120895385742,,39.76913833618164,77.28215789794922,31.40925407409668,51.671607971191406
2015-04-30,10.705012321472168,15.895678520202637,12.872335433959961,,39.27183151245117,76.42556762695312,31.181196212768555,50.93216323852539
2015-05-01,10.635409355163574,16.204490661621094,12.998207092285156,,39.63142395019531,77.05425262451172,31.33061408996582,51.403446197509766
2015-05-04,10.934633255004883,15.985068321228027,13.149249076843262,,39.94511032104492,77.8086929321289,31.70808982849121,51.82600021362305
2015-05-05,10.760624885559082,15.505599975585938,12.813596725463867,,38.506752014160156,75.23106384277344,30.976730346679688,50.249603271484375
2015-05-06,10.510055541992188,14.74169635772705,12.729682922363281,,37.72636413574219,73.5728759765625,30.355459213256836,49.16887283325195
2015-05-07,10.343008041381836,14.424758911132812,12.729682922363281,,37.711063385009766,73.31355285644531,30.83516502380371,48.90073013305664
2015-05-08,10.442120552062988,15.188663482666016,12.947857856750488,,38.64446258544922,75.16033172607422,31.063234329223633,50.038326263427734
2015-05-11,10.558774948120117,15.448629379272461,13.023380279541016,,38.30782699584961,74.81453704833984,31.519350051879883,49.71329879760742
2015-05-12,10.430220603942871,15.157780647277832,12.922682762145996,,38.093605041503906,74.4923324584961,30.99245262145996,49.461402893066406
2015-05-13,10.454371452331543,14.98549747467041,12.897510528564453,,37.64986038208008,74.04439544677734,31.456439971923828,49.01449203491211
2015-05-14,10.503094673156738,15.042463302612305,13.023380279541016,,37.994144439697266,74.99528503417969,32.27430725097656,49.363895416259766
2015-05-15,10.530935287475586,15.204916000366211,13.107294082641602,,38.713314056396484,76.03263854980469,32.455177307128906,50.2089729309082
2015-05-18,10.496132850646973,15.18874454498291,13.207990646362305,,38.13950729370117,75.26248931884766,32.43159103393555,49.640174865722656
2015-05-19,10.496132850646973,15.615068435668945,13.258337020874023,,38.65977096557617,76.12694549560547,32.50236511230469,50.17647171020508
2015-05-20,10.489171981811523,15.746635437011719,13.216382026672363,,38.28487777709961,75.71043395996094,32.463043212890625,49.80268859863281
2015-05-21,10.322127342224121,15.903803825378418,13.249947547912598,,38.131858825683594,75.5296859741211,33.02138900756836,49.59954833984375
2015-05-22,10.461333274841309,16.025707244873047,13.761821746826172,,39.27947998046875,77.58078002929688,33.69770431518555,51.0296745300293
2015-05-26,10.523974418640137,16.293886184692383,13.669515609741211,,39.47840118408203,77.84799194335938,33.304500579833984,51.24094772338867
2015-05-27,10.621418952941895,16.19636344909668,13.711470603942871,,39.440155029296875,77.832275390625,33.19440841674805,51.19218444824219
2015-05-28,10.363889694213867,15.789949417114258,13.367424964904785,,38.00944900512695,75.30178833007812,32.78546905517578,49.38015365600586
2015-05-29,10.224333763122559,15.642450332641602,13.241557121276855,,37.30556106567383,74.28801727294922,32.32148742675781,48.6325798034668
2015-06-01,10.29428482055664,15.798160552978516,13.367424964904785,,37.71870803833008,75.41181182861328,33.0528450012207,49.16887283325195
2015-06-02,10.377809524536133,15.827414512634277,13.283513069152832,,37.72636413574219,75.40394592285156,33.202274322509766,49.087623596191406
2015-06-03,10.301246643066406,15.833674430847168,13.333860397338867,,37.98649597167969,75.80473327636719,33.40673065185547,49.4776496887207
2015-06-04,10.280364990234375,15.651878356933594,13.29190444946289,,37.74931716918945,75.1917495727539,33.26518249511719,49.038856506347656
2015-06-05,10.259485244750977,15.61937427520752,13.182815551757812,,37.45857620239258,74.8616943359375,34.0594596862793,48.705711364746094
2015-06-08,10.134199142456055,15.32599925994873,12.973031044006348,,37.80287170410156,74.76739501953125,33.80780792236328,48.81134033203125
2015-06-09,10.092434883117676,14.546660423278809,12.79681396484375,,37.28261947631836,73.5335693359375,33.485382080078125,48.112525939941406
2015-06-10,9.94070053100586,14.480022430419922,12.91429328918457,,36.93067932128906,73.35281372070312,34.08304977416992,47.755001068115234
2015-06-11,9.92538833618164,14.579167366027832,12.956250190734863,,37.25200271606445,73.87936401367188,34.42906951904297,48.05564498901367
2015-06-12,9.97411060333252,14.871719360351562,13.09890365600586,,37.5656852722168,74.43731689453125,35.066062927246094,48.45381164550781
2015-06-15,9.897547721862793,14.441338539123535,12.79681396484375,,36.425716400146484,72.59053039550781,34.0751838684082,47.16182327270508
2015-06-16,9.585030555725098,13.986734390258789,12.704508781433105,,35.95136642456055,71.96969604492188,33.996543884277344,46.52800369262695
2015-06-17,9.681777000427246,14.392169952392578,12.721292495727539,,36.0584716796875,72.30762481689453,34.68071365356445,46.747406005859375
2015-06-18,9.692218780517578,14.172834396362305,12.830378532409668,,36.1273307800293,72.66912841796875,34.56276321411133,46.97492980957031
2015-06-19,9.772261619567871,13.88035774230957,12.553465843200684,,35.7983512878418,71.97869873046875,33.737030029296875,46.52800369262695
2015-06-22,9.89058780670166,14.026554107666016,12.679336547851562,,36.265052795410156,72.55602264404297,33.55615234375,47.088687896728516
2015-06-23,10.023529052734375,14.351621627807617,12.91429328918457,,37.106651306152344,73.97962188720703,34.05159378051758,48.21817398071289
2015-06-24,10.146726608276367,14.416633605957031,12.813596725463867,,37.19046401977539,73.94798278808594,33.9100341796875,48.299415588378906
2015-06-25,10.0366849899292,14.270353317260742,12.69611644744873,,36.57523727416992,72.82493591308594,33.667137145996094,47.545040130615234
2015-06-26,9.80699348449707,13.815261840820312,12.352069854736328,,35.53704071044922,70.89517211914062,32.310672760009766,46.313724517822266
2015-06-29,9.605146408081055,13.40893268585205,11.966071128845215,,34.606510162353516,68.81512451171875,31.22234535217285,45.00033187866211
2015-06-30,9.59199047088623,13.669389724731445,12.301724433898926,,35.45245361328125,70.34154510498047,32.042537689208984,46.00179672241211
2015-07-01,9.577444076538086,13.612098693847656,12.19263744354248,,35.16790008544922,69.89865112304688,31.600894927978516,45.67344284057617
2015-07-02,9.529001235961914,13.319537162780762,12.083549499511719,,35.229434967041016,69.68511962890625,31.35641098022461,45.69807052612305
2015-07-06,9.124954223632812,12.068038940429688,11.546501159667969,,33.71444320678711,65.78602600097656,29.124553680419922,43.391422271728516
2015-07-07,8.44980525970459,11.117223739624023,11.194066047668457,,32.26865005493164,62.923004150390625,27.697114944458008,41.6347541809082
2015-07-08,8.141463279724121,10.328941345214844,10.61506175994873,,29.95386505126953,59.01602554321289,27.247587203979492,38.86017990112305
2015-07-09,8.686455726623535,11.751100540161133,11.420631408691406,,31.453479766845703,62.82017517089844,29.187644958496094,40.81386947631836
2015-07-10,8.90229606628418,12.40123176574707,11.630416870117188,,32.883872985839844,65.5645980834961,29.376924514770508,42.915313720703125
2015-07-13,9.111034393310547,12.628776550292969,11.89893913269043,,32.999237060546875,66.12613677978516,29.97629165649414,43.13694381713867
2015-07-14,9.028901100158691,12.45811653137207,11.823417663574219,,32.853118896484375,66.05491638183594,29.992063522338867,43.10410690307617
2015-07-15,8.846542358398438,12.019277572631836,11.479371070861816,,32.09177017211914,64.29916381835938,28.714466094970703,42.09444046020508
2015-07-16,9.020548820495605,12.303711891174316,11.672371864318848,,32.71469497680664,65.65946960449219,29.41635513305664,42.90709686279297
2015-07-17,9.145835876464844,12.523130416870117,11.79824161529541,,32.94540023803711,66.45828247070312,30.141904830932617,43.30933380126953
2015-07-20,9.041500091552734,12.598220825195312,11.722721099853516,,32.737770080566406,66.2052001953125,29.9526309967041,43.120521545410156
2015-07-21,9.124954223632812,12.588142395019531,11.764677047729492,,32.876182556152344,66.45038604736328,30.299636840820312,43.358577728271484
2015-07-22,9.048391342163086,12.466243743896484,11.697545051574707,,32.537811279296875,65.88094329833984,30.3311767578125,42.808597564697266
2015-07-23,8.916144371032715,12.563764572143555,11.731112480163574,,32.530120849609375,65.96795654296875,30.362728118896484,42.80038833618164
2015-07-24,8.985747337341309,12.287458419799805,11.554895401000977,,32.09946823120117,65.21659851074219,29.739702224731445,42.324283599853516
2015-07-27,8.51244831085205,11.46674919128418,11.043021202087402,,30.861312866210938,62.3773193359375,28.304370880126953,40.44448471069336
2015-07-28,8.686385154724121,11.653581619262695,11.286370277404785,,31.368885040283203,62.81230926513672,28.12298011779785,41.158634185791016
2015-07-29,8.846542358398438,12.019277572631836,11.37867546081543,,31.738018035888672,63.65853500366211,28.335914611816406,41.716827392578125
2015-07-30,8.776939392089844,11.807988166809082,11.286370277404785,,31.253528594970703,63.0100212097168,28.225505828857422,41.150428771972656
2015-07-31,8.867424011230469,11.6942138671875,11.185674667358398,,31.130483627319336,62.717403411865234,28.12298011779785,41.0765495300293
2015-08-03,8.7212553024292,11.48292064666748,11.043021202087402,,30.6767520904541,61.80786895751953,27.744434356689453,40.4362678527832
2015-08-04,8.693486213684082,11.572314262390137,11.227631568908691,,30.8920841217041,62.33774948120117,28.509418487548828,40.63327407836914
2015-08-05,8.853504180908203,11.759228706359863,11.387067794799805,,31.107418060302734,62.923004150390625,28.619827270507812,40.928794860839844
2015-08-06,8.728218078613281,11.889253616333008,11.395459175109863,,30.845943450927734,62.369388580322266,28.517303466796875,40.4691047668457
2015-08-07,8.699679374694824,12.130614280700684,11.303153991699219,,31.168933868408203,62.81230926513672,28.367464065551758,40.88774871826172
2015-08-10,8.89178466796875,12.747669219970703,11.512938499450684,,31.86876106262207,64.34661102294922,28.91950798034668,41.823551177978516
2015-08-11,8.825660705566406,12.490622520446777,11.15211009979248,,31.453479766845703,63.073299407958984,27.334339141845703,41.306396484375
2015-08-12,8.686455726623535,12.238698959350586,10.950716018676758,,30.769039154052734,61.649681091308594,26.57724380493164,40.5101432800293
2015-08-13,8.630772590637207,12.303711891174316,11.009455680847168,,30.999753952026367,61.93440246582031,26.892698287963867,40.666114807128906
2015-08-14,8.679494857788086,12.36872386932373,11.084978103637695,,31.092025756835938,62.26658248901367,27.003110885620117,40.82208251953125
2015-08-17,8.637735366821289,12.303711891174316,11.034628868103027,,30.8920841217041,62.029319763183594,26.892698287963867,40.6414909362793
2015-08-18,8.7003755569458,12.092419624328613,10.766105651855469,,30.246095657348633,60.80344009399414,26.261791229248047,39.75495147705078
2015-08-19,8.7212553024292,11.564186096191406,10.61506175994873,,29.569345474243164,59.577552795410156,25.749168395996094,38.89302444458008
2015-08-20,8.305030822753906,11.255376815795898,10.203885078430176,,28.838764190673828,57.703155517578125,24.37693214416504,37.735591888427734
2015-08-21,7.955624580383301,10.759652137756348,9.968927383422852,,28.11587142944336,56.03438186645508,23.966838836669922,36.58636474609375
2015-08-24,7.078973293304443,9.857596397399902,9.423489570617676,,26.324026107788086,52.340938568115234,22.184505462646484,33.9677848815918
2015-08-25,8.456766128540039,10.288308143615723,9.624881744384766,,26.923871994018555,53.51146697998047,23.367467880249023,35.0020866394043
2015-08-26,7.489284038543701,10.402080535888672,9.68362045288086,,27.523717880249023,54.824337005615234,23.58040428161621,35.905052185058594
2015-08-27,7.718973636627197,11.052209854125977,10.187104225158691,,28.815690994262695,57.434261322021484,24.810684204101562,37.645294189453125
2015-08-28,7.8790602684021,10.865297317504883,9.994100570678711,,27.96206283569336,56.240013122558594,24.54254722595215,36.66845703125
2015-08-31,7.858110427856445,10.670259475708008,9.750752449035645,,27.61600112915039,55.06159210205078,23.943180084228516,36.20054626464844
2015-09-01,7.377920150756836,10.012002944946289,9.33957576751709,,26.362472534179688,52.77593231201172,23.02046775817871,34.534175872802734
2015-09-02,7.461441516876221,10.207040786743164,9.431880950927734,,26.662395477294922,53.23464584350586,23.38323974609375,34.977447509765625
2015-09-03,7.489284038543701,10.393954277038574,9.524185180664062,,26.816205978393555,53.645912170410156,23.438444137573242,35.18267059326172
2015-09-04,7.343117713928223,10.044507026672363,9.314401626586914,,25.82415199279785,52.087860107421875,22.69712257385254,34.205833435058594
2015-09-08,7.781547546386719,10.914058685302734,9.81788444519043,,27.646759033203125,55.17232894897461,23.3122615814209,36.45503234863281
2015-09-09,7.831729412078857,10.914058685302734,9.826275825500488,,27.677526473999023,55.290950775146484,23.434505462646484,36.44681930541992
2015-09-10,7.8790602684021,11.084716796875,9.9185791015625,,27.731353759765625,55.32258605957031,23.241287231445312,36.594573974609375
2015-09-11,7.948593616485596,10.893741607666016,9.960535049438477,,27.946687698364258,55.86830139160156,23.359580993652344,36.857261657714844
2015-09-14,7.809457302093506,10.914058685302734,9.792709350585938,,27.669828414916992,55.13277816772461,22.91794204711914,36.487857818603516
2015-09-15,7.774655342102051,10.580865859985352,9.926971435546875,,28.031272888183594,55.78922653198242,23.318572998046875,36.91472244262695
2015-09-16,7.9138617515563965,11.401655197143555,10.229059219360352,,28.86952781677246,57.56870651245117,24.51099967956543,38.01470184326172
2015-09-17,7.9279913902282715,11.214741706848145,10.170320510864258,,28.538843154907227,56.825260162353516,24.211318969726562,37.48112487792969
2015-09-18,7.983465671539307,11.239124298095703,9.994100570678711,,27.908231735229492,55.607295989990234,24.053585052490234,36.734127044677734
2015-09-21,7.886020660400391,11.377275466918945,10.094797134399414,,28.308134078979492,56.31911087036133,23.95895004272461,37.38262176513672
2015-09-22,7.9138617515563965,11.239124298095703,9.994100570678711,,27.815948486328125,55.49657440185547,23.37535285949707,36.77516174316406
2015-09-23,7.635451316833496,10.605245590209961,9.843058586120605,,27.423742294311523,54.49217224121094,23.00469207763672,36.17593002319336
2015-09-24,7.607608318328857,10.548439979553223,9.893404006958008,,27.208406448364258,54.38143539428711,23.16242218017578,35.99533462524414
2015-09-25,7.586727619171143,10.962818145751953,9.926971435546875,,27.11612892150879,54.12834167480469,23.2333984375,35.8393669128418
2015-09-28,7.412718772888184,10.6377534866333,9.675230979919434,,26.623945236206055,52.9815559387207,22.728670120239258,34.993873596191406
2015-09-29,7.2804741859436035,10.767778396606445,9.733970642089844,,26.600875854492188,53.21091842651367,22.91794204711914,35.0677490234375
2015-09-30,7.496244430541992,11.092843055725098,10.078015327453613,,27.277629852294922,54.531681060791016,23.671096801757812,35.96250534057617
2015-10-01,7.496244430541992,11.214741706848145,10.111581802368164,,27.462194442749023,54.89551544189453,23.643495559692383,36.208770751953125
2015-10-02,7.718973636627197,11.572314262390137,10.698975563049316,,28.46194076538086,57.141624450683594,25.149799346923828,37.62887191772461
2015-10-05,7.886020660400391,11.824239730834961,10.841628074645996,,28.969501495361328,57.86134719848633,25.52834701538086,38.137813568115234
2015-10-06,7.955624580383301,11.710466384887695,10.740931510925293,,28.538843154907227,57.268165588378906,25.354846954345703,37.62887191772461
2015-10-07,8.40804386138916,12.141179084777832,11.017848014831543,,29.730844497680664,59.1030387878418,25.8516902923584,38.999732971191406
2015-10-08,8.463726997375488,12.189937591552734,10.942325592041016,,29.869272232055664,59.45891189575195,25.8516902923584,39.28704071044922
2015-10-09,8.421963691711426,11.938013076782227,10.774496078491211,,29.730844497680664,59.324485778808594,25.875356674194336,39.02436447143555
2015-10-12,8.40804386138916,12.03553295135498,10.891976356506348,,29.75391960144043,59.64873504638672,26.040964126586914,39.081825256347656
2015-10-13,8.339763641357422,11.68616771697998,10.850019454956055,,29.36939811706543,58.992305755615234,25.969987869262695,38.613929748535156
2015-10-14,8.415002822875977,11.816113471984863,10.808062553405762,,29.49243927001953,58.96067428588867,25.354846954345703,38.67139434814453
2015-10-15,8.595972061157227,12.12086009979248,11.084978103637695,,30.469112396240234,61.03279495239258,26.198699951171875,40.07508087158203
2015-10-16,8.568130493164062,12.352471351623535,11.110152244567871,,30.576778411865234,61.22260665893555,26.924245834350586,40.157169342041016
2015-10-19,8.623812675476074,12.116799354553223,11.009455680847168,,30.2845401763916,60.70853805541992,26.995222091674805,39.804195404052734
2015-10-20,8.526369094848633,12.238698959350586,11.001063346862793,,30.322994232177734,60.755977630615234,26.869037628173828,39.81239700317383
2015-10-21,8.582050323486328,11.970519065856934,10.816452980041504,,29.876955032348633,59.593379974365234,26.332767486572266,39.311668395996094
2015-10-22,8.470686912536621,12.376850128173828,11.15211009979248,,30.530637741088867,61.230506896972656,26.719202041625977,40.231040954589844
2015-10-23,8.540287971496582,12.449989318847656,11.37867546081543,,31.0458927154541,62.314048767089844,27.413204193115234,40.95343017578125
2015-10-26,8.44284439086914,12.214316368103027,11.35350227355957,,30.369140625,61.52315139770508,28.10721206665039,40.140750885009766
2015-10-27,8.338441848754883,12.027406692504883,11.370285987854004,,30.130739212036133,61.40451431274414,28.257051467895508,39.83702087402344
2015-10-28,8.303638458251953,11.840493202209473,11.345110893249512,,29.8077449798584,60.97743606567383,28.422666549682617,39.369136810302734
2015-10-29,8.213153839111328,11.799860954284668,11.319936752319336,,29.51551055908203,60.716434478759766,28.162412643432617,38.950477600097656
2015-10-30,8.080911636352539,11.874868392944336,11.521328926086426,,29.430927276611328,60.842994689941406,28.5725040435791,38.827354431152344
2015-11-02,8.0349702835083,11.881126403808594,11.504546165466309,,29.677011489868164,61.4677848815918,29.227079391479492,39.20494842529297
2015-11-03,7.983465671539307,11.848620414733887,11.638808250427246,,29.70777130126953,61.554786682128906,29.40847396850586,39.26241683959961
2015-11-04,8.150511741638184,11.905506134033203,11.714329719543457,,30.084592819213867,62.22703170776367,29.652942657470703,39.689273834228516
2015-11-05,8.077427864074707,11.962472915649414,11.647197723388672,,30.230716705322266,62.369388580322266,29.554370880126953,39.878074645996094
2015-11-06,8.018266677856445,11.848620414733887,11.65558910369873,,29.95386505126953,62.124210357666016,30.015722274780273,39.62361145019531
2015-11-09,7.8790602684021,11.645452499389648,11.395459175109863,,29.354015350341797,60.74015808105469,29.54253578186035,38.794525146484375
2015-11-10,7.788575649261475,11.539806365966797,11.236021995544434,,29.15406608581543,60.55827713012695,29.16004753112793,38.54825210571289
2015-11-11,7.7816162109375,11.645452499389648,11.227631568908691,,29.161752700805664,60.48709487915039,29.256258010864258,38.613929748535156
2015-11-12,7.719320774078369,11.361021995544434,11.236021995544434,,29.138683319091797,60.35264205932617,29.479448318481445,38.572879791259766
2015-11-13,7.447522163391113,11.222867965698242,10.891976356506348,,28.55422019958496,59.14258575439453,28.40689468383789,37.92439651489258
2015-11-16,7.454480171203613,11.279756546020508,11.017848014831543,,28.984874725341797,60.297271728515625,28.805156707763672,38.572879791259766
2015-11-17,7.593686580657959,11.450416564941406,10.900367736816406,,28.854141235351562,59.9650993347168,28.714466094970703,38.37587356567383
2015-11-18,7.683753967285156,11.369150161743164,11.026238441467285,,29.054088592529297,60.62154769897461,28.998376846313477,38.75347137451172
2015-11-19,7.677212238311768,11.580440521240234,11.236021995544434,,29.092548370361328,60.914161682128906,29.629287719726562,38.827354431152344
2015-11-20,7.752382278442383,11.629203796386719,11.35350227355957,,29.584728240966797,61.76041030883789,30.22076988220215,39.41837692260742
2015-11-23,7.698093891143799,11.434161186218262,11.319936752319336,,29.26172637939453,61.499412536621094,30.44158935546875,39.09825134277344
2015-11-24,7.691131591796875,11.343795776367188,11.21084976196289,,29.269426345825195,61.444053649902344,30.402158737182617,39.106449127197266
2015-11-25,7.677212238311768,11.304216384887695,11.168891906738281,,29.200210571289062,61.39661407470703,30.457361221313477,38.9751091003418
2015-11-27,7.440560817718506,10.995322227478027,10.908758163452148,,28.400409698486328,60.04417037963867,30.03150177001953,37.97364044189453
2015-11-30,7.405760288238525,10.93031120300293,11.110152244567871,,28.800308227539062,60.9062614440918,30.646636962890625,38.37587356567383
2015-12-01,7.6214599609375,11.060338973999023,11.17728328704834,,28.938737869262695,61.37287139892578,30.84379768371582,38.54005813598633
2015-12-02,7.586727619171143,11.1903657913208,11.051413536071777,,28.692651748657227,60.9062614440918,30.8122501373291,38.21990966796875
2015-12-03,7.565847396850586,11.125350952148438,10.9591064453125,,28.485010147094727,60.526634216308594,30.41004753112793,37.97364044189453
2015-12-04,7.503204822540283,11.011577606201172,11.110152244567871,,28.73109245300293,61.111873626708984,30.835906982421875,38.37587356567383
2015-12-07,7.412718772888184,11.084716796875,11.084978103637695,,28.300439834594727,60.66899490356445,30.89111328125,37.98185348510742
2015-12-08,7.259593963623047,10.922184944152832,10.925541877746582,,27.869783401489258,59.8939094543457,30.716825485229492,37.44827651977539
2015-12-09,7.0786261558532715,10.670259475708008,10.908758163452148,,27.577550888061523,59.308658599853516,30.22076988220215,37.111732482910156
2015-12-10,7.085585594177246,10.532106399536133,10.816452980041504,,27.316082000732422,58.89739990234375,30.386384963989258,36.87366485595703
2015-12-11,6.805086612701416,10.292372703552246,10.45562744140625,,26.55473518371582,57.09418487548828,29.3927001953125,35.8393669128418
2015-12-14,6.890697956085205,10.410208702087402,10.564714431762695,,26.946941375732422,57.89297866821289,29.66083335876465,36.28263473510742
2015-12-15,6.981180667877197,10.588994026184082,10.724148750305176,,27.408355712890625,58.81830978393555,30.362728118896484,36.89008712768555
2015-12-16,7.1551899909973145,10.556487083435059,10.841628074645996,,27.892854690551758,59.775299072265625,30.788593292236328,37.50574493408203
2015-12-17,7.120456695556641,10.593871116638184,10.707366943359375,,27.55447769165039,59.01602554321289,30.701845169067383,37.0378532409668
2015-12-18,7.092545986175537,10.613371849060059,10.690584182739258,,27.815948486328125,59.36958312988281,30.828025817871094,37.226646423339844
2015-12-21,7.109041690826416,10.914058685302734,10.740931510925293,,28.110645294189453,59.797401428222656,30.867454528808594,37.5854377746582
2015-12-22,7.127349376678467,10.653924942016602,10.824846267700195,,28.157806396484375,60.0880126953125,31.096162796020508,37.69365692138672
2015-12-23,7.301356315612793,10.629627227783203,10.967498779296875,,28.723628997802734,61.0647087097168,31.175031661987305,38.251407623291016
2015-12-24,7.398799419403076,10.710893630981445,10.883584022521973,,28.65289878845215,60.741817474365234,31.135591506958008,38.13486862182617
2015-12-28,7.3390116691589355,10.702766418457031,10.740931510925293,,28.189241409301758,59.87811279296875,30.761253356933594,37.6353874206543
2015-12-29,7.320919513702393,10.756308555603027,10.83858585357666,,28.28354835510254,60.18486785888672,30.822843551635742,37.71030807495117
2015-12-30,7.249076843261719,10.539345741271973,10.733015060424805,,27.827739715576172,59.555233001708984,30.429550170898438,37.26078796386719
2015-12-31,7.25733757019043,10.55269718170166,10.697823524475098,,27.733436584472656,59.321144104003906,30.347415924072266,37.14423370361328
2016-01-04,7.04791259765625,10.013630867004395,10.284337997436523,,26.83754539489746,57.109439849853516,28.980329513549805,35.85392379760742
2016-01-05,7.091019153594971,10.180523872375488,10.381114959716797,,26.688222885131836,57.21434783935547,29.31597900390625,35.82062530517578
2016-01-06,7.033543109893799,9.996940612792969,10.249147415161133,,26.106678009033203,56.18922424316406,29.221210479736328,35.221256256103516
2016-01-07,6.710246562957764,9.362077713012695,9.791678428649902,,25.108619689941406,53.807979583740234,27.673280715942383,33.78112030029297
2016-01-08,6.767720699310303,9.245585441589355,9.554141998291016,,24.84928321838379,53.10572052001953,27.61404037475586,33.28163528442383
2016-01-11,6.459151268005371,9.227560043334961,9.501357078552246,,24.715681076049805,52.710182189941406,26.911155700683594,33.14012908935547
2016-01-12,6.580853462219238,9.1290922164917,9.633319854736328,,24.676387786865234,53.00885009765625,27.349475860595703,33.231685638427734
2016-01-13,6.351025104522705,9.012267112731934,9.360597610473633,,24.2205867767334,51.806129455566406,26.599197387695312,32.515769958496094
2016-01-14,6.473159313201904,9.603654861450195,9.466168403625488,,24.566368103027344,52.62138748168945,27.286291122436523,32.94032669067383
2016-01-15,6.1427483558654785,8.636756896972656,9.070277214050293,,23.418991088867188,50.345088958740234,26.243806838989258,31.46687889099121
2016-01-19,6.2863640785217285,8.928820610046387,9.299015045166016,,24.000539779663086,51.46709060668945,26.66238021850586,32.18278503417969
2016-01-20,5.9774346351623535,8.761924743652344,9.052681922912598,,23.15179443359375,50.0302848815918,26.243806838989258,31.25044059753418
2016-01-21,6.005885124206543,8.353038787841797,9.079073905944824,,23.30897331237793,50.304725646972656,26.480730056762695,31.400287628173828
2016-01-22,6.250442028045654,8.66220760345459,9.290217399597168,,24.14985466003418,51.66889953613281,26.812435150146484,32.424198150634766
2016-01-25,6.128594875335693,8.803648948669434,9.079073905944824,,23.56831169128418,50.67604446411133,26.780847549438477,31.75823974609375
2016-01-26,6.142676830291748,8.554642677307129,9.131858825683594,,23.733346939086914,50.95856475830078,26.575504302978516,31.97467613220215
2016-01-27,6.063647270202637,8.45325756072998,8.982301712036133,,23.40328025817871,50.11906814575195,26.030567169189453,31.48352813720703
2016-01-28,6.113937854766846,8.62006664276123,9.017492294311523,,23.74905776977539,50.33701705932617,25.801538467407227,31.774890899658203
2016-01-29,6.464107036590576,8.847541809082031,9.087871551513672,,24.519214630126953,51.74961471557617,26.559711456298828,32.69890594482422
2016-02-01,6.301236629486084,8.65770149230957,9.052681922912598,,23.99268341064453,51.006996154785156,26.378068923950195,32.15782165527344
2016-02-02,6.336655616760254,8.770271301269531,8.894326210021973,,23.379697799682617,49.83655548095703,25.746253967285156,31.275415420532227
2016-02-03,6.049278259277344,8.569999694824219,8.929515838623047,,23.756916046142578,50.264366149902344,25.510112762451172,31.724933624267578
2016-02-04,6.315102577209473,8.845372200012207,8.982301712036133,,23.5368709564209,49.901123046875,25.65938377380371,31.416929244995117
2016-02-05,6.135491847991943,8.319743156433105,8.744767189025879,,23.363981246948242,49.23115539550781,24.77484703063965,31.10892677307129
2016-02-08,6.0133562088012695,8.044699668884277,8.507233619689941,,22.90031623840332,48.230220794677734,24.000879287719727,30.451290130615234
2016-02-09,6.250442028045654,8.202832221984863,8.5424222946167,,22.688129425048828,47.6490364074707,23.708669662475586,30.01007843017578
2016-02-10,5.984619140625,8.361380577087402,8.560017585754395,,22.84531021118164,48.07685089111328,23.898210525512695,30.251487731933594
2016-02-11,5.9774346351623535,8.336348533630371,8.410460472106934,,22.35020637512207,47.269657135009766,23.329586029052734,29.71871566772461
2016-02-12,6.0780158042907715,8.28627872467041,8.647994041442871,,22.84531021118164,48.37552261352539,23.898210525512695,30.434635162353516
2016-02-16,6.302529811859131,8.720203399658203,9.008692741394043,,23.8040714263916,50.46617126464844,25.422452926635742,31.658344268798828
2016-02-17,6.336655616760254,9.012267112731934,9.228633880615234,,24.173433303833008,51.37023162841797,25.935802459716797,32.18278503417969
2016-02-18,6.545004367828369,9.037301063537598,9.140656471252441,,23.94552993774414,50.95856475830078,25.667282104492188,31.883100509643555
2016-02-19,6.516265392303467,9.028956413269043,9.237432479858398,,23.937671661376953,51.13615417480469,26.038471221923828,32.08289337158203
2016-02-22,6.595294952392578,9.179162979125977,9.501357078552246,,24.61351776123047,52.4599494934082,26.66238021850586,32.92367935180664
2016-02-23,6.588109493255615,9.137436866760254,9.175849914550781,,24.000539779663086,51.16036605834961,26.101648330688477,32.04127883911133
2016-02-24,6.501824855804443,9.087286949157715,9.140656471252441,,23.929807662963867,51.20072555541992,26.204317092895508,32.091224670410156
2016-02-25,6.465975284576416,8.877080917358398,9.04388427734375,,23.851226806640625,50.780975341796875,25.540916442871094,31.958026885986328
2016-02-26,6.50189733505249,8.953853607177734,9.114265441894531,,23.906238555908203,51.006996154785156,25.935802459716797,31.991323471069336
2016-02-29,6.438601970672607,8.678564071655273,9.114265441894531,,23.796213150024414,51.023136138916016,25.848926544189453,31.92473030090332
2016-03-01,6.595294952392578,9.062335968017578,9.281420707702637,,24.652816772460938,52.82318878173828,26.385961532592773,33.031898498535156
2016-03-02,6.839565753936768,9.179162979125977,9.378190040588379,,25.187204360961914,53.51738739013672,26.49652862548828,33.58132553100586
2016-03-03,6.911407947540283,9.254596710205078,9.27262020111084,,25.210784912109375,53.42859649658203,26.409650802612305,33.564666748046875
2016-03-04,7.083835601806641,9.579706192016602,9.571737289428711,,25.92592430114746,54.695899963378906,26.970388412475586,34.472049713134766
2016-03-07,7.126941680908203,9.691524505615234,9.536547660827637,,25.62729835510254,54.17123031616211,26.638687133789062,34.1307373046875
2016-03-08,7.069465637207031,9.471141815185547,9.430977821350098,,25.037891387939453,53.06534957885742,26.42544937133789,33.36488723754883
2016-03-09,6.9688849449157715,9.421156883239746,9.404584884643555,,25.132198333740234,53.24293899536133,26.583402633666992,33.489749908447266
2016-03-10,6.9904375076293945,9.187504768371582,9.351799964904785,,24.93572425842285,52.9119873046875,26.401756286621094,33.22336959838867
2016-03-11,7.1772332191467285,9.846738815307617,9.598130226135254,,25.823762893676758,54.6474609375,27.357370376586914,34.38880157470703
2016-03-14,7.119756698608398,9.813274383544922,9.633319854736328,,25.855199813842773,54.73625946044922,27.43634605407715,34.40545654296875
2016-03-15,7.033543109893799,9.688187599182129,9.474967002868652,,25.698022842407227,54.324581146240234,26.994081497192383,34.16404342651367
2016-03-16,7.062282085418701,9.6381196975708,9.61572551727295,,25.988794326782227,54.97842025756836,27.594297409057617,34.53864288330078
2016-03-17,7.162792205810547,9.717142105102539,9.686107635498047,,26.295286178588867,55.38201141357422,27.736454010009766,34.763404846191406
2016-03-18,7.241891860961914,9.955218315124512,9.800474166870117,,26.468181610107422,55.95513153076172,28.352476119995117,35.088069915771484
2016-03-21,7.234705924987793,10.155489921569824,9.906047821044922,,26.49175262451172,56.25379943847656,28.463037490844727,35.279537200927734
2016-03-22,7.191529750823975,10.080387115478516,9.747689247131348,,26.279565811157227,55.947059631347656,28.54991340637207,35.02980041503906
2016-03-23,7.184415340423584,10.097077369689941,9.61572551727295,,25.91021156311035,55.115631103515625,27.8944091796875,34.49701690673828
2016-03-24,7.062282085418701,9.682345390319824,9.589333534240723,,25.72946548461914,54.88155746459961,28.00497817993164,34.330543518066406
2016-03-28,7.119756698608398,9.70362377166748,9.580533981323242,,25.94164276123047,55.083351135253906,27.791736602783203,34.588600158691406
2016-03-29,7.04791259765625,9.813356399536133,9.782877922058105,,26.20098304748535,55.8017578125,28.17082405090332,35.01314926147461
2016-03-30,7.306480407714844,9.955301284790039,9.888449668884277,,26.593914031982422,56.43137741088867,28.368267059326172,35.43770217895508
2016-03-31,7.299367427825928,10.11376667022705,9.862055778503418,,26.538909912109375,56.334503173828125,28.31298065185547,35.387752532958984
2016-04-01,7.170047283172607,10.063699722290039,9.835664749145508,,26.389596939086914,56.14884948730469,28.31298065185547,35.26288986206055
2016-04-04,7.162862300872803,9.855081558227539,9.730093955993652,,26.067378997802734,55.69683074951172,28.320878982543945,34.854976654052734
2016-04-05,6.9688849449157715,9.971908569335938,9.659712791442871,,25.477977752685547,54.65552520751953,27.98128318786621,34.1307373046875
2016-04-06,7.091019153594971,9.888460159301758,9.756487846374512,,25.957359313964844,55.71297073364258,28.660478591918945,34.87996292114258
2016-04-07,7.148494720458984,10.080387115478516,9.642115592956543,,25.462263107299805,54.88962936401367,28.470937728881836,34.288909912109375
2016-04-08,7.198785781860352,9.930182456970215,9.782877922058105,,25.792325973510742,55.349727630615234,28.67626953125,34.60524368286133
2016-04-11,7.244837284088135,10.255626678466797,9.906047821044922,,26.098817825317383,55.95513153076172,28.929000854492188,34.98817825317383
2016-04-12,7.3628764152526855,10.397485733032227,10.073197364807129,,26.4603214263916,56.73811340332031,29.189619064331055,35.47932434082031
2016-04-13,7.728993892669678,10.831409454345703,10.389910697937012,,27.497671127319336,58.481666564941406,29.987279891967773,36.711360931396484
2016-04-14,7.687325954437256,10.931547164916992,10.372315406799316,,27.44265365600586,58.32021713256836,30.01886749267578,36.65308380126953
2016-04-15,7.637035369873047,10.172176361083984,10.293136596679688,,27.09687614440918,57.75519561767578,29.845125198364258,36.18691635131836
2016-04-18,7.536453723907471,10.305779457092285,10.319531440734863,,27.26976776123047,58.09420394897461,29.90830421447754,36.45330047607422
2016-04-19,7.690701484680176,10.772995948791504,10.451493263244629,,27.599834442138672,58.56238555908203,29.76614761352539,36.82790756225586
2016-04-20,7.521509170532227,10.772995948791504,10.381114959716797,,27.285484313964844,58.061927795410156,29.73455810546875,36.46161651611328
2016-04-21,7.457423210144043,10.297348976135254,10.389910697937012,,27.09687614440918,57.64218521118164,29.473939895629883,36.18691635131836
2016-04-22,7.477540016174316,10.539345741271973,10.310733795166016,,26.994714736938477,57.28701400756836,29.426551818847656,36.028751373291016
2016-04-25,7.414317607879639,10.339073181152344,10.257946014404297,,26.672504425048828,56.794620513916016,29.03166961669922,35.73738098144531
2016-04-26,7.385580062866211,10.339073181152344,10.213956832885742,,26.82967758178711,56.907615661621094,28.84054946899414,35.81230545043945
2016-04-27,7.385580062866211,10.430866241455078,10.19636344909668,,27.026145935058594,57.036781311035156,28.668371200561523,35.953819274902344
2016-04-28,7.270630836486816,10.372451782226562,10.134781837463379,,26.774667739868164,56.5201530456543,28.723657608032227,35.62916564941406
2016-04-29,7.234705924987793,9.830132484436035,10.038004875183105,,26.35030174255371,56.027774810791016,28.660478591918945,35.187965393066406
2016-05-02,7.227522850036621,9.89688777923584,10.011614799499512,,26.303146362304688,55.785621643066406,28.43934440612793,35.04644775390625
2016-05-03,7.191601753234863,9.930182456970215,9.853259086608887,,25.666589736938477,54.60710525512695,27.910205841064453,34.230628967285156
2016-05-04,7.126941680908203,10.130455017089844,9.76528549194336,,25.34438133239746,54.098567962646484,27.989177703857422,33.86435317993164
2016-05-05,7.091019153594971,10.013630867004395,9.782877922058105,,25.3836727142334,54.41338348388672,28.00497817993164,33.97258377075195
2016-05-06,7.004807949066162,9.788323402404785,9.65091609954834,,25.234357833862305,54.227725982666016,27.83912467956543,33.8310546875
2016-05-09,6.875558376312256,9.671500205993652,9.518951416015625,,24.84928321838379,53.21873092651367,26.686077117919922,33.28997039794922
2016-05-10,7.019463062286377,9.354315757751465,9.642115592956543,,25.4229679107666,54.03399658203125,27.302082061767578,33.86435317993164
2016-05-11,6.940145015716553,9.721565246582031,9.536547660827637,,24.998600006103516,53.52545166015625,26.820331573486328,33.46478271484375
2016-05-12,6.9474029541015625,9.663153648376465,9.518951416015625,,24.95144271850586,53.25909423828125,26.31488800048828,33.306610107421875
2016-05-13,6.875487327575684,9.36274242401123,9.378190040588379,,24.5506534576416,52.34693908691406,26.1964168548584,32.79048538208008
2016-05-16,6.904224395751953,9.579706192016602,9.633319854736328,,25.030031204223633,53.638465881347656,26.915102005004883,33.60629653930664
2016-05-17,6.8683013916015625,9.471226692199707,9.527749061584473,,24.880718231201172,53.44472885131836,26.97828483581543,33.481422424316406
2016-05-18,6.918593406677246,9.52137565612793,9.430977821350098,,24.684249877929688,53.08148956298828,26.559711456298828,33.190067291259766
2016-05-19,6.861117839813232,9.337709426879883,9.360597610473633,,24.5506534576416,52.55681610107422,26.022674560546875,32.89870834350586
2016-05-20,6.918593406677246,9.412812232971191,9.378190040588379,,24.86499786376953,53.21064376831055,26.228010177612305,33.298282623291016
2016-05-23,6.882670879364014,9.462881088256836,9.237432479858398,,24.809988021850586,52.992698669433594,26.164831161499023,33.256656646728516
2016-05-24,6.861117839813232,9.5365629196167,9.457369804382324,,25.28937339782715,54.21964645385742,27.04936408996582,33.88100051879883
2016-05-25,6.999059200286865,9.55801010131836,9.44857120513916,,25.753032684326172,54.34880447387695,26.875612258911133,34.213985443115234
2016-05-26,7.019892692565918,9.496260643005371,9.44857120513916,,25.658733367919922,54.48602294921875,27.057260513305664,34.230628967285156
2016-05-27,7.076651573181152,9.67984390258789,9.44857120513916,,25.808046340942383,55.067222595214844,27.673280715942383,34.55529022216797
2016-05-31,7.098204135894775,9.821702003479004,9.642115592956543,,26.44460105895996,55.979347229003906,27.886512756347656,35.17131423950195
2016-06-01,7.105387210845947,9.704877853393555,9.483763694763184,,26.279565811157227,55.37395095825195,27.357370376586914,34.780052185058594
2016-06-02,7.219620227813721,9.78999137878418,9.598130226135254,,26.507469177246094,55.72913360595703,27.388961791992188,35.07973861694336
2016-06-03,7.205967903137207,9.73917293548584,9.571737289428711,,26.538909912109375,55.785621643066406,27.159931182861328,35.06309127807617
2016-06-06,7.335289478302002,9.387860298156738,9.686107635498047,,26.876832962036133,56.55245590209961,27.617992401123047,35.537593841552734
2016-06-07,7.493275165557861,10.084393501281738,9.756487846374512,,27.222620010375977,56.93184280395508,27.428449630737305,35.787330627441406
2016-06-08,7.478976726531982,10.05527114868164,9.67730712890625,,27.301206588745117,56.810760498046875,27.112545013427734,35.70408248901367
2016-06-09,7.529269695281982,9.896804809570312,9.61572551727295,,27.144027709960938,56.51210021972656,26.86771583557129,35.487648010253906
2016-06-10,7.335289478302002,9.621429443359375,9.404584884643555,,26.413166046142578,55.05106735229492,26.228010177612305,34.60524368286133
2016-06-13,7.148494720458984,9.487915992736816,9.175849914550781,,25.855199813842773,54.10663604736328,25.991085052490234,33.97258377075195
2016-06-14,7.005453109741211,9.245919227600098,9.149454116821289,,25.92592430114746,54.276153564453125,26.164831161499023,34.0807991027832
2016-06-15,7.134125232696533,9.393202781677246,9.281420707702637,,25.965219497680664,54.59096145629883,26.14113426208496,34.255611419677734
2016-06-16,7.0012125968933105,9.429503440856934,9.228633880615234,20.091110229492188,25.89449691772461,54.52639389038086,25.998979568481445,34.213985443115234
2016-06-17,7.069465637207031,9.412812232971191,9.211037635803223,20.091110229492188,25.78447151184082,54.174652099609375,25.71466636657715,33.947593688964844
2016-06-20,7.170047283172607,9.537983894348145,9.290217399597168,21.137863159179688,26.240270614624023,55.019474029541016,26.188526153564453,34.49701690673828
2016-06-21,7.213155746459961,9.262608528137207,9.351799964904785,21.137863159179688,26.504684448242188,55.4256477355957,26.180625915527344,34.780052185058594
2016-06-22,7.299367427825928,9.429503440856934,9.369394302368164,20.408384323120117,26.726354598999023,55.73432159423828,26.125343322753906,34.94189453125
2016-06-23,7.284998416900635,9.663153648376465,9.51015567779541,20.32642936706543,27.375513076782227,56.87159729003906,26.607091903686523,35.73012161254883
2016-06-24,7.004807949066162,9.23757266998291,9.105466842651367,20.066768646240234,25.720951080322266,54.10966110229492,25.943695068359375,33.860191345214844
2016-06-27,7.098204135894775,9.412812232971191,8.95590877532959,19.96940040588379,25.633867263793945,53.662872314453125,25.161832809448242,33.541534423828125
2016-06-28,7.098204135894775,9.24842357635498,9.228633880615234,20.27774429321289,26.251358032226562,54.84075927734375,25.777847290039062,34.37168884277344
2016-06-29,7.241891860961914,9.58804988861084,9.360597610473633,20.519546508789062,26.726354598999023,55.961788177490234,26.14113426208496,35.02574920654297
2016-06-30,7.385580062866211,9.60473918914795,9.474967002868652,20.399457931518555,27.090518951416016,56.77412033081055,26.599197387695312,35.54563903808594
2016-07-01,7.529269695281982,9.68826961517334,9.554141998291016,20.383230209350586,27.29634666442871,57.107181549072266,26.613418579101562,35.80559539794922
2016-07-05,7.285429000854492,9.663153648376465,9.38698959350586,20.383230209350586,26.678857803344727,55.98616409301758,26.204317092895508,35.08444595336914
2016-07-06,7.263444423675537,9.546326637268066,9.316608428955078,20.89443588256836,26.615520477294922,55.937408447265625,25.998979568481445,35.03413391113281
2016-07-07,7.221057415008545,9.60473918914795,9.30781078338623,20.876583099365234,26.48885726928711,55.84805679321289,26.354373931884766,34.96704864501953
2016-07-08,7.27781343460083,9.44619083404541,9.44857120513916,20.9431209564209,27.05885124206543,56.73349380493164,26.536014556884766,35.503719329833984
2016-07-11,7.40540885925293,9.671581268310547,9.642115592956543,20.89443588256836,27.264678955078125,57.4077262878418,27.278392791748047,35.998451232910156
2016-07-12,7.522086143493652,9.931601524353027,9.82686710357666,21.438095092773438,27.81884002685547,58.23633575439453,27.499530792236328,36.5267333984375
2016-07-13,7.500531196594238,9.913495063781738,9.747689247131348,21.454322814941406,27.700090408325195,57.854522705078125,27.19152069091797,36.317100524902344
2016-07-14,7.52596378326416,10.013630867004395,9.77408218383789,21.356952667236328,28.15133285522461,58.64248275756836,27.546913146972656,36.836997985839844
2016-07-15,7.529269695281982,9.980250358581543,9.791678428649902,21.36506462097168,28.072172164916992,58.4312858581543,27.325777053833008,36.753143310546875
2016-07-18,7.536453723907471,10.122110366821289,9.87965202331543,21.36506462097168,28.3017520904541,58.837440490722656,27.46793556213379,37.08855438232422
2016-07-19,7.486161708831787,9.930182456970215,9.809270858764648,21.36506462097168,27.771343231201172,58.016990661621094,27.396854400634766,36.518341064453125
2016-07-20,7.529269695281982,9.996940612792969,9.923640251159668,21.178434371948242,28.10384178161621,58.7724609375,27.728559494018555,36.979549407958984
2016-07-21,7.565190315246582,10.047009468078613,9.94123649597168,21.178434371948242,28.080089569091797,58.66686248779297,27.578502655029297,36.91246032714844
2016-07-22,7.529269695281982,10.122110366821289,9.906047821044922,21.178434371948242,28.230501174926758,58.98367691040039,27.657485961914062,37.13886642456055
2016-07-25,7.522086143493652,10.155489921569824,9.82686710357666,21.097291946411133,28.00092315673828,58.56124496459961,27.673280715942383,36.86214065551758
2016-07-26,7.543637275695801,10.013630867004395,10.073197364807129,21.405635833740234,28.333415985107422,59.2030029296875,28.068161010742188,37.28981399536133
2016-07-27,7.543637275695801,9.988595962524414,10.002819061279297,20.935001373291016,28.22258949279785,58.99991989135742,27.97654151916504,37.19756317138672
2016-07-28,7.443846702575684,10.030320167541504,10.046805381774902,20.935001373291016,28.072172164916992,58.73995590209961,27.957592010498047,37.08017349243164
2016-07-29,7.421502113342285,10.055355072021484,9.967628479003906,21.08106231689453,28.048423767089844,58.55311965942383,27.712766647338867,36.91246032714844
2016-08-01,7.536453723907471,10.205557823181152,9.994019508361816,20.780832290649414,27.953418731689453,58.5775146484375,27.815433502197266,36.92924118041992
2016-08-02,7.4474382400512695,9.9801664352417,9.888449668884277,20.886314392089844,27.8663387298584,58.23633575439453,27.617992401123047,36.753143310546875
2016-08-03,7.378396034240723,9.913495063781738,9.906047821044922,20.886314392089844,27.961336135864258,58.42316436767578,27.68907356262207,36.82022476196289
2016-08-04,7.428686141967773,10.14714527130127,9.888449668884277,21.023452758789062,28.024667739868164,58.69936752319336,27.80753517150879,36.9376220703125
2016-08-05,7.464609622955322,10.230591773986816,10.064399719238281,21.048603057861328,28.45216941833496,59.55229568481445,28.289291381835938,37.52459716796875
2016-08-08,7.529269695281982,10.564379692077637,10.11718463897705,21.048603057861328,28.61050033569336,59.8285026550293,28.494632720947266,37.750999450683594
2016-08-09,7.536453723907471,10.397570610046387,10.213956832885742,21.048603057861328,28.879663467407227,60.29153823852539,28.913204193115234,37.98579406738281
2016-08-10,7.543637275695801,10.547690391540527,10.257946014404297,21.307453155517578,28.713409423828125,60.234676361083984,29.189619064331055,37.92708969116211
2016-08-11,7.536453723907471,10.672863006591797,10.407504081726074,21.251466751098633,29.322988510131836,61.51816177368164,29.6832218170166,38.72370147705078
2016-08-12,7.665773868560791,10.539345741271973,10.469087600708008,21.56792449951172,29.386316299438477,61.8674430847168,30.240007400512695,39.04234313964844
2016-08-15,7.687325954437256,10.747962951660156,10.618647575378418,22.290103912353516,30.05130958557129,62.91535949707031,30.816530227661133,39.72994613647461
2016-08-16,7.708879470825195,10.772995948791504,10.5570650100708,22.16838264465332,29.916728973388672,62.80977249145508,30.682268142700195,39.620941162109375
2016-08-17,7.701693534851074,10.572725296020508,10.530670166015625,22.16838264465332,29.710895538330078,62.68793869018555,30.579601287841797,39.55385208129883
2016-08-18,7.716063022613525,10.714584350585938,10.433897972106934,22.046667098999023,29.97215461730957,63.27280807495117,30.54801368713379,39.79703140258789
2016-08-19,7.694509983062744,10.68955135345459,10.319531440734863,21.957406997680664,29.80590057373047,63.14282989501953,30.697275161743164,39.72156524658203
2016-08-22,7.558006763458252,10.606103897094727,10.266744613647461,21.811355590820312,29.536739349365234,62.590450286865234,30.59539794921875,39.360992431640625
2016-08-23,7.6082963943481445,10.489275932312012,10.293136596679688,21.811355590820312,29.528825759887695,62.476707458496094,30.792837142944336,39.285526275634766
2016-08-24,7.6011128425598145,10.505966186523438,10.213956832885742,21.811355590820312,29.386316299438477,62.151790618896484,30.279495239257812,39.10943603515625
2016-08-25,7.514899253845215,10.405831336975098,10.301935195922852,21.811355590820312,29.362571716308594,62.15989685058594,30.2952880859375,39.10104751586914
2016-08-26,7.536453723907471,10.531000137329102,10.319531440734863,21.811355590820312,29.23590660095215,62.16802215576172,30.69806671142578,39.05912780761719
2016-08-29,7.550821781158447,10.539345741271973,10.354719161987305,21.53546714782715,29.457565307617188,62.54982376098633,30.77704429626465,39.27714157104492
2016-08-30,7.58674430847168,10.631138801574707,10.416302680969238,21.53546714782715,29.64757537841797,62.980369567871094,31.069259643554688,39.60417175292969
2016-08-31,7.457423210144043,10.489275932312012,10.301935195922852,21.592266082763672,29.330904006958008,62.306114196777344,30.966585159301758,39.21005630493164
2016-09-01,7.435872554779053,10.489275932312012,10.504279136657715,21.421865463256836,29.552568435668945,62.91535949707031,31.321979522705078,39.49516677856445
2016-09-02,7.522086143493652,10.531000137329102,10.583454132080078,21.421865463256836,30.14631462097168,63.89828872680664,31.55891227722168,40.182762145996094
2016-09-06,7.644218921661377,10.856444358825684,10.820989608764648,21.75455665588379,30.605472564697266,65.44174194335938,32.42764663696289,41.197391510009766
2016-09-07,7.644218921661377,10.739617347717285,10.820989608764648,21.75455665588379,30.59755516052246,65.1655502319336,31.97748565673828,41.012916564941406
2016-09-08,7.693073272705078,10.789688110351562,10.952953338623047,21.75455665588379,30.890472412109375,65.5635986328125,32.15122604370117,41.306400299072266
2016-09-09,7.744802474975586,10.686881065368652,10.733015060424805,21.37318229675293,30.265060424804688,64.22322845458984,31.20351219177246,40.27499771118164
2016-09-12,7.580996513366699,10.497623443603516,10.77700424194336,21.008033752441406,30.304643630981445,64.5969009399414,31.74844741821289,40.55171585083008
2016-09-13,7.493345260620117,10.464242935180664,10.5570650100708,21.056720733642578,29.497150421142578,63.183441162109375,31.365415573120117,39.771881103515625
2016-09-14,7.457423210144043,10.422520637512207,10.601051330566406,20.967464447021484,29.497150421142578,63.42713928222656,31.645784378051758,39.872501373291016
2016-09-15,7.478976726531982,10.497623443603516,10.794598579406738,21.178434371948242,30.043399810791016,64.7918701171875,32.33287811279297,40.51816940307617
2016-09-16,7.457423210144043,10.497623443603516,10.733015060424805,21.2352352142334,29.86923599243164,64.41007232666016,32.388153076171875,40.42593765258789
2016-09-19,7.536453723907471,10.472588539123535,10.645038604736328,21.275802612304688,29.932567596435547,64.3450927734375,32.33287811279297,40.30854415893555
2016-09-20,7.550821781158447,10.539345741271973,10.680230140686035,21.227121353149414,29.99589729309082,64.48319244384766,32.21441650390625,40.32530975341797
2016-09-21,7.629849910736084,10.622794151306152,10.829787254333496,21.389408111572266,30.73214340209961,66.10784149169922,33.12263488769531,41.42379379272461
2016-09-22,7.687325954437256,10.781343460083008,10.83858585357666,21.46243667602539,30.842973709106445,66.53839874267578,33.65177917480469,41.834686279296875
2016-09-23,7.665773868560791,10.6478271484375,10.785801887512207,21.25957489013672,30.32839584350586,65.66107940673828,33.343772888183594,41.15546798706055
2016-09-26,7.543637275695801,10.329977989196777,10.548264503479004,20.83763313293457,29.702985763549805,64.2394790649414,32.735660552978516,40.32530975341797
2016-09-27,7.58674430847168,10.305694580078125,10.72421646118164,20.975576400756836,30.082977294921875,65.08430480957031,33.32797622680664,40.85359573364258
2016-09-28,7.565190315246582,10.422520637512207,10.759407043457031,21.37318229675293,30.336307525634766,65.57982635498047,33.21345901489258,41.13031005859375
2016-09-29,7.716063022613525,10.522655487060547,10.680230140686035,21.105403900146484,30.01963996887207,64.75939178466797,32.6961669921875,40.5936393737793
2016-09-30,7.572375774383545,10.372451782226562,10.697823524475098,21.275802612304688,30.090896606445312,64.9137191772461,32.656673431396484,40.66911315917969
2016-10-03,7.622665882110596,10.505966186523438,10.733015060424805,21.121633529663086,30.1225643157959,65.02745056152344,32.86201858520508,40.761356353759766
2016-10-04,7.6585893630981445,10.547690391540527,10.77700424194336,21.178434371948242,29.877147674560547,64.8487319946289,33.3990592956543,40.61880111694336
2016-10-05,7.813052177429199,10.5894136428833,10.9441556930542,21.214139938354492,30.605472564697266,66.03473663330078,33.60439682006836,41.4741096496582
2016-10-06,7.79509162902832,10.76465129852295,10.961753845214844,21.324495315551758,30.71630859375,66.09972381591797,33.5017204284668,41.457340240478516
2016-10-07,7.780724048614502,10.672863006591797,10.908966064453125,21.316381454467773,30.470901489257812,65.57982635498047,33.00417709350586,41.07160568237305
2016-10-10,7.838197231292725,10.664514541625977,11.04093074798584,21.37318229675293,30.906309127807617,66.40028381347656,33.809730529785156,41.725669860839844
2016-10-11,7.766354084014893,10.5894136428833,10.847382545471191,21.37318229675293,29.98798370361328,64.62127685546875,32.735660552978516,40.55171585083008
2016-10-12,7.737616062164307,10.398322105407715,10.812192916870117,21.38129234313965,29.948394775390625,64.54817199707031,32.704063415527344,40.5684928894043
2016-10-13,7.629849910736084,10.389142036437988,10.671431541442871,21.219005584716797,29.473407745361328,63.73583984375,32.26179122924805,39.9395866394043
2016-10-14,7.694509983062744,10.447555541992188,10.697823524475098,21.405635833740234,29.75840187072754,64.02015686035156,32.27759552001953,40.11568069458008
2016-10-17,7.609014511108398,10.439208984375,10.627443313598633,21.405635833740234,29.489233016967773,63.654605865478516,32.10384750366211,39.8892707824707
2016-10-18,7.744802474975586,10.706239700317383,10.820989608764648,21.454322814941406,29.97215461730957,64.48319244384766,32.403953552246094,40.46786117553711
2016-10-19,7.744802474975586,10.656171798706055,10.908966064453125,21.486780166625977,30.003812789916992,64.58065032958984,32.59349822998047,40.5936393737793
2016-10-20,7.8238301277160645,10.65032958984375,10.829787254333496,21.486780166625977,29.964231491088867,64.44256591796875,32.49872970581055,40.459476470947266
2016-10-21,7.8238301277160645,10.68955135345459,10.829787254333496,21.34883689880371,29.948394775390625,64.49943542480469,32.44344711303711,40.56010055541992
2016-10-24,7.831085681915283,10.881478309631348,10.882572174072266,21.665298461914062,30.17006492614746,64.9137191772461,32.63298034667969,40.74458694458008
2016-10-25,7.874120235443115,10.68955135345459,10.900168418884277,21.665298461914062,30.059228897094727,64.65377807617188,32.58560562133789,40.585262298583984
2016-10-26,7.773538589477539,10.739617347717285,10.733015060424805,21.665298461914062,29.75840187072754,64.01201629638672,32.34077453613281,40.19953155517578
2016-10-27,7.680140495300293,10.681203842163086,10.627443313598633,21.446205139160156,29.497150421142578,63.56525421142578,32.10384750366211,39.847347259521484
2016-10-28,7.562316417694092,10.314123153686523,10.60984992980957,21.38129234313965,29.172569274902344,62.972232818603516,31.95379066467285,39.49516677856445
2016-10-31,7.58674430847168,10.497623443603516,10.495481491088867,21.38129234313965,29.180492401123047,62.75290298461914,31.503625869750977,39.47000503540039
2016-11-01,7.593927383422852,10.366610527038574,10.495481491088867,21.38129234313965,29.37049102783203,62.712284088134766,31.11664390563965,39.47000503540039
2016-11-02,7.58674430847168,10.472588539123535,10.381114959716797,21.421865463256836,28.99049186706543,61.91621398925781,30.366369247436523,38.82432174682617
2016-11-03,7.529269695281982,10.263970375061035,10.337124824523926,21.55169105529785,28.942995071411133,61.73748779296875,30.232105255126953,38.774017333984375
2016-11-04,7.46317195892334,10.263970375061035,10.249147415161133,21.429977416992188,28.689664840698242,61.2257194519043,30.129436492919922,38.446983337402344
2016-11-07,7.629849910736084,10.613446235656738,10.565860748291016,21.429977416992188,29.576318740844727,63.11846923828125,31.069259643554688,39.662864685058594
2016-11-08,7.665773868560791,10.756308555603027,10.662633895874023,21.665298461914062,29.790067672729492,63.44339370727539,30.940521240234375,39.89765930175781
2016-11-09,7.450240612030029,10.624878883361816,10.495481491088867,21.576038360595703,29.08549690246582,62.257381439208984,30.65858268737793,38.916568756103516
2016-11-10,7.514899253845215,10.873132705688477,10.257946014404297,21.47866439819336,28.808406829833984,61.42881393432617,29.679275512695312,38.36313247680664
2016-11-11,7.364027500152588,10.831409454345703,10.240354537963867,21.738327026367188,28.483829498291016,60.63270568847656,29.52132225036621,37.96902084350586
2016-11-14,7.320919513702393,10.597758293151855,10.134781837463379,21.71398162841797,28.309669494628906,59.79600143432617,28.51832389831543,37.407203674316406
2016-11-15,7.320919513702393,10.672863006591797,10.222756385803223,21.722097396850586,28.705495834350586,61.05512237548828,29.41865348815918,38.153499603271484
2016-11-16,7.320919513702393,10.639482498168945,10.213956832885742,21.63283348083496,28.365087509155273,60.53523254394531,29.65557861328125,37.76776885986328
2016-11-17,7.320919513702393,10.547690391540527,10.310733795166016,21.70586585998535,28.475919723510742,60.96576690673828,29.81353187561035,38.04448699951172
2016-11-18,7.320919513702393,10.722928047180176,10.372315406799316,21.51112174987793,28.45216941833496,60.835792541503906,29.695064544677734,38.010948181152344
2016-11-21,7.320919513702393,10.770576477050781,10.425101280212402,21.51112174987793,28.689664840698242,61.120113372802734,29.900407791137695,38.27088928222656
2016-11-22,7.457423210144043,10.848099708557129,10.407504081726074,21.51112174987793,29.196325302124023,61.78622817993164,29.924102783203125,38.665008544921875
2016-11-23,7.335289478302002,10.88982105255127,10.354719161987305,21.51112174987793,29.08549690246582,61.49379348754883,30.01886749267578,38.45537567138672
2016-11-25,7.371211051940918,10.848099708557129,10.513075828552246,21.981754302978516,29.362571716308594,62.00557327270508,30.08205223083496,38.76563262939453
2016-11-28,7.428686141967773,11.081748962402344,10.5570650100708,22.046667098999023,29.473407745361328,62.216766357421875,30.14522933959961,38.89979553222656
2016-11-29,7.414317607879639,11.090094566345215,10.627443313598633,22.32986068725586,29.655485153198242,62.574188232421875,30.318981170654297,39.134586334228516
2016-11-30,7.385580062866211,11.006648063659668,10.680230140686035,22.32986068725586,29.75840187072754,62.476707458496094,30.026769638061523,39.09266662597656
2016-12-01,7.414317607879639,10.91485595703125,10.539467811584473,22.257646560668945,29.75840187072754,62.07867431640625,29.205415725708008,38.75724792480469
2016-12-02,7.435872554779053,10.949737548828125,10.433897972106934,22.257646560668945,29.536739349365234,61.70498275756836,28.944795608520508,38.48053741455078
2016-12-05,7.392764091491699,10.91485595703125,10.477885246276855,21.86004066467285,29.497150421142578,61.591270446777344,29.221210479736328,38.53084182739258
2016-12-06,7.385580062866211,10.739617347717285,10.548264503479004,21.592266082763672,29.497150421142578,61.61564254760742,28.984281539916992,38.505680084228516
2016-12-07,7.471791744232178,10.772995948791504,10.68902587890625,21.730209350585938,29.837566375732422,62.26551818847656,29.24489974975586,39.00880813598633
2016-12-08,7.443056106567383,10.687880516052246,10.680230140686035,21.5435791015625,29.837566375732422,62.362979888916016,29.426551818847656,39.00041580200195
2016-12-09,7.378467559814453,10.772995948791504,10.5570650100708,21.649066925048828,29.663402557373047,61.98929977416992,29.442344665527344,38.74885940551758
2016-12-12,7.292182922363281,10.505966186523438,10.249147415161133,21.018583297729492,28.982580184936523,60.697696685791016,28.818429946899414,37.96063232421875
2016-12-13,7.457423210144043,10.514311790466309,10.416302680969238,21.097291946411133,29.299245834350586,61.43692398071289,29.086950302124023,38.40505599975586
2016-12-14,7.3175435066223145,10.489275932312012,10.240354537963867,21.097291946411133,28.658000946044922,60.14532470703125,28.573604583740234,37.667144775390625
2016-12-15,7.284998416900635,10.347417831420898,10.134781837463379,21.097291946411133,28.4046688079834,59.576683044433594,27.933895111083984,37.2394905090332
2016-12-16,7.227522850036621,10.405831336975098,10.055602073669434,21.097291946411133,28.10384178161621,59.096221923828125,27.823331832885742,36.90407943725586
2016-12-19,7.234705924987793,10.2890043258667,10.011614799499512,21.097291946411133,27.993011474609375,58.87373352050781,27.657485961914062,36.80344772338867
2016-12-20,7.247567653656006,10.163835525512695,9.976423263549805,21.097291946411133,27.890092849731445,58.85723114013672,27.756582260131836,36.82022476196289
2016-12-21,7.27781343460083,10.230591773986816,9.994019508361816,21.377670288085938,27.795087814331055,58.75833511352539,27.940399169921875,36.71100616455078
2016-12-22,7.126941680908203,9.930182456970215,9.888449668884277,20.629451751708984,27.503583908081055,58.099056243896484,27.508827209472656,36.313072204589844
2016-12-23,7.112571716308594,9.930182456970215,9.844462394714355,20.629451751708984,27.430908203125,58.13203430175781,27.612722396850586,36.236873626708984
2016-12-27,7.084122657775879,10.08873176574707,9.870856285095215,20.629451751708984,27.49550437927246,58.2391471862793,27.940399169921875,36.38080596923828
2016-12-28,7.10577917098999,9.952091217041016,9.905691146850586,20.349889755249023,27.745838165283203,58.62649154663086,27.852487564086914,36.6517333984375
2016-12-29,7.197583198547363,10.240558624267578,9.968213081359863,20.31700897216797,28.109210968017578,59.36817932128906,27.916423797607422,37.117408752441406
2016-12-30,7.156898498535156,10.075623512268066,10.003942489624023,20.31700897216797,28.028453826904297,59.376426696777344,27.756582260131836,37.024269104003906
2017-01-03,7.2335734367370605,10.177434921264648,10.137923240661621,20.62122917175293,28.383764266967773,59.854400634765625,28.108232498168945,37.413726806640625
2017-01-04,7.315096855163574,10.359336853027344,10.22724437713623,20.62122917175293,28.67446517944336,60.62080383300781,28.555789947509766,37.9047966003418
2017-01-05,7.42526388168335,10.50586223602295,10.379090309143066,21.295446395874023,29.086288452148438,61.62621307373047,29.522838592529297,38.61598587036133
2017-01-06,7.403229713439941,10.529024124145508,10.254040718078613,21.077560424804688,28.868263244628906,61.280094146728516,29.410945892333984,38.38739013671875
2017-01-09,7.513396739959717,10.39327621459961,10.3254976272583,21.073448181152344,28.90863800048828,61.56026840209961,29.586772918701172,38.53131866455078
2017-01-10,7.586841583251953,10.605384826660156,10.602392196655273,21.007671356201172,29.288164138793945,62.3843879699707,30.154216766357422,39.11550521850586
2017-01-11,7.5648088455200195,10.690226554870605,10.575596809387207,20.884336471557617,29.49811363220215,62.75522994995117,30.042322158813477,39.25943374633789
2017-01-12,7.5574631690979,10.647805213928223,10.495208740234375,20.876113891601562,29.465818405151367,62.499755859375,29.77059555053711,39.09010314941406
2017-01-13,7.689664840698242,10.749617576599121,10.539871215820312,20.884336471557617,29.53042221069336,62.64809799194336,29.970396041870117,39.208641052246094
2017-01-17,7.689664840698242,10.63931941986084,10.602392196655273,20.884336471557617,29.39314079284668,62.4832763671875,29.858503341674805,39.13243865966797
2017-01-18,7.711698055267334,10.775069236755371,10.6381196975708,20.884336471557617,29.538496017456055,62.91180419921875,29.778587341308594,39.29330825805664
2017-01-19,7.627309799194336,10.80900764465332,10.82569408416748,20.884336471557617,29.417367935180664,62.615150451660156,29.874492645263672,39.10703659057617
2017-01-20,7.6162919998168945,10.88536548614502,10.727441787719727,21.073448181152344,29.304323196411133,62.5162353515625,29.746620178222656,39.05624008178711
2017-01-23,7.601531982421875,10.821733474731445,10.763171195983887,21.073448181152344,29.449668884277344,63.018943786621094,30.106258392333984,39.369503021240234
2017-01-24,7.704353332519531,11.080503463745117,10.772103309631348,21.073448181152344,29.570791244506836,63.5463752746582,30.569805145263672,39.767425537109375
2017-01-25,7.711698055267334,11.080503463745117,10.888219833374023,21.25187110900879,29.699996948242188,63.91719055175781,30.76961326599121,40.02989196777344
2017-01-26,7.777797222137451,11.07201862335205,10.906085014343262,21.253515243530273,29.756511688232422,63.99961471557617,30.529848098754883,40.02989196777344
2017-01-27,7.777797222137451,11.03808307647705,10.86142349243164,21.813447952270508,29.732295989990234,63.76886749267578,30.449920654296875,39.91136169433594
2017-01-30,7.719042778015137,11.114442825317383,10.816762924194336,21.251049041748047,29.61924171447754,63.52988052368164,30.218151092529297,39.75050354003906
2017-01-31,7.7631096839904785,10.978693008422852,10.852490425109863,21.336557388305664,29.6273136138916,63.686466217041016,30.46590232849121,39.801300048828125
2017-02-01,7.697010517120361,11.05505084991455,10.807829856872559,21.336557388305664,29.611169815063477,63.70296096801758,30.46590232849121,39.809757232666016
2017-02-02,7.674976348876953,11.063535690307617,10.798897743225098,21.38589096069336,29.61924171447754,63.777099609375,30.489883422851562,39.87750244140625
2017-02-03,7.645598411560059,11.1229248046875,10.798897743225098,21.336557388305664,29.57887077331543,63.76062774658203,30.54582977294922,39.88596725463867
2017-02-06,7.623563289642334,11.012629508972168,11.004337310791016,21.336557388305664,29.70807647705078,63.92546081542969,30.737632751464844,40.03835678100586
2017-02-07,7.645598411560059,11.173834800720215,10.986473083496094,21.336557388305664,29.691925048828125,64.04906463623047,30.92145347595215,40.02142333984375
2017-02-08,7.697010517120361,11.250190734863281,11.120453834533691,21.048784255981445,30.127973556518555,64.98030090332031,31.384992599487305,40.60562515258789
2017-02-09,7.733731746673584,11.496234893798828,11.227638244628906,21.328336715698242,30.531721115112305,65.45002746582031,31.59279441833496,40.95273971557617
2017-02-10,7.770453453063965,11.496234893798828,11.290164947509766,21.427001953125,30.693218231201172,65.71375274658203,31.76861572265625,41.08820724487305
2017-02-13,7.851241588592529,11.742280006408691,11.379484176635742,21.500999450683594,30.887027740478516,66.13404083251953,31.860530853271484,41.29141616821289
2017-02-14,7.858587265014648,11.78470230102539,11.424145698547363,21.500999450683594,30.878955841064453,66.0516357421875,31.712677001953125,41.198280334472656
2017-02-15,7.917268753051758,11.774349212646484,11.442008972167969,21.492778778076172,31.347301483154297,66.72737884521484,31.992399215698242,41.68087387084961
2017-02-16,7.851241588592529,11.691374778747559,11.32589340209961,21.492778778076172,31.282705307006836,66.83452606201172,32.20818328857422,41.6893424987793
2017-02-17,7.821864604949951,11.545443534851074,11.32589340209961,21.459890365600586,31.056598663330078,66.46366882324219,31.976417541503906,41.494598388671875
2017-02-21,7.858512878417969,11.691374778747559,11.513465881347656,21.459890365600586,31.347301483154297,66.99934387207031,32.407989501953125,41.83327865600586
2017-02-22,7.858587265014648,11.87802791595459,11.567059516906738,21.97789192199707,31.516878128051758,67.59269714355469,32.615787506103516,42.18886947631836
2017-02-23,7.902579307556152,11.87802791595459,11.549195289611816,21.912107467651367,31.460342407226562,67.39490509033203,32.072322845458984,42.06187057495117
2017-02-24,7.858587265014648,11.623499870300293,11.433076858520508,21.912107467651367,31.121206283569336,66.60377502441406,31.86452865600586,41.55387496948242
2017-02-27,7.739533424377441,11.682889938354492,11.45094108581543,21.912107467651367,30.927400588989258,66.43071746826172,31.976417541503906,41.44380569458008
2017-02-28,7.777797222137451,11.657438278198242,11.424145698547363,21.821670532226562,30.84664535522461,66.15874481201172,32.00039291381836,41.24060821533203
2017-03-01,7.807178020477295,11.85257625579834,11.656379699707031,21.903888702392578,31.169647216796875,67.01582336425781,32.44794845581055,41.71474075317383
2017-03-02,7.865931987762451,11.84409236907959,11.504533767700195,21.558551788330078,30.499420166015625,65.88681030273438,32.016380310058594,41.00355529785156
2017-03-03,7.843898773193359,11.78470230102539,11.549195289611816,21.558551788330078,30.58017921447754,66.06809997558594,32.08830642700195,41.189815521240234
2017-03-06,7.858587265014648,11.903481483459473,11.486668586730957,21.558551788330078,30.555946350097656,65.93626403808594,31.976417541503906,41.147491455078125
2017-03-07,7.8732757568359375,11.894997596740723,11.531330108642578,21.681888580322266,30.652847290039062,66.15052032470703,32.28810501098633,41.28293991088867
2017-03-08,7.909997940063477,11.954386711120605,11.611719131469727,21.54540252685547,30.612468719482422,66.29061126708984,32.767635345458984,41.32527542114258
2017-03-09,7.741076469421387,11.521775245666504,11.513465881347656,21.54540252685547,30.257169723510742,65.65606689453125,32.37601852416992,40.92734909057617
2017-03-10,7.6382527351379395,11.835607528686523,11.629584312438965,21.50840187072754,30.40251922607422,65.95272827148438,32.711692810058594,41.147491455078125
2017-03-13,7.697010517120361,11.979842185974121,11.74570083618164,21.706554412841797,30.89509391784668,67.10647583007812,33.35105514526367,41.816341400146484
2017-03-14,7.777797222137451,12.013778686523438,11.754631042480469,21.706554412841797,30.798194885253906,66.80979919433594,33.247161865234375,41.57926559448242
2017-03-15,7.7631096839904785,12.055689811706543,11.95113754272461,21.755889892578125,31.323076248168945,67.7822494506836,33.46294403076172,42.19733428955078
2017-03-16,7.932033061981201,12.217401504516602,12.049391746520996,22.018997192382812,31.767200469970703,68.51568603515625,33.89452362060547,42.68840026855469
2017-03-17,7.946720600128174,12.217401504516602,11.942206382751465,21.64900016784668,31.605703353881836,68.25198364257812,33.95045852661133,42.58679962158203
2017-03-20,8.03015422821045,12.348228454589844,12.03152847290039,21.747663497924805,31.977155685424805,69.10079956054688,34.238182067871094,43.17945098876953
2017-03-21,8.071578025817871,12.361634254455566,11.852885246276855,21.788780212402344,31.629928588867188,68.07069396972656,33.159244537353516,42.544464111328125
2017-03-22,7.976099491119385,12.235727310180664,11.870750427246094,21.871002197265625,31.726835250854492,68.40856170654297,33.446956634521484,42.696861267089844
2017-03-23,7.9834442138671875,12.361634254455566,11.95113754272461,21.85455894470215,31.686464309692383,68.59809875488281,33.670745849609375,42.78999710083008
2017-03-24,7.998133182525635,12.31072998046875,12.058323860168457,21.85455894470215,31.69452667236328,68.6063461303711,33.89452362060547,42.82386779785156
2017-03-27,7.946720600128174,12.150459289550781,11.95113754272461,22.051889419555664,31.541099548339844,68.21900177001953,33.89452362060547,42.66299057006836
2017-03-28,7.99078893661499,12.124074935913086,12.067255973815918,21.928552627563477,31.678377151489258,68.54042053222656,33.88652420043945,42.815391540527344
2017-03-29,7.976099491119385,12.14842414855957,12.004730224609375,21.912107467651367,31.565322875976562,68.4415283203125,34.07034683227539,42.80692672729492
2017-03-30,7.961410999298096,12.13247299194336,11.933274269104004,21.912107467651367,31.331148147583008,68.021240234375,33.83857345581055,42.569862365722656
2017-03-31,7.924689292907715,12.022262573242188,11.852885246276855,21.805225372314453,31.080825805664062,67.61742401123047,33.83857345581055,42.273529052734375
2017-04-03,8.01282024383545,12.064682960510254,11.960071563720703,21.805225372314453,31.26655387878418,68.32614135742188,34.18223190307617,42.62913513183594
2017-04-04,8.01282024383545,12.141043663024902,11.986868858337402,21.86688804626465,31.347301483154297,68.35088348388672,33.81460189819336,42.646060943603516
2017-04-05,8.0789213180542,12.200431823730469,11.960071563720703,21.86277961730957,31.41190528869629,68.49095916748047,33.606807708740234,42.67145919799805
2017-04-06,8.064230918884277,12.115589141845703,11.915410041809082,22.199886322021484,31.26655387878418,68.37560272216797,33.854557037353516,42.66299057006836
2017-04-07,8.14406681060791,12.225801467895508,11.888615608215332,22.561662673950195,31.282705307006836,68.43326568603516,33.81460189819336,42.66299057006836
2017-04-10,8.1229887008667,12.166497230529785,11.817156791687012,22.47121810913086,31.09697723388672,68.19428253173828,34.17424392700195,42.58679962158203
2017-04-11,8.0348539352417,12.022262573242188,11.74570083618164,22.273883819580078,30.943544387817383,67.87288665771484,33.870548248291016,42.332794189453125
2017-04-12,8.064230918884277,12.013778686523438,11.808226585388184,22.240999221801758,30.97585105895996,68.05420684814453,33.81859588623047,42.49366760253906
2017-04-13,8.042200088500977,12.115589141845703,11.790361404418945,22.66855239868164,30.89509391784668,67.88113403320312,33.718692779541016,42.30739974975586
2017-04-17,8.01282024383545,12.200431823730469,11.852885246276855,21.994335174560547,31.056598663330078,68.2684555053711,33.89452362060547,42.62913513183594
2017-04-18,7.836555004119873,11.776217460632324,11.790361404418945,21.895662307739258,30.52364158630371,67.2960433959961,33.670745849609375,42.04493713378906
2017-04-19,7.807178020477295,11.795645713806152,11.763564109802246,21.768218994140625,30.345998764038086,67.20538330078125,33.89452362060547,41.994136810302734
2017-04-20,7.829209327697754,11.923929214477539,11.933274269104004,21.879220962524414,30.7497501373291,68.19428253173828,34.57384490966797,42.654537200927734
2017-04-21,7.814520835876465,11.938353538513184,11.92434310913086,21.92032814025879,30.652847290039062,68.16132354736328,34.79762649536133,42.62065505981445
2017-04-24,7.807178020477295,11.911966323852539,11.969003677368164,21.6572208404541,30.822423934936523,68.47447204589844,35.181251525878906,42.9423942565918
2017-04-25,7.8732757568359375,11.976107597351074,12.08512020111084,21.714778900146484,31.234254837036133,69.3480224609375,35.80463409423828,43.441917419433594
2017-04-26,7.88062047958374,12.081652641296387,12.129781723022461,21.722997665405273,31.250408172607422,69.23265838623047,35.6607780456543,43.365718841552734
2017-04-27,7.858587265014648,11.979842185974121,12.049391746520996,21.722997665405273,31.121206283569336,69.10079956054688,36.06837844848633,43.289520263671875
2017-04-28,7.851241588592529,12.013778686523438,12.040458679199219,21.599666595458984,31.11312484741211,69.04312133789062,35.86057662963867,43.31491470336914
2017-05-01,7.851241588592529,11.89584732055664,12.228034973144531,21.67366600036621,31.169647216796875,69.39746856689453,36.17226791381836,43.48424530029297
2017-05-02,7.741076469421387,11.977126121520996,12.263762474060059,21.558551788330078,31.064682006835938,69.26561737060547,36.252193450927734,43.467308044433594
2017-05-03,7.799830436706543,12.064682960510254,12.183374404907227,21.496068954467773,30.919322967529297,68.96070861816406,35.94049835205078,43.289520263671875
2017-05-04,7.777797222137451,11.581928253173828,12.094051361083984,21.427825927734375,30.483272552490234,68.1695785522461,35.812625885009766,42.713802337646484
2017-05-05,7.662123203277588,11.66592025756836,12.049391746520996,21.377670288085938,30.499420166015625,68.2602310180664,36.036399841308594,42.85771942138672
2017-05-08,7.70619010925293,11.581077575683594,12.129781723022461,21.02411460876465,30.40251922607422,68.1695785522461,36.523921966552734,42.916988372802734
2017-05-09,7.843898773193359,11.782835006713867,12.308422088623047,21.073448181152344,30.927400588989258,69.4798812866211,37.355106353759766,43.6959114074707
2017-05-10,7.887966632843018,11.786484718322754,12.33521842956543,20.941892623901367,31.234254837036133,70.02378845214844,37.80266189575195,44.09384536743164
2017-05-11,7.773612022399902,11.633681297302246,12.21017074584961,21.040557861328125,31.21002769470215,69.89192962646484,37.63482666015625,44.00917434692383
2017-05-12,7.851241588592529,11.608227729797363,12.344149589538574,21.205005645751953,31.541099548339844,70.4605712890625,38.02643585205078,44.373233795166016
2017-05-15,7.799830436706543,11.708343505859375,12.344149589538574,21.205005645751953,31.952926635742188,71.02095794677734,38.08238220214844,44.805030822753906
2017-05-16,7.8732757568359375,11.84409236907959,12.39774227142334,21.205005645751953,31.880260467529297,71.37532043457031,39.321163177490234,45.016693115234375
2017-05-17,7.821864604949951,11.79318618774414,12.245898246765137,21.435222625732422,31.428043365478516,70.26276397705078,38.370094299316406,44.33937072753906
2017-05-18,7.829209327697754,11.58956241607666,12.236966133117676,21.361221313476562,31.524951934814453,70.44409942626953,38.545928955078125,44.43250274658203
2017-05-19,7.814520835876465,11.64046859741211,12.388811111450195,21.427001953125,31.847951889038086,71.51541137695312,39.45702362060547,45.07595443725586
2017-05-22,7.870485782623291,11.699857711791992,12.513860702514648,21.418777465820312,32.00137710571289,72.14997100830078,39.944549560546875,45.5924186706543
2017-05-23,7.843898773193359,11.633511543273926,12.442404747009277,21.418777465820312,31.961009979248047,71.70494842529297,39.24923324584961,45.3045654296875
2017-05-24,7.858587265014648,11.648951530456543,12.442404747009277,21.114559173583984,31.969085693359375,71.81209564208984,38.937538146972656,45.3299560546875
2017-05-25,7.902655124664307,11.589984893798828,12.540656089782715,21.928552627563477,32.49396514892578,72.62796020507812,39.217262268066406,45.86335372924805
2017-05-26,7.88062047958374,11.759247779846191,12.576385498046875,21.928552627563477,32.48588180541992,72.71036529541016,39.25722122192383,45.88029098510742
2017-05-30,7.909997940063477,11.750765800476074,12.576385498046875,21.903888702392578,32.58277893066406,72.69387817382812,38.65781021118164,45.90568923950195
2017-05-31,7.895310401916504,11.76773452758789,12.69250202178955,22.191667556762695,32.4132080078125,72.14173889160156,38.06639862060547,45.52470016479492
2017-06-01,7.858587265014648,11.759247779846191,12.88007640838623,22.191667556762695,32.70391845703125,73.02351379394531,38.61785125732422,46.0834846496582
2017-06-02,7.924689292907715,11.759247779846191,12.942601203918457,22.487661361694336,32.720054626464844,73.14714050292969,38.65781021118164,46.11735153198242
2017-06-05,7.909997940063477,11.733797073364258,12.960464477539062,22.0272216796875,32.534332275390625,73.11418151855469,38.881591796875,46.04114532470703
2017-06-06,7.975438594818115,11.61501693725586,12.942601203918457,22.216331481933594,32.744285583496094,73.41909790039062,39.04943084716797,46.25281524658203
2017-06-07,7.953037261962891,11.757128715515137,13.067648887634277,22.47943878173828,32.63930130004883,73.62511444091797,39.68879699707031,46.396751403808594
2017-06-08,7.946720600128174,11.776217460632324,13.246293067932129,22.47943878173828,32.78466033935547,74.9189453125,40.10438537597656,47.243404388427734
2017-06-09,7.8732757568359375,11.750765800476074,13.121241569519043,22.652103424072266,32.49396514892578,73.78993225097656,38.97749710083008,46.6084098815918
2017-06-12,7.779780864715576,11.572510719299316,13.040855407714844,22.816547393798828,32.20325469970703,73.19657897949219,38.70576477050781,46.21895217895508
2017-06-13,7.807249546051025,11.66592025756836,13.148039817810059,22.70143699645996,32.388980865478516,73.4685287475586,38.55392074584961,46.25281524658203
2017-06-14,7.836555004119873,11.568351745605469,13.049785614013672,22.492597579956055,32.24362564086914,73.09769439697266,38.12234878540039,46.049625396728516
2017-06-15,7.755764961242676,11.398666381835938,12.987260818481445,22.364330291748047,31.872175216674805,72.33951568603516,37.682777404785156,45.57548522949219
2017-06-16,7.755764961242676,11.623499870300293,12.978328704833984,22.323217391967773,31.961009979248047,72.46348571777344,37.74672317504883,45.6347541809082
2017-06-19,7.785143852233887,11.609246253967285,13.192697525024414,22.47121810913086,32.4132080078125,73.84383392333984,38.84163284301758,46.51527786254883
2017-06-20,7.807178020477295,11.487751960754395,13.094447135925293,22.41590118408203,32.05309295654297,73.1991195678711,38.56190872192383,46.14314651489258
2017-06-21,7.770453453063965,11.585829734802246,13.192697525024414,22.713953018188477,32.020652770996094,73.7115707397461,39.1533317565918,46.4320182800293
2017-06-22,7.829209327697754,11.687640190124512,13.246293067932129,22.680103302001953,32.231529235839844,74.04219818115234,39.06541061401367,46.6699104309082
2017-06-23,7.902655124664307,11.818638801574707,13.228426933288574,22.8039493560791,32.255859375,74.24883270263672,39.40107727050781,46.75486373901367
2017-06-26,7.939375877380371,11.945904731750488,13.282020568847656,23.08053207397461,32.628944396972656,74.73651123046875,39.369110107421875,47.12870788574219
2017-06-27,7.909997940063477,11.962872505187988,13.201631546020508,23.096221923828125,32.304527282714844,74.05047607421875,38.697776794433594,46.661415100097656
2017-06-28,7.904563903808594,11.886513710021973,13.326682090759277,23.13420295715332,32.466739654541016,74.58772277832031,38.98548889160156,47.00977325439453
2017-06-29,7.8586602210998535,11.84409236907959,13.183767318725586,23.150712966918945,32.13420104980469,73.63719940185547,38.3061637878418,46.37254333496094
2017-06-30,7.88062047958374,11.86945915222168,13.049785614013672,23.373634338378906,32.207191467285156,73.79424285888672,38.282188415527344,46.46600341796875
2017-07-03,7.8732757568359375,11.988325119018555,13.183767318725586,23.25804328918457,32.53972625732422,74.40589141845703,38.250221252441406,46.75486373901367
2017-07-05,7.917344570159912,11.87802791595459,13.174835205078125,23.324094772338867,32.40996170043945,74.2901611328125,38.330135345458984,46.68690490722656
2017-07-06,7.832513332366943,11.954386711120605,13.201631546020508,23.216766357421875,32.036869049072266,73.43055725097656,38.002464294433594,46.08367156982422
2017-07-07,7.909997940063477,11.835607528686523,13.273088455200195,23.295202255249023,32.020652770996094,73.6124038696289,38.16230773925781,46.14314651489258
2017-07-10,7.917344570159912,11.962788581848145,13.308816909790039,23.29106903076172,32.07742691040039,74.0587387084961,38.77770233154297,46.4320182800293
2017-07-11,7.939375877380371,11.962872505187988,13.478527069091797,23.35712242126465,32.685726165771484,75.22418212890625,39.24923324584961,47.281639099121094
2017-07-12,8.104628562927246,12.208918571472168,13.630373001098633,23.38849639892578,33.375118255615234,76.67062377929688,40.06043243408203,48.27570724487305
2017-07-13,8.1229887008667,12.208918571472168,13.66610050201416,23.38849639892578,33.45623016357422,76.7863540649414,40.15234375,48.377655029296875
2017-07-14,8.181745529174805,12.38708782196045,13.79114818572998,23.745168685913086,33.97530746459961,77.9269790649414,40.72377395629883,49.05735397338867
2017-07-17,8.115644454956055,12.336180686950684,13.66610050201416,23.340606689453125,33.837432861328125,77.36492919921875,40.424068450927734,48.76849365234375
2017-07-18,8.064230918884277,12.440539360046387,13.764354705810547,23.340606689453125,33.788761138916016,77.77818298339844,41.055442810058594,49.023372650146484
2017-07-19,8.203778266906738,12.641615867614746,13.862606048583984,23.918550491333008,34.20240783691406,78.88578033447266,41.590919494628906,49.652095794677734
2017-07-20,8.152365684509277,12.683530807495117,13.755422592163086,24.02587890625,34.129417419433594,78.62129211425781,41.399105072021484,49.44818115234375
2017-07-21,8.240500450134277,12.46429443359375,13.728625297546387,23.973867416381836,34.09696578979492,78.50556945800781,41.43107604980469,49.3972053527832
2017-07-24,8.233154296875,12.60759449005127,13.871538162231445,24.06056022644043,34.2186164855957,78.86097717285156,41.91060256958008,49.68607711791992
2017-07-25,8.181745529174805,12.633132934570312,13.862606048583984,23.957355499267578,34.145626068115234,78.81139373779297,42.014503479003906,49.652095794677734
2017-07-26,8.233154296875,12.684038162231445,13.925130844116211,23.885526657104492,34.48627853393555,79.5304946899414,42.52599334716797,50.161865234375
2017-07-27,8.218467712402344,12.38869857788086,13.82687759399414,23.918550491333008,34.364620208740234,79.15026092529297,42.158363342285156,49.90697479248047
2017-07-28,8.189088821411133,12.454877853393555,13.880471229553223,24.08367919921875,34.40515899658203,79.65445709228516,43.061466217041016,50.348785400390625
2017-07-31,8.240500450134277,12.726375579833984,13.817946434020996,24.174495697021484,34.50249481201172,79.99333953857422,43.31721496582031,50.47624206542969
2017-08-01,8.210680961608887,12.429508209228516,13.728625297546387,24.35861587524414,34.89991760253906,80.4644775390625,43.38114929199219,50.81607437133789
2017-08-02,8.26928997039795,12.667070388793945,13.576780319213867,24.33136749267578,34.81070327758789,80.02642059326172,42.573944091796875,50.4167594909668
2017-08-03,8.25518798828125,12.471930503845215,13.60357666015625,24.14972686767578,34.75392150878906,79.9850845336914,42.981544494628906,50.44225311279297
2017-08-04,8.264737129211426,12.726375579833984,13.755422592163086,24.14972686767578,34.74581527709961,80.34049987792969,43.357173919677734,50.63765335083008
2017-08-07,8.211122512817383,12.896146774291992,13.907265663146973,24.14972686767578,34.87558364868164,81.24969482421875,44.50404357910156,51.274871826171875
2017-08-08,8.211122512817383,12.896146774291992,14.050180435180664,24.273571014404297,35.127010345458984,81.82828521728516,44.90763854980469,51.66569900512695
2017-08-09,8.211122512817383,12.917696952819824,14.068044662475586,24.2777042388916,34.851253509521484,81.6133804321289,45.075477600097656,51.546756744384766
2017-08-10,8.211122512817383,12.66426944732666,13.710760116577148,24.15468406677246,33.85365295410156,78.96842193603516,43.341182708740234,49.87300109863281
2017-08-11,8.211122512817383,12.395572662353516,13.66610050201416,23.778188705444336,33.910423278808594,78.69566345214844,43.49303436279297,49.78804016113281
2017-08-14,8.211122512817383,12.726459503173828,13.862606048583984,24.090282440185547,34.210514068603516,79.76190948486328,44.13241195678711,50.45923614501953
2017-08-15,8.063498497009277,12.58222770690918,13.889402389526367,24.13321304321289,34.129417419433594,79.53874206542969,43.900634765625,50.39128112792969
2017-08-16,8.10095500946045,12.675554275512695,14.112704277038574,24.13321304321289,34.64848709106445,80.78683471679688,44.55598831176758,51.325862884521484
2017-08-17,8.009001731872559,12.505867958068848,13.97872257232666,24.24880599975586,33.99964141845703,79.58006286621094,43.67686080932617,50.45923614501953
2017-08-18,8.009001731872559,12.688279151916504,13.996588706970215,24.257061004638672,34.0726318359375,79.89417266845703,44.08445739746094,50.69713592529297
2017-08-21,7.998133182525635,12.719162940979004,13.987654685974121,24.257061004638672,34.453826904296875,80.83643341064453,44.96358108520508,51.266387939453125
2017-08-22,7.998133182525635,12.719162940979004,14.1752290725708,24.595569610595703,34.98101806640625,82.01838684082031,45.00354766845703,51.99706268310547
2017-08-23,8.14869499206543,12.773125648498535,14.228821754455566,24.526214599609375,35.159461975097656,82.39035034179688,45.4590950012207,52.31991958618164
2017-08-24,8.064230918884277,12.773125648498535,14.273482322692871,24.380901336669922,35.289222717285156,82.42339324951172,45.06747817993164,52.30291748046875
2017-08-25,8.064230918884277,12.773125648498535,14.228821754455566,24.87958526611328,35.856964111328125,82.81188201904297,44.26826858520508,52.47285079956055
2017-08-28,8.064230918884277,12.85372257232666,14.059111595153809,25.211490631103516,35.87318801879883,82.22503662109375,43.349178314208984,52.056541442871094
2017-08-29,8.005475997924805,12.85372257232666,14.130568504333496,25.214792251586914,35.9056282043457,82.2415542602539,43.58894729614258,52.06502914428711
2017-08-30,8.005475997924805,12.684038162231445,14.219888687133789,25.19993019104004,35.9056282043457,82.9275894165039,44.300235748291016,52.47285079956055
2017-08-31,8.203778266906738,12.751913070678711,14.273482322692871,25.19828224182129,35.881309509277344,83.19209289550781,44.90763854980469,52.676761627197266
2017-09-01,8.313944816589355,12.887661933898926,14.461054801940918,25.470739364624023,35.89751052856445,83.39047241210938,45.291259765625,52.77871322631836
2017-09-05,8.313944816589355,12.845239639282227,14.309209823608398,25.610267639160156,35.402774810791016,82.33248138427734,44.651885986328125,52.09901428222656
2017-09-06,8.313944816589355,12.990151405334473,14.45212459564209,25.644123077392578,35.548770904541016,82.6961669921875,44.923622131347656,52.336910247802734
2017-09-07,8.283980369567871,12.980989456176758,14.621835708618164,25.66889190673828,35.662315368652344,83.34088134765625,45.634918212890625,52.69375228881836
2017-09-08,8.287210464477539,12.896146774291992,14.559307098388672,25.59458351135254,35.51633071899414,82.90279388427734,45.163387298583984,52.28594207763672
2017-09-11,8.287210464477539,12.862208366394043,14.782609939575195,25.660633087158203,36.11650085449219,84.44844818115234,46.074485778808594,53.390445709228516
2017-09-12,8.287210464477539,13.023409843444824,14.916594505310059,25.677148818969727,36.002960205078125,84.64682006835938,46.58998107910156,53.52638626098633
2017-09-13,8.287210464477539,13.456109046936035,15.077373504638672,25.6498966217041,35.751529693603516,84.92784118652344,46.897674560546875,53.65382385253906
2017-09-14,8.287210464477539,13.058197021484375,15.041642189025879,25.561553955078125,35.69474792480469,84.84518432617188,46.92164993286133,53.61134719848633
2017-09-15,8.290074348449707,13.540952682495117,15.122032165527344,25.565685272216797,35.96240234375,85.2997817993164,46.8657112121582,54.078643798828125
2017-09-18,8.290074348449707,13.680943489074707,15.372130393981934,25.565685272216797,36.35171127319336,86.27511596679688,47.313270568847656,54.59691619873047
2017-09-19,8.290074348449707,13.5070161819458,15.389995574951172,25.289926528930664,36.4003791809082,86.30817413330078,47.10546875,54.69887161254883
2017-09-20,8.350667953491211,13.574892044067383,15.595431327819824,25.568988800048828,36.46526336669922,86.45697021484375,46.91366195678711,54.60540008544922
2017-09-21,8.372699737548828,13.560976028442383,15.568636894226074,25.503765106201172,36.55447006225586,86.37429809570312,46.410160064697266,54.61390686035156
2017-09-22,8.372699737548828,13.481563568115234,15.381060600280762,25.35432243347168,36.15705871582031,85.71306610107422,46.546024322509766,54.2315788269043
2017-09-25,8.240500450134277,13.184613227844238,14.86299991607666,25.06618309020996,35.191898345947266,83.03504943847656,44.61193084716797,52.574806213378906
2017-09-26,8.240500450134277,13.184613227844238,14.979119300842285,25.119020462036133,35.475772857666016,83.28301239013672,44.891658782958984,52.69375228881836
2017-09-27,8.3653564453125,13.53917121887207,15.220285415649414,25.107460021972656,35.60553741455078,84.01038360595703,45.33121871948242,53.10157775878906
2017-09-28,8.3653564453125,13.337329864501953,15.13989543914795,25.02489471435547,35.305442810058594,83.52271270751953,45.10743713378906,52.84668731689453
2017-09-29,8.453489303588867,13.422171592712402,15.336402893066406,25.196626663208008,35.71908950805664,84.72947692871094,45.491065979003906,53.60285186767578
2017-10-02,8.45459270477295,13.456109046936035,15.479316711425781,25.25194549560547,35.83263397216797,85.10968017578125,45.81874465942383,53.88322067260742
2017-10-03,8.45459270477295,13.483938217163086,15.83659839630127,25.809246063232422,36.92756271362305,87.10166931152344,46.57798767089844,55.174659729003906
2017-10-04,8.45459270477295,13.611371994018555,15.863395690917969,25.924009323120117,37.016780853271484,87.07687377929688,46.37019348144531,55.10669708251953
2017-10-05,8.45459270477295,13.820935249328613,16.113492965698242,25.998315811157227,37.60886001586914,88.04393005371094,46.506065368652344,55.85435485839844
2017-10-06,8.488449096679688,13.765788078308105,16.086698532104492,25.949604034423828,37.162776947021484,87.55628204345703,46.59397506713867,55.4890251159668
2017-10-09,8.463037490844727,13.700544357299805,16.06883430480957,25.619352340698242,37.008670806884766,87.56454467773438,46.67390060424805,55.531497955322266
2017-10-10,8.463037490844727,13.60950756072998,16.1760196685791,25.850528717041016,37.333099365234375,88.440673828125,47.23334503173828,56.08375930786133
2017-10-11,8.553374290466309,13.644037246704102,16.042036056518555,25.816679000854492,37.187103271484375,88.06048583984375,47.08149337768555,55.862850189208984
2017-10-12,8.519590377807617,13.602041244506836,15.890192985534668,25.908321380615234,37.203330993652344,87.60585021972656,46.72185134887695,55.548492431640625
2017-10-13,8.530607223510742,13.999105453491211,15.952714920043945,26.0197811126709,37.49530792236328,88.13485717773438,47.36920928955078,55.9393196105957
2017-10-16,8.530607223510742,13.850631713867188,16.024169921875,25.817506790161133,37.552085876464844,88.64733123779297,48.28030776977539,56.20271301269531
2017-10-17,8.600380897521973,13.710638999938965,15.925921440124512,25.66889190673828,37.324989318847656,87.85382843017578,47.4970817565918,55.718421936035156
2017-10-18,8.600380897521973,13.625794410705566,15.934850692749023,25.834016799926758,37.689964294433594,88.62251281738281,48.04853439331055,56.236698150634766
2017-10-19,8.512245178222656,13.574892044067383,15.568636894226074,25.677148818969727,36.951900482177734,87.09341430664062,46.80177307128906,55.251129150390625
2017-10-20,8.512245178222656,13.643613815307617,15.800870895385742,25.75971031188965,37.42230987548828,87.6884994506836,46.76980209350586,55.66743850708008
2017-10-23,8.519002914428711,13.744577407836914,15.720481872558594,25.66889190673828,36.99244689941406,87.05207824707031,46.410160064697266,55.132179260253906
2017-10-24,8.510043144226074,13.524664878845215,15.604365348815918,25.89181137084961,37.008670806884766,86.99420928955078,46.282283782958984,55.089698791503906
2017-10-25,8.490213394165039,13.487162590026855,15.541838645935059,25.937217712402344,37.065452575683594,86.66361999511719,45.283267974853516,54.8263053894043
2017-10-26,8.490213394165039,13.517027854919434,15.506110191345215,26.114730834960938,37.04111099243164,86.45697021484375,44.53201675415039,54.64788818359375
2017-10-27,8.476256370544434,13.473079681396484,15.452518463134766,26.238574981689453,37.7061882019043,87.28351593017578,44.49205017089844,55.37006759643555
2017-10-30,8.563655853271484,13.464594841003418,15.238146781921387,26.007400512695312,37.122222900390625,86.59746551513672,44.39614486694336,54.94525909423828
2017-10-31,8.556312561035156,13.481563568115234,15.595431327819824,26.14775848388672,37.251983642578125,87.41575622558594,45.17137908935547,55.480525970458984
2017-11-01,8.482867240905762,13.659734725952148,15.684754371643066,26.205549240112305,37.49530792236328,88.07698822021484,45.5949592590332,55.862850189208984
2017-11-02,8.519590377807617,13.617311477661133,15.684754371643066,26.12298583984375,37.67375183105469,88.27537536621094,45.491065979003906,55.94780349731445
2017-11-03,8.519590377807617,13.490047454833984,15.613296508789062,25.928964614868164,37.53586196899414,88.08525085449219,45.930633544921875,55.93082809448242
2017-11-06,8.700631141662598,13.433202743530273,15.791935920715332,26.21463394165039,37.67375183105469,89.25895690917969,46.889686584472656,56.76345443725586
2017-11-07,8.769302368164062,13.430657386779785,15.881258010864258,26.21463394165039,37.89273452758789,89.53998565673828,46.969608306884766,56.96737289428711
2017-11-08,8.710546493530273,13.336651802062988,16.033105850219727,26.337650299072266,37.94950485229492,89.6391830444336,47.33723449707031,57.09481430053711
2017-11-09,8.717890739440918,13.337329864501953,15.988442420959473,26.395442962646484,37.99005889892578,89.45734405517578,47.33723449707031,56.98435974121094
2017-11-10,8.83533000946045,13.29490852355957,15.979508399963379,26.700929641723633,38.21715545654297,89.93673706054688,47.33723449707031,57.2562370300293
2017-11-13,8.702760696411133,13.29490852355957,16.042036056518555,26.709184646606445,38.087379455566406,90.03591918945312,47.14542770385742,57.23925018310547
2017-11-14,8.62241268157959,13.429469108581543,15.961647987365723,26.55974578857422,37.6494026184082,89.06885528564453,46.282283782958984,56.55105209350586
2017-11-15,8.504901885986328,13.262497901916504,15.881258010864258,26.37893295288086,37.187103271484375,88.440673828125,46.80976104736328,56.15171813964844
2017-11-16,8.633282661437988,13.262497901916504,16.16708755493164,26.691020965576172,37.88461685180664,90.06897735595703,47.824764251708984,57.3836784362793
2017-11-17,8.442253112792969,13.108254432678223,16.095626831054688,26.490392684936523,37.7061882019043,89.928466796875,48.04853439331055,57.40916061401367
2017-11-20,8.439536094665527,13.108254432678223,16.256410598754883,26.67038345336914,38.095497131347656,90.91204071044922,48.408180236816406,58.10586929321289
2017-11-21,8.509307861328125,13.2507905960083,16.36359214782715,27.320152282714844,39.1174201965332,92.73872375488281,48.83975601196289,59.439781188964844
2017-11-22,8.475523948669434,13.2507905960083,16.345726013183594,27.229331970214844,39.1904182434082,92.78005981445312,48.95964050292969,59.33782196044922
2017-11-24,8.651717185974121,13.311875343322754,16.26534080505371,26.651391983032227,38.8822135925293,92.05269622802734,48.37621307373047,59.0064697265625
2017-11-27,8.571001052856445,13.253335952758789,16.015241622924805,26.19977569580078,38.2577018737793,90.53184509277344,47.433143615722656,57.89346694946289
2017-11-28,8.542284965515137,13.091371536254883,16.158153533935547,26.411956787109375,38.57401657104492,91.18482208251953,47.113460540771484,58.343772888183594
2017-11-29,8.526934623718262,12.876633644104004,15.800870895385742,26.15683364868164,37.81972885131836,89.17630767822266,45.53901672363281,56.89090347290039
2017-11-30,8.593034744262695,12.879178047180176,15.64902400970459,26.007400512695312,37.44664764404297,88.30016326904297,45.2752799987793,56.279178619384766
2017-12-01,8.475523948669434,13.182914733886719,15.675819396972656,25.916582107543945,37.1546630859375,87.2752456665039,44.476070404052734,55.4890251159668
2017-12-04,8.475523948669434,13.125222206115723,15.640091896057129,26.007400512695312,37.187103271484375,86.87022399902344,43.972564697265625,55.259620666503906
2017-12-05,8.475523948669434,13.125222206115723,15.461453437805176,26.04867935180664,37.2114372253418,86.59746551513672,43.85268020629883,55.01322555541992
2017-12-06,8.372699737548828,12.80281925201416,15.256011009216309,25.850528717041016,36.3841552734375,85.2997817993164,43.81272506713867,54.291053771972656
2017-12-07,8.372699737548828,12.72560977935791,15.407857894897461,25.644123077392578,36.3273811340332,85.73787689208984,44.26826858520508,54.62240982055664
2017-12-08,8.372699737548828,12.633132934570312,15.71155071258545,25.933094024658203,36.93567657470703,87.34136962890625,44.60394287109375,55.65894317626953
2017-12-11,8.348904609680176,13.010515213012695,15.943785667419434,26.30462646484375,37.251983642578125,88.30841827392578,45.60295486450195,56.3216552734375
2017-12-12,8.295583724975586,13.010515213012695,15.800870895385742,25.916582107543945,36.8626823425293,87.1595230102539,44.5639762878418,55.53999710083008
2017-12-13,8.295583724975586,13.010515213012695,15.99737548828125,26.22454071044922,37.665626525878906,88.73823547363281,45.69086456298828,56.576534271240234
2017-12-14,8.390990257263184,13.010515213012695,15.925921440124512,26.073448181152344,37.316871643066406,87.85382843017578,45.10743713378906,55.845863342285156
2017-12-15,8.3267240524292,12.955367088317871,15.952714920043945,25.949604034423828,37.105995178222656,87.49427032470703,45.49905776977539,55.74390411376953
2017-12-18,8.3267240524292,12.955367088317871,16.086698532104492,25.924837112426758,37.29254150390625,88.38475799560547,47.15342330932617,56.28767013549805
2017-12-19,8.416768074035645,12.955367088317871,16.086698532104492,26.115947723388672,37.2114372253418,88.01512908935547,46.950862884521484,56.04324722290039
2017-12-20,8.460835456848145,12.734944343566895,16.184951782226562,26.23560333251953,37.11410903930664,87.93952178955078,46.70167922973633,56.01742935180664
2017-12-21,8.659135818481445,12.904630661010742,16.399320602416992,26.531414031982422,37.810604095458984,89.46845245361328,47.40903854370117,57.05017852783203
2017-12-22,8.637101173400879,12.904630661010742,16.586898803710938,26.448318481445312,38.033935546875,90.03971099853516,47.32061767578125,57.47187042236328
2017-12-26,8.62975788116455,12.904630661010742,16.595823287963867,26.56381607055664,38.033935546875,89.85490417480469,47.01517105102539,57.179256439208984
2017-12-27,8.67382526397705,12.960628509521484,16.604759216308594,26.091020584106445,37.79404830932617,89.45165252685547,47.24827194213867,56.9468994140625
2017-12-28,8.640246391296387,13.260855674743652,16.637115478515625,26.448318481445312,38.1083869934082,90.04811096191406,47.079471588134766,57.144832611083984
2017-12-29,8.640246391296387,13.260855674743652,16.780927658081055,26.614503860473633,38.19110870361328,90.04811096191406,47.11162185668945,57.265323638916016
2018-01-02,8.781635284423828,13.47179889678955,17.140453338623047,27.067359924316406,39.51459884643555,93.47563934326172,49.28996658325195,59.494327545166016
2018-01-03,8.868082046508789,13.47179889678955,17.338193893432617,27.295028686523438,39.85375213623047,94.24851989746094,49.587371826171875,59.96766662597656
2018-01-04,8.94668960571289,13.500880241394043,17.12247657775879,27.420501708984375,39.986087799072266,94.66854858398438,50.06162643432617,60.33771514892578
2018-01-05,8.903389930725098,13.492806434631348,17.23932456970215,27.50359344482422,40.151527404785156,95.60104370117188,50.953861236572266,60.768028259277344
2018-01-08,9.040364265441895,14.04560375213623,17.338193893432617,27.60330581665039,40.29215621948242,96.13027954101562,51.56476593017578,61.069252014160156
2018-01-09,8.892584800720215,13.5421142578125,17.3741455078125,27.51605796813965,40.17634582519531,96.21430206298828,51.62907028198242,61.103660583496094
2018-01-10,8.91708755493164,13.804710388183594,17.31122398376465,27.590839385986328,40.217708587646484,95.85306549072266,50.913673400878906,60.86271286010742
2018-01-11,8.91708755493164,13.763474464416504,17.320215225219727,27.860889434814453,40.49894332885742,96.23111724853516,51.1628532409668,61.017616271972656
2018-01-12,9.169730186462402,13.681008338928223,17.428070068359375,28.08523941040039,41.18551254272461,97.70124053955078,51.50849914550781,61.95567321777344
2018-01-16,8.943037033081055,13.957924842834473,17.16741943359375,28.20821762084961,41.19378662109375,96.64274597167969,51.23520278930664,61.40487289428711
2018-01-17,9.009925842285156,13.850286483764648,17.383134841918945,28.30127716064453,41.95479965209961,98.22207641601562,52.095279693603516,62.32575225830078
2018-01-18,8.994707107543945,13.715470314025879,17.293256759643555,28.327037811279297,42.244300842285156,98.15487670898438,52.030982971191406,62.4376220703125
2018-01-19,9.086023330688477,13.889348983764648,17.41010093688965,28.58213233947754,42.94741439819336,99.5914306640625,52.336429595947266,63.169151306152344
2018-01-22,8.997065544128418,13.932751655578613,17.508970260620117,28.93693733215332,43.187294006347656,100.2970962524414,52.505226135253906,63.60805892944336
2018-01-23,8.997065544128418,13.889348983764648,17.4460506439209,29.18205451965332,43.86558532714844,101.56562805175781,53.011627197265625,64.546142578125
2018-01-24,9.2382173538208,14.062966346740723,17.45503807067871,29.481185913085938,44.130287170410156,101.9184341430664,53.17239761352539,64.71826171875
2018-01-25,9.2382173538208,13.98483657836914,17.526947021484375,29.38147735595703,43.54298400878906,101.49000549316406,53.727020263671875,64.27934265136719
2018-01-26,9.481731414794922,14.097686767578125,17.85950469970703,29.630754470825195,44.6679573059082,104.0354232788086,54.9327507019043,66.02638244628906
2018-01-29,9.413241386413574,14.08032512664795,17.580875396728516,28.83307456970215,43.71669387817383,102.06966400146484,53.927978515625,64.75269317626953
2018-01-30,9.239740371704102,13.5421142578125,17.51795768737793,28.6502685546875,42.997039794921875,100.33069610595703,52.52934265136719,63.547821044921875
2018-01-31,9.239740371704102,13.845077514648438,17.69771957397461,28.874616622924805,43.56779479980469,101.40599060058594,53.09201431274414,64.38261413574219
2018-02-01,9.177340507507324,13.622845649719238,17.35616683959961,28.52147674560547,42.93914794921875,99.03697204589844,51.902366638183594,62.9195671081543
2018-02-02,9.314313888549805,13.394540786743164,16.95170021057129,28.384370803833008,42.244300842285156,97.42401123046875,50.25454330444336,61.71470642089844
2018-02-05,9.314313888549805,13.20356273651123,16.610149383544922,28.50900650024414,41.25995635986328,94.7105484008789,48.622802734375,59.881591796875
2018-02-06,9.314313888549805,13.212242126464844,16.89777374267578,28.384370803833008,41.99614334106445,96.3235092163086,49.28996658325195,61.120880126953125
2018-02-07,9.314313888549805,13.116752624511719,16.448362350463867,27.25431251525879,39.75447463989258,92.71116638183594,48.19677734375,58.77140426635742
2018-02-08,8.431586265563965,12.880632400512695,15.927051544189453,26.298749923706055,38.09184265136719,88.86359405517578,46.07469940185547,56.27561950683594
2018-02-09,8.370708465576172,12.00560474395752,15.909075736999512,25.675556182861328,38.14974594116211,89.37603759765625,47.039283752441406,56.654293060302734
2018-02-12,8.370708465576172,12.710402488708496,16.286579132080078,26.344449996948242,38.62123107910156,90.87979888916016,48.212852478027344,57.6525993347168
2018-02-13,8.370708465576172,12.595903396606445,16.57419776916504,26.548030853271484,38.62123107910156,91.52664184570312,49.41054153442383,58.255027770996094
2018-02-14,8.62182903289795,12.908411979675293,17.014619827270508,26.993406295776367,39.79583740234375,94.34931182861328,51.65318298339844,60.08815383911133
2018-02-15,8.850122451782227,13.25851058959961,17.266286849975586,27.420501708984375,40.82981872558594,96.49992370605469,52.256046295166016,61.5942268371582
2018-02-16,8.804463386535645,13.325093269348145,17.248310089111328,27.561756134033203,40.838096618652344,96.35708618164062,51.621028900146484,61.310211181640625
2018-02-20,8.804463386535645,13.325093269348145,17.284265518188477,27.088130950927734,40.01091003417969,95.59264373779297,52.095279693603516,60.78525161743164
2018-02-21,8.903389930725098,13.325093269348145,17.383134841918945,27.104747772216797,40.59821701049805,96.44950866699219,52.44091796875,61.34465408325195
2018-02-22,8.774024963378906,13.273006439208984,17.526947021484375,27.36316680908203,40.35005569458008,96.40750885009766,51.9666748046875,61.241371154785156
2018-02-23,8.774024963378906,13.108245849609375,17.778615951538086,27.536827087402344,41.111061096191406,98.08768463134766,53.4537353515625,62.25687789916992
2018-02-26,9.040364265441895,13.376136779785156,17.877483367919922,28.06861686706543,41.640464782714844,98.8773422241211,52.85890579223633,62.824893951416016
2018-02-27,8.819682121276855,13.376136779785156,17.499980926513672,27.090621948242188,39.870296478271484,95.3658218383789,51.275390625,60.423789978027344
2018-02-28,8.818161010742188,13.376136779785156,17.419086456298828,26.95517921447754,39.05964279174805,93.97968292236328,50.96189880371094,59.554561614990234
2018-03-01,8.606609344482422,13.376136779785156,17.176406860351562,26.963491439819336,39.092742919921875,93.9208755493164,50.50373077392578,59.365234375
2018-03-02,8.827217102050781,13.14279556274414,17.005630493164062,27.129676818847656,39.092742919921875,93.7864761352539,51.436153411865234,59.365234375
2018-03-05,8.637049674987793,13.14279556274414,16.924739837646484,27.046581268310547,39.08446502685547,93.74446105957031,51.468299865722656,59.44268798828125
2018-03-06,8.637049674987793,12.839834213256836,17.050569534301758,27.553443908691406,39.39051818847656,94.70216369628906,52.03901290893555,60.04511260986328
2018-03-07,8.545732498168945,12.899730682373047,17.12247657775879,27.354026794433594,39.291259765625,94.81978607177734,52.657955169677734,60.22584915161133
2018-03-08,8.754998207092285,12.899730682373047,17.338193893432617,27.481155395507812,39.44015121459961,95.4078140258789,52.84283447265625,60.46680450439453
2018-03-09,8.872950553894043,13.368498802185059,17.832542419433594,27.98552703857422,40.540306091308594,97.74324035644531,54.00032424926758,62.05034255981445
2018-03-12,8.872950553894043,13.12717056274414,17.931411743164062,27.885818481445312,40.63130187988281,97.961669921875,54.14501190185547,62.299930572509766
2018-03-13,8.743584632873535,13.12717056274414,17.490989685058594,27.686397552490234,40.06053161621094,96.3319091796875,52.89908981323242,61.25858688354492
2018-03-14,8.911001205444336,13.359817504882812,17.490989685058594,27.50359344482422,40.29215621948242,97.13838958740234,53.389427185058594,61.73192596435547
2018-03-15,8.911001205444336,13.359817504882812,17.580875396728516,27.752872467041016,40.540306091308594,98.22207641601562,53.96012878417969,62.42901611328125
2018-03-16,8.911001205444336,13.359817504882812,17.580875396728516,27.4537353515625,40.68920135498047,98.30609893798828,53.87974548339844,62.51508331298828
2018-03-19,8.911001205444336,13.359817504882812,17.401113510131836,27.354026794433594,40.17634582519531,96.84435272216797,53.07593536376953,61.5942268371582
2018-03-20,8.956660270690918,13.359817504882812,17.679744720458984,27.514394760131836,40.7222900390625,98.60851287841797,54.25754165649414,62.70442199707031
2018-03-21,9.02347183227539,13.125520706176758,17.571884155273438,27.30417251586914,40.53204345703125,97.60883331298828,53.9762077331543,62.11919021606445
2018-03-22,8.87713623046875,12.856328010559082,16.95170021057129,26.662696838378906,38.9769287109375,92.81197357177734,50.68860626220703,58.97795486450195
2018-03-23,8.780416488647461,12.856328010559082,16.52925682067871,26.103483200073242,38.02566909790039,90.86300659179688,49.90086364746094,57.73866271972656
2018-03-26,9.103981971740723,12.847646713256836,17.041584014892578,26.474077224731445,39.48978042602539,94.35774230957031,51.39596176147461,60.06233215332031
2018-03-27,9.009925842285156,12.847646713256836,16.72699546813965,26.7391414642334,38.92729568481445,92.4171371459961,49.17743682861328,58.79721450805664
2018-03-28,8.8349027633667,12.917267799377441,16.484317779541016,26.10763931274414,38.58815002441406,91.48465728759766,48.30930709838867,57.97102737426758
2018-03-29,9.017536163330078,12.6653470993042,16.816875457763672,26.880399703979492,39.07619094848633,92.98838806152344,49.378387451171875,59.01237869262695
2018-04-02,8.774024963378906,12.23998737335205,16.430389404296875,26.307058334350586,38.22419357299805,90.8041763305664,48.0842399597168,57.583763122558594
2018-04-03,9.032601356506348,12.786881446838379,16.58318519592285,26.61366844177246,38.81976318359375,91.8122787475586,48.011898040771484,58.12593460083008
2018-04-04,9.032601356506348,12.847646713256836,16.5472354888916,26.456628799438477,38.78668212890625,91.97190856933594,48.32538604736328,58.22061538696289
2018-04-05,9.131684303283691,12.847646713256836,16.7180118560791,26.673500061035156,38.8693962097168,92.31632232666016,48.622802734375,58.37552261352539
2018-04-06,9.108853340148926,12.847646713256836,16.45734977722168,26.09933090209961,38.02566909790039,89.98930358886719,47.42511749267578,56.97271728515625
2018-04-09,9.169730186462402,12.847646713256836,16.691049575805664,26.44001007080078,38.4888916015625,91.2326431274414,48.20481491088867,57.7214469909668
2018-04-10,9.116312026977539,12.847646713256836,17.095510482788086,26.830543518066406,39.70485305786133,93.9124755859375,49.34623336791992,59.45130157470703
2018-04-11,9.13548755645752,12.847646713256836,17.032596588134766,27.013347625732422,39.75447463989258,93.75287628173828,49.29800796508789,59.39105224609375
2018-04-12,9.13548755645752,12.847646713256836,17.140453338623047,26.867935180664062,39.90338134765625,93.93769073486328,48.9925537109375,59.468505859375
2018-04-13,9.13548755645752,12.847646713256836,16.85283088684082,26.42338752746582,39.37397766113281,92.24913024902344,47.682334899902344,58.37552261352539
2018-04-16,9.040364265441895,12.847646713256836,16.735986709594727,26.174110412597656,38.88593673706055,91.71145629882812,47.80290222167969,58.07430648803711
2018-04-17,9.040364265441895,12.764225959777832,16.762950897216797,26.151674270629883,38.90247344970703,92.02230072021484,48.83179473876953,58.32388687133789
2018-04-18,9.040364265441895,12.764225959777832,16.52925682067871,25.96637725830078,38.81148910522461,91.91309356689453,48.63084030151367,58.31528091430664
2018-04-19,9.040364265441895,12.764225959777832,16.58318519592285,26.042827606201172,38.943843841552734,92.0138931274414,48.48614501953125,58.306671142578125
2018-04-20,9.040364265441895,12.50041389465332,16.42140007019043,25.509374618530273,38.39789581298828,90.61096954345703,47.73056411743164,57.532108306884766
2018-04-23,9.10124397277832,12.50041389465332,16.33151626586914,25.675556182861328,38.373085021972656,90.21611785888672,47.20004653930664,57.1878662109375
2018-04-24,9.10124397277832,12.50041389465332,16.45734977722168,26.025375366210938,38.85285186767578,90.47657012939453,46.605220794677734,57.205081939697266
2018-04-25,9.10124397277832,12.50041389465332,16.223657608032227,25.830942153930664,38.530250549316406,89.93890380859375,45.8657112121582,56.826416015625
2018-04-26,9.344754219055176,12.726374626159668,16.3764591217041,25.758649826049805,38.70396041870117,90.65299224853516,46.4444580078125,57.35138702392578
2018-04-27,9.405632972717285,12.812923431396484,16.3764591217041,25.5384578704834,38.77012634277344,91.10662078857422,46.886558532714844,57.62678146362305
2018-04-30,9.58826732635498,12.921693801879883,16.36747169494629,25.758649826049805,38.81976318359375,91.031005859375,47.27239227294922,57.532108306884766
2018-05-01,9.306554794311523,12.934453010559082,16.412410736083984,25.609085083007812,38.77840805053711,91.2158203125,47.32061767578125,57.6525993347168
2018-05-02,9.306554794311523,12.934453010559082,16.412410736083984,25.5343017578125,38.670867919921875,91.06461334228516,47.41707992553711,57.50629806518555
2018-05-03,9.527390480041504,12.674030303955078,16.403423309326172,25.5343017578125,38.4227180480957,90.55215454101562,47.063392639160156,57.23090744018555
2018-05-04,9.525485038757324,12.674030303955078,16.52925682067871,25.580835342407227,38.49716567993164,91.50145721435547,47.59391784667969,57.83332443237305
2018-05-07,9.607442855834961,12.674030303955078,16.664079666137695,25.941455841064453,38.29036331176758,91.68627166748047,48.63084030151367,57.96242904663086
2018-05-08,9.592375755310059,12.82811450958252,16.816875457763672,26.174110412597656,38.85285186767578,92.8035888671875,49.169395446777344,58.754188537597656
2018-05-09,9.872414588928223,12.82811450958252,16.834857940673828,26.21565818786621,39.2250862121582,93.29922485351562,48.75141143798828,59.04680252075195
2018-05-10,10.01319408416748,12.917093276977539,16.987651824951172,26.21565818786621,39.72138977050781,94.91219329833984,49.852638244628906,60.07953643798828
2018-05-11,9.991582870483398,12.891050338745117,17.032596588134766,26.42338752746582,39.83720397949219,94.74417114257812,49.44268798828125,60.019287109375
2018-05-14,10.04485034942627,13.055985450744629,17.149442672729492,26.755760192871094,40.22597122192383,95.60104370117188,49.97320556640625,60.53566360473633
2018-05-15,9.854607582092285,12.91683292388916,16.87080955505371,26.348602294921875,39.54768753051758,94.01329040527344,48.63887405395508,59.416866302490234
2018-05-16,10.032293319702148,13.06032657623291,17.050569534301758,26.597881317138672,40.2011604309082,95.9286880493164,49.45072555541992,60.67335891723633
2018-05-17,9.954219818115234,13.082029342651367,16.89777374267578,26.257204055786133,39.53114318847656,94.60974884033203,49.00059127807617,59.80414581298828
2018-05-18,10.067678451538086,13.082029342651367,16.82586669921875,26.307058334350586,39.61385726928711,94.25691223144531,48.31734848022461,59.5201301574707
2018-05-21,10.067832946777344,13.194880485534668,17.131465911865234,26.602033615112305,39.936466217041016,94.89537811279297,48.16462326049805,59.97626495361328
2018-05-22,10.179999351501465,13.194880485534668,17.113489151000977,26.534738540649414,39.72966384887695,94.5677261352539,48.3575439453125,59.6922721862793
2018-05-23,9.875000953674316,13.568157196044922,17.176406860351562,26.091020584106445,39.299530029296875,94.32413482666016,48.59064483642578,59.64063262939453
2018-05-24,10.052461624145508,13.568157196044922,17.149442672729492,25.84174346923828,39.05964279174805,93.98809051513672,48.55849838256836,59.3996467590332
2018-05-25,9.877435684204102,13.568157196044922,17.140453338623047,25.91653060913086,38.9769287109375,94.16450500488281,48.43791961669922,59.537349700927734
2018-05-29,9.930704116821289,13.368498802185059,16.987651824951172,25.427942276000977,38.14147186279297,92.63555145263672,48.478111267089844,58.496002197265625
2018-05-30,9.915485382080078,13.281688690185547,17.059558868408203,25.476139068603516,38.315181732177734,92.99678802490234,49.12919998168945,58.754188537597656
2018-05-31,10.120948791503906,13.281688690185547,17.212356567382812,25.850053787231445,38.62950897216797,93.52605438232422,49.47484588623047,59.23613357543945
2018-06-01,10.042338371276855,13.281688690185547,17.320215225219727,25.766958236694336,39.109275817871094,95.31539916992188,50.849365234375,60.13117218017578
2018-06-04,10.226722717285156,13.281688690185547,17.482004165649414,25.883283615112305,39.68003845214844,96.67634582519531,51.72552490234375,61.15530776977539
2018-06-05,10.215917587280273,13.463987350463867,17.51795768737793,26.10763931274414,39.75447463989258,96.9871826171875,52.11136245727539,61.310211181640625
2018-06-06,10.273141860961914,13.248269081115723,17.81456756591797,26.19820213317871,40.341773986816406,98.13809204101562,52.08724594116211,62.08477020263672
2018-06-07,9.930704116821289,13.216582298278809,17.679744720458984,26.0079288482666,40.093624114990234,97.18878173828125,51.78982925415039,61.37044143676758
2018-06-08,10.216069221496582,13.216582298278809,17.733675003051758,25.71710205078125,39.87855529785156,96.9703598022461,52.239967346191406,61.18111801147461
2018-06-11,10.158995628356934,13.216582298278809,17.69771957397461,25.712947845458984,39.72138977050781,96.94515991210938,52.585609436035156,61.206939697265625
2018-06-12,10.158995628356934,13.216582298278809,17.8864688873291,25.96637725830078,39.6717643737793,97.30640411376953,53.05181884765625,61.47373580932617
2018-06-13,9.721817970275879,13.332992553710938,17.562898635864258,25.70048713684082,39.05964279174805,96.14710235595703,52.473079681396484,60.656150817871094
2018-06-14,9.58834171295166,13.212242126464844,17.490989685058594,25.68386459350586,38.935569763183594,96.28990936279297,53.357269287109375,60.63894271850586
2018-06-15,9.466511726379395,12.849382400512695,17.35616683959961,25.38556480407715,38.72050094604492,95.70657348632812,53.05181884765625,60.380760192871094
2018-06-18,9.491697311401367,12.925775527954102,17.3022403717041,25.035747528076172,38.257286071777344,94.727294921875,53.14024353027344,59.78693389892578
2018-06-19,9.624945640563965,12.878291130065918,16.90675926208496,24.439361572265625,37.691524505615234,92.99668884277344,51.63710403442383,58.68464660644531
2018-06-20,9.5734281539917,12.878291130065918,16.96967887878418,24.414339065551758,37.48199462890625,92.92072296142578,52.18369674682617,58.6587028503418
2018-06-21,9.5734281539917,12.30943489074707,16.637115478515625,24.059837341308594,36.59355545043945,91.02127838134766,50.841331481933594,57.526161193847656
2018-06-22,9.420852661132812,12.50041389465332,16.762950897216797,24.1807861328125,37.0461540222168,91.89079284667969,50.92171096801758,57.98436737060547
2018-06-25,9.420852661132812,12.50041389465332,16.286579132080078,23.76373291015625,36.249908447265625,89.33287811279297,48.582611083984375,56.44549560546875
2018-06-26,9.420852661132812,12.50041389465332,16.214670181274414,23.4467716217041,36.2080078125,89.08805847167969,48.719261169433594,56.272586822509766
2018-06-27,9.261049270629883,12.50041389465332,15.747284889221191,22.671051025390625,35.19384765625,86.34442138671875,46.52484130859375,54.50030517578125
2018-06-28,9.236163139343262,12.50041389465332,15.882111549377441,22.74612045288086,35.50395965576172,87.1379623413086,47.304542541503906,55.02766418457031
2018-06-29,9.481731414794922,12.066370010375977,16.016931533813477,23.138153076171875,36.015235900878906,88.45491790771484,47.89133071899414,55.84897232055664
2018-07-02,9.249632835388184,11.840669631958008,15.756271362304688,22.34575080871582,35.27766036987305,87.08732604980469,47.49745559692383,55.0536003112793
2018-07-03,9.329536437988281,11.59760570526123,15.594488143920898,22.17058563232422,35.2692756652832,86.9184799194336,47.39295959472656,54.93256759643555
2018-07-05,9.506080627441406,11.649690628051758,15.405733108520508,22.0579776763916,35.16032409667969,86.33598327636719,46.854408264160156,54.5262336730957
2018-07-06,9.506080627441406,11.715752601623535,15.67538070678711,22.137226104736328,35.48719787597656,87.52629089355469,47.90740203857422,55.36482620239258
2018-07-09,9.506080627441406,11.715752601623535,15.998956680297852,22.946308135986328,36.233154296875,89.29910278320312,48.711219787597656,56.54059982299805
2018-07-10,9.759637832641602,11.701774597167969,15.738297462463379,22.82119369506836,36.06552505493164,88.2438735961914,47.82701873779297,55.94407272338867
2018-07-11,9.557218551635742,11.823307037353516,15.531569480895996,22.17058563232422,35.33633041381836,86.80873107910156,47.20808029174805,54.84611129760742
2018-07-12,9.773868560791016,11.823307037353516,15.738297462463379,22.87874412536621,35.99008560180664,88.36205291748047,48.4057731628418,55.935420989990234
2018-07-13,9.699368476867676,11.823307037353516,15.846155166625977,22.82119369506836,35.9565544128418,88.31983947753906,47.931514739990234,55.84897232055664
2018-07-16,9.78231430053711,11.749519348144531,15.67538070678711,22.712753295898438,35.54587173461914,87.6529312133789,48.04405975341797,55.459930419921875
2018-07-17,9.550217628479004,11.749519348144531,15.630437850952148,22.671051025390625,35.48719787597656,87.73735046386719,48.261085510253906,55.52909851074219
2018-07-18,9.58826732635498,11.753861427307129,15.720319747924805,22.362430572509766,35.33633041381836,87.5094223022461,47.93955993652344,55.3994140625
2018-07-19,9.436071395874023,11.684412956237793,15.32484245300293,22.074663162231445,34.699337005615234,85.95610809326172,46.830291748046875,54.33602523803711
2018-07-20,9.656753540039062,11.774694442749023,15.36079216003418,22.69440460205078,35.52909851074219,86.90159606933594,47.04731750488281,55.03630447387695
2018-07-23,9.618705749511719,12.052655220031738,15.190019607543945,22.70441246032715,35.44529342651367,86.58079528808594,46.73383331298828,54.76830291748047
2018-07-24,9.618705749511719,12.052655220031738,15.387760162353516,23.221559524536133,36.6019401550293,88.29452514648438,46.830291748046875,55.866268157958984
2018-07-25,9.618705749511719,12.052655220031738,15.69335651397705,23.30497169494629,37.12158966064453,89.73810577392578,48.293235778808594,57.007442474365234
2018-07-26,9.972101211547852,12.491730690002441,15.297879219055176,22.879575729370117,36.409156799316406,88.15100860595703,47.25631332397461,55.96136474609375
2018-07-27,9.972101211547852,12.491730690002441,15.270910263061523,22.762800216674805,36.400779724121094,87.73735046386719,46.4525032043457,55.563663482666016
2018-07-30,9.812755584716797,12.484786987304688,15.100138664245605,22.687726974487305,36.30019760131836,86.80027770996094,45.04582214355469,55.00172424316406
2018-07-31,9.812755584716797,12.484786987304688,15.190019607543945,23.063079833984375,36.560035705566406,87.08732604980469,44.86898422241211,55.17462921142578
2018-08-01,9.812755584716797,12.448328971862793,15.055198669433594,22.19561004638672,35.74702453613281,85.56775665283203,44.45099639892578,54.18906021118164
2018-08-02,9.812755584716797,12.327229499816895,14.821503639221191,21.761873245239258,35.29442596435547,84.41121673583984,43.90440368652344,53.48015213012695
2018-08-03,9.436833381652832,12.327229499816895,14.569833755493164,21.603391647338867,35.3195686340332,84.20016479492188,43.414066314697266,53.36774826049805
2018-08-06,9.489339828491211,12.327229499816895,14.444000244140625,21.177997589111328,35.12679672241211,83.60078430175781,43.33369445800781,52.92683792114258
2018-08-07,9.702413558959961,12.334783554077148,14.695671081542969,21.886991500854492,35.906272888183594,85.1203384399414,43.86420822143555,53.851898193359375
2018-08-08,9.702413558959961,12.232261657714844,14.497928619384766,21.5033016204834,35.7637825012207,84.5885009765625,43.1005859375,53.644405364990234
2018-08-09,9.786118507385254,12.404925346374512,14.74959659576416,21.994592666625977,36.2834358215332,85.54244232177734,43.036277770996094,54.18906021118164
2018-08-10,9.786118507385254,12.179222106933594,14.551858901977539,21.70848846435547,35.84760284423828,84.88396453857422,42.754947662353516,53.739501953125
2018-08-13,9.443682670593262,12.283390998840332,14.381082534790039,21.665950775146484,35.327945709228516,83.45728302001953,41.75017166137695,52.95277404785156
2018-08-14,9.443682670593262,12.121927261352539,14.093461036682129,21.63591957092285,35.25251388549805,82.45268249511719,39.83709716796875,52.217926025390625
2018-08-15,9.184950828552246,11.47607421875,13.644052505493164,20.790971755981445,34.02043151855469,79.4051284790039,38.494728088378906,50.29865646362305
2018-08-16,9.184950828552246,11.580244064331055,13.859769821166992,21.14463233947754,34.34731674194336,80.2830810546875,39.19403839111328,50.826019287109375
2018-08-17,9.184950828552246,11.60628604888916,13.976614952087402,21.21219253540039,34.79991912841797,81.2370376586914,39.78886032104492,51.51765060424805
2018-08-20,9.390414237976074,11.60628604888916,14.075485229492188,21.177160263061523,34.92564010620117,81.90393829345703,40.592681884765625,51.96721267700195
2018-08-21,9.390414237976074,11.745179176330566,14.2912015914917,21.58670997619629,35.554237365722656,83.33064270019531,41.042816162109375,52.80580520629883
2018-08-22,9.390414237976074,11.983122825622559,14.37209701538086,21.419889450073242,35.805694580078125,83.778076171875,41.45276641845703,53.10839080810547
2018-08-23,9.390414237976074,11.983122825622559,14.1204252243042,21.173828125,35.18545913696289,82.35982513427734,40.5042610168457,52.131465911865234
2018-08-24,9.512168884277344,11.983122825622559,14.219295501708984,21.59088134765625,35.70511245727539,83.45728302001953,40.962440490722656,52.91820526123047
2018-08-27,9.512168884277344,11.979562759399414,14.632752418518066,22.14472770690918,36.3337287902832,85.22164154052734,42.23246383666992,53.981571197509766
2018-08-28,9.512168884277344,12.076961517333984,14.551858901977539,22.0279541015625,36.157718658447266,84.72356414794922,41.798404693603516,53.66170120239258
2018-08-29,9.512168884277344,12.205265998840332,14.74959659576416,21.91201400756836,36.509742736816406,85.34827423095703,41.90290451049805,54.13719177246094
2018-08-30,9.675092697143555,12.092412948608398,14.408047676086426,21.32813835144043,35.45366668701172,82.71438598632812,40.37565612792969,52.399478912353516
2018-08-31,9.527390480041504,11.858030319213867,14.435012817382812,21.46993637084961,35.52909851074219,82.95075988769531,40.74540710449219,52.51186752319336
2018-09-04,9.474119186401367,11.858030319213867,14.165365219116211,21.5283203125,35.27766036987305,81.90393829345703,39.96570587158203,51.863468170166016
2018-09-05,9.474119186401367,11.858030319213867,13.79685115814209,21.22804832458496,34.60714340209961,79.72593688964844,38.374149322509766,50.48884582519531
2018-09-06,9.474119186401367,11.562880516052246,13.599111557006836,21.16965675354004,34.68258285522461,79.52330780029297,38.3821907043457,50.30729675292969
2018-09-07,9.474119186401367,11.345861434936523,13.554171562194824,20.976978302001953,34.28864669799805,79.11810302734375,38.221431732177734,50.030643463134766
2018-09-10,9.474119186401367,11.345861434936523,13.239583969116211,20.852697372436523,33.970149993896484,77.83492279052734,36.99962615966797,49.174766540527344
2018-09-11,9.474119186401367,11.304367065429688,13.0238676071167,20.627483367919922,33.852806091308594,77.48035430908203,37.192543029785156,49.10559844970703
2018-09-12,9.512168884277344,11.304367065429688,13.068808555603027,21.070398330688477,34.154544830322266,78.14727020263672,37.75521469116211,49.48599624633789
2018-09-13,9.512168884277344,11.304367065429688,13.293514251708984,21.21136474609375,34.934017181396484,80.0045166015625,39.21011734008789,50.756858825683594
2018-09-14,9.557827949523926,11.510797500610352,13.320477485656738,20.730079650878906,34.55685043334961,79.35447692871094,38.59117889404297,50.290008544921875
2018-09-17,9.573046684265137,11.543783187866211,13.15869140625,20.77762794494629,34.43113327026367,78.26547241210938,37.68286895751953,49.624324798583984
2018-09-18,9.573046684265137,12.016108512878418,13.302501678466797,21.213027954101562,35.04298400878906,79.21940612792969,37.97224426269531,50.186256408691406
2018-09-19,9.892656326293945,12.24866771697998,13.715958595275879,21.540834426879883,35.65483093261719,81.0766372680664,39.21011734008789,51.36204147338867
2018-09-20,9.892656326293945,12.24866771697998,13.886734008789062,21.640926361083984,35.86436080932617,81.8955078125,39.772789001464844,51.923988342285156
2018-09-21,9.664363861083984,12.24866771697998,14.183341026306152,22.087177276611328,36.14095687866211,82.56241607666016,39.957664489746094,52.399478912353516
2018-09-24,9.702413558959961,12.196584701538086,13.805841445922852,21.849456787109375,35.738643646240234,81.355224609375,38.99308776855469,51.595458984375
2018-09-25,9.664363861083984,12.482617378234863,13.841793060302734,21.82025909423828,35.906272888183594,81.77733612060547,39.29853820800781,51.79429244995117
2018-09-26,9.796849250793457,12.482617378234863,13.904708862304688,22.18726921081543,36.06552505493164,82.06434631347656,39.756710052490234,52.07094955444336
2018-09-27,9.770901679992676,12.545207023620605,13.814827919006348,21.978740692138672,36.07390213012695,82.0981216430664,39.612022399902344,52.096885681152344
2018-09-28,9.770901679992676,12.545207023620605,13.877742767333984,22.121374130249023,35.88950729370117,81.60847473144531,39.242271423339844,51.77700424194336
2018-10-01,9.915485382080078,12.43964672088623,13.850781440734863,22.139724731445312,36.0571403503418,81.676025390625,39.13777160644531,51.78566360473633
2018-10-02,9.570459365844727,12.43964672088623,13.455302238464355,21.77939224243164,35.18545913696289,79.75970458984375,37.97224426269531,50.57530212402344
2018-10-03,9.570459365844727,12.43964672088623,13.437323570251465,21.74519157409668,34.984317779541016,79.51487731933594,38.27769470214844,50.350521087646484
2018-10-04,9.570459365844727,12.43964672088623,13.131726264953613,21.22804832458496,34.12940216064453,77.5816650390625,36.613792419433594,49.02779006958008
2018-10-05,9.570459365844727,11.996925354003906,13.005891799926758,21.319793701171875,34.271888732910156,77.30308532714844,36.131507873535156,48.95862579345703
2018-10-08,9.196365356445312,11.98824405670166,12.781188011169434,21.05288314819336,34.02043151855469,76.41667938232422,35.87428283691406,48.353450775146484
2018-10-09,9.196365356445312,11.98824405670166,12.637374877929688,21.036197662353516,33.961761474609375,75.5978012084961,35.287498474121094,47.852020263671875
2018-10-10,9.299707412719727,11.98824405670166,12.223920822143555,20.56075668334961,33.048187255859375,73.02300262451172,33.87278366088867,46.21805191040039
2018-10-11,9.162121772766113,11.98824405670166,12.196956634521484,20.25214195251465,32.75484848022461,72.75287628173828,33.89690399169922,46.036495208740234
2018-10-12,9.152533531188965,11.588923454284668,12.538507461547852,20.28550148010254,33.60136795043945,74.98998260498047,35.52864456176758,47.60995101928711
2018-10-15,9.222999572753906,11.707158088684082,12.295825958251953,20.152042388916016,33.115238189697266,73.70679473876953,34.724830627441406,46.702186584472656
2018-10-16,9.222999572753906,11.536839485168457,12.439638137817383,20.260480880737305,33.72709655761719,75.05753326416016,35.440223693847656,47.66182327270508
2018-10-17,9.146903038024902,11.548127174377441,12.313802719116211,19.935176849365234,33.31639099121094,74.08667755126953,34.5560302734375,47.08258056640625
2018-10-18,9.146903038024902,11.510797500610352,11.990227699279785,19.448055267333984,32.38604736328125,71.94243621826172,33.26188278198242,45.63016891479492
2018-10-19,9.146903038024902,11.510797500610352,12.062134742736816,20.01191520690918,33.09009552001953,73.02300262451172,33.24580383300781,46.295860290527344
2018-10-22,9.146903038024902,11.675732612609863,12.502556800842285,20.90941619873047,33.97853088378906,75.36986541748047,34.53190994262695,47.77421188354492
2018-10-23,9.146903038024902,11.441349983215332,12.15201473236084,20.477346420288086,33.433738708496094,73.87564849853516,33.63164138793945,46.89238739013672
2018-10-24,9.146903038024902,11.198287010192871,11.765524864196777,20.193750381469727,32.46147918701172,71.2755126953125,31.863245010375977,45.14603042602539
2018-10-25,9.146903038024902,11.198287010192871,12.062134742736816,20.600793838500977,33.207435607910156,72.9048080444336,33.10111999511719,46.19211959838867
2018-10-26,9.146903038024902,11.198287010192871,11.91832160949707,20.260480880737305,32.6710205078125,71.67229461669922,32.84390640258789,45.39673614501953
2018-10-29,9.146903038024902,10.972583770751953,11.576772689819336,19.476417541503906,32.06754684448242,69.74752044677734,31.82305335998535,44.134517669677734
2018-10-30,9.146903038024902,10.703476905822754,11.729570388793945,19.86844825744629,32.528533935546875,70.82808685302734,32.12046813964844,44.83479309082031
2018-10-31,9.146903038024902,11.441349983215332,12.169991493225098,20.28550148010254,32.930850982666016,72.72753143310547,33.535179138183594,46.036495208740234
2018-11-01,9.146903038024902,11.892753601074219,12.72726058959961,21.043710708618164,34.31378936767578,76.38289642333984,36.1475830078125,48.39668273925781
2018-11-02,9.131684303283691,12.24866771697998,12.933987617492676,21.057056427001953,34.43113327026367,76.42510986328125,35.79389953613281,48.49177932739258
2018-11-05,9.131684303283691,12.24866771697998,12.853094100952148,20.936107635498047,34.4730339050293,76.18873596191406,35.52864456176758,48.353450775146484
2018-11-06,9.131684303283691,12.222626686096191,12.772199630737305,20.769283294677734,34.4730339050293,76.32382202148438,35.7215576171875,48.29293441772461
2018-11-07,9.36088752746582,12.222626686096191,13.050833702087402,20.986148834228516,35.17707824707031,78.1219482421875,36.54145812988281,49.48599624633789
2018-11-08,9.36088752746582,12.222626686096191,12.511542320251465,20.51905632019043,34.364078521728516,75.82572174072266,34.62837219238281,47.98170852661133
2018-11-09,9.36088752746582,12.222626686096191,12.169991493225098,20.18290901184082,33.433738708496094,73.82498168945312,33.14130783081055,46.63302993774414
2018-11-12,9.36088752746582,12.222626686096191,12.026180267333984,20.14370346069336,33.140380859375,72.87105560302734,32.24104309082031,46.036495208740234
2018-11-13,9.36088752746582,12.222626686096191,12.349752426147461,20.652507781982422,33.8109016418457,74.59321594238281,33.189537048339844,47.16904067993164
2018-11-14,9.13929271697998,12.196584701538086,12.49356460571289,20.450651168823242,33.970149993896484,75.35298156738281,34.065704345703125,47.61859130859375
2018-11-15,9.20108413696289,12.448328971862793,12.772199630737305,20.825172424316406,34.59876251220703,77.01605224609375,35.23123550415039,48.75978088378906
2018-11-16,9.20108413696289,12.448328971862793,12.682318687438965,21.048709869384766,34.7496223449707,76.99073791503906,34.909706115722656,48.80301284790039
2018-11-19,9.20108413696289,12.509093284606934,12.457612991333008,20.8693790435791,34.179683685302734,75.40364837646484,33.84062957763672,47.76556396484375
2018-11-20,9.20108413696289,12.509093284606934,12.169991493225098,20.36807632446289,33.65165328979492,73.94318389892578,33.028778076171875,46.77999496459961
2018-11-21,9.200169563293457,12.387561798095703,12.529519081115723,20.73592185974121,34.28026580810547,75.6484603881836,34.41134262084961,47.89523696899414
2018-11-23,9.200169563293457,12.387561798095703,12.37671947479248,20.142866134643555,33.78575897216797,74.92244720458984,33.35030746459961,47.350589752197266
2018-11-26,9.314313888549805,12.001264572143555,12.64636516571045,20.191247940063477,34.4730339050293,76.63616180419922,34.16215515136719,48.465843200683594
2018-11-27,9.314313888549805,12.001264572143555,12.565470695495605,20.068634033203125,34.52333068847656,76.94853210449219,34.22645950317383,48.56093978881836
2018-11-28,9.39802360534668,12.465689659118652,12.889045715332031,20.56909942626953,35.29442596435547,78.8648452758789,35.02223587036133,49.87503433227539
2018-11-29,9.39802360534668,12.465689659118652,12.72726058959961,20.205429077148438,34.73286437988281,77.34529113769531,34.05766296386719,48.91539764404297
2018-11-30,9.382804870605469,12.465689659118652,12.72726058959961,20.360570907592773,35.21898651123047,78.54405212402344,34.98204803466797,49.6934814453125
2018-12-03,9.466511726379395,12.465689659118652,13.203630447387695,21.057056427001953,35.74702453613281,80.15646362304688,36.09934997558594,50.609893798828125
2018-12-04,9.466511726379395,12.404925346374512,12.978927612304688,20.902740478515625,35.20222473144531,78.49340057373047,34.909706115722656,49.64160919189453
2018-12-06,9.108853340148926,12.196584701538086,12.691305160522461,20.55241584777832,34.74125671386719,77.09203338623047,34.564064025878906,48.725196838378906
2018-12-07,9.040364265441895,12.196584701538086,12.412672996520996,20.38475799560547,34.012062072753906,75.74131774902344,33.800437927246094,47.86067199707031
2018-12-10,9.040364265441895,11.98824405670166,12.295825958251953,20.302183151245117,33.87794876098633,75.35298156738281,33.623600006103516,47.5494270324707
2018-12-11,8.987099647521973,11.979562759399414,12.403682708740234,20.44732093811035,34.08749008178711,75.7582015991211,34.065704345703125,47.938480377197266
2018-12-12,9.047975540161133,12.196584701538086,12.619400024414062,20.61163902282715,34.58199691772461,76.47574615478516,34.69268035888672,48.50906753540039
2018-12-13,9.340950012207031,12.253008842468262,12.718270301818848,20.827669143676758,34.858585357666016,76.73747253417969,34.459571838378906,48.725196838378906
2018-12-14,9.249632835388184,12.209604263305664,12.55648422241211,20.435640335083008,34.4730339050293,75.74131774902344,33.83259201049805,48.042213439941406
2018-12-17,9.078413009643555,12.179222106933594,12.250886917114258,20.227115631103516,33.986915588378906,74.22175598144531,32.626869201660156,47.09122848510742
2018-12-18,8.95285415649414,12.153179168701172,12.196956634521484,20.228836059570312,33.87335205078125,73.99383544921875,32.289268493652344,46.77260971069336
2018-12-19,8.61422061920166,11.933294296264648,11.91832160949707,19.82645034790039,33.314022064208984,72.5080337524414,31.25234603881836,45.82109069824219
2018-12-20,8.534318923950195,11.675732612609863,11.927310943603516,19.787673950195312,33.28012466430664,72.33075714111328,31.01120376586914,45.75998306274414
2018-12-21,8.534318923950195,11.484752655029297,11.83742904663086,19.405101776123047,33.03436279296875,71.82424926757812,30.834362030029297,45.445716857910156
2018-12-24,8.534318923950195,11.515138626098633,11.819453239440918,19.496442794799805,32.771636962890625,71.16862487792969,30.609294891357422,45.07034683227539
2018-12-26,8.492464065551758,11.610626220703125,12.071122169494629,19.70581817626953,33.44114685058594,72.88899230957031,31.677976608276367,46.22264862060547
2018-12-27,8.378317832946777,11.536839485168457,11.999216079711914,19.496442794799805,33.12757873535156,72.52095031738281,31.528278350830078,45.96076583862305
2018-12-28,8.403717994689941,11.694538116455078,12.074914932250977,19.611900329589844,33.11063003540039,72.75204467773438,31.594812393188477,46.07424545288086
2018-12-31,8.492012023925781,11.690084457397461,11.973368644714355,19.545555114746094,33.11911392211914,72.58942413330078,31.187299728393555,45.934566497802734
2019-01-02,8.293349266052246,11.583205223083496,11.945672035217285,19.42061424255371,32.84790802001953,72.16148376464844,31.212247848510742,45.681419372558594
2019-01-03,8.277583122253418,11.431790351867676,11.594871520996094,19.283611297607422,32.28011703491211,70.26134490966797,30.10614013671875,44.5203971862793
2019-01-04,8.569268226623535,11.627739906311035,12.093379020690918,20.041860580444336,33.37335205078125,73.05159759521484,31.894208908081055,46.327392578125
2019-01-07,8.569268226623535,11.609925270080566,12.13953685760498,20.01084327697754,33.449615478515625,73.75346374511719,32.67597579956055,46.77260971069336
2019-01-08,8.640220642089844,11.810325622558594,12.130304336547852,19.98154640197754,33.6021614074707,74.18997192382812,32.79240417480469,47.13050842285156
2019-01-09,8.75847053527832,11.867951393127441,12.601115226745605,20.326202392578125,34.17844009399414,75.80763244628906,33.873565673828125,48.1867790222168
2019-01-10,8.738761901855469,11.95283317565918,12.610349655151367,20.307247161865234,34.381832122802734,76.4067611694336,34.006629943847656,48.5796012878418
2019-01-11,8.770295143127441,11.943925857543945,12.527263641357422,20.670862197875977,34.229286193847656,76.20135498046875,33.48268127441406,48.25661849975586
2019-01-14,8.83336353302002,11.908299446105957,12.388790130615234,20.265886306762695,33.822505950927734,75.36256408691406,32.51795196533203,47.68046951293945
2019-01-15,8.821537971496582,11.979552268981934,12.582653999328613,20.73979377746582,34.15301513671875,76.15855407714844,33.008636474609375,48.247886657714844
2019-01-16,8.922446250915527,12.104249000549316,12.77651596069336,20.85008430480957,34.61065673828125,77.43384552001953,33.682281494140625,48.96371078491211
2019-01-17,9.022564888000488,12.184408187866211,12.831905364990234,20.853530883789062,34.7208137512207,77.80189514160156,33.973358154296875,49.27796936035156
2019-01-18,9.058038711547852,12.220035552978516,13.118084907531738,21.049983978271484,35.0598030090332,78.81188201904297,34.78007507324219,49.88903045654297
2019-01-22,8.864896774291992,12.037447929382324,12.822675704956055,20.636394500732422,34.339454650878906,76.74913024902344,33.574161529541016,48.59706115722656
2019-01-23,8.896430015563965,12.090888023376465,12.933453559875488,20.808725357055664,34.72929763793945,77.25409698486328,33.873565673828125,48.95497512817383
2019-01-24,9.014681816101074,12.184408187866211,13.10885238647461,20.929357528686523,35.093711853027344,78.27264404296875,34.43077850341797,49.600955963134766
2019-01-25,9.13687515258789,12.282381057739258,13.487346649169922,21.3084774017334,35.754730224609375,79.73623657226562,35.536888122558594,50.491363525390625
2019-01-28,9.030447959899902,12.152610778808594,13.321179389953613,21.168895721435547,35.45812225341797,79.08575439453125,35.10441970825195,50.09853744506836
2019-01-29,9.069865226745605,12.331635475158691,13.256558418273926,21.153385162353516,35.45812225341797,79.04296112060547,34.96303939819336,50.081077575683594
2019-01-30,9.081690788269043,12.313556671142578,13.42272663116455,21.325706481933594,36.08525085449219,80.93451690673828,35.4537239074707,51.12862014770508
2019-01-31,9.152640342712402,12.469423294067383,13.653515815734863,21.515274047851562,36.55982971191406,81.88456726074219,36.4184455871582,51.774600982666016
2019-02-01,9.180232048034668,12.478330612182617,13.727370262145996,21.566974639892578,36.22084426879883,81.49085235595703,36.07746505737305,51.4603385925293
2019-02-04,9.219650268554688,12.620838165283203,13.764294624328613,21.517858505249023,36.263214111328125,81.60211181640625,36.43508529663086,51.608741760253906
2019-02-05,9.298483848571777,12.879134178161621,14.068938255310059,21.722070693969727,36.78864669799805,82.9630126953125,37.27505874633789,52.55152130126953
2019-02-06,9.164466857910156,12.709906578063965,13.958159446716309,21.55835723876953,36.33948516845703,82.18413543701172,36.64299774169922,52.010292053222656
2019-02-07,9.034390449523926,12.45160961151123,13.708907127380371,21.386024475097656,35.94117736816406,80.90882873535156,35.64500045776367,51.25082778930664
2019-02-08,8.979207038879395,12.540678977966309,13.708907127380371,21.330881118774414,35.94964599609375,81.07146453857422,35.96935272216797,51.30320358276367
2019-02-11,9.061983108520508,12.487236976623535,13.911999702453613,21.90301513671875,36.05134963989258,81.08000946044922,36.53488540649414,51.4603385925293
2019-02-12,9.058038711547852,12.407076835632324,14.105864524841309,22.015029907226562,36.11914825439453,81.56788635253906,37.01724624633789,51.65238571166992
2019-02-13,9.151932716369629,12.615941047668457,14.308959007263184,22.411386489868164,36.45813751220703,82.15845489501953,36.983978271484375,51.940452575683594
2019-02-14,9.255125045776367,12.625292778015137,14.299727439880371,22.445852279663086,36.322540283203125,81.704833984375,37.125362396240234,51.68730926513672
2019-02-15,9.21570873260498,12.665371894836426,14.068938255310059,22.239055633544922,36.12761688232422,81.08856964111328,36.47666931152344,51.32939147949219
2019-02-19,9.397027969360352,12.821240425109863,14.207411766052246,22.82497215270996,36.65304946899414,81.97015380859375,36.97566223144531,51.975372314453125
2019-02-20,9.361552238464355,12.834599494934082,14.35511589050293,22.928373336791992,36.86492156982422,82.40666198730469,37.35822296142578,52.29836654663086
2019-02-21,9.460094451904297,12.883585929870605,14.345887184143066,22.764657974243164,36.78017044067383,82.35533142089844,36.84259033203125,52.18488693237305
2019-02-22,9.57834529876709,12.942459106445312,14.659762382507324,23.37642478942871,37.40729904174805,83.92162322998047,38.31463623046875,53.188777923583984
2019-02-25,9.74161148071289,13.23540210723877,15.03825569152832,24.987703323364258,38.153072357177734,85.3338623046875,39.35421371459961,54.16647720336914
2019-02-26,9.877915382385254,13.186416625976562,15.001327514648438,24.617197036743164,37.83951187133789,85.0343017578125,38.971649169921875,53.98316192626953
2019-02-27,9.653238296508789,13.146336555480957,14.798233032226562,24.47071647644043,37.22932815551758,83.87881469726562,39.01322937011719,53.345909118652344
2019-02-28,9.637471199035645,13.031436920166016,14.844391822814941,24.34663963317871,36.97509002685547,83.40807342529297,38.95501708984375,52.996726989746094
2019-03-01,9.775429725646973,13.021641731262207,15.03825569152832,24.979087829589844,37.43272399902344,84.22974395751953,38.638980865478516,53.43320846557617
2019-03-04,9.570462226867676,13.15969467163086,15.139801979064941,25.246196746826172,37.64459228515625,85.23971557617188,39.11302947998047,54.00061798095703
2019-03-05,9.540033340454102,13.297750473022461,15.462909698486328,25.254812240600586,38.11069869995117,86.58350372314453,40.26072692871094,54.873573303222656
2019-03-06,9.684770584106445,13.248763084411621,15.278273582458496,25.375442504882812,37.72933578491211,85.91587829589844,39.736778259277344,54.46328353881836
2019-03-07,9.546812057495117,12.968202590942383,14.779769897460938,24.767980575561523,36.890342712402344,83.7076416015625,38.156620025634766,52.97053527832031
2019-03-08,9.270893096923828,12.607479095458984,14.484358787536621,23.87618064880371,36.22931671142578,82.32964324951172,37.54118728637695,52.03647994995117
2019-03-11,9.440385818481445,12.767800331115723,14.835159301757812,24.755054473876953,36.94966125488281,84.40948486328125,38.95501708984375,53.37209701538086
2019-03-12,9.330018043518066,13.017187118530273,14.844391822814941,24.87138557434082,37.381874084472656,85.02574920654297,38.71383285522461,53.82603073120117
2019-03-13,9.460094451904297,12.790066719055176,14.696686744689941,24.625810623168945,37.280181884765625,84.94871520996094,38.31463623046875,53.61652374267578
2019-03-14,9.66403865814209,12.5896635055542,14.493592262268066,24.37162971496582,37.16153335571289,84.35813903808594,37.92375183105469,53.28479766845703
2019-03-15,9.696596145629883,12.741079330444336,14.798233032226562,24.746442794799805,37.67848205566406,85.40233612060547,38.82194900512695,53.974430084228516
2019-03-18,9.743897438049316,12.959293365478516,15.075180053710938,25.40129280090332,38.127655029296875,86.4294204711914,39.33757400512695,54.70771026611328
2019-03-19,9.751779556274414,12.84136962890625,15.093646049499512,25.220348358154297,38.28019332885742,86.72900390625,39.16292953491211,54.88229751586914
2019-03-20,9.818790435791016,12.954840660095215,14.936708450317383,25.364240646362305,38.05137634277344,86.42088317871094,38.4144401550293,54.72517013549805
2019-03-21,9.69762134552002,13.021641731262207,15.019793510437012,25.237581253051758,38.04289627075195,86.40374755859375,38.62234878540039,54.803733825683594
2019-03-22,9.546812057495117,12.736626625061035,14.789002418518066,24.886890411376953,36.941200256347656,84.02433776855469,37.308326721191406,53.11894226074219
2019-03-25,9.416735649108887,12.52731704711914,14.909011840820312,24.664583206176758,36.86492156982422,84.1355972290039,37.63267517089844,53.20623779296875
2019-03-26,9.483745574951172,12.709906578063965,15.029024124145508,24.44314193725586,36.92423629760742,84.18695831298828,37.56613540649414,53.197505950927734
2019-03-27,9.554695129394531,12.647558212280273,14.982864379882812,24.450035095214844,36.856441497802734,84.10991668701172,37.715843200683594,53.15386199951172
2019-03-28,9.625645637512207,12.84796142578125,15.029024124145508,24.52155303955078,37.144588470458984,84.55499267578125,37.98196792602539,53.47685241699219
2019-03-29,9.626672744750977,13.020214080810547,15.389056205749512,25.41852569580078,37.5174674987793,85.84741973876953,39.171241760253906,54.498199462890625
2019-04-01,9.897624969482422,13.1322603225708,15.693697929382324,26.168155670166016,38.11917495727539,87.1055908203125,40.14429473876953,55.301307678222656
2019-04-02,9.718589782714844,13.043909072875977,15.545991897583008,26.01995277404785,37.91578674316406,86.9429702758789,39.77836227416992,55.10053634643555
2019-04-03,9.830379486083984,13.230682373046875,15.730627059936523,26.353410720825195,38.18696975708008,87.49075317382812,40.30230712890625,55.4671745300293
2019-04-04,9.810907363891602,13.315296173095703,15.767547607421875,26.710994720458984,38.58527755737305,88.31243133544922,40.30230712890625,56.03459548950195
2019-04-05,9.814848899841309,13.360095977783203,15.98910903930664,26.982412338256836,38.85647201538086,89.29671478271484,40.91773986816406,56.67184066772461
2019-04-08,9.929079055786133,13.382184982299805,15.942949295043945,26.770444869995117,38.73783493041992,89.27958679199219,40.859519958496094,56.61073684692383
2019-04-09,9.940980911254883,13.207256317138672,15.95218276977539,26.67652702331543,38.653072357177734,89.18544006347656,40.69318771362305,56.58454132080078
2019-04-10,9.809409141540527,13.190958976745605,15.998344421386719,26.801462173461914,38.57680892944336,89.3309555053711,40.626651763916016,56.706764221191406
2019-04-11,9.751779556274414,13.128522872924805,15.84140396118164,26.237091064453125,38.04289627075195,88.12413024902344,40.0112190246582,55.956024169921875
2019-04-12,9.897624969482422,13.248763084411621,15.998344421386719,26.696346282958984,38.509010314941406,89.41655731201172,40.784671783447266,56.76786804199219
2019-04-15,9.716304779052734,13.248763084411621,15.721392631530762,26.064760208129883,38.07680130004883,88.11555480957031,39.75341033935547,55.86872100830078
2019-04-16,9.810907363891602,13.253215789794922,15.730627059936523,26.78853988647461,38.64460754394531,88.94580078125,40.21914291381836,56.497257232666016
2019-04-17,9.775429725646973,13.042747497558594,16.090656280517578,26.99447250366211,38.69546127319336,89.25392150878906,40.48527145385742,56.628196716308594
2019-04-18,9.657180786132812,13.146336555480957,16.14604377746582,26.926403045654297,38.75476837158203,89.34807586669922,40.56011962890625,56.64564895629883
2019-04-22,9.8660888671875,13.220973014831543,16.044496536254883,26.452499389648438,38.398841857910156,88.5606460571289,40.46031951904297,56.200443267822266
2019-04-23,9.716304779052734,12.767800331115723,16.081422805786133,26.318944931030273,38.39036560058594,88.84310150146484,40.859519958496094,56.22663879394531
2019-04-24,9.763605117797852,12.81678581237793,15.813711166381836,26.160402297973633,37.8140869140625,87.7817611694336,40.3355712890625,55.49336242675781
2019-04-25,9.665063858032227,12.60302448272705,15.684462547302246,25.435758590698242,37.5767936706543,87.3281478881836,40.044490814208984,55.222747802734375
2019-04-26,9.582523345947266,12.580759048461914,15.795246124267578,25.540016174316406,37.7971305847168,87.71329498291016,40.18587112426758,55.4846305847168
2019-04-29,9.676888465881348,12.625292778015137,15.786008834838867,25.465913772583008,37.93273162841797,87.97862243652344,40.50190353393555,55.62430953979492
2019-04-30,9.475862503051758,12.531770706176758,15.869100570678711,25.582239151000977,37.703914642333984,87.2510986328125,40.543487548828125,55.44971466064453
2019-05-01,9.429664611816406,12.638652801513672,15.832170486450195,25.472806930541992,37.525943756103516,87.13127899169922,40.52685546875,55.353694915771484
2019-05-02,9.444327354431152,12.576305389404297,15.813711166381836,25.37458038330078,37.39034652709961,87.05424499511719,40.51853942871094,55.414798736572266
2019-05-03,9.50739574432373,12.669825553894043,16.062959671020508,25.72010040283203,38.05984878540039,88.56920623779297,41.28366470336914,56.37503433227539
2019-05-06,9.239358901977539,12.193315505981445,15.425979614257812,24.479331970214844,37.06831741333008,86.16410064697266,39.94469451904297,54.7513542175293
2019-05-07,8.963438987731934,12.117608070373535,14.945940017700195,23.505678176879883,36.06829833984375,83.63919067382812,38.64729690551758,53.08402633666992
2019-05-08,9.007113456726074,12.073075294494629,14.945940017700195,23.621994018554688,35.94964599609375,83.4936752319336,38.68056106567383,53.031646728515625
2019-05-09,9.006796836853027,11.795272827148438,14.705918312072754,23.31611442565918,35.3394775390625,82.20124816894531,38.31463623046875,52.14997482299805
2019-05-10,8.853859901428223,11.817541122436523,14.798233032226562,23.902029037475586,35.56828689575195,82.84318542480469,38.13166809082031,52.49042510986328
2019-05-13,8.7939453125,11.698991775512695,14.050474166870117,22.730188369750977,34.42420196533203,79.81327819824219,36.47666931152344,50.491363525390625
2019-05-14,8.817595481872559,11.743525505065918,14.410507202148438,23.372119903564453,34.97506332397461,81.20840454101562,37.28337860107422,51.338130950927734
2019-05-15,8.971323013305664,11.7749662399292,14.613601684570312,23.671110153198242,35.14455795288086,81.81609344482422,37.491294860839844,51.80951690673828
2019-05-16,9.026508331298828,12.028541564941406,14.585907936096191,23.93649673461914,35.30557632446289,82.09854888916016,37.67425537109375,52.01902770996094
2019-05-17,8.805771827697754,11.716804504394531,14.188949584960938,23.16963005065918,34.7208137512207,79.74479675292969,36.135684967041016,50.35169219970703
2019-05-20,8.730877876281738,11.716804504394531,13.708907127380371,22.876670837402344,34.24624252319336,77.58792114257812,34.580474853515625,48.893863677978516
2019-05-21,8.813654899597168,11.743525505065918,13.939695358276367,23.255794525146484,34.61912155151367,78.55508422851562,35.38718795776367,49.6358757019043
2019-05-22,8.7939453125,11.681178092956543,13.736600875854492,23.15239715576172,34.42420196533203,77.88749694824219,34.854923248291016,49.10337829589844
2019-05-23,8.624452590942383,11.529762268066406,13.395031929016113,22.94560432434082,34.00046920776367,76.4752426147461,33.8652458190918,48.1867790222168
2019-05-24,8.561385154724121,11.538671493530273,13.367338180541992,22.8378963470459,33.839454650878906,76.01304626464844,33.69059371948242,47.90743637084961
2019-05-28,8.695404052734375,11.53421688079834,13.57966423034668,23.204099655151367,34.00895309448242,76.51802825927734,33.94841384887695,48.28280258178711
2019-05-29,8.683579444885254,11.413975715637207,13.54273796081543,23.326454162597656,34.30555725097656,76.85184478759766,33.8652458190918,48.43120193481445
2019-05-30,8.692330360412598,11.543122291564941,13.43195915222168,23.164459228515625,34.31403732299805,76.60363006591797,33.890201568603516,48.40502166748047
2019-05-31,8.695404052734375,11.667818069458008,13.43195915222168,22.971450805664062,34.21234130859375,76.66353607177734,33.524269104003906,48.30026626586914
2019-06-03,8.663869857788086,11.805871963500977,13.50581169128418,23.22994613647461,34.356407165527344,76.95455932617188,33.374568939208984,48.605804443359375
2019-06-04,8.612627983093262,11.511950492858887,13.635052680969238,23.161014556884766,34.229286193847656,77.08293151855469,33.94841384887695,48.58832931518555
2019-06-05,8.561385154724121,11.373896598815918,13.459653854370117,22.947330474853516,34.00895309448242,76.37252807617188,33.39951705932617,48.16931915283203
2019-06-06,8.482551574707031,11.418429374694824,13.496580123901367,22.833589553833008,34.02589416503906,76.38108825683594,33.43278503417969,48.19550704956055
2019-06-07,8.588977813720703,11.694538116455078,13.681212425231934,22.962833404541016,34.339454650878906,77.3568344116211,34.15633010864258,48.72800827026367
2019-06-10,8.623743057250977,11.605469703674316,13.83814811706543,23.04038429260254,34.7038688659668,78.56365203857422,34.929771423339844,49.59222412109375
2019-06-11,8.683893203735352,11.87650203704834,14.09663200378418,23.643537521362305,35.093711853027344,79.73623657226562,35.47867202758789,50.29058837890625
2019-06-12,8.596860885620117,11.774698257446289,13.847378730773926,23.40227508544922,34.458106994628906,78.18704986572266,34.8216552734375,49.35653305053711
2019-06-13,8.466784477233887,11.748066902160645,13.83814811706543,23.488441467285156,34.64455032348633,78.41814422607422,34.829978942871094,49.452552795410156
2019-06-14,8.569268226623535,11.709054946899414,13.727370262145996,23.203235626220703,34.31403732299805,77.51944732666016,34.256126403808594,48.87641143798828
2019-06-17,8.581093788146973,11.665501594543457,13.7550630569458,23.311403274536133,34.602535247802734,77.93882751464844,34.547210693359375,49.18037796020508
2019-06-18,8.715978622436523,11.9130220413208,14.142793655395508,23.917118072509766,35.61269760131836,80.4466552734375,35.82796859741211,50.77931213378906
2019-06-19,8.67293643951416,11.970735549926758,14.373580932617188,23.925764083862305,35.88665008544922,81.02010345458984,35.877864837646484,51.28007507324219
2019-06-20,8.857013702392578,12.19776725769043,14.595139503479004,24.756465911865234,36.56294631958008,82.28683471679688,36.426761627197266,52.12347412109375
2019-06-21,8.71511173248291,12.17995548248291,14.595139503479004,24.505525588989258,36.3831672668457,81.77330780029297,36.060829162597656,51.83355712890625
2019-06-24,8.900843620300293,12.098814964294434,14.613601684570312,24.704544067382812,36.408843994140625,81.85702514648438,36.044193267822266,51.82477569580078
2019-06-25,8.778180122375488,11.921658515930176,14.502822875976562,24.194011688232422,35.8010368347168,80.614013671875,35.10441970825195,50.998939514160156
2019-06-26,8.980311393737793,12.088393211364746,14.798233032226562,24.436298370361328,36.22907638549805,81.8138656616211,35.97766876220703,51.745704650878906
2019-06-27,8.984574317932129,12.22149658203125,14.965858459472656,24.618019104003906,36.631431579589844,82.64253234863281,36.709529876708984,52.2552490234375
2019-06-28,8.932478904724121,12.163105964660645,15.039945602416992,24.652626037597656,36.61430740356445,82.51304626464844,36.551517486572266,52.2288932800293
2019-07-01,9.064723014831543,12.378701210021973,15.382606506347656,25.27564811706543,37.15363693237305,84.19629669189453,37.4413948059082,53.274356842041016
2019-07-02,8.932478904724121,12.172268867492676,15.475214004516602,25.154508590698242,37.05946731567383,84.17039489746094,37.44970703125,53.24800109863281
2019-07-03,8.940173149108887,12.342768669128418,15.373344421386719,25.137197494506836,36.922489166259766,83.82511901855469,37.191890716552734,53.05472183227539
2019-07-05,8.802558898925781,12.136157989501953,15.178861618041992,24.73050308227539,36.494449615478516,82.95328521728516,36.875858306884766,52.40460968017578
2019-07-08,8.748138427734375,11.965478897094727,14.799159049987793,24.358423233032227,36.22052001953125,81.95197296142578,36.1107292175293,51.75448989868164
2019-07-09,8.639938354492188,11.920563697814941,14.882509231567383,24.35236358642578,36.00649642944336,81.71028900146484,36.50161361694336,51.622703552246094
2019-07-10,8.780197143554688,11.992429733276367,14.845464706420898,24.462261199951172,36.10922622680664,81.8138656616211,36.24380111694336,51.76327133178711
2019-07-11,8.72810173034668,11.898106575012207,14.734333038330078,24.185361862182617,35.929443359375,81.58941650390625,35.97766876220703,51.51729202270508
2019-07-12,8.776188850402832,11.88014030456543,14.678766250610352,24.375730514526367,36.06642532348633,81.74481201171875,35.91944885253906,51.75448989868164
2019-07-15,8.712072372436523,11.911580085754395,14.78063678741455,24.695892333984375,36.16914749145508,82.38358306884766,36.24380111694336,52.23768615722656
2019-07-16,8.704056739807129,11.965478897094727,14.882509231567383,24.505525588989258,36.10922622680664,82.52168273925781,36.01925277709961,52.184974670410156
2019-07-17,8.70004940032959,11.916072845458984,14.891770362854004,24.427650451660156,36.06642532348633,82.32316589355469,35.68658447265625,52.05318832397461
2019-07-18,8.680655479431152,11.898106575012207,14.86398696899414,24.393035888671875,36.160587310791016,82.32316589355469,35.5202522277832,52.12347412109375
2019-07-19,8.699647903442383,11.999256134033203,14.901031494140625,24.436298370361328,36.35749053955078,82.53033447265625,35.62005615234375,52.12347412109375
2019-07-22,8.631924629211426,11.98344612121582,14.919554710388184,24.354095458984375,36.023616790771484,82.090087890625,35.43708801269531,51.912628173828125
2019-07-23,8.752466201782227,11.965478897094727,15.197382926940918,24.479568481445312,36.22907638549805,83.056884765625,36.310333251953125,52.492462158203125
2019-07-24,8.699809074401855,11.937810897827148,15.373344421386719,24.652626037597656,36.34891891479492,83.39350891113281,36.67626190185547,52.835086822509766
2019-07-25,8.680012702941895,11.839715003967285,15.18812370300293,24.67599105834961,36.10066223144531,82.91876220703125,36.210533142089844,52.536380767822266
2019-07-26,8.567806243896484,11.853191375732422,15.151079177856445,24.834339141845703,36.15202713012695,82.97917175292969,35.994300842285156,52.641807556152344
2019-07-29,8.684020042419434,11.87564754486084,15.086254119873047,24.903568267822266,35.88665008544922,82.5475845336914,35.7863883972168,52.32553482055664
2019-07-30,8.667991638183594,11.86666488647461,14.975120544433594,24.73915672302246,35.66407012939453,82.08143615722656,35.428768157958984,51.930198669433594
2019-07-31,8.58383560180664,11.848698616027832,14.799159049987793,24.505525588989258,35.184661865234375,81.1233139038086,35.11273956298828,51.367942810058594
2019-08-01,8.487656593322754,11.453441619873047,14.400933265686035,23.570993423461914,34.38850784301758,78.66319274902344,34.197914123535156,49.77779006958008
2019-08-02,8.391481399536133,10.995665550231934,14.206452369689941,23.596952438354492,34.12312698364258,77.86905670166016,33.682281494140625,49.19795227050781
2019-08-05,8.05486011505127,10.739645957946777,13.539656639099121,22.4720516204834,32.78765106201172,74.57164001464844,31.844308853149414,46.984046936035156
2019-08-06,8.086919784545898,10.93314266204834,13.752660751342773,22.973926544189453,33.09584045410156,75.27947235107422,32.17697525024414,47.59022521972656
2019-08-07,8.042837142944336,10.868284225463867,13.761920928955078,23.017196655273438,33.25849533081055,75.93550109863281,32.393211364746094,48.011940002441406
2019-08-08,8.086919784545898,10.963865280151367,14.095317840576172,23.354663848876953,33.5410041809082,76.76416778564453,33.1500129699707,48.653263092041016
2019-08-09,8.07088851928711,10.761834144592285,13.928619384765625,22.930662155151367,33.164329528808594,75.80602264404297,32.617759704589844,47.97679138183594
2019-08-12,8.038829803466797,10.761834144592285,13.771183013916016,22.988637924194336,32.7534065246582,75.11544799804688,32.35993957519531,47.47603225708008
2019-08-13,8.097016334533691,10.847084045410156,14.243497848510742,23.761356353759766,33.2756233215332,76.48793029785156,33.3496208190918,48.451202392578125
2019-08-14,7.898571491241455,10.510217666625977,13.780444145202637,23.07776641845703,32.24832534790039,74.34720611572266,32.393211364746094,47.063114166259766
2019-08-15,7.894564151763916,10.653947830200195,14.011970520019531,23.415237426757812,32.693485260009766,75.21903991699219,32.92546844482422,47.730804443359375
2019-08-16,8.030815124511719,10.739285469055176,14.437979698181152,23.761356353759766,33.044471740722656,76.73826599121094,33.9234619140625,48.64447021484375
2019-08-19,8.046843528747559,10.874032974243164,14.762115478515625,23.925764083862305,33.515323638916016,78.23159790039062,35.07115936279297,49.55815124511719
2019-08-20,8.05085277557373,10.860557556152344,14.78063678741455,23.98634147644043,33.395469665527344,78.1452865600586,34.854923248291016,49.47908401489258
2019-08-21,8.058866500854492,10.86954116821289,14.86398696899414,24.228628158569336,33.68653106689453,78.50782775878906,35.06283950805664,49.821712493896484
2019-08-22,8.05486011505127,10.860557556152344,14.836203575134277,24.055564880371094,33.42971420288086,77.79137420654297,34.480682373046875,49.285804748535156
2019-08-23,8.014784812927246,10.811149597167969,14.363889694213867,23.570993423461914,32.821895599365234,75.98729705810547,33.69059371948242,48.10857009887695
2019-08-26,8.078903198242188,10.752761840820312,14.558371543884277,23.7700138092041,33.2927360534668,76.72100067138672,34.3060302734375,48.62690353393555
2019-08-27,8.030815124511719,10.769112586975098,14.752854347229004,23.891155242919922,33.30129623413086,77.10081481933594,34.289390563964844,48.758689880371094
2019-08-28,8.034823417663574,10.874032974243164,14.901031494140625,23.865196228027344,33.25849533081055,77.18711853027344,34.547210693359375,48.855323791503906
2019-08-29,8.12058162689209,10.95038890838623,15.123295783996582,24.176708221435547,33.498199462890625,78.03306579589844,35.21254348754883,49.4088020324707
2019-08-30,8.159051895141602,11.058186531066895,15.18812370300293,23.960384368896484,33.48963928222656,78.08485412597656,35.23748779296875,49.56692886352539
2019-09-03,8.19511890411377,10.923439979553223,14.891770362854004,24.11613655090332,33.498199462890625,77.86042022705078,34.92145919799805,49.400020599365234
2019-09-04,8.439569473266602,11.139124870300293,15.10477352142334,24.375730514526367,34.28578186035156,79.3192367553711,35.29570388793945,50.26976776123047
2019-09-05,8.535746574401855,11.379780769348145,15.438172340393066,24.851648330688477,34.69669723510742,80.59675598144531,36.12736511230469,51.174644470214844
2019-09-06,8.519718170166016,11.466917991638184,15.632655143737793,24.998746871948242,34.765193939208984,80.52770233154297,36.22716522216797,51.201011657714844
2019-09-09,8.57181167602539,11.489373207092285,15.7160005569458,25.024707794189453,34.83367156982422,80.93341064453125,36.468345642089844,51.464576721191406
2019-09-10,8.659574508666992,11.489373207092285,15.567824363708496,24.97279167175293,34.850791931152344,80.6485366821289,36.16895294189453,51.26251220703125
2019-09-11,8.667991638183594,11.576332092285156,15.697481155395508,24.808378219604492,35.38154983520508,81.52901458740234,37.008934020996094,51.78084945678711
2019-09-12,8.556023597717285,11.758867263793945,15.854920387268066,25.171812057495117,35.50997543334961,82.38358306884766,36.983978271484375,52.16740036010742
2019-09-13,8.69604206085205,11.758867263793945,16.067922592163086,25.3518009185791,35.869529724121094,82.93602752685547,37.28337860107422,52.553951263427734
2019-09-16,8.832294464111328,11.597172737121582,15.827134132385254,24.94683074951172,35.49284362792969,82.07283782958984,36.76774597167969,52.000484466552734
2019-09-17,8.856338500976562,11.556747436523438,15.827134132385254,24.6785888671875,35.32163619995117,81.94335174560547,36.917442321777344,51.877479553222656
2019-09-18,8.760161399841309,11.740900039672852,15.808611869812012,24.635318756103516,35.081932067871094,81.70164489746094,36.78437805175781,51.622703552246094
2019-09-19,8.70004940032959,11.678019523620605,15.7160005569458,24.775501251220703,34.83367156982422,81.2269058227539,36.89249038696289,51.420654296875
2019-09-20,8.631924629211426,11.601663589477539,15.549304962158203,24.423322677612305,34.70526123046875,80.89887237548828,36.60141372680664,51.13072967529297
2019-09-23,8.639938354492188,11.399543762207031,15.382606506347656,24.444950103759766,34.69669723510742,80.36369323730469,36.1107292175293,50.8056755065918
2019-09-24,8.539752960205078,11.314205169677734,15.067730903625488,24.427650451660156,34.2772216796875,79.11205291748047,35.03788757324219,49.944705963134766
2019-09-25,8.50368881225586,11.28725528717041,15.18812370300293,24.375730514526367,34.39707946777344,79.48323822021484,35.6533203125,50.234622955322266
2019-09-26,8.40350341796875,11.188440322875977,15.04920768737793,24.185361862182617,34.16593551635742,78.85311126708984,35.428768157958984,49.883209228515625
2019-09-27,8.235191345214844,11.076151847839355,14.697287559509277,23.85654640197754,33.77214431762695,77.09217834472656,34.081478118896484,48.7938232421875
2019-09-30,8.347399711608887,11.040221214294434,14.854726791381836,23.977685928344727,34.07176971435547,77.91219329833984,34.372562408447266,49.26823425292969
2019-10-01,8.339385032653809,11.121068954467773,14.78063678741455,23.821931838989258,33.92623519897461,77.48924255371094,34.206233978271484,49.004676818847656
2019-10-02,8.267250061035156,11.121068954467773,14.743592262268066,23.62291145324707,33.96047592163086,77.39430236816406,34.289390563964844,48.99589157104492
2019-10-03,8.315659523010254,11.242340087890625,15.039945602416992,23.917118072509766,34.50836181640625,78.56822967529297,35.04620361328125,49.85685348510742
2019-10-04,8.363429069519043,11.210899353027344,15.1603422164917,23.92836570739746,34.44844055175781,78.56822967529297,35.187591552734375,49.80413818359375
2019-10-07,8.44357681274414,11.170475006103516,15.04920768737793,23.865196228027344,34.208736419677734,77.98126220703125,34.78839111328125,49.443946838378906
2019-10-08,8.40350341796875,11.148018836975098,14.836203575134277,23.680021286010742,33.977596282958984,77.08355712890625,34.1230583190918,48.64447021484375
2019-10-09,8.319347381591797,11.121068954467773,15.00290298461914,24.1507511138916,34.45699691772461,78.02442932128906,34.580474853515625,49.312156677246094
2019-10-10,8.423539161682129,11.157000541687012,15.299257278442383,24.66128158569336,34.885040283203125,79.12931060791016,35.12937927246094,49.98863983154297
2019-10-11,8.619902610778809,11.5208158493042,15.484478950500488,24.886259078979492,35.38154983520508,80.42411804199219,35.75312042236328,50.963809967041016
2019-10-14,8.571733474731445,11.448681831359863,15.419650077819824,25.067974090576172,35.22746658325195,80.39822387695312,35.60342025756836,50.77931213378906
2019-10-15,8.566603660583496,11.475811004638672,15.7160005569458,25.033361434936523,35.56133270263672,81.1578369140625,36.46002960205078,51.38550567626953
2019-10-16,8.499678611755371,11.583697319030762,15.7160005569458,24.870685577392578,35.544219970703125,81.1837387084961,36.584781646728516,51.47335433959961
2019-10-17,8.407508850097656,11.471409797668457,15.725263595581055,25.007404327392578,35.68975067138672,81.29595184326172,36.55982971191406,51.55242156982422
2019-10-18,8.467620849609375,11.4014310836792,15.484478950500488,24.626665115356445,35.30451583862305,80.18242645263672,35.85292053222656,50.717811584472656
2019-10-21,8.587843894958496,11.448949813842773,15.725263595581055,24.773765563964844,35.715431213378906,80.99382781982422,36.667945861816406,51.28887176513672
2019-10-22,8.479642868041992,11.552255630493164,15.540043830871582,24.73915672302246,35.42436981201172,80.38096618652344,35.985984802246094,50.95502471923828
2019-10-23,8.451029777526855,11.395142555236816,15.530783653259277,24.71320152282715,35.32163619995117,80.13062286376953,35.92776870727539,50.752960205078125
2019-10-24,8.507694244384766,11.462425231933594,15.845656394958496,24.5816707611084,35.295955657958984,80.45001220703125,36.759429931640625,50.911094665527344
2019-10-25,8.611886978149414,11.525309562683105,16.123489379882812,24.903568267822266,35.51853561401367,81.28731536865234,37.291690826416016,51.47335433959961
2019-10-28,8.635931015014648,11.601663589477539,16.36427879333496,25.054996490478516,35.85239791870117,82.30589294433594,38.12335205078125,52.114681243896484
2019-10-29,8.50368881225586,11.5208158493042,16.35501480102539,24.851648330688477,35.49284362792969,81.3995361328125,37.45802688598633,51.55242156982422
2019-10-30,8.51570987701416,11.456766128540039,16.35501480102539,24.808378219604492,35.38154983520508,81.44269561767578,37.64931106567383,51.56120681762695
2019-10-31,8.321592330932617,11.323186874389648,16.253143310546875,24.66993522644043,35.22746658325195,80.95930480957031,37.35822296142578,51.367942810058594
2019-11-01,8.55979061126709,11.529800415039062,16.475412368774414,25.189117431640625,35.95513153076172,82.30589294433594,37.948707580566406,52.15861511230469
2019-11-04,8.459606170654297,11.767851829528809,16.725460052490234,25.396791458129883,36.391727447509766,83.60931396484375,39.22945785522461,53.02836608886719
2019-11-05,8.488619804382324,11.98344612121582,16.873632431030273,25.52659034729004,36.61430740356445,84.18766784667969,38.9300651550293,53.327064514160156
2019-11-06,8.542399406433105,11.844207763671875,16.82733154296875,25.418426513671875,36.54581832885742,84.07545471191406,38.80531311035156,53.33585739135742
2019-11-07,8.58383560180664,12.140650749206543,17.031070709228516,25.751564025878906,36.854007720947266,85.11127471923828,39.75341033935547,53.9771842956543
2019-11-08,8.49190616607666,11.839715003967285,17.02181053161621,25.604463577270508,36.588626861572266,84.6796875,39.53717803955078,53.704837799072266
2019-11-11,8.3794584274292,11.785816192626953,16.808807373046875,25.178733825683594,36.023616790771484,83.57477569580078,39.254417419433594,53.05472183227539
2019-11-12,8.291296005249023,11.731917381286621,16.63284683227539,24.929523468017578,35.70686340332031,83.04824829101562,39.07976531982422,52.71208953857422
2019-11-13,8.171073913574219,11.534292221069336,16.438369750976562,24.894912719726562,35.22746658325195,82.10736083984375,38.4809684753418,51.95655059814453
2019-11-14,8.147028923034668,11.498357772827148,16.39206314086914,25.024707794189453,35.13330078125,81.98652648925781,37.998600006103516,51.877479553222656
2019-11-15,8.12298583984375,11.484883308410645,16.503192901611328,24.97279167175293,35.21034240722656,82.17640686035156,38.42275619506836,51.982906341552734
2019-11-18,8.114971160888672,11.637596130371094,16.438369750976562,24.92087173461914,35.32163619995117,82.34040832519531,38.048500061035156,52.09711837768555
2019-11-19,8.027048110961914,11.556747436523438,16.530977249145508,25.189117431640625,35.681182861328125,83.10865783691406,37.94038391113281,52.63302230834961
2019-11-20,8.126994132995605,11.453441619873047,16.206838607788086,24.92087173461914,35.48429489135742,82.32316589355469,37.02556610107422,52.09711837768555
2019-11-21,8.167065620422363,11.453441619873047,16.19757843017578,24.894912719726562,35.432926177978516,82.36631774902344,37.23347473144531,52.13225555419922
2019-11-22,8.147028923034668,11.471409797668457,16.21609878540039,24.522830963134766,35.37300109863281,82.331787109375,37.73247146606445,52.21132278442383
2019-11-25,8.279273986816406,11.664545059204102,16.577280044555664,24.73915672302246,35.963687896728516,83.47985076904297,38.672245025634766,53.125003814697266
2019-11-26,8.167065620422363,11.579206466674805,16.68841552734375,24.834339141845703,36.04929733276367,83.71289825439453,38.78036880493164,53.23920440673828
2019-11-27,8.299309730529785,11.610647201538086,16.697675704956055,24.834339141845703,36.015052795410156,84.07545471191406,39.13798141479492,53.4324951171875
2019-11-29,8.171073913574219,11.395052909851074,16.345752716064453,24.470911026000977,35.04768753051758,82.53895568847656,38.755409240722656,52.413394927978516
2019-12-02,8.114971160888672,11.386069297790527,16.327232360839844,24.384382247924805,35.05624771118164,82.331787109375,38.69719314575195,52.2640380859375
2019-12-03,8.014784812927246,11.377087593078613,16.317974090576172,24.32381248474121,34.850791931152344,81.88292694091797,38.2896842956543,51.991695404052734
2019-12-04,8.042837142944336,11.511832237243652,16.317974090576172,24.626665115356445,34.996334075927734,82.30589294433594,38.073455810546875,52.22011184692383
2019-12-05,7.906585693359375,11.413018226623535,16.530977249145508,24.74781036376953,35.01344680786133,83.02232360839844,38.71383285522461,52.72087478637695
2019-12-06,8.046843528747559,11.475900650024414,16.63284683227539,25.007404327392578,35.30451583862305,83.70426940917969,39.12966537475586,53.1513557434082
2019-12-09,8.05085277557373,11.507341384887695,16.429107666015625,24.842994689941406,35.14186096191406,83.12592315673828,38.68056106567383,52.694515228271484
2019-12-10,7.9846510887146,11.502850532531738,16.429107666015625,24.998746871948242,35.278831481933594,83.56615447998047,38.78036880493164,53.00200653076172
2019-12-11,8.167065620422363,11.534292221069336,16.586544036865234,25.137197494506836,35.93800735473633,84.80916595458984,39.12966537475586,53.880550384521484
2019-12-12,8.203453063964844,11.696345329284668,16.84585189819336,25.500627517700195,36.622867584228516,86.14712524414062,39.612030029296875,54.76785659790039
2019-12-13,8.171073913574219,11.763360023498535,16.82733154296875,25.34487533569336,36.46877670288086,85.83637237548828,39.32094192504883,54.5657958984375
2019-12-16,8.26765251159668,12.064292907714844,16.96624183654785,25.73331642150879,36.929298400878906,86.97579956054688,39.969642639160156,55.35853958129883
2019-12-17,8.51570987701416,12.131665229797363,17.18851089477539,26.01264762878418,37.40029525756836,88.00299835205078,40.37715530395508,55.979251861572266
2019-12-18,8.587843894958496,12.095734596252441,17.086639404296875,25.95154571533203,37.50495529174805,88.3569107055664,40.418739318847656,56.2275276184082
2019-12-19,8.456721305847168,12.100223541259766,17.031070709228516,25.98209571838379,37.42646026611328,88.04615020751953,40.38547134399414,56.08565902709961
2019-12-20,8.471628189086914,12.06456184387207,17.077373504638672,25.916627883911133,37.574737548828125,88.3828125,40.59339141845703,56.342811584472656
2019-12-23,8.375450134277344,12.136157989501953,17.17924690246582,25.53254508972168,37.53984451293945,88.39324188232422,40.76803970336914,56.37827682495117
2019-12-24,8.511701583862305,11.987937927246094,17.20703125,25.703636169433594,37.609622955322266,88.33232116699219,40.84288787841797,56.41374588012695
2019-12-26,8.740123748779297,12.185564994812012,17.30890464782715,26.01264762878418,37.984676361083984,89.14168548583984,41.19218063354492,56.91918182373047
2019-12-27,8.688028335571289,12.266412734985352,17.271860122680664,25.95154571533203,38.124229431152344,89.3331298828125,41.0015754699707,56.990116119384766
2019-12-30,8.89232063293457,12.428133010864258,17.311050415039062,26.19595718383789,37.93234634399414,89.02855682373047,40.63534164428711,56.75069808959961
2019-12-31,8.855269432067871,12.305397987365723,17.26439094543457,26.57131004333496,38.05445861816406,89.3331298828125,40.5188102722168,56.830509185791016
2020-01-02,8.933487892150879,12.65542221069336,17.91764259338379,27.060136795043945,39.144710540771484,92.14408874511719,43.04916000366211,58.72809982299805
2020-01-03,9.02817440032959,12.637239456176758,17.796327590942383,26.75461769104004,38.298667907714844,90.57762145996094,42.583038330078125,57.628562927246094
2020-01-06,9.004791259765625,12.619056701660156,17.684341430664062,26.876829147338867,38.481834411621094,90.55152893066406,42.807777404785156,57.53102493286133
2020-01-07,9.03698444366455,12.582688331604004,17.908309936523438,27.03394889831543,38.385887145996094,90.93443298339844,43.198978424072266,57.77931213378906
2020-01-08,8.929534912109375,12.464499473571777,18.038959503173828,26.903013229370117,38.35972213745117,91.01275634765625,43.47365951538086,57.947784423828125
2020-01-09,9.038795471191406,12.55541706085205,18.25359535217285,27.146554946899414,38.7086067199707,92.08318328857422,43.99803924560547,58.577354431152344
2020-01-10,9.065226554870605,12.578235626220703,18.29092788696289,27.12123680114746,38.83072280883789,92.48350524902344,44.172828674316406,58.95865249633789
2020-01-13,9.069342613220215,12.614510536193848,18.664209365844727,27.775922775268555,39.49359130859375,94.3371810913086,45.42967987060547,60.102542877197266
2020-01-14,8.97877311706543,12.773613929748535,18.56155776977539,27.60133934020996,39.09237289428711,93.38858032226562,44.77212142944336,59.419761657714844
2020-01-15,8.995240211486816,12.682697296142578,18.533559799194336,27.38311195373535,38.874324798583984,92.8751220703125,44.872005462646484,59.18033981323242
2020-01-16,8.925254821777344,12.83198070526123,18.636213302612305,27.461671829223633,39.16215133666992,93.39729309082031,44.85535430908203,59.543907165527344
2020-01-17,8.855269432067871,12.828161239624023,18.720203399658203,27.540233612060547,39.3453254699707,93.9194564819336,44.91361999511719,59.801055908203125
2020-01-21,8.653544425964355,12.30085277557373,17.833654403686523,26.846275329589844,37.496238708496094,90.4557876586914,43.48198318481445,57.637428283691406
2020-01-22,8.649428367614746,12.455408096313477,17.861648559570312,26.9641170501709,37.914894104003906,90.93443298339844,43.19065475463867,57.947784423828125
2020-01-23,8.476522445678711,12.028106689453125,17.42304229736328,26.3618106842041,37.42646026611328,89.67253875732422,42.54142379760742,57.194061279296875
2020-01-24,8.40241813659668,12.09174633026123,16.984434127807617,26.065021514892578,36.938018798828125,88.19308471679688,41.25128173828125,56.21865463256836
2020-01-27,8.040139198303223,11.5882568359375,16.293851852416992,24.537437438964844,35.472713470458984,84.72940826416016,40.21084213256836,54.09051513671875
2020-01-28,8.151293754577637,11.54625415802002,16.64847755432129,24.677099227905273,35.71692657470703,85.60838317871094,40.97660827636719,54.63141632080078
2020-01-29,8.06895637512207,11.505342483520508,16.760459899902344,24.89533042907715,35.93498229980469,86.35681915283203,41.384456634521484,55.163448333740234
2020-01-30,7.805480480194092,11.328057289123535,16.396507263183594,24.389039993286133,35.490150451660156,85.08621978759766,40.64366912841797,54.32106399536133
2020-01-31,7.813714504241943,10.955306053161621,16.181873321533203,23.83037757873535,34.661563873291016,83.49363708496094,40.02772521972656,53.301326751708984
2020-02-03,7.780778884887695,10.809839248657227,16.443172454833984,23.620880126953125,35.0017204284668,84.36390686035156,41.317867279052734,54.063907623291016
2020-02-04,7.912516117095947,11.514433860778809,17.09641456604004,24.93024444580078,35.94370651245117,87.4533462524414,42.81610107421875,56.138858795166016
2020-02-05,8.043268203735352,11.628077507019043,17.068422317504883,25.235761642456055,36.06581497192383,87.71444702148438,42.30004119873047,56.12998962402344
2020-02-06,8.003087997436523,11.887187004089355,17.143077850341797,25.20084571838379,36.31003952026367,88.09735107421875,43.015865325927734,56.404876708984375
2020-02-07,7.912516117095947,11.668991088867188,16.853782653808594,25.09609603881836,35.98731231689453,87.14004516601562,42.54142379760742,55.819637298583984
2020-02-10,7.9907379150390625,11.882640838623047,16.90977668762207,25.558738708496094,36.1966438293457,88.06253814697266,42.85771942138672,56.43147659301758
2020-02-11,8.093659400939941,12.119022369384766,17.30172348022461,25.87298011779785,36.894412994384766,89.47236633300781,43.44036102294922,57.22066879272461
2020-02-12,8.085424423217773,12.237211227416992,17.721668243408203,26.161043167114258,37.391571044921875,91.03015899658203,44.439178466796875,58.32908248901367
2020-02-13,8.040139198303223,12.073564529418945,17.516361236572266,25.80925941467285,36.903141021728516,89.7769775390625,43.83988571166992,57.53102493286133
2020-02-14,8.110125541687012,12.078109741210938,17.488365173339844,25.95154571533203,36.868247985839844,89.80308532714844,43.47365951538086,57.47781753540039
2020-02-18,8.110125541687012,12.219027519226074,17.591020584106445,26.405460357666016,36.78974914550781,89.86399841308594,43.05747985839844,57.47781753540039
2020-02-19,8.06895637512207,12.273577690124512,17.824325561523438,26.475290298461914,37.04269027709961,90.40355682373047,43.77330017089844,57.9034538269043
2020-02-20,8.060723304748535,12.255393028259277,17.693674087524414,26.628047943115234,36.65019226074219,89.5158920288086,43.25724411010742,57.24726867675781
2020-02-21,8.151293754577637,12.273577690124512,17.56302261352539,27.007761001586914,36.65019226074219,89.36795043945312,42.62466049194336,57.02558517456055
2020-02-24,7.838417053222656,11.809907913208008,16.93777084350586,26.466562271118164,35.35060501098633,86.42642974853516,41.33451843261719,55.119110107421875
2020-02-25,7.714911460876465,11.714447021484375,16.891109466552734,26.57131004333496,35.01044464111328,86.0957260131836,41.03487014770508,54.799896240234375
2020-02-26,7.850765228271484,11.878095626831055,17.08708381652832,26.632413864135742,35.51632308959961,87.07044982910156,41.642486572265625,55.46494674682617
2020-02-27,7.747844696044922,11.946283340454102,16.7884578704834,26.536392211914062,35.245941162109375,85.94779205322266,40.78516387939453,54.80876541137695
2020-02-28,7.517880916595459,11.583166122436523,16.620479583740234,26.108667373657227,35.46398162841797,86.13055419921875,40.67695617675781,55.09251403808594
2020-03-02,7.694904327392578,12.123567581176758,17.18973731994629,26.97284698486328,35.830322265625,87.62741088867188,41.542598724365234,55.82849884033203
2020-03-03,7.739611625671387,12.255393028259277,17.059093475341797,27.025218963623047,35.60354232788086,87.43595886230469,41.051517486572266,55.518150329589844
2020-03-04,7.826064109802246,12.314488410949707,17.21773338317871,27.496591567993164,35.98731231689453,88.50638580322266,41.97542190551758,56.41374588012695
2020-03-05,7.768429756164551,12.18720817565918,17.469697952270508,27.4791316986084,35.830322265625,88.34971618652344,42.21681213378906,56.28960037231445
2020-03-06,7.5420050621032715,11.74172306060791,16.975099563598633,26.97284698486328,35.1151008605957,86.55696868896484,40.79348373413086,55.07477951049805
2020-03-09,7.434967041015625,11.60534954071045,16.153873443603516,26.099939346313477,33.70213317871094,83.09331512451172,39.15375518798828,52.911155700683594
2020-03-10,7.377331256866455,11.841729164123535,16.891109466552734,27.496591567993164,35.03660583496094,86.34809875488281,40.59372329711914,54.9417724609375
2020-03-11,7.220893383026123,11.623533248901367,16.34984588623047,26.396726608276367,33.841678619384766,83.38919067382812,39.13711166381836,53.06190490722656
2020-03-12,6.85861349105835,10.791655540466309,14.922036170959473,24.928497314453125,31.225051879882812,77.00141906738281,36.0907096862793,49.07162094116211
2020-03-13,7.430850028991699,11.124316215515137,15.248659133911133,26.047565460205078,32.96947479248047,80.7348861694336,37.38085174560547,51.66086959838867
2020-03-16,6.274436950683594,10.000693321228027,14.138138771057129,23.437570571899414,29.576581954956055,72.94596862792969,33.60197830200195,46.615379333496094
2020-03-17,6.735274314880371,10.596187591552734,14.74472713470459,24.790578842163086,31.408222198486328,76.67070007324219,35.66621398925781,48.929744720458984
2020-03-18,6.735274314880371,9.869683265686035,13.643538475036621,23.289175033569336,29.62891960144043,72.7893295288086,33.81007385253906,46.429161071777344
2020-03-19,6.36047887802124,9.882502555847168,13.988824844360352,23.612152099609375,29.65508270263672,73.7379150390625,34.48427200317383,46.76612854003906
2020-03-20,6.5678839683532715,9.6733980178833,13.858177185058594,22.94874382019043,30.056297302246094,73.81623077392578,34.46762466430664,46.64197540283203
2020-03-23,6.463645935058594,9.900686264038086,13.736859321594238,23.063968658447266,30.038854598999023,73.69440460205078,34.87548065185547,46.801597595214844
2020-03-24,6.496828556060791,10.315715789794922,14.80072021484375,23.97877311706543,32.07110595703125,77.92391204833984,36.989646911621094,49.577056884765625
2020-03-25,6.413997173309326,10.54163932800293,15.407306671142578,24.275564193725586,32.55953598022461,79.08136749267578,37.53899383544922,50.55245590209961
2020-03-26,6.570683479309082,10.682558059692383,15.715266227722168,24.764389038085938,33.44918441772461,81.54423522949219,38.66267013549805,52.13969421386719
2020-03-27,6.395718097686768,10.477725982666016,14.95936393737793,23.786733627319336,31.48672103881836,77.70633697509766,36.756591796875,49.53272247314453
2020-03-30,6.504567623138428,10.482544898986816,14.912703514099121,24.004961013793945,32.62059020996094,79.19451141357422,36.9813232421875,50.649993896484375
2020-03-31,6.755692958831787,10.57345962524414,15.090014457702637,23.743087768554688,32.742706298828125,79.41207122802734,37.68049621582031,50.76527404785156
2020-04-01,6.661005973815918,10.468179702758789,14.52075481414795,23.411380767822266,31.408222198486328,76.87957763671875,36.76491165161133,48.95634460449219
2020-04-02,6.7886271476745605,10.500727653503418,14.408769607543945,24.284290313720703,32.61186981201172,79.02914428710938,37.33091354370117,50.42831802368164
2020-04-03,6.870964527130127,10.532546997070312,14.231460571289062,24.144628524780273,32.17576217651367,78.05445098876953,36.631736755371094,49.834205627441406
2020-04-06,6.957416534423828,10.701377868652344,14.866043090820312,24.668373107910156,33.327083587646484,81.05686950683594,38.221527099609375,51.79388427734375
2020-04-07,6.940950393676758,10.75983715057373,15.229996681213379,24.685827255249023,33.222415924072266,81.1177978515625,38.704288482666016,51.8027458190918
2020-04-08,6.998584270477295,10.787111282348633,15.043354034423828,24.834226608276367,33.248573303222656,81.32666015625,38.0051155090332,51.84709167480469
2020-04-09,7.064453601837158,10.955306053161621,15.276658058166504,24.89533042907715,33.0305290222168,81.1177978515625,38.22985076904297,51.77614212036133
2020-04-13,6.978002071380615,11.0053071975708,15.304652214050293,24.441415786743164,33.056697845458984,81.14390563964844,38.379669189453125,51.86482238769531
2020-04-14,6.998584270477295,11.260416984558105,15.659272193908691,25.026260375976562,33.58002471923828,82.91923522949219,39.43675994873047,52.973236083984375
2020-04-15,6.768126487731934,10.92557430267334,15.649943351745605,24.563621520996094,32.80375671386719,81.73567199707031,39.553287506103516,52.35252380371094
2020-04-16,6.721358299255371,11.064403533935547,15.752595901489258,24.64305877685547,32.93458938598633,82.78871154785156,40.660316467285156,52.93777084350586
2020-04-17,6.821809768676758,11.213776588439941,15.892577171325684,25.017532348632812,33.501522064208984,83.59806060791016,40.568756103515625,53.35452651977539
2020-04-20,6.83053731918335,11.32332992553711,15.91124153137207,24.886594772338867,33.222415924072266,83.47621154785156,40.74354553222656,53.27471923828125
2020-04-21,6.64215087890625,11.068947792053223,15.696599960327148,24.655277252197266,32.332759857177734,81.43980407714844,39.70310974121094,52.01556396484375
2020-04-22,6.833253860473633,11.314420700073242,15.892577171325684,25.165925979614258,33.11775207519531,83.25865936279297,40.59372329711914,53.15945053100586
2020-04-23,6.953217029571533,11.117860794067383,15.733929634094238,25.07863426208496,32.97819519042969,82.53633117675781,39.81964111328125,52.76927947998047
2020-04-24,6.838029384613037,11.243688583374023,15.603281021118164,24.928497314453125,33.30963134765625,82.64948272705078,39.74472427368164,52.90229797363281
2020-04-27,6.734779357910156,11.18259334564209,16.097881317138672,25.10831642150879,33.981231689453125,83.92875671386719,40.5104866027832,53.656009674072266
2020-04-28,6.825350284576416,11.46843147277832,15.967230796813965,25.16767120361328,34.016117095947266,83.62415313720703,39.88622283935547,53.4875373840332
2020-04-29,7.013652801513672,11.582620620727539,16.583152770996094,25.314319610595703,34.565616607666016,84.88605499267578,40.918338775634766,54.391998291015625
2020-04-30,6.74334192276001,11.394061088562012,16.181873321533203,24.93897247314453,33.658512115478516,83.33697509765625,40.235816955566406,53.18604278564453
2020-05-01,6.729263782501221,10.964395523071289,15.509958267211914,24.08090591430664,32.507205963134766,79.92552947998047,38.08834457397461,51.155433654785156
2020-05-04,6.570436477661133,11.050764083862305,15.435300827026367,24.144628524780273,32.81248092651367,80.56952667236328,38.321407318115234,51.341651916503906
2020-05-05,6.648655891418457,11.096223831176758,16.04189109802246,24.485055923461914,33.143917083740234,81.6834716796875,39.0788459777832,52.059898376464844
2020-05-06,6.63218879699707,11.341694831848145,16.135211944580078,25.261947631835938,33.231143951416016,82.41450500488281,39.43675994873047,52.441192626953125
2020-05-07,6.661005973815918,11.504615783691406,16.30318832397461,25.628568649291992,33.318363189697266,83.04108428955078,39.95281219482422,52.875694274902344
2020-05-08,6.656888961791992,11.628986358642578,16.90044403076172,25.899171829223633,34.077178955078125,85.00789642333984,41.534278869628906,54.134849548339844
2020-05-11,6.665123462677002,11.61444091796875,16.779123306274414,25.662614822387695,33.92018127441406,85.22547149658203,41.48434066772461,54.29446029663086
2020-05-12,6.619838237762451,11.644807815551758,16.835119247436523,25.680944442749023,33.623626708984375,84.69458770751953,41.5842170715332,53.8776969909668
2020-05-13,6.537502288818359,11.515252113342285,16.79779052734375,25.698400497436523,33.72829818725586,84.97309112548828,41.742366790771484,54.09051513671875
2020-05-14,6.4222307205200195,11.451702117919922,16.79779052734375,25.69054412841797,33.5887451171875,84.91216278076172,41.85057067871094,53.93977737426758
2020-05-15,6.418113708496094,11.364424705505371,16.760459899902344,25.305591583251953,33.100303649902344,84.04190063476562,42.15021896362305,53.47867202758789
2020-05-18,6.612098217010498,11.718993186950684,17.46036720275879,25.916627883911133,34.41733932495117,87.28799438476562,44.00636672973633,55.59794998168945
2020-05-19,6.566319465637207,11.696264266967773,17.507030487060547,25.64602279663086,34.05974197387695,86.78324127197266,44.08127212524414,55.402870178222656
2020-05-20,6.726874828338623,11.646262168884277,17.367048263549805,25.855525970458984,34.55689239501953,87.55776977539062,43.83988571166992,55.76642990112305
2020-05-21,6.5701069831848145,11.305328369140625,16.87244415283203,25.296863555908203,33.614906311035156,85.3386001586914,42.95759963989258,54.4008674621582
2020-05-22,6.401976585388184,10.955306053161621,16.47116470336914,24.99134635925293,32.70781326293945,82.59724426269531,41.26792907714844,52.38800048828125
2020-05-26,6.430464267730713,11.18259334564209,17.031091690063477,25.139739990234375,33.440460205078125,84.18984985351562,43.07412338256836,53.35452651977539
2020-05-27,6.459282398223877,11.04167652130127,16.87244415283203,24.816762924194336,33.25730514526367,83.38048553466797,42.62466049194336,52.92002487182617
2020-05-28,6.496333599090576,11.07313060760498,16.779123306274414,24.82549476623535,33.361961364746094,82.88443756103516,41.96709442138672,52.52986145019531
2020-05-29,6.504567623138428,11.23805046081543,17.395044326782227,25.261947631835938,34.05974197387695,85.21675872802734,43.78994369506836,54.09051513671875
2020-06-01,6.56804895401001,11.246233940124512,17.730998992919922,25.83806800842285,34.68772888183594,86.86155700683594,44.605655670166016,55.039310455322266
2020-06-02,6.768043518066406,11.615350723266602,18.32825469970703,26.117399215698242,35.30698776245117,88.52378845214844,45.6960334777832,56.245269775390625
2020-06-03,6.768043518066406,11.504251480102539,18.850854873657227,26.291980743408203,35.908817291259766,89.7769775390625,46.952877044677734,57.0433235168457
2020-06-04,6.698057174682617,11.564438819885254,18.77619743347168,25.995189666748047,35.385494232177734,88.68913269042969,46.486759185791016,56.404876708984375
2020-06-05,6.739965915679932,11.688536643981934,19.093488693237305,26.457828521728516,36.179203033447266,90.48190307617188,47.62708282470703,57.37141036987305
2020-06-08,6.825678825378418,11.684264183044434,19.121482849121094,26.588768005371094,35.996036529541016,90.16860961914062,47.1776123046875,57.211795806884766
2020-06-09,6.85861349105835,11.642171859741211,18.906845092773438,26.49275016784668,35.821590423583984,90.14248657226562,46.9029426574707,57.14086151123047
2020-06-10,6.800978183746338,11.728631019592285,19.224136352539062,26.641141891479492,36.24897766113281,91.143310546875,48.12649154663086,57.885719299316406
2020-06-11,6.648655891418457,11.467248916625977,18.533559799194336,26.08247947692871,34.748775482177734,88.01033020019531,46.52006149291992,55.69549560546875
2020-06-12,6.632847785949707,11.524617195129395,18.916179656982422,26.36966896057129,35.18488693237305,89.34184265136719,47.47726058959961,56.546749114990234
2020-06-15,6.623955249786377,11.578075408935547,18.92551040649414,26.462486267089844,34.870914459228516,88.97632598876953,48.36787796020508,56.472877502441406
2020-06-16,6.718641757965088,11.615260124206543,19.0748233795166,26.427461624145508,35.143550872802734,89.99453735351562,49.39167022705078,57.184906005859375
2020-06-17,6.74334192276001,11.637260437011719,19.476102828979492,26.65513038635254,35.28425598144531,90.88221740722656,50.4404296875,57.66552734375
2020-06-18,6.813410758972168,11.597530364990234,19.644081115722656,26.865291595458984,35.407386779785156,91.35216522216797,50.773372650146484,57.99484634399414
2020-06-19,6.8092122077941895,11.692627906799316,19.82139015197754,26.91958236694336,35.46015930175781,91.22161865234375,51.372657775878906,57.923641204833984
2020-06-22,6.813327312469482,11.59171199798584,19.765398025512695,27.307497024536133,35.72399139404297,92.4763412475586,51.372657775878906,58.71577835083008
2020-06-23,6.7886271476745605,11.605985641479492,19.989368438720703,27.513282775878906,35.96146011352539,93.55255126953125,52.46303939819336,59.561302185058594
2020-06-24,6.648655891418457,11.478067398071289,19.78406524658203,27.29436683654785,35.592079162597656,92.64257049560547,51.7388916015625,59.009490966796875
2020-06-25,6.599254608154297,11.398425102233887,19.80272674560547,27.339900970458984,35.68002700805664,92.40633392333984,51.92201232910156,58.79587173461914
2020-06-26,6.619838237762451,11.373788833618164,19.578760147094727,27.154258728027344,35.345821380615234,91.87260437011719,51.4642219543457,58.377559661865234
2020-06-29,6.568268299102783,11.289175033569336,19.519914627075195,27.47825050354004,35.22270202636719,91.87260437011719,51.605716705322266,58.35976028442383
2020-06-30,6.5515336990356445,11.411548614501953,19.510574340820312,27.670900344848633,34.914886474609375,91.8025894165039,51.5557746887207,58.252952575683594
2020-07-01,6.543166637420654,11.393570899963379,19.660011291503906,28.178783416748047,35.31944274902344,92.60757446289062,51.80548858642578,58.76917266845703
2020-07-02,6.773768424987793,11.631111145019531,20.369827270507812,28.984392166137695,36.46275329589844,95.5562515258789,53.56174087524414,60.73616409301758
2020-07-06,7.589570999145508,12.474678993225098,21.938894271850586,31.979150772094727,39.9278564453125,102.809814453125,55.73417282104492,65.15074157714844
2020-07-07,7.413357257843018,12.456428527832031,21.752099990844727,31.506298065185547,38.793338775634766,100.94611358642578,54.935115814208984,63.88689422607422
2020-07-08,7.513764381408691,12.593859672546387,22.592668533325195,32.30314636230469,40.04218292236328,105.07601165771484,57.54869842529297,66.6371078491211
2020-07-09,7.597436904907227,12.684843063354492,22.98493766784668,32.39947509765625,39.76955032348633,105.46099090576172,58.780582427978516,66.79731750488281
2020-07-10,7.379889488220215,12.552248001098633,22.84484100341797,32.18581008911133,39.180301666259766,104.50727081298828,58.056427001953125,66.19208526611328
2020-07-13,7.4970293045043945,12.762411117553711,22.60201072692871,32.76287078857422,38.731773376464844,103.55355072021484,56.62479019165039,65.435546875
2020-07-14,7.4970293045043945,12.689131736755371,22.228422164916992,32.854820251464844,38.43276596069336,102.63483428955078,55.617645263671875,64.86592864990234
2020-07-15,7.329685211181641,12.657191276550293,22.331161499023438,32.44325256347656,38.23047637939453,102.49482727050781,55.76747512817383,64.96382904052734
2020-07-16,7.103770732879639,12.406238555908203,21.5279483795166,30.972143173217773,37.35980224609375,99.28365325927734,54.0611457824707,62.97905731201172
2020-07-17,7.128872394561768,12.49293041229248,21.640024185180664,30.937118530273438,37.43016815185547,100.00114440917969,54.41905975341797,63.326175689697266
2020-07-20,7.287848949432373,12.794075965881348,22.219083786010742,31.73396873474121,37.91387939453125,102.11858367919922,55.55937957763672,64.69682312011719
2020-07-21,7.195809841156006,12.72563362121582,22.4245548248291,31.795259475708008,38.10735321044922,102.6785659790039,56.591495513916016,65.19525909423828
2020-07-22,7.287848949432373,12.680006980895996,22.02294921875,31.68143081665039,37.57088088989258,101.506103515625,55.159854888916016,64.19839477539062
2020-07-23,7.1879448890686035,12.538558959960938,21.864177703857422,31.705076217651367,37.28945541381836,101.22611236572266,54.36079406738281,64.02039337158203
2020-07-24,7.079254627227783,12.406238555908203,21.65870475769043,30.59560775756836,36.98163604736328,99.66865539550781,53.661624908447266,63.13925552368164
2020-07-27,7.028716564178467,12.451866149902344,21.92955207824707,30.74885368347168,36.90249252319336,99.8436508178711,54.41073989868164,63.21044921875
2020-07-28,6.982947826385498,12.3286714553833,21.920211791992188,30.788259506225586,36.57707977294922,99.51114654541016,54.161033630371094,62.97905731201172
2020-07-29,7.023361682891846,12.397111892700195,22.368518829345703,31.698942184448242,37.13114547729492,101.45360565185547,55.0433235168457,64.16279602050781
2020-07-30,6.974496841430664,12.46628475189209,22.256441116333008,31.471263885498047,36.744178771972656,100.64862060546875,55.026676177978516,63.780094146728516
2020-07-31,6.959519863128662,12.397111892700195,22.4058780670166,31.65515899658203,36.38359832763672,100.6048812866211,55.784114837646484,63.64659118652344
2020-08-03,7.08009147644043,12.75802993774414,23.153053283691406,32.63589859008789,36.823333740234375,102.64356994628906,57.3322868347168,64.91934204101562
2020-08-04,7.095905303955078,12.7881441116333,23.49861717224121,32.39947509765625,37.65883255004883,104.17477416992188,58.206260681152344,65.87167358398438
2020-08-05,7.162843704223633,12.75802993774414,23.965600967407227,32.72346115112305,37.65883255004883,105.0060043334961,59.27998733520508,66.40570068359375
2020-08-06,7.088208198547363,12.803200721740723,24.021638870239258,32.74974060058594,37.685218811035156,105.32974243164062,59.321598052978516,66.55701446533203
2020-08-07,6.957679271697998,12.730196952819824,23.227766036987305,32.14552688598633,36.94645309448242,101.93484497070312,56.54155349731445,64.38529968261719
2020-08-10,6.978847980499268,12.75711727142334,23.33049964904785,32.364444732666016,37.210304260253906,101.611083984375,55.942264556884766,63.99369812011719
2020-08-11,7.027544975280762,12.734760284423828,23.2838077545166,31.917856216430664,37.17511749267578,101.26985168457031,55.47614288330078,63.91357421875
2020-08-12,7.179576873779297,12.74388599395752,23.48927879333496,31.944128036499023,37.720394134521484,102.809814453125,56.32514190673828,64.84813690185547
2020-08-13,7.1422600746154785,12.767065048217773,23.40522003173828,31.80401611328125,37.65003967285156,101.91734313964844,55.75914764404297,64.36751556396484
2020-08-14,7.170708179473877,12.81232738494873,23.265125274658203,32.04045486450195,37.8523063659668,101.98733520507812,54.71038818359375,64.33191680908203
2020-08-17,7.330019474029541,12.839703559875488,23.890886306762695,32.95988845825195,38.555885314941406,104.1222915649414,56.24190902709961,65.6669692993164
2020-08-18,7.300317287445068,12.895188331604004,24.17107391357422,32.95112991333008,38.70539093017578,104.49852752685547,57.13252258300781,65.87167358398438
2020-08-19,7.321318626403809,12.709754943847656,23.806827545166016,32.408226013183594,38.30083465576172,103.48353576660156,56.36676025390625,65.17744445800781
2020-08-20,7.26324987411499,12.830578804016113,23.8348445892334,32.4782829284668,38.47673034667969,103.78980255126953,56.766292572021484,65.37324523925781
2020-08-21,7.204512119293213,12.644143104553223,23.993621826171875,32.43449401855469,38.819725036621094,104.7872543334961,57.03263854980469,66.08528900146484
2020-08-24,7.204176902770996,12.803657531738281,24.46994400024414,32.67531204223633,39.24186706542969,106.03849029541016,57.91493225097656,67.07322692871094
2020-08-25,7.170708179473877,12.839703559875488,25.18910026550293,32.85919952392578,39.40017318725586,107.53468322753906,58.93040466308594,68.12347412109375
2020-08-26,7.220911026000977,12.565936088562012,25.338533401489258,32.530818939208984,39.32982635498047,107.6221923828125,59.22172164916992,68.3726806640625
2020-08-27,7.1121368408203125,12.689131736755371,25.422588348388672,32.662166595458984,39.25066375732422,107.0184555053711,59.005313873291016,67.90096282958984
2020-08-28,7.2125444412231445,12.839703559875488,25.62806510925293,33.5640983581543,39.56727600097656,108.33967590332031,59.77106857299805,68.7553939819336
2020-08-31,7.120505332946777,12.661298751831055,25.15174102783203,33.31891632080078,38.66141891479492,106.41471862792969,58.53920364379883,67.33132934570312
2020-09-01,7.128872394561768,12.59331226348877,26.169767379760742,33.774261474609375,39.162715911865234,108.58466339111328,60.63671875,68.83551025390625
2020-09-02,7.036832809448242,12.675442695617676,26.207122802734375,33.81804275512695,39.00440979003906,108.29591369628906,60.4119873046875,68.70199584960938
2020-09-03,7.0116472244262695,12.753010749816895,25.142398834228516,33.222599029541016,38.2041015625,105.39974212646484,58.03145980834961,66.7795181274414
2020-09-04,6.9785966873168945,12.638941764831543,25.0583438873291,33.2401123046875,38.34481430053711,104.79600524902344,58.056427001953125,66.58369445800781
2020-09-08,6.969895362854004,12.433615684509277,24.199092864990234,32.224334716796875,37.553287506103516,101.98733520507812,55.41788864135742,64.6523208618164
2020-09-09,7.012316703796387,12.474678993225098,24.320510864257812,31.93537139892578,37.8083381652832,103.07231140136719,56.175315856933594,65.25755310058594
2020-09-10,6.894589900970459,12.319544792175293,24.002958297729492,31.217327117919922,37.060787200927734,100.94611358642578,54.8185920715332,64.00259399414062
2020-09-11,6.828405857086182,12.3286714553833,24.31117057800293,31.777753829956055,37.42136764526367,102.20606231689453,55.60932159423828,64.73242950439453
2020-09-14,6.957093238830566,12.261322975158691,24.862211227416992,32.14552688598633,37.676414489746094,103.57105255126953,56.99934768676758,65.68477630615234
2020-09-15,6.978261470794678,12.52943229675293,25.366554260253906,32.653419494628906,38.010616302490234,104.874755859375,57.640254974365234,66.59260559082031
2020-09-16,6.9615278244018555,12.547684669494629,25.403911590576172,32.45200729370117,37.89628601074219,104.60350799560547,57.482112884521484,66.36119079589844
2020-09-17,7.02009916305542,12.61612606048584,25.44127082824707,32.504554748535156,37.57966995239258,104.17477416992188,57.03263854980469,65.93397521972656
2020-09-18,7.079254627227783,12.567852020263672,25.431930541992188,32.73223114013672,37.65883255004883,103.97354888916016,56.991024017333984,65.85386657714844
2020-09-21,7.153974533081055,12.42905330657959,25.15174102783203,32.670928955078125,37.307037353515625,103.42230224609375,56.55820083618164,65.60466003417969
2020-09-22,6.957344055175781,12.251742362976074,25.030324935913086,32.346927642822266,37.01681137084961,102.91483306884766,56.433349609375,65.18634033203125
2020-09-23,6.7902512550354,12.188410758972168,24.94626808166504,31.882837295532227,36.61226272583008,102.04859161376953,55.917293548583984,64.50100708007812
2020-09-24,6.718878269195557,12.100895881652832,24.582019805908203,31.620134353637695,36.15493392944336,100.97235107421875,55.34297180175781,63.98480224609375
2020-09-25,6.664491653442383,12.073153495788574,24.582019805908203,31.602615356445312,35.794349670410156,100.4998779296875,55.30135726928711,63.72667694091797
2020-09-28,6.770503520965576,12.146159172058105,24.97428321838379,31.83904457092285,36.348419189453125,101.72483825683594,55.97555923461914,64.5188217163086
2020-09-29,6.802885055541992,12.146159172058105,25.0583438873291,32.0492057800293,36.20770263671875,101.68984985351562,55.56770706176758,64.43872833251953
2020-09-30,6.749334812164307,12.141594886779785,25.674760818481445,32.13502502441406,36.93766403198242,103.96479034423828,56.74964904785156,66.01406860351562
2020-10-01,6.840203285217285,12.351940155029297,26.001651763916016,32.653419494628906,37.38618850708008,105.0060043334961,57.407203674316406,66.61930084228516
2020-10-02,6.794183731079102,12.251195907592773,25.656082153320312,32.1542854309082,36.96405029296875,103.69355010986328,56.29185104370117,65.85386657714844
2020-10-05,6.748832702636719,12.215514183044434,25.870895385742188,32.600868225097656,37.10475540161133,104.46351623535156,56.82455825805664,66.20987701416016
2020-10-06,6.810917854309082,12.356047630310059,26.095048904418945,32.662166595458984,37.35101318359375,105.1197509765625,57.898284912109375,66.78840637207031
2020-10-07,6.769082069396973,12.356139183044434,26.515331268310547,32.95988845825195,37.74677658081055,106.27471923828125,58.680694580078125,67.53605651855469
2020-10-08,6.769082069396973,12.401676177978516,26.720808029174805,33.00367736816406,37.93146514892578,106.79095458984375,58.77225112915039,67.9632568359375
2020-10-09,6.969895362854004,12.630178451538086,26.926279067993164,33.305782318115234,38.0282096862793,107.52593994140625,59.987491607666016,68.32816314697266
2020-10-12,7.045199871063232,12.794166564941406,27.47732162475586,33.914363861083984,39.04839324951172,109.72213745117188,61.08618927001953,69.6988296508789
2020-10-13,7.1121368408203125,12.696340560913086,27.309206008911133,34.001930236816406,38.99561309814453,109.76586151123047,60.94468688964844,69.74333190917969
2020-10-14,6.937430381774902,12.628902435302734,27.430622100830078,33.69544982910156,38.503116607666016,108.680908203125,59.987491607666016,69.06690216064453
2020-10-15,6.919692039489746,12.5249605178833,27.346567153930664,33.58161163330078,38.2129020690918,107.82343292236328,59.429813385009766,68.47948455810547
2020-10-16,6.995080471038818,12.634650230407715,27.486656188964844,33.79702377319336,38.793338775634766,109.12715148925781,60.10401916503906,69.25381469726562
2020-10-19,6.911324977874756,12.329673767089844,27.113075256347656,33.450260162353516,38.775753021240234,108.33092498779297,59.329925537109375,68.83551025390625
2020-10-20,6.856937885284424,12.547776222229004,27.916284561157227,33.8968505859375,38.94285202026367,109.60838317871094,60.16228103637695,69.66323852539062
2020-10-21,6.9031243324279785,12.451957702636719,27.720151901245117,33.84431457519531,39.294639587402344,109.67838287353516,59.57131576538086,69.83233642578125
2020-10-22,6.873672008514404,12.52943229675293,27.439956665039062,33.733978271484375,39.593658447265625,109.43338775634766,59.18009948730469,69.61872863769531
2020-10-23,6.969895362854004,12.380685806274414,27.33722496032715,33.450260162353516,39.690399169921875,109.4771499633789,59.08022689819336,69.8946304321289
2020-10-26,6.86112117767334,12.255758285522461,27.05703353881836,32.9073600769043,39.31222915649414,108.38341522216797,58.938724517822266,69.280517578125
2020-10-27,6.869656085968018,12.22838020324707,27.430622100830078,33.0124397277832,39.39138412475586,109.96712493896484,60.312103271484375,70.4108657836914
2020-10-28,6.7356133460998535,12.0457763671875,27.12240982055664,32.84605407714844,38.5998649597168,108.0509262084961,59.4714241027832,69.02239990234375
2020-10-29,6.7356133460998535,12.155284881591797,28.093734741210938,33.450260162353516,39.180301666259766,110.22086334228516,60.91971969604492,70.39306640625
2020-10-30,6.619643688201904,12.10965633392334,27.561372756958008,33.056217193603516,38.784549713134766,108.46216583251953,59.78772735595703,69.17371368408203
2020-11-02,6.660307884216309,12.328851699829102,28.364591598510742,33.362701416015625,39.558475494384766,109.92337799072266,60.378692626953125,70.3129653930664
2020-11-03,6.7356133460998535,12.3286714553833,28.542041778564453,33.68669509887695,39.646427154541016,108.89965057373047,59.86262893676758,69.42292785644531
2020-11-04,6.886222839355469,12.743976593017578,30.31657600402832,34.8162956237793,41.29981994628906,113.61579132080078,63.9910888671875,72.48466491699219
2020-11-05,6.886222839355469,13.01765251159668,31.52139663696289,35.19282913208008,41.95063400268555,115.12948608398438,64.36565399169922,73.3034896850586
2020-11-06,6.886222839355469,13.049592971801758,31.67082977294922,34.925750732421875,41.977020263671875,115.33074188232422,64.69026947021484,73.7040023803711
2020-11-09,7.091972827911377,13.049592971801758,31.418657302856445,35.289146423339844,42.416751861572266,114.8320083618164,63.083831787109375,73.02758026123047
2020-11-10,7.229279518127441,13.164300918579102,30.120447158813477,35.19282913208008,41.44053649902344,111.30583953857422,60.07904815673828,70.61556243896484
2020-11-11,7.404991149902344,13.268606185913086,30.083087921142578,34.763755798339844,41.86268615722656,111.62083435058594,61.13612747192383,70.91818237304688
2020-11-12,7.254380702972412,13.222977638244629,31.25054931640625,34.53608703613281,41.422950744628906,111.4896011352539,62.18489074707031,70.9715805053711
2020-11-13,7.187443733215332,13.095220565795898,31.68951416015625,34.57986831665039,41.748348236083984,112.74955749511719,64.39894104003906,71.61241912841797
2020-11-16,7.3845744132995605,13.405489921569824,31.77356719970703,35.10527420043945,41.933040618896484,113.09954833984375,63.966121673583984,71.7904281616211
2020-11-17,7.463561058044434,13.464805603027344,31.64281463623047,35.03520965576172,41.651615142822266,112.53955078125,62.39297866821289,71.48780822753906
2020-11-18,7.4546074867248535,13.414615631103516,31.512060165405273,34.79877853393555,41.46692657470703,111.89208221435547,60.92803955078125,71.08729553222656
2020-11-19,7.400806903839111,13.23210334777832,32.23120880126953,34.99142837524414,41.44053649902344,112.45207214355469,62.45956802368164,71.45220184326172
2020-11-20,7.480294704437256,13.323358535766602,32.79159927368164,35.324180603027344,41.72196578979492,114.1932601928711,63.45838165283203,72.53805541992188
2020-11-23,7.785699844360352,13.368988037109375,33.18385696411133,35.35921096801758,41.554874420166016,113.79953002929688,62.875736236572266,72.20873260498047
2020-11-24,7.819669723510742,13.37811279296875,33.408016204833984,35.37672424316406,41.78352737426758,114.95449829101562,63.60820388793945,73.02758026123047
2020-11-25,7.840086936950684,13.327922821044922,32.75423049926758,34.98267364501953,41.53728485107422,113.88703918457031,62.784183502197266,72.30665588378906
2020-11-27,7.768965244293213,13.327922821044922,33.06245040893555,35.46428680419922,42.75974655151367,115.33949279785156,64.54045104980469,73.36578369140625
2020-11-30,7.309688091278076,13.23210334777832,31.913660049438477,35.02645492553711,41.334999084472656,112.09333038330078,62.79250717163086,71.03388214111328
2020-12-01,7.551416397094727,13.410052299499512,31.72687530517578,36.02470779418945,41.75714874267578,112.98579406738281,62.13494873046875,71.59461212158203
2020-12-02,7.5807013511657715,13.323358535766602,31.428001403808594,36.04222106933594,41.46692657470703,112.17207336425781,61.743751525878906,71.16741180419922
2020-12-03,7.471928596496582,13.323358535766602,31.493377685546875,35.99843978881836,41.449337005615234,113.01205444335938,62.592742919921875,71.82603454589844
2020-12-04,7.430092811584473,13.332484245300293,31.493377685546875,36.30492401123047,41.50210189819336,113.3532943725586,62.742557525634766,71.86162567138672
2020-12-07,7.438460350036621,13.308940887451172,31.362625122070312,36.147300720214844,41.09754943847656,112.9420394897461,63.108795166015625,71.49671936035156
2020-12-08,7.279481887817383,13.23210334777832,31.67082977294922,36.129783630371094,40.96562957763672,113.22203063964844,64.0743179321289,71.7192153930664
2020-12-09,7.153974533081055,12.881772994995117,30.820920944213867,35.33381271362305,40.455535888671875,111.30583953857422,63.05052947998047,70.52658081054688
2020-12-10,7.2125444412231445,13.23210334777832,31.32526969909668,35.67445373535156,40.95682907104492,112.67955780029297,64.29073333740234,71.5145034790039
2020-12-11,7.220911026000977,12.839703559875488,30.71818733215332,35.15780258178711,40.58745574951172,111.44584655761719,63.524967193603516,70.84699249267578
2020-12-14,7.179075717926025,12.815703392028809,30.699504852294922,35.620731353759766,40.54639434814453,111.07833862304688,63.07550048828125,70.4290542602539
2020-12-15,7.112472057342529,13.1727876663208,31.035737991333008,36.00945281982422,40.608882904052734,111.60334014892578,62.99226379394531,70.73397827148438
2020-12-16,7.120004177093506,12.992100715637207,31.381303787231445,35.92110824584961,40.65351104736328,112.40831756591797,63.59988784790039,71.3079605102539
2020-12-17,7.100089073181152,13.076969146728516,31.465356826782227,36.212642669677734,40.91239929199219,113.5545425415039,64.59037780761719,72.09717559814453
2020-12-18,7.288184642791748,13.191038131713867,31.53074073791504,36.19497299194336,40.840980529785156,113.86078643798828,64.66529846191406,72.05233001708984
2020-12-21,7.262747764587402,13.277731895446777,31.74555015563965,36.42467498779297,40.51069259643555,113.11250305175781,64.06600189208984,71.7115478515625
2020-12-22,7.07900333404541,13.113470077514648,31.353286743164062,35.92110824584961,40.37677764892578,112.17057037353516,62.90071487426758,71.15548706054688
2020-12-23,7.115317344665527,13.233928680419922,31.997718811035156,36.15080261230469,40.71600341796875,113.0772933959961,63.866241455078125,71.56803894042969
2020-12-24,7.132303237915039,13.268881797790527,31.39997673034668,36.15964126586914,40.03755187988281,110.33949279785156,61.69380569458008,69.61293029785156
2020-12-28,7.346755027770996,13.469369888305664,31.147809982299805,36.539527893066406,40.10004425048828,110.05780029296875,60.10401916503906,69.41561889648438
2020-12-29,7.193049430847168,13.437430381774902,31.876304626464844,36.42467498779297,40.6178092956543,112.0649185180664,62.53443145751953,70.99405670166016
2020-12-30,7.227382659912109,13.573369026184082,32.896854400634766,37.15793991088867,41.28733444213867,114.3713607788086,64.77197265625,72.57250213623047
2020-12-31,7.218813896179199,13.766094207763672,33.25199508666992,37.608489990234375,41.44801712036133,114.62666320800781,64.11239624023438,72.61734771728516
2021-01-04,7.253257751464844,14.043264389038086,33.49497985839844,38.491947174072266,41.33197021484375,115.3309097290039,63.96211242675781,72.85950469970703
2021-01-05,7.352479457855225,14.246521949768066,34.40151596069336,39.649269104003906,42.45677185058594,118.84339141845703,66.84253692626953,75.20025634765625
2021-01-06,7.384011268615723,14.505213737487793,33.67254638671875,39.72877883911133,41.965782165527344,117.0211181640625,64.9222640991211,73.64871978759766
2021-01-07,7.532670974731445,14.616081237792969,34.0837516784668,40.55038833618164,42.26036834716797,117.86624145507812,65.54007720947266,74.21372985839844
2021-01-08,7.702923774719238,14.810100555419922,35.59776306152344,40.06448745727539,43.13521957397461,121.08821868896484,68.95484924316406,76.63520812988281
2021-01-11,7.497284412384033,14.47287654876709,34.952911376953125,39.56975555419922,42.55496597290039,118.64974212646484,66.55867004394531,75.0029525756836
2021-01-12,7.574399948120117,14.858606338500977,34.952911376953125,40.92143249511719,43.108436584472656,120.14627075195312,66.7590560913086,75.87288665771484
2021-01-13,7.685787677764893,15.312702178955078,34.952911376953125,40.40903854370117,43.23341751098633,121.15865325927734,67.20989227294922,76.50962829589844
2021-01-14,7.711493015289307,14.879392623901367,34.78468704223633,39.87896728515625,43.42981719970703,121.57238006591797,67.98635864257812,76.97600555419922
2021-01-15,7.625809192657471,14.694613456726074,34.23328399658203,39.36656951904297,43.40303421020508,121.40514373779297,67.44367218017578,76.81456756591797
2021-01-19,7.844300746917725,15.022597312927246,35.803367614746094,39.357730865478516,45.26877212524414,125.2257308959961,70.93357849121094,79.56787872314453
2021-01-20,7.77147102355957,15.475306510925293,36.85008239746094,39.843624114990234,46.661380767822266,128.84384155273438,74.33163452148438,81.97142028808594
2021-01-21,7.852869510650635,15.466438293457031,37.00895690917969,40.42228698730469,46.39357376098633,128.83505249023438,74.40679168701172,81.70234680175781
2021-01-22,7.685787677764893,15.461450576782227,37.16783905029297,40.23234558105469,46.161468505859375,128.65895080566406,75.42536926269531,81.66648864746094
2021-01-25,7.427366733551025,15.576937675476074,38.09305953979492,40.691741943359375,47.223777770996094,131.34397888183594,77.67961120605469,83.3256607055664
2021-01-26,7.576627731323242,15.45840072631836,37.81269073486328,40.338356018066406,46.732791900634766,129.9618682861328,76.29366302490234,82.55435943603516
2021-01-27,7.488716125488281,15.268908500671387,36.54167556762695,39.71376037597656,45.01881408691406,126.47578430175781,74.31495666503906,79.92662811279297
2021-01-28,7.4373064041137695,14.902490615844727,36.06504440307617,39.340057373046875,45.10808563232422,126.04442596435547,73.56352996826172,79.90868377685547
2021-01-29,7.214529514312744,14.879206657409668,35.457576751708984,38.97785186767578,44.063629150390625,123.98448181152344,72.46145629882812,78.49166107177734
2021-02-01,7.240233898162842,14.957924842834473,36.51363754272461,39.41956329345703,45.26877212524414,127.10960388183594,75.77603149414062,80.79654693603516
2021-02-02,7.370387077331543,15.336723327636719,37.3360595703125,40.09099578857422,45.91151428222656,128.85264587402344,77.2454605102539,81.60370635986328
2021-02-03,7.4373064041137695,15.466069221496582,37.719234466552734,40.338356018066406,46.01863479614258,129.4336700439453,78.33084106445312,82.33016204833984
2021-02-04,7.274507999420166,15.187882423400879,37.66316223144531,40.09099578857422,45.79546356201172,129.18716430664062,78.90692138671875,82.3570556640625
2021-02-05,7.405175685882568,15.124226570129395,37.99959945678711,40.06448745727539,46.14360809326172,129.70655822753906,79.88377380371094,82.8682632446289
2021-02-08,7.522988796234131,15.216615676879883,38.33605194091797,41.106956481933594,45.991859436035156,130.2699737548828,79.71678161621094,82.97588348388672
2021-02-09,7.5915350914001465,15.650848388671875,39.046321868896484,42.23777770996094,46.59889602661133,132.91094970703125,81.62036895751953,84.55432891845703
2021-02-10,7.510137557983398,15.641611099243164,39.61641311645508,42.803192138671875,47.054168701171875,133.94969177246094,83.44046783447266,85.24488830566406
2021-02-11,7.531558036804199,15.762361526489258,40.14911651611328,42.99755096435547,47.875457763671875,135.81597900390625,85.4024887084961,86.55429077148438
2021-02-12,7.413486003875732,15.734000205993652,40.23322677612305,43.0240478515625,47.83081817626953,136.0096435546875,85.32734680175781,86.43769073486328
2021-02-16,7.865723609924316,15.955733299255371,40.522945404052734,43.297916412353516,47.857601165771484,136.2561492919922,86.4377670288086,86.59912109375
2021-02-17,7.951405048370361,16.186708450317383,40.53228759765625,43.65129852294922,48.62532043457031,136.98683166503906,86.46281433105469,87.16413879394531
2021-02-18,8.032804489135742,15.854105949401855,39.308006286621094,42.3349609375,47.58086395263672,133.6944122314453,84.05829620361328,85.11036682128906
2021-02-19,8.032804489135742,16.066787719726562,39.588375091552734,42.372947692871094,47.857601165771484,135.00608825683594,84.9933853149414,85.78300476074219
2021-02-22,8.268348693847656,15.6138916015625,37.382789611816406,40.84192657470703,46.09898376464844,129.4248504638672,80.23442077636719,82.26738739013672
2021-02-23,8.225593566894531,15.752477645874023,36.896812438964844,40.621070861816406,46.2507438659668,129.6625213623047,80.09249114990234,82.44674682617188
2021-02-24,7.878574848175049,15.35520076751709,36.19588851928711,40.0556526184082,45.25091552734375,127.02156829833984,77.63786315917969,80.79654693603516
2021-02-25,7.814311504364014,15.14556884765625,35.21459197998047,39.08827590942383,44.56353759765625,124.41583251953125,75.5005111694336,79.01184844970703
2021-02-26,7.6895575523376465,14.880685806274414,34.85010528564453,38.60679626464844,43.80474090576172,123.2538070678711,74.96617126464844,78.12395477294922
2021-03-01,7.8508992195129395,15.35520076751709,36.373451232910156,39.48141098022461,44.96525192260742,126.60781860351562,78.03861236572266,80.54544067382812
2021-03-02,7.831448554992676,15.244332313537598,35.18655776977539,38.774654388427734,44.099342346191406,124.06371307373047,76.36881256103516,78.85041046142578
2021-03-03,8.054224967956543,15.14270305633545,34.476280212402344,38.92483901977539,44.438560485839844,123.56193542480469,74.41513061523438,78.4737319946289
2021-03-04,8.092954635620117,14.574504852294922,32.94358825683594,37.84703063964844,43.16199493408203,119.78533172607422,70.77494049072266,76.05225372314453
2021-03-05,8.083442687988281,14.551408767700195,33.37348175048828,37.69683837890625,43.60834884643555,120.32231903076172,70.81668853759766,76.40203857421875
2021-03-08,8.148476600646973,13.978590965270996,31.214630126953125,36.08012771606445,42.07290267944336,114.8907470703125,65.34806060791016,72.8953857421875
2021-03-09,7.874289512634277,14.098697662353516,33.1118049621582,36.32749557495117,42.983463287353516,119.13390350341797,70.92522430419922,75.87288665771484
2021-03-10,7.745765209197998,14.117362022399902,32.36415100097656,35.868099212646484,42.64423370361328,117.52291870117188,68.43721771240234,74.54557037353516
2021-03-11,8.049941062927246,14.611461639404297,34.420204162597656,37.23744583129883,44.17967987060547,122.7256088256836,73.07928466796875,77.97151184082031
2021-03-12,8.011384010314941,14.717711448669434,33.77534484863281,36.77186965942383,42.93882751464844,119.34517669677734,70.44097900390625,75.82804870605469
2021-03-15,8.182750701904297,14.574597358703613,33.39217758178711,36.22148132324219,42.85847854614258,119.18672180175781,70.54951477050781,75.65765380859375
2021-03-16,8.110004425048828,14.713091850280762,33.831424713134766,36.477684020996094,43.24234390258789,120.00542449951172,71.39277648925781,76.11503601074219
2021-03-17,8.1570463180542,14.948685646057129,34.00899124145508,36.72504425048828,43.21555709838867,120.38397979736328,71.40111541748047,76.32130432128906
2021-03-18,8.00015926361084,14.622454643249512,33.48564147949219,36.3805046081543,42.83169937133789,118.97543334960938,69.72296142578125,75.59486389160156
2021-03-19,7.985678195953369,14.602222442626953,33.73796463012695,36.3098258972168,42.840633392333984,119.72371673583984,70.9753189086914,76.14193725585938
2021-03-22,7.8957109451293945,14.588364601135254,33.42021179199219,36.354000091552734,42.77813720703125,119.07227325439453,70.29904174804688,75.87288665771484
2021-03-23,7.784323215484619,14.47287654876709,32.30807876586914,35.868099212646484,41.81402587890625,116.69539642333984,68.57915496826172,74.36619567871094
2021-03-24,7.531558036804199,14.063590049743652,30.289405822753906,35.33802795410156,40.269657135009766,111.7832260131836,62.768192291259766,71.15548706054688
2021-03-25,7.668651580810547,13.960112571716309,30.476320266723633,35.31153106689453,40.474979400634766,111.80962371826172,62.459285736083984,71.14652252197266
2021-03-26,7.821508884429932,14.445160865783691,30.95294761657715,36.486515045166016,41.662261962890625,114.54741668701172,63.110504150390625,72.95813751220703
2021-03-29,8.08849811553955,14.79457950592041,30.23332977294922,36.03595733642578,41.439090728759766,113.89599609375,62.0919303894043,72.43798065185547
2021-03-30,7.964258193969727,14.884013175964355,30.971637725830078,36.32749557495117,41.60871124267578,114.92596435546875,63.310882568359375,73.1285400390625
2021-03-31,8.066307067871094,14.891775131225586,31.289396286010742,36.34516143798828,41.65334701538086,115.28691864013672,63.74504089355469,73.27203369140625
2021-04-01,7.959973335266113,15.041075706481934,31.934249877929688,36.80455780029297,42.35857391357422,117.50531768798828,65.61521911621094,74.36619567871094
2021-04-05,7.968542098999023,15.01335620880127,31.915559768676758,37.00775146484375,42.394283294677734,117.27643585205078,65.10594177246094,74.52762603759766
2021-04-06,7.857154846191406,14.990630149841309,32.31741714477539,37.0695915222168,42.4746208190918,118.13033294677734,66.5837173461914,75.2899398803711
2021-04-07,7.91713285446167,14.892326354980469,31.36416244506836,36.6190299987793,41.51050567626953,114.84674835205078,63.97880172729492,73.1285400390625
2021-04-08,7.887142658233643,15.064173698425293,31.86882972717285,36.68087387084961,42.055057525634766,116.50173950195312,64.7970199584961,74.08817291259766
2021-04-09,7.882859706878662,14.704776763916016,31.205280303955078,36.300994873046875,41.537288665771484,114.82913970947266,63.352622985839844,72.98505401611328
2021-04-12,7.9257001876831055,14.482577323913574,30.840795516967773,35.656070709228516,41.483726501464844,114.61785125732422,62.58451843261719,73.0926742553711
2021-04-13,7.91713285446167,14.565729141235352,30.840795516967773,35.75325393676758,41.45694351196289,114.85554504394531,62.693050384521484,73.23616790771484
2021-04-14,7.964258193969727,14.736187934875488,30.868837356567383,35.94230651855469,41.590850830078125,114.78511810302734,61.82475280761719,73.11060333251953
2021-04-15,8.032804489135742,14.7317533493042,30.887529373168945,35.982948303222656,41.64441680908203,115.09322357177734,61.916595458984375,73.36174011230469
2021-04-16,8.192688941955566,14.796795845031738,31.270706176757812,36.053627014160156,41.87651443481445,115.85031127929688,62.40083694458008,73.71150970458984
2021-04-19,8.225593566894531,15.078030586242676,31.392194747924805,36.6190299987793,41.86758804321289,115.79747772216797,62.07522201538086,73.6845932006836
2021-04-20,8.131340980529785,15.004118919372559,31.298742294311523,36.6632080078125,41.75153350830078,114.95238494873047,61.273719787597656,73.07473754882812
2021-04-21,8.165614128112793,14.994878768920898,31.513690948486328,37.21094512939453,41.80509948730469,115.88550567626953,62.50938034057617,73.65767669677734
2021-04-22,8.174181938171387,15.045694351196289,31.5791072845459,36.981239318847656,41.930076599121094,116.47533416748047,63.36098098754883,74.0074462890625
2021-04-23,8.165614128112793,15.260592460632324,32.158546447753906,37.64384078979492,42.48355484008789,118.30640411376953,64.93895721435547,75.14645385742188
2021-04-26,8.131340980529785,15.096508026123047,32.10247039794922,37.060760498046875,41.84080505371094,117.15318298339844,64.76361846923828,74.32134246826172
2021-04-27,8.054224967956543,15.01816177368164,32.40153121948242,37.22861862182617,42.01042175292969,117.61095428466797,65.29795837402344,74.6531753540039
2021-04-28,8.28557014465332,15.290526390075684,32.68190383911133,37.64384078979492,42.206809997558594,118.35040283203125,65.60688781738281,75.10160064697266
2021-04-29,8.354116439819336,15.336723327636719,32.065093994140625,37.7878303527832,42.171104431152344,117.66374969482422,63.987159729003906,74.70700073242188
2021-04-30,8.062792778015137,15.17966079711914,31.52303695678711,37.5201530456543,41.314109802246094,116.0087661743164,62.73480224609375,73.52316284179688
2021-05-03,8.097066879272461,15.31362533569336,31.270706176757812,37.246280670166016,41.090938568115234,115.45413970947266,62.05017852783203,73.33482360839844
2021-05-04,8.114204406738281,15.26742935180664,31.009029388427734,36.954742431640625,40.680294036865234,114.2833480834961,60.981502532958984,72.45591735839844
2021-05-05,8.1998872756958,15.35520076751709,30.93425178527832,37.10493087768555,40.8856201171875,114.33614349365234,60.58909225463867,72.42901611328125
2021-05-06,8.465505599975586,15.429115295410156,30.906217575073242,37.05192184448242,41.00166702270508,114.39776611328125,60.58073806762695,72.50971221923828
2021-05-07,8.756828308105469,15.3644380569458,30.728652954101562,36.919403076171875,41.10879135131836,114.23050689697266,60.30522537231445,72.43798065185547
2021-05-10,9.133834838867188,15.382917404174805,29.345487594604492,36.56602478027344,39.93935775756836,111.4574966430664,57.26616668701172,70.26762390136719
2021-05-11,8.936762809753418,15.14270305633545,29.58847427368164,36.857566833496094,39.93042755126953,111.8272476196289,58.259708404541016,70.80572509765625
2021-05-12,8.919626235961914,14.791622161865234,29.177268981933594,36.6632080078125,39.43944549560547,110.68281555175781,57.341312408447266,69.9537353515625
2021-05-13,8.722555160522461,14.865533828735352,28.298770904541016,36.72504425048828,38.87704849243164,108.61405944824219,55.24570083618164,68.77886962890625
2021-05-14,8.68828296661377,15.26401138305664,28.990354537963867,37.732177734375,39.46622085571289,111.0877685546875,57.11589431762695,70.1689682006836
2021-05-17,8.662576675415039,15.38125228881836,29.336143493652344,38.31525802612305,39.85008239746094,112.20577239990234,57.641883850097656,70.94024658203125
2021-05-18,8.833944320678711,15.485564231872559,29.67258644104004,38.253414154052734,40.17145538330078,113.33258819580078,58.543582916259766,71.65772247314453
2021-05-19,8.69684886932373,15.50302505493164,30.018373489379883,38.12089920043945,40.28750991821289,113.42060852050781,58.6688117980957,71.70256042480469
2021-05-20,8.4912109375,15.456829071044922,30.625850677490234,38.41243362426758,40.68922805786133,114.11607360839844,59.76253890991211,72.25861358642578
2021-05-21,8.542619705200195,15.350579261779785,30.14921760559082,37.82936477661133,40.29643249511719,112.41704559326172,58.56026840209961,71.19136810302734
2021-05-24,8.619735717773438,15.493783950805664,30.083799362182617,38.31525802612305,40.24287796020508,113.10369873046875,58.07602310180664,71.38867950439453
2021-05-25,8.679713249206543,15.539979934692383,30.700613021850586,39.72877883911133,41.19805908203125,115.38373565673828,58.98607635498047,72.90433502197266
2021-05-26,8.679713249206543,15.6138916015625,30.878183364868164,40.002647399902344,41.44801712036133,115.74466705322266,58.73560333251953,73.37967681884766
2021-05-27,8.756828308105469,15.747858047485352,31.06509780883789,40.0114860534668,41.421241760253906,116.47533416748047,58.56862258911133,73.69355010986328
2021-05-28,8.551188468933105,15.794051170349121,31.03706169128418,40.002647399902344,41.278411865234375,116.33447265625,58.77735137939453,73.3976058959961
2021-06-01,8.739690780639648,15.909539222717285,32.33610916137695,40.17050552368164,42.35857391357422,119.22191619873047,61.140132904052734,75.40653228759766
2021-06-02,8.791101455688477,15.76171588897705,32.214622497558594,39.843624114990234,42.188961029052734,118.71134948730469,60.27183532714844,75.02986145019531
2021-06-03,8.80823802947998,15.521500587463379,31.47631072998047,39.36656951904297,41.349822998046875,116.40489959716797,58.34320068359375,73.5500717163086
2021-06-04,8.829658508300781,15.576937675476074,31.859481811523438,39.87013244628906,41.778316497802734,117.3732681274414,58.802391052246094,74.16889190673828
2021-06-07,8.846795082092285,15.604652404785156,31.48565101623535,39.69343948364258,41.33197021484375,116.45771789550781,57.55004119873047,73.5052261352539
2021-06-08,8.748260498046875,15.558460235595703,31.438928604125977,39.287052154541016,41.13557052612305,115.83269500732422,57.48324203491211,73.07473754882812
2021-06-09,8.919626235961914,15.576937675476074,31.308090209960938,39.154541015625,41.13557052612305,115.45413970947266,57.524986267089844,72.96711730957031
2021-06-10,8.919626235961914,15.831008911132812,31.382856369018555,39.688133239746094,41.360382080078125,116.3168716430664,57.96749496459961,73.4857177734375
2021-06-11,8.98243236541748,15.687804222106934,31.569765090942383,39.095245361328125,41.2618522644043,115.86790466308594,57.65022277832031,73.23406219482422
2021-06-14,9.001025199890137,15.724760055541992,31.840787887573242,39.077545166015625,41.387245178222656,116.09680938720703,58.03428649902344,73.38684844970703
2021-06-15,8.941046714782715,15.493783950805664,31.420236587524414,38.652793884277344,40.822998046875,114.47698974609375,56.848716735839844,72.29032135009766
2021-06-16,8.846965789794922,15.225852966308594,30.607158660888672,37.66170120239258,40.19605255126953,112.68114471435547,55.972068786621094,71.16683197021484
2021-06-17,8.803953170776367,15.345962524414062,31.382856369018555,37.99176788330078,40.76029968261719,114.33614349365234,56.606597900390625,72.29032135009766
2021-06-18,8.568324089050293,15.239715576171875,31.504348754882812,37.829833984375,40.805091857910156,114.07205200195312,56.58155059814453,72.19145202636719
2021-06-21,8.709702491760254,15.39677619934082,31.5791072845459,38.13954544067383,40.7961311340332,114.10298156738281,55.921974182128906,72.14651489257812
2021-06-22,8.748602867126465,15.474199295043945,31.308090209960938,38.15724182128906,40.46474838256836,113.37834930419922,55.44607925415039,71.62521362304688
2021-06-23,8.979605674743652,15.55929183959961,31.906208038330078,38.2811279296875,40.97524642944336,114.73040771484375,56.53144836425781,72.55097198486328
2021-06-24,9.0734281539917,15.623129844665527,32.31741714477539,38.599693298339844,41.40515899658203,115.92338562011719,57.91740036010742,73.37786865234375
2021-06-25,9.228087425231934,15.808279991149902,32.47629928588867,39.11294937133789,42.19331741333008,117.86753845214844,59.0278205871582,74.61820983886719
2021-06-28,8.88449764251709,15.854105949401855,33.17722702026367,39.351871490478516,42.29183578491211,118.39775848388672,58.95268249511719,75.05863189697266
2021-06-29,8.780881881713867,15.954645156860352,33.364139556884766,39.00675964355469,41.97836685180664,118.18566131591797,59.261592864990234,74.88784790039062
2021-06-30,8.918892860412598,16.011184692382812,33.05572509765625,39.24568176269531,41.494720458984375,117.26661682128906,58.259708404541016,74.09690856933594
2021-07-01,8.849886894226074,15.818499565124512,32.466949462890625,38.9448127746582,41.27976989746094,116.10015106201172,56.99899673461914,73.49470520019531
2021-07-02,8.831945419311523,15.702254295349121,31.840787887573242,38.24573516845703,40.742393493652344,114.45648193359375,55.77169418334961,72.41615295410156
2021-07-06,8.875762939453125,15.409320831298828,31.11182403564453,37.9183235168457,39.60492706298828,111.62862396240234,52.88291549682617,70.40284729003906
2021-07-07,8.881284713745117,15.744104385375977,31.02771759033203,38.84747314453125,39.67658233642578,111.43421173095703,51.83928680419922,70.11522674560547
2021-07-08,8.414292335510254,15.502314567565918,30.130531311035156,38.13954544067383,38.440608978271484,108.65941619873047,50.10267639160156,68.08393859863281
2021-07-09,8.65580940246582,15.618557929992676,31.093135833740234,38.56430435180664,39.542240142822266,111.1426010131836,52.298484802246094,69.86357116699219
2021-07-12,8.4617338180542,15.651108741760254,30.999677658081055,38.95365905761719,39.407894134521484,110.8421401977539,51.58046340942383,69.62987518310547
2021-07-13,8.763630867004395,15.688398361206055,31.47631072998047,38.838623046875,39.85572052001953,112.17652130126953,53.23358154296875,70.40284729003906
2021-07-14,8.79813289642334,15.530216217041016,30.89687156677246,38.599693298339844,39.685543060302734,111.8760757446289,52.99980163574219,70.3129653930664
2021-07-15,8.806758880615234,15.641807556152344,30.95294761657715,39.05984878540039,40.0706672668457,112.76861572265625,53.033199310302734,70.96009063720703
2021-07-16,8.7679443359375,15.493014335632324,30.373517990112305,38.44926834106445,39.76614761352539,111.54026794433594,51.60551071166992,70.11522674560547
2021-07-19,8.64287281036377,15.301351547241211,29.8595027923584,38.4227180480957,39.237728118896484,110.01145935058594,50.56188201904297,69.18047332763672
2021-07-20,8.759317398071289,15.381051063537598,30.0744571685791,38.652793884277344,39.040687561035156,110.02030944824219,50.61197280883789,69.06363677978516
2021-07-21,8.716190338134766,15.556439399719238,30.747346878051758,39.31646728515625,39.15712356567383,110.81562805175781,50.8791389465332,69.69281005859375
2021-07-22,8.82400894165039,15.67277717590332,30.681928634643555,39.05984878540039,39.318328857421875,111.01888275146484,50.62866973876953,69.6838150024414
2021-07-23,8.780881881713867,15.335853576660156,29.093154907226562,38.60854721069336,38.315223693847656,107.3338623046875,46.1535758972168,67.26603698730469
2021-07-26,8.58249282836914,14.879154205322266,27.37354850769043,37.38737487792969,36.26422119140625,101.62517547607422,41.711875915527344,63.48210525512695
2021-07-27,8.599742889404297,14.196661949157715,25.719358444213867,35.475982666015625,35.07302474975586,97.55133056640625,39.78324890136719,60.92951202392578
2021-07-28,8.565240859985352,14.870226860046387,27.97167205810547,37.307735443115234,37.18672561645508,103.21582794189453,43.83253860473633,64.69547271728516
2021-07-29,8.547989845275879,14.88603401184082,27.99036407470703,37.086509704589844,36.66725540161133,102.83585357666016,43.24810791015625,64.46179962158203
2021-07-30,8.616995811462402,14.948994636535645,27.962326049804688,37.04225540161133,36.30900573730469,102.27912139892578,42.129329681396484,64.05731964111328
2021-08-02,8.625619888305664,15.093416213989258,28.476337432861328,37.59975051879883,36.82846450805664,103.64884948730469,43.13956832885742,64.91118621826172
2021-08-03,8.509175300598145,15.176831245422363,28.17727279663086,37.546661376953125,36.55082702636719,102.4293441772461,41.4029655456543,64.14722442626953
2021-08-04,8.651496887207031,15.421502113342285,28.784748077392578,37.91566467285156,37.043418884277344,103.89627838134766,42.11263656616211,65.07296752929688
2021-08-05,8.67306137084961,15.32562255859375,28.607179641723633,37.759033203125,36.631431579589844,102.84467315673828,41.11909866333008,64.31798553466797
2021-08-06,8.79382038116455,15.241740226745605,28.046438217163086,37.48471450805664,36.2015266418457,101.63401794433594,40.634849548339844,63.527034759521484
2021-08-09,8.802446365356445,15.309537887573242,28.485685348510742,37.971412658691406,36.87324523925781,103.34839630126953,42.22117614746094,64.65953826904297
2021-08-10,8.79382038116455,15.261271476745605,28.756711959838867,38.39617156982422,37.276283264160156,104.09953308105469,42.5217399597168,65.2347640991211
2021-08-11,9.10865592956543,15.497665405273438,28.719327926635742,38.44041442871094,37.589759826660156,104.56788635253906,42.38815689086914,65.3875503540039
2021-08-12,9.164722442626953,15.28377628326416,28.382884979248047,38.068756103515625,37.01655197143555,102.98607635498047,41.11075210571289,64.3359603881836
2021-08-13,9.160408973693848,15.360684394836426,28.205312728881836,38.07760238647461,37.034461975097656,102.74746704101562,40.24244689941406,63.99441909790039
2021-08-16,9.213284492492676,15.142516136169434,27.345510482788086,37.92717361450195,36.416473388671875,100.79450225830078,38.639427185058594,62.77204895019531
2021-08-17,8.85420036315918,14.877758026123047,26.644582748413086,36.909523010253906,35.39545822143555,97.98434448242188,37.43716812133789,60.97444534301758
2021-08-18,8.823578834533691,14.975218772888184,26.971683502197266,37.04225540161133,35.68205261230469,98.70897674560547,38.16353225708008,61.38790512084961
2021-08-19,8.677029609680176,14.882222175598145,26.44832420349121,37.290035247802734,34.96555709838867,96.37600708007812,36.702449798583984,59.81501770019531
2021-08-20,8.651496887207031,14.717248916625977,26.252065658569336,36.57325744628906,34.63416290283203,95.872314453125,36.81098556518555,59.4375114440918
2021-08-23,8.979270935058594,15.102435111999512,26.738039016723633,37.210391998291016,35.305885314941406,97.9666748046875,37.963157653808594,60.731781005859375
2021-08-24,9.056901931762695,15.320975303649902,28.11185646057129,37.7767333984375,36.54186248779297,101.9256362915039,42.12098693847656,63.38322830200195
2021-08-25,9.190598487854004,15.43712329864502,27.878215789794922,37.7767333984375,36.23735046386719,101.13031005859375,41.37792205810547,62.90686798095703
2021-08-26,9.31567096710205,15.269174575805664,27.345510482788086,37.1661491394043,35.66414260864258,99.54849243164062,40.76008987426758,61.93617630004883
2021-08-27,9.483525276184082,15.340225219726562,27.607192993164062,37.48471450805664,35.950748443603516,99.77825927734375,40.34263229370117,61.99908447265625
2021-08-30,9.764203071594238,15.596146583557129,27.915599822998047,37.245792388916016,36.00448989868164,100.11405944824219,40.90202331542969,62.23276901245117
2021-08-31,10.169607162475586,15.63250732421875,28.523069381713867,37.307735443115234,36.66725540161133,102.17308044433594,42.588531494140625,63.62590408325195
2021-09-01,10.126479148864746,15.841745376586914,29.177268981933594,37.759033203125,37.482276916503906,104.40882873535156,44.68414306640625,65.25273895263672
2021-09-02,10.437002182006836,15.911681175231934,28.83147621154785,37.80328369140625,37.07924270629883,103.90512084960938,44.14145278930664,64.7943344116211
2021-09-03,10.48012924194336,15.9766845703125,28.625871658325195,37.62630081176758,37.141944885253906,103.525146484375,43.991172790527344,64.7494125366211
2021-09-07,10.954538345336914,16.236976623535156,29.616512298583984,38.60854721069336,38.01966094970703,106.37063598632812,45.7695198059082,66.4571304321289
2021-09-08,10.954538345336914,16.01639175415039,29.027734756469727,38.289981842041016,37.607669830322266,104.88601684570312,44.18320083618164,65.43248748779297
2021-09-09,11.385819435119629,16.18117904663086,28.85016441345215,38.49351119995117,37.25837326049805,104.14372253417969,43.84089279174805,64.84829711914062
2021-09-10,11.152928352355957,16.051359176635742,28.653907775878906,38.7324333190918,37.23149871826172,103.79022979736328,43.29820251464844,64.61457824707031
2021-09-13,11.80847454071045,16.079071044921875,28.298770904541016,38.812076568603516,37.15089797973633,103.4632797241211,42.46329879760742,64.36293029785156
2021-09-14,11.435935020446777,15.823987007141113,27.784759521484375,38.14839553833008,36.30900573730469,101.33355712890625,41.17753982543945,63.01472854614258
2021-09-15,11.575582504272461,15.860438346862793,27.448312759399414,38.05105209350586,36.0582160949707,100.49405670166016,40.50961685180664,62.331634521484375
2021-09-16,11.524088859558105,15.497384071350098,26.822153091430664,37.3608283996582,35.52980041503906,98.79734802246094,40.467872619628906,61.2620735168457
2021-09-17,11.115751266479492,15.43721866607666,27.27074432373047,37.44047164916992,35.75370788574219,99.67220306396484,40.868621826171875,61.93617630004883
2021-09-20,10.761670112609863,15.120941162109375,25.943655014038086,36.360877990722656,34.1953010559082,95.50116729736328,38.68952178955078,59.464473724365234
2021-09-21,10.868282318115234,15.21430778503418,26.214679718017578,36.59096145629883,34.61625671386719,96.84437561035156,39.299007415771484,60.07565689086914
2021-09-22,11.36856746673584,15.660313606262207,26.747385025024414,37.61745071411133,35.27901840209961,98.70897674560547,40.451171875,61.2620735168457
2021-09-23,11.334066390991211,15.623207092285156,26.45766830444336,37.48471450805664,34.983463287353516,98.47037506103516,40.56806182861328,61.118255615234375
2021-09-24,10.859657287597656,15.4279203414917,25.88758087158203,37.281185150146484,34.249046325683594,96.67646789550781,39.18212127685547,59.86894226074219
2021-09-27,11.006292343139648,15.27912712097168,26.31748390197754,37.63515090942383,34.74163818359375,97.6131820678711,40.15895462036133,60.713802337646484
2021-09-28,11.571873664855957,15.093320846557617,25.906274795532227,37.272335052490234,34.78642272949219,97.33924865722656,39.198814392089844,60.552024841308594
2021-09-29,11.058045387268066,14.93988037109375,25.72870445251465,36.953773498535156,34.535648345947266,96.14625549316406,38.48914337158203,59.86894226074219
2021-09-30,11.202352523803711,15.111733436584473,26.20533561706543,37.65284729003906,34.867027282714844,97.60436248779297,39.50773239135742,60.69583511352539
2021-10-01,11.150684356689453,15.0107421875,25.896926879882812,37.29446792602539,34.589378356933594,96.63229370117188,38.64777755737305,60.102622985839844
2021-10-04,11.152928352355957,14.837677955627441,25.26141929626465,36.82545852661133,33.729576110839844,94.73234558105469,37.42881774902344,58.82632064819336
2021-10-05,11.45482349395752,14.953641891479492,25.71001434326172,36.81217956542969,34.20425796508789,95.54535675048828,38.414005279541016,59.464473724365234
2021-10-06,11.643208503723145,15.074908256530762,25.37356948852539,36.953773498535156,34.052001953125,95.37744140625,38.36391067504883,59.27572250366211
2021-10-07,11.497952461242676,15.204730033874512,26.616546630859375,37.52896499633789,35.44023513793945,99.00942993164062,41.094051361083984,61.69350051879883
2021-10-08,11.437573432922363,15.27912712097168,26.87822723388672,38.09530258178711,35.780574798583984,99.76941680908203,41.82041931152344,62.16985321044922
2021-10-11,11.437142372131348,15.018739700317383,26.924955368041992,37.80328369140625,35.75370788574219,99.32756805419922,41.72857666015625,62.04402542114258
2021-10-12,11.33725643157959,14.92574405670166,26.952991485595703,37.42277145385742,35.55667495727539,98.71780395507812,41.094051361083984,61.65755081176758
2021-10-13,11.070984840393066,15.111733436584473,27.635229110717773,38.334228515625,36.27317810058594,100.86520385742188,42.571834564208984,63.1046028137207
2021-10-14,11.118425369262695,15.149398803710938,27.653919219970703,37.98025894165039,36.103004455566406,100.31730651855469,41.837120056152344,62.628238677978516
2021-10-15,11.157154083251953,15.186129570007324,28.23335075378418,38.21034622192383,36.45230484008789,101.1391372680664,42.0959358215332,63.302345275878906
2021-10-18,11.64527702331543,15.390719413757324,28.46699333190918,37.971412658691406,36.66725540161133,101.4749526977539,42.42989730834961,63.580970764160156
2021-10-19,11.627336502075195,15.651108741760254,29.093154907226562,38.79792404174805,37.715145111083984,104.09953308105469,44.224945068359375,65.20780181884766
2021-10-20,11.145423889160156,15.569272994995117,29.167919158935547,38.528907775878906,37.78679275512695,104.1348648071289,44.63405227661133,65.26171875
2021-10-21,11.306205749511719,15.56285572052002,29.018390655517578,38.378475189208984,37.75096893310547,103.89627838134766,44.49211883544922,65.1358871459961
2021-10-22,10.914773941040039,15.493014335632324,29.083810806274414,38.58199691772461,37.795753479003906,103.86976623535156,44.066314697265625,65.14488220214844
2021-10-25,11.122823715209961,15.725502014160156,29.29876136779785,38.865169525146484,37.91218566894531,104.15254974365234,44.14145278930664,65.36058807373047
2021-10-26,10.963164329528809,15.520915985107422,28.588491439819336,38.70589065551758,37.15089797973633,102.01399993896484,41.73693084716797,63.92251968383789
2021-10-27,10.563883781433105,15.542302131652832,28.25204086303711,38.23688888549805,36.72994613647461,100.77682495117188,41.4196662902832,63.230445861816406
2021-10-28,10.26448917388916,15.410807609558105,28.23335075378418,38.24573516845703,36.81055450439453,100.8740463256836,41.4196662902832,63.27538299560547
2021-10-29,10.326420783996582,15.465115547180176,27.672611236572266,38.25458526611328,36.12092208862305,99.50431060791016,39.85839080810547,62.23276901245117
2021-11-01,10.363683700561523,15.522216796875,28.3735408782959,38.41386795043945,36.77473449707031,100.95355987548828,41.99574661254883,63.20348358154297
2021-11-02,10.081539154052734,15.241927146911621,27.691301345825195,37.9183235168457,35.7716178894043,98.13456726074219,40.409427642822266,61.414878845214844
2021-11-03,10.303303718566895,15.282753944396973,27.934289932250977,37.962562561035156,36.07613754272461,99.15966033935547,40.95211410522461,62.017059326171875
2021-11-04,10.077656745910645,15.251228332519531,28.06513023376465,38.05105209350586,35.861183166503906,98.71780395507812,39.94188690185547,61.81032943725586
2021-11-05,9.820182800292969,15.065237998962402,27.784759521484375,37.89177322387695,35.23423767089844,97.13599395751953,39.10697555541992,60.80368423461914
2021-11-08,10.057473182678223,15.316417694091797,27.99970817565918,38.31652069091797,35.628318786621094,98.32015991210938,40.108863830566406,61.4058723449707
2021-11-09,9.906524658203125,15.274569511413574,27.59784507751465,38.121849060058594,35.341712951660156,97.59552001953125,39.975276947021484,60.902557373046875
2021-11-10,9.820269584655762,15.187896728515625,27.579151153564453,37.81212615966797,35.66414260864258,98.42619323730469,40.893672943115234,61.495758056640625
2021-11-11,9.962593078613281,15.493292808532715,28.766056060791016,38.55544662475586,37.07924270629883,101.52796936035156,43.022682189941406,63.50008010864258
2021-11-12,9.889275550842285,15.502314567565918,28.775405883789062,38.44926834106445,37.09716033935547,101.61634063720703,43.34829330444336,63.50907516479492
2021-11-15,9.807331085205078,15.204730033874512,28.410921096801758,38.307682037353516,36.819515228271484,100.80333709716797,42.69706726074219,63.04169464111328
2021-11-16,9.725386619567871,15.166601181030273,28.747365951538086,38.14839553833008,37.28524398803711,101.85494995117188,43.24810791015625,63.805667877197266
2021-11-17,9.837520599365234,15.251228332519531,28.382884979248047,38.31652069091797,36.86429214477539,101.18334197998047,41.88720703125,63.158531188964844
2021-11-18,9.725386619567871,15.278197288513184,27.719337463378906,37.9006233215332,36.06718063354492,98.69129943847656,40.451171875,61.4058723449707
2021-11-19,9.781454086303711,15.482878684997559,27.85952377319336,38.31652069091797,36.28213119506836,99.21268463134766,40.45952224731445,61.729454040527344
2021-11-22,9.737204551696777,15.65975570678711,27.831483840942383,38.62624740600586,35.81640625,98.43502807617188,39.30735397338867,61.07332229614258
2021-11-23,9.738326072692871,15.613816261291504,27.72868537902832,38.63509750366211,35.628318786621094,97.77226257324219,38.95669174194336,60.659873962402344
2021-11-24,10.022970199584961,15.567412376403809,27.86886978149414,38.62624740600586,35.72684097290039,98.2406234741211,39.708106994628906,60.884586334228516
2021-11-26,9.565813064575195,15.372121810913086,26.775419235229492,38.15724182128906,34.723731994628906,96.0755615234375,38.013248443603516,59.302696228027344
2021-11-29,9.43970775604248,15.453492164611816,26.495054244995117,38.24573516845703,34.39234161376953,95.04164123535156,37.50395584106445,58.93418502807617
2021-11-30,9.518373489379883,15.57671070098877,26.392250061035156,38.4227180480957,34.20425796508789,94.7058334350586,36.777587890625,58.61061477661133
2021-12-01,9.76075267791748,15.50519847869873,25.96234893798828,38.14839553833008,34.123653411865234,94.07839965820312,36.234901428222656,58.19717025756836
2021-12-02,9.860550880432129,15.66450023651123,25.822160720825195,38.369625091552734,34.35652160644531,94.1667709350586,35.759002685546875,58.376922607421875
2021-12-03,10.126479148864746,15.57671070098877,24.579187393188477,38.64393997192383,33.55940246582031,91.86032104492188,33.2709846496582,56.705169677734375
2021-12-06,10.186859130859375,15.66440486907959,24.90628433227539,38.8917121887207,34.1953010559082,93.58354187011719,34.57343673706055,57.63092803955078
2021-12-07,10.195483207702637,15.78130054473877,25.560483932495117,38.8917121887207,34.65208053588867,95.04164123535156,36.08462142944336,58.72745895385742
2021-12-08,10.316242218017578,15.976778030395508,25.850196838378906,39.635040283203125,34.80433654785156,95.57186126708984,36.18480682373047,59.2667350769043
2021-12-09,10.290366172790527,15.85560417175293,25.850196838378906,39.83857345581055,34.81329345703125,95.70440673828125,35.658817291259766,59.23078155517578
2021-12-10,10.189273834228516,15.898566246032715,25.91561508178711,39.77662658691406,34.80433654785156,95.74858856201172,36.08462142944336,59.23078155517578
2021-12-13,10.238612174987793,15.827798843383789,25.242727279663086,39.8043098449707,34.210166931152344,94.21979522705078,34.924102783203125,58.25934600830078
2021-12-14,10.066100120544434,15.654084205627441,25.149269104003906,39.52745056152344,34.12864685058594,93.98120880126953,34.63188552856445,58.09638214111328
2021-12-15,10.20842170715332,15.57671070098877,24.504417419433594,39.23274612426758,33.141380310058594,91.9487075805664,33.688438415527344,56.72930145263672
2021-12-16,10.78633975982666,15.713414192199707,24.3175048828125,39.429222106933594,33.31346893310547,92.19613647460938,33.12070083618164,56.88321304321289
2021-12-17,10.557758331298828,15.542861938476562,24.027786254882812,38.83979797363281,32.914939880371094,91.31242370605469,33.05390930175781,56.2132568359375
2021-12-20,10.3076171875,15.251228332519531,23.065185546875,38.40217971801758,32.21751403808594,89.26380920410156,31.23381805419922,54.95481491088867
2021-12-21,10.387577056884766,15.38430404663086,24.111900329589844,38.643314361572266,33.168548583984375,91.67972564697266,33.346126556396484,56.620662689208984
2021-12-22,10.445627212524414,15.35947322845459,24.149280548095703,38.81299591064453,33.096092224121094,91.5281753540039,32.77003860473633,56.42148208618164
2021-12-23,10.69145679473877,15.558764457702637,24.009096145629883,38.9737548828125,33.1776123046875,92.29483795166016,32.427730560302734,56.79267501831055
2021-12-27,10.596661567687988,15.44186782836914,23.74741554260254,38.87550735473633,33.087039947509766,91.92042541503906,32.24405288696289,56.60255432128906
2021-12-28,10.342119216918945,15.457770347595215,23.476390838623047,38.95588684082031,32.70661544799805,91.01111602783203,31.651269912719727,56.02313232421875
2021-12-29,10.303303718566895,15.330368041992188,23.083871841430664,38.375389099121094,32.32620620727539,89.65605926513672,30.513507843017578,55.19020080566406
2021-12-30,10.29387378692627,15.54811954498291,24.32684898376465,38.804073333740234,33.50368118286133,92.58012390136719,33.22800827026367,57.17292404174805
2021-12-31,10.298857688903809,15.53814697265625,24.25208282470703,38.938026428222656,33.132320404052734,92.04522705078125,32.690486907958984,56.82889175415039
2022-01-03,10.530011177062988,15.612693786621094,24.111900329589844,38.88444519042969,33.10514831542969,92.41966247558594,32.439640045166016,56.81983947753906
2022-01-04,10.442551612854004,15.458943367004395,23.40162467956543,38.43791198730469,32.507354736328125,90.96653747558594,31.00623893737793,55.76057815551758
2022-01-05,10.525638580322266,15.226362228393555,22.728736877441406,37.85740661621094,31.918621063232422,88.72000885009766,30.119321823120117,54.502140045166016
2022-01-06,10.486281394958496,15.263260841369629,22.981067657470703,37.705589294433594,32.48018264770508,90.0483169555664,31.534805297851562,55.244529724121094
2022-01-07,10.65245246887207,15.407692909240723,23.196020126342773,37.73237991333008,33.1776123046875,91.11808776855469,32.376930236816406,56.122718811035156
2022-01-10,10.65682601928711,15.3145112991333,22.981067657470703,37.71452331542969,33.19572830200195,91.57275390625,32.663604736328125,56.24946594238281
2022-01-11,10.753379821777344,15.617354393005371,23.719379425048828,37.57162857055664,34.25545120239258,93.41810607910156,34.320980072021484,57.76140213012695
2022-01-12,10.792911529541016,15.743148803710938,24.523107528686523,38.241432189941406,35.01627731323242,95.70028686523438,34.84058380126953,59.01079177856445
2022-01-13,10.971675872802734,15.4962158203125,23.588539123535156,37.16973876953125,34.1829948425293,92.61576843261719,32.753196716308594,57.21819305419922
2022-01-14,10.959081649780273,15.570761680603027,24.009096145629883,37.1429557800293,34.52717590332031,93.41810607910156,33.335514068603516,57.65276336669922
2022-01-18,10.984796524047852,15.598344802856445,23.822181701660156,37.73237991333008,34.14676284790039,92.62469482421875,32.565059661865234,56.92848587036133
2022-01-19,11.203703880310059,15.605334281921387,23.65395736694336,37.50911331176758,34.291683197021484,92.96346282958984,32.97716522216797,57.20913314819336
2022-01-20,11.179129600524902,15.529297828674316,24.25208282470703,37.794891357421875,35.351409912109375,94.88905334472656,34.383689880371094,58.69392013549805
2022-01-21,11.129276275634766,15.309852600097656,23.728723526000977,37.267982482910156,34.65398025512695,93.21305847167969,32.97716522216797,57.50790023803711
2022-01-24,10.962931632995605,15.263260841369629,23.121257781982422,37.36621856689453,34.10147476196289,92.20570373535156,32.40380096435547,56.68403244018555
2022-01-25,10.884218215942383,15.108671188354492,22.859573364257812,36.71427917480469,34.13770294189453,91.53709411621094,32.17087936401367,56.43959045410156
2022-01-26,10.82081127166748,15.14212417602539,22.261449813842773,36.74106979370117,33.485572814941406,90.22661590576172,31.122703552246094,55.38938522338867
2022-01-27,10.78364086151123,14.788030624389648,21.354917526245117,35.946231842041016,32.88776779174805,88.3723373413086,30.12828254699707,54.27580261230469
2022-01-28,10.547502517700195,14.775545120239258,21.39229965209961,35.53988265991211,32.78813552856445,88.13165283203125,30.54038429260254,54.149051666259766
2022-01-31,10.521265029907227,15.044282913208008,22.728736877441406,35.89264678955078,34.364139556884766,91.6529769897461,33.51469039916992,56.674983978271484
2022-02-01,10.543129920959473,15.145106315612793,22.962377548217773,35.88371658325195,34.590576171875,92.15221405029297,33.7386589050293,57.028072357177734
2022-02-02,10.556248664855957,15.126191139221191,22.625932693481445,35.928367614746094,34.291683197021484,91.70648193359375,32.76215362548828,56.539180755615234
2022-02-03,10.564993858337402,15.046706199645996,22.364255905151367,35.76762008666992,34.08336639404297,91.12699890136719,32.1081657409668,56.158931732177734
2022-02-04,10.661198616027832,15.112399101257324,22.850231170654297,35.88371658325195,34.40037155151367,91.61731719970703,32.645687103271484,56.49391174316406
2022-02-07,11.023889541625977,15.135509490966797,22.616588592529297,35.973026275634766,34.19205093383789,90.85955047607422,31.875240325927734,56.1046142578125
2022-02-08,11.474562644958496,15.27025032043457,23.018449783325195,35.973026275634766,34.52717590332031,92.09871673583984,33.17425537109375,56.72930145263672
2022-02-09,11.42917251586914,15.384119033813477,23.756763458251953,36.25880813598633,35.11591339111328,93.86385345458984,34.45535659790039,57.97868347167969
2022-02-10,11.56202220916748,15.289725303649902,23.523120880126953,36.1873664855957,34.69021224975586,93.34678649902344,33.89095687866211,57.489803314208984
2022-02-11,11.675718307495117,14.954827308654785,22.92499351501465,35.428253173828125,34.10147476196289,91.50142669677734,32.726322174072266,56.33095169067383
2022-02-14,11.535784721374512,14.85325813293457,22.775463104248047,35.38359069824219,33.77540588378906,90.61886596679688,32.50234603881836,55.89638137817383
2022-02-15,11.43083381652832,15.146690368652344,23.523120880126953,36.11591339111328,34.291683197021484,92.70491790771484,33.873043060302734,57.18198013305664
2022-02-16,11.541731834411621,15.198033332824707,23.551156997680664,36.27667236328125,34.509063720703125,92.95452880859375,33.93574905395508,57.263458251953125
2022-02-17,11.535784721374512,15.146597862243652,23.36424446105957,36.169498443603516,34.228275299072266,92.2591781616211,33.586360931396484,56.81983947753906
2022-02-18,11.798160552978516,15.188714981079102,22.45771026611328,36.392765045166016,33.25007247924805,90.87739562988281,31.893156051635742,55.742469787597656
2022-02-22,11.973076820373535,15.016327857971191,21.738094329833984,35.95515823364258,32.36243438720703,88.49713897705078,30.54038429260254,54.24864196777344
2022-02-23,11.771923065185547,14.98371410369873,21.476411819458008,36.249874114990234,31.982023239135742,87.6769790649414,30.12828254699707,53.66016387939453
2022-02-24,11.946402549743652,14.912057876586914,21.34557342529297,36.09804916381836,31.74652671813965,87.02620697021484,30.414960861206055,53.37950134277344
2022-02-25,11.518292427062988,15.044282913208008,21.50444984436035,36.491004943847656,31.90050506591797,87.50760650634766,30.549341201782227,53.66016387939453
2022-02-28,11.723820686340332,14.997690200805664,21.36426544189453,36.60710525512695,31.61066436767578,86.86573791503906,29.975982666015625,53.06264114379883
2022-03-01,11.640734672546387,14.960418701171875,21.177349090576172,36.48207473754883,31.54726791381836,87.00836944580078,30.110366821289062,53.044525146484375
2022-03-02,12.143621444702148,14.825303077697754,21.074548721313477,36.392765045166016,31.311767578125,86.28627014160156,29.465333938598633,52.65522384643555
2022-03-03,12.427861213684082,14.746099472045898,20.130632400512695,35.87478256225586,30.514705657958984,84.05757141113281,28.058809280395508,51.27003479003906
2022-03-04,12.384132385253906,14.511651992797852,19.326904296875,35.53541946411133,29.862564086914062,82.30136108398438,26.661243438720703,50.21983337402344
2022-03-07,12.182977676391602,13.989273071289062,18.336259841918945,34.28511047363281,28.730377197265625,79.35948181152344,25.254718780517578,48.309539794921875
2022-03-08,11.79439926147461,13.81818962097168,17.981121063232422,33.78499221801758,28.32279396057129,78.33428192138672,25.129297256469727,47.72105407714844
2022-03-09,11.946840286254883,13.968027114868164,18.7100887298584,33.6867561340332,28.793781280517578,79.52885437011719,26.464153289794922,48.65357208251953
2022-03-10,11.653852462768555,13.800299644470215,17.308231353759766,33.66889572143555,27.489503860473633,76.53347778320312,23.884029388427734,46.516944885253906
2022-03-11,11.60513973236084,13.418251037597656,16.186748504638672,33.561729431152344,26.330142974853516,73.85904693603516,21.501005172729492,44.4527473449707
2022-03-14,10.836116790771484,12.84518051147461,14.532559394836426,32.034568786621094,24.563932418823242,68.92025756835938,18.98359489440918,41.25685501098633
2022-03-15,10.320110321044922,12.439838409423828,15.018534660339355,30.855709075927734,24.518646240234375,67.68110656738281,19.870512008666992,40.949031829833984
2022-03-16,11.054762840270996,13.83757209777832,18.925037384033203,33.84750747680664,29.72670555114746,80.99980163574219,27.763172149658203,49.522708892822266
2022-03-17,11.18595027923584,13.638534545898438,18.186725616455078,33.320594787597656,28.63074493408203,78.29862213134766,25.523481369018555,47.657684326171875
2022-03-18,11.70195484161377,14.182347297668457,19.14933204650879,33.945743560791016,30.043710708618164,81.7308120727539,27.682540893554688,49.8486328125
2022-03-21,11.614496231079102,13.74905014038086,18.336259841918945,33.51707077026367,28.784725189208984,78.78892517089844,25.854955673217773,47.983612060546875
2022-03-22,12.091146469116211,13.716435432434082,19.467086791992188,33.59744644165039,30.052772521972656,81.43661499023438,27.942346572875977,49.83052444458008
2022-03-23,11.948413848876953,13.609274864196777,19.270828247070312,33.47241973876953,29.862564086914062,80.88391876220703,28.040891647338867,49.51365661621094
2022-03-24,12.140035629272461,13.576661109924316,19.205406188964844,33.400970458984375,29.536495208740234,80.38468933105469,27.27043914794922,49.05192947387695
2022-03-25,12.10723876953125,13.343706130981445,18.43906021118164,32.78474807739258,29.092676162719727,78.64630126953125,26.141637802124023,48.065093994140625
2022-03-28,12.410369873046875,13.191352844238281,18.682050704956055,32.58827590942383,29.54555320739746,79.421875,26.83146095275879,48.62641143798828
2022-03-29,12.629015922546387,13.333084106445312,19.289520263671875,32.65079116821289,30.17957878112793,80.70561218261719,28.031932830810547,49.549869537353516
2022-03-30,12.384132385253906,13.558025360107422,19.36428451538086,33.38311004638672,30.016542434692383,80.99089050292969,27.243562698364258,49.64945983886719
2022-03-31,12.217961311340332,13.373244285583496,18.513824462890625,32.954437255859375,28.956815719604492,78.5571517944336,25.541400909423828,47.8840217590332
2022-04-01,12.629015922546387,13.725752830505371,19.177371978759766,33.579586029052734,30.07088851928711,81.169189453125,27.064388275146484,49.56797409057617
2022-04-04,12.594033241271973,13.80961799621582,20.027830123901367,33.62424087524414,31.09438705444336,83.35330963134766,29.133861541748047,51.14328384399414
2022-04-05,12.518555641174316,13.567343711853027,19.392322540283203,33.15983963012695,30.242977142333984,81.45446014404297,27.74525260925293,49.72188186645508
2022-04-06,12.517682075500488,13.48916244506836,18.822235107421875,33.09732437133789,29.65424346923828,80.35794067382812,26.930007934570312,48.90707015991211
2022-04-07,12.386669158935547,13.279596328735352,18.373640060424805,32.8561897277832,29.210426330566406,78.99397277832031,25.881832122802734,48.04698181152344
2022-04-08,12.637761116027832,13.435025215148926,18.23345375061035,32.92763900756836,29.237598419189453,79.20793914794922,25.810163497924805,48.17373275756836
2022-04-11,12.363317489624023,13.01756763458252,17.579254150390625,31.87381362915039,28.540170669555664,77.07728576660156,25.47869110107422,47.02394104003906
2022-04-12,12.523016929626465,13.157341003417969,17.81290054321289,32.38286209106445,28.431482315063477,77.2555923461914,24.994918823242188,46.96961975097656
2022-04-13,13.04881763458252,13.157341003417969,18.186725616455078,32.46323776245117,28.98398780822754,78.38777160644531,25.872873306274414,47.74822235107422
2022-04-14,13.311193466186523,13.110749244689941,18.0745792388916,32.55255126953125,28.657917022705078,77.77264404296875,24.959081649780273,47.26838684082031
2022-04-18,13.092547416687012,13.081863403320312,17.887662887573242,32.46323776245117,28.395252227783203,77.2645034790039,24.484268188476562,46.906246185302734
2022-04-19,13.11878490447998,13.004427909851074,17.868972778320312,31.92739486694336,28.114473342895508,76.75634765625,24.609689712524414,46.58937454223633
2022-04-20,12.583189010620117,12.629836082458496,17.392343521118164,31.2486629486084,27.290237426757812,74.50091552734375,23.427133560180664,45.177024841308594
2022-04-21,12.175105094909668,12.220952033996582,16.61665153503418,30.337726593017578,26.48412322998047,71.93346405029297,22.2087459564209,43.628875732421875
2022-04-22,12.401623725891113,12.249279022216797,16.887672424316406,30.266279220581055,26.72867202758789,72.41486358642578,22.51333999633789,43.900482177734375
2022-04-25,11.69321060180664,11.685154914855957,16.682069778442383,28.49799346923828,26.42977523803711,70.81912231445312,22.540218353271484,43.05850601196289
2022-04-26,11.299646377563477,11.554605484008789,16.28020668029785,27.962148666381836,25.868209838867188,69.31250762939453,22.110198974609375,42.09883117675781
2022-04-27,11.824311256408691,12.211541175842285,17.055896759033203,29.194591522216797,26.692441940307617,71.64818572998047,23.256919860839844,43.60171127319336
2022-04-28,12.314165115356445,12.244155883789062,17.15869903564453,29.114212036132812,26.90076446533203,72.5040054321289,23.58839225769043,44.04533767700195
2022-04-29,12.17257022857666,12.449155807495117,17.943740844726562,29.569684982299805,28.023895263671875,74.70596313476562,25.326391220092773,45.68402099609375
2022-05-02,12.069281578063965,12.439838409423828,18.16803550720215,29.489307403564453,28.141643524169922,75.0001449584961,25.828081130981445,45.928462982177734
2022-05-03,12.296673774719238,12.635519981384277,18.364294052124023,29.891191482543945,28.549226760864258,76.03426361083984,25.91766929626465,46.48073196411133
2022-05-04,12.373549461364746,12.747339248657227,18.551212310791016,29.944772720336914,28.6760311126709,75.81139373779297,26.0878849029541,46.688961029052734
2022-05-05,12.181315422058105,12.247602462768555,17.354963302612305,29.18566131591797,27.172489166259766,72.44160461425781,24.260299682617188,44.335052490234375
2022-05-06,11.999314308166504,12.07642650604248,16.76618003845215,28.846288681030273,26.330142974853516,70.61408233642578,23.05982780456543,43.02228927612305
2022-05-09,11.699506759643555,11.7581148147583,15.822265625,28.274721145629883,25.37004852294922,68.34970092773438,21.590591430664062,41.44697570800781
2022-05-10,11.483309745788574,12.07288646697998,16.08394432067871,28.748050689697266,25.659889221191406,69.14312744140625,22.2087459564209,42.053565979003906
2022-05-11,11.542694091796875,12.121527671813965,16.10263442993164,29.114212036132812,25.668949127197266,69.10746765136719,21.966859817504883,42.008296966552734
2022-05-12,11.40896987915039,12.057045936584473,16.242820739746094,28.98918342590332,25.668949127197266,69.28577423095703,22.28937339782715,42.053565979003906
2022-05-13,11.841888427734375,12.292329788208008,17.242813110351562,29.36427879333496,26.819246292114258,71.68384552001953,23.84819793701172,43.7465705871582
2022-05-16,12.147994995117188,12.262791633605957,17.252155303955078,29.1320743560791,26.783016204833984,71.55903625488281,23.901948928833008,43.66508865356445
2022-05-17,12.314165115356445,12.514383316040039,17.897010803222656,29.672386169433594,27.598190307617188,73.71641540527344,24.67240333557129,45.04121780395508
2022-05-18,11.942465782165527,12.320378303527832,17.513835906982422,29.08742332458496,26.828306198120117,71.58577728271484,23.91986656188965,43.8008918762207
2022-05-19,12.156739234924316,12.682670593261719,17.981121063232422,29.98049545288086,27.4442138671875,73.30634307861328,24.627609252929688,44.87825393676758
2022-05-20,12.541558265686035,12.774176597595215,17.850284576416016,30.48061752319336,27.552906036376953,73.4668197631836,24.134878158569336,45.032169342041016
2022-05-23,12.576541900634766,12.868475914001465,17.74747657775879,30.596715927124023,27.489503860473633,73.59162139892578,23.84819793701172,45.05027770996094
2022-05-24,12.585287094116211,12.495747566223145,16.85964012145996,29.757230758666992,26.438833236694336,70.87260437011719,22.2087459564209,43.321044921875
2022-05-25,12.90888500213623,12.61408805847168,17.168048858642578,29.766159057617188,26.773958206176758,71.7105941772461,22.853775024414062,43.72846221923828
2022-05-26,13.206243515014648,12.792533874511719,17.943740844726562,29.85546875,27.824628829956055,73.94819641113281,24.564895629882812,45.24040603637695
2022-05-27,13.416144371032715,12.794955253601074,18.186725616455078,30.069801330566406,28.023895263671875,74.27804565429688,24.914287567138672,45.45768356323242
2022-05-31,13.486109733581543,13.102922439575195,19.11195182800293,30.784265518188477,28.8571834564209,76.75634765625,26.09684181213379,46.88814163208008
2022-06-01,13.52109432220459,13.106090545654297,18.990455627441406,30.560997009277344,28.55828857421875,75.99859619140625,25.595151901245117,46.43545913696289
2022-06-02,13.459872245788574,13.444250106811523,19.756805419921875,31.382625579833984,29.382518768310547,77.80830383300781,27.028553009033203,47.73011779785156
2022-06-03,13.42488956451416,13.297115325927734,19.317556381225586,31.168283462524414,28.866243362426758,76.80986785888672,26.293933868408203,46.99678421020508
2022-06-06,13.53858470916748,13.431110382080078,20.15867042541504,31.454065322875977,29.663301467895508,78.38777160644531,27.530242919921875,48.11035919189453
2022-06-07,13.752859115600586,13.502395629882812,20.597917556762695,31.891674041748047,30.116174697875977,79.76956939697266,28.668004989624023,48.979496002197266
2022-06-08,14.203269958496094,13.32507038116455,21.49510383605957,31.85594940185547,30.940410614013672,81.98934173583984,30.334331512451172,50.53669357299805
2022-06-09,14.080829620361328,12.915066719055176,20.19605255126953,31.288700103759766,29.763338088989258,78.94049072265625,28.300697326660156,48.54465866088867
2022-06-10,14.102693557739258,12.952339172363281,20.4110050201416,31.539213180541992,29.781532287597656,79.10095977783203,28.345491409301758,48.66301345825195
2022-06-13,13.82719898223877,12.765974998474121,19.2427921295166,30.975536346435547,28.480749130249023,75.99859619140625,26.36560821533203,46.56900405883789
2022-06-14,13.949640274047852,12.893634796142578,20.392311096191406,31.602739334106445,29.363096237182617,78.37885284423828,28.12152099609375,48.04391860961914
2022-06-15,13.800960540771484,13.166659355163574,20.812870025634766,32.5860481262207,29.945261001586914,79.76956939697266,28.59633445739746,48.981666564941406
2022-06-16,13.092547416687012,12.840521812438965,20.07455825805664,32.031314849853516,28.79002571105957,77.17534637451172,27.100221633911133,47.2336311340332
2022-06-17,12.979812622070312,12.961658477783203,20.625953674316406,32.5860481262207,29.317617416381836,78.37885284423828,27.969221115112305,48.05302047729492
2022-06-21,12.653504371643066,13.23188591003418,21.289499282836914,32.8276252746582,30.045324325561523,80.2430648803711,29.062191009521484,49.34584045410156
2022-06-22,12.331657409667969,13.110749244689941,20.93436050415039,32.263946533203125,29.508638381958008,79.06501007080078,28.15735626220703,48.58107376098633
2022-06-23,12.537184715270996,13.29702091217041,21.448375701904297,32.87236022949219,29.963457107543945,80.43192291259766,28.86509895324707,49.44599533081055
2022-06-24,12.427861213684082,13.58691120147705,22.242759704589844,33.42709732055664,30.78213119506836,82.48229217529297,29.931188583374023,50.81165313720703
2022-06-27,12.89576530456543,13.6099271774292,22.392290115356445,33.55236053466797,31.03683090209961,82.72509002685547,30.020774841308594,50.94821548461914
2022-06-28,13.240701675415039,13.7510986328125,22.56051254272461,33.614994049072266,31.045927047729492,82.77906036376953,29.859519958496094,50.95732498168945
2022-06-29,13.007916450500488,13.59659194946289,22.205415725708008,33.35551452636719,30.873092651367188,82.32940673828125,29.537002563476562,50.67508316040039
2022-06-30,12.972664833068848,13.831016540527344,22.196046829223633,34.04446029663086,30.84580421447754,82.57221221923828,29.34886932373047,50.81165313720703
2022-07-01,12.924986839294434,13.749155044555664,22.261632919311523,33.946044921875,30.873092651367188,82.68012237548828,29.725135803222656,50.829864501953125
2022-07-05,13.06079387664795,13.7372465133667,22.27100372314453,33.92814636230469,30.727550506591797,82.2574691772461,29.7878475189209,50.638671875
2022-07-06,12.408635139465332,13.54970645904541,21.73694610595703,33.39130783081055,30.336410522460938,81.20530700683594,28.67696189880371,49.88300704956055
2022-07-07,12.70827579498291,13.934163093566895,22.46775245666504,33.65077590942383,30.991344451904297,82.8599853515625,29.465333938598633,51.00284194946289
2022-07-08,12.562862396240234,13.887277603149414,22.102352142333984,33.65077590942383,30.58201026916504,82.13156127929688,28.766551971435547,50.547630310058594
2022-07-11,12.34465217590332,13.521575927734375,20.81874656677246,32.66657257080078,29.26303482055664,78.8581771850586,26.81354331970215,48.29884338378906
2022-07-12,12.460631370544434,13.474691390991211,20.809375762939453,32.39815902709961,29.090206146240234,78.40853118896484,26.956884384155273,48.05302047729492
2022-07-13,12.373384475708008,13.624722480773926,20.856225967407227,32.451847076416016,28.871891021728516,78.05780792236328,27.171894073486328,47.83451843261719
2022-07-14,12.261988639831543,13.71849250793457,20.659467697143555,32.46973419189453,28.462556838989258,77.09557342529297,26.38352394104004,47.25183868408203
2022-07-15,12.32693862915039,13.465313911437988,20.5189266204834,31.968687057495117,28.226051330566406,76.24125671386719,26.141637802124023,46.71467590332031
2022-07-18,12.87572193145752,13.652759552001953,20.8655948638916,32.246055603027344,28.771831512451172,77.52722930908203,26.885211944580078,47.47944259643555
2022-07-19,12.972664833068848,13.709115982055664,20.91244125366211,32.36236572265625,29.062915802001953,78.19269561767578,27.503366470336914,47.91645050048828
2022-07-20,12.981476783752441,13.596404075622559,20.790639877319336,32.2281608581543,28.880990982055664,77.80599212646484,27.234603881835938,47.5340690612793
2022-07-21,12.73471450805664,13.624722480773926,20.91244125366211,32.02237319946289,29.117494583129883,77.97686767578125,27.772130966186523,47.86182403564453
2022-07-22,12.560922622680664,13.43868350982666,20.331539154052734,31.843425750732422,28.471649169921875,76.34017944335938,26.795625686645508,46.760196685791016
2022-07-25,12.710478782653809,13.375763893127441,20.406494140625,31.852375030517578,28.708158493041992,76.7088851928711,27.153976440429688,46.978702545166016
2022-07-26,12.951689720153809,13.26839828491211,20.284692764282227,31.843425750732422,28.60809898376465,76.38513946533203,26.750831604003906,46.778404235839844
2022-07-27,13.082826614379883,13.559083938598633,20.55640411376953,32.120792388916016,28.93556785583496,77.01463317871094,27.3062744140625,47.24272537231445
2022-07-28,13.206207275390625,13.415054321289062,20.265953063964844,32.013427734375,28.56261444091797,76.38513946533203,26.83146095275879,46.71467590332031
2022-07-29,13.078420639038086,13.193382263183594,19.656944274902344,31.55711555480957,27.634788513183594,74.25383758544922,25.398061752319336,45.23975372314453
2022-08-01,13.007916450500488,13.101957321166992,19.703792572021484,31.369220733642578,27.2618350982666,73.31858825683594,24.75303077697754,44.71171188354492
2022-08-02,12.772170066833496,12.9214506149292,19.76937484741211,31.0202693939209,27.070812225341797,72.80598449707031,25.1920108795166,44.456783294677734
2022-08-03,12.690649032592773,12.9214506149292,19.938026428222656,30.841327667236328,27.298219680786133,73.16570281982422,25.71161651611328,44.839168548583984
2022-08-04,12.602520942687988,12.930828094482422,20.20973777770996,31.10974884033203,27.725751876831055,74.17290496826172,26.195388793945312,45.52199935913086
2022-08-05,12.533163070678711,13.04250717163086,19.9099178314209,31.422897338867188,27.416473388671875,73.78620910644531,25.577234268188477,45.166927337646484
2022-08-08,12.824959754943848,13.068107604980469,19.591360092163086,31.5302677154541,27.170873641967773,73.38153076171875,25.138256072998047,44.83006286621094
2022-08-09,13.219427108764648,13.117803573608398,19.263431549072266,31.566059112548828,26.998037338256836,72.99484252929688,24.869495391845703,44.56603240966797
2022-08-10,13.14011001586914,13.146498680114746,19.291540145874023,31.566059112548828,26.861597061157227,73.00383758544922,25.039710998535156,44.56603240966797
2022-08-11,13.238110542297363,13.221514701843262,19.722530364990234,31.95079231262207,27.352798461914062,74.2358627319336,25.72953224182129,45.37632751464844
2022-08-12,13.519067764282227,13.193382263183594,19.825593948364258,32.031314849853516,27.507436752319336,74.3977279663086,25.63098907470703,45.5037841796875
2022-08-15,13.378060340881348,13.202759742736816,19.966135025024414,31.646587371826172,27.361892700195312,74.00204467773438,25.845996856689453,45.29438400268555
2022-08-16,13.46618938446045,13.244956016540527,19.610097885131836,31.75395393371582,27.043521881103516,73.750244140625,25.29055404663086,45.02125549316406
2022-08-17,13.55749225616455,13.364137649536133,19.497665405273438,31.9239501953125,26.98894500732422,73.52542114257812,24.932205200195312,44.88468933105469
2022-08-18,13.607196807861328,13.287152290344238,19.225955963134766,31.646587371826172,26.697858810424805,72.89592742919922,24.609689712524414,44.44768142700195
2022-08-19,13.774642944335938,13.225265502929688,19.03856658935547,31.118694305419922,26.54322052001953,72.38333129882812,24.466350555419922,44.129024505615234
2022-08-22,13.994967460632324,13.305906295776367,19.310279846191406,31.27079963684082,26.743343353271484,72.78800964355469,24.7799072265625,44.30200958251953
2022-08-23,14.479679107666016,13.327754020690918,19.225955963134766,31.46763801574707,26.697858810424805,72.94989013671875,25.1920108795166,44.38394546508789
2022-08-24,14.358149528503418,12.902697563171387,19.3383846282959,30.73396110534668,26.816110610961914,72.71607208251953,25.505563735961914,44.38394546508789
2022-08-25,15.15827751159668,13.054792404174805,20.2565860748291,31.154481887817383,28.162376403808594,75.3599624633789,27.368986129760742,46.24124526977539
2022-08-26,14.77649974822998,12.905603408813477,20.116044998168945,30.644487380981445,27.92586898803711,74.64952850341797,27.091266632080078,45.86796569824219
2022-08-29,15.087773323059082,12.901664733886719,20.05982780456543,30.49238395690918,27.671173095703125,74.13693237304688,26.598533630371094,45.47647476196289
2022-08-30,14.180039405822754,12.715158462524414,19.572620391845703,30.206071853637695,26.925270080566406,72.71607208251953,25.828081130981445,44.42036819458008
2022-08-31,14.021405220031738,12.671367645263672,19.92865753173828,30.18817710876465,27.480148315429688,73.93009948730469,26.8225040435791,45.23975372314453
2022-09-01,14.135973930358887,12.629546165466309,19.47892951965332,30.11659812927246,27.170873641967773,73.38153076171875,26.276018142700195,44.81185531616211
2022-09-02,14.180039405822754,12.45419692993164,18.963611602783203,29.731863021850586,26.615991592407227,72.24844360351562,25.72953224182129,43.992454528808594
2022-09-06,15.070146560668945,12.406187057495117,18.46703338623047,29.81239128112793,26.088401794433594,71.0613784790039,24.797822952270508,43.145751953125
2022-09-07,14.911514282226562,12.599258422851562,18.851181030273438,30.152385711669922,26.406776428222656,71.90670776367188,25.380142211914062,43.746639251708984
2022-09-08,14.744068145751953,12.458979606628418,18.691898345947266,29.955543518066406,26.070209503173828,70.99842834472656,24.81574249267578,43.182167053222656
2022-09-09,14.95557689666748,12.5817232131958,19.13226318359375,30.35817527770996,26.716053009033203,72.45526885986328,25.451814651489258,44.02887725830078
2022-09-12,15.034894943237305,12.660865783691406,19.525775909423828,30.501331329345703,27.06171226501465,73.3095932006836,26.01621437072754,44.66618347167969
2022-09-13,14.558996200561523,12.49479866027832,18.954242706298828,29.928707122802734,25.924667358398438,71.04340362548828,24.833660125732422,43.182167053222656
2022-09-14,14.635931968688965,12.56043815612793,19.001089096069336,30.027128219604492,25.95195960998535,71.15131378173828,24.932205200195312,43.255001068115234
2022-09-15,14.281123161315918,12.248091697692871,18.804332733154297,29.36502456665039,25.851896286010742,70.51282501220703,24.78886604309082,42.899932861328125
2022-09-16,13.792268753051758,12.1056547164917,18.29838752746582,28.819238662719727,25.460752487182617,69.07395935058594,23.839237213134766,42.05322265625
2022-09-19,14.003779411315918,12.049394607543945,18.551353454589844,28.837133407592773,25.551715850830078,69.22685241699219,24.197587966918945,42.15336608886719
2022-09-20,13.986153602600098,12.016573905944824,18.44829750061035,28.649242401123047,25.35159683227539,68.7412338256836,24.134878158569336,41.8984489440918
2022-09-21,14.109536170959473,11.824346542358398,17.651901245117188,28.3002986907959,24.678462982177734,66.98761749267578,22.988155364990234,40.660247802734375
2022-09-22,14.417989730834961,11.7493314743042,17.59568214416504,28.175033569335938,24.532922744750977,66.68186950683594,22.898569107055664,40.42353439331055
2022-09-23,13.765830039978027,11.564323425292969,17.164691925048828,27.69188117980957,24.205453872680664,65.35992431640625,22.33416748046875,39.676971435546875
2022-09-26,13.342808723449707,11.485275268554688,17.55820655822754,27.548725128173828,24.350996017456055,65.53079986572266,22.755229949951172,39.8681640625
2022-09-27,13.492629051208496,11.529534339904785,17.57694435119629,27.835037231445312,24.132680892944336,65.35992431640625,22.629806518554688,39.71338653564453
2022-09-28,13.457817077636719,11.500371932983398,17.76432991027832,27.77240753173828,24.39647674560547,65.74662017822266,23.050867080688477,40.02294158935547
2022-09-29,13.46618938446045,11.284890174865723,17.117843627929688,27.82608985900879,23.605093002319336,64.10092163085938,22.00269317626953,39.039669036865234
2022-09-30,13.342808723449707,11.164114952087402,16.7899169921875,27.40556526184082,23.523223876953125,63.660282135009766,22.074363708496094,38.74832534790039
2022-10-03,13.554319381713867,11.161115646362305,16.88361167907715,27.5129337310791,23.6232852935791,64.1279067993164,22.163951873779297,38.966827392578125
2022-10-04,13.9156494140625,11.510406494140625,17.736225128173828,28.416608810424805,24.578405380249023,66.5739517211914,23.55255699157715,40.52367401123047
2022-10-05,14.065471649169922,11.589921951293945,17.87676429748535,28.63134765625,24.760332107543945,66.77179718017578,23.57943344116211,40.72397994995117
2022-10-06,14.021405220031738,11.449268341064453,17.567575454711914,28.416608810424805,24.569305419921875,66.1423110961914,23.185245513916016,40.30517578125
2022-10-07,13.924463272094727,11.191776275634766,16.93045425415039,27.84398651123047,23.987138748168945,64.33474731445312,22.163951873779297,39.239959716796875
2022-10-10,13.50144100189209,10.896027565002441,16.096582412719727,26.77925682067871,23.259428024291992,62.23941421508789,20.981395721435547,37.91071701049805
2022-10-11,13.520389556884766,10.867897033691406,15.618744850158691,26.788206100463867,22.622684478759766,61.016387939453125,20.21990203857422,37.00027847290039
2022-10-12,13.386873245239258,10.980419158935547,15.693699836730957,26.93136215209961,22.477140426635742,61.19624328613281,20.184066772460938,36.99117660522461
2022-10-13,13.228240013122559,11.055436134338379,15.571897506713867,27.092411041259766,22.28611946105957,61.15127944946289,19.92426109313965,36.82729721069336
2022-10-14,12.990290641784668,11.015020370483398,15.253340721130371,27.298200607299805,21.97684097290039,60.593719482421875,19.39569664001465,36.38118362426758
2022-10-17,13.333995819091797,11.327367782592773,15.768653869628906,27.69188117980957,22.649972915649414,62.32035446166992,20.175107955932617,37.44639587402344
2022-10-18,13.166549682617188,11.240068435668945,15.787393569946289,27.36083221435547,22.468048095703125,62.005592346191406,20.201982498168945,37.3098258972168
2022-10-19,13.32518196105957,11.091069221496582,14.89730453491211,26.734521865844727,21.522024154663086,59.69443893432617,18.804420471191406,35.78029251098633
2022-10-20,13.166549682617188,11.09228801727295,15.047211647033691,26.83293914794922,21.62208366394043,60.05415344238281,19.11797523498535,35.99879837036133
2022-10-21,13.457376480102539,11.25169563293457,15.178385734558105,27.00293731689453,21.758527755737305,60.54875946044922,19.216522216796875,36.326560974121094
2022-10-24,12.831658363342285,10.6158447265625,13.360726356506348,25.69663429260254,19.58449363708496,55.44982147216797,16.49306297302246,32.82135772705078
2022-10-25,12.999014854431152,10.839109420776367,13.8385648727417,25.795053482055664,19.957447052001953,56.187232971191406,17.048503875732422,33.413143157958984
2022-10-26,12.990290641784668,11.130451202392578,14.634961128234863,26.53767967224121,20.703350067138672,58.534358978271484,18.490863800048828,34.897159576416016
2022-10-27,12.910972595214844,10.856831550598145,14.250816345214844,25.857685089111328,20.157567977905273,57.11349868774414,17.76520538330078,34.014034271240234
2022-10-28,12.699463844299316,10.605998039245605,13.772976875305176,25.285058975219727,19.59359359741211,55.44083786010742,17.084341049194336,33.012550354003906
2022-10-31,12.073742866516113,10.27714729309082,13.613698959350586,24.784011840820312,19.05690574645996,54.47859191894531,17.200803756713867,32.393455505371094
2022-11-01,12.250001907348633,10.565301895141602,14.307032585144043,25.634002685546875,19.86648178100586,56.60989761352539,18.150432586669922,33.795528411865234
2022-11-02,12.435073852539062,10.588932037353516,14.672438621520996,25.81294822692871,19.957447052001953,57.05953598022461,18.257936477661133,34.068660736083984
2022-11-03,12.593708038330078,10.709707260131836,14.962889671325684,25.982948303222656,20.157567977905273,57.74299240112305,18.876087188720703,34.532989501953125
2022-11-04,13.28111743927002,11.299237251281738,16.19964599609375,27.620304107666016,21.68575668334961,61.55595016479492,20.434913635253906,37.045799255371094
2022-11-07,13.31636905670166,11.31799030303955,16.08721351623535,27.12820053100586,21.79491424560547,61.44804763793945,20.273653030395508,37.018489837646484
2022-11-08,13.16214370727539,11.292016983032227,15.993517875671387,26.985044479370117,21.77672004699707,61.31315612792969,20.139272689819336,36.963863372802734
2022-11-09,12.844877243041992,11.074191093444824,15.084692001342773,26.412418365478516,20.88527488708496,59.09192657470703,18.732751846313477,35.570892333984375
2022-11-10,13.383084297180176,11.421137809753418,16.077842712402344,27.40556526184082,22.158771514892578,62.20344161987305,20.31844711303711,37.5556526184082
2022-11-11,13.481436729431152,11.711823463439941,16.7899169921875,27.942405700683594,23.150272369384766,64.32574462890625,21.581632614135742,39.03055953979492
2022-11-14,13.14892292022705,11.702446937561035,16.649375915527344,27.835037231445312,23.27762222290039,64.79338073730469,21.92206382751465,39.285484313964844
2022-11-15,13.457376480102539,11.936869621276855,17.455141067504883,28.52397918701172,24.478343963623047,67.81497192382812,24.018413543701172,41.25203323364258
2022-11-16,13.298744201660156,11.664937973022461,16.836761474609375,27.915563583374023,23.93256378173828,66.82575988769531,23.256919860839844,40.51457595825195
2022-11-17,13.06079387664795,11.661093711853027,17.38956069946289,27.745563507080078,24.496538162231445,67.81497192382812,24.152793884277344,41.25203323364258
2022-11-18,12.849283218383789,11.56648063659668,17.033519744873047,27.671300888061523,23.73244285583496,66.31316375732422,23.212125778198242,40.113990783691406
2022-11-21,12.884533882141113,11.482555389404297,16.499465942382812,27.298200607299805,23.368587493896484,65.24302673339844,22.37895965576172,39.449363708496094
2022-11-22,13.175010681152344,11.637088775634766,16.11532211303711,27.369779586791992,23.141178131103516,64.6944580078125,21.94894027709961,39.06697463989258
2022-11-23,13.201800346374512,11.796216011047363,16.227754592895508,27.369779586791992,23.44135856628418,65.28797149658203,22.486467361450195,39.47667694091797
2022-11-25,13.378060340881348,11.711823463439941,15.693699836730957,27.0297794342041,23.041114807128906,64.1998519897461,21.49204444885254,38.75742721557617
2022-11-28,13.342808723449707,11.7493314743042,16.246492385864258,26.841890335083008,23.241233825683594,64.61351013183594,22.33416748046875,39.19443893432617
2022-11-29,13.536693572998047,12.021262168884277,17.117843627929688,28.085561752319336,24.42376708984375,67.26641082763672,23.64214324951172,40.8969612121582
2022-11-30,13.842944145202637,12.441537857055664,18.560728073120117,28.747661590576172,25.61539077758789,70.16210174560547,25.451814651489258,42.79977798461914
2022-12-01,13.660074234008789,12.286818504333496,18.401447296142578,28.550819396972656,25.23334503173828,69.90130615234375,25.15617561340332,42.44470977783203
2022-12-02,13.54550552368164,12.332953453063965,19.001089096069336,28.899761199951172,25.95195960998535,71.36712646484375,26.74187469482422,43.482608795166016
2022-12-05,13.395686149597168,12.317387580871582,18.982351303100586,29.05187225341797,25.870088577270508,71.33116149902344,26.679162979125977,43.43708801269531
2022-12-06,13.541540145874023,12.504176139831543,19.27280044555664,29.36502456665039,26.197561264038086,72.24844360351562,27.189809799194336,44.03798294067383
2022-12-07,13.31636905670166,12.430473327636719,19.010459899902344,29.284500122070312,25.633583068847656,71.09734344482422,26.5716552734375,43.327842712402344
2022-12-08,13.333995819091797,12.583880424499512,19.788116455078125,29.239761352539062,26.470449447631836,73.05778503417969,28.19318962097168,44.66618347167969
2022-12-09,13.237052917480469,12.49948787689209,19.46955680847168,29.141342163085938,26.334001541137695,72.71607208251953,27.79900550842285,44.37484359741211
2022-12-12,13.307557106018066,12.565032958984375,19.066675186157227,29.05187225341797,26.02472496032715,71.91569519042969,26.99271583557129,43.992454528808594
2022-12-13,13.414986610412598,12.511021614074707,19.3383846282959,29.073867797851562,26.343339920043945,72.5811767578125,27.6287899017334,44.3731689453125
2022-12-14,13.603936195373535,12.547685623168945,19.42270851135254,29.17469024658203,26.51053810119629,72.9858627319336,27.70941734313965,44.67810821533203
2022-12-15,13.36369514465332,12.475483894348145,19.150999069213867,28.982210159301758,25.878890991210938,71.61893463134766,26.83146095275879,43.698612213134766
2022-12-16,13.360434532165527,12.561751365661621,19.160367965698242,28.936382293701172,25.95320701599121,71.69087982177734,26.930007934570312,43.744808197021484
2022-12-19,13.14011001586914,12.246310234069824,19.094783782958984,28.450593948364258,25.804580688476562,70.85454559326172,26.912090301513672,43.40291213989258
2022-12-20,13.09604549407959,12.26947021484375,18.963611602783203,28.230615615844727,25.414447784423828,70.0888900756836,26.607494354248047,42.848480224609375
2022-12-21,13.165756225585938,12.339423179626465,19.43208122253418,28.166452407836914,26.12969398498535,71.44273376464844,27.6287899017334,43.75405502319336
2022-12-22,12.793320655822754,12.133785247802734,19.42270851135254,27.790658950805664,25.971778869628906,70.86643981933594,27.485450744628906,43.46759033203125
2022-12-23,12.837472915649414,12.051549911499023,19.104150772094727,27.85481834411621,25.82316017150879,70.2352523803711,26.80458641052246,43.208858489990234
2022-12-27,13.219427108764648,12.480734825134277,19.76937484741211,28.725566864013672,27.049293518066406,73.08015441894531,28.15735626220703,44.90911865234375
2022-12-28,13.025541305541992,12.18254566192627,18.916765213012695,28.258113861083984,26.157562255859375,71.06768035888672,26.795625686645508,43.5784797668457
2022-12-29,12.940998077392578,12.329852104187012,19.31621742248535,28.58808135986328,26.94711685180664,72.72340393066406,27.7183780670166,44.71506881713867
2022-12-30,12.95091724395752,12.3150634765625,18.91301155090332,28.615577697753906,26.2876033782959,71.68057250976562,27.055429458618164,43.89265823364258
2023-01-03,12.98650074005127,12.42558765411377,19.50374984741211,28.872220993041992,27.235071182250977,74.0223617553711,28.48883056640625,45.38039779663086
2023-01-04,13.004701614379883,12.732867240905762,20.741491317749023,29.312177658081055,28.972097396850586,77.7179946899414,30.997282028198242,48.060150146484375
2023-01-05,12.96829891204834,12.713662147521973,21.041545867919922,29.642147064208984,28.907073974609375,77.9466781616211,31.14061737060547,48.023189544677734
2023-01-06,13.187076568603516,12.819673538208008,20.938404083251953,30.201261520385742,28.981388092041016,78.5778579711914,30.97040367126465,48.29116439819336
2023-01-09,13.259517669677734,12.878920555114746,21.05092430114746,30.375408172607422,28.981388092041016,78.76080322265625,31.00623893737793,48.46673583984375
2023-01-10,13.239222526550293,12.93451976776123,21.34160614013672,30.494565963745117,29.34365463256836,79.62983703613281,31.39146614074707,48.95648193359375
2023-01-11,13.851054191589355,12.944217681884766,21.294721603393555,30.540393829345703,29.640901565551758,80.11466217041016,31.230207443237305,49.35382843017578
2023-01-12,13.978461265563965,13.025742530822754,21.257213592529297,30.723711013793945,29.390098571777344,79.68472290039062,30.80019187927246,48.99345016479492
2023-01-13,13.996663093566895,13.121767044067383,21.529142379760742,31.136173248291016,29.8080997467041,81.0294189453125,31.696060180664062,49.78813934326172
2023-01-17,13.978461265563965,13.059351921081543,20.966533660888672,31.255325317382812,29.157875061035156,79.8859634399414,30.62997055053711,49.178260803222656
2023-01-18,13.887456893920898,13.049749374389648,20.525821685791016,31.126998901367188,28.869918823242188,79.07183837890625,29.85055923461914,48.56838607788086
2023-01-19,14.014863967895508,13.174581527709961,21.013418197631836,31.43863868713379,29.445833206176758,80.39823913574219,30.40599822998047,49.464717864990234
2023-01-20,14.319642066955566,13.327740669250488,21.529142379760742,31.704444885253906,30.179658889770508,82.06309509277344,31.22124671936035,50.52737808227539
2023-01-23,14.337934494018555,13.410513877868652,21.866708755493164,31.924427032470703,30.514053344726562,82.72172546386719,31.516887664794922,51.118778228759766
2023-01-24,14.351585388183594,13.433847427368164,21.941720962524414,31.887767791748047,30.458322525024414,82.57536315917969,31.37354850769043,51.063331604003906
2023-01-25,14.397087097167969,13.448539733886719,21.904212951660156,32.12607192993164,30.523345947265625,83.01444244384766,31.490015029907227,51.19270324707031
2023-01-26,14.506293296813965,13.558679580688477,22.476198196411133,32.42854690551758,30.92276954650879,84.19449615478516,32.385887145996094,51.93194580078125
2023-01-27,14.497194290161133,13.521902084350586,22.354299545288086,32.419376373291016,30.867036819458008,83.99324035644531,32.09920883178711,51.81182098388672
2023-01-30,14.051265716552734,13.2514009475708,21.47287940979004,31.841938018798828,29.72450065612793,80.94708251953125,30.55830192565918,49.862060546875
2023-01-31,14.25885009765625,13.2514009475708,21.454126358032227,31.640287399291992,29.538721084594727,80.55374145507812,30.343290328979492,49.510929107666016
2023-02-01,14.224176406860352,13.50106430053711,22.02610969543457,32.061912536621094,30.198230743408203,82.51131439208984,31.525848388671875,50.65675354003906
2023-02-02,14.215076446533203,13.2514009475708,21.557270050048828,31.621957778930664,29.60374641418457,81.1391830444336,30.862899780273438,49.741939544677734
2023-02-03,13.866525650024414,12.905712127685547,20.975908279418945,30.85202980041504,28.879209518432617,79.2456283569336,29.8774356842041,48.54990768432617
2023-02-06,13.910207748413086,12.95382022857666,20.582082748413086,30.760374069213867,28.4426326751709,78.1479263305664,29.20552635192871,47.91230392456055
2023-02-07,14.095585823059082,13.001736640930176,20.666475296020508,30.888694763183594,28.684139251708984,78.69677734375,29.680341720581055,48.15256118774414
2023-02-08,13.995115280151367,12.924917221069336,20.29140281677246,30.659547805786133,28.284717559814453,77.9832763671875,28.99947738647461,47.68128967285156
2023-02-09,14.007765769958496,13.032273292541504,20.732114791870117,31.18199920654297,28.814186096191406,79.51091003417969,29.67138671875,48.67927169799805
2023-02-10,13.869255065917969,12.878920555114746,20.028854370117188,30.723711013793945,27.996763229370117,77.388671875,28.408201217651367,47.40407180786133
2023-02-13,13.843864440917969,13.101985931396484,20.525821685791016,31.3011531829834,28.461210250854492,78.83399963378906,29.3040771484375,48.25420379638672
2023-02-14,13.831487655639648,12.980803489685059,20.34766387939453,31.117839813232422,28.201120376586914,78.02902221679688,28.945728302001953,47.81989669799805
2023-02-15,13.618989944458008,12.812663078308105,20.188261032104492,30.897857666015625,27.97818374633789,77.31549072265625,28.775508880615234,47.441036224365234
2023-02-16,13.531624794006348,12.651150703430176,20.225767135620117,30.402904510498047,27.996763229370117,77.20572662353516,28.97260093688965,47.37635040283203
2023-02-17,13.605339050292969,12.483203887939453,19.79443359375,29.972116470336914,27.430143356323242,75.59574127197266,27.969221115112305,46.42457580566406
2023-02-21,14.10586929321289,12.645581245422363,19.241199493408203,30.586223602294922,27.114316940307617,75.03773498535156,27.019594192504883,45.92558288574219
2023-02-22,14.033065795898438,12.576827049255371,19.278705596923828,30.421236038208008,26.882095336914062,74.64440155029297,27.082307815551758,45.64836883544922
2023-02-23,14.128438949584961,12.54081916809082,19.194316864013672,30.320417404174805,26.733470916748047,74.3699722290039,26.90312957763672,45.38962936401367
2023-02-24,13.778249740600586,12.2900972366333,18.528566360473633,29.53215789794922,25.925336837768555,72.13795471191406,25.899749755859375,44.132911682128906
2023-02-27,13.974367141723633,12.342911720275879,18.762985229492188,29.797964096069336,26.269027709960938,73.18993377685547,26.320812225341797,44.696590423583984
2023-02-28,13.782709121704102,12.329564094543457,18.603580474853516,29.917118072509766,25.971778869628906,72.62277221679688,26.150598526000977,44.22532272338867
2023-03-01,14.033065795898438,12.573466300964355,19.381855010986328,30.668710708618164,27.049293518066406,75.22984313964844,27.324193954467773,45.93482971191406
2023-03-02,14.114970207214355,12.742757797241211,19.719419479370117,30.494565963745117,27.541606903076172,76.17203521728516,28.21110725402832,46.59090805053711
2023-03-03,14.278779983520508,12.846177101135254,19.77568244934082,30.604551315307617,27.504451751708984,76.31840515136719,28.354448318481445,46.674068450927734
2023-03-06,14.037615776062012,12.807574272155762,19.47562026977539,30.091270446777344,27.19791603088379,75.36705017089844,27.736295700073242,46.05495071411133
2023-03-07,14.114970207214355,12.63636302947998,18.931766510009766,29.403837203979492,26.705604553222656,73.78453063964844,26.92104721069336,45.0477294921875
2023-03-08,14.033065795898438,12.65076732635498,18.762985229492188,29.53215789794922,26.417648315429688,73.27224731445312,26.643325805664062,44.70582962036133
2023-03-09,13.964629173278809,12.451994895935059,17.85343360900879,29.202190399169922,25.44231414794922,70.84814453125,25.18305015563965,43.125694274902344
2023-03-10,13.854694366455078,12.46956729888916,17.712779998779297,29.293846130371094,25.423736572265625,70.9670639038086,25.28159523010254,43.1811408996582
2023-03-13,14.199787139892578,12.595551490783691,17.881563186645508,29.74297332763672,25.581647872924805,71.69886779785156,25.68474006652832,43.550758361816406
2023-03-14,13.93295955657959,12.564825057983398,17.965957641601562,29.697145462036133,25.74884605407715,72.0098876953125,25.91766929626465,43.791015625
2023-03-15,13.760047912597656,12.544083595275879,17.553375244140625,29.312177658081055,25.386581420898438,70.95791625976562,25.245759963989258,43.09797286987305
2023-03-16,13.477931022644043,12.593631744384766,17.825305938720703,29.22968292236328,25.71169090270996,71.7080078125,25.93558692932129,43.606201171875
2023-03-17,13.498043060302734,12.607171058654785,17.581506729125977,29.03720474243164,25.64666748046875,71.40613555908203,25.926626205444336,43.46759033203125
2023-03-20,13.63263988494873,12.600545883178711,17.34708595275879,29.22968292236328,25.62809181213379,71.07683563232422,25.7205753326416,43.30126190185547
2023-03-21,13.710450172424316,12.704444885253906,17.89094352722168,29.486326217651367,25.990358352661133,72.26602172851562,26.105802536010742,43.975830078125
2023-03-22,13.694979667663574,12.69589900970459,17.825305938720703,29.559656143188477,26.073959350585938,72.51300048828125,25.908710479736328,44.105186462402344
2023-03-23,13.769148826599121,12.80354118347168,18.266014099121094,29.981277465820312,26.891382217407227,74.34252166748047,27.153976440429688,45.315704345703125
2023-03-24,13.514333724975586,12.655183792114258,18.134737014770508,29.825462341308594,26.77991485595703,73.94002532958984,27.171894073486328,45.084693908691406
2023-03-27,13.559835433959961,12.594688415527344,17.787796020507812,29.623815536499023,26.23187255859375,72.78742980957031,26.5716552734375,44.428611755371094
2023-03-28,13.62827205657959,12.71107006072998,18.3785343170166,29.697145462036133,27.309383392333984,74.97370910644531,27.7183780670166,45.87938690185547
2023-03-29,13.541634559631348,12.604290008544922,18.53794288635254,29.642147064208984,27.318674087524414,74.90052795410156,27.897552490234375,45.87938690185547
2023-03-30,14.042165756225586,12.713854789733887,19.100547790527344,29.990446090698242,27.783117294311523,76.01654052734375,28.426118850708008,46.5539436340332
2023-03-31,14.021871566772461,12.61322021484375,18.931766510009766,29.944616317749023,27.430143356323242,75.28472137451172,27.942346572875977,46.101158142089844
2023-04-03,14.023963928222656,12.692632675170898,18.744232177734375,30.320417404174805,27.309383392333984,75.3304672241211,27.870676040649414,46.091915130615234
2023-04-04,14.069467544555664,12.72816276550293,18.35978126525879,30.393741607666016,27.188629150390625,75.18411254882812,27.503366470336914,45.944061279296875
2023-04-05,14.069467544555664,12.632616996765137,18.069101333618164,30.302085876464844,26.872804641723633,74.42485046386719,26.81354331970215,45.39887237548828
2023-04-06,13.887456893920898,12.664690017700195,18.38791275024414,30.375408172607422,27.20720672607422,75.24813842773438,27.2614803314209,45.953304290771484
2023-04-10,13.705446243286133,12.761674880981445,18.209753036499023,30.250757217407227,27.114316940307617,74.90967559814453,26.956884384155273,45.768497467041016
2023-04-11,13.787531852722168,12.752937316894531,18.31290054321289,30.201261520385742,27.13289451599121,75.00113677978516,26.84937858581543,45.79622268676758
2023-04-12,13.887456893920898,12.722305297851562,17.64714241027832,30.072938919067383,26.389781951904297,73.26310729980469,25.622028350830078,44.5857048034668
2023-04-13,14.087668418884277,12.789905548095703,17.99408531188965,30.25625228881836,27.002851486206055,74.87309265136719,26.338727951049805,45.51899719238281
2023-04-14,14.096222877502441,12.805941581726074,17.85343360900879,30.19667625427246,26.66844940185547,74.05894470214844,25.890790939331055,45.13090133666992
2023-04-17,14.497194290161133,13.040145874023438,18.284767150878906,30.55872344970703,27.39298439025879,75.55000305175781,26.643325805664062,46.07343292236328
2023-04-18,14.620052337646484,13.063096046447754,18.256635665893555,30.604551315307617,27.281517028808594,75.41279602050781,26.598533630371094,45.92558288574219
2023-04-19,14.560897827148438,12.953723907470703,18.05034828186035,30.292917251586914,26.94711685180664,74.47058868408203,26.195388793945312,45.417354583740234
2023-04-20,14.442590713500977,12.944409370422363,17.825305938720703,30.16459846496582,26.770626068115234,73.99492645263672,25.899749755859375,45.06621170043945
2023-04-21,14.35977554321289,12.780975341796875,17.609638214111328,29.513826370239258,26.3804931640625,72.77828216552734,25.36222267150879,44.3454475402832
2023-04-24,14.287879943847656,12.641261100769043,17.30020523071289,29.22968292236328,26.111114501953125,71.94584655761719,24.7799072265625,43.781776428222656
2023-04-25,14.069467544555664,12.392171859741211,16.728219985961914,28.73473358154297,25.4051570892334,70.04315948486328,23.928823471069336,42.635948181152344
2023-04-26,14.287879943847656,12.568761825561523,17.06578254699707,28.88138771057129,25.82316017150879,71.10428619384766,24.430517196655273,43.2735481262207
2023-04-27,14.36978530883789,12.762154579162598,17.262697219848633,29.293846130371094,26.1854248046875,71.93670654296875,24.80678367614746,43.86494445800781
2023-04-28,14.666919708251953,12.88113021850586,17.440855026245117,29.56882095336914,26.315471649169922,72.36664581298828,25.048667907714844,44.09595489501953
2023-05-01,14.515395164489746,12.828604698181152,17.38459587097168,29.330509185791016,26.21329116821289,72.21113586425781,24.968040466308594,43.92038345336914
2023-05-02,14.26968002319336,12.779151916503906,16.82198715209961,29.165525436401367,25.72098159790039,71.00365447998047,24.099040985107422,43.116451263427734
2023-05-03,14.114970207214355,12.70319652557373,16.850116729736328,29.257183074951172,25.6002254486084,70.8207015991211,24.072166442871094,43.033287048339844
2023-05-04,14.233278274536133,12.944121360778809,17.04703140258789,29.48357582092285,26.2876033782959,71.92755126953125,24.484268188476562,43.7632942199707
2023-05-05,14.40163803100586,12.93451976776123,17.187681198120117,29.408416748046875,26.631296157836914,72.43983459472656,24.78886604309082,44.24380111694336
2023-05-08,14.80151653289795,13.035345077514648,17.084535598754883,29.61465072631836,26.835649490356445,72.66851806640625,24.591773986816406,44.3454475402832
2023-05-09,14.87941837310791,12.891307830810547,16.82198715209961,29.394668579101562,26.417648315429688,71.57080078125,23.98257827758789,43.643165588378906
2023-05-10,14.714879989624023,12.872102737426758,16.9063777923584,29.22052001953125,26.23187255859375,71.29637908935547,23.892990112304688,43.47683334350586
2023-05-11,14.706416130065918,12.843584060668945,17.272071838378906,29.083032608032227,26.51053810119629,71.8269271850586,24.690319061279297,43.8187370300293
2023-05-12,14.306081771850586,12.492806434631348,16.915756225585938,28.51475715637207,25.81386947631836,69.98827362060547,24.00049591064453,42.70987319946289
2023-05-15,14.686120986938477,12.840703964233398,17.497114181518555,29.22052001953125,26.974985122680664,72.65021514892578,25.389102935791016,44.428611755371094
2023-05-16,14.597301483154297,12.660849571228027,17.328332901000977,28.78972816467285,26.69631576538086,71.79034423828125,25.129297256469727,43.98506546020508
2023-05-17,14.490915298461914,12.622440338134766,17.103288650512695,28.60549545288086,26.417648315429688,71.19574737548828,25.093463897705078,43.6708869934082
2023-05-18,14.541695594787598,12.555221557617188,16.746971130371094,28.331439971923828,26.055381774902344,70.07060241699219,24.045289993286133,42.89468002319336
2023-05-19,14.456514358520508,12.538129806518555,16.643823623657227,28.50558853149414,25.916048049926758,70.04315948486328,23.830280303955078,42.746829986572266
2023-05-22,14.351585388183594,12.560023307800293,17.07515525817871,28.50558853149414,26.334047317504883,70.77495574951172,24.323009490966797,43.347469329833984
2023-05-23,14.173304557800293,12.295955657958984,16.587568283081055,27.973974227905273,25.535202026367188,69.04606628417969,23.56151580810547,42.155433654785156
2023-05-24,13.969362258911133,12.051093101501465,16.212493896484375,27.5706787109375,25.02431297302246,67.83858489990234,23.17629051208496,41.38846969604492
2023-05-25,13.72364616394043,11.911856651306152,15.828045845031738,27.42860984802246,24.5134220123291,66.43899536132812,22.69251823425293,40.55681610107422
2023-05-26,13.678142547607422,11.93586254119873,16.19373893737793,27.58901023864746,24.922134399414062,67.43608856201172,23.364425659179688,41.28682327270508
2023-05-30,13.396025657653809,11.715005874633789,15.706146240234375,27.213214874267578,24.188310623168945,65.88099670410156,22.51333999633789,40.13175582885742
2023-05-31,12.972667694091797,11.707420349121094,15.640509605407715,27.12155532836914,24.123289108276367,65.597412109375,22.35208511352539,39.9561882019043
2023-06-01,13.050204277038574,11.734210968017578,16.128103256225586,27.314035415649414,24.736356735229492,67.05188751220703,23.46297264099121,40.97264099121094
2023-06-02,13.341423034667969,11.902255058288574,16.728219985961914,27.63484001159668,25.479469299316406,68.65271759033203,24.161752700805664,42.06303024291992
2023-06-05,13.314120292663574,11.807957649230957,16.65320587158203,27.423110961914062,25.44231414794922,68.29595947265625,23.96466064453125,41.86897659301758
2023-06-06,13.477931022644043,11.849441528320312,17.07515525817871,27.158218383789062,25.99964714050293,69.3662338256836,24.84261703491211,42.49734115600586
2023-06-07,13.359623908996582,11.705403327941895,16.878246307373047,26.883596420288086,25.685815811157227,68.72589874267578,24.573854446411133,41.992713928222656
2023-06-08,13.568936347961426,11.878344535827637,17.084535598754883,27.177507400512695,25.956684112548828,69.20156860351562,24.950122833251953,42.4870719909668
2023-06-09,13.665038108825684,11.854146003723145,17.15017318725586,27.11321449279785,25.984703063964844,69.40283203125,24.994918823242188,42.43111038208008
2023-06-12,13.559835433959961,11.78222370147705,17.253318786621094,27.214244842529297,25.91931915283203,69.19243621826172,24.914287567138672,42.43111038208008
2023-06-13,13.596237182617188,11.84454345703125,17.478361129760742,27.177507400512695,26.218212127685547,69.90594482421875,25.496606826782227,43.01874542236328
2023-06-14,13.57803726196289,11.856642723083496,17.797170639038086,27.361202239990234,26.573143005371094,70.9853515625,26.204347610473633,43.690330505371094
2023-06-15,13.760047912597656,12.08873462677002,18.406665802001953,27.958206176757812,27.16158103942871,72.40323638916016,26.706037521362305,44.557796478271484
2023-06-16,13.740300178527832,12.1231107711792,18.256635665893555,27.985759735107422,27.002798080444336,72.1654052734375,26.44623565673828,44.43653869628906
2023-06-20,13.259517669677734,11.79998779296875,17.43147850036621,27.453048706054688,25.844600677490234,69.60723876953125,24.941164016723633,42.626991271972656
2023-06-21,13.337873458862305,11.727105140686035,17.30020523071289,27.159137725830078,25.685815811157227,69.08026885986328,24.690319061279297,42.26321792602539
2023-06-22,13.223114967346191,11.676596641540527,17.215810775756836,27.003917694091797,25.629772186279297,68.90460968017578,24.645524978637695,42.09531784057617
2023-06-23,13.050204277038574,11.46534252166748,16.700088500976562,26.709087371826172,25.09737777709961,67.40689086914062,23.97361946105957,41.20920181274414
2023-06-26,13.013802528381348,11.527758598327637,16.765724182128906,26.506103515625,25.228139877319336,67.62876892089844,24.0900821685791,41.377098083496094
2023-06-27,13.186713218688965,11.758216857910156,17.197059631347656,26.851449966430664,25.779220581054688,69.15422821044922,24.86053466796875,42.291194915771484
2023-06-28,13.345973014831543,11.710205078125,17.103288650512695,26.75960350036621,25.56439208984375,68.47932434082031,24.546979904174805,41.955406188964844
2023-06-29,13.20759105682373,11.585686683654785,16.766090393066406,26.525392532348633,25.162757873535156,67.67499542236328,24.03632926940918,41.321128845214844
2023-06-30,13.498176574707031,11.747145652770996,16.944555282592773,26.800933837890625,25.39626693725586,68.20196533203125,24.125919342041016,41.731544494628906
2023-07-03,13.807509422302246,11.91211223602295,17.30147933959961,27.085660934448242,25.881961822509766,69.29290771484375,24.699277877807617,42.41245651245117
2023-07-05,13.704867362976074,11.887751579284668,17.254514694213867,26.97085189819336,25.583070755004883,68.6364974975586,24.502185821533203,42.06733322143555
2023-07-06,13.554607391357422,11.646976470947266,16.81305503845215,26.72745704650879,24.845190048217773,67.08329010009766,23.731733322143555,41.03197479248047
2023-07-07,13.756329536437988,11.758447647094727,17.179372787475586,26.924928665161133,25.386926651000977,68.44234466552734,24.618648529052734,41.89944076538086
2023-07-10,13.69015121459961,11.808629989624023,17.41419219970703,27.07188606262207,25.368244171142578,68.55329132080078,24.690319061279297,41.90876770019531
2023-07-11,13.685651779174805,11.887751579284668,17.667795181274414,27.214244842529297,25.53636932373047,69.05254364013672,25.021793365478516,42.26321792602539
2023-07-12,13.881656646728516,12.009650230407715,18.259540557861328,27.397939682006836,26.302274703979492,70.42082214355469,26.09684181213379,43.363868713378906
2023-07-13,14.054226875305176,12.043656349182129,18.569501876831055,27.802066802978516,26.900053024291992,71.75214385986328,27.010635375976562,44.25931167602539
2023-07-14,13.948116302490234,11.965703964233398,18.240753173828125,27.58989906311035,26.42369842529297,70.66120147705078,26.204347610473633,43.503780364990234
2023-07-17,13.854378700256348,11.921855926513672,18.118648529052734,27.46223258972168,26.292932510375977,70.31912994384766,26.05204963684082,43.26126480102539
2023-07-18,13.713772773742676,11.849165916442871,17.780508041381836,27.232616424560547,25.704496383666992,69.18196868896484,25.048667907714844,42.37514877319336
2023-07-19,13.81688404083252,11.844293594360352,17.84625816345215,27.085660934448242,25.872621536254883,69.26517486572266,25.344310760498047,42.533714294433594
2023-07-20,13.822038650512695,11.804926872253418,17.761720657348633,27.05351448059082,25.779220581054688,69.14498138427734,25.147216796875,42.337833404541016
2023-07-21,13.707961082458496,11.76000690460205,17.79929542541504,26.97728157043457,25.797901153564453,68.92310333251953,25.236804962158203,42.32851028442383
2023-07-24,13.868439674377441,11.926728248596191,18.29711151123047,27.27394676208496,26.348974227905273,70.36534881591797,26.38352394104004,43.270591735839844
2023-07-25,13.929743766784668,12.019296646118164,18.560110092163086,27.870952606201172,26.675886154174805,71.32685852050781,26.410398483276367,43.79293441772461
2023-07-26,13.982518196105957,12.095982551574707,18.95460319519043,27.958206176757812,27.058837890625,72.39929962158203,27.019594192504883,44.46451950073242
2023-07-27,13.723146438598633,11.881223678588867,18.7949275970459,27.53019905090332,26.619844436645508,71.47477722167969,26.43727684020996,43.820919036865234
2023-07-28,13.938742637634277,12.304309844970703,19.987808227539062,28.62868881225586,28.095609664916992,74.75682830810547,28.435077667236328,46.152809143066406
2023-07-31,14.051226615905762,12.407792091369629,20.31655502319336,28.564395904541016,28.413183212280273,75.45022583007812,28.63216781616211,46.451290130615234
2023-08-01,13.919995307922363,12.15084171295166,19.668455123901367,28.252117156982422,27.72199821472168,73.59193420410156,27.843799591064453,45.43458938598633
2023-08-02,13.601287841796875,12.009552001953125,19.076711654663086,27.97657585144043,26.872034072875977,71.85384368896484,26.54477882385254,44.12873077392578
2023-08-03,13.737863540649414,12.223921775817871,19.67784881591797,28.509286880493164,27.600574493408203,73.53646850585938,27.6287899017334,45.192073822021484
2023-08-04,13.580385208129883,12.078248023986816,19.527563095092773,28.44499397277832,27.208284378051758,72.63967895507812,27.395862579345703,44.7256965637207
2023-08-07,13.559106826782227,12.024168968200684,19.489992141723633,28.117101669311523,27.105541229248047,72.06647491455078,26.965843200683594,44.296627044677734
2023-08-08,13.634096145629883,11.853647232055664,18.926427841186523,27.90309715270996,26.601163864135742,70.83686828613281,26.43727684020996,43.587730407714844
2023-08-09,13.610662460327148,11.843903541564941,18.945209503173828,27.90309715270996,26.7132511138916,71.22515869140625,26.661243438720703,43.73697280883789
2023-08-10,13.901247024536133,11.884925842285156,19.095497131347656,27.90309715270996,26.92807388305664,71.65044403076172,26.90312957763672,44.044776916503906
2023-08-11,13.538108825683594,11.571069717407227,18.475574493408203,27.0406551361084,26.078105926513672,69.54252624511719,25.801206588745117,42.757572174072266
2023-08-14,13.432560920715332,11.498963356018066,18.268932342529297,26.947891235351562,25.83525848388672,69.05254364013672,25.7205753326416,42.44976043701172
2023-08-15,13.32616901397705,11.35533618927002,17.808685302734375,26.571317672729492,25.41494369506836,68.03555297851562,25.18305015563965,41.75019836425781
2023-08-16,13.190717697143555,11.186179161071777,17.49872589111328,26.304962158203125,24.891889572143555,66.84293365478516,24.75303077697754,40.9853401184082
2023-08-17,13.273207664489746,11.244644165039062,17.705368041992188,26.5621337890625,25.07869529724121,67.54556274414062,24.968040466308594,41.395755767822266
2023-08-18,13.192405700683594,11.049762725830078,17.113622665405273,26.18556022644043,24.462236404418945,65.9091567993164,24.063209533691406,40.40702819824219
2023-08-21,12.991994857788086,10.915587425231934,17.339048385620117,26.066158294677734,24.42487335205078,65.9368896484375,24.152793884277344,40.3324089050293
2023-08-22,13.215089797973633,10.90360164642334,17.245121002197266,25.955944061279297,24.4155330657959,65.7704849243164,24.206544876098633,40.22047805786133
2023-08-23,13.434529304504395,10.94248104095459,17.423583984375,25.799806594848633,24.9385929107666,66.34368133544922,24.690319061279297,40.78013610839844
2023-08-24,13.324575424194336,10.831690788269043,17.508119583129883,25.86409568786621,25.050676345825195,66.6395263671875,24.797822952270508,40.817440032958984
2023-08-25,13.269082069396973,10.812787055969238,17.47054672241211,25.772249221801758,25.00397491455078,66.49160766601562,24.690319061279297,40.817440032958984
2023-08-28,13.47849178314209,10.96011734008789,17.780508041381836,26.161678314208984,25.60175323486328,67.76744079589844,25.398061752319336,41.64759826660156
2023-08-29,13.59182071685791,11.117971420288086,18.4473934173584,26.55845832824707,26.106128692626953,69.38536071777344,26.17746925354004,42.552371978759766
2023-08-30,13.474836349487305,11.010787010192871,18.36285972595215,26.461101531982422,25.928661346435547,68.9878158569336,25.962461471557617,42.31917953491211
2023-08-31,13.581697463989258,11.008058547973633,18.156217575073242,26.314146041870117,25.5924129486084,68.28517150878906,25.7205753326416,41.890113830566406
2023-09-01,13.9575834274292,11.186179161071777,18.625858306884766,26.5988712310791,26.1901912689209,69.6349868774414,26.6164493560791,42.8042106628418
2023-09-05,14.229328155517578,11.089128494262695,18.259540557861328,26.516210556030273,25.80723762512207,68.83988952636719,25.890790939331055,42.272544860839844
2023-09-06,14.248075485229492,11.005134582519531,18.221969604492188,26.369253158569336,25.881961822509766,69.03404235839844,25.872873306274414,42.291194915771484
2023-09-07,14.098095893859863,10.776344299316406,17.620832443237305,25.78143310546875,25.14407730102539,66.94461822509766,24.78886604309082,41.03197479248047
2023-09-08,14.1066255569458,10.731228828430176,17.489336013793945,25.72632598876953,25.10671615600586,66.6395263671875,24.627609252929688,40.93870162963867
2023-09-11,14.251450538635254,10.884114265441895,17.93079376220703,26.295774459838867,25.44296646118164,67.85066223144531,25.084505081176758,41.610286712646484
2023-09-12,14.108407020568848,10.86959457397461,18.015329360961914,26.22229766845703,25.49901008605957,67.84140014648438,25.048667907714844,41.610286712646484
2023-09-13,14.097908020019531,10.791544914245605,17.742935180664062,26.13963508605957,25.284183502197266,67.44385528564453,24.887413024902344,41.293148040771484
2023-09-14,14.627711296081543,10.85488224029541,17.83686637878418,26.11667251586914,25.49901008605957,67.82291412353516,24.985958099365234,41.51700973510742
2023-09-15,14.487105369567871,10.748574256896973,17.78990364074707,25.82735824584961,25.386926651000977,67.21273803710938,24.81574249267578,41.24650955200195
2023-09-18,14.636523246765137,10.74399471282959,17.827470779418945,26.00186538696289,25.265499114990234,67.31442260742188,24.77094841003418,41.1718864440918
2023-09-19,14.860836029052734,10.690694808959961,17.47994041442871,25.900836944580078,25.200119018554688,66.89839935302734,24.636566162109375,40.91071701049805
2023-09-20,14.904236793518066,10.635640144348145,17.263904571533203,25.753883361816406,25.022653579711914,66.37142181396484,24.269258499145508,40.6029052734375
2023-09-21,14.711138725280762,10.535568237304688,16.963336944580078,25.469152450561523,24.480915069580078,65.21577453613281,23.767568588256836,39.81938934326172
2023-09-22,14.857368469238281,10.723337173461914,17.45176124572754,26.070751190185547,25.34956169128418,67.11103820800781,24.645524978637695,41.06929016113281
2023-09-25,14.880803108215332,10.631937026977539,17.188764572143555,25.799806594848633,24.957271575927734,66.25123596191406,24.466350555419922,40.4909782409668
2023-09-26,14.871428489685059,10.52845573425293,16.92576789855957,25.698772430419922,24.611679077148438,65.53934478759766,24.134878158569336,40.02459716796875
2023-09-27,14.883895874023438,10.548625946044922,16.963336944580078,25.735509872436523,24.667722702026367,65.76123046875,24.251338958740234,40.15518569946289
2023-09-28,14.937045097351074,10.6161527633667,17.057266235351562,25.78143310546875,24.527616500854492,65.59481811523438,24.197587966918945,40.07123565673828
2023-09-29,14.862524032592773,10.631547927856445,17.282690048217773,25.9329833984375,24.779808044433594,66.1495361328125,24.520103454589844,40.37904739379883
2023-10-02,14.70832633972168,10.597639083862305,17.16997718811035,25.753883361816406,24.630361557006836,65.9368896484375,24.502185821533203,40.1924934387207
2023-10-03,14.379307746887207,10.406362533569336,16.822446823120117,25.496707916259766,24.05126190185547,64.68879699707031,23.991535186767578,39.39965057373047
2023-10-04,14.121529579162598,10.304439544677734,16.7379093170166,25.331384658813477,23.84577751159668,64.25426483154297,23.767568588256836,39.11982345581055
2023-10-05,14.262136459350586,10.36767864227295,16.719125747680664,25.445274353027344,23.995222091674805,64.48539733886719,23.875070571899414,39.343685150146484
2023-10-06,14.435644149780273,10.562657356262207,17.123016357421875,25.72173309326172,24.49959945678711,65.97386932373047,24.73511505126953,40.22047805786133
2023-10-09,14.763630867004395,10.5055570602417,17.094837188720703,25.763065338134766,24.490257263183594,65.87218475341797,24.681358337402344,40.183170318603516
2023-10-10,14.763630867004395,10.479735374450684,17.57386589050293,25.790618896484375,25.116056442260742,66.89839935302734,25.541400909423828,40.95735168457031
2023-10-11,14.473045349121094,10.479735374450684,17.639617919921875,25.790618896484375,25.358901977539062,67.33292388916016,25.675783157348633,41.27449035644531
2023-10-12,14.299631118774414,10.455374717712402,17.245121002197266,25.533445358276367,24.91990852355957,66.35292053222656,24.717195510864258,40.52828598022461
2023-10-13,14.443893432617188,10.356765747070312,17.094837188720703,25.386491775512695,24.733102798461914,65.91840362548828,24.43947410583496,40.26710891723633
2023-10-16,14.71676254272461,10.356765747070312,17.198156356811523,25.339651107788086,24.891889572143555,65.96463012695312,24.609689712524414,40.37904739379883
2023-10-17,14.665206909179688,10.338445663452148,17.000911712646484,25.175243377685547,24.7050838470459,65.60406494140625,24.278217315673828,40.08988952636719
2023-10-18,14.533974647521973,10.128949165344238,16.878801345825195,24.86296272277832,24.294111251831055,64.37445831298828,23.785486221313477,39.39965057373047
2023-10-19,14.529287338256836,10.012117385864258,16.5688419342041,24.486391067504883,23.873798370361328,63.47766876220703,23.391300201416016,38.86798095703125
2023-10-20,14.210580825805664,9.928903579711914,16.324626922607422,24.25493812561035,23.37876319885254,62.48842239379883,22.970237731933594,38.16841125488281
2023-10-23,14.163711547851562,9.900158882141113,16.43734359741211,24.160335540771484,23.58424949645996,62.64559555053711,23.19420623779297,38.39227294921875
2023-10-24,14.510540008544922,10.089972496032715,17.06665802001953,24.60579490661621,24.340810775756836,64.35596466064453,24.161752700805664,39.49292755126953
2023-10-25,14.440330505371094,10.070874214172363,16.81305503845215,24.293514251708984,23.84577751159668,63.43143844604492,23.525680541992188,38.895965576171875
2023-10-26,14.346500396728516,10.08295726776123,16.766090393066406,24.440467834472656,23.892478942871094,63.37596893310547,23.56151580810547,38.90528869628906
2023-10-27,14.449610710144043,10.18760871887207,16.860017776489258,24.633346557617188,23.97654151916504,63.94916915893555,23.731733322143555,39.10116195678711
2023-10-30,14.174210548400879,10.309507369995117,16.944555282592773,24.96399688720703,24.228729248046875,64.6795425415039,23.857152938842773,39.6048583984375
2023-10-31,14.36993408203125,10.19170093536377,16.587627410888672,24.881332397460938,23.836437225341797,63.838226318359375,23.337547302246094,38.99856948852539
2023-11-01,14.430864334106445,10.157012939453125,16.43734359741211,24.936439514160156,23.799074172973633,63.819732666015625,23.26587677001953,38.98923873901367
2023-11-02,14.473045349121094,10.205926895141602,16.5688419342041,24.817039489746094,24.05126190185547,64.19879150390625,23.54360008239746,39.315704345703125
2023-11-03,14.590216636657715,10.365633010864258,17.151193618774414,25.20279884338379,24.611679077148438,65.98311614990234,24.493227005004883,40.341732025146484
2023-11-06,14.319128036499023,10.357934951782227,17.207550048828125,25.349754333496094,24.686405181884766,66.24198913574219,24.582815170288086,40.58424758911133
2023-11-07,14.318378448486328,10.32363510131836,17.216941833496094,25.39567756652832,24.57431983947754,66.27896881103516,24.546979904174805,40.518959045410156
2023-11-08,14.140277862548828,10.293526649475098,17.06665802001953,25.25790786743164,24.3968563079834,66.02935028076172,24.538021087646484,40.26710891723633
2023-11-09,14.27010440826416,10.221030235290527,16.756696701049805,25.124731063842773,24.060604095458984,65.04935455322266,24.027372360229492,39.735443115234375
2023-11-10,14.501166343688965,10.23126220703125,16.775482177734375,25.037473678588867,23.98587989807129,64.91067504882812,24.072166442871094,39.64216613769531
2023-11-13,14.53866195678711,10.333574295043945,16.8975887298584,25.230350494384766,24.30345344543457,65.70576477050781,24.36780548095703,40.0339241027832
2023-11-14,14.519913673400879,10.499320983886719,17.254514694213867,25.602331161499023,24.826505661010742,66.98160552978516,24.87845230102539,41.003990173339844
2023-11-15,14.599778175354004,10.52806568145752,17.5832576751709,25.56926727294922,25.41494369506836,67.98934173583984,25.72953224182129,41.862125396728516
2023-11-16,14.499292373657227,10.338543891906738,16.963336944580078,25.120136260986328,24.378173828125,65.77972412109375,24.681358337402344,40.323081970214844
2023-11-17,14.651145935058594,10.349846839904785,17.038476943969727,25.380062103271484,24.3968563079834,66.25123596191406,24.7799072265625,40.360389709472656
2023-11-20,14.819873809814453,10.479735374450684,17.536298751831055,25.652847290039062,24.929250717163086,67.65650939941406,25.702659606933594,41.24650955200195
2023-11-21,14.694265365600586,10.404315948486328,17.141801834106445,25.579370498657227,24.434213638305664,66.55632019042969,25.057626724243164,40.546939849853516
2023-11-22,14.6318359375,10.294694900512695,17.10422706604004,25.25790786743164,24.555641174316406,66.18651580810547,25.1920108795166,40.5096321105957
2023-11-24,14.908361434936523,10.44563102722168,17.282690048217773,25.36260986328125,24.621021270751953,66.62104034423828,25.58619499206543,40.714839935302734
2023-11-27,15.021689414978027,10.283002853393555,17.000911712646484,25.110952377319336,24.30345344543457,65.89990997314453,25.1024227142334,40.22980499267578
2023-11-28,14.988600730895996,10.343416213989258,17.273298263549805,25.267091751098633,24.013900756835938,66.12178802490234,25.335350036621094,40.341732025146484
2023-11-29,14.961323738098145,10.1923828125,16.963336944580078,25.019105911254883,23.406784057617188,65.04010772705078,24.90532684326172,39.56754684448242
2023-11-30,14.969853401184082,10.2186918258667,16.98212242126465,25.092580795288086,23.500186920166016,65.3821792602539,25.138256072998047,39.810062408447266
2023-12-01,15.044842720031738,10.138790130615234,16.81305503845215,25.046661376953125,23.247997283935547,64.9476547241211,24.78886604309082,39.46494674682617
2023-12-04,15.064809799194336,10.101861000061035,16.48430633544922,24.844594955444336,22.706260681152344,64.0416259765625,24.125919342041016,38.812007904052734
2023-12-05,14.846214294433594,9.921401023864746,16.343414306640625,24.376176834106445,22.36067008972168,62.922950744628906,23.98257827758789,38.149757385253906
2023-12-06,14.663145065307617,9.960572242736816,16.399770736694336,24.302698135375977,22.370010375976562,63.03389358520508,23.98257827758789,38.131103515625
2023-12-07,14.651145935058594,9.919452667236328,16.43734359741211,24.390871047973633,22.444732666015625,63.09861755371094,24.161752700805664,38.16841125488281
2023-12-08,14.485419273376465,9.818893432617188,16.155561447143555,24.338518142700195,22.13650131225586,62.33125305175781,23.910907745361328,37.73002243041992
2023-12-11,14.74488353729248,9.909805297851562,16.258878707885742,24.637939453125,22.220565795898438,63.006160736083984,24.045289993286133,38.03782272338867
2023-12-12,14.735509872436523,9.914580345153809,16.343414306640625,24.57823944091797,22.370010375976562,63.117103576660156,24.331968307495117,38.2430305480957
2023-12-13,14.690703392028809,9.860695838928223,16.258878707885742,24.535070419311523,22.295289993286133,62.987667083740234,24.197587966918945,38.16841125488281
2023-12-14,14.773004531860352,9.89509105682373,16.493698120117188,24.4680233001709,22.5848388671875,63.810489654541016,24.493227005004883,38.550846099853516
2023-12-15,14.608682632446289,9.812267303466797,16.427949905395508,24.155742645263672,22.53813362121582,63.44993209838867,24.493227005004883,38.429588317871094
2023-12-18,14.788846969604492,9.719698905944824,16.324626922607422,24.015216827392578,22.304628372192383,62.88786697387695,24.101097106933594,38.11244583129883
2023-12-19,14.877147674560547,9.769491195678711,16.53127098083496,24.2384033203125,22.603517532348633,63.43760681152344,24.392236709594727,38.56949996948242
2023-12-20,14.694265365600586,9.577922821044922,15.977096557617188,23.646757125854492,21.949159622192383,61.816837310791016,23.70987319946289,37.5411262512207
2023-12-21,14.848931312561035,9.803205490112305,16.512487411499023,24.08643341064453,22.715608596801758,63.399688720703125,24.528709411621094,38.58287811279297
2023-12-22,15.063777923583984,9.83419132232666,16.211917877197266,24.08643341064453,22.083290100097656,62.044307708740234,23.482419967651367,37.55068588256836
2023-12-26,15.094712257385254,9.827176094055176,16.324626922607422,23.933502197265625,22.24616050720215,62.37604904174805,23.69167709350586,37.81828689575195
2023-12-27,15.224724769592285,9.803400039672852,16.287059783935547,23.9908504486084,22.27490234375,62.52770233154297,23.629709243774414,37.780059814453125
2023-12-28,15.095100402832031,10.109999656677246,16.735185623168945,24.61212730407715,22.87847900390625,64.10108184814453,24.276721954345703,38.66889190673828
2023-12-29,15.2701997756958,10.164999961853027,16.88871955871582,24.679033279418945,23.022192001342773,64.56552124023438,24.604787826538086,38.93650436401367
2024-01-02,15.539999961853027,10.015000343322754,16.30337142944336,24.25847625732422,22.26531982421875,63.04899978637695,23.75728988647461,37.95209503173828
2024-01-03,15.795000076293945,10.066399574279785,16.485694885253906,24.268035888671875,22.677288055419922,63.475528717041016,24.15825653076172,38.4873046875
2024-01-04,15.90999984741211,9.975000381469727,16.35135269165039,23.904827117919922,22.38028907775879,62.802574157714844,23.87575912475586,38.00944137573242
2024-01-05,16.045000076293945,9.928099632263184,16.197816848754883,23.818801879882812,22.255741119384766,62.281272888183594,23.584142684936523,37.68449020385742
2024-01-08,15.795499801635742,9.835000038146973,16.034687042236328,23.503387451171875,21.977903366088867,61.54197311401367,23.310758590698242,37.30219650268555
2024-01-09,15.854999542236328,9.739999771118164,15.813982009887695,23.37912940979004,21.537193298339844,60.8690185546875,22.97357940673828,36.77654266357422
2024-01-10,15.774700164794922,9.694199562072754,15.823577880859375,23.37912940979004,21.546775817871094,60.72684097290039,22.873340606689453,36.73831558227539
2024-01-11,15.6899995803833,9.763999938964844,16.053878784179688,23.465152740478516,21.872516632080078,61.35240936279297,23.356321334838867,37.17795181274414
2024-01-12,15.908900260925293,9.845000267028809,15.986708641052246,23.422142028808594,21.776710510253906,61.134403228759766,23.1740665435791,37.063262939453125
2024-01-16,15.915200233459473,9.739299774169922,15.43974494934082,23.388687133789062,21.09648895263672,59.532588958740234,22.281002044677734,35.9832878112793
2024-01-17,15.6899995803833,9.51140022277832,14.950355529785156,22.89166831970215,20.550395965576172,58.17721176147461,21.697776794433594,35.17091751098633
2024-01-18,15.600000381469727,9.527700424194336,14.988738059997559,23.082828521728516,20.627038955688477,58.34781265258789,21.606647491455078,35.295162200927734
2024-01-19,15.436200141906738,9.506600379943848,15.017525672912598,23.30266571044922,20.770748138427734,58.527896881103516,21.661327362060547,35.400291442871094
2024-01-22,15.046099662780762,9.229999542236328,14.508944511413574,22.74351692199707,20.253393173217773,56.907127380371094,21.059877395629883,34.4827880859375
2024-01-23,15.279999732971191,9.461099624633789,15.046314239501953,23.073270797729492,21.182714462280273,58.67954635620117,22.089632034301758,35.78258514404297
2024-01-24,15.979999542236328,9.78969955444336,15.420552253723145,23.7041072845459,21.815034866333008,60.42353820800781,22.7275333404541,36.69053268432617
2024-01-25,16.40999984741211,9.835000038146973,15.295805931091309,23.675432205200195,21.795873641967773,60.42353820800781,22.527050018310547,36.75742721557617
2024-01-26,16.553300857543945,9.808199882507324,15.209444046020508,23.675432205200195,21.652164459228516,60.158145904541016,22.308340072631836,36.480262756347656
2024-01-29,16.530000686645508,9.774999618530273,14.758437156677246,23.264432907104492,21.355165481567383,59.12502670288086,21.734230041503906,35.82080841064453
2024-01-30,16.38990020751953,9.805000305175781,14.470561981201172,22.796085357666016,21.01026153564453,57.921295166015625,21.28769874572754,35.15180206298828
2024-01-31,16.345300674438477,9.8149995803833,14.374603271484375,22.662273406982422,20.847394943237305,57.532691955566406,21.269472122192383,34.92242431640625
2024-02-01,16.398500442504883,9.869999885559082,14.547327995300293,22.58580780029297,20.943199157714844,57.67485809326172,21.56108283996582,35.06578063964844
2024-02-02,16.360000610351562,9.816399574279785,14.288241386413574,22.050552368164062,20.51207160949707,56.5659065246582,21.078100204467773,34.44456100463867
2024-02-05,16.34000015258789,9.729999542236328,14.403390884399414,22.232158660888672,20.962360382080078,56.963993072509766,21.305923461914062,34.90331268310547
2024-02-06,16.396499633789062,9.823200225830078,15.26701831817627,23.37912940979004,22.159934997558594,59.86432647705078,22.73664665222168,36.805213928222656
2024-02-07,16.348800659179688,9.835599899291992,15.113486289978027,23.723222732543945,21.67132568359375,59.48519515991211,22.253664016723633,36.298675537109375
2024-02-08,16.360000610351562,9.760000228881836,14.892780303955078,23.68499183654785,21.173131942749023,58.65111541748047,21.834470748901367,35.639225006103516
2024-02-09,16.399900436401367,9.811400413513184,15.075101852416992,23.674474716186523,21.422229766845703,59.096588134765625,22.162534713745117,35.973724365234375
2024-02-12,16.280000686645508,9.814299583435059,15.382168769836426,23.880931854248047,21.76712989807129,59.93067169189453,22.76398468017578,36.556724548339844
2024-02-13,16.395999908447266,9.779999732971191,15.036717414855957,23.78057289123535,21.268939971923828,58.85963821411133,22.12608528137207,35.792144775390625
2024-02-14,16.329999923706055,9.792200088500977,15.430148124694824,23.8283634185791,21.719228744506836,59.54206848144531,22.918903350830078,36.403812408447266
2024-02-15,16.420000076293945,9.805000305175781,15.650851249694824,23.943058013916016,21.80545425415039,59.76006317138672,22.95535659790039,36.49938201904297
2024-02-16,16.389999389648438,9.800000190734863,15.86196231842041,24.248918533325195,22.102449417114258,60.679447174072266,23.155839920043945,37.07282257080078
2024-02-20,16.389999389648438,9.800000190734863,15.46853256225586,24.16289710998535,21.958744049072266,60.29084396362305,22.754871368408203,36.766990661621094
2024-02-21,16.389999389648438,9.800000190734863,15.76600456237793,24.46875762939453,22.600645065307617,61.32396697998047,23.13761329650879,37.5411262512207
2024-02-22,16.389999389648438,9.800000190734863,16.063474655151367,24.650360107421875,22.945545196533203,62.19597244262695,23.46567726135254,38.00944137573242
2024-02-23,16.389999389648438,9.800000190734863,16.188220977783203,24.73638153076172,23.108415603637695,62.423439025878906,23.638822555541992,38.13368606567383
2024-02-26,16.389999389648438,9.800000190734863,16.264989852905273,24.392290115356445,22.9072208404541,62.044307708740234,23.50213050842285,37.79917526245117
2024-02-27,16.389999389648438,9.800000190734863,16.62963104248047,24.78512954711914,23.300025939941406,62.944740295410156,23.83019256591797,38.31527328491211
2024-02-28,16.389999389648438,9.800000190734863,16.130647659301758,24.38273048400879,22.47609519958496,61.077537536621094,23.10116195678711,37.187503814697266
2024-02-29,16.389999389648438,9.800000190734863,16.24579620361328,24.8290958404541,22.437772750854492,61.504058837890625,23.110275268554688,37.26396560668945
2024-03-01,16.389999389648438,9.800000190734863,16.63922882080078,25.061357498168945,22.91680335998535,62.432918548583984,23.684385299682617,37.87563705444336
2024-03-04,16.389999389648438,9.800000190734863,16.034687042236328,24.97533416748047,22.40903091430664,61.475624084472656,22.928016662597656,37.187503814697266
2024-03-05,16.389999389648438,9.800000190734863,15.833174705505371,25.071874618530273,22.064130783081055,60.81214904785156,22.435922622680664,36.77654266357422
2024-03-06,,,16.169031143188477,25.14737892150879,22.54315948486328,61.66518783569336,22.81866455078125,37.3499870300293
2024-03-07,,,15.929136276245117,25.02312660217285,22.35154914855957,61.28606414794922,22.7001953125,37.111053466796875
2024-03-08,,,15.890748023986816,25.109149932861328,22.485673904418945,61.523014068603516,22.754871368408203,37.23529052734375
2024-03-11,,,16.408926010131836,25.653961181640625,23.031768798828125,62.89735412597656,23.420114517211914,38.04766845703125
2024-03-12,,,16.907913208007812,25.54882049560547,23.52996063232422,63.91152572631836,24.422529220581055,38.831363677978516
2024-03-13,,,16.994274139404297,25.367218017578125,23.606603622436523,64.08212280273438,24.70503044128418,38.97472381591797
2024-03-14,,,16.687206268310547,25.238183975219727,23.127574920654297,63.21013259887695,24.094467163085938,38.391727447509766
2024-03-15,,,16.66801643371582,25.434123992919922,22.98386573791504,63.12482833862305,23.975997924804688,38.27704620361328
2024-03-18,,,16.7255916595459,25.653961181640625,23.022192001342773,63.57978057861328,24.176483154296875,38.51597213745117
2024-03-19,,,16.57205581665039,25.50103187561035,22.9072208404541,63.19117736816406,24.094467163085938,38.27704620361328
2024-03-20,,,16.84073829650879,25.577495574951172,23.11799430847168,63.816734313964844,24.641239166259766,38.659339904785156
2024-03-21,,,16.63922882080078,25.386333465576172,23.012609481811523,63.229087829589844,24.23116111755371,38.3248291015625
2024-03-22,,,16.41852378845215,24.97533416748047,22.68686866760254,62.25283432006836,23.893983840942383,37.780059814453125
2024-03-25,,,16.264989852905273,24.920854568481445,22.715608596801758,62.10118103027344,23.775516510009766,37.70360565185547
2024-03-26,,,16.29377555847168,24.917987823486328,22.840158462524414,62.158058166503906,23.739063262939453,37.827850341796875
2024-03-27,,,16.1114559173584,24.631244659423828,22.81141471862793,61.91161346435547,23.766403198242188,37.770503997802734
2024-03-28,,,16.389734268188477,24.80328941345215,23.060510635375977,62.347618103027344,23.92131996154785,37.97120666503906
2024-04-01,,,16.696800231933594,25.29075050354004,23.376672744750977,63.41865158081055,24.458982467651367,38.592437744140625
2024-04-02,,,16.879121780395508,25.30986976623535,23.56828498840332,63.46603775024414,24.550111770629883,38.707122802734375
2024-04-03,,,16.715993881225586,25.24295997619629,23.424575805664062,63.380741119384766,24.44075584411621,38.592437744140625
2024-04-04,,,16.56245994567871,25.30986976623535,23.300025939941406,63.12482833862305,24.167369842529297,38.439517974853516
2024-04-05,,,16.62963104248047,25.229581832885742,23.175479888916016,62.679351806640625,24.222047805786133,38.18147277832031
2024-04-08,,,16.62963104248047,24.994449615478516,23.33835220336914,62.87839126586914,24.28583526611328,38.36305618286133
2024-04-09,,,16.92710304260254,25.090030670166016,23.558704376220703,63.41865158081055,24.677690505981445,38.707122802734375
2024-04-10,,,16.879121780395508,24.602567672729492,23.44373321533203,62.88786697387695,24.58656120300293,38.449073791503906
2024-04-11,,,17.013465881347656,24.76505470275879,23.664093017578125,63.31439971923828,24.80527114868164,38.7453498840332
2024-04-12,,,16.466501235961914,24.4410343170166,22.840158462524414,61.67466354370117,23.766403198242188,37.5411262512207
2024-04-15,,,16.380136489868164,25.032684326171875,22.91680335998535,61.87370681762695,23.629709243774414,37.68449020385742
2024-04-16,,,16.178627014160156,24.755496978759766,22.677288055419922,61.143882751464844,23.283418655395508,37.24485397338867
2024-04-17,,,16.140241622924805,25.195171356201172,22.658126831054688,61.475624084472656,23.192293167114258,37.31175231933594
2024-04-18,,,16.370540618896484,25.185611724853516,23.070093154907227,62.10118103027344,23.3836612701416,37.78961944580078
2024-04-19,,,16.217010498046875,25.032684326171875,23.003028869628906,61.92110061645508,23.246967315673828,37.665374755859375
2024-04-22,,,16.55286407470703,24.917987823486328,23.39583396911621,62.840484619140625,24.203821182250977,38.41084289550781
2024-04-23,,,16.93669891357422,24.712488174438477,23.75989532470703,63.43760681152344,24.905513763427734,38.9078254699707
2024-04-24,,,17.013465881347656,24.70770835876465,24.21018409729004,64.22429656982422,25.479623794555664,39.50993728637695
2024-04-25,,,17.128618240356445,24.822406768798828,24.37305450439453,64.60343170166016,25.525190353393555,39.71063995361328
2024-04-26,,,17.627601623535156,25.21428680419922,24.785022735595703,65.81663513183594,26.245107650756836,40.4752197265625
2024-04-29,,,17.50285530090332,25.682636260986328,25.014955520629883,66.508544921875,26.163089752197266,40.87663269042969
2024-04-30,,,17.15740394592285,25.40545082092285,24.420957565307617,65.29532623291016,25.39760971069336,40.0164680480957
2024-05-01,,,17.23417091369629,25.41978645324707,24.602989196777344,65.59864044189453,25.488737106323242,40.303192138671875
2024-05-02,,,18.433652877807617,26.07451820373535,26.011335372924805,68.93496704101562,27.493572235107422,42.50137710571289
2024-05-03,,,18.654359817504883,26.112749099731445,26.18379020690918,69.24774932861328,27.949216842651367,42.78809356689453
2024-05-06,,,18.54880142211914,26.02672576904297,26.164627075195312,69.2572250366211,27.766958236694336,42.74986267089844
2024-05-07,,,18.193756103515625,25.959821701049805,25.790985107421875,68.79279327392578,27.129056930541992,42.28155517578125
2024-05-08,,,18.08820343017578,25.682636260986328,25.695175170898438,68.2146224975586,26.946800231933594,41.99483871459961
2024-05-09,,,18.376079559326172,26.112749099731445,26.250850677490234,69.60791015625,27.484458923339844,42.90277862548828
2024-05-10,,,18.30890655517578,25.969379425048828,26.605337142944336,69.96809387207031,27.42978286743164,43.17993927001953
2024-05-13,,,18.807893753051758,25.940704345703125,27.170591354370117,71.1812973022461,28.468650817871094,44.0592155456543
2024-05-14,,,18.654359817504883,25.88335418701172,26.835269927978516,70.87800598144531,28.22260284423828,43.84895706176758
2024-05-15,,,18.75991439819336,25.849903106689453,27.141849517822266,71.27608489990234,28.55066680908203,44.212135314941406
2024-05-16,,,18.96142578125,25.826005935668945,27.937040328979492,72.37555694580078,29.307037353515625,45.04362106323242
2024-05-17,,,19.019001007080078,26.246564865112305,28.099910736083984,72.96321105957031,29.398162841796875,45.33989715576172
2024-05-20,,,18.827085494995117,26.04584312438965,27.793331146240234,72.42294311523438,29.06098747253418,44.95760726928711
2024-05-21,,,18.414461135864258,25.902469635009766,27.362201690673828,71.30451965332031,28.3957462310791,44.22169494628906
2024-05-22,,,18.15537452697754,25.912031173706055,27.017301559448242,70.82112884521484,28.022119522094727,43.85851287841797
2024-05-23,,,17.733156204223633,25.472354888916016,26.471206665039062,69.60791015625,27.274864196777344,43.055694580078125
2024-05-24,,,17.742752075195312,25.319425582885742,26.423303604125977,69.49417877197266,27.229297637939453,42.979244232177734
2024-05-28,,,17.694772720336914,25.348102569580078,26.404142379760742,69.4752197265625,27.21107292175293,43.00791549682617
2024-05-29,,,17.608407974243164,25.386333465576172,25.982595443725586,68.93496704101562,26.828332901000977,42.53004837036133
2024-05-30,,,17.77153968811035,25.376773834228516,26.011335372924805,69.10558319091797,27.165508270263672,42.64473342895508
2024-05-31,,,17.4644718170166,25.156940460205078,25.513145446777344,68.0250473022461,26.6096248626709,41.880149841308594
2024-06-03,,,17.40689468383789,25.20473289489746,25.6376953125,68.12931823730469,26.564058303833008,42.03306579589844
2024-06-04,,,17.512451171875,25.510589599609375,25.838886260986328,68.74539947509766,26.55494499206543,42.34846115112305
2024-06-05,,,17.54123878479004,25.30986976623535,26.059242248535156,68.76435852050781,26.937686920166016,42.54916000366211
2024-06-06,,,17.52204704284668,25.30795669555664,26.049659729003906,68.79279327392578,27.047040939331055,42.59694290161133
2024-06-07,,,17.23417091369629,25.02312660217285,25.388599395751953,67.58905792236328,26.254220962524414,41.69856262207031
2024-06-10,,,17.272554397583008,25.05179786682129,25.628114700317383,68.03453063964844,26.500268936157227,42.004398345947266
2024-06-11,,,17.23417091369629,24.866785049438477,25.440696716308594,67.41844940185547,26.33623504638672,41.56380081176758
2024-06-12,,,17.224576950073242,25.04892349243164,25.38302993774414,67.65540313720703,26.4000244140625,41.640594482421875
2024-06-13,,,17.19578742980957,24.83802604675293,25.363807678222656,67.4658432006836,26.582284927368164,41.640594482421875
2024-06-14,,,17.071043014526367,24.98181915283203,25.152362823486328,67.2099380493164,26.199542999267578,41.40061569213867
2024-06-17,,,17.15740394592285,25.000991821289062,25.46953010559082,67.70279693603516,26.345348358154297,41.74618148803711
2024-06-18,,,17.15740394592285,25.154373168945312,25.527196884155273,67.73123168945312,26.23599624633789,41.784576416015625
2024-06-20,,,16.84073829650879,24.655885696411133,25.834753036499023,67.44689178466797,26.071962356567383,41.88056945800781
2024-06-21,,,16.7255916595459,24.540851593017578,25.392641067504883,66.84976196289062,25.780351638793945,41.391014099121094
2024-06-24,,,16.869529724121094,24.540851593017578,25.68097496032715,67.05632781982422,25.889705657958984,41.66938781738281
2024-06-25,,,16.677608489990234,24.262847900390625,25.479141235351562,66.453857421875,25.516077041625977,41.237430572509766
2024-06-26,,,16.696800231933594,24.42581558227539,25.488752365112305,66.7024917602539,25.5069637298584,41.31422424316406
2024-06-27,,,16.213397979736328,24.224506378173828,24.883249282836914,65.34453582763672,24.80527114868164,40.42151641845703
2024-06-28,,,16.126386642456055,24.28202247619629,24.979360580444336,65.45928955078125,24.62301254272461,40.47910690307617
2024-07-01,,,16.223066329956055,24.444990158081055,25.065860748291016,65.79399871826172,24.6959171295166,40.68069076538086
2024-07-02,,,16.261737823486328,24.397056579589844,25.402254104614258,66.119140625,24.887287139892578,40.93986511230469
2024-07-03,,,16.571115493774414,24.358713150024414,25.85397720336914,66.97026062011719,25.70744514465332,41.63098907470703
2024-07-05,,,16.368087768554688,24.051950454711914,25.411863327026367,65.90875244140625,25.151561737060547,40.987857818603516
2024-07-08,,,16.116718292236328,23.936914443969727,25.21002960205078,65.32540893554688,24.905513763427734,40.62309646606445
2024-07-09,,,16.35841941833496,24.28202247619629,25.46953010559082,66.16696166992188,25.55253028869629,41.151039123535156
2024-07-10,,,16.43576431274414,24.27243423461914,25.35419464111328,65.8991928100586,25.49785041809082,40.987857818603516
2024-07-11,,,16.74514389038086,24.655885696411133,25.892419815063477,67.22846221923828,26.099300384521484,41.82297134399414
2024-07-12,,,17.0255184173584,24.588781356811523,26.161531448364258,67.64923095703125,26.254220962524414,42.24532699584961
2024-07-15,,,16.48410415649414,24.550437927246094,25.575252532958984,66.47297668457031,25.361156463623047,41.35261917114258
2024-07-16,,,16.571115493774414,24.66547203063965,25.575252532958984,66.51123809814453,25.27914047241211,41.33342361450195
2024-07-17,,,16.368087768554688,24.703819274902344,25.229251861572266,65.78443908691406,24.98752784729004,40.77667999267578
2024-07-18,,,16.261737823486328,24.70861053466797,24.99858283996582,65.31584930419922,24.686803817749023,40.47910690307617
2024-07-19,,,16.23273277282715,24.80926513671875,24.81597137451172,65.10546112060547,24.4863224029541,40.33512496948242
2024-07-22,,,16.53244400024414,24.655885696411133,25.33497428894043,66.02351379394531,25.13333511352539,41.0550537109375
2024-07-23,,,16.126386642456055,24.109468460083008,24.979360580444336,64.77074432373047,24.6959171295166,40.25832748413086
2024-07-24,,,15.797669410705566,24.032779693603516,24.700639724731445,64.1204605102539,24.176483154296875,39.80717849731445
2024-07-25,,,15.652647972106934,24.01360321044922,24.402692794799805,63.517982482910156,23.948659896850586,39.30802536010742
2024-07-26,,,15.923354148864746,24.0423641204834,24.527637481689453,63.96744155883789,24.11269187927246,39.59600067138672
2024-07-29,,,15.720324516296387,23.83146858215332,24.566082000732422,63.728370666503906,24.14914321899414,39.480812072753906
2024-07-30,,,15.430281639099121,23.77778434753418,24.34502601623535,63.135459899902344,23.75728988647461,39.09684753417969
2024-07-31,,,15.778332710266113,24.483333587646484,24.68141746520996,64.5412368774414,24.14914321899414,39.85517120361328
2024-08-01,,,15.381940841674805,24.08070945739746,24.33541488647461,63.60405349731445,23.629709243774414,39.317623138427734
2024-08-02,,,15.236919403076172,24.27243423461914,24.220083236694336,63.508419036865234,23.356321334838867,39.1832389831543
2024-08-05,,,15.207914352416992,24.1669864654541,24.056692123413086,63.12589645385742,23.474790573120117,38.99125671386719
2024-08-06,,,15.362605094909668,23.95608901977539,23.81641387939453,63.04938888549805,23.74817657470703,38.93366622924805
2024-08-07,,,15.304595947265625,23.89857292175293,23.922136306762695,63.192840576171875,23.556806564331055,39.1352424621582
2024-08-08,,,15.613974571228027,24.01360321044922,24.49880599975586,64.3499755859375,24.212934494018555,40.008758544921875
2024-08-09,,,15.488290786743164,23.850637435913086,24.46036148071289,64.05352020263672,24.012451171875,39.84557342529297
2024-08-12,,,15.565635681152344,23.86981201171875,24.6525821685791,64.50298309326172,24.276721954345703,40.25832748413086
2024-08-13,,,15.739662170410156,24.05386734008789,24.796749114990234,65.0002670288086,24.249385833740234,40.47910690307617
2024-08-14,,,15.362605094909668,23.75956916809082,24.33541488647461,63.82400894165039,23.693498611450195,39.653594970703125
2024-08-15,,,15.555967330932617,23.927330017089844,24.835193634033203,64.64643096923828,24.08535385131836,40.239131927490234
2024-08-16,,,15.962027549743652,24.051950454711914,25.33497428894043,65.4784164428711,24.595674514770508,40.891868591308594
2024-08-19,,,16.165056228637695,24.21491813659668,25.565643310546875,65.92788696289062,24.905513763427734,41.18943405151367
2024-08-20,,,15.584972381591797,23.989641189575195,24.98897361755371,64.51254272460938,23.839305877685547,40.22953796386719
2024-08-21,,,15.894351959228516,23.965675354003906,25.24847412109375,65.09588623046875,24.249385833740234,40.690284729003906
2024-08-22,,,15.749329566955566,23.726016998291016,25.056251525878906,64.55079650878906,23.83019256591797,40.35432052612305
2024-08-23,,,15.904020309448242,24.0423641204834,25.450305938720703,65.19152069091797,24.03978729248047,40.8150749206543
2024-08-26,,,15.236919403076172,23.879398345947266,25.24847412109375,63.986576080322266,23.283418655395508,40.0279541015625
2024-08-27,,,15.343268394470215,23.754777908325195,25.527196884155273,64.16826629638672,23.265193939208984,40.18153762817383
2024-08-28,,,14.96621322631836,23.54867172241211,25.12352752685547,63.087646484375,22.536163330078125,39.423213958740234
2024-08-29,,,15.410945892333984,23.687671661376953,25.306140899658203,63.737937927246094,23.10116195678711,39.86476516723633
2024-08-30,,,15.749329566955566,23.994434356689453,25.43108367919922,64.29259490966797,23.411001205444336,40.15274429321289
2024-09-03,,,15.662317276000977,23.61098289489746,24.98897361755371,63.508419036865234,23.21051597595215,39.67279052734375
2024-09-04,,,15.633312225341797,23.519912719726562,24.969749450683594,63.23109817504883,23.23785400390625,39.53840255737305
2024-09-05,,,15.78800106048584,23.620569229125977,24.844806671142578,63.31715774536133,23.228740692138672,39.50000762939453
2024-09-06,,,15.613974571228027,23.33298110961914,24.50841522216797,62.561668395996094,23.037372589111328,39.07765197753906
2024-09-09,,,15.62364387512207,23.064565658569336,24.527637481689453,62.3608512878418,23.119388580322266,38.99125671386719
2024-09-10,,,15.575303077697754,22.978286743164062,24.469970703125,62.09309005737305,23.010032653808594,38.808876037597656
2024-09-11,,,15.797669410705566,23.054977416992188,24.719860076904297,62.552120208740234,23.274307250976562,39.144840240478516
2024-09-12,,,15.691319465637207,22.911184310913086,24.710247039794922,62.466041564941406,23.265193939208984,39.1352424621582
2024-09-13,,,15.662317276000977,22.853668212890625,24.85441780090332,62.65730667114258,23.164953231811523,39.260032653808594
2024-09-16,,,15.749329566955566,22.94952964782715,24.99858283996582,62.81031799316406,23.283418655395508,39.45201110839844
2024-09-17,,,15.875014305114746,22.959117889404297,25.315752029418945,63.28847122192383,23.584142684936523,39.80717849731445
2024-09-18,,,15.826675415039062,22.939945220947266,25.171585083007812,63.0302734375,23.447450637817383,39.615196228027344
2024-09-19,,,16.571115493774414,23.30422019958496,26.075031280517578,65.03851318359375,24.495433807373047,40.93986511230469
2024-09-20,,,16.58078384399414,23.37132453918457,26.094253540039062,64.9906997680664,24.386077880859375,40.949462890625
2024-09-23,,,16.754810333251953,23.45760154724121,26.6036434173584,65.81311798095703,24.81438446044922,41.54459762573242
2024-09-24,,,18.301708221435547,25.307750701904297,29.217876434326172,71.6466064453125,27.375104904174805,45.26902389526367
2024-09-25,,,17.818300247192383,24.953060150146484,28.410539627075195,70.00175476074219,26.673412322998047,44.232330322265625
2024-09-26,,,19.771257400512695,27.033281326293945,30.678770065307617,76.09342956542969,29.753568649291992,48.09114074707031
2024-09-27,,,20.57370948791504,27.75225257873535,30.91904640197754,77.50877380371094,30.920015335083008,48.94545364379883
2024-09-30,,,20.7767391204834,29.113502502441406,30.544214248657227,78.53202056884766,31.002031326293945,48.86865997314453
2024-10-01,,,21.695209503173828,29.794126510620117,31.812885284423828,81.13318634033203,32.86106491088867,50.85565948486328
2024-10-02,,,22.98106575012207,32.11400604248047,34.10033416748047,86.62239074707031,34.975250244140625,54.21532440185547
2024-10-03,,,22.284961700439453,31.65386390686035,33.158447265625,84.3368148803711,33.89992904663086,52.785064697265625
2024-10-04,,,23.097082138061523,33.35063552856445,34.32139205932617,87.97077941894531,35.002586364746094,54.71446990966797
2024-10-07,,,24.17024040222168,36.331966400146484,35.26328659057617,92.9244613647461,35.42177963256836,57.27740478515625
2024-10-08,,,21.463176727294922,30.963653564453125,32.033939361572266,82.34768676757812,31.895095825195312,51.086036682128906
2024-10-09,,,21.405162811279297,28.87384605407715,31.514938354492188,79.56483459472656,31.539691925048828,49.88615798950195
2024-10-10,,,21.405162811279297,29.094329833984375,31.928220748901367,80.14818572998047,31.612592697143555,50.250919342041016
2024-10-11,,,21.801555633544922,28.902603149414062,32.072383880615234,80.43507385253906,31.904207229614258,50.529293060302734
2024-10-14,,,20.883087158203125,28.41370391845703,31.466886520385742,78.87629699707031,31.029369354248047,49.51179504394531
2024-10-15,,,19.722915649414062,27.19624900817871,29.890655517578125,74.8789291381836,29.042762756347656,47.07364273071289
2024-10-16,,,19.819599151611328,27.455078125,30.419267654418945,76.1986312866211,29.525747299194336,47.70718002319336
2024-10-17,,,19.287853240966797,26.80320930480957,29.65037727355957,74.29557800292969,28.40485954284668,46.42090606689453
2024-10-18,,,20.070968627929688,28.212392807006836,30.91904640197754,77.4513931274414,29.6806640625,48.46549987792969
2024-10-21,,,19.829265594482422,28.087770462036133,30.505767822265625,76.65766143798828,29.352598190307617,47.8991584777832
2024-10-22,,,20.36100959777832,28.423288345336914,30.746047973632812,77.48007202148438,29.753568649291992,48.35991287231445
2024-10-23,,,20.20631980895996,28.289081573486328,30.678770065307617,76.92543029785156,29.343486785888672,48.081539154052734
2024-10-24,,,19.964618682861328,28.087770462036133,30.496158599853516,76.45683288574219,28.978973388671875,47.726375579833984
2024-10-25,,,20.13864517211914,28.298669815063477,30.48654556274414,76.781982421875,29.261472702026367,47.85116195678711
2024-10-28,,,20.660722732543945,28.480806350708008,31.015161514282227,77.8721694946289,30.1545352935791,48.53269577026367
2024-10-29,,,20.54470443725586,28.24114990234375,30.794103622436523,77.2314453125,29.90848731994629,48.06234359741211
2024-10-30,,,20.21599006652832,28.03025245666504,30.40004539489746,76.39945220947266,29.53485870361328,47.47679901123047
2024-10-31,,,19.945281982421875,28.07818603515625,30.332767486572266,76.27513122558594,29.343486785888672,47.27522277832031
2024-11-01,,,19.916278839111328,28.020666122436523,30.448102951049805,76.27513122558594,29.307037353515625,47.496002197265625
2024-11-04,,,20.322338104248047,28.461637496948242,30.630714416503906,77.04017639160156,29.65332794189453,47.85116195678711
2024-11-05,,,20.62204933166504,29.410675048828125,31.370769500732422,78.971923828125,30.318565368652344,48.983848571777344
2024-11-06,,,20.022626876831055,28.75881004333496,30.448102951049805,77.18362426757812,29.70800018310547,47.65918731689453
2024-11-07,,,21.066783905029297,30.40764808654785,32.12043762207031,81.08536529541016,31.257192611694336,50.23172378540039
2024-11-08,,,19.93561363220215,28.710878372192383,30.246267318725586,76.83935546875,29.161230087280273,47.47679901123047
2024-11-11,,,20.18698501586914,29.19977569580078,30.246267318725586,77.15493774414062,29.261472702026367,47.48640060424805
2024-11-12,,,19.43287467956543,28.64377212524414,29.131376266479492,74.79285430908203,27.93099021911621,45.94095993041992
2024-11-13,,,19.394201278686523,28.8642578125,29.092931747436523,74.75460815429688,27.785184860229492,45.844966888427734
2024-11-14,,,18.87212371826172,28.279497146606445,28.78537368774414,73.865234375,27.365991592407227,45.45140838623047
2024-11-15,,,18.9494686126709,27.99190902709961,28.977596282958984,73.76004791259766,27.57558822631836,45.480201721191406
2024-11-18,,,19.22017478942871,28.001493453979492,29.52543067932129,74.4868392944336,28.104135513305664,46.113739013671875
2024-11-19,,,19.104158401489258,28.049427032470703,29.208263397216797,74.08518981933594,27.949216842651367,45.777774810791016
2024-11-20,,,19.20083999633789,28.106943130493164,29.34282112121582,74.54421997070312,28.432199478149414,46.05614471435547
2024-11-21,,,18.959136962890625,28.18363380432129,29.169818878173828,74.17124938964844,27.97655487060547,45.68178176879883
2024-11-22,,,18.495067596435547,27.244178771972656,28.535484313964844,72.14388275146484,27.201961517333984,44.61629104614258
2024-11-25,,,18.601417541503906,27.12914276123047,28.54509735107422,72.16300964355469,27.32042694091797,44.520301818847656
2024-11-26,,,18.388721466064453,26.985349655151367,28.372095108032227,71.65616607666016,27.283977508544922,44.25152587890625
2024-11-27,,,18.833452224731445,27.73307991027832,29.131376266479492,73.6070327758789,28.177038192749023,45.345821380615234
2024-11-29,,,18.804447174072266,27.934389114379883,29.131376266479492,73.76004791259766,28.06768226623535,45.422607421875
2024-12-02,,,19.01714515686035,27.848114013671875,29.189043045043945,73.9417495727539,28.386634826660156,45.480201721191406
2024-12-03,,,19.084821701049805,27.800182342529297,29.313987731933594,74.01824951171875,28.359296798706055,45.65298843383789
2024-12-04,,,18.785110473632812,27.570114135742188,29.102542877197266,73.39664459228516,27.921876907348633,45.20183181762695
2024-12-05,,,18.814115524291992,27.771421432495117,29.189043045043945,73.88436126708984,28.04034423828125,45.48979949951172
2024-12-06,,,19.055816650390625,27.934389114379883,29.573490142822266,74.4868392944336,28.33195686340332,45.89296340942383
2024-12-09,,,20.738065719604492,29.85164451599121,32.00510787963867,80.08124542236328,31.1751766204834,49.454200744628906
2024-12-10,,,19.867937088012695,28.26991081237793,30.544214248657227,76.38033294677734,29.671552658081055,47.21762466430664
2024-12-11,,,19.722915649414062,28.164459228515625,30.255878448486328,75.9404296875,29.279699325561523,46.88166427612305
2024-12-12,,,19.780925750732422,28.24114990234375,30.275102615356445,76.06475067138672,29.31614875793457,46.891258239746094
2024-12-13,,,19.384531021118164,27.742664337158203,29.890655517578125,75.07975769042969,28.896955490112305,46.28652572631836
2024-12-16,,,19.036481857299805,27.512596130371094,29.400487899780273,73.92262268066406,28.140586853027344,45.585792541503906
2024-12-17,,,19.442543029785156,27.81049346923828,29.918476104736328,74.74504852294922,28.72027015686035,46.19329071044922
2024-12-18,,,19.055816650390625,27.536113739013672,29.31366729736328,73.55921936035156,28.069894790649414,45.3813362121582
2024-12-19,,,19.104158401489258,27.643905639648438,29.499013900756836,73.97042846679688,28.060468673706055,45.704166412353516
2024-12-20,,,19.104158401489258,27.722301483154297,29.674602508544922,74.4868392944336,28.23955535888672,46.07590103149414
2024-12-23,,,19.191171646118164,27.624309539794922,29.947742462158203,74.61554718017578,28.305538177490234,46.26176834106445
2024-12-24,,,19.394201278686523,27.977083206176758,30.328184127807617,75.27862548828125,28.3526668548584,46.672637939453125
2024-12-26,,,19.394201278686523,28.075075149536133,30.357450485229492,75.59066009521484,28.39979362487793,46.79003143310547
2024-12-27,,,19.123497009277344,28.026079177856445,30.094064712524414,75.15187072753906,28.0039119720459,46.43785858154297
2024-12-30,,,18.743112564086914,27.91828727722168,29.74288558959961,74.3230209350586,27.43836784362793,45.92916488647461
2024-12-31,,,18.70369529724121,27.340126037597656,29.69411277770996,73.9914779663086,27.560901641845703,45.841121673583984
2025-01-02,,,18.447479248046875,26.507183074951172,29.157588958740234,72.5970687866211,27.070762634277344,45.019386291503906
2025-01-03,,,18.565732955932617,26.223003387451172,29.645336151123047,72.77259063720703,27.315832138061523,45.3813362121582
2025-01-06,,,18.49675178527832,26.252403259277344,29.255138397216797,71.90473937988281,26.853971481323242,44.62807846069336
2025-01-07,,,18.467187881469727,26.458187103271484,28.89420509338379,71.4659423828125,26.69373321533203,44.25634765625
2025-01-08,,,18.398208618164062,26.340593338012695,28.786901473999023,71.02713775634766,26.580625534057617,43.95308303833008
2025-01-10,,,17.678834915161133,25.752635955810547,27.947973251342773,69.19393157958984,25.722881317138672,42.75960922241211
2025-01-13,,,17.619707107543945,25.831031799316406,28.084543228149414,69.37920379638672,25.89254379272461,42.91613006591797
2025-01-14,,,18.132137298583984,26.53658103942871,28.699106216430664,70.99787902832031,26.599475860595703,43.85525894165039
2025-01-15,,,18.220827102661133,26.516983032226562,29.089303970336914,71.59270477294922,26.94822883605957,44.32482147216797
2025-01-16,,,18.240537643432617,26.409191131591797,29.09906005859375,71.59270477294922,26.87282371520996,44.29547119140625
2025-01-17,,,18.9106388092041,26.732568740844727,29.66484832763672,72.8603515625,27.69286346435547,45.20524978637695
2025-01-21,,,19.058454513549805,26.96775245666504,29.99651527404785,73.37715911865234,27.824825286865234,45.49872970581055
2025-01-22,,,18.861364364624023,26.85015869140625,29.78190803527832,73.04562377929688,27.711713790893555,45.30308151245117
2025-01-23,,,18.743112564086914,26.908954620361328,29.81117057800293,73.11388397216797,27.749418258666992,45.244384765625
2025-01-24,,,19.265396118164062,27.232336044311523,30.552547454833984,74.70330810546875,28.786251068115234,46.359596252441406
2025-01-27,,,19.383649826049805,27.134342193603516,30.8256893157959,75.0738525390625,29.04074478149414,46.701988220214844
2025-01-28,,,19.5610294342041,27.075544357299805,31.17686653137207,75.68817901611328,29.757102966308594,47.34763717651367
2025-01-29,,,19.492048263549805,27.104942321777344,31.050052642822266,75.52239990234375,29.44605255126953,47.200897216796875
2025-01-30,,,20.024188995361328,27.19313621520996,31.79142951965332,77.2093505859375,30.59599494934082,48.35523986816406
2025-01-31,,,19.492048263549805,26.91875457763672,31.10858154296875,75.57115936279297,29.48375701904297,47.357418060302734
2025-02-03,,,19.4132137298584,26.742368698120117,30.942747116088867,75.1421127319336,29.106725692749023,47.03459548950195
2025-02-04,,,20.132587432861328,27.15393829345703,31.67437171936035,76.80955505371094,30.077579498291016,48.218284606933594
2025-02-05,,,19.501903533935547,26.663972854614258,31.147602081298828,75.66867065429688,29.46490478515625,47.40633010864258
2025-02-06,,,19.93549919128418,26.92855453491211,31.489025115966797,76.63402557373047,29.983320236206055,48.051979064941406
2025-02-07,,,20.33953094482422,27.305828094482422,31.927997589111328,77.87242889404297,30.53944206237793,48.64871597290039
2025-02-10,,,20.842105865478516,27.438119888305664,32.79619216918945,79.55936431884766,31.538570404052734,49.900882720947266
2025-02-11,,,20.526763916015625,27.24213218688965,32.52305221557617,78.73052215576172,30.935321807861328,49.441104888916016
2025-02-12,,,20.822397232055664,27.553752899169922,33.33271408081055,80.58323669433594,31.802494049072266,50.7421875
2025-02-13,,,20.98992156982422,27.536113739013672,33.322959899902344,80.48572540283203,32.368038177490234,50.722618103027344
2025-02-14,,,21.62060546875,27.977083206176758,34.181396484375,82.70897674560547,33.602813720703125,52.29761505126953
2025-02-18,,,21.482643127441406,27.555713653564453,34.43502426147461,83.23554229736328,33.583961486816406,52.81609344482422
2025-02-19,,,21.344680786132812,27.663503646850586,34.1911506652832,83.01126098632812,32.971282958984375,52.561744689941406
2025-02-20,,,21.62060546875,28.055477142333984,34.854488372802734,84.38617706298828,33.54625701904297,53.540000915527344
2025-02-21,,,22.12318229675293,28.153470993041992,35.351993560791016,85.79033660888672,34.545387268066406,54.55739212036133
2025-02-24,,,21.177156448364258,27.87908935546875,34.1716423034668,82.8552474975586,32.349185943603516,52.42478561401367
2025-02-25,,,21.374244689941406,27.81049346923828,34.513065338134766,83.40131378173828,32.4528694152832,52.88456726074219
2025-02-26,,,22.05419921875,27.92808723449707,35.54709243774414,85.15650939941406,33.21635818481445,54.1954345703125
2025-02-27,,,21.965511322021484,27.839893341064453,35.16664505004883,84.6884536743164,32.73564147949219,53.716087341308594
2025-02-28,,,21.334827423095703,27.398921966552734,34.36674118041992,82.83573913574219,31.98158073425293,52.415008544921875
2025-03-03,,,20.851961135864258,27.212736129760742,33.66437911987305,81.85088348388672,31.42546272277832,51.661746978759766
2025-03-04,,,21.10817527770996,27.408720016479492,34.181396484375,83.0502700805664,32.273780822753906,52.4345703125
2025-03-05,,,22.16259765625,27.81049346923828,35.88851547241211,86.58992767333984,34.57366180419922,54.99760437011719
2025-03-06,,,22.221723556518555,28.05057716369629,36.06410598754883,87.07748413085938,34.79988098144531,55.30086135864258
2025-03-07,,,22.507503509521484,27.87908935546875,36.05434799194336,87.02872467041016,34.86586380004883,55.271514892578125
2025-03-10,,,21.72900390625,27.52631378173828,35.0886116027832,84.7469711303711,33.376590728759766,53.598697662353516
2025-03-11,,,22.310413360595703,27.937885284423828,35.498313903808594,86.25838470458984,34.1212272644043,54.616085052490234
2025-03-12,,,22.280851364135742,27.864389419555664,35.45929718017578,85.9853515625,33.69706726074219,54.420433044433594
2025-03-13,,,22.231578826904297,27.771297454833984,35.69341278076172,86.12187194824219,33.668792724609375,54.55739212036133
2025-03-14,,,23.029788970947266,28.751230239868164,36.7371940612793,88.61815643310547,34.66791915893555,56.12260055541992
2025-03-17,,,23.709741592407227,28.61404037475586,37.60538864135742,90.34410858154297,36.091209411621094,57.3747673034668
2025-03-18,,,23.542217254638672,28.437650680541992,37.54685974121094,89.7492904663086,35.65762710571289,57.09107208251953
2025-03-19,,,23.571781158447266,28.378854751586914,37.39078140258789,89.65177917480469,35.47853469848633,57.04216003417969
2025-03-20,,,23.019933700561523,27.888887405395508,36.31773376464844,87.27250671386719,34.215484619140625,55.45738220214844
2025-03-21,,,22.389249801635742,27.604707717895508,35.664154052734375,85.80007934570312,33.53683090209961,54.439998626708984
2025-03-24,,,22.527212142944336,27.732099533081055,35.771453857421875,85.43929290771484,33.67821502685547,54.4008674621582
2025-03-25,,,22.05419921875,27.761499404907227,35.4105224609375,84.6592025756836,33.15037155151367,53.80413055419922
2025-03-26,,,22.25128746032715,27.59490966796875,35.381256103515625,84.77621459960938,33.329463958740234,53.80413055419922
2025-03-27,,,22.734153747558594,27.771297454833984,35.781211853027344,85.95610809326172,34.09294891357422,54.596519470214844
2025-03-28,,,22.03449249267578,27.51651382446289,34.961795806884766,84.10338592529297,33.02783966064453,53.383480072021484
2025-03-31,,,22.004928588867188,27.467517852783203,34.961795806884766,83.85961151123047,32.905303955078125,53.21717834472656
2025-04-01,,,22.093618392944336,27.359725952148438,34.88375473022461,84.01563262939453,33.00898742675781,53.36391067504883
2025-04-02,,,22.05419921875,27.349925994873047,34.66914367675781,83.56707763671875,32.95243453979492,52.98239517211914
2025-04-03,,,21.453081130981445,27.095142364501953,34.35698699951172,82.78699493408203,32.57540512084961,52.503047943115234
2025-04-04,,,19.82710075378418,26.02701759338379,31.937755584716797,77.49213409423828,29.512033462524414,48.912845611572266
2025-04-07,,,18.161701202392578,24.214139938354492,29.264894485473633,71.24166870117188,27.664587020874023,44.99981689453125
2025-04-08,,,17.84636116027832,24.449325561523438,28.864940643310547,70.10078430175781,26.656030654907227,44.236778259277344
2025-04-09,,,19.255542755126953,25.87022590637207,30.903728485107422,74.63505554199219,28.286685943603516,47.01502990722656
2025-04-10,,,19.166852951049805,26.105411529541016,30.786666870117188,74.30351257324219,27.919082641601562,46.936763763427734
2025-04-11,,,19.896081924438477,26.5463809967041,32.132850646972656,77.09233856201172,28.776824951171875,48.59980392456055
2025-04-14,,,20.28040313720703,26.418989181518555,32.55231475830078,78.2624740600586,29.493183135986328,49.460670471191406
2025-04-15,,,20.03404426574707,26.164209365844727,32.36697006225586,77.54088592529297,29.323518753051758,49.07914733886719
2025-04-16,,,19.4526309967041,26.379793167114258,31.625595092773438,76.1269760131836,28.437498092651367,48.09111022949219
2025-04-17,,,19.4526309967041,26.281797409057617,31.60608673095703,76.1562271118164,28.475200653076172,48.218284606933594
2025-04-21,,,19.393505096435547,26.497385025024414,31.635353088378906,76.61453247070312,28.531755447387695,48.31610870361328
2025-04-22,,,20.024188995361328,26.61497688293457,32.64011001586914,78.74027252197266,29.47433090209961,49.793277740478516
2025-04-23,,,20.44792938232422,26.6541748046875,33.00104904174805,79.62763214111328,30.17183494567871,50.53675079345703
2025-04-24,,,20.428220748901367,26.742368698120117,33.27418518066406,80.14443969726562,30.228391647338867,50.84001159667969
2025-04-25,,,20.428220748901367,26.703168869018555,33.147369384765625,79.91040802001953,30.17183494567871,50.781314849853516
2025-04-28,,,20.526763916015625,26.59537696838379,33.16687774658203,79.79339599609375,30.181262969970703,50.722618103027344
2025-04-29,,,20.526763916015625,26.59537696838379,32.971778869628906,79.54962158203125,30.332075119018555,50.55631637573242
2025-04-30,,,20.408510208129883,26.516983032226562,33.030311584472656,79.78364562988281,30.25666618347168,50.53675079345703
2025-05-01,,,20.428220748901367,26.379793167114258,32.9620246887207,79.5106201171875,30.294370651245117,50.4682731628418
2025-05-02,,,21.246137619018555,27.104942321777344,34.05458068847656,82.10440826416016,31.670530319213867,52.258480072021484
2025-05-05,,,21.236282348632812,27.144142150878906,34.015560150146484,82.17266845703125,31.708232879638672,52.238922119140625
2025-05-06,,,21.285554885864258,27.261730194091797,34.40576171875,82.89424896240234,32.028709411621094,52.77696228027344
2025-05-07,,,20.940650939941406,27.026548385620117,33.625362396240234,81.10004425048828,31.123838424682617,51.54435348510742
2025-05-08,,,21.20672035217285,27.29113006591797,34.14237594604492,82.06541442871094,31.463165283203125,52.2878303527832
2025-05-09,,,21.27570152282715,27.222536087036133,33.97654342651367,81.79237365722656,31.039005279541016,52.09217834472656
2025-05-12,,,22.192161560058594,27.87908935546875,35.15689468383789,84.4446792602539,32.763916015625,53.86282730102539
2025-05-13,,,22.064054489135742,27.771297454833984,34.8642463684082,83.97663116455078,32.688514709472656,53.51065444946289
2025-05-14,,,22.14288902282715,28.006481170654297,35.4202766418457,85.02000427246094,33.197505950927734,54.391082763671875
2025-05-15,,,21.847257614135742,27.683101654052734,34.874000549316406,83.37205505371094,32.32090759277344,53.383480072021484
2025-05-16,,,21.876821517944336,27.673303604125977,34.76669692993164,83.3623046875,32.3303337097168,53.23674011230469
2025-05-19,,,21.886672973632812,27.57530975341797,34.98130416870117,83.81085968017578,32.368038177490234,53.51065444946289
2025-05-20,,,22.113327026367188,27.712501525878906,35.371498107910156,84.50318908691406,32.339759826660156,53.99978256225586
2025-05-21,,,22.172452926635742,27.83009147644043,35.20566940307617,84.30815887451172,31.943878173828125,53.794349670410156
2025-05-22,,,22.05419921875,27.732099533081055,35.03007507324219,83.8401107788086,31.774213790893555,53.559566497802734
2025-05-23,,,22.133033752441406,27.63410758972168,35.0886116027832,83.85961151123047,31.887325286865234,53.58891296386719
2025-05-27,,,21.236282348632812,27.340126037597656,34.7276725769043,82.89424896240234,31.604549407958984,52.86500549316406
2025-05-28,,,20.851961135864258,27.271530151367188,34.376495361328125,82.05565643310547,31.312353134155273,52.170440673828125
2025-05-29,,,21.255990982055664,27.457717895507812,34.74718475341797,82.99176788330078,31.764789581298828,52.68891906738281
2025-05-30,,,20.615453720092773,27.114742279052734,34.14237594604492,81.59735107421875,30.85991859436035,51.671531677246094
2025-06-02,,,20.87166976928711,27.163738250732422,34.48379898071289,82.17266845703125,31.25579833984375,52.10196304321289
2025-06-03,,,20.920940399169922,27.398921966552734,34.825225830078125,82.8552474975586,31.208669662475586,52.59109115600586
2025-06-04,,,21.31511688232422,27.6145076751709,35.47880554199219,84.39592742919922,31.98158073425293,53.598697662353516
2025-06-05,,,21.38409996032715,27.722301483154297,35.73243713378906,84.6592025756836,32.25492858886719,53.794349670410156
2025-06-06,,,21.226428985595703,27.653703689575195,35.69341278076172,84.62995147705078,32.273780822753906,53.725868225097656
2025-06-09,,,21.581188201904297,27.732099533081055,36.15189743041992,85.63431549072266,32.99956130981445,54.31282424926758
2025-06-10,,,21.69944190979004,27.536113739013672,36.307979583740234,85.75133514404297,32.87702941894531,54.4791259765625
2025-06-11,,,21.788131713867188,27.722301483154297,36.493324279785156,86.06336975097656,32.86759948730469,54.64543151855469
2025-06-12,,,21.52206039428711,27.84969139099121,36.34699630737305,86.14137268066406,32.84874725341797,54.57695388793945
2025-06-13,,,20.960359573364258,27.58510971069336,35.68366241455078,84.71770477294922,32.04756164550781,53.579132080078125
2025-06-16,,,21.20672035217285,27.665786743164062,36.27622604370117,85.71232604980469,32.829898834228516,54.345760345458984
2025-06-17,,,20.98006820678711,27.5477237701416,35.85084915161133,84.95174407958984,32.40574264526367,53.78264236450195
2025-06-18,,,20.753416061401367,27.50836944580078,35.36610794067383,84.2009048461914,32.00043487548828,53.27880096435547
2025-06-20,,,20.26069450378418,27.473934173583984,35.13857650756836,83.43055725097656,31.387758255004883,52.8539924621582
2025-06-23,,,20.645017623901367,27.577239990234375,35.69256591796875,84.53759765625,31.717660903930664,53.47638702392578
2025-06-24,,,21.285554885864258,28.088838577270508,36.70161056518555,86.658935546875,32.67908477783203,54.89899826049805
2025-06-25,,,21.167301177978516,28.339719772338867,36.66204071044922,86.6490707397461,32.4528694152832,54.85948181152344
2025-06-26,,,20.940650939941406,28.324962615966797,36.76096725463867,86.6688003540039,32.368038177490234,54.869361877441406
2025-06-27,,,20.954526901245117,28.00029182434082,36.41472625732422,86.22480010986328,32.499996185302734,54.51370620727539
2025-06-30,,,20.92479133605957,28.246253967285156,36.36526107788086,86.3826675415039,32.358612060546875,54.43467330932617
2025-07-01,,,20.954526901245117,28.246253967285156,36.434513092041016,86.57012939453125,32.368038177490234,54.602622985839844
2025-07-02,,,20.756282806396484,28.236417770385742,36.29601287841797,86.086669921875,31.962730407714844,54.335880279541016
2025-07-03,,,20.76619529724121,28.443023681640625,35.880523681640625,85.95840454101562,31.698808670043945,54.05926513671875
2025-07-07,,,20.716632843017578,28.39383316040039,35.92009353637695,85.93866729736328,31.925025939941406,53.96046829223633
2025-07-08,,,20.97435188293457,28.649633407592773,36.29601287841797,86.77732849121094,32.50942611694336,54.46431350708008
2025-07-09,,,20.676984786987305,28.600439071655273,35.79148864746094,86.12613677978516,32.06641387939453,53.920955657958984
2025-07-10,,,20.667072296142578,28.84640121459961,36.127838134765625,86.73786926269531,32.10411834716797,54.345760345458984
2025-07-11,,,20.716632843017578,28.72834014892578,36.0882682800293,86.6688003540039,31.91560173034668,54.28648376464844
2025-07-14,,,20.835580825805664,28.920190811157227,36.51365280151367,87.42853546142578,32.31148147583008,54.87923812866211
2025-07-15,,,21.311368942260742,28.81688690185547,37.23581314086914,88.92826843261719,33.5933837890625,55.9955940246582
2025-07-16,,,21.21224594116211,28.787370681762695,37.0676383972168,88.56320190429688,33.30118942260742,55.8276481628418
2025-07-17,,,21.5195255279541,29.12187957763672,37.18634796142578,89.28346252441406,33.65936279296875,56.232696533203125
2025-07-18,,,21.73759651184082,29.249778747558594,37.651302337646484,90.04320526123047,34.140079498291016,56.75629806518555
2025-07-21,,,21.767332077026367,29.49574089050293,37.79969024658203,90.7239990234375,34.01754379272461,57.11195373535156
2025-07-22,,,22.08452606201172,29.874521255493164,38.32400131225586,91.88826751708984,34.31916809082031,57.96156311035156
2025-07-23,,,22.2133846282959,29.859764099121094,38.66035079956055,92.5,34.93184280395508,58.53456115722656
2025-07-24,,,22.10434913635254,29.958148956298828,38.48228454589844,92.65787506103516,34.48883056640625,58.46540832519531
2025-07-25,,,22.064701080322266,29.820409774780273,38.23496627807617,92.18426513671875,34.224910736083984,58.21842575073242
2025-07-28,,,21.806982040405273,29.80073356628418,38.06679153442383,92.0560073852539,33.93271255493164,57.99120330810547
2025-07-29,,,21.648386001586914,29.94831085205078,37.80958557128906,92.02639770507812,33.70649337768555,57.85289764404297
2025-07-30,,,21.24198341369629,29.751541137695312,37.374305725097656,91.03973388671875,33.1126708984375,57.190982818603516
2025-07-31,,,20.97435188293457,29.200586318969727,37.037960052490234,90.27999877929688,33.404869079589844,56.73653793334961
2025-08-01,,,20.73645782470703,29.12187957763672,36.434513092041016,89.0072021484375,32.51884841918945,55.837528228759766
2025-08-04,,,21.08338737487793,29.41703224182129,37.0676383972168,90.48719787597656,33.235206604003906,56.776058197021484
2025-08-05,,,21.00408935546875,29.68267250061035,37.23581314086914,91.1384048461914,33.46142578125,57.161346435546875
2025-08-06,,,21.301456451416016,29.840087890625,37.38420104980469,91.9178695678711,33.8950080871582,57.655311584472656
2025-08-07,,,21.311368942260742,29.810571670532227,37.334739685058594,91.67120361328125,33.800750732421875,57.49724197387695
2025-08-08,,,21.261808395385742,29.781057357788086,37.26548767089844,91.76000213623047,33.77247619628906,57.487361907958984
2025-08-11,,,21.142860412597656,29.805652618408203,36.929141998291016,91.27653503417969,33.45199966430664,57.121829986572266
2025-08-12,,,21.5195255279541,30.233625411987305,37.532588958740234,92.50987243652344,34.234336853027344,58.02083969116211
2025-08-13,,,21.89619255065918,30.509103775024414,38.67024230957031,94.9765396118164,35.469112396240234,59.8287467956543
2025-08-14,,,21.569087982177734,30.223787307739258,37.92829513549805,93.1413345336914,34.51710891723633,58.58395767211914
2025-08-15,,,21.678123474121094,30.469749450683594,37.92829513549805,93.9800033569336,35.0355224609375,58.95936965942383
2025-08-18,,,21.94575309753418,30.814096450805664,38.16572189331055,94.75946807861328,35.35599899291992,59.315025329589844
2025-08-19,,,22.034963607788086,30.51894187927246,37.80958557128906,94.07866668701172,35.00724792480469,58.87045669555664
2025-08-20,,,22.114261627197266,31.227312088012695,38.017330169677734,94.75946807861328,35.01667404174805,59.19647216796875
2025-08-21,,,22.352155685424805,31.109251022338867,37.95797348022461,94.96666717529297,35.2523193359375,59.27550506591797
2025-08-22,,,23.20461082458496,32.181644439697266,38.818634033203125,97.34453582763672,36.17604064941406,60.8265495300293
2025-08-25,,,22.94689178466797,32.378414154052734,38.719703674316406,97.38399505615234,36.29857635498047,60.796913146972656
2025-08-26,,,23.07575225830078,32.378414154052734,38.79884719848633,97.62080383300781,36.30800247192383,60.875946044921875
2025-08-27,,,22.31250762939453,31.738910675048828,37.80958557128906,95.10479736328125,35.31829833984375,59.295265197753906
2025-08-28,,,22.371980667114258,32.62437438964844,38.14593505859375,96.14080047607422,35.37485122680664,59.72007369995117
2025-08-29,,,22.689172744750977,32.92937088012695,38.4921760559082,97.23600769042969,35.987525939941406,60.5696907043457
2025-09-02,,,22.52066421508789,32.66373062133789,38.83841323852539,97.42346954345703,36.025230407714844,60.89570236206055
2025-09-03,,,22.510751724243164,32.407928466796875,38.4921760559082,97.04853820800781,36.062931060791016,60.58945083618164
2025-09-04,,,22.193559646606445,31.709396362304688,37.91840362548828,95.35147094726562,35.76130676269531,59.57188415527344
2025-09-05,,,22.59996223449707,32.486637115478516,38.48228454589844,97.15706634521484,36.23259353637695,60.60920333862305
2025-09-08,,,22.86759376525879,32.604698181152344,39.016483306884766,98.32133483886719,36.79814147949219,61.547733306884766
2025-09-09,,,23.0460147857666,32.407928466796875,39.540794372558594,99.1895980834961,37.67473602294922,62.20964431762695
2025-09-10,,,22.728822708129883,32.30954360961914,39.29347610473633,98.6765365600586,37.52392578125,61.78483581542969
2025-09-11,,,23.17487335205078,33.39177322387695,40.30252456665039,101.34053039550781,38.40052032470703,63.434669494628906
2025-09-12,,,22.86759376525879,33.05726623535156,40.05521011352539,101.03466796875,38.296836853027344,63.17781066894531
2025-09-15,,,23.065839767456055,33.263877868652344,40.34209442138672,101.35040283203125,38.58903121948242,63.652015686035156
2025-09-16,,,23.492067337036133,33.22452163696289,40.609195709228516,101.8832015991211,39.05089569091797,64.07682037353516
2025-09-17,,,23.997591018676758,33.41145324707031,41.173072814941406,103.28427124023438,40.144283294677734,65.00547790527344
2025-09-18,,,23.769609451293945,32.939205169677734,40.63887405395508,101.92266845703125,39.55046081542969,63.9681510925293
2025-09-19,,,23.819171905517578,32.909690856933594,40.490482330322266,101.41947174072266,39.32424545288086,63.661895751953125
2025-09-22,,,23.561452865600586,33.126136779785156,40.21349334716797,101.57733154296875,39.06032180786133,63.652015686035156
2025-09-23,,,23.17487335205078,32.92937088012695,39.669395446777344,100.27493286132812,38.287410736083984,62.89131164550781
2025-09-24,,,23.412769317626953,33.136959075927734,40.13434982299805,101.64640045166016,39.173431396484375,63.80020523071289
2025-09-25,,,23.561452865600586,33.33274459838867,40.233272552490234,101.93253326416016,39.28654098510742,63.978031158447266
2025-09-26,,,23.343381881713867,32.99823760986328,39.89692687988281,101.11360168457031,38.71156692504883,63.54334259033203
2025-09-29,,,23.720048904418945,33.64757537841797,40.539947509765625,102.88960266113281,39.54103469848633,64.73873138427734
2025-09-30,,,23.977767944335938,33.785316467285156,40.69822692871094,103.57040405273438,39.59758758544922,65.05487060546875
2025-10-01,,,24.146276473999023,33.8148307800293,40.93565368652344,104.17227172851562,40.00289535522461,65.45003509521484
2025-10-02,,,24.384170532226562,33.96044158935547,41.30167770385742,105.24773406982422,40.47418212890625,66.18109893798828
2025-10-03,,,24.12645149230957,33.83450698852539,40.9752197265625,104.64586639404297,40.20083999633789,65.74642181396484
2025-10-06,,,24.066978454589844,33.8148307800293,40.95543670654297,104.67546081542969,40.408203125,65.8353271484375
2025-10-07,,,23.799346923828125,33.70660400390625,40.490482330322266,103.60987091064453,39.701271057128906,65.01535034179688
2025-10-08,,,23.88855743408203,33.657413482666016,40.609195709228516,104.0736083984375,39.86151123046875,65.33148193359375
2025-10-09,,,23.353294372558594,33.883697509765625,40.07499313354492,102.58373260498047,38.966064453125,64.33368682861328
2025-10-10,,,21.97549057006836,32.388248443603516,37.91840362548828,97.10773468017578,36.213741302490234,60.64872360229492
2025-10-13,,,22.81803321838379,33.39177322387695,39.10551452636719,100.1072006225586,37.57105255126953,62.53565979003906
2025-10-14,,,22.52066421508789,33.00807571411133,38.97691345214844,99.15013122558594,36.901824951171875,61.82435607910156
2025-10-15,,,22.89733123779297,33.44097137451172,39.372615814208984,100.04800415039062,37.382537841796875,62.486263275146484
2025-10-16,,,22.86759376525879,33.47048568725586,39.560577392578125,100.09732818603516,37.26000213623047,62.63445281982422
2025-10-17,,,22.936979293823242,33.067108154296875,39.57046890258789,99.64346313476562,37.2223014831543,62.54553985595703
2025-10-20,,,23.244260787963867,33.096622467041016,40.05521011352539,100.72879791259766,38.04233932495117,63.345760345458984
2025-10-21,,,22.97662925720215,33.33274459838867,39.511112213134766,99.91973114013672,37.6558837890625,62.67396926879883
2025-10-22,,,22.81803321838379,33.31306838989258,39.313262939453125,99.39679718017578,37.19402313232422,62.268917083740234
2025-10-23,,,23.194698333740234,33.50983810424805,39.97606658935547,100.76826477050781,37.9575080871582,63.335880279541016
2025-10-24,,,23.23434829711914,33.92305374145508,40.11456298828125,101.46879577636719,38.24028015136719,63.73105239868164
2025-10-27,,,23.52180290222168,34.38546371459961,40.63887405395508,103.17573547363281,38.97549057006836,64.79800415039062
2025-10-28,,,23.25417137145996,34.38546371459961,40.421234130859375,102.5146713256836,38.702144622802734,64.33368682861328
2025-10-29,,,23.3929443359375,34.700294494628906,40.53005599975586,103.16586303710938,38.79640197753906,64.69921112060547
2025-10-30,,,23.0460147857666,34.33626937866211,39.7188606262207,101.60694122314453,37.91038131713867,63.60261535644531
2025-10-31,,,22.847768783569336,33.7459602355957,39.28358459472656,100.54133605957031,37.6558837890625,62.802398681640625
2025-11-03,,,22.699085235595703,33.82171630859375,39.40229797363281,100.53146362304688,37.6558837890625,62.78263854980469
2025-11-04,,,22.302595138549805,33.42129135131836,38.947235107421875,99.1895980834961,36.80756759643555,61.97254180908203
2025-11-05,,,22.530576705932617,33.824668884277344,39.34294128417969,100.32426452636719,37.09033966064453,62.59493637084961
2025-11-06,,,22.619787216186523,34.03127670288086,39.70896530151367,101.19253540039062,37.231727600097656,63.19757080078125
2025-11-07,,,22.401718139648438,34.041114807128906,39.511112213134766,100.77813720703125,36.73216247558594,62.841915130615234
2025-11-10,,,23.15505027770996,34.208370208740234,40.32230758666992,102.27787017822266,37.54277801513672,63.91875076293945
2025-11-11,,,23.0460147857666,33.91321563720703,40.32230758666992,101.77466583251953,37.316558837890625,63.75080490112305
2025-11-12,,,22.887418746948242,33.873863220214844,40.470699310302734,101.81414031982422,37.06206130981445,63.80020523071289
2025-11-13,,,22.718910217285156,34.080467224121094,40.21349334716797,101.71546173095703,36.58134841918945,63.6816520690918
2025-11-14,,,22.39180564880371,33.63773727416992,39.689178466796875,100.3933334350586,36.04408264160156,62.733245849609375
2025-11-17,,,22.1638240814209,33.34258270263672,39.24401092529297,99.37706756591797,35.75188446044922,62.02193832397461
2025-11-18,,,22.02505111694336,33.38193893432617,39.085731506347656,98.70613861083984,35.667049407958984,61.666282653808594
2025-11-19,,,21.688034057617188,33.33274459838867,38.69002914428711,97.94639587402344,35.158058166503906,61.162445068359375
2025-11-20,,,21.172597885131836,32.91952896118164,38.16572189331055,96.39733123779297,34.149505615234375,60.14488220214844
2025-11-21,,,21.360929489135742,32.52599334716797,38.30421447753906,96.02239990234375,34.366294860839844,60.18439483642578
2025-11-24,,,21.608736038208008,32.5751838684082,38.92744827270508,97.53199768066406,35.36542892456055,61.21183776855469
2025-11-25,,,21.767332077026367,32.968719482421875,39.17476272583008,98.054931640625,35.57279586791992,61.448944091796875
2025-11-26,,,21.70785903930664,33.047428131103516,38.947235107421875,97.71946716308594,35.34657669067383,61.162445068359375
2025-11-28,,,21.89619255065918,33.401615142822266,39.10551452636719,98.24240112304688,35.41255569458008,61.448944091796875
2025-12-01,,,21.965578079223633,33.69676971435547,39.21433639526367,98.95280456542969,35.80843734741211,61.90338897705078
2025-12-02,,,21.935840606689453,33.263877868652344,39.065948486328125,98.45946502685547,35.44083023071289,61.488460540771484
2025-12-03,,,21.668210983276367,33.214683532714844,38.7889518737793,98.03520202636719,35.00724792480469,61.132808685302734
2025-12-04,,,21.618648529052734,33.19500732421875,38.887882232666016,97.9858627319336,34.98839569091797,61.231597900390625
2025-12-05,,,21.84663200378418,33.657413482666016,39.46165084838867,99.34747314453125,35.4314079284668,61.90338897705078
2025-12-08,,,21.777244567871094,33.80499267578125,39.04616165161133,98.86399841308594,35.38427734375,61.46870040893555
2025-12-09,,,21.360929489135742,33.67217254638672,38.403141021728516,97.72933959960938,34.93184280395508,60.60920333862305
2025-12-10,,,21.57900047302246,33.785316467285156,38.67024230957031,98.1240005493164,35.05437469482422,61.06365203857422
2025-12-11,,,21.509614944458008,33.53935241699219,38.7691650390625,98.02532958984375,34.88471221923828,60.945098876953125
2025-12-12,,,21.479877471923828,33.529518127441406,38.66035079956055,97.93653869628906,34.771602630615234,60.77715301513672
2025-12-15,,,21.271718978881836,33.5,38.32400131225586,97.1373291015625,34.17778015136719,60.13500213623047
2025-12-16,,,21.202333450317383,33.196998596191406,37.959999084472656,96.15066528320312,34.074100494384766,59.70000076293945
2025-12-17,,,21.08338737487793,33.630001068115234,37.849998474121094,96.16053009033203,33.791324615478516,59.470001220703125
2025-12-18,,,21.152772903442383,33.58000183105469,38.209999084472656,96.94986724853516,34.11180114746094,59.9900016784668
2025-12-19,,,21.460052490234375,33.88999938964844,38.599998474121094,97.97600555419922,34.40399932861328,60.630001068115234
2025-12-22,,,21.70785903930664,34.2400016784668,38.630001068115234,98.51000213623047,34.7599983215332,60.88999938964844
2025-12-23,,,21.49970245361328,34.310001373291016,38.529998779296875,98.0,34.58000183105469,60.66999816894531
2025-12-24,,,21.5195255279541,34.439998626708984,38.54999923706055,98.30000305175781,34.5099983215332,60.61000061035156
2025-12-26,,,21.767332077026367,34.709999084472656,38.93000030517578,99.08999633789062,34.83000183105469,61.27000045776367
2025-12-29,,,21.57900047302246,34.369998931884766,38.470001220703125,97.16999816894531,34.470001220703125,60.369998931884766
2025-12-30,,,21.530000686645508,34.59000015258789,38.66999816894531,97.55000305175781,34.38999938964844,60.58000183105469
2025-12-31,,,21.270000457763672,34.58000183105469,38.290000915527344,96.80999755859375,34.04999923706055,60.06999969482422
2026-01-02,,,21.860000610351562,34.90999984741211,39.81999969482422,100.08000183105469,35.630001068115234,62.2400016784668
2026-01-05,,,21.829999923706055,35.209999084472656,39.93000030517578,100.7300033569336,36.45000076293945,62.66999816894531
2026-01-06,,,21.90999984741211,35.63999938964844,39.90999984741211,100.94999694824219,36.34000015258789,62.709999084472656
2026-01-07,,,21.600000381469727,35.5,39.279998779296875,100.41000366210938,35.52000045776367,61.880001068115234
2026-01-08,,,21.8700008392334,35.4900016784668,39.400001525878906,100.83999633789062,35.91999816894531,62.279998779296875
2026-01-09,,,21.649999618530273,35.83000183105469,39.349998474121094,101.08000183105469,35.83000183105469,62.220001220703125
2026-01-12,,,22.469999313354492,36.22999954223633,40.63999938964844,104.08000183105469,37.65999984741211,64.26000213623047
2026-01-13,,,21.940000534057617,35.59000015258789,40.25,103.0999984741211,36.91999816894531,63.52000045776367
2026-01-14,,,21.489999771118164,35.599998474121094,40.040000915527344,103.16999816894531,36.81999969482422,63.54999923706055
2026-01-15,,,21.59000015258789,35.869998931884766,40.0,103.1500015258789,36.380001068115234,63.59000015258789
2026-01-16,,,21.190000534057617,35.51499938964844,39.29999923706055,101.73999786376953,35.709999084472656,62.52000045776367
2026-01-20,,,21.1200008392334,35.5,38.869998931884766,100.36000061035156,34.970001220703125,61.650001525878906
2026-01-21,,,21.43000030517578,35.80500030517578,39.34000015258789,102.12999725341797,35.58000183105469,62.4900016784668
2026-01-22,,,21.610000610351562,35.779998779296875,39.47999954223633,102.66000366210938,35.88999938964844,62.779998779296875
2026-01-23,,,21.639999389648438,35.54999923706055,39.439998626708984,102.45999908447266,35.900001525878906,62.7400016784668
2026-01-26,,,21.420000076293945,35.58000183105469,39.45000076293945,102.52999877929688,35.81999969482422,62.65999984741211
2026-01-27,,,21.459999084472656,35.63999938964844,39.939998626708984,103.47000122070312,35.900001525878906,63.290000915527344
2026-01-28,,,21.450000762939453,35.52000045776367,40.5,104.1500015258789,36.09000015258789,63.90999984741211
2026-01-29,,,21.65999984741211,35.88999938964844,40.779998779296875,104.37000274658203,36.290000915527344,64.2300033569336
2026-01-30,,,21.139999389648438,35.11000061035156,39.61000061035156,102.05000305175781,35.380001068115234,62.400001525878906
2026-02-02,,,20.940000534057617,34.720001220703125,39.16999816894531,100.5999984741211,35.06999969482422,61.61000061035156
2026-02-03,,,20.889999389648438,35.0,38.720001220703125,100.33000183105469,34.41999816894531,61.06999969482422
2026-02-04,,,20.65999984741211,35.13999938964844,38.27000045776367,99.31999969482422,33.41999816894531,60.310001373291016
2026-02-05,,,20.989999771118164,34.84000015258789,38.20000076293945,98.93000030517578,33.369998931884766,60.099998474121094
2026-02-06,,,21.59000015258789,35.40999984741211,39.220001220703125,101.2300033569336,34.310001373291016,61.66999816894531
2026-02-09,,,21.510000228881836,35.81999969482422,39.400001525878906,102.02999877929688,34.34000015258789,61.970001220703125
2026-02-10,,,21.520000457763672,35.71500015258789,39.529998779296875,101.9800033569336,34.310001373291016,61.9900016784668
2026-02-11,,,21.520000457763672,35.7599983215332,39.470001220703125,102.11000061035156,34.099998474121094,61.93000030517578
2026-02-12,,,21.020000457763672,35.560001373291016,38.65999984741211,100.2300033569336,32.790000915527344,60.58000183105469
2026-02-13,,,20.959999084472656,35.36800003051758,38.33000183105469,99.91000366210938,32.790000915527344,60.349998474121094
2026-02-17,,,21.020000457763672,35.650001525878906,38.52000045776367,100.30999755859375,32.720001220703125,60.61000061035156
2026-02-18,,,21.18000030517578,35.79999923706055,38.720001220703125,100.41000366210938,32.88999938964844,60.95000076293945
2026-02-19,,,21.0,35.62200164794922,38.61000061035156,100.44000244140625,32.75,60.720001220703125
2026-02-20,,,21.149999618530273,35.790000915527344,38.810001373291016,100.91999816894531,32.70000076293945,61.0099983215332
2026-02-23,,,21.100000381469727,35.849998474121094,38.68000030517578,100.27999877929688,32.279998779296875,60.7599983215332
2026-02-24,,,21.110000610351562,35.939998626708984,38.369998931884766,100.27999877929688,32.25,60.43000030517578
2026-02-25,,,21.149999618530273,36.36000061035156,38.41999816894531,100.80999755859375,32.2400016784668,60.66999816894531
2026-02-26,,,20.59000015258789,35.959999084472656,37.38999938964844,98.56999969482422,31.459999084472656,59.22999954223633
2026-02-27,,,20.440000534057617,36.150001525878906,37.279998779296875,98.29000091552734,31.059999465942383,59.060001373291016
2026-03-02,,,20.299999237060547,36.130001068115234,36.900001525878906,98.16999816894531,30.649999618530273,58.5099983215332
2026-03-03,,,19.510000228881836,34.900001525878906,36.060001373291016,95.12000274658203,29.809999465942383,56.900001525878906
2026-03-04,,,19.59000015258789,35.290000915527344,36.209999084472656,95.2699966430664,29.989999771118164,57.130001068115234
2026-03-05,,,19.270000457763672,35.09000015258789,35.58000183105469,94.0,29.399999618530273,56.18000030517578
2026-03-06,,,19.530000686645508,34.939998626708984,35.81999969482422,94.88999938964844,29.709999084472656,56.720001220703125
2026-03-09,,,19.979999542236328,35.400001525878906,36.47999954223633,96.29000091552734,30.540000915527344,57.66999816894531
2026-03-10,,,20.0,35.619998931884766,36.59000015258789,97.61000061035156,30.989999771118164,58.70000076293945
2026-03-11,,,19.959999084472656,35.81999969482422,36.400001525878906,97.20999908447266,30.489999771118164,58.310001373291016
2026-03-12,,,19.860000610351562,35.52000045776367,36.15999984741211,96.0,30.059999465942383,57.68000030517578
2026-03-13,,,19.969999313354492,35.345001220703125,36.2400016784668,96.30999755859375,30.15999984741211,57.779998779296875
2026-03-16,,,20.239999771118164,35.43000030517578,36.880001068115234,97.0999984741211,30.639999389648438,58.70000076293945
2026-03-17,,,20.469999313354492,35.290000915527344,36.88999938964844,96.44000244140625,30.420000076293945,58.439998626708984
2026-03-18,,,19.8799991607666,34.7400016784668,36.20000076293945,94.87000274658203,29.450000762939453,57.22999954223633
2026-03-19,,,19.829999923706055,34.720001220703125,36.189998626708984,94.05999755859375,29.09000015258789,56.810001373291016
2026-03-20,,,19.3799991607666,33.849998474121094,35.15999984741211,91.62999725341797,28.229999542236328,55.209999084472656
2026-03-23,,,19.6299991607666,33.63999938964844,35.380001068115234,91.87000274658203,28.440000534057617,55.59000015258789
2026-03-24,,,19.719999313354492,33.709999084472656,35.34000015258789,91.69000244140625,28.280000686645508,55.63999938964844
2026-03-25,,,20.020000457763672,34.34000015258789,36.0,93.47000122070312,29.139999389648438,56.650001525878906
2026-03-26,,,19.489999771118164,33.599998474121094,34.93000030517578,91.06999969482422,28.200000762939453,55.040000915527344
2026-03-27,,,19.290000915527344,33.72999954223633,34.849998474121094,90.80000305175781,27.90999984741211,54.81999969482422
2026-03-30,,,19.219999313354492,33.939998626708984,35.0,91.19000244140625,27.780000686645508,54.95000076293945
2026-03-31,,,19.8799991607666,34.18000030517578,35.900001525878906,93.12000274658203,28.43000030517578,56.18000030517578
2026-04-01,,,19.799999237060547,34.2599983215332,35.560001373291016,92.7300033569336,28.299999237060547,56.0
2026-04-02,,,19.790000915527344,34.060001373291016,35.560001373291016,92.20999908447266,28.09000015258789,55.84000015258789
